event_slug,leg,token_id,timestamp,iso_time_utc,midpoint
bitcoin-up-or-down-august-27-6pm-et,UP,73321832112128753462240343031591674546766458753503906982235246998043524582875,1756113844,2025-08-25 09:24:04,0.5
bitcoin-up-or-down-august-27-6pm-et,UP,73321832112128753462240343031591674546766458753503906982235246998043524582875,1756113904,2025-08-25 09:25:04,0.5
bitcoin-up-or-down-august-27-6pm-et,UP,73321832112128753462240343031591674546766458753503906982235246998043524582875,1756113964,2025-08-25 09:26:04,0.5
bitcoin-up-or-down-august-27-6pm-et,UP,73321832112128753462240343031591674546766458753503906982235246998043524582875,1756114025,2025-08-25 09:27:05,0.5
bitcoin-up-or-down-august-27-6pm-et,UP,73321832112128753462240343031591674546766458753503906982235246998043524582875,1756114082,2025-08-25 09:28:02,0.5
bitcoin-up-or-down-august-27-6pm-et,UP,73321832112128753462240343031591674546766458753503906982235246998043524582875,1756114142,2025-08-25 09:29:02,0.5
bitcoin-up-or-down-august-27-6pm-et,UP,73321832112128753462240343031591674546766458753503906982235246998043524582875,1756114207,2025-08-25 09:30:07,0.5
bitcoin-up-or-down-august-27-6pm-et,UP,73321832112128753462240343031591674546766458753503906982235246998043524582875,1756114263,2025-08-25 09:31:03,0.5
bitcoin-up-or-down-august-27-6pm-et,UP,73321832112128753462240343031591674546766458753503906982235246998043524582875,1756114322,2025-08-25 09:32:02,0.5
bitcoin-up-or-down-august-27-6pm-et,UP,73321832112128753462240343031591674546766458753503906982235246998043524582875,1756114382,2025-08-25 09:33:02,0.5
bitcoin-up-or-down-august-27-6pm-et,UP,73321832112128753462240343031591674546766458753503906982235246998043524582875,1756114442,2025-08-25 09:34:02,0.5
bitcoin-up-or-down-august-27-6pm-et,UP,73321832112128753462240343031591674546766458753503906982235246998043524582875,1756114503,2025-08-25 09:35:03,0.5
bitcoin-up-or-down-august-27-6pm-et,UP,73321832112128753462240343031591674546766458753503906982235246998043524582875,1756114562,2025-08-25 09:36:02,0.5
bitcoin-up-or-down-august-27-6pm-et,UP,73321832112128753462240343031591674546766458753503906982235246998043524582875,1756114623,2025-08-25 09:37:03,0.5
bitcoin-up-or-down-august-27-6pm-et,UP,73321832112128753462240343031591674546766458753503906982235246998043524582875,1756114682,2025-08-25 09:38:02,0.5
bitcoin-up-or-down-august-27-6pm-et,UP,73321832112128753462240343031591674546766458753503906982235246998043524582875,1756114743,2025-08-25 09:39:03,0.5
bitcoin-up-or-down-august-27-6pm-et,UP,73321832112128753462240343031591674546766458753503906982235246998043524582875,1756114804,2025-08-25 09:40:04,0.5
bitcoin-up-or-down-august-27-6pm-et,UP,73321832112128753462240343031591674546766458753503906982235246998043524582875,1756114862,2025-08-25 09:41:02,0.5
bitcoin-up-or-down-august-27-6pm-et,UP,73321832112128753462240343031591674546766458753503906982235246998043524582875,1756114923,2025-08-25 09:42:03,0.5
bitcoin-up-or-down-august-27-6pm-et,UP,73321832112128753462240343031591674546766458753503906982235246998043524582875,1756114982,2025-08-25 09:43:02,0.5
bitcoin-up-or-down-august-27-6pm-et,UP,73321832112128753462240343031591674546766458753503906982235246998043524582875,1756115042,2025-08-25 09:44:02,0.5
bitcoin-up-or-down-august-27-6pm-et,UP,73321832112128753462240343031591674546766458753503906982235246998043524582875,1756115103,2025-08-25 09:45:03,0.5
bitcoin-up-or-down-august-27-6pm-et,UP,73321832112128753462240343031591674546766458753503906982235246998043524582875,1756115162,2025-08-25 09:46:02,0.5
bitcoin-up-or-down-august-27-6pm-et,UP,73321832112128753462240343031591674546766458753503906982235246998043524582875,1756115223,2025-08-25 09:47:03,0.5
bitcoin-up-or-down-august-27-6pm-et,UP,73321832112128753462240343031591674546766458753503906982235246998043524582875,1756115283,2025-08-25 09:48:03,0.5
bitcoin-up-or-down-august-27-6pm-et,UP,73321832112128753462240343031591674546766458753503906982235246998043524582875,1756115342,2025-08-25 09:49:02,0.5
bitcoin-up-or-down-august-27-6pm-et,UP,73321832112128753462240343031591674546766458753503906982235246998043524582875,1756115403,2025-08-25 09:50:03,0.5
bitcoin-up-or-down-august-27-6pm-et,UP,73321832112128753462240343031591674546766458753503906982235246998043524582875,1756115462,2025-08-25 09:51:02,0.5
bitcoin-up-or-down-august-27-6pm-et,UP,73321832112128753462240343031591674546766458753503906982235246998043524582875,1756115529,2025-08-25 09:52:09,0.5
bitcoin-up-or-down-august-27-6pm-et,UP,73321832112128753462240343031591674546766458753503906982235246998043524582875,1756115585,2025-08-25 09:53:05,0.5
bitcoin-up-or-down-august-27-6pm-et,UP,73321832112128753462240343031591674546766458753503906982235246998043524582875,1756115642,2025-08-25 09:54:02,0.5
bitcoin-up-or-down-august-27-6pm-et,UP,73321832112128753462240343031591674546766458753503906982235246998043524582875,1756115704,2025-08-25 09:55:04,0.5
bitcoin-up-or-down-august-27-6pm-et,UP,73321832112128753462240343031591674546766458753503906982235246998043524582875,1756115762,2025-08-25 09:56:02,0.5
bitcoin-up-or-down-august-27-6pm-et,UP,73321832112128753462240343031591674546766458753503906982235246998043524582875,1756115823,2025-08-25 09:57:03,0.5
bitcoin-up-or-down-august-27-6pm-et,UP,73321832112128753462240343031591674546766458753503906982235246998043524582875,1756115883,2025-08-25 09:58:03,0.5
bitcoin-up-or-down-august-27-6pm-et,UP,73321832112128753462240343031591674546766458753503906982235246998043524582875,1756115943,2025-08-25 09:59:03,0.5
bitcoin-up-or-down-august-27-6pm-et,UP,73321832112128753462240343031591674546766458753503906982235246998043524582875,1756116011,2025-08-25 10:00:11,0.5
bitcoin-up-or-down-august-27-6pm-et,UP,73321832112128753462240343031591674546766458753503906982235246998043524582875,1756116063,2025-08-25 10:01:03,0.5
bitcoin-up-or-down-august-27-6pm-et,UP,73321832112128753462240343031591674546766458753503906982235246998043524582875,1756116122,2025-08-25 10:02:02,0.5
bitcoin-up-or-down-august-27-6pm-et,UP,73321832112128753462240343031591674546766458753503906982235246998043524582875,1756116182,2025-08-25 10:03:02,0.5
bitcoin-up-or-down-august-27-6pm-et,UP,73321832112128753462240343031591674546766458753503906982235246998043524582875,1756116242,2025-08-25 10:04:02,0.5
bitcoin-up-or-down-august-27-6pm-et,UP,73321832112128753462240343031591674546766458753503906982235246998043524582875,1756116303,2025-08-25 10:05:03,0.5
bitcoin-up-or-down-august-27-6pm-et,UP,73321832112128753462240343031591674546766458753503906982235246998043524582875,1756116364,2025-08-25 10:06:04,0.5
bitcoin-up-or-down-august-27-6pm-et,UP,73321832112128753462240343031591674546766458753503906982235246998043524582875,1756116423,2025-08-25 10:07:03,0.5
bitcoin-up-or-down-august-27-6pm-et,UP,73321832112128753462240343031591674546766458753503906982235246998043524582875,1756116483,2025-08-25 10:08:03,0.5
bitcoin-up-or-down-august-27-6pm-et,UP,73321832112128753462240343031591674546766458753503906982235246998043524582875,1756116542,2025-08-25 10:09:02,0.5
bitcoin-up-or-down-august-27-6pm-et,UP,73321832112128753462240343031591674546766458753503906982235246998043524582875,1756116603,2025-08-25 10:10:03,0.5
bitcoin-up-or-down-august-27-6pm-et,UP,73321832112128753462240343031591674546766458753503906982235246998043524582875,1756116662,2025-08-25 10:11:02,0.5
bitcoin-up-or-down-august-27-6pm-et,UP,73321832112128753462240343031591674546766458753503906982235246998043524582875,1756116723,2025-08-25 10:12:03,0.5
bitcoin-up-or-down-august-27-6pm-et,UP,73321832112128753462240343031591674546766458753503906982235246998043524582875,1756116782,2025-08-25 10:13:02,0.5
bitcoin-up-or-down-august-27-6pm-et,UP,73321832112128753462240343031591674546766458753503906982235246998043524582875,1756116843,2025-08-25 10:14:03,0.5
bitcoin-up-or-down-august-27-6pm-et,UP,73321832112128753462240343031591674546766458753503906982235246998043524582875,1756116902,2025-08-25 10:15:02,0.5
bitcoin-up-or-down-august-27-6pm-et,UP,73321832112128753462240343031591674546766458753503906982235246998043524582875,1756116962,2025-08-25 10:16:02,0.5
bitcoin-up-or-down-august-27-6pm-et,UP,73321832112128753462240343031591674546766458753503906982235246998043524582875,1756117023,2025-08-25 10:17:03,0.5
bitcoin-up-or-down-august-27-6pm-et,UP,73321832112128753462240343031591674546766458753503906982235246998043524582875,1756117083,2025-08-25 10:18:03,0.5
bitcoin-up-or-down-august-27-6pm-et,UP,73321832112128753462240343031591674546766458753503906982235246998043524582875,1756117143,2025-08-25 10:19:03,0.5
bitcoin-up-or-down-august-27-6pm-et,UP,73321832112128753462240343031591674546766458753503906982235246998043524582875,1756117203,2025-08-25 10:20:03,0.5
bitcoin-up-or-down-august-27-6pm-et,UP,73321832112128753462240343031591674546766458753503906982235246998043524582875,1756117263,2025-08-25 10:21:03,0.5
bitcoin-up-or-down-august-27-6pm-et,UP,73321832112128753462240343031591674546766458753503906982235246998043524582875,1756117322,2025-08-25 10:22:02,0.5
bitcoin-up-or-down-august-27-6pm-et,UP,73321832112128753462240343031591674546766458753503906982235246998043524582875,1756117382,2025-08-25 10:23:02,0.5
bitcoin-up-or-down-august-27-6pm-et,UP,73321832112128753462240343031591674546766458753503906982235246998043524582875,1756117443,2025-08-25 10:24:03,0.5
bitcoin-up-or-down-august-27-6pm-et,UP,73321832112128753462240343031591674546766458753503906982235246998043524582875,1756117503,2025-08-25 10:25:03,0.5
bitcoin-up-or-down-august-27-6pm-et,UP,73321832112128753462240343031591674546766458753503906982235246998043524582875,1756117568,2025-08-25 10:26:08,0.5
bitcoin-up-or-down-august-27-6pm-et,UP,73321832112128753462240343031591674546766458753503906982235246998043524582875,1756117622,2025-08-25 10:27:02,0.5
bitcoin-up-or-down-august-27-6pm-et,UP,73321832112128753462240343031591674546766458753503906982235246998043524582875,1756117683,2025-08-25 10:28:03,0.5
bitcoin-up-or-down-august-27-6pm-et,UP,73321832112128753462240343031591674546766458753503906982235246998043524582875,1756117742,2025-08-25 10:29:02,0.5
bitcoin-up-or-down-august-27-6pm-et,UP,73321832112128753462240343031591674546766458753503906982235246998043524582875,1756117806,2025-08-25 10:30:06,0.5
bitcoin-up-or-down-august-27-6pm-et,UP,73321832112128753462240343031591674546766458753503906982235246998043524582875,1756117863,2025-08-25 10:31:03,0.5
bitcoin-up-or-down-august-27-6pm-et,UP,73321832112128753462240343031591674546766458753503906982235246998043524582875,1756117923,2025-08-25 10:32:03,0.5
bitcoin-up-or-down-august-27-6pm-et,UP,73321832112128753462240343031591674546766458753503906982235246998043524582875,1756117982,2025-08-25 10:33:02,0.5
bitcoin-up-or-down-august-27-6pm-et,UP,73321832112128753462240343031591674546766458753503906982235246998043524582875,1756118043,2025-08-25 10:34:03,0.5
bitcoin-up-or-down-august-27-6pm-et,UP,73321832112128753462240343031591674546766458753503906982235246998043524582875,1756118102,2025-08-25 10:35:02,0.5
bitcoin-up-or-down-august-27-6pm-et,UP,73321832112128753462240343031591674546766458753503906982235246998043524582875,1756118162,2025-08-25 10:36:02,0.5
bitcoin-up-or-down-august-27-6pm-et,UP,73321832112128753462240343031591674546766458753503906982235246998043524582875,1756118222,2025-08-25 10:37:02,0.5
bitcoin-up-or-down-august-27-6pm-et,UP,73321832112128753462240343031591674546766458753503906982235246998043524582875,1756118282,2025-08-25 10:38:02,0.5
bitcoin-up-or-down-august-27-6pm-et,UP,73321832112128753462240343031591674546766458753503906982235246998043524582875,1756118343,2025-08-25 10:39:03,0.5
bitcoin-up-or-down-august-27-6pm-et,UP,73321832112128753462240343031591674546766458753503906982235246998043524582875,1756118402,2025-08-25 10:40:02,0.5
bitcoin-up-or-down-august-27-6pm-et,UP,73321832112128753462240343031591674546766458753503906982235246998043524582875,1756118463,2025-08-25 10:41:03,0.5
bitcoin-up-or-down-august-27-6pm-et,UP,73321832112128753462240343031591674546766458753503906982235246998043524582875,1756118523,2025-08-25 10:42:03,0.5
bitcoin-up-or-down-august-27-6pm-et,UP,73321832112128753462240343031591674546766458753503906982235246998043524582875,1756118582,2025-08-25 10:43:02,0.5
bitcoin-up-or-down-august-27-6pm-et,UP,73321832112128753462240343031591674546766458753503906982235246998043524582875,1756118642,2025-08-25 10:44:02,0.5
bitcoin-up-or-down-august-27-6pm-et,UP,73321832112128753462240343031591674546766458753503906982235246998043524582875,1756118702,2025-08-25 10:45:02,0.5
bitcoin-up-or-down-august-27-6pm-et,UP,73321832112128753462240343031591674546766458753503906982235246998043524582875,1756118763,2025-08-25 10:46:03,0.5
bitcoin-up-or-down-august-27-6pm-et,UP,73321832112128753462240343031591674546766458753503906982235246998043524582875,1756118822,2025-08-25 10:47:02,0.5
bitcoin-up-or-down-august-27-6pm-et,UP,73321832112128753462240343031591674546766458753503906982235246998043524582875,1756118882,2025-08-25 10:48:02,0.5
bitcoin-up-or-down-august-27-6pm-et,UP,73321832112128753462240343031591674546766458753503906982235246998043524582875,1756118942,2025-08-25 10:49:02,0.5
bitcoin-up-or-down-august-27-6pm-et,UP,73321832112128753462240343031591674546766458753503906982235246998043524582875,1756119004,2025-08-25 10:50:04,0.5
bitcoin-up-or-down-august-27-6pm-et,UP,73321832112128753462240343031591674546766458753503906982235246998043524582875,1756119062,2025-08-25 10:51:02,0.5
bitcoin-up-or-down-august-27-6pm-et,UP,73321832112128753462240343031591674546766458753503906982235246998043524582875,1756119128,2025-08-25 10:52:08,0.5
bitcoin-up-or-down-august-27-6pm-et,UP,73321832112128753462240343031591674546766458753503906982235246998043524582875,1756119183,2025-08-25 10:53:03,0.5
bitcoin-up-or-down-august-27-6pm-et,UP,73321832112128753462240343031591674546766458753503906982235246998043524582875,1756119242,2025-08-25 10:54:02,0.5
bitcoin-up-or-down-august-27-6pm-et,UP,73321832112128753462240343031591674546766458753503906982235246998043524582875,1756119306,2025-08-25 10:55:06,0.5
bitcoin-up-or-down-august-27-6pm-et,UP,73321832112128753462240343031591674546766458753503906982235246998043524582875,1756119362,2025-08-25 10:56:02,0.5
bitcoin-up-or-down-august-27-6pm-et,UP,73321832112128753462240343031591674546766458753503906982235246998043524582875,1756119422,2025-08-25 10:57:02,0.5
bitcoin-up-or-down-august-27-6pm-et,UP,73321832112128753462240343031591674546766458753503906982235246998043524582875,1756119482,2025-08-25 10:58:02,0.5
bitcoin-up-or-down-august-27-6pm-et,UP,73321832112128753462240343031591674546766458753503906982235246998043524582875,1756119543,2025-08-25 10:59:03,0.5
bitcoin-up-or-down-august-27-6pm-et,UP,73321832112128753462240343031591674546766458753503906982235246998043524582875,1756119609,2025-08-25 11:00:09,0.5
bitcoin-up-or-down-august-27-6pm-et,UP,73321832112128753462240343031591674546766458753503906982235246998043524582875,1756119668,2025-08-25 11:01:08,0.5
bitcoin-up-or-down-august-27-6pm-et,UP,73321832112128753462240343031591674546766458753503906982235246998043524582875,1756119723,2025-08-25 11:02:03,0.5
bitcoin-up-or-down-august-27-6pm-et,UP,73321832112128753462240343031591674546766458753503906982235246998043524582875,1756119782,2025-08-25 11:03:02,0.5
bitcoin-up-or-down-august-27-6pm-et,UP,73321832112128753462240343031591674546766458753503906982235246998043524582875,1756119842,2025-08-25 11:04:02,0.5
bitcoin-up-or-down-august-27-6pm-et,UP,73321832112128753462240343031591674546766458753503906982235246998043524582875,1756119904,2025-08-25 11:05:04,0.5
bitcoin-up-or-down-august-27-6pm-et,UP,73321832112128753462240343031591674546766458753503906982235246998043524582875,1756119962,2025-08-25 11:06:02,0.5
bitcoin-up-or-down-august-27-6pm-et,UP,73321832112128753462240343031591674546766458753503906982235246998043524582875,1756120022,2025-08-25 11:07:02,0.5
bitcoin-up-or-down-august-27-6pm-et,UP,73321832112128753462240343031591674546766458753503906982235246998043524582875,1756120082,2025-08-25 11:08:02,0.5
bitcoin-up-or-down-august-27-6pm-et,UP,73321832112128753462240343031591674546766458753503906982235246998043524582875,1756120143,2025-08-25 11:09:03,0.5
bitcoin-up-or-down-august-27-6pm-et,UP,73321832112128753462240343031591674546766458753503906982235246998043524582875,1756120203,2025-08-25 11:10:03,0.5
bitcoin-up-or-down-august-27-6pm-et,UP,73321832112128753462240343031591674546766458753503906982235246998043524582875,1756120262,2025-08-25 11:11:02,0.5
bitcoin-up-or-down-august-27-6pm-et,UP,73321832112128753462240343031591674546766458753503906982235246998043524582875,1756120323,2025-08-25 11:12:03,0.5
bitcoin-up-or-down-august-27-6pm-et,UP,73321832112128753462240343031591674546766458753503906982235246998043524582875,1756120382,2025-08-25 11:13:02,0.5
bitcoin-up-or-down-august-27-6pm-et,UP,73321832112128753462240343031591674546766458753503906982235246998043524582875,1756120443,2025-08-25 11:14:03,0.5
bitcoin-up-or-down-august-27-6pm-et,UP,73321832112128753462240343031591674546766458753503906982235246998043524582875,1756120503,2025-08-25 11:15:03,0.5
bitcoin-up-or-down-august-27-6pm-et,UP,73321832112128753462240343031591674546766458753503906982235246998043524582875,1756120563,2025-08-25 11:16:03,0.5
bitcoin-up-or-down-august-27-6pm-et,UP,73321832112128753462240343031591674546766458753503906982235246998043524582875,1756120622,2025-08-25 11:17:02,0.5
bitcoin-up-or-down-august-27-6pm-et,UP,73321832112128753462240343031591674546766458753503906982235246998043524582875,1756120682,2025-08-25 11:18:02,0.5
bitcoin-up-or-down-august-27-6pm-et,UP,73321832112128753462240343031591674546766458753503906982235246998043524582875,1756120743,2025-08-25 11:19:03,0.5
bitcoin-up-or-down-august-27-6pm-et,UP,73321832112128753462240343031591674546766458753503906982235246998043524582875,1756120803,2025-08-25 11:20:03,0.5
bitcoin-up-or-down-august-27-6pm-et,UP,73321832112128753462240343031591674546766458753503906982235246998043524582875,1756120863,2025-08-25 11:21:03,0.5
bitcoin-up-or-down-august-27-6pm-et,UP,73321832112128753462240343031591674546766458753503906982235246998043524582875,1756120923,2025-08-25 11:22:03,0.5
bitcoin-up-or-down-august-27-6pm-et,UP,73321832112128753462240343031591674546766458753503906982235246998043524582875,1756120983,2025-08-25 11:23:03,0.5
bitcoin-up-or-down-august-27-6pm-et,UP,73321832112128753462240343031591674546766458753503906982235246998043524582875,1756121043,2025-08-25 11:24:03,0.5
bitcoin-up-or-down-august-27-6pm-et,UP,73321832112128753462240343031591674546766458753503906982235246998043524582875,1756121102,2025-08-25 11:25:02,0.5
bitcoin-up-or-down-august-27-6pm-et,UP,73321832112128753462240343031591674546766458753503906982235246998043524582875,1756121162,2025-08-25 11:26:02,0.5
bitcoin-up-or-down-august-27-6pm-et,UP,73321832112128753462240343031591674546766458753503906982235246998043524582875,1756121232,2025-08-25 11:27:12,0.5
bitcoin-up-or-down-august-27-6pm-et,UP,73321832112128753462240343031591674546766458753503906982235246998043524582875,1756121283,2025-08-25 11:28:03,0.5
bitcoin-up-or-down-august-27-6pm-et,UP,73321832112128753462240343031591674546766458753503906982235246998043524582875,1756121342,2025-08-25 11:29:02,0.5
bitcoin-up-or-down-august-27-6pm-et,UP,73321832112128753462240343031591674546766458753503906982235246998043524582875,1756121404,2025-08-25 11:30:04,0.5
bitcoin-up-or-down-august-27-6pm-et,UP,73321832112128753462240343031591674546766458753503906982235246998043524582875,1756121463,2025-08-25 11:31:03,0.5
bitcoin-up-or-down-august-27-6pm-et,UP,73321832112128753462240343031591674546766458753503906982235246998043524582875,1756121522,2025-08-25 11:32:02,0.5
bitcoin-up-or-down-august-27-6pm-et,UP,73321832112128753462240343031591674546766458753503906982235246998043524582875,1756121582,2025-08-25 11:33:02,0.5
bitcoin-up-or-down-august-27-6pm-et,UP,73321832112128753462240343031591674546766458753503906982235246998043524582875,1756121643,2025-08-25 11:34:03,0.5
bitcoin-up-or-down-august-27-6pm-et,UP,73321832112128753462240343031591674546766458753503906982235246998043524582875,1756121702,2025-08-25 11:35:02,0.5
bitcoin-up-or-down-august-27-6pm-et,UP,73321832112128753462240343031591674546766458753503906982235246998043524582875,1756121762,2025-08-25 11:36:02,0.5
bitcoin-up-or-down-august-27-6pm-et,UP,73321832112128753462240343031591674546766458753503906982235246998043524582875,1756121823,2025-08-25 11:37:03,0.5
bitcoin-up-or-down-august-27-6pm-et,UP,73321832112128753462240343031591674546766458753503906982235246998043524582875,1756121883,2025-08-25 11:38:03,0.5
bitcoin-up-or-down-august-27-6pm-et,UP,73321832112128753462240343031591674546766458753503906982235246998043524582875,1756121942,2025-08-25 11:39:02,0.5
bitcoin-up-or-down-august-27-6pm-et,UP,73321832112128753462240343031591674546766458753503906982235246998043524582875,1756122003,2025-08-25 11:40:03,0.5
bitcoin-up-or-down-august-27-6pm-et,UP,73321832112128753462240343031591674546766458753503906982235246998043524582875,1756122062,2025-08-25 11:41:02,0.5
bitcoin-up-or-down-august-27-6pm-et,UP,73321832112128753462240343031591674546766458753503906982235246998043524582875,1756122123,2025-08-25 11:42:03,0.5
bitcoin-up-or-down-august-27-6pm-et,UP,73321832112128753462240343031591674546766458753503906982235246998043524582875,1756122183,2025-08-25 11:43:03,0.5
bitcoin-up-or-down-august-27-6pm-et,UP,73321832112128753462240343031591674546766458753503906982235246998043524582875,1756122243,2025-08-25 11:44:03,0.5
bitcoin-up-or-down-august-27-6pm-et,UP,73321832112128753462240343031591674546766458753503906982235246998043524582875,1756122303,2025-08-25 11:45:03,0.5
bitcoin-up-or-down-august-27-6pm-et,UP,73321832112128753462240343031591674546766458753503906982235246998043524582875,1756122362,2025-08-25 11:46:02,0.5
bitcoin-up-or-down-august-27-6pm-et,UP,73321832112128753462240343031591674546766458753503906982235246998043524582875,1756122423,2025-08-25 11:47:03,0.5
bitcoin-up-or-down-august-27-6pm-et,UP,73321832112128753462240343031591674546766458753503906982235246998043524582875,1756122482,2025-08-25 11:48:02,0.5
bitcoin-up-or-down-august-27-6pm-et,UP,73321832112128753462240343031591674546766458753503906982235246998043524582875,1756122543,2025-08-25 11:49:03,0.5
bitcoin-up-or-down-august-27-6pm-et,UP,73321832112128753462240343031591674546766458753503906982235246998043524582875,1756122602,2025-08-25 11:50:02,0.5
bitcoin-up-or-down-august-27-6pm-et,UP,73321832112128753462240343031591674546766458753503906982235246998043524582875,1756122662,2025-08-25 11:51:02,0.5
bitcoin-up-or-down-august-27-6pm-et,UP,73321832112128753462240343031591674546766458753503906982235246998043524582875,1756122722,2025-08-25 11:52:02,0.5
bitcoin-up-or-down-august-27-6pm-et,UP,73321832112128753462240343031591674546766458753503906982235246998043524582875,1756122788,2025-08-25 11:53:08,0.5
bitcoin-up-or-down-august-27-6pm-et,UP,73321832112128753462240343031591674546766458753503906982235246998043524582875,1756122842,2025-08-25 11:54:02,0.5
bitcoin-up-or-down-august-27-6pm-et,UP,73321832112128753462240343031591674546766458753503906982235246998043524582875,1756122902,2025-08-25 11:55:02,0.5
bitcoin-up-or-down-august-27-6pm-et,UP,73321832112128753462240343031591674546766458753503906982235246998043524582875,1756122962,2025-08-25 11:56:02,0.5
bitcoin-up-or-down-august-27-6pm-et,UP,73321832112128753462240343031591674546766458753503906982235246998043524582875,1756123022,2025-08-25 11:57:02,0.5
bitcoin-up-or-down-august-27-6pm-et,UP,73321832112128753462240343031591674546766458753503906982235246998043524582875,1756123083,2025-08-25 11:58:03,0.5
bitcoin-up-or-down-august-27-6pm-et,UP,73321832112128753462240343031591674546766458753503906982235246998043524582875,1756123143,2025-08-25 11:59:03,0.5
bitcoin-up-or-down-august-27-6pm-et,UP,73321832112128753462240343031591674546766458753503906982235246998043524582875,1756123218,2025-08-25 12:00:18,0.5
bitcoin-up-or-down-august-27-6pm-et,UP,73321832112128753462240343031591674546766458753503906982235246998043524582875,1756123263,2025-08-25 12:01:03,0.5
bitcoin-up-or-down-august-27-6pm-et,UP,73321832112128753462240343031591674546766458753503906982235246998043524582875,1756123322,2025-08-25 12:02:02,0.5
bitcoin-up-or-down-august-27-6pm-et,UP,73321832112128753462240343031591674546766458753503906982235246998043524582875,1756123383,2025-08-25 12:03:03,0.5
bitcoin-up-or-down-august-27-6pm-et,UP,73321832112128753462240343031591674546766458753503906982235246998043524582875,1756123443,2025-08-25 12:04:03,0.5
bitcoin-up-or-down-august-27-6pm-et,UP,73321832112128753462240343031591674546766458753503906982235246998043524582875,1756123504,2025-08-25 12:05:04,0.5
bitcoin-up-or-down-august-27-6pm-et,UP,73321832112128753462240343031591674546766458753503906982235246998043524582875,1756123563,2025-08-25 12:06:03,0.5
bitcoin-up-or-down-august-27-6pm-et,UP,73321832112128753462240343031591674546766458753503906982235246998043524582875,1756123623,2025-08-25 12:07:03,0.5
bitcoin-up-or-down-august-27-6pm-et,UP,73321832112128753462240343031591674546766458753503906982235246998043524582875,1756123684,2025-08-25 12:08:04,0.5
bitcoin-up-or-down-august-27-6pm-et,UP,73321832112128753462240343031591674546766458753503906982235246998043524582875,1756123743,2025-08-25 12:09:03,0.5
bitcoin-up-or-down-august-27-6pm-et,UP,73321832112128753462240343031591674546766458753503906982235246998043524582875,1756123802,2025-08-25 12:10:02,0.5
bitcoin-up-or-down-august-27-6pm-et,UP,73321832112128753462240343031591674546766458753503906982235246998043524582875,1756123862,2025-08-25 12:11:02,0.5
bitcoin-up-or-down-august-27-6pm-et,UP,73321832112128753462240343031591674546766458753503906982235246998043524582875,1756123923,2025-08-25 12:12:03,0.5
bitcoin-up-or-down-august-27-6pm-et,UP,73321832112128753462240343031591674546766458753503906982235246998043524582875,1756123982,2025-08-25 12:13:02,0.5
bitcoin-up-or-down-august-27-6pm-et,UP,73321832112128753462240343031591674546766458753503906982235246998043524582875,1756124042,2025-08-25 12:14:02,0.5
bitcoin-up-or-down-august-27-6pm-et,UP,73321832112128753462240343031591674546766458753503906982235246998043524582875,1756124104,2025-08-25 12:15:04,0.5
bitcoin-up-or-down-august-27-6pm-et,UP,73321832112128753462240343031591674546766458753503906982235246998043524582875,1756124162,2025-08-25 12:16:02,0.5
bitcoin-up-or-down-august-27-6pm-et,UP,73321832112128753462240343031591674546766458753503906982235246998043524582875,1756124222,2025-08-25 12:17:02,0.5
bitcoin-up-or-down-august-27-6pm-et,UP,73321832112128753462240343031591674546766458753503906982235246998043524582875,1756124282,2025-08-25 12:18:02,0.5
bitcoin-up-or-down-august-27-6pm-et,UP,73321832112128753462240343031591674546766458753503906982235246998043524582875,1756124343,2025-08-25 12:19:03,0.5
bitcoin-up-or-down-august-27-6pm-et,UP,73321832112128753462240343031591674546766458753503906982235246998043524582875,1756124403,2025-08-25 12:20:03,0.5
bitcoin-up-or-down-august-27-6pm-et,UP,73321832112128753462240343031591674546766458753503906982235246998043524582875,1756124462,2025-08-25 12:21:02,0.5
bitcoin-up-or-down-august-27-6pm-et,UP,73321832112128753462240343031591674546766458753503906982235246998043524582875,1756124521,2025-08-25 12:22:01,0.5
bitcoin-up-or-down-august-27-6pm-et,UP,73321832112128753462240343031591674546766458753503906982235246998043524582875,1756124583,2025-08-25 12:23:03,0.5
bitcoin-up-or-down-august-27-6pm-et,UP,73321832112128753462240343031591674546766458753503906982235246998043524582875,1756124643,2025-08-25 12:24:03,0.5
bitcoin-up-or-down-august-27-6pm-et,UP,73321832112128753462240343031591674546766458753503906982235246998043524582875,1756124703,2025-08-25 12:25:03,0.5
bitcoin-up-or-down-august-27-6pm-et,UP,73321832112128753462240343031591674546766458753503906982235246998043524582875,1756124764,2025-08-25 12:26:04,0.5
bitcoin-up-or-down-august-27-6pm-et,UP,73321832112128753462240343031591674546766458753503906982235246998043524582875,1756124822,2025-08-25 12:27:02,0.5
bitcoin-up-or-down-august-27-6pm-et,UP,73321832112128753462240343031591674546766458753503906982235246998043524582875,1756124882,2025-08-25 12:28:02,0.5
bitcoin-up-or-down-august-27-6pm-et,UP,73321832112128753462240343031591674546766458753503906982235246998043524582875,1756124943,2025-08-25 12:29:03,0.5
bitcoin-up-or-down-august-27-6pm-et,UP,73321832112128753462240343031591674546766458753503906982235246998043524582875,1756125002,2025-08-25 12:30:02,0.5
bitcoin-up-or-down-august-27-6pm-et,UP,73321832112128753462240343031591674546766458753503906982235246998043524582875,1756125062,2025-08-25 12:31:02,0.5
bitcoin-up-or-down-august-27-6pm-et,UP,73321832112128753462240343031591674546766458753503906982235246998043524582875,1756125123,2025-08-25 12:32:03,0.5
bitcoin-up-or-down-august-27-6pm-et,UP,73321832112128753462240343031591674546766458753503906982235246998043524582875,1756125183,2025-08-25 12:33:03,0.5
bitcoin-up-or-down-august-27-6pm-et,UP,73321832112128753462240343031591674546766458753503906982235246998043524582875,1756125243,2025-08-25 12:34:03,0.5
bitcoin-up-or-down-august-27-6pm-et,UP,73321832112128753462240343031591674546766458753503906982235246998043524582875,1756125302,2025-08-25 12:35:02,0.5
bitcoin-up-or-down-august-27-6pm-et,UP,73321832112128753462240343031591674546766458753503906982235246998043524582875,1756125362,2025-08-25 12:36:02,0.5
bitcoin-up-or-down-august-27-6pm-et,UP,73321832112128753462240343031591674546766458753503906982235246998043524582875,1756125422,2025-08-25 12:37:02,0.5
bitcoin-up-or-down-august-27-6pm-et,UP,73321832112128753462240343031591674546766458753503906982235246998043524582875,1756125482,2025-08-25 12:38:02,0.5
bitcoin-up-or-down-august-27-6pm-et,UP,73321832112128753462240343031591674546766458753503906982235246998043524582875,1756125542,2025-08-25 12:39:02,0.5
bitcoin-up-or-down-august-27-6pm-et,UP,73321832112128753462240343031591674546766458753503906982235246998043524582875,1756125602,2025-08-25 12:40:02,0.5
bitcoin-up-or-down-august-27-6pm-et,UP,73321832112128753462240343031591674546766458753503906982235246998043524582875,1756125662,2025-08-25 12:41:02,0.5
bitcoin-up-or-down-august-27-6pm-et,UP,73321832112128753462240343031591674546766458753503906982235246998043524582875,1756125722,2025-08-25 12:42:02,0.5
bitcoin-up-or-down-august-27-6pm-et,UP,73321832112128753462240343031591674546766458753503906982235246998043524582875,1756125783,2025-08-25 12:43:03,0.5
bitcoin-up-or-down-august-27-6pm-et,UP,73321832112128753462240343031591674546766458753503906982235246998043524582875,1756125843,2025-08-25 12:44:03,0.5
bitcoin-up-or-down-august-27-6pm-et,UP,73321832112128753462240343031591674546766458753503906982235246998043524582875,1756125903,2025-08-25 12:45:03,0.5
bitcoin-up-or-down-august-27-6pm-et,UP,73321832112128753462240343031591674546766458753503906982235246998043524582875,1756125963,2025-08-25 12:46:03,0.5
bitcoin-up-or-down-august-27-6pm-et,UP,73321832112128753462240343031591674546766458753503906982235246998043524582875,1756126022,2025-08-25 12:47:02,0.5
bitcoin-up-or-down-august-27-6pm-et,UP,73321832112128753462240343031591674546766458753503906982235246998043524582875,1756126083,2025-08-25 12:48:03,0.5
bitcoin-up-or-down-august-27-6pm-et,UP,73321832112128753462240343031591674546766458753503906982235246998043524582875,1756126143,2025-08-25 12:49:03,0.5
bitcoin-up-or-down-august-27-6pm-et,UP,73321832112128753462240343031591674546766458753503906982235246998043524582875,1756126202,2025-08-25 12:50:02,0.5
bitcoin-up-or-down-august-27-6pm-et,UP,73321832112128753462240343031591674546766458753503906982235246998043524582875,1756126262,2025-08-25 12:51:02,0.5
bitcoin-up-or-down-august-27-6pm-et,UP,73321832112128753462240343031591674546766458753503906982235246998043524582875,1756126322,2025-08-25 12:52:02,0.5
bitcoin-up-or-down-august-27-6pm-et,UP,73321832112128753462240343031591674546766458753503906982235246998043524582875,1756126382,2025-08-25 12:53:02,0.5
bitcoin-up-or-down-august-27-6pm-et,UP,73321832112128753462240343031591674546766458753503906982235246998043524582875,1756126443,2025-08-25 12:54:03,0.5
bitcoin-up-or-down-august-27-6pm-et,UP,73321832112128753462240343031591674546766458753503906982235246998043524582875,1756126503,2025-08-25 12:55:03,0.5
bitcoin-up-or-down-august-27-6pm-et,UP,73321832112128753462240343031591674546766458753503906982235246998043524582875,1756126563,2025-08-25 12:56:03,0.5
bitcoin-up-or-down-august-27-6pm-et,UP,73321832112128753462240343031591674546766458753503906982235246998043524582875,1756126622,2025-08-25 12:57:02,0.5
bitcoin-up-or-down-august-27-6pm-et,UP,73321832112128753462240343031591674546766458753503906982235246998043524582875,1756126682,2025-08-25 12:58:02,0.5
bitcoin-up-or-down-august-27-6pm-et,UP,73321832112128753462240343031591674546766458753503906982235246998043524582875,1756126742,2025-08-25 12:59:02,0.5
bitcoin-up-or-down-august-27-6pm-et,UP,73321832112128753462240343031591674546766458753503906982235246998043524582875,1756126808,2025-08-25 13:00:08,0.5
bitcoin-up-or-down-august-27-6pm-et,UP,73321832112128753462240343031591674546766458753503906982235246998043524582875,1756126862,2025-08-25 13:01:02,0.5
bitcoin-up-or-down-august-27-6pm-et,UP,73321832112128753462240343031591674546766458753503906982235246998043524582875,1756126924,2025-08-25 13:02:04,0.5
bitcoin-up-or-down-august-27-6pm-et,UP,73321832112128753462240343031591674546766458753503906982235246998043524582875,1756126983,2025-08-25 13:03:03,0.5
bitcoin-up-or-down-august-27-6pm-et,UP,73321832112128753462240343031591674546766458753503906982235246998043524582875,1756127043,2025-08-25 13:04:03,0.5
bitcoin-up-or-down-august-27-6pm-et,UP,73321832112128753462240343031591674546766458753503906982235246998043524582875,1756127102,2025-08-25 13:05:02,0.5
bitcoin-up-or-down-august-27-6pm-et,UP,73321832112128753462240343031591674546766458753503906982235246998043524582875,1756127163,2025-08-25 13:06:03,0.5
bitcoin-up-or-down-august-27-6pm-et,UP,73321832112128753462240343031591674546766458753503906982235246998043524582875,1756127223,2025-08-25 13:07:03,0.5
bitcoin-up-or-down-august-27-6pm-et,UP,73321832112128753462240343031591674546766458753503906982235246998043524582875,1756127282,2025-08-25 13:08:02,0.5
bitcoin-up-or-down-august-27-6pm-et,UP,73321832112128753462240343031591674546766458753503906982235246998043524582875,1756127343,2025-08-25 13:09:03,0.5
bitcoin-up-or-down-august-27-6pm-et,UP,73321832112128753462240343031591674546766458753503906982235246998043524582875,1756127402,2025-08-25 13:10:02,0.5
bitcoin-up-or-down-august-27-6pm-et,UP,73321832112128753462240343031591674546766458753503906982235246998043524582875,1756127463,2025-08-25 13:11:03,0.5
bitcoin-up-or-down-august-27-6pm-et,UP,73321832112128753462240343031591674546766458753503906982235246998043524582875,1756127523,2025-08-25 13:12:03,0.5
bitcoin-up-or-down-august-27-6pm-et,UP,73321832112128753462240343031591674546766458753503906982235246998043524582875,1756127583,2025-08-25 13:13:03,0.5
bitcoin-up-or-down-august-27-6pm-et,UP,73321832112128753462240343031591674546766458753503906982235246998043524582875,1756127642,2025-08-25 13:14:02,0.5
bitcoin-up-or-down-august-27-6pm-et,UP,73321832112128753462240343031591674546766458753503906982235246998043524582875,1756127702,2025-08-25 13:15:02,0.5
bitcoin-up-or-down-august-27-6pm-et,UP,73321832112128753462240343031591674546766458753503906982235246998043524582875,1756127762,2025-08-25 13:16:02,0.5
bitcoin-up-or-down-august-27-6pm-et,UP,73321832112128753462240343031591674546766458753503906982235246998043524582875,1756127822,2025-08-25 13:17:02,0.5
bitcoin-up-or-down-august-27-6pm-et,UP,73321832112128753462240343031591674546766458753503906982235246998043524582875,1756127883,2025-08-25 13:18:03,0.5
bitcoin-up-or-down-august-27-6pm-et,UP,73321832112128753462240343031591674546766458753503906982235246998043524582875,1756127942,2025-08-25 13:19:02,0.5
bitcoin-up-or-down-august-27-6pm-et,UP,73321832112128753462240343031591674546766458753503906982235246998043524582875,1756128004,2025-08-25 13:20:04,0.5
bitcoin-up-or-down-august-27-6pm-et,UP,73321832112128753462240343031591674546766458753503906982235246998043524582875,1756128064,2025-08-25 13:21:04,0.5
bitcoin-up-or-down-august-27-6pm-et,UP,73321832112128753462240343031591674546766458753503906982235246998043524582875,1756128123,2025-08-25 13:22:03,0.5
bitcoin-up-or-down-august-27-6pm-et,UP,73321832112128753462240343031591674546766458753503906982235246998043524582875,1756128182,2025-08-25 13:23:02,0.5
bitcoin-up-or-down-august-27-6pm-et,UP,73321832112128753462240343031591674546766458753503906982235246998043524582875,1756128242,2025-08-25 13:24:02,0.5
bitcoin-up-or-down-august-27-6pm-et,UP,73321832112128753462240343031591674546766458753503906982235246998043524582875,1756128304,2025-08-25 13:25:04,0.5
bitcoin-up-or-down-august-27-6pm-et,UP,73321832112128753462240343031591674546766458753503906982235246998043524582875,1756128363,2025-08-25 13:26:03,0.5
bitcoin-up-or-down-august-27-6pm-et,UP,73321832112128753462240343031591674546766458753503906982235246998043524582875,1756128423,2025-08-25 13:27:03,0.5
bitcoin-up-or-down-august-27-6pm-et,UP,73321832112128753462240343031591674546766458753503906982235246998043524582875,1756128483,2025-08-25 13:28:03,0.5
bitcoin-up-or-down-august-27-6pm-et,UP,73321832112128753462240343031591674546766458753503906982235246998043524582875,1756128542,2025-08-25 13:29:02,0.5
bitcoin-up-or-down-august-27-6pm-et,UP,73321832112128753462240343031591674546766458753503906982235246998043524582875,1756128604,2025-08-25 13:30:04,0.5
bitcoin-up-or-down-august-27-6pm-et,UP,73321832112128753462240343031591674546766458753503906982235246998043524582875,1756128662,2025-08-25 13:31:02,0.5
bitcoin-up-or-down-august-27-6pm-et,UP,73321832112128753462240343031591674546766458753503906982235246998043524582875,1756128723,2025-08-25 13:32:03,0.5
bitcoin-up-or-down-august-27-6pm-et,UP,73321832112128753462240343031591674546766458753503906982235246998043524582875,1756128783,2025-08-25 13:33:03,0.5
bitcoin-up-or-down-august-27-6pm-et,UP,73321832112128753462240343031591674546766458753503906982235246998043524582875,1756128842,2025-08-25 13:34:02,0.5
bitcoin-up-or-down-august-27-6pm-et,UP,73321832112128753462240343031591674546766458753503906982235246998043524582875,1756128902,2025-08-25 13:35:02,0.5
bitcoin-up-or-down-august-27-6pm-et,UP,73321832112128753462240343031591674546766458753503906982235246998043524582875,1756128963,2025-08-25 13:36:03,0.5
bitcoin-up-or-down-august-27-6pm-et,UP,73321832112128753462240343031591674546766458753503906982235246998043524582875,1756129023,2025-08-25 13:37:03,0.5
bitcoin-up-or-down-august-27-6pm-et,UP,73321832112128753462240343031591674546766458753503906982235246998043524582875,1756129082,2025-08-25 13:38:02,0.5
bitcoin-up-or-down-august-27-6pm-et,UP,73321832112128753462240343031591674546766458753503906982235246998043524582875,1756129142,2025-08-25 13:39:02,0.5
bitcoin-up-or-down-august-27-6pm-et,UP,73321832112128753462240343031591674546766458753503906982235246998043524582875,1756129203,2025-08-25 13:40:03,0.5
bitcoin-up-or-down-august-27-6pm-et,UP,73321832112128753462240343031591674546766458753503906982235246998043524582875,1756129263,2025-08-25 13:41:03,0.5
bitcoin-up-or-down-august-27-6pm-et,UP,73321832112128753462240343031591674546766458753503906982235246998043524582875,1756129323,2025-08-25 13:42:03,0.5
bitcoin-up-or-down-august-27-6pm-et,UP,73321832112128753462240343031591674546766458753503906982235246998043524582875,1756129383,2025-08-25 13:43:03,0.5
bitcoin-up-or-down-august-27-6pm-et,UP,73321832112128753462240343031591674546766458753503906982235246998043524582875,1756129443,2025-08-25 13:44:03,0.5
bitcoin-up-or-down-august-27-6pm-et,UP,73321832112128753462240343031591674546766458753503906982235246998043524582875,1756129505,2025-08-25 13:45:05,0.5
bitcoin-up-or-down-august-27-6pm-et,UP,73321832112128753462240343031591674546766458753503906982235246998043524582875,1756129562,2025-08-25 13:46:02,0.5
bitcoin-up-or-down-august-27-6pm-et,UP,73321832112128753462240343031591674546766458753503906982235246998043524582875,1756129622,2025-08-25 13:47:02,0.5
bitcoin-up-or-down-august-27-6pm-et,UP,73321832112128753462240343031591674546766458753503906982235246998043524582875,1756129682,2025-08-25 13:48:02,0.5
bitcoin-up-or-down-august-27-6pm-et,UP,73321832112128753462240343031591674546766458753503906982235246998043524582875,1756129743,2025-08-25 13:49:03,0.5
bitcoin-up-or-down-august-27-6pm-et,UP,73321832112128753462240343031591674546766458753503906982235246998043524582875,1756129804,2025-08-25 13:50:04,0.5
bitcoin-up-or-down-august-27-6pm-et,UP,73321832112128753462240343031591674546766458753503906982235246998043524582875,1756129863,2025-08-25 13:51:03,0.5
bitcoin-up-or-down-august-27-6pm-et,UP,73321832112128753462240343031591674546766458753503906982235246998043524582875,1756129926,2025-08-25 13:52:06,0.5
bitcoin-up-or-down-august-27-6pm-et,UP,73321832112128753462240343031591674546766458753503906982235246998043524582875,1756129983,2025-08-25 13:53:03,0.5
bitcoin-up-or-down-august-27-6pm-et,UP,73321832112128753462240343031591674546766458753503906982235246998043524582875,1756130042,2025-08-25 13:54:02,0.5
bitcoin-up-or-down-august-27-6pm-et,UP,73321832112128753462240343031591674546766458753503906982235246998043524582875,1756130104,2025-08-25 13:55:04,0.5
bitcoin-up-or-down-august-27-6pm-et,UP,73321832112128753462240343031591674546766458753503906982235246998043524582875,1756130163,2025-08-25 13:56:03,0.5
bitcoin-up-or-down-august-27-6pm-et,UP,73321832112128753462240343031591674546766458753503906982235246998043524582875,1756130223,2025-08-25 13:57:03,0.5
bitcoin-up-or-down-august-27-6pm-et,UP,73321832112128753462240343031591674546766458753503906982235246998043524582875,1756130282,2025-08-25 13:58:02,0.5
bitcoin-up-or-down-august-27-6pm-et,UP,73321832112128753462240343031591674546766458753503906982235246998043524582875,1756130342,2025-08-25 13:59:02,0.5
bitcoin-up-or-down-august-27-6pm-et,UP,73321832112128753462240343031591674546766458753503906982235246998043524582875,1756130410,2025-08-25 14:00:10,0.5
bitcoin-up-or-down-august-27-6pm-et,UP,73321832112128753462240343031591674546766458753503906982235246998043524582875,1756130462,2025-08-25 14:01:02,0.5
bitcoin-up-or-down-august-27-6pm-et,UP,73321832112128753462240343031591674546766458753503906982235246998043524582875,1756130522,2025-08-25 14:02:02,0.5
bitcoin-up-or-down-august-27-6pm-et,UP,73321832112128753462240343031591674546766458753503906982235246998043524582875,1756130583,2025-08-25 14:03:03,0.5
bitcoin-up-or-down-august-27-6pm-et,UP,73321832112128753462240343031591674546766458753503906982235246998043524582875,1756130642,2025-08-25 14:04:02,0.5
bitcoin-up-or-down-august-27-6pm-et,UP,73321832112128753462240343031591674546766458753503906982235246998043524582875,1756130705,2025-08-25 14:05:05,0.5
bitcoin-up-or-down-august-27-6pm-et,UP,73321832112128753462240343031591674546766458753503906982235246998043524582875,1756130763,2025-08-25 14:06:03,0.5
bitcoin-up-or-down-august-27-6pm-et,UP,73321832112128753462240343031591674546766458753503906982235246998043524582875,1756130822,2025-08-25 14:07:02,0.5
bitcoin-up-or-down-august-27-6pm-et,UP,73321832112128753462240343031591674546766458753503906982235246998043524582875,1756130882,2025-08-25 14:08:02,0.5
bitcoin-up-or-down-august-27-6pm-et,UP,73321832112128753462240343031591674546766458753503906982235246998043524582875,1756130942,2025-08-25 14:09:02,0.5
bitcoin-up-or-down-august-27-6pm-et,UP,73321832112128753462240343031591674546766458753503906982235246998043524582875,1756131002,2025-08-25 14:10:02,0.5
bitcoin-up-or-down-august-27-6pm-et,UP,73321832112128753462240343031591674546766458753503906982235246998043524582875,1756131063,2025-08-25 14:11:03,0.5
bitcoin-up-or-down-august-27-6pm-et,UP,73321832112128753462240343031591674546766458753503906982235246998043524582875,1756131123,2025-08-25 14:12:03,0.5
bitcoin-up-or-down-august-27-6pm-et,UP,73321832112128753462240343031591674546766458753503906982235246998043524582875,1756131183,2025-08-25 14:13:03,0.5
bitcoin-up-or-down-august-27-6pm-et,UP,73321832112128753462240343031591674546766458753503906982235246998043524582875,1756131242,2025-08-25 14:14:02,0.5
bitcoin-up-or-down-august-27-6pm-et,UP,73321832112128753462240343031591674546766458753503906982235246998043524582875,1756131302,2025-08-25 14:15:02,0.5
bitcoin-up-or-down-august-27-6pm-et,UP,73321832112128753462240343031591674546766458753503906982235246998043524582875,1756131362,2025-08-25 14:16:02,0.5
bitcoin-up-or-down-august-27-6pm-et,UP,73321832112128753462240343031591674546766458753503906982235246998043524582875,1756131423,2025-08-25 14:17:03,0.5
bitcoin-up-or-down-august-27-6pm-et,UP,73321832112128753462240343031591674546766458753503906982235246998043524582875,1756131483,2025-08-25 14:18:03,0.5
bitcoin-up-or-down-august-27-6pm-et,UP,73321832112128753462240343031591674546766458753503906982235246998043524582875,1756131543,2025-08-25 14:19:03,0.5
bitcoin-up-or-down-august-27-6pm-et,UP,73321832112128753462240343031591674546766458753503906982235246998043524582875,1756131604,2025-08-25 14:20:04,0.5
bitcoin-up-or-down-august-27-6pm-et,UP,73321832112128753462240343031591674546766458753503906982235246998043524582875,1756131663,2025-08-25 14:21:03,0.5
bitcoin-up-or-down-august-27-6pm-et,UP,73321832112128753462240343031591674546766458753503906982235246998043524582875,1756131722,2025-08-25 14:22:02,0.5
bitcoin-up-or-down-august-27-6pm-et,UP,73321832112128753462240343031591674546766458753503906982235246998043524582875,1756131782,2025-08-25 14:23:02,0.5
bitcoin-up-or-down-august-27-6pm-et,UP,73321832112128753462240343031591674546766458753503906982235246998043524582875,1756131843,2025-08-25 14:24:03,0.5
bitcoin-up-or-down-august-27-6pm-et,UP,73321832112128753462240343031591674546766458753503906982235246998043524582875,1756131903,2025-08-25 14:25:03,0.5
bitcoin-up-or-down-august-27-6pm-et,UP,73321832112128753462240343031591674546766458753503906982235246998043524582875,1756131962,2025-08-25 14:26:02,0.5
bitcoin-up-or-down-august-27-6pm-et,UP,73321832112128753462240343031591674546766458753503906982235246998043524582875,1756132026,2025-08-25 14:27:06,0.5
bitcoin-up-or-down-august-27-6pm-et,UP,73321832112128753462240343031591674546766458753503906982235246998043524582875,1756132083,2025-08-25 14:28:03,0.5
bitcoin-up-or-down-august-27-6pm-et,UP,73321832112128753462240343031591674546766458753503906982235246998043524582875,1756132143,2025-08-25 14:29:03,0.5
bitcoin-up-or-down-august-27-6pm-et,UP,73321832112128753462240343031591674546766458753503906982235246998043524582875,1756132202,2025-08-25 14:30:02,0.5
bitcoin-up-or-down-august-27-6pm-et,UP,73321832112128753462240343031591674546766458753503906982235246998043524582875,1756132263,2025-08-25 14:31:03,0.5
bitcoin-up-or-down-august-27-6pm-et,UP,73321832112128753462240343031591674546766458753503906982235246998043524582875,1756132323,2025-08-25 14:32:03,0.5
bitcoin-up-or-down-august-27-6pm-et,UP,73321832112128753462240343031591674546766458753503906982235246998043524582875,1756132383,2025-08-25 14:33:03,0.5
bitcoin-up-or-down-august-27-6pm-et,UP,73321832112128753462240343031591674546766458753503906982235246998043524582875,1756132442,2025-08-25 14:34:02,0.5
bitcoin-up-or-down-august-27-6pm-et,UP,73321832112128753462240343031591674546766458753503906982235246998043524582875,1756132503,2025-08-25 14:35:03,0.5
bitcoin-up-or-down-august-27-6pm-et,UP,73321832112128753462240343031591674546766458753503906982235246998043524582875,1756132562,2025-08-25 14:36:02,0.5
bitcoin-up-or-down-august-27-6pm-et,UP,73321832112128753462240343031591674546766458753503906982235246998043524582875,1756132623,2025-08-25 14:37:03,0.5
bitcoin-up-or-down-august-27-6pm-et,UP,73321832112128753462240343031591674546766458753503906982235246998043524582875,1756132682,2025-08-25 14:38:02,0.5
bitcoin-up-or-down-august-27-6pm-et,UP,73321832112128753462240343031591674546766458753503906982235246998043524582875,1756132743,2025-08-25 14:39:03,0.5
bitcoin-up-or-down-august-27-6pm-et,UP,73321832112128753462240343031591674546766458753503906982235246998043524582875,1756132804,2025-08-25 14:40:04,0.5
bitcoin-up-or-down-august-27-6pm-et,UP,73321832112128753462240343031591674546766458753503906982235246998043524582875,1756132863,2025-08-25 14:41:03,0.5
bitcoin-up-or-down-august-27-6pm-et,UP,73321832112128753462240343031591674546766458753503906982235246998043524582875,1756132923,2025-08-25 14:42:03,0.5
bitcoin-up-or-down-august-27-6pm-et,UP,73321832112128753462240343031591674546766458753503906982235246998043524582875,1756132983,2025-08-25 14:43:03,0.5
bitcoin-up-or-down-august-27-6pm-et,UP,73321832112128753462240343031591674546766458753503906982235246998043524582875,1756133043,2025-08-25 14:44:03,0.5
bitcoin-up-or-down-august-27-6pm-et,UP,73321832112128753462240343031591674546766458753503906982235246998043524582875,1756133104,2025-08-25 14:45:04,0.5
bitcoin-up-or-down-august-27-6pm-et,UP,73321832112128753462240343031591674546766458753503906982235246998043524582875,1756133162,2025-08-25 14:46:02,0.5
bitcoin-up-or-down-august-27-6pm-et,UP,73321832112128753462240343031591674546766458753503906982235246998043524582875,1756133222,2025-08-25 14:47:02,0.5
bitcoin-up-or-down-august-27-6pm-et,UP,73321832112128753462240343031591674546766458753503906982235246998043524582875,1756133283,2025-08-25 14:48:03,0.5
bitcoin-up-or-down-august-27-6pm-et,UP,73321832112128753462240343031591674546766458753503906982235246998043524582875,1756133342,2025-08-25 14:49:02,0.5
bitcoin-up-or-down-august-27-6pm-et,UP,73321832112128753462240343031591674546766458753503906982235246998043524582875,1756133402,2025-08-25 14:50:02,0.5
bitcoin-up-or-down-august-27-6pm-et,UP,73321832112128753462240343031591674546766458753503906982235246998043524582875,1756133462,2025-08-25 14:51:02,0.5
bitcoin-up-or-down-august-27-6pm-et,UP,73321832112128753462240343031591674546766458753503906982235246998043524582875,1756133527,2025-08-25 14:52:07,0.5
bitcoin-up-or-down-august-27-6pm-et,UP,73321832112128753462240343031591674546766458753503906982235246998043524582875,1756133583,2025-08-25 14:53:03,0.5
bitcoin-up-or-down-august-27-6pm-et,UP,73321832112128753462240343031591674546766458753503906982235246998043524582875,1756133643,2025-08-25 14:54:03,0.5
bitcoin-up-or-down-august-27-6pm-et,UP,73321832112128753462240343031591674546766458753503906982235246998043524582875,1756133703,2025-08-25 14:55:03,0.5
bitcoin-up-or-down-august-27-6pm-et,UP,73321832112128753462240343031591674546766458753503906982235246998043524582875,1756133762,2025-08-25 14:56:02,0.5
bitcoin-up-or-down-august-27-6pm-et,UP,73321832112128753462240343031591674546766458753503906982235246998043524582875,1756133823,2025-08-25 14:57:03,0.5
bitcoin-up-or-down-august-27-6pm-et,UP,73321832112128753462240343031591674546766458753503906982235246998043524582875,1756133884,2025-08-25 14:58:04,0.5
bitcoin-up-or-down-august-27-6pm-et,UP,73321832112128753462240343031591674546766458753503906982235246998043524582875,1756133942,2025-08-25 14:59:02,0.5
bitcoin-up-or-down-august-27-6pm-et,UP,73321832112128753462240343031591674546766458753503906982235246998043524582875,1756134016,2025-08-25 15:00:16,0.5
bitcoin-up-or-down-august-27-6pm-et,UP,73321832112128753462240343031591674546766458753503906982235246998043524582875,1756134063,2025-08-25 15:01:03,0.5
bitcoin-up-or-down-august-27-6pm-et,UP,73321832112128753462240343031591674546766458753503906982235246998043524582875,1756134122,2025-08-25 15:02:02,0.5
bitcoin-up-or-down-august-27-6pm-et,UP,73321832112128753462240343031591674546766458753503906982235246998043524582875,1756134183,2025-08-25 15:03:03,0.5
bitcoin-up-or-down-august-27-6pm-et,UP,73321832112128753462240343031591674546766458753503906982235246998043524582875,1756134242,2025-08-25 15:04:02,0.5
bitcoin-up-or-down-august-27-6pm-et,UP,73321832112128753462240343031591674546766458753503906982235246998043524582875,1756134305,2025-08-25 15:05:05,0.5
bitcoin-up-or-down-august-27-6pm-et,UP,73321832112128753462240343031591674546766458753503906982235246998043524582875,1756134363,2025-08-25 15:06:03,0.5
bitcoin-up-or-down-august-27-6pm-et,UP,73321832112128753462240343031591674546766458753503906982235246998043524582875,1756134423,2025-08-25 15:07:03,0.5
bitcoin-up-or-down-august-27-6pm-et,UP,73321832112128753462240343031591674546766458753503906982235246998043524582875,1756134482,2025-08-25 15:08:02,0.5
bitcoin-up-or-down-august-27-6pm-et,UP,73321832112128753462240343031591674546766458753503906982235246998043524582875,1756134544,2025-08-25 15:09:04,0.5
bitcoin-up-or-down-august-27-6pm-et,UP,73321832112128753462240343031591674546766458753503906982235246998043524582875,1756134604,2025-08-25 15:10:04,0.5
bitcoin-up-or-down-august-27-6pm-et,UP,73321832112128753462240343031591674546766458753503906982235246998043524582875,1756134662,2025-08-25 15:11:02,0.5
bitcoin-up-or-down-august-27-6pm-et,UP,73321832112128753462240343031591674546766458753503906982235246998043524582875,1756134722,2025-08-25 15:12:02,0.5
bitcoin-up-or-down-august-27-6pm-et,UP,73321832112128753462240343031591674546766458753503906982235246998043524582875,1756134783,2025-08-25 15:13:03,0.5
bitcoin-up-or-down-august-27-6pm-et,UP,73321832112128753462240343031591674546766458753503906982235246998043524582875,1756134843,2025-08-25 15:14:03,0.5
bitcoin-up-or-down-august-27-6pm-et,UP,73321832112128753462240343031591674546766458753503906982235246998043524582875,1756134902,2025-08-25 15:15:02,0.5
bitcoin-up-or-down-august-27-6pm-et,UP,73321832112128753462240343031591674546766458753503906982235246998043524582875,1756134964,2025-08-25 15:16:04,0.5
bitcoin-up-or-down-august-27-6pm-et,UP,73321832112128753462240343031591674546766458753503906982235246998043524582875,1756135023,2025-08-25 15:17:03,0.5
bitcoin-up-or-down-august-27-6pm-et,UP,73321832112128753462240343031591674546766458753503906982235246998043524582875,1756135083,2025-08-25 15:18:03,0.5
bitcoin-up-or-down-august-27-6pm-et,UP,73321832112128753462240343031591674546766458753503906982235246998043524582875,1756135143,2025-08-25 15:19:03,0.5
bitcoin-up-or-down-august-27-6pm-et,UP,73321832112128753462240343031591674546766458753503906982235246998043524582875,1756135203,2025-08-25 15:20:03,0.5
bitcoin-up-or-down-august-27-6pm-et,UP,73321832112128753462240343031591674546766458753503906982235246998043524582875,1756135263,2025-08-25 15:21:03,0.5
bitcoin-up-or-down-august-27-6pm-et,UP,73321832112128753462240343031591674546766458753503906982235246998043524582875,1756135322,2025-08-25 15:22:02,0.5
bitcoin-up-or-down-august-27-6pm-et,UP,73321832112128753462240343031591674546766458753503906982235246998043524582875,1756135382,2025-08-25 15:23:02,0.5
bitcoin-up-or-down-august-27-6pm-et,UP,73321832112128753462240343031591674546766458753503906982235246998043524582875,1756135443,2025-08-25 15:24:03,0.5
bitcoin-up-or-down-august-27-6pm-et,UP,73321832112128753462240343031591674546766458753503906982235246998043524582875,1756135503,2025-08-25 15:25:03,0.5
bitcoin-up-or-down-august-27-6pm-et,UP,73321832112128753462240343031591674546766458753503906982235246998043524582875,1756135563,2025-08-25 15:26:03,0.5
bitcoin-up-or-down-august-27-6pm-et,UP,73321832112128753462240343031591674546766458753503906982235246998043524582875,1756135622,2025-08-25 15:27:02,0.5
bitcoin-up-or-down-august-27-6pm-et,UP,73321832112128753462240343031591674546766458753503906982235246998043524582875,1756135683,2025-08-25 15:28:03,0.5
bitcoin-up-or-down-august-27-6pm-et,UP,73321832112128753462240343031591674546766458753503906982235246998043524582875,1756135742,2025-08-25 15:29:02,0.5
bitcoin-up-or-down-august-27-6pm-et,UP,73321832112128753462240343031591674546766458753503906982235246998043524582875,1756135807,2025-08-25 15:30:07,0.5
bitcoin-up-or-down-august-27-6pm-et,UP,73321832112128753462240343031591674546766458753503906982235246998043524582875,1756135862,2025-08-25 15:31:02,0.5
bitcoin-up-or-down-august-27-6pm-et,UP,73321832112128753462240343031591674546766458753503906982235246998043524582875,1756135922,2025-08-25 15:32:02,0.5
bitcoin-up-or-down-august-27-6pm-et,UP,73321832112128753462240343031591674546766458753503906982235246998043524582875,1756135982,2025-08-25 15:33:02,0.5
bitcoin-up-or-down-august-27-6pm-et,UP,73321832112128753462240343031591674546766458753503906982235246998043524582875,1756136043,2025-08-25 15:34:03,0.5
bitcoin-up-or-down-august-27-6pm-et,UP,73321832112128753462240343031591674546766458753503906982235246998043524582875,1756136103,2025-08-25 15:35:03,0.5
bitcoin-up-or-down-august-27-6pm-et,UP,73321832112128753462240343031591674546766458753503906982235246998043524582875,1756136163,2025-08-25 15:36:03,0.5
bitcoin-up-or-down-august-27-6pm-et,UP,73321832112128753462240343031591674546766458753503906982235246998043524582875,1756136222,2025-08-25 15:37:02,0.5
bitcoin-up-or-down-august-27-6pm-et,UP,73321832112128753462240343031591674546766458753503906982235246998043524582875,1756136282,2025-08-25 15:38:02,0.5
bitcoin-up-or-down-august-27-6pm-et,UP,73321832112128753462240343031591674546766458753503906982235246998043524582875,1756136343,2025-08-25 15:39:03,0.5
bitcoin-up-or-down-august-27-6pm-et,UP,73321832112128753462240343031591674546766458753503906982235246998043524582875,1756136403,2025-08-25 15:40:03,0.5
bitcoin-up-or-down-august-27-6pm-et,UP,73321832112128753462240343031591674546766458753503906982235246998043524582875,1756136462,2025-08-25 15:41:02,0.5
bitcoin-up-or-down-august-27-6pm-et,UP,73321832112128753462240343031591674546766458753503906982235246998043524582875,1756136522,2025-08-25 15:42:02,0.5
bitcoin-up-or-down-august-27-6pm-et,UP,73321832112128753462240343031591674546766458753503906982235246998043524582875,1756136582,2025-08-25 15:43:02,0.5
bitcoin-up-or-down-august-27-6pm-et,UP,73321832112128753462240343031591674546766458753503906982235246998043524582875,1756136643,2025-08-25 15:44:03,0.5
bitcoin-up-or-down-august-27-6pm-et,UP,73321832112128753462240343031591674546766458753503906982235246998043524582875,1756136704,2025-08-25 15:45:04,0.5
bitcoin-up-or-down-august-27-6pm-et,UP,73321832112128753462240343031591674546766458753503906982235246998043524582875,1756136762,2025-08-25 15:46:02,0.5
bitcoin-up-or-down-august-27-6pm-et,UP,73321832112128753462240343031591674546766458753503906982235246998043524582875,1756136822,2025-08-25 15:47:02,0.5
bitcoin-up-or-down-august-27-6pm-et,UP,73321832112128753462240343031591674546766458753503906982235246998043524582875,1756136882,2025-08-25 15:48:02,0.5
bitcoin-up-or-down-august-27-6pm-et,UP,73321832112128753462240343031591674546766458753503906982235246998043524582875,1756136942,2025-08-25 15:49:02,0.5
bitcoin-up-or-down-august-27-6pm-et,UP,73321832112128753462240343031591674546766458753503906982235246998043524582875,1756137003,2025-08-25 15:50:03,0.5
bitcoin-up-or-down-august-27-6pm-et,UP,73321832112128753462240343031591674546766458753503906982235246998043524582875,1756137063,2025-08-25 15:51:03,0.5
bitcoin-up-or-down-august-27-6pm-et,UP,73321832112128753462240343031591674546766458753503906982235246998043524582875,1756137128,2025-08-25 15:52:08,0.5
bitcoin-up-or-down-august-27-6pm-et,UP,73321832112128753462240343031591674546766458753503906982235246998043524582875,1756137182,2025-08-25 15:53:02,0.5
bitcoin-up-or-down-august-27-6pm-et,UP,73321832112128753462240343031591674546766458753503906982235246998043524582875,1756137243,2025-08-25 15:54:03,0.5
bitcoin-up-or-down-august-27-6pm-et,UP,73321832112128753462240343031591674546766458753503906982235246998043524582875,1756137305,2025-08-25 15:55:05,0.5
bitcoin-up-or-down-august-27-6pm-et,UP,73321832112128753462240343031591674546766458753503906982235246998043524582875,1756137362,2025-08-25 15:56:02,0.5
bitcoin-up-or-down-august-27-6pm-et,UP,73321832112128753462240343031591674546766458753503906982235246998043524582875,1756137422,2025-08-25 15:57:02,0.5
bitcoin-up-or-down-august-27-6pm-et,UP,73321832112128753462240343031591674546766458753503906982235246998043524582875,1756137482,2025-08-25 15:58:02,0.5
bitcoin-up-or-down-august-27-6pm-et,UP,73321832112128753462240343031591674546766458753503906982235246998043524582875,1756137543,2025-08-25 15:59:03,0.5
bitcoin-up-or-down-august-27-6pm-et,UP,73321832112128753462240343031591674546766458753503906982235246998043524582875,1756137612,2025-08-25 16:00:12,0.5
bitcoin-up-or-down-august-27-6pm-et,UP,73321832112128753462240343031591674546766458753503906982235246998043524582875,1756137662,2025-08-25 16:01:02,0.5
bitcoin-up-or-down-august-27-6pm-et,UP,73321832112128753462240343031591674546766458753503906982235246998043524582875,1756137722,2025-08-25 16:02:02,0.5
bitcoin-up-or-down-august-27-6pm-et,UP,73321832112128753462240343031591674546766458753503906982235246998043524582875,1756137783,2025-08-25 16:03:03,0.5
bitcoin-up-or-down-august-27-6pm-et,UP,73321832112128753462240343031591674546766458753503906982235246998043524582875,1756137843,2025-08-25 16:04:03,0.5
bitcoin-up-or-down-august-27-6pm-et,UP,73321832112128753462240343031591674546766458753503906982235246998043524582875,1756137902,2025-08-25 16:05:02,0.5
bitcoin-up-or-down-august-27-6pm-et,UP,73321832112128753462240343031591674546766458753503906982235246998043524582875,1756137963,2025-08-25 16:06:03,0.5
bitcoin-up-or-down-august-27-6pm-et,UP,73321832112128753462240343031591674546766458753503906982235246998043524582875,1756138023,2025-08-25 16:07:03,0.5
bitcoin-up-or-down-august-27-6pm-et,UP,73321832112128753462240343031591674546766458753503906982235246998043524582875,1756138083,2025-08-25 16:08:03,0.5
bitcoin-up-or-down-august-27-6pm-et,UP,73321832112128753462240343031591674546766458753503906982235246998043524582875,1756138143,2025-08-25 16:09:03,0.5
bitcoin-up-or-down-august-27-6pm-et,UP,73321832112128753462240343031591674546766458753503906982235246998043524582875,1756138203,2025-08-25 16:10:03,0.5
bitcoin-up-or-down-august-27-6pm-et,UP,73321832112128753462240343031591674546766458753503906982235246998043524582875,1756138262,2025-08-25 16:11:02,0.5
bitcoin-up-or-down-august-27-6pm-et,UP,73321832112128753462240343031591674546766458753503906982235246998043524582875,1756138323,2025-08-25 16:12:03,0.5
bitcoin-up-or-down-august-27-6pm-et,UP,73321832112128753462240343031591674546766458753503906982235246998043524582875,1756138383,2025-08-25 16:13:03,0.5
bitcoin-up-or-down-august-27-6pm-et,UP,73321832112128753462240343031591674546766458753503906982235246998043524582875,1756138442,2025-08-25 16:14:02,0.5
bitcoin-up-or-down-august-27-6pm-et,UP,73321832112128753462240343031591674546766458753503906982235246998043524582875,1756138503,2025-08-25 16:15:03,0.5
bitcoin-up-or-down-august-27-6pm-et,UP,73321832112128753462240343031591674546766458753503906982235246998043524582875,1756138563,2025-08-25 16:16:03,0.5
bitcoin-up-or-down-august-27-6pm-et,UP,73321832112128753462240343031591674546766458753503906982235246998043524582875,1756138622,2025-08-25 16:17:02,0.5
bitcoin-up-or-down-august-27-6pm-et,UP,73321832112128753462240343031591674546766458753503906982235246998043524582875,1756138682,2025-08-25 16:18:02,0.5
bitcoin-up-or-down-august-27-6pm-et,UP,73321832112128753462240343031591674546766458753503906982235246998043524582875,1756138744,2025-08-25 16:19:04,0.5
bitcoin-up-or-down-august-27-6pm-et,UP,73321832112128753462240343031591674546766458753503906982235246998043524582875,1756138802,2025-08-25 16:20:02,0.5
bitcoin-up-or-down-august-27-6pm-et,UP,73321832112128753462240343031591674546766458753503906982235246998043524582875,1756138863,2025-08-25 16:21:03,0.5
bitcoin-up-or-down-august-27-6pm-et,UP,73321832112128753462240343031591674546766458753503906982235246998043524582875,1756138923,2025-08-25 16:22:03,0.5
bitcoin-up-or-down-august-27-6pm-et,UP,73321832112128753462240343031591674546766458753503906982235246998043524582875,1756138982,2025-08-25 16:23:02,0.5
bitcoin-up-or-down-august-27-6pm-et,UP,73321832112128753462240343031591674546766458753503906982235246998043524582875,1756139042,2025-08-25 16:24:02,0.5
bitcoin-up-or-down-august-27-6pm-et,UP,73321832112128753462240343031591674546766458753503906982235246998043524582875,1756139103,2025-08-25 16:25:03,0.5
bitcoin-up-or-down-august-27-6pm-et,UP,73321832112128753462240343031591674546766458753503906982235246998043524582875,1756139166,2025-08-25 16:26:06,0.5
bitcoin-up-or-down-august-27-6pm-et,UP,73321832112128753462240343031591674546766458753503906982235246998043524582875,1756139224,2025-08-25 16:27:04,0.5
bitcoin-up-or-down-august-27-6pm-et,UP,73321832112128753462240343031591674546766458753503906982235246998043524582875,1756139282,2025-08-25 16:28:02,0.5
bitcoin-up-or-down-august-27-6pm-et,UP,73321832112128753462240343031591674546766458753503906982235246998043524582875,1756139343,2025-08-25 16:29:03,0.5
bitcoin-up-or-down-august-27-6pm-et,UP,73321832112128753462240343031591674546766458753503906982235246998043524582875,1756139407,2025-08-25 16:30:07,0.5
bitcoin-up-or-down-august-27-6pm-et,UP,73321832112128753462240343031591674546766458753503906982235246998043524582875,1756139464,2025-08-25 16:31:04,0.5
bitcoin-up-or-down-august-27-6pm-et,UP,73321832112128753462240343031591674546766458753503906982235246998043524582875,1756139523,2025-08-25 16:32:03,0.5
bitcoin-up-or-down-august-27-6pm-et,UP,73321832112128753462240343031591674546766458753503906982235246998043524582875,1756139582,2025-08-25 16:33:02,0.5
bitcoin-up-or-down-august-27-6pm-et,UP,73321832112128753462240343031591674546766458753503906982235246998043524582875,1756139642,2025-08-25 16:34:02,0.5
bitcoin-up-or-down-august-27-6pm-et,UP,73321832112128753462240343031591674546766458753503906982235246998043524582875,1756139702,2025-08-25 16:35:02,0.5
bitcoin-up-or-down-august-27-6pm-et,UP,73321832112128753462240343031591674546766458753503906982235246998043524582875,1756139763,2025-08-25 16:36:03,0.5
bitcoin-up-or-down-august-27-6pm-et,UP,73321832112128753462240343031591674546766458753503906982235246998043524582875,1756139822,2025-08-25 16:37:02,0.5
bitcoin-up-or-down-august-27-6pm-et,UP,73321832112128753462240343031591674546766458753503906982235246998043524582875,1756139882,2025-08-25 16:38:02,0.5
bitcoin-up-or-down-august-27-6pm-et,UP,73321832112128753462240343031591674546766458753503906982235246998043524582875,1756139942,2025-08-25 16:39:02,0.5
bitcoin-up-or-down-august-27-6pm-et,UP,73321832112128753462240343031591674546766458753503906982235246998043524582875,1756140004,2025-08-25 16:40:04,0.5
bitcoin-up-or-down-august-27-6pm-et,UP,73321832112128753462240343031591674546766458753503906982235246998043524582875,1756140063,2025-08-25 16:41:03,0.5
bitcoin-up-or-down-august-27-6pm-et,UP,73321832112128753462240343031591674546766458753503906982235246998043524582875,1756140123,2025-08-25 16:42:03,0.5
bitcoin-up-or-down-august-27-6pm-et,UP,73321832112128753462240343031591674546766458753503906982235246998043524582875,1756140182,2025-08-25 16:43:02,0.5
bitcoin-up-or-down-august-27-6pm-et,UP,73321832112128753462240343031591674546766458753503906982235246998043524582875,1756140242,2025-08-25 16:44:02,0.5
bitcoin-up-or-down-august-27-6pm-et,UP,73321832112128753462240343031591674546766458753503906982235246998043524582875,1756140302,2025-08-25 16:45:02,0.5
bitcoin-up-or-down-august-27-6pm-et,UP,73321832112128753462240343031591674546766458753503906982235246998043524582875,1756140363,2025-08-25 16:46:03,0.5
bitcoin-up-or-down-august-27-6pm-et,UP,73321832112128753462240343031591674546766458753503906982235246998043524582875,1756140423,2025-08-25 16:47:03,0.5
bitcoin-up-or-down-august-27-6pm-et,UP,73321832112128753462240343031591674546766458753503906982235246998043524582875,1756140483,2025-08-25 16:48:03,0.5
bitcoin-up-or-down-august-27-6pm-et,UP,73321832112128753462240343031591674546766458753503906982235246998043524582875,1756140543,2025-08-25 16:49:03,0.5
bitcoin-up-or-down-august-27-6pm-et,UP,73321832112128753462240343031591674546766458753503906982235246998043524582875,1756140603,2025-08-25 16:50:03,0.5
bitcoin-up-or-down-august-27-6pm-et,UP,73321832112128753462240343031591674546766458753503906982235246998043524582875,1756140662,2025-08-25 16:51:02,0.5
bitcoin-up-or-down-august-27-6pm-et,UP,73321832112128753462240343031591674546766458753503906982235246998043524582875,1756140725,2025-08-25 16:52:05,0.5
bitcoin-up-or-down-august-27-6pm-et,UP,73321832112128753462240343031591674546766458753503906982235246998043524582875,1756140782,2025-08-25 16:53:02,0.5
bitcoin-up-or-down-august-27-6pm-et,UP,73321832112128753462240343031591674546766458753503906982235246998043524582875,1756140843,2025-08-25 16:54:03,0.5
bitcoin-up-or-down-august-27-6pm-et,UP,73321832112128753462240343031591674546766458753503906982235246998043524582875,1756140905,2025-08-25 16:55:05,0.5
bitcoin-up-or-down-august-27-6pm-et,UP,73321832112128753462240343031591674546766458753503906982235246998043524582875,1756140962,2025-08-25 16:56:02,0.5
bitcoin-up-or-down-august-27-6pm-et,UP,73321832112128753462240343031591674546766458753503906982235246998043524582875,1756141022,2025-08-25 16:57:02,0.5
bitcoin-up-or-down-august-27-6pm-et,UP,73321832112128753462240343031591674546766458753503906982235246998043524582875,1756141082,2025-08-25 16:58:02,0.5
bitcoin-up-or-down-august-27-6pm-et,UP,73321832112128753462240343031591674546766458753503906982235246998043524582875,1756141142,2025-08-25 16:59:02,0.5
bitcoin-up-or-down-august-27-6pm-et,UP,73321832112128753462240343031591674546766458753503906982235246998043524582875,1756141212,2025-08-25 17:00:12,0.5
bitcoin-up-or-down-august-27-6pm-et,UP,73321832112128753462240343031591674546766458753503906982235246998043524582875,1756141264,2025-08-25 17:01:04,0.5
bitcoin-up-or-down-august-27-6pm-et,UP,73321832112128753462240343031591674546766458753503906982235246998043524582875,1756141323,2025-08-25 17:02:03,0.5
bitcoin-up-or-down-august-27-6pm-et,UP,73321832112128753462240343031591674546766458753503906982235246998043524582875,1756141382,2025-08-25 17:03:02,0.5
bitcoin-up-or-down-august-27-6pm-et,UP,73321832112128753462240343031591674546766458753503906982235246998043524582875,1756141442,2025-08-25 17:04:02,0.5
bitcoin-up-or-down-august-27-6pm-et,UP,73321832112128753462240343031591674546766458753503906982235246998043524582875,1756141503,2025-08-25 17:05:03,0.5
bitcoin-up-or-down-august-27-6pm-et,UP,73321832112128753462240343031591674546766458753503906982235246998043524582875,1756141562,2025-08-25 17:06:02,0.5
bitcoin-up-or-down-august-27-6pm-et,UP,73321832112128753462240343031591674546766458753503906982235246998043524582875,1756141622,2025-08-25 17:07:02,0.5
bitcoin-up-or-down-august-27-6pm-et,UP,73321832112128753462240343031591674546766458753503906982235246998043524582875,1756141683,2025-08-25 17:08:03,0.5
bitcoin-up-or-down-august-27-6pm-et,UP,73321832112128753462240343031591674546766458753503906982235246998043524582875,1756141743,2025-08-25 17:09:03,0.5
bitcoin-up-or-down-august-27-6pm-et,UP,73321832112128753462240343031591674546766458753503906982235246998043524582875,1756141803,2025-08-25 17:10:03,0.5
bitcoin-up-or-down-august-27-6pm-et,UP,73321832112128753462240343031591674546766458753503906982235246998043524582875,1756141863,2025-08-25 17:11:03,0.5
bitcoin-up-or-down-august-27-6pm-et,UP,73321832112128753462240343031591674546766458753503906982235246998043524582875,1756141922,2025-08-25 17:12:02,0.5
bitcoin-up-or-down-august-27-6pm-et,UP,73321832112128753462240343031591674546766458753503906982235246998043524582875,1756141983,2025-08-25 17:13:03,0.5
bitcoin-up-or-down-august-27-6pm-et,UP,73321832112128753462240343031591674546766458753503906982235246998043524582875,1756142043,2025-08-25 17:14:03,0.5
bitcoin-up-or-down-august-27-6pm-et,UP,73321832112128753462240343031591674546766458753503906982235246998043524582875,1756142103,2025-08-25 17:15:03,0.5
bitcoin-up-or-down-august-27-6pm-et,UP,73321832112128753462240343031591674546766458753503906982235246998043524582875,1756142163,2025-08-25 17:16:03,0.5
bitcoin-up-or-down-august-27-6pm-et,UP,73321832112128753462240343031591674546766458753503906982235246998043524582875,1756142222,2025-08-25 17:17:02,0.5
bitcoin-up-or-down-august-27-6pm-et,UP,73321832112128753462240343031591674546766458753503906982235246998043524582875,1756142282,2025-08-25 17:18:02,0.5
bitcoin-up-or-down-august-27-6pm-et,UP,73321832112128753462240343031591674546766458753503906982235246998043524582875,1756142342,2025-08-25 17:19:02,0.5
bitcoin-up-or-down-august-27-6pm-et,UP,73321832112128753462240343031591674546766458753503906982235246998043524582875,1756142405,2025-08-25 17:20:05,0.5
bitcoin-up-or-down-august-27-6pm-et,UP,73321832112128753462240343031591674546766458753503906982235246998043524582875,1756142463,2025-08-25 17:21:03,0.5
bitcoin-up-or-down-august-27-6pm-et,UP,73321832112128753462240343031591674546766458753503906982235246998043524582875,1756142524,2025-08-25 17:22:04,0.5
bitcoin-up-or-down-august-27-6pm-et,UP,73321832112128753462240343031591674546766458753503906982235246998043524582875,1756142582,2025-08-25 17:23:02,0.5
bitcoin-up-or-down-august-27-6pm-et,UP,73321832112128753462240343031591674546766458753503906982235246998043524582875,1756142643,2025-08-25 17:24:03,0.5
bitcoin-up-or-down-august-27-6pm-et,UP,73321832112128753462240343031591674546766458753503906982235246998043524582875,1756142702,2025-08-25 17:25:02,0.5
bitcoin-up-or-down-august-27-6pm-et,UP,73321832112128753462240343031591674546766458753503906982235246998043524582875,1756142771,2025-08-25 17:26:11,0.5
bitcoin-up-or-down-august-27-6pm-et,UP,73321832112128753462240343031591674546766458753503906982235246998043524582875,1756142823,2025-08-25 17:27:03,0.5
bitcoin-up-or-down-august-27-6pm-et,UP,73321832112128753462240343031591674546766458753503906982235246998043524582875,1756142883,2025-08-25 17:28:03,0.5
bitcoin-up-or-down-august-27-6pm-et,UP,73321832112128753462240343031591674546766458753503906982235246998043524582875,1756142943,2025-08-25 17:29:03,0.5
bitcoin-up-or-down-august-27-6pm-et,UP,73321832112128753462240343031591674546766458753503906982235246998043524582875,1756143002,2025-08-25 17:30:02,0.5
bitcoin-up-or-down-august-27-6pm-et,UP,73321832112128753462240343031591674546766458753503906982235246998043524582875,1756143062,2025-08-25 17:31:02,0.5
bitcoin-up-or-down-august-27-6pm-et,UP,73321832112128753462240343031591674546766458753503906982235246998043524582875,1756143122,2025-08-25 17:32:02,0.5
bitcoin-up-or-down-august-27-6pm-et,UP,73321832112128753462240343031591674546766458753503906982235246998043524582875,1756143182,2025-08-25 17:33:02,0.5
bitcoin-up-or-down-august-27-6pm-et,UP,73321832112128753462240343031591674546766458753503906982235246998043524582875,1756143243,2025-08-25 17:34:03,0.5
bitcoin-up-or-down-august-27-6pm-et,UP,73321832112128753462240343031591674546766458753503906982235246998043524582875,1756143304,2025-08-25 17:35:04,0.5
bitcoin-up-or-down-august-27-6pm-et,UP,73321832112128753462240343031591674546766458753503906982235246998043524582875,1756143362,2025-08-25 17:36:02,0.5
bitcoin-up-or-down-august-27-6pm-et,UP,73321832112128753462240343031591674546766458753503906982235246998043524582875,1756143422,2025-08-25 17:37:02,0.5
bitcoin-up-or-down-august-27-6pm-et,UP,73321832112128753462240343031591674546766458753503906982235246998043524582875,1756143482,2025-08-25 17:38:02,0.5
bitcoin-up-or-down-august-27-6pm-et,UP,73321832112128753462240343031591674546766458753503906982235246998043524582875,1756143542,2025-08-25 17:39:02,0.5
bitcoin-up-or-down-august-27-6pm-et,UP,73321832112128753462240343031591674546766458753503906982235246998043524582875,1756143604,2025-08-25 17:40:04,0.5
bitcoin-up-or-down-august-27-6pm-et,UP,73321832112128753462240343031591674546766458753503906982235246998043524582875,1756143663,2025-08-25 17:41:03,0.5
bitcoin-up-or-down-august-27-6pm-et,UP,73321832112128753462240343031591674546766458753503906982235246998043524582875,1756143723,2025-08-25 17:42:03,0.5
bitcoin-up-or-down-august-27-6pm-et,UP,73321832112128753462240343031591674546766458753503906982235246998043524582875,1756143782,2025-08-25 17:43:02,0.5
bitcoin-up-or-down-august-27-6pm-et,UP,73321832112128753462240343031591674546766458753503906982235246998043524582875,1756143842,2025-08-25 17:44:02,0.5
bitcoin-up-or-down-august-27-6pm-et,UP,73321832112128753462240343031591674546766458753503906982235246998043524582875,1756143904,2025-08-25 17:45:04,0.5
bitcoin-up-or-down-august-27-6pm-et,UP,73321832112128753462240343031591674546766458753503906982235246998043524582875,1756143962,2025-08-25 17:46:02,0.5
bitcoin-up-or-down-august-27-6pm-et,UP,73321832112128753462240343031591674546766458753503906982235246998043524582875,1756144022,2025-08-25 17:47:02,0.5
bitcoin-up-or-down-august-27-6pm-et,UP,73321832112128753462240343031591674546766458753503906982235246998043524582875,1756144083,2025-08-25 17:48:03,0.5
bitcoin-up-or-down-august-27-6pm-et,UP,73321832112128753462240343031591674546766458753503906982235246998043524582875,1756144142,2025-08-25 17:49:02,0.5
bitcoin-up-or-down-august-27-6pm-et,UP,73321832112128753462240343031591674546766458753503906982235246998043524582875,1756144204,2025-08-25 17:50:04,0.5
bitcoin-up-or-down-august-27-6pm-et,UP,73321832112128753462240343031591674546766458753503906982235246998043524582875,1756144262,2025-08-25 17:51:02,0.5
bitcoin-up-or-down-august-27-6pm-et,UP,73321832112128753462240343031591674546766458753503906982235246998043524582875,1756144328,2025-08-25 17:52:08,0.5
bitcoin-up-or-down-august-27-6pm-et,UP,73321832112128753462240343031591674546766458753503906982235246998043524582875,1756144387,2025-08-25 17:53:07,0.5
bitcoin-up-or-down-august-27-6pm-et,UP,73321832112128753462240343031591674546766458753503906982235246998043524582875,1756144443,2025-08-25 17:54:03,0.5
bitcoin-up-or-down-august-27-6pm-et,UP,73321832112128753462240343031591674546766458753503906982235246998043524582875,1756144502,2025-08-25 17:55:02,0.5
bitcoin-up-or-down-august-27-6pm-et,UP,73321832112128753462240343031591674546766458753503906982235246998043524582875,1756144562,2025-08-25 17:56:02,0.5
bitcoin-up-or-down-august-27-6pm-et,UP,73321832112128753462240343031591674546766458753503906982235246998043524582875,1756144622,2025-08-25 17:57:02,0.5
bitcoin-up-or-down-august-27-6pm-et,UP,73321832112128753462240343031591674546766458753503906982235246998043524582875,1756144683,2025-08-25 17:58:03,0.5
bitcoin-up-or-down-august-27-6pm-et,UP,73321832112128753462240343031591674546766458753503906982235246998043524582875,1756144744,2025-08-25 17:59:04,0.5
bitcoin-up-or-down-august-27-6pm-et,UP,73321832112128753462240343031591674546766458753503906982235246998043524582875,1756144803,2025-08-25 18:00:03,0.5
bitcoin-up-or-down-august-27-6pm-et,UP,73321832112128753462240343031591674546766458753503906982235246998043524582875,1756144863,2025-08-25 18:01:03,0.5
bitcoin-up-or-down-august-27-6pm-et,UP,73321832112128753462240343031591674546766458753503906982235246998043524582875,1756144922,2025-08-25 18:02:02,0.5
bitcoin-up-or-down-august-27-6pm-et,UP,73321832112128753462240343031591674546766458753503906982235246998043524582875,1756144983,2025-08-25 18:03:03,0.5
bitcoin-up-or-down-august-27-6pm-et,UP,73321832112128753462240343031591674546766458753503906982235246998043524582875,1756145043,2025-08-25 18:04:03,0.5
bitcoin-up-or-down-august-27-6pm-et,UP,73321832112128753462240343031591674546766458753503906982235246998043524582875,1756145102,2025-08-25 18:05:02,0.5
bitcoin-up-or-down-august-27-6pm-et,UP,73321832112128753462240343031591674546766458753503906982235246998043524582875,1756145163,2025-08-25 18:06:03,0.5
bitcoin-up-or-down-august-27-6pm-et,UP,73321832112128753462240343031591674546766458753503906982235246998043524582875,1756145223,2025-08-25 18:07:03,0.5
bitcoin-up-or-down-august-27-6pm-et,UP,73321832112128753462240343031591674546766458753503906982235246998043524582875,1756145283,2025-08-25 18:08:03,0.5
bitcoin-up-or-down-august-27-6pm-et,UP,73321832112128753462240343031591674546766458753503906982235246998043524582875,1756145343,2025-08-25 18:09:03,0.5
bitcoin-up-or-down-august-27-6pm-et,UP,73321832112128753462240343031591674546766458753503906982235246998043524582875,1756145404,2025-08-25 18:10:04,0.5
bitcoin-up-or-down-august-27-6pm-et,UP,73321832112128753462240343031591674546766458753503906982235246998043524582875,1756145462,2025-08-25 18:11:02,0.5
bitcoin-up-or-down-august-27-6pm-et,UP,73321832112128753462240343031591674546766458753503906982235246998043524582875,1756145523,2025-08-25 18:12:03,0.5
bitcoin-up-or-down-august-27-6pm-et,UP,73321832112128753462240343031591674546766458753503906982235246998043524582875,1756145583,2025-08-25 18:13:03,0.5
bitcoin-up-or-down-august-27-6pm-et,UP,73321832112128753462240343031591674546766458753503906982235246998043524582875,1756145642,2025-08-25 18:14:02,0.5
bitcoin-up-or-down-august-27-6pm-et,UP,73321832112128753462240343031591674546766458753503906982235246998043524582875,1756145703,2025-08-25 18:15:03,0.5
bitcoin-up-or-down-august-27-6pm-et,UP,73321832112128753462240343031591674546766458753503906982235246998043524582875,1756145762,2025-08-25 18:16:02,0.5
bitcoin-up-or-down-august-27-6pm-et,UP,73321832112128753462240343031591674546766458753503906982235246998043524582875,1756145823,2025-08-25 18:17:03,0.5
bitcoin-up-or-down-august-27-6pm-et,UP,73321832112128753462240343031591674546766458753503906982235246998043524582875,1756145883,2025-08-25 18:18:03,0.5
bitcoin-up-or-down-august-27-6pm-et,UP,73321832112128753462240343031591674546766458753503906982235246998043524582875,1756145943,2025-08-25 18:19:03,0.5
bitcoin-up-or-down-august-27-6pm-et,UP,73321832112128753462240343031591674546766458753503906982235246998043524582875,1756146004,2025-08-25 18:20:04,0.5
bitcoin-up-or-down-august-27-6pm-et,UP,73321832112128753462240343031591674546766458753503906982235246998043524582875,1756146062,2025-08-25 18:21:02,0.5
bitcoin-up-or-down-august-27-6pm-et,UP,73321832112128753462240343031591674546766458753503906982235246998043524582875,1756146122,2025-08-25 18:22:02,0.5
bitcoin-up-or-down-august-27-6pm-et,UP,73321832112128753462240343031591674546766458753503906982235246998043524582875,1756146182,2025-08-25 18:23:02,0.5
bitcoin-up-or-down-august-27-6pm-et,UP,73321832112128753462240343031591674546766458753503906982235246998043524582875,1756146243,2025-08-25 18:24:03,0.5
bitcoin-up-or-down-august-27-6pm-et,UP,73321832112128753462240343031591674546766458753503906982235246998043524582875,1756146303,2025-08-25 18:25:03,0.5
bitcoin-up-or-down-august-27-6pm-et,UP,73321832112128753462240343031591674546766458753503906982235246998043524582875,1756146366,2025-08-25 18:26:06,0.5
bitcoin-up-or-down-august-27-6pm-et,UP,73321832112128753462240343031591674546766458753503906982235246998043524582875,1756146423,2025-08-25 18:27:03,0.5
bitcoin-up-or-down-august-27-6pm-et,UP,73321832112128753462240343031591674546766458753503906982235246998043524582875,1756146483,2025-08-25 18:28:03,0.5
bitcoin-up-or-down-august-27-6pm-et,UP,73321832112128753462240343031591674546766458753503906982235246998043524582875,1756146542,2025-08-25 18:29:02,0.5
bitcoin-up-or-down-august-27-6pm-et,UP,73321832112128753462240343031591674546766458753503906982235246998043524582875,1756146607,2025-08-25 18:30:07,0.5
bitcoin-up-or-down-august-27-6pm-et,UP,73321832112128753462240343031591674546766458753503906982235246998043524582875,1756146663,2025-08-25 18:31:03,0.5
bitcoin-up-or-down-august-27-6pm-et,UP,73321832112128753462240343031591674546766458753503906982235246998043524582875,1756146723,2025-08-25 18:32:03,0.5
bitcoin-up-or-down-august-27-6pm-et,UP,73321832112128753462240343031591674546766458753503906982235246998043524582875,1756146782,2025-08-25 18:33:02,0.5
bitcoin-up-or-down-august-27-6pm-et,UP,73321832112128753462240343031591674546766458753503906982235246998043524582875,1756146843,2025-08-25 18:34:03,0.5
bitcoin-up-or-down-august-27-6pm-et,UP,73321832112128753462240343031591674546766458753503906982235246998043524582875,1756146903,2025-08-25 18:35:03,0.5
bitcoin-up-or-down-august-27-6pm-et,UP,73321832112128753462240343031591674546766458753503906982235246998043524582875,1756146962,2025-08-25 18:36:02,0.5
bitcoin-up-or-down-august-27-6pm-et,UP,73321832112128753462240343031591674546766458753503906982235246998043524582875,1756147023,2025-08-25 18:37:03,0.5
bitcoin-up-or-down-august-27-6pm-et,UP,73321832112128753462240343031591674546766458753503906982235246998043524582875,1756147082,2025-08-25 18:38:02,0.5
bitcoin-up-or-down-august-27-6pm-et,UP,73321832112128753462240343031591674546766458753503906982235246998043524582875,1756147143,2025-08-25 18:39:03,0.5
bitcoin-up-or-down-august-27-6pm-et,UP,73321832112128753462240343031591674546766458753503906982235246998043524582875,1756147203,2025-08-25 18:40:03,0.5
bitcoin-up-or-down-august-27-6pm-et,UP,73321832112128753462240343031591674546766458753503906982235246998043524582875,1756147263,2025-08-25 18:41:03,0.5
bitcoin-up-or-down-august-27-6pm-et,UP,73321832112128753462240343031591674546766458753503906982235246998043524582875,1756147323,2025-08-25 18:42:03,0.5
bitcoin-up-or-down-august-27-6pm-et,UP,73321832112128753462240343031591674546766458753503906982235246998043524582875,1756147382,2025-08-25 18:43:02,0.5
bitcoin-up-or-down-august-27-6pm-et,UP,73321832112128753462240343031591674546766458753503906982235246998043524582875,1756147442,2025-08-25 18:44:02,0.5
bitcoin-up-or-down-august-27-6pm-et,UP,73321832112128753462240343031591674546766458753503906982235246998043524582875,1756147503,2025-08-25 18:45:03,0.5
bitcoin-up-or-down-august-27-6pm-et,UP,73321832112128753462240343031591674546766458753503906982235246998043524582875,1756147563,2025-08-25 18:46:03,0.5
bitcoin-up-or-down-august-27-6pm-et,UP,73321832112128753462240343031591674546766458753503906982235246998043524582875,1756147622,2025-08-25 18:47:02,0.5
bitcoin-up-or-down-august-27-6pm-et,UP,73321832112128753462240343031591674546766458753503906982235246998043524582875,1756147683,2025-08-25 18:48:03,0.5
bitcoin-up-or-down-august-27-6pm-et,UP,73321832112128753462240343031591674546766458753503906982235246998043524582875,1756147742,2025-08-25 18:49:02,0.5
bitcoin-up-or-down-august-27-6pm-et,UP,73321832112128753462240343031591674546766458753503906982235246998043524582875,1756147803,2025-08-25 18:50:03,0.5
bitcoin-up-or-down-august-27-6pm-et,UP,73321832112128753462240343031591674546766458753503906982235246998043524582875,1756147862,2025-08-25 18:51:02,0.5
bitcoin-up-or-down-august-27-6pm-et,UP,73321832112128753462240343031591674546766458753503906982235246998043524582875,1756147924,2025-08-25 18:52:04,0.5
bitcoin-up-or-down-august-27-6pm-et,UP,73321832112128753462240343031591674546766458753503906982235246998043524582875,1756147983,2025-08-25 18:53:03,0.5
bitcoin-up-or-down-august-27-6pm-et,UP,73321832112128753462240343031591674546766458753503906982235246998043524582875,1756148043,2025-08-25 18:54:03,0.5
bitcoin-up-or-down-august-27-6pm-et,UP,73321832112128753462240343031591674546766458753503906982235246998043524582875,1756148104,2025-08-25 18:55:04,0.5
bitcoin-up-or-down-august-27-6pm-et,UP,73321832112128753462240343031591674546766458753503906982235246998043524582875,1756148162,2025-08-25 18:56:02,0.5
bitcoin-up-or-down-august-27-6pm-et,UP,73321832112128753462240343031591674546766458753503906982235246998043524582875,1756148223,2025-08-25 18:57:03,0.5
bitcoin-up-or-down-august-27-6pm-et,UP,73321832112128753462240343031591674546766458753503906982235246998043524582875,1756148282,2025-08-25 18:58:02,0.5
bitcoin-up-or-down-august-27-6pm-et,UP,73321832112128753462240343031591674546766458753503906982235246998043524582875,1756148343,2025-08-25 18:59:03,0.5
bitcoin-up-or-down-august-27-6pm-et,UP,73321832112128753462240343031591674546766458753503906982235246998043524582875,1756148403,2025-08-25 19:00:03,0.5
bitcoin-up-or-down-august-27-6pm-et,UP,73321832112128753462240343031591674546766458753503906982235246998043524582875,1756148462,2025-08-25 19:01:02,0.5
bitcoin-up-or-down-august-27-6pm-et,UP,73321832112128753462240343031591674546766458753503906982235246998043524582875,1756148523,2025-08-25 19:02:03,0.5
bitcoin-up-or-down-august-27-6pm-et,UP,73321832112128753462240343031591674546766458753503906982235246998043524582875,1756148583,2025-08-25 19:03:03,0.5
bitcoin-up-or-down-august-27-6pm-et,UP,73321832112128753462240343031591674546766458753503906982235246998043524582875,1756148642,2025-08-25 19:04:02,0.5
bitcoin-up-or-down-august-27-6pm-et,UP,73321832112128753462240343031591674546766458753503906982235246998043524582875,1756148703,2025-08-25 19:05:03,0.5
bitcoin-up-or-down-august-27-6pm-et,UP,73321832112128753462240343031591674546766458753503906982235246998043524582875,1756148762,2025-08-25 19:06:02,0.5
bitcoin-up-or-down-august-27-6pm-et,UP,73321832112128753462240343031591674546766458753503906982235246998043524582875,1756148822,2025-08-25 19:07:02,0.5
bitcoin-up-or-down-august-27-6pm-et,UP,73321832112128753462240343031591674546766458753503906982235246998043524582875,1756148882,2025-08-25 19:08:02,0.5
bitcoin-up-or-down-august-27-6pm-et,UP,73321832112128753462240343031591674546766458753503906982235246998043524582875,1756148943,2025-08-25 19:09:03,0.5
bitcoin-up-or-down-august-27-6pm-et,UP,73321832112128753462240343031591674546766458753503906982235246998043524582875,1756149004,2025-08-25 19:10:04,0.5
bitcoin-up-or-down-august-27-6pm-et,UP,73321832112128753462240343031591674546766458753503906982235246998043524582875,1756149063,2025-08-25 19:11:03,0.5
bitcoin-up-or-down-august-27-6pm-et,UP,73321832112128753462240343031591674546766458753503906982235246998043524582875,1756149122,2025-08-25 19:12:02,0.5
bitcoin-up-or-down-august-27-6pm-et,UP,73321832112128753462240343031591674546766458753503906982235246998043524582875,1756149183,2025-08-25 19:13:03,0.5
bitcoin-up-or-down-august-27-6pm-et,UP,73321832112128753462240343031591674546766458753503906982235246998043524582875,1756149243,2025-08-25 19:14:03,0.5
bitcoin-up-or-down-august-27-6pm-et,UP,73321832112128753462240343031591674546766458753503906982235246998043524582875,1756149302,2025-08-25 19:15:02,0.5
bitcoin-up-or-down-august-27-6pm-et,UP,73321832112128753462240343031591674546766458753503906982235246998043524582875,1756149363,2025-08-25 19:16:03,0.5
bitcoin-up-or-down-august-27-6pm-et,UP,73321832112128753462240343031591674546766458753503906982235246998043524582875,1756149422,2025-08-25 19:17:02,0.5
bitcoin-up-or-down-august-27-6pm-et,UP,73321832112128753462240343031591674546766458753503906982235246998043524582875,1756149483,2025-08-25 19:18:03,0.5
bitcoin-up-or-down-august-27-6pm-et,UP,73321832112128753462240343031591674546766458753503906982235246998043524582875,1756149542,2025-08-25 19:19:02,0.5
bitcoin-up-or-down-august-27-6pm-et,UP,73321832112128753462240343031591674546766458753503906982235246998043524582875,1756149604,2025-08-25 19:20:04,0.5
bitcoin-up-or-down-august-27-6pm-et,UP,73321832112128753462240343031591674546766458753503906982235246998043524582875,1756149662,2025-08-25 19:21:02,0.5
bitcoin-up-or-down-august-27-6pm-et,UP,73321832112128753462240343031591674546766458753503906982235246998043524582875,1756149723,2025-08-25 19:22:03,0.5
bitcoin-up-or-down-august-27-6pm-et,UP,73321832112128753462240343031591674546766458753503906982235246998043524582875,1756149783,2025-08-25 19:23:03,0.5
bitcoin-up-or-down-august-27-6pm-et,UP,73321832112128753462240343031591674546766458753503906982235246998043524582875,1756149842,2025-08-25 19:24:02,0.5
bitcoin-up-or-down-august-27-6pm-et,UP,73321832112128753462240343031591674546766458753503906982235246998043524582875,1756149904,2025-08-25 19:25:04,0.5
bitcoin-up-or-down-august-27-6pm-et,UP,73321832112128753462240343031591674546766458753503906982235246998043524582875,1756149966,2025-08-25 19:26:06,0.5
bitcoin-up-or-down-august-27-6pm-et,UP,73321832112128753462240343031591674546766458753503906982235246998043524582875,1756150024,2025-08-25 19:27:04,0.5
bitcoin-up-or-down-august-27-6pm-et,UP,73321832112128753462240343031591674546766458753503906982235246998043524582875,1756150083,2025-08-25 19:28:03,0.5
bitcoin-up-or-down-august-27-6pm-et,UP,73321832112128753462240343031591674546766458753503906982235246998043524582875,1756150143,2025-08-25 19:29:03,0.5
bitcoin-up-or-down-august-27-6pm-et,UP,73321832112128753462240343031591674546766458753503906982235246998043524582875,1756150206,2025-08-25 19:30:06,0.5
bitcoin-up-or-down-august-27-6pm-et,UP,73321832112128753462240343031591674546766458753503906982235246998043524582875,1756150263,2025-08-25 19:31:03,0.5
bitcoin-up-or-down-august-27-6pm-et,UP,73321832112128753462240343031591674546766458753503906982235246998043524582875,1756150322,2025-08-25 19:32:02,0.5
bitcoin-up-or-down-august-27-6pm-et,UP,73321832112128753462240343031591674546766458753503906982235246998043524582875,1756150383,2025-08-25 19:33:03,0.5
bitcoin-up-or-down-august-27-6pm-et,UP,73321832112128753462240343031591674546766458753503906982235246998043524582875,1756150443,2025-08-25 19:34:03,0.5
bitcoin-up-or-down-august-27-6pm-et,UP,73321832112128753462240343031591674546766458753503906982235246998043524582875,1756150504,2025-08-25 19:35:04,0.5
bitcoin-up-or-down-august-27-6pm-et,UP,73321832112128753462240343031591674546766458753503906982235246998043524582875,1756150563,2025-08-25 19:36:03,0.5
bitcoin-up-or-down-august-27-6pm-et,UP,73321832112128753462240343031591674546766458753503906982235246998043524582875,1756150623,2025-08-25 19:37:03,0.5
bitcoin-up-or-down-august-27-6pm-et,UP,73321832112128753462240343031591674546766458753503906982235246998043524582875,1756150682,2025-08-25 19:38:02,0.5
bitcoin-up-or-down-august-27-6pm-et,UP,73321832112128753462240343031591674546766458753503906982235246998043524582875,1756150742,2025-08-25 19:39:02,0.5
bitcoin-up-or-down-august-27-6pm-et,UP,73321832112128753462240343031591674546766458753503906982235246998043524582875,1756150803,2025-08-25 19:40:03,0.5
bitcoin-up-or-down-august-27-6pm-et,UP,73321832112128753462240343031591674546766458753503906982235246998043524582875,1756150863,2025-08-25 19:41:03,0.5
bitcoin-up-or-down-august-27-6pm-et,UP,73321832112128753462240343031591674546766458753503906982235246998043524582875,1756150923,2025-08-25 19:42:03,0.5
bitcoin-up-or-down-august-27-6pm-et,UP,73321832112128753462240343031591674546766458753503906982235246998043524582875,1756150983,2025-08-25 19:43:03,0.5
bitcoin-up-or-down-august-27-6pm-et,UP,73321832112128753462240343031591674546766458753503906982235246998043524582875,1756151042,2025-08-25 19:44:02,0.5
bitcoin-up-or-down-august-27-6pm-et,UP,73321832112128753462240343031591674546766458753503906982235246998043524582875,1756151104,2025-08-25 19:45:04,0.5
bitcoin-up-or-down-august-27-6pm-et,UP,73321832112128753462240343031591674546766458753503906982235246998043524582875,1756151163,2025-08-25 19:46:03,0.5
bitcoin-up-or-down-august-27-6pm-et,UP,73321832112128753462240343031591674546766458753503906982235246998043524582875,1756151223,2025-08-25 19:47:03,0.5
bitcoin-up-or-down-august-27-6pm-et,UP,73321832112128753462240343031591674546766458753503906982235246998043524582875,1756151282,2025-08-25 19:48:02,0.5
bitcoin-up-or-down-august-27-6pm-et,UP,73321832112128753462240343031591674546766458753503906982235246998043524582875,1756151343,2025-08-25 19:49:03,0.5
bitcoin-up-or-down-august-27-6pm-et,UP,73321832112128753462240343031591674546766458753503906982235246998043524582875,1756151404,2025-08-25 19:50:04,0.5
bitcoin-up-or-down-august-27-6pm-et,UP,73321832112128753462240343031591674546766458753503906982235246998043524582875,1756151463,2025-08-25 19:51:03,0.5
bitcoin-up-or-down-august-27-6pm-et,UP,73321832112128753462240343031591674546766458753503906982235246998043524582875,1756151527,2025-08-25 19:52:07,0.5
bitcoin-up-or-down-august-27-6pm-et,UP,73321832112128753462240343031591674546766458753503906982235246998043524582875,1756151582,2025-08-25 19:53:02,0.5
bitcoin-up-or-down-august-27-6pm-et,UP,73321832112128753462240343031591674546766458753503906982235246998043524582875,1756151643,2025-08-25 19:54:03,0.5
bitcoin-up-or-down-august-27-6pm-et,UP,73321832112128753462240343031591674546766458753503906982235246998043524582875,1756151703,2025-08-25 19:55:03,0.5
bitcoin-up-or-down-august-27-6pm-et,UP,73321832112128753462240343031591674546766458753503906982235246998043524582875,1756151763,2025-08-25 19:56:03,0.5
bitcoin-up-or-down-august-27-6pm-et,UP,73321832112128753462240343031591674546766458753503906982235246998043524582875,1756151824,2025-08-25 19:57:04,0.5
bitcoin-up-or-down-august-27-6pm-et,UP,73321832112128753462240343031591674546766458753503906982235246998043524582875,1756151883,2025-08-25 19:58:03,0.5
bitcoin-up-or-down-august-27-6pm-et,UP,73321832112128753462240343031591674546766458753503906982235246998043524582875,1756151942,2025-08-25 19:59:02,0.5
bitcoin-up-or-down-august-27-6pm-et,UP,73321832112128753462240343031591674546766458753503906982235246998043524582875,1756152013,2025-08-25 20:00:13,0.5
bitcoin-up-or-down-august-27-6pm-et,UP,73321832112128753462240343031591674546766458753503906982235246998043524582875,1756152064,2025-08-25 20:01:04,0.5
bitcoin-up-or-down-august-27-6pm-et,UP,73321832112128753462240343031591674546766458753503906982235246998043524582875,1756152122,2025-08-25 20:02:02,0.5
bitcoin-up-or-down-august-27-6pm-et,UP,73321832112128753462240343031591674546766458753503906982235246998043524582875,1756152182,2025-08-25 20:03:02,0.5
bitcoin-up-or-down-august-27-6pm-et,UP,73321832112128753462240343031591674546766458753503906982235246998043524582875,1756152244,2025-08-25 20:04:04,0.5
bitcoin-up-or-down-august-27-6pm-et,UP,73321832112128753462240343031591674546766458753503906982235246998043524582875,1756152302,2025-08-25 20:05:02,0.5
bitcoin-up-or-down-august-27-6pm-et,UP,73321832112128753462240343031591674546766458753503906982235246998043524582875,1756152364,2025-08-25 20:06:04,0.5
bitcoin-up-or-down-august-27-6pm-et,UP,73321832112128753462240343031591674546766458753503906982235246998043524582875,1756152423,2025-08-25 20:07:03,0.5
bitcoin-up-or-down-august-27-6pm-et,UP,73321832112128753462240343031591674546766458753503906982235246998043524582875,1756152483,2025-08-25 20:08:03,0.5
bitcoin-up-or-down-august-27-6pm-et,UP,73321832112128753462240343031591674546766458753503906982235246998043524582875,1756152542,2025-08-25 20:09:02,0.5
bitcoin-up-or-down-august-27-6pm-et,UP,73321832112128753462240343031591674546766458753503906982235246998043524582875,1756152603,2025-08-25 20:10:03,0.5
bitcoin-up-or-down-august-27-6pm-et,UP,73321832112128753462240343031591674546766458753503906982235246998043524582875,1756152662,2025-08-25 20:11:02,0.5
bitcoin-up-or-down-august-27-6pm-et,UP,73321832112128753462240343031591674546766458753503906982235246998043524582875,1756152723,2025-08-25 20:12:03,0.5
bitcoin-up-or-down-august-27-6pm-et,UP,73321832112128753462240343031591674546766458753503906982235246998043524582875,1756152783,2025-08-25 20:13:03,0.5
bitcoin-up-or-down-august-27-6pm-et,UP,73321832112128753462240343031591674546766458753503906982235246998043524582875,1756152843,2025-08-25 20:14:03,0.5
bitcoin-up-or-down-august-27-6pm-et,UP,73321832112128753462240343031591674546766458753503906982235246998043524582875,1756152903,2025-08-25 20:15:03,0.5
bitcoin-up-or-down-august-27-6pm-et,UP,73321832112128753462240343031591674546766458753503906982235246998043524582875,1756152963,2025-08-25 20:16:03,0.5
bitcoin-up-or-down-august-27-6pm-et,UP,73321832112128753462240343031591674546766458753503906982235246998043524582875,1756153022,2025-08-25 20:17:02,0.5
bitcoin-up-or-down-august-27-6pm-et,UP,73321832112128753462240343031591674546766458753503906982235246998043524582875,1756153083,2025-08-25 20:18:03,0.5
bitcoin-up-or-down-august-27-6pm-et,UP,73321832112128753462240343031591674546766458753503906982235246998043524582875,1756153143,2025-08-25 20:19:03,0.5
bitcoin-up-or-down-august-27-6pm-et,UP,73321832112128753462240343031591674546766458753503906982235246998043524582875,1756153203,2025-08-25 20:20:03,0.5
bitcoin-up-or-down-august-27-6pm-et,UP,73321832112128753462240343031591674546766458753503906982235246998043524582875,1756153264,2025-08-25 20:21:04,0.5
bitcoin-up-or-down-august-27-6pm-et,UP,73321832112128753462240343031591674546766458753503906982235246998043524582875,1756153322,2025-08-25 20:22:02,0.5
bitcoin-up-or-down-august-27-6pm-et,UP,73321832112128753462240343031591674546766458753503906982235246998043524582875,1756153383,2025-08-25 20:23:03,0.5
bitcoin-up-or-down-august-27-6pm-et,UP,73321832112128753462240343031591674546766458753503906982235246998043524582875,1756153443,2025-08-25 20:24:03,0.5
bitcoin-up-or-down-august-27-6pm-et,UP,73321832112128753462240343031591674546766458753503906982235246998043524582875,1756153503,2025-08-25 20:25:03,0.5
bitcoin-up-or-down-august-27-6pm-et,UP,73321832112128753462240343031591674546766458753503906982235246998043524582875,1756153563,2025-08-25 20:26:03,0.5
bitcoin-up-or-down-august-27-6pm-et,UP,73321832112128753462240343031591674546766458753503906982235246998043524582875,1756153622,2025-08-25 20:27:02,0.5
bitcoin-up-or-down-august-27-6pm-et,UP,73321832112128753462240343031591674546766458753503906982235246998043524582875,1756153682,2025-08-25 20:28:02,0.5
bitcoin-up-or-down-august-27-6pm-et,UP,73321832112128753462240343031591674546766458753503906982235246998043524582875,1756153742,2025-08-25 20:29:02,0.5
bitcoin-up-or-down-august-27-6pm-et,UP,73321832112128753462240343031591674546766458753503906982235246998043524582875,1756153805,2025-08-25 20:30:05,0.5
bitcoin-up-or-down-august-27-6pm-et,UP,73321832112128753462240343031591674546766458753503906982235246998043524582875,1756153863,2025-08-25 20:31:03,0.5
bitcoin-up-or-down-august-27-6pm-et,UP,73321832112128753462240343031591674546766458753503906982235246998043524582875,1756153922,2025-08-25 20:32:02,0.5
bitcoin-up-or-down-august-27-6pm-et,UP,73321832112128753462240343031591674546766458753503906982235246998043524582875,1756153983,2025-08-25 20:33:03,0.5
bitcoin-up-or-down-august-27-6pm-et,UP,73321832112128753462240343031591674546766458753503906982235246998043524582875,1756154042,2025-08-25 20:34:02,0.5
bitcoin-up-or-down-august-27-6pm-et,UP,73321832112128753462240343031591674546766458753503906982235246998043524582875,1756154102,2025-08-25 20:35:02,0.5
bitcoin-up-or-down-august-27-6pm-et,UP,73321832112128753462240343031591674546766458753503906982235246998043524582875,1756154163,2025-08-25 20:36:03,0.5
bitcoin-up-or-down-august-27-6pm-et,UP,73321832112128753462240343031591674546766458753503906982235246998043524582875,1756154222,2025-08-25 20:37:02,0.5
bitcoin-up-or-down-august-27-6pm-et,UP,73321832112128753462240343031591674546766458753503906982235246998043524582875,1756154283,2025-08-25 20:38:03,0.5
bitcoin-up-or-down-august-27-6pm-et,UP,73321832112128753462240343031591674546766458753503906982235246998043524582875,1756154342,2025-08-25 20:39:02,0.5
bitcoin-up-or-down-august-27-6pm-et,UP,73321832112128753462240343031591674546766458753503906982235246998043524582875,1756154403,2025-08-25 20:40:03,0.5
bitcoin-up-or-down-august-27-6pm-et,UP,73321832112128753462240343031591674546766458753503906982235246998043524582875,1756154462,2025-08-25 20:41:02,0.5
bitcoin-up-or-down-august-27-6pm-et,UP,73321832112128753462240343031591674546766458753503906982235246998043524582875,1756154523,2025-08-25 20:42:03,0.5
bitcoin-up-or-down-august-27-6pm-et,UP,73321832112128753462240343031591674546766458753503906982235246998043524582875,1756154583,2025-08-25 20:43:03,0.5
bitcoin-up-or-down-august-27-6pm-et,UP,73321832112128753462240343031591674546766458753503906982235246998043524582875,1756154642,2025-08-25 20:44:02,0.5
bitcoin-up-or-down-august-27-6pm-et,UP,73321832112128753462240343031591674546766458753503906982235246998043524582875,1756154703,2025-08-25 20:45:03,0.5
bitcoin-up-or-down-august-27-6pm-et,UP,73321832112128753462240343031591674546766458753503906982235246998043524582875,1756154763,2025-08-25 20:46:03,0.5
bitcoin-up-or-down-august-27-6pm-et,UP,73321832112128753462240343031591674546766458753503906982235246998043524582875,1756154822,2025-08-25 20:47:02,0.5
bitcoin-up-or-down-august-27-6pm-et,UP,73321832112128753462240343031591674546766458753503906982235246998043524582875,1756154883,2025-08-25 20:48:03,0.5
bitcoin-up-or-down-august-27-6pm-et,UP,73321832112128753462240343031591674546766458753503906982235246998043524582875,1756154942,2025-08-25 20:49:02,0.5
bitcoin-up-or-down-august-27-6pm-et,UP,73321832112128753462240343031591674546766458753503906982235246998043524582875,1756155002,2025-08-25 20:50:02,0.5
bitcoin-up-or-down-august-27-6pm-et,UP,73321832112128753462240343031591674546766458753503906982235246998043524582875,1756155063,2025-08-25 20:51:03,0.5
bitcoin-up-or-down-august-27-6pm-et,UP,73321832112128753462240343031591674546766458753503906982235246998043524582875,1756155123,2025-08-25 20:52:03,0.5
bitcoin-up-or-down-august-27-6pm-et,UP,73321832112128753462240343031591674546766458753503906982235246998043524582875,1756155183,2025-08-25 20:53:03,0.5
bitcoin-up-or-down-august-27-6pm-et,UP,73321832112128753462240343031591674546766458753503906982235246998043524582875,1756155242,2025-08-25 20:54:02,0.5
bitcoin-up-or-down-august-27-6pm-et,UP,73321832112128753462240343031591674546766458753503906982235246998043524582875,1756155305,2025-08-25 20:55:05,0.5
bitcoin-up-or-down-august-27-6pm-et,UP,73321832112128753462240343031591674546766458753503906982235246998043524582875,1756155363,2025-08-25 20:56:03,0.5
bitcoin-up-or-down-august-27-6pm-et,UP,73321832112128753462240343031591674546766458753503906982235246998043524582875,1756155423,2025-08-25 20:57:03,0.5
bitcoin-up-or-down-august-27-6pm-et,UP,73321832112128753462240343031591674546766458753503906982235246998043524582875,1756155483,2025-08-25 20:58:03,0.5
bitcoin-up-or-down-august-27-6pm-et,UP,73321832112128753462240343031591674546766458753503906982235246998043524582875,1756155543,2025-08-25 20:59:03,0.5
bitcoin-up-or-down-august-27-6pm-et,UP,73321832112128753462240343031591674546766458753503906982235246998043524582875,1756155611,2025-08-25 21:00:11,0.5
bitcoin-up-or-down-august-27-6pm-et,UP,73321832112128753462240343031591674546766458753503906982235246998043524582875,1756155662,2025-08-25 21:01:02,0.5
bitcoin-up-or-down-august-27-6pm-et,UP,73321832112128753462240343031591674546766458753503906982235246998043524582875,1756155722,2025-08-25 21:02:02,0.5
bitcoin-up-or-down-august-27-6pm-et,UP,73321832112128753462240343031591674546766458753503906982235246998043524582875,1756155783,2025-08-25 21:03:03,0.5
bitcoin-up-or-down-august-27-6pm-et,UP,73321832112128753462240343031591674546766458753503906982235246998043524582875,1756155843,2025-08-25 21:04:03,0.5
bitcoin-up-or-down-august-27-6pm-et,UP,73321832112128753462240343031591674546766458753503906982235246998043524582875,1756155903,2025-08-25 21:05:03,0.5
bitcoin-up-or-down-august-27-6pm-et,UP,73321832112128753462240343031591674546766458753503906982235246998043524582875,1756155962,2025-08-25 21:06:02,0.5
bitcoin-up-or-down-august-27-6pm-et,UP,73321832112128753462240343031591674546766458753503906982235246998043524582875,1756156022,2025-08-25 21:07:02,0.5
bitcoin-up-or-down-august-27-6pm-et,UP,73321832112128753462240343031591674546766458753503906982235246998043524582875,1756156082,2025-08-25 21:08:02,0.5
bitcoin-up-or-down-august-27-6pm-et,UP,73321832112128753462240343031591674546766458753503906982235246998043524582875,1756156142,2025-08-25 21:09:02,0.5
bitcoin-up-or-down-august-27-6pm-et,UP,73321832112128753462240343031591674546766458753503906982235246998043524582875,1756156203,2025-08-25 21:10:03,0.5
bitcoin-up-or-down-august-27-6pm-et,UP,73321832112128753462240343031591674546766458753503906982235246998043524582875,1756156263,2025-08-25 21:11:03,0.5
bitcoin-up-or-down-august-27-6pm-et,UP,73321832112128753462240343031591674546766458753503906982235246998043524582875,1756156324,2025-08-25 21:12:04,0.5
bitcoin-up-or-down-august-27-6pm-et,UP,73321832112128753462240343031591674546766458753503906982235246998043524582875,1756156383,2025-08-25 21:13:03,0.5
bitcoin-up-or-down-august-27-6pm-et,UP,73321832112128753462240343031591674546766458753503906982235246998043524582875,1756156444,2025-08-25 21:14:04,0.5
bitcoin-up-or-down-august-27-6pm-et,UP,73321832112128753462240343031591674546766458753503906982235246998043524582875,1756156503,2025-08-25 21:15:03,0.5
bitcoin-up-or-down-august-27-6pm-et,UP,73321832112128753462240343031591674546766458753503906982235246998043524582875,1756156563,2025-08-25 21:16:03,0.5
bitcoin-up-or-down-august-27-6pm-et,UP,73321832112128753462240343031591674546766458753503906982235246998043524582875,1756156623,2025-08-25 21:17:03,0.5
bitcoin-up-or-down-august-27-6pm-et,UP,73321832112128753462240343031591674546766458753503906982235246998043524582875,1756156683,2025-08-25 21:18:03,0.5
bitcoin-up-or-down-august-27-6pm-et,UP,73321832112128753462240343031591674546766458753503906982235246998043524582875,1756156742,2025-08-25 21:19:02,0.5
bitcoin-up-or-down-august-27-6pm-et,UP,73321832112128753462240343031591674546766458753503906982235246998043524582875,1756156802,2025-08-25 21:20:02,0.5
bitcoin-up-or-down-august-27-6pm-et,UP,73321832112128753462240343031591674546766458753503906982235246998043524582875,1756156863,2025-08-25 21:21:03,0.5
bitcoin-up-or-down-august-27-6pm-et,UP,73321832112128753462240343031591674546766458753503906982235246998043524582875,1756156923,2025-08-25 21:22:03,0.5
bitcoin-up-or-down-august-27-6pm-et,UP,73321832112128753462240343031591674546766458753503906982235246998043524582875,1756156984,2025-08-25 21:23:04,0.5
bitcoin-up-or-down-august-27-6pm-et,UP,73321832112128753462240343031591674546766458753503906982235246998043524582875,1756157042,2025-08-25 21:24:02,0.5
bitcoin-up-or-down-august-27-6pm-et,UP,73321832112128753462240343031591674546766458753503906982235246998043524582875,1756157102,2025-08-25 21:25:02,0.5
bitcoin-up-or-down-august-27-6pm-et,UP,73321832112128753462240343031591674546766458753503906982235246998043524582875,1756157166,2025-08-25 21:26:06,0.5
bitcoin-up-or-down-august-27-6pm-et,UP,73321832112128753462240343031591674546766458753503906982235246998043524582875,1756157226,2025-08-25 21:27:06,0.5
bitcoin-up-or-down-august-27-6pm-et,UP,73321832112128753462240343031591674546766458753503906982235246998043524582875,1756157283,2025-08-25 21:28:03,0.5
bitcoin-up-or-down-august-27-6pm-et,UP,73321832112128753462240343031591674546766458753503906982235246998043524582875,1756157342,2025-08-25 21:29:02,0.5
bitcoin-up-or-down-august-27-6pm-et,UP,73321832112128753462240343031591674546766458753503906982235246998043524582875,1756157404,2025-08-25 21:30:04,0.5
bitcoin-up-or-down-august-27-6pm-et,UP,73321832112128753462240343031591674546766458753503906982235246998043524582875,1756157463,2025-08-25 21:31:03,0.5
bitcoin-up-or-down-august-27-6pm-et,UP,73321832112128753462240343031591674546766458753503906982235246998043524582875,1756157522,2025-08-25 21:32:02,0.5
bitcoin-up-or-down-august-27-6pm-et,UP,73321832112128753462240343031591674546766458753503906982235246998043524582875,1756157583,2025-08-25 21:33:03,0.5
bitcoin-up-or-down-august-27-6pm-et,UP,73321832112128753462240343031591674546766458753503906982235246998043524582875,1756157643,2025-08-25 21:34:03,0.5
bitcoin-up-or-down-august-27-6pm-et,UP,73321832112128753462240343031591674546766458753503906982235246998043524582875,1756157704,2025-08-25 21:35:04,0.5
bitcoin-up-or-down-august-27-6pm-et,UP,73321832112128753462240343031591674546766458753503906982235246998043524582875,1756157763,2025-08-25 21:36:03,0.5
bitcoin-up-or-down-august-27-6pm-et,UP,73321832112128753462240343031591674546766458753503906982235246998043524582875,1756157824,2025-08-25 21:37:04,0.5
bitcoin-up-or-down-august-27-6pm-et,UP,73321832112128753462240343031591674546766458753503906982235246998043524582875,1756157883,2025-08-25 21:38:03,0.5
bitcoin-up-or-down-august-27-6pm-et,UP,73321832112128753462240343031591674546766458753503906982235246998043524582875,1756157943,2025-08-25 21:39:03,0.5
bitcoin-up-or-down-august-27-6pm-et,UP,73321832112128753462240343031591674546766458753503906982235246998043524582875,1756158003,2025-08-25 21:40:03,0.5
bitcoin-up-or-down-august-27-6pm-et,UP,73321832112128753462240343031591674546766458753503906982235246998043524582875,1756158063,2025-08-25 21:41:03,0.5
bitcoin-up-or-down-august-27-6pm-et,UP,73321832112128753462240343031591674546766458753503906982235246998043524582875,1756158123,2025-08-25 21:42:03,0.5
bitcoin-up-or-down-august-27-6pm-et,UP,73321832112128753462240343031591674546766458753503906982235246998043524582875,1756158182,2025-08-25 21:43:02,0.5
bitcoin-up-or-down-august-27-6pm-et,UP,73321832112128753462240343031591674546766458753503906982235246998043524582875,1756158242,2025-08-25 21:44:02,0.5
bitcoin-up-or-down-august-27-6pm-et,UP,73321832112128753462240343031591674546766458753503906982235246998043524582875,1756158303,2025-08-25 21:45:03,0.5
bitcoin-up-or-down-august-27-6pm-et,UP,73321832112128753462240343031591674546766458753503906982235246998043524582875,1756158362,2025-08-25 21:46:02,0.5
bitcoin-up-or-down-august-27-6pm-et,UP,73321832112128753462240343031591674546766458753503906982235246998043524582875,1756158422,2025-08-25 21:47:02,0.5
bitcoin-up-or-down-august-27-6pm-et,UP,73321832112128753462240343031591674546766458753503906982235246998043524582875,1756158482,2025-08-25 21:48:02,0.5
bitcoin-up-or-down-august-27-6pm-et,UP,73321832112128753462240343031591674546766458753503906982235246998043524582875,1756158542,2025-08-25 21:49:02,0.5
bitcoin-up-or-down-august-27-6pm-et,UP,73321832112128753462240343031591674546766458753503906982235246998043524582875,1756158602,2025-08-25 21:50:02,0.5
bitcoin-up-or-down-august-27-6pm-et,UP,73321832112128753462240343031591674546766458753503906982235246998043524582875,1756158663,2025-08-25 21:51:03,0.5
bitcoin-up-or-down-august-27-6pm-et,UP,73321832112128753462240343031591674546766458753503906982235246998043524582875,1756158728,2025-08-25 21:52:08,0.5
bitcoin-up-or-down-august-27-6pm-et,UP,73321832112128753462240343031591674546766458753503906982235246998043524582875,1756158783,2025-08-25 21:53:03,0.5
bitcoin-up-or-down-august-27-6pm-et,UP,73321832112128753462240343031591674546766458753503906982235246998043524582875,1756158842,2025-08-25 21:54:02,0.5
bitcoin-up-or-down-august-27-6pm-et,UP,73321832112128753462240343031591674546766458753503906982235246998043524582875,1756158905,2025-08-25 21:55:05,0.5
bitcoin-up-or-down-august-27-6pm-et,UP,73321832112128753462240343031591674546766458753503906982235246998043524582875,1756158963,2025-08-25 21:56:03,0.5
bitcoin-up-or-down-august-27-6pm-et,UP,73321832112128753462240343031591674546766458753503906982235246998043524582875,1756159024,2025-08-25 21:57:04,0.5
bitcoin-up-or-down-august-27-6pm-et,UP,73321832112128753462240343031591674546766458753503906982235246998043524582875,1756159083,2025-08-25 21:58:03,0.5
bitcoin-up-or-down-august-27-6pm-et,UP,73321832112128753462240343031591674546766458753503906982235246998043524582875,1756159143,2025-08-25 21:59:03,0.5
bitcoin-up-or-down-august-27-6pm-et,UP,73321832112128753462240343031591674546766458753503906982235246998043524582875,1756159217,2025-08-25 22:00:17,0.5
bitcoin-up-or-down-august-27-6pm-et,UP,73321832112128753462240343031591674546766458753503906982235246998043524582875,1756159263,2025-08-25 22:01:03,0.5
bitcoin-up-or-down-august-27-6pm-et,UP,73321832112128753462240343031591674546766458753503906982235246998043524582875,1756159322,2025-08-25 22:02:02,0.5
bitcoin-up-or-down-august-27-6pm-et,UP,73321832112128753462240343031591674546766458753503906982235246998043524582875,1756159383,2025-08-25 22:03:03,0.5
bitcoin-up-or-down-august-27-6pm-et,UP,73321832112128753462240343031591674546766458753503906982235246998043524582875,1756159442,2025-08-25 22:04:02,0.5
bitcoin-up-or-down-august-27-6pm-et,UP,73321832112128753462240343031591674546766458753503906982235246998043524582875,1756159502,2025-08-25 22:05:02,0.5
bitcoin-up-or-down-august-27-6pm-et,UP,73321832112128753462240343031591674546766458753503906982235246998043524582875,1756159562,2025-08-25 22:06:02,0.5
bitcoin-up-or-down-august-27-6pm-et,UP,73321832112128753462240343031591674546766458753503906982235246998043524582875,1756159623,2025-08-25 22:07:03,0.5
bitcoin-up-or-down-august-27-6pm-et,UP,73321832112128753462240343031591674546766458753503906982235246998043524582875,1756159682,2025-08-25 22:08:02,0.5
bitcoin-up-or-down-august-27-6pm-et,UP,73321832112128753462240343031591674546766458753503906982235246998043524582875,1756159743,2025-08-25 22:09:03,0.5
bitcoin-up-or-down-august-27-6pm-et,UP,73321832112128753462240343031591674546766458753503906982235246998043524582875,1756159803,2025-08-25 22:10:03,0.5
bitcoin-up-or-down-august-27-6pm-et,UP,73321832112128753462240343031591674546766458753503906982235246998043524582875,1756159863,2025-08-25 22:11:03,0.5
bitcoin-up-or-down-august-27-6pm-et,UP,73321832112128753462240343031591674546766458753503906982235246998043524582875,1756159922,2025-08-25 22:12:02,0.5
bitcoin-up-or-down-august-27-6pm-et,UP,73321832112128753462240343031591674546766458753503906982235246998043524582875,1756159983,2025-08-25 22:13:03,0.5
bitcoin-up-or-down-august-27-6pm-et,UP,73321832112128753462240343031591674546766458753503906982235246998043524582875,1756160043,2025-08-25 22:14:03,0.5
bitcoin-up-or-down-august-27-6pm-et,UP,73321832112128753462240343031591674546766458753503906982235246998043524582875,1756160104,2025-08-25 22:15:04,0.5
bitcoin-up-or-down-august-27-6pm-et,UP,73321832112128753462240343031591674546766458753503906982235246998043524582875,1756160162,2025-08-25 22:16:02,0.5
bitcoin-up-or-down-august-27-6pm-et,UP,73321832112128753462240343031591674546766458753503906982235246998043524582875,1756160222,2025-08-25 22:17:02,0.5
bitcoin-up-or-down-august-27-6pm-et,UP,73321832112128753462240343031591674546766458753503906982235246998043524582875,1756160282,2025-08-25 22:18:02,0.5
bitcoin-up-or-down-august-27-6pm-et,UP,73321832112128753462240343031591674546766458753503906982235246998043524582875,1756160342,2025-08-25 22:19:02,0.5
bitcoin-up-or-down-august-27-6pm-et,UP,73321832112128753462240343031591674546766458753503906982235246998043524582875,1756160403,2025-08-25 22:20:03,0.5
bitcoin-up-or-down-august-27-6pm-et,UP,73321832112128753462240343031591674546766458753503906982235246998043524582875,1756160463,2025-08-25 22:21:03,0.5
bitcoin-up-or-down-august-27-6pm-et,UP,73321832112128753462240343031591674546766458753503906982235246998043524582875,1756160523,2025-08-25 22:22:03,0.5
bitcoin-up-or-down-august-27-6pm-et,UP,73321832112128753462240343031591674546766458753503906982235246998043524582875,1756160582,2025-08-25 22:23:02,0.5
bitcoin-up-or-down-august-27-6pm-et,UP,73321832112128753462240343031591674546766458753503906982235246998043524582875,1756160643,2025-08-25 22:24:03,0.5
bitcoin-up-or-down-august-27-6pm-et,UP,73321832112128753462240343031591674546766458753503906982235246998043524582875,1756160704,2025-08-25 22:25:04,0.5
bitcoin-up-or-down-august-27-6pm-et,UP,73321832112128753462240343031591674546766458753503906982235246998043524582875,1756160762,2025-08-25 22:26:02,0.5
bitcoin-up-or-down-august-27-6pm-et,UP,73321832112128753462240343031591674546766458753503906982235246998043524582875,1756160824,2025-08-25 22:27:04,0.5
bitcoin-up-or-down-august-27-6pm-et,UP,73321832112128753462240343031591674546766458753503906982235246998043524582875,1756160883,2025-08-25 22:28:03,0.5
bitcoin-up-or-down-august-27-6pm-et,UP,73321832112128753462240343031591674546766458753503906982235246998043524582875,1756160942,2025-08-25 22:29:02,0.5
bitcoin-up-or-down-august-27-6pm-et,UP,73321832112128753462240343031591674546766458753503906982235246998043524582875,1756161007,2025-08-25 22:30:07,0.5
bitcoin-up-or-down-august-27-6pm-et,UP,73321832112128753462240343031591674546766458753503906982235246998043524582875,1756161063,2025-08-25 22:31:03,0.5
bitcoin-up-or-down-august-27-6pm-et,UP,73321832112128753462240343031591674546766458753503906982235246998043524582875,1756161123,2025-08-25 22:32:03,0.5
bitcoin-up-or-down-august-27-6pm-et,UP,73321832112128753462240343031591674546766458753503906982235246998043524582875,1756161183,2025-08-25 22:33:03,0.5
bitcoin-up-or-down-august-27-6pm-et,UP,73321832112128753462240343031591674546766458753503906982235246998043524582875,1756161242,2025-08-25 22:34:02,0.5
bitcoin-up-or-down-august-27-6pm-et,UP,73321832112128753462240343031591674546766458753503906982235246998043524582875,1756161304,2025-08-25 22:35:04,0.5
bitcoin-up-or-down-august-27-6pm-et,UP,73321832112128753462240343031591674546766458753503906982235246998043524582875,1756161364,2025-08-25 22:36:04,0.5
bitcoin-up-or-down-august-27-6pm-et,UP,73321832112128753462240343031591674546766458753503906982235246998043524582875,1756161424,2025-08-25 22:37:04,0.5
bitcoin-up-or-down-august-27-6pm-et,UP,73321832112128753462240343031591674546766458753503906982235246998043524582875,1756161483,2025-08-25 22:38:03,0.5
bitcoin-up-or-down-august-27-6pm-et,UP,73321832112128753462240343031591674546766458753503906982235246998043524582875,1756161543,2025-08-25 22:39:03,0.5
bitcoin-up-or-down-august-27-6pm-et,UP,73321832112128753462240343031591674546766458753503906982235246998043524582875,1756161603,2025-08-25 22:40:03,0.5
bitcoin-up-or-down-august-27-6pm-et,UP,73321832112128753462240343031591674546766458753503906982235246998043524582875,1756161662,2025-08-25 22:41:02,0.5
bitcoin-up-or-down-august-27-6pm-et,UP,73321832112128753462240343031591674546766458753503906982235246998043524582875,1756161723,2025-08-25 22:42:03,0.5
bitcoin-up-or-down-august-27-6pm-et,UP,73321832112128753462240343031591674546766458753503906982235246998043524582875,1756161783,2025-08-25 22:43:03,0.5
bitcoin-up-or-down-august-27-6pm-et,UP,73321832112128753462240343031591674546766458753503906982235246998043524582875,1756161842,2025-08-25 22:44:02,0.5
bitcoin-up-or-down-august-27-6pm-et,UP,73321832112128753462240343031591674546766458753503906982235246998043524582875,1756161904,2025-08-25 22:45:04,0.5
bitcoin-up-or-down-august-27-6pm-et,UP,73321832112128753462240343031591674546766458753503906982235246998043524582875,1756161962,2025-08-25 22:46:02,0.5
bitcoin-up-or-down-august-27-6pm-et,UP,73321832112128753462240343031591674546766458753503906982235246998043524582875,1756162023,2025-08-25 22:47:03,0.5
bitcoin-up-or-down-august-27-6pm-et,UP,73321832112128753462240343031591674546766458753503906982235246998043524582875,1756162082,2025-08-25 22:48:02,0.5
bitcoin-up-or-down-august-27-6pm-et,UP,73321832112128753462240343031591674546766458753503906982235246998043524582875,1756162143,2025-08-25 22:49:03,0.5
bitcoin-up-or-down-august-27-6pm-et,UP,73321832112128753462240343031591674546766458753503906982235246998043524582875,1756162204,2025-08-25 22:50:04,0.5
bitcoin-up-or-down-august-27-6pm-et,UP,73321832112128753462240343031591674546766458753503906982235246998043524582875,1756162262,2025-08-25 22:51:02,0.5
bitcoin-up-or-down-august-27-6pm-et,UP,73321832112128753462240343031591674546766458753503906982235246998043524582875,1756162327,2025-08-25 22:52:07,0.5
bitcoin-up-or-down-august-27-6pm-et,UP,73321832112128753462240343031591674546766458753503906982235246998043524582875,1756162382,2025-08-25 22:53:02,0.5
bitcoin-up-or-down-august-27-6pm-et,UP,73321832112128753462240343031591674546766458753503906982235246998043524582875,1756162442,2025-08-25 22:54:02,0.5
bitcoin-up-or-down-august-27-6pm-et,UP,73321832112128753462240343031591674546766458753503906982235246998043524582875,1756162502,2025-08-25 22:55:02,0.5
bitcoin-up-or-down-august-27-6pm-et,UP,73321832112128753462240343031591674546766458753503906982235246998043524582875,1756162563,2025-08-25 22:56:03,0.5
bitcoin-up-or-down-august-27-6pm-et,UP,73321832112128753462240343031591674546766458753503906982235246998043524582875,1756162623,2025-08-25 22:57:03,0.5
bitcoin-up-or-down-august-27-6pm-et,UP,73321832112128753462240343031591674546766458753503906982235246998043524582875,1756162682,2025-08-25 22:58:02,0.5
bitcoin-up-or-down-august-27-6pm-et,UP,73321832112128753462240343031591674546766458753503906982235246998043524582875,1756162743,2025-08-25 22:59:03,0.5
bitcoin-up-or-down-august-27-6pm-et,UP,73321832112128753462240343031591674546766458753503906982235246998043524582875,1756162804,2025-08-25 23:00:04,0.5
bitcoin-up-or-down-august-27-6pm-et,UP,73321832112128753462240343031591674546766458753503906982235246998043524582875,1756162862,2025-08-25 23:01:02,0.5
bitcoin-up-or-down-august-27-6pm-et,UP,73321832112128753462240343031591674546766458753503906982235246998043524582875,1756162923,2025-08-25 23:02:03,0.5
bitcoin-up-or-down-august-27-6pm-et,UP,73321832112128753462240343031591674546766458753503906982235246998043524582875,1756162983,2025-08-25 23:03:03,0.5
bitcoin-up-or-down-august-27-6pm-et,UP,73321832112128753462240343031591674546766458753503906982235246998043524582875,1756163043,2025-08-25 23:04:03,0.5
bitcoin-up-or-down-august-27-6pm-et,UP,73321832112128753462240343031591674546766458753503906982235246998043524582875,1756163103,2025-08-25 23:05:03,0.5
bitcoin-up-or-down-august-27-6pm-et,UP,73321832112128753462240343031591674546766458753503906982235246998043524582875,1756163162,2025-08-25 23:06:02,0.5
bitcoin-up-or-down-august-27-6pm-et,UP,73321832112128753462240343031591674546766458753503906982235246998043524582875,1756163223,2025-08-25 23:07:03,0.5
bitcoin-up-or-down-august-27-6pm-et,UP,73321832112128753462240343031591674546766458753503906982235246998043524582875,1756163282,2025-08-25 23:08:02,0.5
bitcoin-up-or-down-august-27-6pm-et,UP,73321832112128753462240343031591674546766458753503906982235246998043524582875,1756163343,2025-08-25 23:09:03,0.5
bitcoin-up-or-down-august-27-6pm-et,UP,73321832112128753462240343031591674546766458753503906982235246998043524582875,1756163402,2025-08-25 23:10:02,0.5
bitcoin-up-or-down-august-27-6pm-et,UP,73321832112128753462240343031591674546766458753503906982235246998043524582875,1756163462,2025-08-25 23:11:02,0.5
bitcoin-up-or-down-august-27-6pm-et,UP,73321832112128753462240343031591674546766458753503906982235246998043524582875,1756163522,2025-08-25 23:12:02,0.5
bitcoin-up-or-down-august-27-6pm-et,UP,73321832112128753462240343031591674546766458753503906982235246998043524582875,1756163583,2025-08-25 23:13:03,0.5
bitcoin-up-or-down-august-27-6pm-et,UP,73321832112128753462240343031591674546766458753503906982235246998043524582875,1756163642,2025-08-25 23:14:02,0.5
bitcoin-up-or-down-august-27-6pm-et,UP,73321832112128753462240343031591674546766458753503906982235246998043524582875,1756163704,2025-08-25 23:15:04,0.5
bitcoin-up-or-down-august-27-6pm-et,UP,73321832112128753462240343031591674546766458753503906982235246998043524582875,1756163762,2025-08-25 23:16:02,0.5
bitcoin-up-or-down-august-27-6pm-et,UP,73321832112128753462240343031591674546766458753503906982235246998043524582875,1756163822,2025-08-25 23:17:02,0.5
bitcoin-up-or-down-august-27-6pm-et,UP,73321832112128753462240343031591674546766458753503906982235246998043524582875,1756163883,2025-08-25 23:18:03,0.5
bitcoin-up-or-down-august-27-6pm-et,UP,73321832112128753462240343031591674546766458753503906982235246998043524582875,1756163943,2025-08-25 23:19:03,0.5
bitcoin-up-or-down-august-27-6pm-et,UP,73321832112128753462240343031591674546766458753503906982235246998043524582875,1756164004,2025-08-25 23:20:04,0.5
bitcoin-up-or-down-august-27-6pm-et,UP,73321832112128753462240343031591674546766458753503906982235246998043524582875,1756164062,2025-08-25 23:21:02,0.5
bitcoin-up-or-down-august-27-6pm-et,UP,73321832112128753462240343031591674546766458753503906982235246998043524582875,1756164122,2025-08-25 23:22:02,0.5
bitcoin-up-or-down-august-27-6pm-et,UP,73321832112128753462240343031591674546766458753503906982235246998043524582875,1756164182,2025-08-25 23:23:02,0.5
bitcoin-up-or-down-august-27-6pm-et,UP,73321832112128753462240343031591674546766458753503906982235246998043524582875,1756164243,2025-08-25 23:24:03,0.5
bitcoin-up-or-down-august-27-6pm-et,UP,73321832112128753462240343031591674546766458753503906982235246998043524582875,1756164302,2025-08-25 23:25:02,0.5
bitcoin-up-or-down-august-27-6pm-et,UP,73321832112128753462240343031591674546766458753503906982235246998043524582875,1756164362,2025-08-25 23:26:02,0.5
bitcoin-up-or-down-august-27-6pm-et,UP,73321832112128753462240343031591674546766458753503906982235246998043524582875,1756164424,2025-08-25 23:27:04,0.5
bitcoin-up-or-down-august-27-6pm-et,UP,73321832112128753462240343031591674546766458753503906982235246998043524582875,1756164483,2025-08-25 23:28:03,0.5
bitcoin-up-or-down-august-27-6pm-et,UP,73321832112128753462240343031591674546766458753503906982235246998043524582875,1756164542,2025-08-25 23:29:02,0.5
bitcoin-up-or-down-august-27-6pm-et,UP,73321832112128753462240343031591674546766458753503906982235246998043524582875,1756164605,2025-08-25 23:30:05,0.5
bitcoin-up-or-down-august-27-6pm-et,UP,73321832112128753462240343031591674546766458753503906982235246998043524582875,1756164662,2025-08-25 23:31:02,0.5
bitcoin-up-or-down-august-27-6pm-et,UP,73321832112128753462240343031591674546766458753503906982235246998043524582875,1756164723,2025-08-25 23:32:03,0.5
bitcoin-up-or-down-august-27-6pm-et,UP,73321832112128753462240343031591674546766458753503906982235246998043524582875,1756164782,2025-08-25 23:33:02,0.5
bitcoin-up-or-down-august-27-6pm-et,UP,73321832112128753462240343031591674546766458753503906982235246998043524582875,1756164843,2025-08-25 23:34:03,0.5
bitcoin-up-or-down-august-27-6pm-et,UP,73321832112128753462240343031591674546766458753503906982235246998043524582875,1756164902,2025-08-25 23:35:02,0.5
bitcoin-up-or-down-august-27-6pm-et,UP,73321832112128753462240343031591674546766458753503906982235246998043524582875,1756164963,2025-08-25 23:36:03,0.5
bitcoin-up-or-down-august-27-6pm-et,UP,73321832112128753462240343031591674546766458753503906982235246998043524582875,1756165022,2025-08-25 23:37:02,0.5
bitcoin-up-or-down-august-27-6pm-et,UP,73321832112128753462240343031591674546766458753503906982235246998043524582875,1756165083,2025-08-25 23:38:03,0.5
bitcoin-up-or-down-august-27-6pm-et,UP,73321832112128753462240343031591674546766458753503906982235246998043524582875,1756165142,2025-08-25 23:39:02,0.5
bitcoin-up-or-down-august-27-6pm-et,UP,73321832112128753462240343031591674546766458753503906982235246998043524582875,1756165203,2025-08-25 23:40:03,0.5
bitcoin-up-or-down-august-27-6pm-et,UP,73321832112128753462240343031591674546766458753503906982235246998043524582875,1756165263,2025-08-25 23:41:03,0.5
bitcoin-up-or-down-august-27-6pm-et,UP,73321832112128753462240343031591674546766458753503906982235246998043524582875,1756165323,2025-08-25 23:42:03,0.5
bitcoin-up-or-down-august-27-6pm-et,UP,73321832112128753462240343031591674546766458753503906982235246998043524582875,1756165382,2025-08-25 23:43:02,0.5
bitcoin-up-or-down-august-27-6pm-et,UP,73321832112128753462240343031591674546766458753503906982235246998043524582875,1756165442,2025-08-25 23:44:02,0.5
bitcoin-up-or-down-august-27-6pm-et,UP,73321832112128753462240343031591674546766458753503906982235246998043524582875,1756165502,2025-08-25 23:45:02,0.5
bitcoin-up-or-down-august-27-6pm-et,UP,73321832112128753462240343031591674546766458753503906982235246998043524582875,1756165564,2025-08-25 23:46:04,0.5
bitcoin-up-or-down-august-27-6pm-et,UP,73321832112128753462240343031591674546766458753503906982235246998043524582875,1756165623,2025-08-25 23:47:03,0.5
bitcoin-up-or-down-august-27-6pm-et,UP,73321832112128753462240343031591674546766458753503906982235246998043524582875,1756165683,2025-08-25 23:48:03,0.5
bitcoin-up-or-down-august-27-6pm-et,UP,73321832112128753462240343031591674546766458753503906982235246998043524582875,1756165743,2025-08-25 23:49:03,0.5
bitcoin-up-or-down-august-27-6pm-et,UP,73321832112128753462240343031591674546766458753503906982235246998043524582875,1756165802,2025-08-25 23:50:02,0.5
bitcoin-up-or-down-august-27-6pm-et,UP,73321832112128753462240343031591674546766458753503906982235246998043524582875,1756165862,2025-08-25 23:51:02,0.5
bitcoin-up-or-down-august-27-6pm-et,UP,73321832112128753462240343031591674546766458753503906982235246998043524582875,1756165922,2025-08-25 23:52:02,0.5
bitcoin-up-or-down-august-27-6pm-et,UP,73321832112128753462240343031591674546766458753503906982235246998043524582875,1756165983,2025-08-25 23:53:03,0.5
bitcoin-up-or-down-august-27-6pm-et,UP,73321832112128753462240343031591674546766458753503906982235246998043524582875,1756166042,2025-08-25 23:54:02,0.5
bitcoin-up-or-down-august-27-6pm-et,UP,73321832112128753462240343031591674546766458753503906982235246998043524582875,1756166103,2025-08-25 23:55:03,0.5
bitcoin-up-or-down-august-27-6pm-et,UP,73321832112128753462240343031591674546766458753503906982235246998043524582875,1756166163,2025-08-25 23:56:03,0.5
bitcoin-up-or-down-august-27-6pm-et,UP,73321832112128753462240343031591674546766458753503906982235246998043524582875,1756166223,2025-08-25 23:57:03,0.5
bitcoin-up-or-down-august-27-6pm-et,UP,73321832112128753462240343031591674546766458753503906982235246998043524582875,1756166282,2025-08-25 23:58:02,0.5
bitcoin-up-or-down-august-27-6pm-et,UP,73321832112128753462240343031591674546766458753503906982235246998043524582875,1756166342,2025-08-25 23:59:02,0.5
bitcoin-up-or-down-august-27-6pm-et,UP,73321832112128753462240343031591674546766458753503906982235246998043524582875,1756166402,2025-08-26 00:00:02,0.5
bitcoin-up-or-down-august-27-6pm-et,UP,73321832112128753462240343031591674546766458753503906982235246998043524582875,1756166463,2025-08-26 00:01:03,0.5
bitcoin-up-or-down-august-27-6pm-et,UP,73321832112128753462240343031591674546766458753503906982235246998043524582875,1756166523,2025-08-26 00:02:03,0.5
bitcoin-up-or-down-august-27-6pm-et,UP,73321832112128753462240343031591674546766458753503906982235246998043524582875,1756166582,2025-08-26 00:03:02,0.5
bitcoin-up-or-down-august-27-6pm-et,UP,73321832112128753462240343031591674546766458753503906982235246998043524582875,1756166642,2025-08-26 00:04:02,0.5
bitcoin-up-or-down-august-27-6pm-et,UP,73321832112128753462240343031591674546766458753503906982235246998043524582875,1756166702,2025-08-26 00:05:02,0.5
bitcoin-up-or-down-august-27-6pm-et,UP,73321832112128753462240343031591674546766458753503906982235246998043524582875,1756166763,2025-08-26 00:06:03,0.5
bitcoin-up-or-down-august-27-6pm-et,UP,73321832112128753462240343031591674546766458753503906982235246998043524582875,1756166822,2025-08-26 00:07:02,0.5
bitcoin-up-or-down-august-27-6pm-et,UP,73321832112128753462240343031591674546766458753503906982235246998043524582875,1756166883,2025-08-26 00:08:03,0.5
bitcoin-up-or-down-august-27-6pm-et,UP,73321832112128753462240343031591674546766458753503906982235246998043524582875,1756166942,2025-08-26 00:09:02,0.5
bitcoin-up-or-down-august-27-6pm-et,UP,73321832112128753462240343031591674546766458753503906982235246998043524582875,1756167003,2025-08-26 00:10:03,0.5
bitcoin-up-or-down-august-27-6pm-et,UP,73321832112128753462240343031591674546766458753503906982235246998043524582875,1756167062,2025-08-26 00:11:02,0.5
bitcoin-up-or-down-august-27-6pm-et,UP,73321832112128753462240343031591674546766458753503906982235246998043524582875,1756167122,2025-08-26 00:12:02,0.5
bitcoin-up-or-down-august-27-6pm-et,UP,73321832112128753462240343031591674546766458753503906982235246998043524582875,1756167182,2025-08-26 00:13:02,0.5
bitcoin-up-or-down-august-27-6pm-et,UP,73321832112128753462240343031591674546766458753503906982235246998043524582875,1756167243,2025-08-26 00:14:03,0.5
bitcoin-up-or-down-august-27-6pm-et,UP,73321832112128753462240343031591674546766458753503906982235246998043524582875,1756167302,2025-08-26 00:15:02,0.5
bitcoin-up-or-down-august-27-6pm-et,UP,73321832112128753462240343031591674546766458753503906982235246998043524582875,1756167363,2025-08-26 00:16:03,0.5
bitcoin-up-or-down-august-27-6pm-et,UP,73321832112128753462240343031591674546766458753503906982235246998043524582875,1756167423,2025-08-26 00:17:03,0.5
bitcoin-up-or-down-august-27-6pm-et,UP,73321832112128753462240343031591674546766458753503906982235246998043524582875,1756167482,2025-08-26 00:18:02,0.5
bitcoin-up-or-down-august-27-6pm-et,UP,73321832112128753462240343031591674546766458753503906982235246998043524582875,1756167543,2025-08-26 00:19:03,0.5
bitcoin-up-or-down-august-27-6pm-et,UP,73321832112128753462240343031591674546766458753503906982235246998043524582875,1756167604,2025-08-26 00:20:04,0.5
bitcoin-up-or-down-august-27-6pm-et,UP,73321832112128753462240343031591674546766458753503906982235246998043524582875,1756167663,2025-08-26 00:21:03,0.5
bitcoin-up-or-down-august-27-6pm-et,UP,73321832112128753462240343031591674546766458753503906982235246998043524582875,1756167722,2025-08-26 00:22:02,0.5
bitcoin-up-or-down-august-27-6pm-et,UP,73321832112128753462240343031591674546766458753503906982235246998043524582875,1756167782,2025-08-26 00:23:02,0.5
bitcoin-up-or-down-august-27-6pm-et,UP,73321832112128753462240343031591674546766458753503906982235246998043524582875,1756167843,2025-08-26 00:24:03,0.5
bitcoin-up-or-down-august-27-6pm-et,UP,73321832112128753462240343031591674546766458753503906982235246998043524582875,1756167902,2025-08-26 00:25:02,0.5
bitcoin-up-or-down-august-27-6pm-et,UP,73321832112128753462240343031591674546766458753503906982235246998043524582875,1756167965,2025-08-26 00:26:05,0.5
bitcoin-up-or-down-august-27-6pm-et,UP,73321832112128753462240343031591674546766458753503906982235246998043524582875,1756168023,2025-08-26 00:27:03,0.5
bitcoin-up-or-down-august-27-6pm-et,UP,73321832112128753462240343031591674546766458753503906982235246998043524582875,1756168083,2025-08-26 00:28:03,0.5
bitcoin-up-or-down-august-27-6pm-et,UP,73321832112128753462240343031591674546766458753503906982235246998043524582875,1756168143,2025-08-26 00:29:03,0.5
bitcoin-up-or-down-august-27-6pm-et,UP,73321832112128753462240343031591674546766458753503906982235246998043524582875,1756168205,2025-08-26 00:30:05,0.5
bitcoin-up-or-down-august-27-6pm-et,UP,73321832112128753462240343031591674546766458753503906982235246998043524582875,1756168262,2025-08-26 00:31:02,0.5
bitcoin-up-or-down-august-27-6pm-et,UP,73321832112128753462240343031591674546766458753503906982235246998043524582875,1756168322,2025-08-26 00:32:02,0.5
bitcoin-up-or-down-august-27-6pm-et,UP,73321832112128753462240343031591674546766458753503906982235246998043524582875,1756168383,2025-08-26 00:33:03,0.5
bitcoin-up-or-down-august-27-6pm-et,UP,73321832112128753462240343031591674546766458753503906982235246998043524582875,1756168443,2025-08-26 00:34:03,0.5
bitcoin-up-or-down-august-27-6pm-et,UP,73321832112128753462240343031591674546766458753503906982235246998043524582875,1756168504,2025-08-26 00:35:04,0.5
bitcoin-up-or-down-august-27-6pm-et,UP,73321832112128753462240343031591674546766458753503906982235246998043524582875,1756168562,2025-08-26 00:36:02,0.5
bitcoin-up-or-down-august-27-6pm-et,UP,73321832112128753462240343031591674546766458753503906982235246998043524582875,1756168623,2025-08-26 00:37:03,0.5
bitcoin-up-or-down-august-27-6pm-et,UP,73321832112128753462240343031591674546766458753503906982235246998043524582875,1756168683,2025-08-26 00:38:03,0.5
bitcoin-up-or-down-august-27-6pm-et,UP,73321832112128753462240343031591674546766458753503906982235246998043524582875,1756168743,2025-08-26 00:39:03,0.5
bitcoin-up-or-down-august-27-6pm-et,UP,73321832112128753462240343031591674546766458753503906982235246998043524582875,1756168804,2025-08-26 00:40:04,0.5
bitcoin-up-or-down-august-27-6pm-et,UP,73321832112128753462240343031591674546766458753503906982235246998043524582875,1756168863,2025-08-26 00:41:03,0.5
bitcoin-up-or-down-august-27-6pm-et,UP,73321832112128753462240343031591674546766458753503906982235246998043524582875,1756168923,2025-08-26 00:42:03,0.5
bitcoin-up-or-down-august-27-6pm-et,UP,73321832112128753462240343031591674546766458753503906982235246998043524582875,1756168983,2025-08-26 00:43:03,0.5
bitcoin-up-or-down-august-27-6pm-et,UP,73321832112128753462240343031591674546766458753503906982235246998043524582875,1756169042,2025-08-26 00:44:02,0.5
bitcoin-up-or-down-august-27-6pm-et,UP,73321832112128753462240343031591674546766458753503906982235246998043524582875,1756169103,2025-08-26 00:45:03,0.5
bitcoin-up-or-down-august-27-6pm-et,UP,73321832112128753462240343031591674546766458753503906982235246998043524582875,1756169163,2025-08-26 00:46:03,0.5
bitcoin-up-or-down-august-27-6pm-et,UP,73321832112128753462240343031591674546766458753503906982235246998043524582875,1756169222,2025-08-26 00:47:02,0.5
bitcoin-up-or-down-august-27-6pm-et,UP,73321832112128753462240343031591674546766458753503906982235246998043524582875,1756169282,2025-08-26 00:48:02,0.5
bitcoin-up-or-down-august-27-6pm-et,UP,73321832112128753462240343031591674546766458753503906982235246998043524582875,1756169343,2025-08-26 00:49:03,0.5
bitcoin-up-or-down-august-27-6pm-et,UP,73321832112128753462240343031591674546766458753503906982235246998043524582875,1756169402,2025-08-26 00:50:02,0.5
bitcoin-up-or-down-august-27-6pm-et,UP,73321832112128753462240343031591674546766458753503906982235246998043524582875,1756169462,2025-08-26 00:51:02,0.5
bitcoin-up-or-down-august-27-6pm-et,UP,73321832112128753462240343031591674546766458753503906982235246998043524582875,1756169526,2025-08-26 00:52:06,0.5
bitcoin-up-or-down-august-27-6pm-et,UP,73321832112128753462240343031591674546766458753503906982235246998043524582875,1756169582,2025-08-26 00:53:02,0.5
bitcoin-up-or-down-august-27-6pm-et,UP,73321832112128753462240343031591674546766458753503906982235246998043524582875,1756169642,2025-08-26 00:54:02,0.5
bitcoin-up-or-down-august-27-6pm-et,UP,73321832112128753462240343031591674546766458753503906982235246998043524582875,1756169703,2025-08-26 00:55:03,0.5
bitcoin-up-or-down-august-27-6pm-et,UP,73321832112128753462240343031591674546766458753503906982235246998043524582875,1756169763,2025-08-26 00:56:03,0.5
bitcoin-up-or-down-august-27-6pm-et,UP,73321832112128753462240343031591674546766458753503906982235246998043524582875,1756169822,2025-08-26 00:57:02,0.5
bitcoin-up-or-down-august-27-6pm-et,UP,73321832112128753462240343031591674546766458753503906982235246998043524582875,1756169883,2025-08-26 00:58:03,0.5
bitcoin-up-or-down-august-27-6pm-et,UP,73321832112128753462240343031591674546766458753503906982235246998043524582875,1756169942,2025-08-26 00:59:02,0.5
bitcoin-up-or-down-august-27-6pm-et,UP,73321832112128753462240343031591674546766458753503906982235246998043524582875,1756170010,2025-08-26 01:00:10,0.5
bitcoin-up-or-down-august-27-6pm-et,UP,73321832112128753462240343031591674546766458753503906982235246998043524582875,1756170067,2025-08-26 01:01:07,0.5
bitcoin-up-or-down-august-27-6pm-et,UP,73321832112128753462240343031591674546766458753503906982235246998043524582875,1756170123,2025-08-26 01:02:03,0.5
bitcoin-up-or-down-august-27-6pm-et,UP,73321832112128753462240343031591674546766458753503906982235246998043524582875,1756170182,2025-08-26 01:03:02,0.5
bitcoin-up-or-down-august-27-6pm-et,UP,73321832112128753462240343031591674546766458753503906982235246998043524582875,1756170243,2025-08-26 01:04:03,0.5
bitcoin-up-or-down-august-27-6pm-et,UP,73321832112128753462240343031591674546766458753503906982235246998043524582875,1756170302,2025-08-26 01:05:02,0.5
bitcoin-up-or-down-august-27-6pm-et,UP,73321832112128753462240343031591674546766458753503906982235246998043524582875,1756170362,2025-08-26 01:06:02,0.5
bitcoin-up-or-down-august-27-6pm-et,UP,73321832112128753462240343031591674546766458753503906982235246998043524582875,1756170422,2025-08-26 01:07:02,0.5
bitcoin-up-or-down-august-27-6pm-et,UP,73321832112128753462240343031591674546766458753503906982235246998043524582875,1756170482,2025-08-26 01:08:02,0.5
bitcoin-up-or-down-august-27-6pm-et,UP,73321832112128753462240343031591674546766458753503906982235246998043524582875,1756170543,2025-08-26 01:09:03,0.5
bitcoin-up-or-down-august-27-6pm-et,UP,73321832112128753462240343031591674546766458753503906982235246998043524582875,1756170603,2025-08-26 01:10:03,0.5
bitcoin-up-or-down-august-27-6pm-et,UP,73321832112128753462240343031591674546766458753503906982235246998043524582875,1756170662,2025-08-26 01:11:02,0.5
bitcoin-up-or-down-august-27-6pm-et,UP,73321832112128753462240343031591674546766458753503906982235246998043524582875,1756170722,2025-08-26 01:12:02,0.5
bitcoin-up-or-down-august-27-6pm-et,UP,73321832112128753462240343031591674546766458753503906982235246998043524582875,1756170783,2025-08-26 01:13:03,0.5
bitcoin-up-or-down-august-27-6pm-et,UP,73321832112128753462240343031591674546766458753503906982235246998043524582875,1756170843,2025-08-26 01:14:03,0.5
bitcoin-up-or-down-august-27-6pm-et,UP,73321832112128753462240343031591674546766458753503906982235246998043524582875,1756170902,2025-08-26 01:15:02,0.5
bitcoin-up-or-down-august-27-6pm-et,UP,73321832112128753462240343031591674546766458753503906982235246998043524582875,1756170962,2025-08-26 01:16:02,0.5
bitcoin-up-or-down-august-27-6pm-et,UP,73321832112128753462240343031591674546766458753503906982235246998043524582875,1756171022,2025-08-26 01:17:02,0.5
bitcoin-up-or-down-august-27-6pm-et,UP,73321832112128753462240343031591674546766458753503906982235246998043524582875,1756171082,2025-08-26 01:18:02,0.5
bitcoin-up-or-down-august-27-6pm-et,UP,73321832112128753462240343031591674546766458753503906982235246998043524582875,1756171143,2025-08-26 01:19:03,0.5
bitcoin-up-or-down-august-27-6pm-et,UP,73321832112128753462240343031591674546766458753503906982235246998043524582875,1756171203,2025-08-26 01:20:03,0.5
bitcoin-up-or-down-august-27-6pm-et,UP,73321832112128753462240343031591674546766458753503906982235246998043524582875,1756171263,2025-08-26 01:21:03,0.5
bitcoin-up-or-down-august-27-6pm-et,UP,73321832112128753462240343031591674546766458753503906982235246998043524582875,1756171323,2025-08-26 01:22:03,0.5
bitcoin-up-or-down-august-27-6pm-et,UP,73321832112128753462240343031591674546766458753503906982235246998043524582875,1756171383,2025-08-26 01:23:03,0.5
bitcoin-up-or-down-august-27-6pm-et,UP,73321832112128753462240343031591674546766458753503906982235246998043524582875,1756171442,2025-08-26 01:24:02,0.5
bitcoin-up-or-down-august-27-6pm-et,UP,73321832112128753462240343031591674546766458753503906982235246998043524582875,1756171502,2025-08-26 01:25:02,0.5
bitcoin-up-or-down-august-27-6pm-et,UP,73321832112128753462240343031591674546766458753503906982235246998043524582875,1756171562,2025-08-26 01:26:02,0.5
bitcoin-up-or-down-august-27-6pm-et,UP,73321832112128753462240343031591674546766458753503906982235246998043524582875,1756171623,2025-08-26 01:27:03,0.5
bitcoin-up-or-down-august-27-6pm-et,UP,73321832112128753462240343031591674546766458753503906982235246998043524582875,1756171683,2025-08-26 01:28:03,0.5
bitcoin-up-or-down-august-27-6pm-et,UP,73321832112128753462240343031591674546766458753503906982235246998043524582875,1756171743,2025-08-26 01:29:03,0.5
bitcoin-up-or-down-august-27-6pm-et,UP,73321832112128753462240343031591674546766458753503906982235246998043524582875,1756171804,2025-08-26 01:30:04,0.5
bitcoin-up-or-down-august-27-6pm-et,UP,73321832112128753462240343031591674546766458753503906982235246998043524582875,1756171862,2025-08-26 01:31:02,0.5
bitcoin-up-or-down-august-27-6pm-et,UP,73321832112128753462240343031591674546766458753503906982235246998043524582875,1756171922,2025-08-26 01:32:02,0.5
bitcoin-up-or-down-august-27-6pm-et,UP,73321832112128753462240343031591674546766458753503906982235246998043524582875,1756171983,2025-08-26 01:33:03,0.5
bitcoin-up-or-down-august-27-6pm-et,UP,73321832112128753462240343031591674546766458753503906982235246998043524582875,1756172043,2025-08-26 01:34:03,0.5
bitcoin-up-or-down-august-27-6pm-et,UP,73321832112128753462240343031591674546766458753503906982235246998043524582875,1756172103,2025-08-26 01:35:03,0.5
bitcoin-up-or-down-august-27-6pm-et,UP,73321832112128753462240343031591674546766458753503906982235246998043524582875,1756172162,2025-08-26 01:36:02,0.5
bitcoin-up-or-down-august-27-6pm-et,UP,73321832112128753462240343031591674546766458753503906982235246998043524582875,1756172223,2025-08-26 01:37:03,0.5
bitcoin-up-or-down-august-27-6pm-et,UP,73321832112128753462240343031591674546766458753503906982235246998043524582875,1756172283,2025-08-26 01:38:03,0.5
bitcoin-up-or-down-august-27-6pm-et,UP,73321832112128753462240343031591674546766458753503906982235246998043524582875,1756172344,2025-08-26 01:39:04,0.5
bitcoin-up-or-down-august-27-6pm-et,UP,73321832112128753462240343031591674546766458753503906982235246998043524582875,1756172402,2025-08-26 01:40:02,0.5
bitcoin-up-or-down-august-27-6pm-et,UP,73321832112128753462240343031591674546766458753503906982235246998043524582875,1756172463,2025-08-26 01:41:03,0.5
bitcoin-up-or-down-august-27-6pm-et,UP,73321832112128753462240343031591674546766458753503906982235246998043524582875,1756172523,2025-08-26 01:42:03,0.5
bitcoin-up-or-down-august-27-6pm-et,UP,73321832112128753462240343031591674546766458753503906982235246998043524582875,1756172583,2025-08-26 01:43:03,0.5
bitcoin-up-or-down-august-27-6pm-et,UP,73321832112128753462240343031591674546766458753503906982235246998043524582875,1756172643,2025-08-26 01:44:03,0.5
bitcoin-up-or-down-august-27-6pm-et,UP,73321832112128753462240343031591674546766458753503906982235246998043524582875,1756172702,2025-08-26 01:45:02,0.5
bitcoin-up-or-down-august-27-6pm-et,UP,73321832112128753462240343031591674546766458753503906982235246998043524582875,1756172763,2025-08-26 01:46:03,0.5
bitcoin-up-or-down-august-27-6pm-et,UP,73321832112128753462240343031591674546766458753503906982235246998043524582875,1756172822,2025-08-26 01:47:02,0.5
bitcoin-up-or-down-august-27-6pm-et,UP,73321832112128753462240343031591674546766458753503906982235246998043524582875,1756172883,2025-08-26 01:48:03,0.5
bitcoin-up-or-down-august-27-6pm-et,UP,73321832112128753462240343031591674546766458753503906982235246998043524582875,1756172942,2025-08-26 01:49:02,0.5
bitcoin-up-or-down-august-27-6pm-et,UP,73321832112128753462240343031591674546766458753503906982235246998043524582875,1756173003,2025-08-26 01:50:03,0.5
bitcoin-up-or-down-august-27-6pm-et,UP,73321832112128753462240343031591674546766458753503906982235246998043524582875,1756173062,2025-08-26 01:51:02,0.5
bitcoin-up-or-down-august-27-6pm-et,UP,73321832112128753462240343031591674546766458753503906982235246998043524582875,1756173123,2025-08-26 01:52:03,0.5
bitcoin-up-or-down-august-27-6pm-et,UP,73321832112128753462240343031591674546766458753503906982235246998043524582875,1756173187,2025-08-26 01:53:07,0.5
bitcoin-up-or-down-august-27-6pm-et,UP,73321832112128753462240343031591674546766458753503906982235246998043524582875,1756173242,2025-08-26 01:54:02,0.5
bitcoin-up-or-down-august-27-6pm-et,UP,73321832112128753462240343031591674546766458753503906982235246998043524582875,1756173304,2025-08-26 01:55:04,0.5
bitcoin-up-or-down-august-27-6pm-et,UP,73321832112128753462240343031591674546766458753503906982235246998043524582875,1756173363,2025-08-26 01:56:03,0.5
bitcoin-up-or-down-august-27-6pm-et,UP,73321832112128753462240343031591674546766458753503906982235246998043524582875,1756173423,2025-08-26 01:57:03,0.5
bitcoin-up-or-down-august-27-6pm-et,UP,73321832112128753462240343031591674546766458753503906982235246998043524582875,1756173483,2025-08-26 01:58:03,0.5
bitcoin-up-or-down-august-27-6pm-et,UP,73321832112128753462240343031591674546766458753503906982235246998043524582875,1756173543,2025-08-26 01:59:03,0.5
bitcoin-up-or-down-august-27-6pm-et,UP,73321832112128753462240343031591674546766458753503906982235246998043524582875,1756173604,2025-08-26 02:00:04,0.5
bitcoin-up-or-down-august-27-6pm-et,UP,73321832112128753462240343031591674546766458753503906982235246998043524582875,1756173663,2025-08-26 02:01:03,0.5
bitcoin-up-or-down-august-27-6pm-et,UP,73321832112128753462240343031591674546766458753503906982235246998043524582875,1756173723,2025-08-26 02:02:03,0.5
bitcoin-up-or-down-august-27-6pm-et,UP,73321832112128753462240343031591674546766458753503906982235246998043524582875,1756173783,2025-08-26 02:03:03,0.5
bitcoin-up-or-down-august-27-6pm-et,UP,73321832112128753462240343031591674546766458753503906982235246998043524582875,1756173843,2025-08-26 02:04:03,0.5
bitcoin-up-or-down-august-27-6pm-et,UP,73321832112128753462240343031591674546766458753503906982235246998043524582875,1756173904,2025-08-26 02:05:04,0.5
bitcoin-up-or-down-august-27-6pm-et,UP,73321832112128753462240343031591674546766458753503906982235246998043524582875,1756173962,2025-08-26 02:06:02,0.5
bitcoin-up-or-down-august-27-6pm-et,UP,73321832112128753462240343031591674546766458753503906982235246998043524582875,1756174022,2025-08-26 02:07:02,0.5
bitcoin-up-or-down-august-27-6pm-et,UP,73321832112128753462240343031591674546766458753503906982235246998043524582875,1756174083,2025-08-26 02:08:03,0.5
bitcoin-up-or-down-august-27-6pm-et,UP,73321832112128753462240343031591674546766458753503906982235246998043524582875,1756174143,2025-08-26 02:09:03,0.5
bitcoin-up-or-down-august-27-6pm-et,UP,73321832112128753462240343031591674546766458753503906982235246998043524582875,1756174205,2025-08-26 02:10:05,0.5
bitcoin-up-or-down-august-27-6pm-et,UP,73321832112128753462240343031591674546766458753503906982235246998043524582875,1756174262,2025-08-26 02:11:02,0.5
bitcoin-up-or-down-august-27-6pm-et,UP,73321832112128753462240343031591674546766458753503906982235246998043524582875,1756174323,2025-08-26 02:12:03,0.5
bitcoin-up-or-down-august-27-6pm-et,UP,73321832112128753462240343031591674546766458753503906982235246998043524582875,1756174382,2025-08-26 02:13:02,0.5
bitcoin-up-or-down-august-27-6pm-et,UP,73321832112128753462240343031591674546766458753503906982235246998043524582875,1756174442,2025-08-26 02:14:02,0.5
bitcoin-up-or-down-august-27-6pm-et,UP,73321832112128753462240343031591674546766458753503906982235246998043524582875,1756174503,2025-08-26 02:15:03,0.5
bitcoin-up-or-down-august-27-6pm-et,UP,73321832112128753462240343031591674546766458753503906982235246998043524582875,1756174562,2025-08-26 02:16:02,0.5
bitcoin-up-or-down-august-27-6pm-et,UP,73321832112128753462240343031591674546766458753503906982235246998043524582875,1756174622,2025-08-26 02:17:02,0.5
bitcoin-up-or-down-august-27-6pm-et,UP,73321832112128753462240343031591674546766458753503906982235246998043524582875,1756174682,2025-08-26 02:18:02,0.5
bitcoin-up-or-down-august-27-6pm-et,UP,73321832112128753462240343031591674546766458753503906982235246998043524582875,1756174742,2025-08-26 02:19:02,0.5
bitcoin-up-or-down-august-27-6pm-et,UP,73321832112128753462240343031591674546766458753503906982235246998043524582875,1756174803,2025-08-26 02:20:03,0.5
bitcoin-up-or-down-august-27-6pm-et,UP,73321832112128753462240343031591674546766458753503906982235246998043524582875,1756174863,2025-08-26 02:21:03,0.5
bitcoin-up-or-down-august-27-6pm-et,UP,73321832112128753462240343031591674546766458753503906982235246998043524582875,1756174923,2025-08-26 02:22:03,0.5
bitcoin-up-or-down-august-27-6pm-et,UP,73321832112128753462240343031591674546766458753503906982235246998043524582875,1756174983,2025-08-26 02:23:03,0.5
bitcoin-up-or-down-august-27-6pm-et,UP,73321832112128753462240343031591674546766458753503906982235246998043524582875,1756175043,2025-08-26 02:24:03,0.5
bitcoin-up-or-down-august-27-6pm-et,UP,73321832112128753462240343031591674546766458753503906982235246998043524582875,1756175103,2025-08-26 02:25:03,0.5
bitcoin-up-or-down-august-27-6pm-et,UP,73321832112128753462240343031591674546766458753503906982235246998043524582875,1756175168,2025-08-26 02:26:08,0.5
bitcoin-up-or-down-august-27-6pm-et,UP,73321832112128753462240343031591674546766458753503906982235246998043524582875,1756175223,2025-08-26 02:27:03,0.5
bitcoin-up-or-down-august-27-6pm-et,UP,73321832112128753462240343031591674546766458753503906982235246998043524582875,1756175283,2025-08-26 02:28:03,0.5
bitcoin-up-or-down-august-27-6pm-et,UP,73321832112128753462240343031591674546766458753503906982235246998043524582875,1756175343,2025-08-26 02:29:03,0.5
bitcoin-up-or-down-august-27-6pm-et,UP,73321832112128753462240343031591674546766458753503906982235246998043524582875,1756175405,2025-08-26 02:30:05,0.5
bitcoin-up-or-down-august-27-6pm-et,UP,73321832112128753462240343031591674546766458753503906982235246998043524582875,1756175463,2025-08-26 02:31:03,0.5
bitcoin-up-or-down-august-27-6pm-et,UP,73321832112128753462240343031591674546766458753503906982235246998043524582875,1756175523,2025-08-26 02:32:03,0.5
bitcoin-up-or-down-august-27-6pm-et,UP,73321832112128753462240343031591674546766458753503906982235246998043524582875,1756175583,2025-08-26 02:33:03,0.5
bitcoin-up-or-down-august-27-6pm-et,UP,73321832112128753462240343031591674546766458753503906982235246998043524582875,1756175643,2025-08-26 02:34:03,0.5
bitcoin-up-or-down-august-27-6pm-et,UP,73321832112128753462240343031591674546766458753503906982235246998043524582875,1756175704,2025-08-26 02:35:04,0.5
bitcoin-up-or-down-august-27-6pm-et,UP,73321832112128753462240343031591674546766458753503906982235246998043524582875,1756175763,2025-08-26 02:36:03,0.5
bitcoin-up-or-down-august-27-6pm-et,UP,73321832112128753462240343031591674546766458753503906982235246998043524582875,1756175822,2025-08-26 02:37:02,0.5
bitcoin-up-or-down-august-27-6pm-et,UP,73321832112128753462240343031591674546766458753503906982235246998043524582875,1756175882,2025-08-26 02:38:02,0.5
bitcoin-up-or-down-august-27-6pm-et,UP,73321832112128753462240343031591674546766458753503906982235246998043524582875,1756175942,2025-08-26 02:39:02,0.5
bitcoin-up-or-down-august-27-6pm-et,UP,73321832112128753462240343031591674546766458753503906982235246998043524582875,1756176003,2025-08-26 02:40:03,0.5
bitcoin-up-or-down-august-27-6pm-et,UP,73321832112128753462240343031591674546766458753503906982235246998043524582875,1756176063,2025-08-26 02:41:03,0.5
bitcoin-up-or-down-august-27-6pm-et,UP,73321832112128753462240343031591674546766458753503906982235246998043524582875,1756176122,2025-08-26 02:42:02,0.5
bitcoin-up-or-down-august-27-6pm-et,UP,73321832112128753462240343031591674546766458753503906982235246998043524582875,1756176183,2025-08-26 02:43:03,0.5
bitcoin-up-or-down-august-27-6pm-et,UP,73321832112128753462240343031591674546766458753503906982235246998043524582875,1756176243,2025-08-26 02:44:03,0.5
bitcoin-up-or-down-august-27-6pm-et,UP,73321832112128753462240343031591674546766458753503906982235246998043524582875,1756176303,2025-08-26 02:45:03,0.5
bitcoin-up-or-down-august-27-6pm-et,UP,73321832112128753462240343031591674546766458753503906982235246998043524582875,1756176363,2025-08-26 02:46:03,0.5
bitcoin-up-or-down-august-27-6pm-et,UP,73321832112128753462240343031591674546766458753503906982235246998043524582875,1756176423,2025-08-26 02:47:03,0.5
bitcoin-up-or-down-august-27-6pm-et,UP,73321832112128753462240343031591674546766458753503906982235246998043524582875,1756176483,2025-08-26 02:48:03,0.5
bitcoin-up-or-down-august-27-6pm-et,UP,73321832112128753462240343031591674546766458753503906982235246998043524582875,1756176543,2025-08-26 02:49:03,0.5
bitcoin-up-or-down-august-27-6pm-et,UP,73321832112128753462240343031591674546766458753503906982235246998043524582875,1756176604,2025-08-26 02:50:04,0.5
bitcoin-up-or-down-august-27-6pm-et,UP,73321832112128753462240343031591674546766458753503906982235246998043524582875,1756176663,2025-08-26 02:51:03,0.5
bitcoin-up-or-down-august-27-6pm-et,UP,73321832112128753462240343031591674546766458753503906982235246998043524582875,1756176723,2025-08-26 02:52:03,0.5
bitcoin-up-or-down-august-27-6pm-et,UP,73321832112128753462240343031591674546766458753503906982235246998043524582875,1756176783,2025-08-26 02:53:03,0.5
bitcoin-up-or-down-august-27-6pm-et,UP,73321832112128753462240343031591674546766458753503906982235246998043524582875,1756176843,2025-08-26 02:54:03,0.5
bitcoin-up-or-down-august-27-6pm-et,UP,73321832112128753462240343031591674546766458753503906982235246998043524582875,1756176904,2025-08-26 02:55:04,0.5
bitcoin-up-or-down-august-27-6pm-et,UP,73321832112128753462240343031591674546766458753503906982235246998043524582875,1756176963,2025-08-26 02:56:03,0.5
bitcoin-up-or-down-august-27-6pm-et,UP,73321832112128753462240343031591674546766458753503906982235246998043524582875,1756177023,2025-08-26 02:57:03,0.5
bitcoin-up-or-down-august-27-6pm-et,UP,73321832112128753462240343031591674546766458753503906982235246998043524582875,1756177082,2025-08-26 02:58:02,0.5
bitcoin-up-or-down-august-27-6pm-et,UP,73321832112128753462240343031591674546766458753503906982235246998043524582875,1756177216,2025-08-26 03:00:16,0.5
bitcoin-up-or-down-august-27-6pm-et,UP,73321832112128753462240343031591674546766458753503906982235246998043524582875,1756177224,2025-08-26 03:00:24,0.5
bitcoin-up-or-down-august-27-6pm-et,UP,73321832112128753462240343031591674546766458753503906982235246998043524582875,1756177262,2025-08-26 03:01:02,0.5
bitcoin-up-or-down-august-27-6pm-et,UP,73321832112128753462240343031591674546766458753503906982235246998043524582875,1756177322,2025-08-26 03:02:02,0.5
bitcoin-up-or-down-august-27-6pm-et,UP,73321832112128753462240343031591674546766458753503906982235246998043524582875,1756177383,2025-08-26 03:03:03,0.5
bitcoin-up-or-down-august-27-6pm-et,UP,73321832112128753462240343031591674546766458753503906982235246998043524582875,1756177443,2025-08-26 03:04:03,0.5
bitcoin-up-or-down-august-27-6pm-et,UP,73321832112128753462240343031591674546766458753503906982235246998043524582875,1756177502,2025-08-26 03:05:02,0.5
bitcoin-up-or-down-august-27-6pm-et,UP,73321832112128753462240343031591674546766458753503906982235246998043524582875,1756177562,2025-08-26 03:06:02,0.5
bitcoin-up-or-down-august-27-6pm-et,UP,73321832112128753462240343031591674546766458753503906982235246998043524582875,1756177623,2025-08-26 03:07:03,0.5
bitcoin-up-or-down-august-27-6pm-et,UP,73321832112128753462240343031591674546766458753503906982235246998043524582875,1756177683,2025-08-26 03:08:03,0.5
bitcoin-up-or-down-august-27-6pm-et,UP,73321832112128753462240343031591674546766458753503906982235246998043524582875,1756177742,2025-08-26 03:09:02,0.5
bitcoin-up-or-down-august-27-6pm-et,UP,73321832112128753462240343031591674546766458753503906982235246998043524582875,1756177802,2025-08-26 03:10:02,0.5
bitcoin-up-or-down-august-27-6pm-et,UP,73321832112128753462240343031591674546766458753503906982235246998043524582875,1756177863,2025-08-26 03:11:03,0.5
bitcoin-up-or-down-august-27-6pm-et,UP,73321832112128753462240343031591674546766458753503906982235246998043524582875,1756177923,2025-08-26 03:12:03,0.5
bitcoin-up-or-down-august-27-6pm-et,UP,73321832112128753462240343031591674546766458753503906982235246998043524582875,1756177982,2025-08-26 03:13:02,0.5
bitcoin-up-or-down-august-27-6pm-et,UP,73321832112128753462240343031591674546766458753503906982235246998043524582875,1756178043,2025-08-26 03:14:03,0.5
bitcoin-up-or-down-august-27-6pm-et,UP,73321832112128753462240343031591674546766458753503906982235246998043524582875,1756178102,2025-08-26 03:15:02,0.5
bitcoin-up-or-down-august-27-6pm-et,UP,73321832112128753462240343031591674546766458753503906982235246998043524582875,1756178163,2025-08-26 03:16:03,0.5
bitcoin-up-or-down-august-27-6pm-et,UP,73321832112128753462240343031591674546766458753503906982235246998043524582875,1756178222,2025-08-26 03:17:02,0.5
bitcoin-up-or-down-august-27-6pm-et,UP,73321832112128753462240343031591674546766458753503906982235246998043524582875,1756178282,2025-08-26 03:18:02,0.5
bitcoin-up-or-down-august-27-6pm-et,UP,73321832112128753462240343031591674546766458753503906982235246998043524582875,1756178343,2025-08-26 03:19:03,0.5
bitcoin-up-or-down-august-27-6pm-et,UP,73321832112128753462240343031591674546766458753503906982235246998043524582875,1756178403,2025-08-26 03:20:03,0.5
bitcoin-up-or-down-august-27-6pm-et,UP,73321832112128753462240343031591674546766458753503906982235246998043524582875,1756178462,2025-08-26 03:21:02,0.5
bitcoin-up-or-down-august-27-6pm-et,UP,73321832112128753462240343031591674546766458753503906982235246998043524582875,1756178523,2025-08-26 03:22:03,0.5
bitcoin-up-or-down-august-27-6pm-et,UP,73321832112128753462240343031591674546766458753503906982235246998043524582875,1756178583,2025-08-26 03:23:03,0.5
bitcoin-up-or-down-august-27-6pm-et,UP,73321832112128753462240343031591674546766458753503906982235246998043524582875,1756178644,2025-08-26 03:24:04,0.5
bitcoin-up-or-down-august-27-6pm-et,UP,73321832112128753462240343031591674546766458753503906982235246998043524582875,1756178703,2025-08-26 03:25:03,0.5
bitcoin-up-or-down-august-27-6pm-et,UP,73321832112128753462240343031591674546766458753503906982235246998043524582875,1756178763,2025-08-26 03:26:03,0.5
bitcoin-up-or-down-august-27-6pm-et,UP,73321832112128753462240343031591674546766458753503906982235246998043524582875,1756178823,2025-08-26 03:27:03,0.5
bitcoin-up-or-down-august-27-6pm-et,UP,73321832112128753462240343031591674546766458753503906982235246998043524582875,1756178882,2025-08-26 03:28:02,0.5
bitcoin-up-or-down-august-27-6pm-et,UP,73321832112128753462240343031591674546766458753503906982235246998043524582875,1756178942,2025-08-26 03:29:02,0.5
bitcoin-up-or-down-august-27-6pm-et,UP,73321832112128753462240343031591674546766458753503906982235246998043524582875,1756179005,2025-08-26 03:30:05,0.5
bitcoin-up-or-down-august-27-6pm-et,UP,73321832112128753462240343031591674546766458753503906982235246998043524582875,1756179063,2025-08-26 03:31:03,0.5
bitcoin-up-or-down-august-27-6pm-et,UP,73321832112128753462240343031591674546766458753503906982235246998043524582875,1756179123,2025-08-26 03:32:03,0.5
bitcoin-up-or-down-august-27-6pm-et,UP,73321832112128753462240343031591674546766458753503906982235246998043524582875,1756179183,2025-08-26 03:33:03,0.5
bitcoin-up-or-down-august-27-6pm-et,UP,73321832112128753462240343031591674546766458753503906982235246998043524582875,1756179242,2025-08-26 03:34:02,0.5
bitcoin-up-or-down-august-27-6pm-et,UP,73321832112128753462240343031591674546766458753503906982235246998043524582875,1756179302,2025-08-26 03:35:02,0.5
bitcoin-up-or-down-august-27-6pm-et,UP,73321832112128753462240343031591674546766458753503906982235246998043524582875,1756179363,2025-08-26 03:36:03,0.5
bitcoin-up-or-down-august-27-6pm-et,UP,73321832112128753462240343031591674546766458753503906982235246998043524582875,1756179422,2025-08-26 03:37:02,0.5
bitcoin-up-or-down-august-27-6pm-et,UP,73321832112128753462240343031591674546766458753503906982235246998043524582875,1756179483,2025-08-26 03:38:03,0.5
bitcoin-up-or-down-august-27-6pm-et,UP,73321832112128753462240343031591674546766458753503906982235246998043524582875,1756179542,2025-08-26 03:39:02,0.5
bitcoin-up-or-down-august-27-6pm-et,UP,73321832112128753462240343031591674546766458753503906982235246998043524582875,1756179603,2025-08-26 03:40:03,0.5
bitcoin-up-or-down-august-27-6pm-et,UP,73321832112128753462240343031591674546766458753503906982235246998043524582875,1756179662,2025-08-26 03:41:02,0.5
bitcoin-up-or-down-august-27-6pm-et,UP,73321832112128753462240343031591674546766458753503906982235246998043524582875,1756179723,2025-08-26 03:42:03,0.5
bitcoin-up-or-down-august-27-6pm-et,UP,73321832112128753462240343031591674546766458753503906982235246998043524582875,1756179782,2025-08-26 03:43:02,0.5
bitcoin-up-or-down-august-27-6pm-et,UP,73321832112128753462240343031591674546766458753503906982235246998043524582875,1756179842,2025-08-26 03:44:02,0.5
bitcoin-up-or-down-august-27-6pm-et,UP,73321832112128753462240343031591674546766458753503906982235246998043524582875,1756179903,2025-08-26 03:45:03,0.5
bitcoin-up-or-down-august-27-6pm-et,UP,73321832112128753462240343031591674546766458753503906982235246998043524582875,1756179963,2025-08-26 03:46:03,0.5
bitcoin-up-or-down-august-27-6pm-et,UP,73321832112128753462240343031591674546766458753503906982235246998043524582875,1756180022,2025-08-26 03:47:02,0.5
bitcoin-up-or-down-august-27-6pm-et,UP,73321832112128753462240343031591674546766458753503906982235246998043524582875,1756180083,2025-08-26 03:48:03,0.5
bitcoin-up-or-down-august-27-6pm-et,UP,73321832112128753462240343031591674546766458753503906982235246998043524582875,1756180142,2025-08-26 03:49:02,0.5
bitcoin-up-or-down-august-27-6pm-et,UP,73321832112128753462240343031591674546766458753503906982235246998043524582875,1756180203,2025-08-26 03:50:03,0.5
bitcoin-up-or-down-august-27-6pm-et,UP,73321832112128753462240343031591674546766458753503906982235246998043524582875,1756180263,2025-08-26 03:51:03,0.5
bitcoin-up-or-down-august-27-6pm-et,UP,73321832112128753462240343031591674546766458753503906982235246998043524582875,1756180327,2025-08-26 03:52:07,0.5
bitcoin-up-or-down-august-27-6pm-et,UP,73321832112128753462240343031591674546766458753503906982235246998043524582875,1756180383,2025-08-26 03:53:03,0.5
bitcoin-up-or-down-august-27-6pm-et,UP,73321832112128753462240343031591674546766458753503906982235246998043524582875,1756180443,2025-08-26 03:54:03,0.5
bitcoin-up-or-down-august-27-6pm-et,UP,73321832112128753462240343031591674546766458753503906982235246998043524582875,1756180503,2025-08-26 03:55:03,0.5
bitcoin-up-or-down-august-27-6pm-et,UP,73321832112128753462240343031591674546766458753503906982235246998043524582875,1756180562,2025-08-26 03:56:02,0.5
bitcoin-up-or-down-august-27-6pm-et,UP,73321832112128753462240343031591674546766458753503906982235246998043524582875,1756180623,2025-08-26 03:57:03,0.5
bitcoin-up-or-down-august-27-6pm-et,UP,73321832112128753462240343031591674546766458753503906982235246998043524582875,1756180682,2025-08-26 03:58:02,0.5
bitcoin-up-or-down-august-27-6pm-et,UP,73321832112128753462240343031591674546766458753503906982235246998043524582875,1756180743,2025-08-26 03:59:03,0.5
bitcoin-up-or-down-august-27-6pm-et,UP,73321832112128753462240343031591674546766458753503906982235246998043524582875,1756180810,2025-08-26 04:00:10,0.5
bitcoin-up-or-down-august-27-6pm-et,UP,73321832112128753462240343031591674546766458753503906982235246998043524582875,1756180863,2025-08-26 04:01:03,0.5
bitcoin-up-or-down-august-27-6pm-et,UP,73321832112128753462240343031591674546766458753503906982235246998043524582875,1756180923,2025-08-26 04:02:03,0.5
bitcoin-up-or-down-august-27-6pm-et,UP,73321832112128753462240343031591674546766458753503906982235246998043524582875,1756180982,2025-08-26 04:03:02,0.5
bitcoin-up-or-down-august-27-6pm-et,UP,73321832112128753462240343031591674546766458753503906982235246998043524582875,1756181043,2025-08-26 04:04:03,0.5
bitcoin-up-or-down-august-27-6pm-et,UP,73321832112128753462240343031591674546766458753503906982235246998043524582875,1756181102,2025-08-26 04:05:02,0.5
bitcoin-up-or-down-august-27-6pm-et,UP,73321832112128753462240343031591674546766458753503906982235246998043524582875,1756181163,2025-08-26 04:06:03,0.5
bitcoin-up-or-down-august-27-6pm-et,UP,73321832112128753462240343031591674546766458753503906982235246998043524582875,1756181222,2025-08-26 04:07:02,0.5
bitcoin-up-or-down-august-27-6pm-et,UP,73321832112128753462240343031591674546766458753503906982235246998043524582875,1756181283,2025-08-26 04:08:03,0.5
bitcoin-up-or-down-august-27-6pm-et,UP,73321832112128753462240343031591674546766458753503906982235246998043524582875,1756181342,2025-08-26 04:09:02,0.5
bitcoin-up-or-down-august-27-6pm-et,UP,73321832112128753462240343031591674546766458753503906982235246998043524582875,1756181403,2025-08-26 04:10:03,0.5
bitcoin-up-or-down-august-27-6pm-et,UP,73321832112128753462240343031591674546766458753503906982235246998043524582875,1756181462,2025-08-26 04:11:02,0.5
bitcoin-up-or-down-august-27-6pm-et,UP,73321832112128753462240343031591674546766458753503906982235246998043524582875,1756181523,2025-08-26 04:12:03,0.5
bitcoin-up-or-down-august-27-6pm-et,UP,73321832112128753462240343031591674546766458753503906982235246998043524582875,1756181582,2025-08-26 04:13:02,0.5
bitcoin-up-or-down-august-27-6pm-et,UP,73321832112128753462240343031591674546766458753503906982235246998043524582875,1756181642,2025-08-26 04:14:02,0.5
bitcoin-up-or-down-august-27-6pm-et,UP,73321832112128753462240343031591674546766458753503906982235246998043524582875,1756181702,2025-08-26 04:15:02,0.5
bitcoin-up-or-down-august-27-6pm-et,UP,73321832112128753462240343031591674546766458753503906982235246998043524582875,1756181763,2025-08-26 04:16:03,0.5
bitcoin-up-or-down-august-27-6pm-et,UP,73321832112128753462240343031591674546766458753503906982235246998043524582875,1756181823,2025-08-26 04:17:03,0.5
bitcoin-up-or-down-august-27-6pm-et,UP,73321832112128753462240343031591674546766458753503906982235246998043524582875,1756181882,2025-08-26 04:18:02,0.5
bitcoin-up-or-down-august-27-6pm-et,UP,73321832112128753462240343031591674546766458753503906982235246998043524582875,1756181942,2025-08-26 04:19:02,0.5
bitcoin-up-or-down-august-27-6pm-et,UP,73321832112128753462240343031591674546766458753503906982235246998043524582875,1756182003,2025-08-26 04:20:03,0.5
bitcoin-up-or-down-august-27-6pm-et,UP,73321832112128753462240343031591674546766458753503906982235246998043524582875,1756182062,2025-08-26 04:21:02,0.5
bitcoin-up-or-down-august-27-6pm-et,UP,73321832112128753462240343031591674546766458753503906982235246998043524582875,1756182122,2025-08-26 04:22:02,0.5
bitcoin-up-or-down-august-27-6pm-et,UP,73321832112128753462240343031591674546766458753503906982235246998043524582875,1756182183,2025-08-26 04:23:03,0.5
bitcoin-up-or-down-august-27-6pm-et,UP,73321832112128753462240343031591674546766458753503906982235246998043524582875,1756182242,2025-08-26 04:24:02,0.5
bitcoin-up-or-down-august-27-6pm-et,UP,73321832112128753462240343031591674546766458753503906982235246998043524582875,1756182303,2025-08-26 04:25:03,0.5
bitcoin-up-or-down-august-27-6pm-et,UP,73321832112128753462240343031591674546766458753503906982235246998043524582875,1756182365,2025-08-26 04:26:05,0.5
bitcoin-up-or-down-august-27-6pm-et,UP,73321832112128753462240343031591674546766458753503906982235246998043524582875,1756182426,2025-08-26 04:27:06,0.5
bitcoin-up-or-down-august-27-6pm-et,UP,73321832112128753462240343031591674546766458753503906982235246998043524582875,1756182482,2025-08-26 04:28:02,0.5
bitcoin-up-or-down-august-27-6pm-et,UP,73321832112128753462240343031591674546766458753503906982235246998043524582875,1756182542,2025-08-26 04:29:02,0.5
bitcoin-up-or-down-august-27-6pm-et,UP,73321832112128753462240343031591674546766458753503906982235246998043524582875,1756182602,2025-08-26 04:30:02,0.5
bitcoin-up-or-down-august-27-6pm-et,UP,73321832112128753462240343031591674546766458753503906982235246998043524582875,1756182662,2025-08-26 04:31:02,0.5
bitcoin-up-or-down-august-27-6pm-et,UP,73321832112128753462240343031591674546766458753503906982235246998043524582875,1756182723,2025-08-26 04:32:03,0.5
bitcoin-up-or-down-august-27-6pm-et,UP,73321832112128753462240343031591674546766458753503906982235246998043524582875,1756182782,2025-08-26 04:33:02,0.5
bitcoin-up-or-down-august-27-6pm-et,UP,73321832112128753462240343031591674546766458753503906982235246998043524582875,1756182843,2025-08-26 04:34:03,0.5
bitcoin-up-or-down-august-27-6pm-et,UP,73321832112128753462240343031591674546766458753503906982235246998043524582875,1756182902,2025-08-26 04:35:02,0.5
bitcoin-up-or-down-august-27-6pm-et,UP,73321832112128753462240343031591674546766458753503906982235246998043524582875,1756182963,2025-08-26 04:36:03,0.5
bitcoin-up-or-down-august-27-6pm-et,UP,73321832112128753462240343031591674546766458753503906982235246998043524582875,1756183022,2025-08-26 04:37:02,0.5
bitcoin-up-or-down-august-27-6pm-et,UP,73321832112128753462240343031591674546766458753503906982235246998043524582875,1756183082,2025-08-26 04:38:02,0.5
bitcoin-up-or-down-august-27-6pm-et,UP,73321832112128753462240343031591674546766458753503906982235246998043524582875,1756183143,2025-08-26 04:39:03,0.5
bitcoin-up-or-down-august-27-6pm-et,UP,73321832112128753462240343031591674546766458753503906982235246998043524582875,1756183203,2025-08-26 04:40:03,0.5
bitcoin-up-or-down-august-27-6pm-et,UP,73321832112128753462240343031591674546766458753503906982235246998043524582875,1756183262,2025-08-26 04:41:02,0.5
bitcoin-up-or-down-august-27-6pm-et,UP,73321832112128753462240343031591674546766458753503906982235246998043524582875,1756183323,2025-08-26 04:42:03,0.5
bitcoin-up-or-down-august-27-6pm-et,UP,73321832112128753462240343031591674546766458753503906982235246998043524582875,1756183383,2025-08-26 04:43:03,0.5
bitcoin-up-or-down-august-27-6pm-et,UP,73321832112128753462240343031591674546766458753503906982235246998043524582875,1756183442,2025-08-26 04:44:02,0.5
bitcoin-up-or-down-august-27-6pm-et,UP,73321832112128753462240343031591674546766458753503906982235246998043524582875,1756183502,2025-08-26 04:45:02,0.5
bitcoin-up-or-down-august-27-6pm-et,UP,73321832112128753462240343031591674546766458753503906982235246998043524582875,1756183563,2025-08-26 04:46:03,0.5
bitcoin-up-or-down-august-27-6pm-et,UP,73321832112128753462240343031591674546766458753503906982235246998043524582875,1756183622,2025-08-26 04:47:02,0.5
bitcoin-up-or-down-august-27-6pm-et,UP,73321832112128753462240343031591674546766458753503906982235246998043524582875,1756183683,2025-08-26 04:48:03,0.5
bitcoin-up-or-down-august-27-6pm-et,UP,73321832112128753462240343031591674546766458753503906982235246998043524582875,1756183744,2025-08-26 04:49:04,0.5
bitcoin-up-or-down-august-27-6pm-et,UP,73321832112128753462240343031591674546766458753503906982235246998043524582875,1756183803,2025-08-26 04:50:03,0.5
bitcoin-up-or-down-august-27-6pm-et,UP,73321832112128753462240343031591674546766458753503906982235246998043524582875,1756183862,2025-08-26 04:51:02,0.5
bitcoin-up-or-down-august-27-6pm-et,UP,73321832112128753462240343031591674546766458753503906982235246998043524582875,1756183924,2025-08-26 04:52:04,0.5
bitcoin-up-or-down-august-27-6pm-et,UP,73321832112128753462240343031591674546766458753503906982235246998043524582875,1756183986,2025-08-26 04:53:06,0.5
bitcoin-up-or-down-august-27-6pm-et,UP,73321832112128753462240343031591674546766458753503906982235246998043524582875,1756184042,2025-08-26 04:54:02,0.5
bitcoin-up-or-down-august-27-6pm-et,UP,73321832112128753462240343031591674546766458753503906982235246998043524582875,1756184102,2025-08-26 04:55:02,0.5
bitcoin-up-or-down-august-27-6pm-et,UP,73321832112128753462240343031591674546766458753503906982235246998043524582875,1756184163,2025-08-26 04:56:03,0.5
bitcoin-up-or-down-august-27-6pm-et,UP,73321832112128753462240343031591674546766458753503906982235246998043524582875,1756184223,2025-08-26 04:57:03,0.5
bitcoin-up-or-down-august-27-6pm-et,UP,73321832112128753462240343031591674546766458753503906982235246998043524582875,1756184283,2025-08-26 04:58:03,0.5
bitcoin-up-or-down-august-27-6pm-et,UP,73321832112128753462240343031591674546766458753503906982235246998043524582875,1756184342,2025-08-26 04:59:02,0.5
bitcoin-up-or-down-august-27-6pm-et,UP,73321832112128753462240343031591674546766458753503906982235246998043524582875,1756184405,2025-08-26 05:00:05,0.5
bitcoin-up-or-down-august-27-6pm-et,UP,73321832112128753462240343031591674546766458753503906982235246998043524582875,1756184463,2025-08-26 05:01:03,0.5
bitcoin-up-or-down-august-27-6pm-et,UP,73321832112128753462240343031591674546766458753503906982235246998043524582875,1756184523,2025-08-26 05:02:03,0.5
bitcoin-up-or-down-august-27-6pm-et,UP,73321832112128753462240343031591674546766458753503906982235246998043524582875,1756184583,2025-08-26 05:03:03,0.5
bitcoin-up-or-down-august-27-6pm-et,UP,73321832112128753462240343031591674546766458753503906982235246998043524582875,1756184643,2025-08-26 05:04:03,0.5
bitcoin-up-or-down-august-27-6pm-et,UP,73321832112128753462240343031591674546766458753503906982235246998043524582875,1756184703,2025-08-26 05:05:03,0.5
bitcoin-up-or-down-august-27-6pm-et,UP,73321832112128753462240343031591674546766458753503906982235246998043524582875,1756184762,2025-08-26 05:06:02,0.5
bitcoin-up-or-down-august-27-6pm-et,UP,73321832112128753462240343031591674546766458753503906982235246998043524582875,1756184822,2025-08-26 05:07:02,0.5
bitcoin-up-or-down-august-27-6pm-et,UP,73321832112128753462240343031591674546766458753503906982235246998043524582875,1756184882,2025-08-26 05:08:02,0.5
bitcoin-up-or-down-august-27-6pm-et,UP,73321832112128753462240343031591674546766458753503906982235246998043524582875,1756184943,2025-08-26 05:09:03,0.5
bitcoin-up-or-down-august-27-6pm-et,UP,73321832112128753462240343031591674546766458753503906982235246998043524582875,1756185004,2025-08-26 05:10:04,0.5
bitcoin-up-or-down-august-27-6pm-et,UP,73321832112128753462240343031591674546766458753503906982235246998043524582875,1756185062,2025-08-26 05:11:02,0.5
bitcoin-up-or-down-august-27-6pm-et,UP,73321832112128753462240343031591674546766458753503906982235246998043524582875,1756185123,2025-08-26 05:12:03,0.5
bitcoin-up-or-down-august-27-6pm-et,UP,73321832112128753462240343031591674546766458753503906982235246998043524582875,1756185183,2025-08-26 05:13:03,0.5
bitcoin-up-or-down-august-27-6pm-et,UP,73321832112128753462240343031591674546766458753503906982235246998043524582875,1756185243,2025-08-26 05:14:03,0.5
bitcoin-up-or-down-august-27-6pm-et,UP,73321832112128753462240343031591674546766458753503906982235246998043524582875,1756185304,2025-08-26 05:15:04,0.5
bitcoin-up-or-down-august-27-6pm-et,UP,73321832112128753462240343031591674546766458753503906982235246998043524582875,1756185363,2025-08-26 05:16:03,0.5
bitcoin-up-or-down-august-27-6pm-et,UP,73321832112128753462240343031591674546766458753503906982235246998043524582875,1756185422,2025-08-26 05:17:02,0.5
bitcoin-up-or-down-august-27-6pm-et,UP,73321832112128753462240343031591674546766458753503906982235246998043524582875,1756185482,2025-08-26 05:18:02,0.5
bitcoin-up-or-down-august-27-6pm-et,UP,73321832112128753462240343031591674546766458753503906982235246998043524582875,1756185543,2025-08-26 05:19:03,0.5
bitcoin-up-or-down-august-27-6pm-et,UP,73321832112128753462240343031591674546766458753503906982235246998043524582875,1756185603,2025-08-26 05:20:03,0.5
bitcoin-up-or-down-august-27-6pm-et,UP,73321832112128753462240343031591674546766458753503906982235246998043524582875,1756185663,2025-08-26 05:21:03,0.5
bitcoin-up-or-down-august-27-6pm-et,UP,73321832112128753462240343031591674546766458753503906982235246998043524582875,1756185722,2025-08-26 05:22:02,0.5
bitcoin-up-or-down-august-27-6pm-et,UP,73321832112128753462240343031591674546766458753503906982235246998043524582875,1756185782,2025-08-26 05:23:02,0.5
bitcoin-up-or-down-august-27-6pm-et,UP,73321832112128753462240343031591674546766458753503906982235246998043524582875,1756185843,2025-08-26 05:24:03,0.5
bitcoin-up-or-down-august-27-6pm-et,UP,73321832112128753462240343031591674546766458753503906982235246998043524582875,1756185903,2025-08-26 05:25:03,0.5
bitcoin-up-or-down-august-27-6pm-et,UP,73321832112128753462240343031591674546766458753503906982235246998043524582875,1756185965,2025-08-26 05:26:05,0.5
bitcoin-up-or-down-august-27-6pm-et,UP,73321832112128753462240343031591674546766458753503906982235246998043524582875,1756186024,2025-08-26 05:27:04,0.5
bitcoin-up-or-down-august-27-6pm-et,UP,73321832112128753462240343031591674546766458753503906982235246998043524582875,1756186083,2025-08-26 05:28:03,0.5
bitcoin-up-or-down-august-27-6pm-et,UP,73321832112128753462240343031591674546766458753503906982235246998043524582875,1756186143,2025-08-26 05:29:03,0.5
bitcoin-up-or-down-august-27-6pm-et,UP,73321832112128753462240343031591674546766458753503906982235246998043524582875,1756186203,2025-08-26 05:30:03,0.5
bitcoin-up-or-down-august-27-6pm-et,UP,73321832112128753462240343031591674546766458753503906982235246998043524582875,1756186262,2025-08-26 05:31:02,0.5
bitcoin-up-or-down-august-27-6pm-et,UP,73321832112128753462240343031591674546766458753503906982235246998043524582875,1756186323,2025-08-26 05:32:03,0.5
bitcoin-up-or-down-august-27-6pm-et,UP,73321832112128753462240343031591674546766458753503906982235246998043524582875,1756186383,2025-08-26 05:33:03,0.5
bitcoin-up-or-down-august-27-6pm-et,UP,73321832112128753462240343031591674546766458753503906982235246998043524582875,1756186443,2025-08-26 05:34:03,0.5
bitcoin-up-or-down-august-27-6pm-et,UP,73321832112128753462240343031591674546766458753503906982235246998043524582875,1756186502,2025-08-26 05:35:02,0.5
bitcoin-up-or-down-august-27-6pm-et,UP,73321832112128753462240343031591674546766458753503906982235246998043524582875,1756186563,2025-08-26 05:36:03,0.5
bitcoin-up-or-down-august-27-6pm-et,UP,73321832112128753462240343031591674546766458753503906982235246998043524582875,1756186623,2025-08-26 05:37:03,0.5
bitcoin-up-or-down-august-27-6pm-et,UP,73321832112128753462240343031591674546766458753503906982235246998043524582875,1756186682,2025-08-26 05:38:02,0.5
bitcoin-up-or-down-august-27-6pm-et,UP,73321832112128753462240343031591674546766458753503906982235246998043524582875,1756186743,2025-08-26 05:39:03,0.5
bitcoin-up-or-down-august-27-6pm-et,UP,73321832112128753462240343031591674546766458753503906982235246998043524582875,1756186802,2025-08-26 05:40:02,0.5
bitcoin-up-or-down-august-27-6pm-et,UP,73321832112128753462240343031591674546766458753503906982235246998043524582875,1756186863,2025-08-26 05:41:03,0.5
bitcoin-up-or-down-august-27-6pm-et,UP,73321832112128753462240343031591674546766458753503906982235246998043524582875,1756186922,2025-08-26 05:42:02,0.5
bitcoin-up-or-down-august-27-6pm-et,UP,73321832112128753462240343031591674546766458753503906982235246998043524582875,1756186983,2025-08-26 05:43:03,0.5
bitcoin-up-or-down-august-27-6pm-et,UP,73321832112128753462240343031591674546766458753503906982235246998043524582875,1756187043,2025-08-26 05:44:03,0.5
bitcoin-up-or-down-august-27-6pm-et,UP,73321832112128753462240343031591674546766458753503906982235246998043524582875,1756187104,2025-08-26 05:45:04,0.5
bitcoin-up-or-down-august-27-6pm-et,UP,73321832112128753462240343031591674546766458753503906982235246998043524582875,1756187162,2025-08-26 05:46:02,0.5
bitcoin-up-or-down-august-27-6pm-et,UP,73321832112128753462240343031591674546766458753503906982235246998043524582875,1756187223,2025-08-26 05:47:03,0.5
bitcoin-up-or-down-august-27-6pm-et,UP,73321832112128753462240343031591674546766458753503906982235246998043524582875,1756187282,2025-08-26 05:48:02,0.5
bitcoin-up-or-down-august-27-6pm-et,UP,73321832112128753462240343031591674546766458753503906982235246998043524582875,1756187342,2025-08-26 05:49:02,0.5
bitcoin-up-or-down-august-27-6pm-et,UP,73321832112128753462240343031591674546766458753503906982235246998043524582875,1756187403,2025-08-26 05:50:03,0.5
bitcoin-up-or-down-august-27-6pm-et,UP,73321832112128753462240343031591674546766458753503906982235246998043524582875,1756187463,2025-08-26 05:51:03,0.5
bitcoin-up-or-down-august-27-6pm-et,UP,73321832112128753462240343031591674546766458753503906982235246998043524582875,1756187523,2025-08-26 05:52:03,0.5
bitcoin-up-or-down-august-27-6pm-et,UP,73321832112128753462240343031591674546766458753503906982235246998043524582875,1756187584,2025-08-26 05:53:04,0.5
bitcoin-up-or-down-august-27-6pm-et,UP,73321832112128753462240343031591674546766458753503906982235246998043524582875,1756187643,2025-08-26 05:54:03,0.5
bitcoin-up-or-down-august-27-6pm-et,UP,73321832112128753462240343031591674546766458753503906982235246998043524582875,1756187702,2025-08-26 05:55:02,0.5
bitcoin-up-or-down-august-27-6pm-et,UP,73321832112128753462240343031591674546766458753503906982235246998043524582875,1756187762,2025-08-26 05:56:02,0.5
bitcoin-up-or-down-august-27-6pm-et,UP,73321832112128753462240343031591674546766458753503906982235246998043524582875,1756187823,2025-08-26 05:57:03,0.5
bitcoin-up-or-down-august-27-6pm-et,UP,73321832112128753462240343031591674546766458753503906982235246998043524582875,1756187882,2025-08-26 05:58:02,0.5
bitcoin-up-or-down-august-27-6pm-et,UP,73321832112128753462240343031591674546766458753503906982235246998043524582875,1756187943,2025-08-26 05:59:03,0.5
bitcoin-up-or-down-august-27-6pm-et,UP,73321832112128753462240343031591674546766458753503906982235246998043524582875,1756188013,2025-08-26 06:00:13,0.5
bitcoin-up-or-down-august-27-6pm-et,UP,73321832112128753462240343031591674546766458753503906982235246998043524582875,1756188062,2025-08-26 06:01:02,0.5
bitcoin-up-or-down-august-27-6pm-et,UP,73321832112128753462240343031591674546766458753503906982235246998043524582875,1756188122,2025-08-26 06:02:02,0.5
bitcoin-up-or-down-august-27-6pm-et,UP,73321832112128753462240343031591674546766458753503906982235246998043524582875,1756188182,2025-08-26 06:03:02,0.5
bitcoin-up-or-down-august-27-6pm-et,UP,73321832112128753462240343031591674546766458753503906982235246998043524582875,1756188242,2025-08-26 06:04:02,0.5
bitcoin-up-or-down-august-27-6pm-et,UP,73321832112128753462240343031591674546766458753503906982235246998043524582875,1756188303,2025-08-26 06:05:03,0.5
bitcoin-up-or-down-august-27-6pm-et,UP,73321832112128753462240343031591674546766458753503906982235246998043524582875,1756188362,2025-08-26 06:06:02,0.5
bitcoin-up-or-down-august-27-6pm-et,UP,73321832112128753462240343031591674546766458753503906982235246998043524582875,1756188422,2025-08-26 06:07:02,0.5
bitcoin-up-or-down-august-27-6pm-et,UP,73321832112128753462240343031591674546766458753503906982235246998043524582875,1756188482,2025-08-26 06:08:02,0.5
bitcoin-up-or-down-august-27-6pm-et,UP,73321832112128753462240343031591674546766458753503906982235246998043524582875,1756188542,2025-08-26 06:09:02,0.5
bitcoin-up-or-down-august-27-6pm-et,UP,73321832112128753462240343031591674546766458753503906982235246998043524582875,1756188602,2025-08-26 06:10:02,0.5
bitcoin-up-or-down-august-27-6pm-et,UP,73321832112128753462240343031591674546766458753503906982235246998043524582875,1756188663,2025-08-26 06:11:03,0.5
bitcoin-up-or-down-august-27-6pm-et,UP,73321832112128753462240343031591674546766458753503906982235246998043524582875,1756188723,2025-08-26 06:12:03,0.5
bitcoin-up-or-down-august-27-6pm-et,UP,73321832112128753462240343031591674546766458753503906982235246998043524582875,1756188782,2025-08-26 06:13:02,0.5
bitcoin-up-or-down-august-27-6pm-et,UP,73321832112128753462240343031591674546766458753503906982235246998043524582875,1756188842,2025-08-26 06:14:02,0.5
bitcoin-up-or-down-august-27-6pm-et,UP,73321832112128753462240343031591674546766458753503906982235246998043524582875,1756188902,2025-08-26 06:15:02,0.5
bitcoin-up-or-down-august-27-6pm-et,UP,73321832112128753462240343031591674546766458753503906982235246998043524582875,1756188963,2025-08-26 06:16:03,0.5
bitcoin-up-or-down-august-27-6pm-et,UP,73321832112128753462240343031591674546766458753503906982235246998043524582875,1756189022,2025-08-26 06:17:02,0.5
bitcoin-up-or-down-august-27-6pm-et,UP,73321832112128753462240343031591674546766458753503906982235246998043524582875,1756189083,2025-08-26 06:18:03,0.5
bitcoin-up-or-down-august-27-6pm-et,UP,73321832112128753462240343031591674546766458753503906982235246998043524582875,1756189142,2025-08-26 06:19:02,0.5
bitcoin-up-or-down-august-27-6pm-et,UP,73321832112128753462240343031591674546766458753503906982235246998043524582875,1756189202,2025-08-26 06:20:02,0.5
bitcoin-up-or-down-august-27-6pm-et,UP,73321832112128753462240343031591674546766458753503906982235246998043524582875,1756189263,2025-08-26 06:21:03,0.5
bitcoin-up-or-down-august-27-6pm-et,UP,73321832112128753462240343031591674546766458753503906982235246998043524582875,1756189323,2025-08-26 06:22:03,0.5
bitcoin-up-or-down-august-27-6pm-et,UP,73321832112128753462240343031591674546766458753503906982235246998043524582875,1756189382,2025-08-26 06:23:02,0.5
bitcoin-up-or-down-august-27-6pm-et,UP,73321832112128753462240343031591674546766458753503906982235246998043524582875,1756189443,2025-08-26 06:24:03,0.5
bitcoin-up-or-down-august-27-6pm-et,UP,73321832112128753462240343031591674546766458753503906982235246998043524582875,1756189504,2025-08-26 06:25:04,0.5
bitcoin-up-or-down-august-27-6pm-et,UP,73321832112128753462240343031591674546766458753503906982235246998043524582875,1756189570,2025-08-26 06:26:10,0.5
bitcoin-up-or-down-august-27-6pm-et,UP,73321832112128753462240343031591674546766458753503906982235246998043524582875,1756189624,2025-08-26 06:27:04,0.5
bitcoin-up-or-down-august-27-6pm-et,UP,73321832112128753462240343031591674546766458753503906982235246998043524582875,1756189682,2025-08-26 06:28:02,0.5
bitcoin-up-or-down-august-27-6pm-et,UP,73321832112128753462240343031591674546766458753503906982235246998043524582875,1756189742,2025-08-26 06:29:02,0.5
bitcoin-up-or-down-august-27-6pm-et,UP,73321832112128753462240343031591674546766458753503906982235246998043524582875,1756189805,2025-08-26 06:30:05,0.5
bitcoin-up-or-down-august-27-6pm-et,UP,73321832112128753462240343031591674546766458753503906982235246998043524582875,1756189862,2025-08-26 06:31:02,0.5
bitcoin-up-or-down-august-27-6pm-et,UP,73321832112128753462240343031591674546766458753503906982235246998043524582875,1756189922,2025-08-26 06:32:02,0.5
bitcoin-up-or-down-august-27-6pm-et,UP,73321832112128753462240343031591674546766458753503906982235246998043524582875,1756189982,2025-08-26 06:33:02,0.5
bitcoin-up-or-down-august-27-6pm-et,UP,73321832112128753462240343031591674546766458753503906982235246998043524582875,1756190048,2025-08-26 06:34:08,0.5
bitcoin-up-or-down-august-27-6pm-et,UP,73321832112128753462240343031591674546766458753503906982235246998043524582875,1756190103,2025-08-26 06:35:03,0.5
bitcoin-up-or-down-august-27-6pm-et,UP,73321832112128753462240343031591674546766458753503906982235246998043524582875,1756190163,2025-08-26 06:36:03,0.5
bitcoin-up-or-down-august-27-6pm-et,UP,73321832112128753462240343031591674546766458753503906982235246998043524582875,1756190223,2025-08-26 06:37:03,0.5
bitcoin-up-or-down-august-27-6pm-et,UP,73321832112128753462240343031591674546766458753503906982235246998043524582875,1756190282,2025-08-26 06:38:02,0.5
bitcoin-up-or-down-august-27-6pm-et,UP,73321832112128753462240343031591674546766458753503906982235246998043524582875,1756190343,2025-08-26 06:39:03,0.5
bitcoin-up-or-down-august-27-6pm-et,UP,73321832112128753462240343031591674546766458753503906982235246998043524582875,1756190403,2025-08-26 06:40:03,0.5
bitcoin-up-or-down-august-27-6pm-et,UP,73321832112128753462240343031591674546766458753503906982235246998043524582875,1756190462,2025-08-26 06:41:02,0.5
bitcoin-up-or-down-august-27-6pm-et,UP,73321832112128753462240343031591674546766458753503906982235246998043524582875,1756190522,2025-08-26 06:42:02,0.5
bitcoin-up-or-down-august-27-6pm-et,UP,73321832112128753462240343031591674546766458753503906982235246998043524582875,1756190583,2025-08-26 06:43:03,0.5
bitcoin-up-or-down-august-27-6pm-et,UP,73321832112128753462240343031591674546766458753503906982235246998043524582875,1756190643,2025-08-26 06:44:03,0.5
bitcoin-up-or-down-august-27-6pm-et,UP,73321832112128753462240343031591674546766458753503906982235246998043524582875,1756190702,2025-08-26 06:45:02,0.5
bitcoin-up-or-down-august-27-6pm-et,UP,73321832112128753462240343031591674546766458753503906982235246998043524582875,1756190762,2025-08-26 06:46:02,0.5
bitcoin-up-or-down-august-27-6pm-et,UP,73321832112128753462240343031591674546766458753503906982235246998043524582875,1756190823,2025-08-26 06:47:03,0.5
bitcoin-up-or-down-august-27-6pm-et,UP,73321832112128753462240343031591674546766458753503906982235246998043524582875,1756190883,2025-08-26 06:48:03,0.5
bitcoin-up-or-down-august-27-6pm-et,UP,73321832112128753462240343031591674546766458753503906982235246998043524582875,1756190943,2025-08-26 06:49:03,0.5
bitcoin-up-or-down-august-27-6pm-et,UP,73321832112128753462240343031591674546766458753503906982235246998043524582875,1756191004,2025-08-26 06:50:04,0.5
bitcoin-up-or-down-august-27-6pm-et,UP,73321832112128753462240343031591674546766458753503906982235246998043524582875,1756191062,2025-08-26 06:51:02,0.5
bitcoin-up-or-down-august-27-6pm-et,UP,73321832112128753462240343031591674546766458753503906982235246998043524582875,1756191123,2025-08-26 06:52:03,0.5
bitcoin-up-or-down-august-27-6pm-et,UP,73321832112128753462240343031591674546766458753503906982235246998043524582875,1756191182,2025-08-26 06:53:02,0.5
bitcoin-up-or-down-august-27-6pm-et,UP,73321832112128753462240343031591674546766458753503906982235246998043524582875,1756191242,2025-08-26 06:54:02,0.5
bitcoin-up-or-down-august-27-6pm-et,UP,73321832112128753462240343031591674546766458753503906982235246998043524582875,1756191304,2025-08-26 06:55:04,0.5
bitcoin-up-or-down-august-27-6pm-et,UP,73321832112128753462240343031591674546766458753503906982235246998043524582875,1756191362,2025-08-26 06:56:02,0.5
bitcoin-up-or-down-august-27-6pm-et,UP,73321832112128753462240343031591674546766458753503906982235246998043524582875,1756191423,2025-08-26 06:57:03,0.5
bitcoin-up-or-down-august-27-6pm-et,UP,73321832112128753462240343031591674546766458753503906982235246998043524582875,1756191483,2025-08-26 06:58:03,0.5
bitcoin-up-or-down-august-27-6pm-et,UP,73321832112128753462240343031591674546766458753503906982235246998043524582875,1756191543,2025-08-26 06:59:03,0.5
bitcoin-up-or-down-august-27-6pm-et,UP,73321832112128753462240343031591674546766458753503906982235246998043524582875,1756191612,2025-08-26 07:00:12,0.5
bitcoin-up-or-down-august-27-6pm-et,UP,73321832112128753462240343031591674546766458753503906982235246998043524582875,1756191663,2025-08-26 07:01:03,0.5
bitcoin-up-or-down-august-27-6pm-et,UP,73321832112128753462240343031591674546766458753503906982235246998043524582875,1756191722,2025-08-26 07:02:02,0.5
bitcoin-up-or-down-august-27-6pm-et,UP,73321832112128753462240343031591674546766458753503906982235246998043524582875,1756191782,2025-08-26 07:03:02,0.5
bitcoin-up-or-down-august-27-6pm-et,UP,73321832112128753462240343031591674546766458753503906982235246998043524582875,1756191843,2025-08-26 07:04:03,0.5
bitcoin-up-or-down-august-27-6pm-et,UP,73321832112128753462240343031591674546766458753503906982235246998043524582875,1756191902,2025-08-26 07:05:02,0.5
bitcoin-up-or-down-august-27-6pm-et,UP,73321832112128753462240343031591674546766458753503906982235246998043524582875,1756191962,2025-08-26 07:06:02,0.5
bitcoin-up-or-down-august-27-6pm-et,UP,73321832112128753462240343031591674546766458753503906982235246998043524582875,1756192023,2025-08-26 07:07:03,0.5
bitcoin-up-or-down-august-27-6pm-et,UP,73321832112128753462240343031591674546766458753503906982235246998043524582875,1756192082,2025-08-26 07:08:02,0.5
bitcoin-up-or-down-august-27-6pm-et,UP,73321832112128753462240343031591674546766458753503906982235246998043524582875,1756192143,2025-08-26 07:09:03,0.5
bitcoin-up-or-down-august-27-6pm-et,UP,73321832112128753462240343031591674546766458753503906982235246998043524582875,1756192202,2025-08-26 07:10:02,0.5
bitcoin-up-or-down-august-27-6pm-et,UP,73321832112128753462240343031591674546766458753503906982235246998043524582875,1756192263,2025-08-26 07:11:03,0.5
bitcoin-up-or-down-august-27-6pm-et,UP,73321832112128753462240343031591674546766458753503906982235246998043524582875,1756192322,2025-08-26 07:12:02,0.5
bitcoin-up-or-down-august-27-6pm-et,UP,73321832112128753462240343031591674546766458753503906982235246998043524582875,1756192382,2025-08-26 07:13:02,0.5
bitcoin-up-or-down-august-27-6pm-et,UP,73321832112128753462240343031591674546766458753503906982235246998043524582875,1756192443,2025-08-26 07:14:03,0.5
bitcoin-up-or-down-august-27-6pm-et,UP,73321832112128753462240343031591674546766458753503906982235246998043524582875,1756192503,2025-08-26 07:15:03,0.5
bitcoin-up-or-down-august-27-6pm-et,UP,73321832112128753462240343031591674546766458753503906982235246998043524582875,1756192562,2025-08-26 07:16:02,0.5
bitcoin-up-or-down-august-27-6pm-et,UP,73321832112128753462240343031591674546766458753503906982235246998043524582875,1756192622,2025-08-26 07:17:02,0.5
bitcoin-up-or-down-august-27-6pm-et,UP,73321832112128753462240343031591674546766458753503906982235246998043524582875,1756192683,2025-08-26 07:18:03,0.5
bitcoin-up-or-down-august-27-6pm-et,UP,73321832112128753462240343031591674546766458753503906982235246998043524582875,1756192742,2025-08-26 07:19:02,0.5
bitcoin-up-or-down-august-27-6pm-et,UP,73321832112128753462240343031591674546766458753503906982235246998043524582875,1756192803,2025-08-26 07:20:03,0.5
bitcoin-up-or-down-august-27-6pm-et,UP,73321832112128753462240343031591674546766458753503906982235246998043524582875,1756192863,2025-08-26 07:21:03,0.5
bitcoin-up-or-down-august-27-6pm-et,UP,73321832112128753462240343031591674546766458753503906982235246998043524582875,1756192922,2025-08-26 07:22:02,0.5
bitcoin-up-or-down-august-27-6pm-et,UP,73321832112128753462240343031591674546766458753503906982235246998043524582875,1756192982,2025-08-26 07:23:02,0.5
bitcoin-up-or-down-august-27-6pm-et,UP,73321832112128753462240343031591674546766458753503906982235246998043524582875,1756193042,2025-08-26 07:24:02,0.5
bitcoin-up-or-down-august-27-6pm-et,UP,73321832112128753462240343031591674546766458753503906982235246998043524582875,1756193104,2025-08-26 07:25:04,0.5
bitcoin-up-or-down-august-27-6pm-et,UP,73321832112128753462240343031591674546766458753503906982235246998043524582875,1756193166,2025-08-26 07:26:06,0.5
bitcoin-up-or-down-august-27-6pm-et,UP,73321832112128753462240343031591674546766458753503906982235246998043524582875,1756193222,2025-08-26 07:27:02,0.5
bitcoin-up-or-down-august-27-6pm-et,UP,73321832112128753462240343031591674546766458753503906982235246998043524582875,1756193283,2025-08-26 07:28:03,0.5
bitcoin-up-or-down-august-27-6pm-et,UP,73321832112128753462240343031591674546766458753503906982235246998043524582875,1756193342,2025-08-26 07:29:02,0.5
bitcoin-up-or-down-august-27-6pm-et,UP,73321832112128753462240343031591674546766458753503906982235246998043524582875,1756193407,2025-08-26 07:30:07,0.5
bitcoin-up-or-down-august-27-6pm-et,UP,73321832112128753462240343031591674546766458753503906982235246998043524582875,1756193463,2025-08-26 07:31:03,0.5
bitcoin-up-or-down-august-27-6pm-et,UP,73321832112128753462240343031591674546766458753503906982235246998043524582875,1756193522,2025-08-26 07:32:02,0.5
bitcoin-up-or-down-august-27-6pm-et,UP,73321832112128753462240343031591674546766458753503906982235246998043524582875,1756193583,2025-08-26 07:33:03,0.5
bitcoin-up-or-down-august-27-6pm-et,UP,73321832112128753462240343031591674546766458753503906982235246998043524582875,1756193642,2025-08-26 07:34:02,0.5
bitcoin-up-or-down-august-27-6pm-et,UP,73321832112128753462240343031591674546766458753503906982235246998043524582875,1756193703,2025-08-26 07:35:03,0.5
bitcoin-up-or-down-august-27-6pm-et,UP,73321832112128753462240343031591674546766458753503906982235246998043524582875,1756193763,2025-08-26 07:36:03,0.5
bitcoin-up-or-down-august-27-6pm-et,UP,73321832112128753462240343031591674546766458753503906982235246998043524582875,1756193823,2025-08-26 07:37:03,0.5
bitcoin-up-or-down-august-27-6pm-et,UP,73321832112128753462240343031591674546766458753503906982235246998043524582875,1756193883,2025-08-26 07:38:03,0.5
bitcoin-up-or-down-august-27-6pm-et,UP,73321832112128753462240343031591674546766458753503906982235246998043524582875,1756193942,2025-08-26 07:39:02,0.5
bitcoin-up-or-down-august-27-6pm-et,UP,73321832112128753462240343031591674546766458753503906982235246998043524582875,1756194002,2025-08-26 07:40:02,0.5
bitcoin-up-or-down-august-27-6pm-et,UP,73321832112128753462240343031591674546766458753503906982235246998043524582875,1756194063,2025-08-26 07:41:03,0.5
bitcoin-up-or-down-august-27-6pm-et,UP,73321832112128753462240343031591674546766458753503906982235246998043524582875,1756194123,2025-08-26 07:42:03,0.5
bitcoin-up-or-down-august-27-6pm-et,UP,73321832112128753462240343031591674546766458753503906982235246998043524582875,1756194183,2025-08-26 07:43:03,0.5
bitcoin-up-or-down-august-27-6pm-et,UP,73321832112128753462240343031591674546766458753503906982235246998043524582875,1756194243,2025-08-26 07:44:03,0.5
bitcoin-up-or-down-august-27-6pm-et,UP,73321832112128753462240343031591674546766458753503906982235246998043524582875,1756194302,2025-08-26 07:45:02,0.5
bitcoin-up-or-down-august-27-6pm-et,UP,73321832112128753462240343031591674546766458753503906982235246998043524582875,1756194362,2025-08-26 07:46:02,0.5
bitcoin-up-or-down-august-27-6pm-et,UP,73321832112128753462240343031591674546766458753503906982235246998043524582875,1756194422,2025-08-26 07:47:02,0.5
bitcoin-up-or-down-august-27-6pm-et,UP,73321832112128753462240343031591674546766458753503906982235246998043524582875,1756194482,2025-08-26 07:48:02,0.5
bitcoin-up-or-down-august-27-6pm-et,UP,73321832112128753462240343031591674546766458753503906982235246998043524582875,1756194542,2025-08-26 07:49:02,0.5
bitcoin-up-or-down-august-27-6pm-et,UP,73321832112128753462240343031591674546766458753503906982235246998043524582875,1756194603,2025-08-26 07:50:03,0.5
bitcoin-up-or-down-august-27-6pm-et,UP,73321832112128753462240343031591674546766458753503906982235246998043524582875,1756194662,2025-08-26 07:51:02,0.5
bitcoin-up-or-down-august-27-6pm-et,UP,73321832112128753462240343031591674546766458753503906982235246998043524582875,1756194722,2025-08-26 07:52:02,0.5
bitcoin-up-or-down-august-27-6pm-et,UP,73321832112128753462240343031591674546766458753503906982235246998043524582875,1756194783,2025-08-26 07:53:03,0.5
bitcoin-up-or-down-august-27-6pm-et,UP,73321832112128753462240343031591674546766458753503906982235246998043524582875,1756194842,2025-08-26 07:54:02,0.5
bitcoin-up-or-down-august-27-6pm-et,UP,73321832112128753462240343031591674546766458753503906982235246998043524582875,1756194905,2025-08-26 07:55:05,0.5
bitcoin-up-or-down-august-27-6pm-et,UP,73321832112128753462240343031591674546766458753503906982235246998043524582875,1756194963,2025-08-26 07:56:03,0.5
bitcoin-up-or-down-august-27-6pm-et,UP,73321832112128753462240343031591674546766458753503906982235246998043524582875,1756195023,2025-08-26 07:57:03,0.5
bitcoin-up-or-down-august-27-6pm-et,UP,73321832112128753462240343031591674546766458753503906982235246998043524582875,1756195084,2025-08-26 07:58:04,0.5
bitcoin-up-or-down-august-27-6pm-et,UP,73321832112128753462240343031591674546766458753503906982235246998043524582875,1756195142,2025-08-26 07:59:02,0.5
bitcoin-up-or-down-august-27-6pm-et,UP,73321832112128753462240343031591674546766458753503906982235246998043524582875,1756195211,2025-08-26 08:00:11,0.5
bitcoin-up-or-down-august-27-6pm-et,UP,73321832112128753462240343031591674546766458753503906982235246998043524582875,1756195263,2025-08-26 08:01:03,0.5
bitcoin-up-or-down-august-27-6pm-et,UP,73321832112128753462240343031591674546766458753503906982235246998043524582875,1756195323,2025-08-26 08:02:03,0.5
bitcoin-up-or-down-august-27-6pm-et,UP,73321832112128753462240343031591674546766458753503906982235246998043524582875,1756195384,2025-08-26 08:03:04,0.5
bitcoin-up-or-down-august-27-6pm-et,UP,73321832112128753462240343031591674546766458753503906982235246998043524582875,1756195442,2025-08-26 08:04:02,0.5
bitcoin-up-or-down-august-27-6pm-et,UP,73321832112128753462240343031591674546766458753503906982235246998043524582875,1756195503,2025-08-26 08:05:03,0.5
bitcoin-up-or-down-august-27-6pm-et,UP,73321832112128753462240343031591674546766458753503906982235246998043524582875,1756195563,2025-08-26 08:06:03,0.5
bitcoin-up-or-down-august-27-6pm-et,UP,73321832112128753462240343031591674546766458753503906982235246998043524582875,1756195624,2025-08-26 08:07:04,0.5
bitcoin-up-or-down-august-27-6pm-et,UP,73321832112128753462240343031591674546766458753503906982235246998043524582875,1756195701,2025-08-26 08:08:21,0.5
bitcoin-up-or-down-august-27-6pm-et,UP,73321832112128753462240343031591674546766458753503906982235246998043524582875,1756195742,2025-08-26 08:09:02,0.5
bitcoin-up-or-down-august-27-6pm-et,UP,73321832112128753462240343031591674546766458753503906982235246998043524582875,1756195802,2025-08-26 08:10:02,0.5
bitcoin-up-or-down-august-27-6pm-et,UP,73321832112128753462240343031591674546766458753503906982235246998043524582875,1756195863,2025-08-26 08:11:03,0.5
bitcoin-up-or-down-august-27-6pm-et,UP,73321832112128753462240343031591674546766458753503906982235246998043524582875,1756195922,2025-08-26 08:12:02,0.5
bitcoin-up-or-down-august-27-6pm-et,UP,73321832112128753462240343031591674546766458753503906982235246998043524582875,1756195983,2025-08-26 08:13:03,0.5
bitcoin-up-or-down-august-27-6pm-et,UP,73321832112128753462240343031591674546766458753503906982235246998043524582875,1756196043,2025-08-26 08:14:03,0.5
bitcoin-up-or-down-august-27-6pm-et,UP,73321832112128753462240343031591674546766458753503906982235246998043524582875,1756196104,2025-08-26 08:15:04,0.5
bitcoin-up-or-down-august-27-6pm-et,UP,73321832112128753462240343031591674546766458753503906982235246998043524582875,1756196163,2025-08-26 08:16:03,0.5
bitcoin-up-or-down-august-27-6pm-et,UP,73321832112128753462240343031591674546766458753503906982235246998043524582875,1756196222,2025-08-26 08:17:02,0.5
bitcoin-up-or-down-august-27-6pm-et,UP,73321832112128753462240343031591674546766458753503906982235246998043524582875,1756196283,2025-08-26 08:18:03,0.5
bitcoin-up-or-down-august-27-6pm-et,UP,73321832112128753462240343031591674546766458753503906982235246998043524582875,1756196342,2025-08-26 08:19:02,0.5
bitcoin-up-or-down-august-27-6pm-et,UP,73321832112128753462240343031591674546766458753503906982235246998043524582875,1756196404,2025-08-26 08:20:04,0.5
bitcoin-up-or-down-august-27-6pm-et,UP,73321832112128753462240343031591674546766458753503906982235246998043524582875,1756196463,2025-08-26 08:21:03,0.5
bitcoin-up-or-down-august-27-6pm-et,UP,73321832112128753462240343031591674546766458753503906982235246998043524582875,1756196522,2025-08-26 08:22:02,0.5
bitcoin-up-or-down-august-27-6pm-et,UP,73321832112128753462240343031591674546766458753503906982235246998043524582875,1756196582,2025-08-26 08:23:02,0.5
bitcoin-up-or-down-august-27-6pm-et,UP,73321832112128753462240343031591674546766458753503906982235246998043524582875,1756196643,2025-08-26 08:24:03,0.5
bitcoin-up-or-down-august-27-6pm-et,UP,73321832112128753462240343031591674546766458753503906982235246998043524582875,1756196703,2025-08-26 08:25:03,0.5
bitcoin-up-or-down-august-27-6pm-et,UP,73321832112128753462240343031591674546766458753503906982235246998043524582875,1756196763,2025-08-26 08:26:03,0.5
bitcoin-up-or-down-august-27-6pm-et,UP,73321832112128753462240343031591674546766458753503906982235246998043524582875,1756196824,2025-08-26 08:27:04,0.5
bitcoin-up-or-down-august-27-6pm-et,UP,73321832112128753462240343031591674546766458753503906982235246998043524582875,1756196883,2025-08-26 08:28:03,0.5
bitcoin-up-or-down-august-27-6pm-et,UP,73321832112128753462240343031591674546766458753503906982235246998043524582875,1756196942,2025-08-26 08:29:02,0.5
bitcoin-up-or-down-august-27-6pm-et,UP,73321832112128753462240343031591674546766458753503906982235246998043524582875,1756197007,2025-08-26 08:30:07,0.5
bitcoin-up-or-down-august-27-6pm-et,UP,73321832112128753462240343031591674546766458753503906982235246998043524582875,1756197062,2025-08-26 08:31:02,0.5
bitcoin-up-or-down-august-27-6pm-et,UP,73321832112128753462240343031591674546766458753503906982235246998043524582875,1756197122,2025-08-26 08:32:02,0.5
bitcoin-up-or-down-august-27-6pm-et,UP,73321832112128753462240343031591674546766458753503906982235246998043524582875,1756197182,2025-08-26 08:33:02,0.5
bitcoin-up-or-down-august-27-6pm-et,UP,73321832112128753462240343031591674546766458753503906982235246998043524582875,1756197242,2025-08-26 08:34:02,0.5
bitcoin-up-or-down-august-27-6pm-et,UP,73321832112128753462240343031591674546766458753503906982235246998043524582875,1756197304,2025-08-26 08:35:04,0.5
bitcoin-up-or-down-august-27-6pm-et,UP,73321832112128753462240343031591674546766458753503906982235246998043524582875,1756197362,2025-08-26 08:36:02,0.5
bitcoin-up-or-down-august-27-6pm-et,UP,73321832112128753462240343031591674546766458753503906982235246998043524582875,1756197423,2025-08-26 08:37:03,0.5
bitcoin-up-or-down-august-27-6pm-et,UP,73321832112128753462240343031591674546766458753503906982235246998043524582875,1756197483,2025-08-26 08:38:03,0.5
bitcoin-up-or-down-august-27-6pm-et,UP,73321832112128753462240343031591674546766458753503906982235246998043524582875,1756197542,2025-08-26 08:39:02,0.5
bitcoin-up-or-down-august-27-6pm-et,UP,73321832112128753462240343031591674546766458753503906982235246998043524582875,1756197603,2025-08-26 08:40:03,0.5
bitcoin-up-or-down-august-27-6pm-et,UP,73321832112128753462240343031591674546766458753503906982235246998043524582875,1756197662,2025-08-26 08:41:02,0.5
bitcoin-up-or-down-august-27-6pm-et,UP,73321832112128753462240343031591674546766458753503906982235246998043524582875,1756197722,2025-08-26 08:42:02,0.5
bitcoin-up-or-down-august-27-6pm-et,UP,73321832112128753462240343031591674546766458753503906982235246998043524582875,1756197782,2025-08-26 08:43:02,0.5
bitcoin-up-or-down-august-27-6pm-et,UP,73321832112128753462240343031591674546766458753503906982235246998043524582875,1756197842,2025-08-26 08:44:02,0.5
bitcoin-up-or-down-august-27-6pm-et,UP,73321832112128753462240343031591674546766458753503906982235246998043524582875,1756197904,2025-08-26 08:45:04,0.5
bitcoin-up-or-down-august-27-6pm-et,UP,73321832112128753462240343031591674546766458753503906982235246998043524582875,1756197963,2025-08-26 08:46:03,0.5
bitcoin-up-or-down-august-27-6pm-et,UP,73321832112128753462240343031591674546766458753503906982235246998043524582875,1756198023,2025-08-26 08:47:03,0.5
bitcoin-up-or-down-august-27-6pm-et,UP,73321832112128753462240343031591674546766458753503906982235246998043524582875,1756198083,2025-08-26 08:48:03,0.5
bitcoin-up-or-down-august-27-6pm-et,UP,73321832112128753462240343031591674546766458753503906982235246998043524582875,1756198143,2025-08-26 08:49:03,0.5
bitcoin-up-or-down-august-27-6pm-et,UP,73321832112128753462240343031591674546766458753503906982235246998043524582875,1756198203,2025-08-26 08:50:03,0.5
bitcoin-up-or-down-august-27-6pm-et,UP,73321832112128753462240343031591674546766458753503906982235246998043524582875,1756198263,2025-08-26 08:51:03,0.5
bitcoin-up-or-down-august-27-6pm-et,UP,73321832112128753462240343031591674546766458753503906982235246998043524582875,1756198325,2025-08-26 08:52:05,0.5
bitcoin-up-or-down-august-27-6pm-et,UP,73321832112128753462240343031591674546766458753503906982235246998043524582875,1756198385,2025-08-26 08:53:05,0.5
bitcoin-up-or-down-august-27-6pm-et,UP,73321832112128753462240343031591674546766458753503906982235246998043524582875,1756198442,2025-08-26 08:54:02,0.5
bitcoin-up-or-down-august-27-6pm-et,UP,73321832112128753462240343031591674546766458753503906982235246998043524582875,1756198503,2025-08-26 08:55:03,0.5
bitcoin-up-or-down-august-27-6pm-et,UP,73321832112128753462240343031591674546766458753503906982235246998043524582875,1756198563,2025-08-26 08:56:03,0.5
bitcoin-up-or-down-august-27-6pm-et,UP,73321832112128753462240343031591674546766458753503906982235246998043524582875,1756198623,2025-08-26 08:57:03,0.5
bitcoin-up-or-down-august-27-6pm-et,UP,73321832112128753462240343031591674546766458753503906982235246998043524582875,1756198683,2025-08-26 08:58:03,0.5
bitcoin-up-or-down-august-27-6pm-et,UP,73321832112128753462240343031591674546766458753503906982235246998043524582875,1756198743,2025-08-26 08:59:03,0.5
bitcoin-up-or-down-august-27-6pm-et,UP,73321832112128753462240343031591674546766458753503906982235246998043524582875,1756198817,2025-08-26 09:00:17,0.5
bitcoin-up-or-down-august-27-6pm-et,UP,73321832112128753462240343031591674546766458753503906982235246998043524582875,1756198863,2025-08-26 09:01:03,0.5
bitcoin-up-or-down-august-27-6pm-et,UP,73321832112128753462240343031591674546766458753503906982235246998043524582875,1756198922,2025-08-26 09:02:02,0.5
bitcoin-up-or-down-august-27-6pm-et,UP,73321832112128753462240343031591674546766458753503906982235246998043524582875,1756198983,2025-08-26 09:03:03,0.5
bitcoin-up-or-down-august-27-6pm-et,UP,73321832112128753462240343031591674546766458753503906982235246998043524582875,1756199042,2025-08-26 09:04:02,0.5
bitcoin-up-or-down-august-27-6pm-et,UP,73321832112128753462240343031591674546766458753503906982235246998043524582875,1756199104,2025-08-26 09:05:04,0.5
bitcoin-up-or-down-august-27-6pm-et,UP,73321832112128753462240343031591674546766458753503906982235246998043524582875,1756199164,2025-08-26 09:06:04,0.5
bitcoin-up-or-down-august-27-6pm-et,UP,73321832112128753462240343031591674546766458753503906982235246998043524582875,1756199223,2025-08-26 09:07:03,0.5
bitcoin-up-or-down-august-27-6pm-et,UP,73321832112128753462240343031591674546766458753503906982235246998043524582875,1756199283,2025-08-26 09:08:03,0.5
bitcoin-up-or-down-august-27-6pm-et,UP,73321832112128753462240343031591674546766458753503906982235246998043524582875,1756199343,2025-08-26 09:09:03,0.5
bitcoin-up-or-down-august-27-6pm-et,UP,73321832112128753462240343031591674546766458753503906982235246998043524582875,1756199404,2025-08-26 09:10:04,0.5
bitcoin-up-or-down-august-27-6pm-et,UP,73321832112128753462240343031591674546766458753503906982235246998043524582875,1756199462,2025-08-26 09:11:02,0.5
bitcoin-up-or-down-august-27-6pm-et,UP,73321832112128753462240343031591674546766458753503906982235246998043524582875,1756199522,2025-08-26 09:12:02,0.5
bitcoin-up-or-down-august-27-6pm-et,UP,73321832112128753462240343031591674546766458753503906982235246998043524582875,1756199582,2025-08-26 09:13:02,0.5
bitcoin-up-or-down-august-27-6pm-et,UP,73321832112128753462240343031591674546766458753503906982235246998043524582875,1756199643,2025-08-26 09:14:03,0.5
bitcoin-up-or-down-august-27-6pm-et,UP,73321832112128753462240343031591674546766458753503906982235246998043524582875,1756199702,2025-08-26 09:15:02,0.5
bitcoin-up-or-down-august-27-6pm-et,UP,73321832112128753462240343031591674546766458753503906982235246998043524582875,1756199763,2025-08-26 09:16:03,0.5
bitcoin-up-or-down-august-27-6pm-et,UP,73321832112128753462240343031591674546766458753503906982235246998043524582875,1756199822,2025-08-26 09:17:02,0.5
bitcoin-up-or-down-august-27-6pm-et,UP,73321832112128753462240343031591674546766458753503906982235246998043524582875,1756199882,2025-08-26 09:18:02,0.5
bitcoin-up-or-down-august-27-6pm-et,UP,73321832112128753462240343031591674546766458753503906982235246998043524582875,1756199942,2025-08-26 09:19:02,0.5
bitcoin-up-or-down-august-27-6pm-et,UP,73321832112128753462240343031591674546766458753503906982235246998043524582875,1756200002,2025-08-26 09:20:02,0.5
bitcoin-up-or-down-august-27-6pm-et,UP,73321832112128753462240343031591674546766458753503906982235246998043524582875,1756200062,2025-08-26 09:21:02,0.5
bitcoin-up-or-down-august-27-6pm-et,UP,73321832112128753462240343031591674546766458753503906982235246998043524582875,1756200123,2025-08-26 09:22:03,0.5
bitcoin-up-or-down-august-27-6pm-et,UP,73321832112128753462240343031591674546766458753503906982235246998043524582875,1756200183,2025-08-26 09:23:03,0.5
bitcoin-up-or-down-august-27-6pm-et,UP,73321832112128753462240343031591674546766458753503906982235246998043524582875,1756200242,2025-08-26 09:24:02,0.5
bitcoin-up-or-down-august-27-6pm-et,UP,73321832112128753462240343031591674546766458753503906982235246998043524582875,1756200303,2025-08-26 09:25:03,0.5
bitcoin-up-or-down-august-27-6pm-et,UP,73321832112128753462240343031591674546766458753503906982235246998043524582875,1756200370,2025-08-26 09:26:10,0.5
bitcoin-up-or-down-august-27-6pm-et,UP,73321832112128753462240343031591674546766458753503906982235246998043524582875,1756200424,2025-08-26 09:27:04,0.5
bitcoin-up-or-down-august-27-6pm-et,UP,73321832112128753462240343031591674546766458753503906982235246998043524582875,1756200482,2025-08-26 09:28:02,0.5
bitcoin-up-or-down-august-27-6pm-et,UP,73321832112128753462240343031591674546766458753503906982235246998043524582875,1756200544,2025-08-26 09:29:04,0.5
bitcoin-up-or-down-august-27-6pm-et,UP,73321832112128753462240343031591674546766458753503906982235246998043524582875,1756200606,2025-08-26 09:30:06,0.5
bitcoin-up-or-down-august-27-6pm-et,UP,73321832112128753462240343031591674546766458753503906982235246998043524582875,1756200664,2025-08-26 09:31:04,0.5
bitcoin-up-or-down-august-27-6pm-et,UP,73321832112128753462240343031591674546766458753503906982235246998043524582875,1756200722,2025-08-26 09:32:02,0.5
bitcoin-up-or-down-august-27-6pm-et,UP,73321832112128753462240343031591674546766458753503906982235246998043524582875,1756200783,2025-08-26 09:33:03,0.5
bitcoin-up-or-down-august-27-6pm-et,UP,73321832112128753462240343031591674546766458753503906982235246998043524582875,1756200843,2025-08-26 09:34:03,0.5
bitcoin-up-or-down-august-27-6pm-et,UP,73321832112128753462240343031591674546766458753503906982235246998043524582875,1756200904,2025-08-26 09:35:04,0.5
bitcoin-up-or-down-august-27-6pm-et,UP,73321832112128753462240343031591674546766458753503906982235246998043524582875,1756200962,2025-08-26 09:36:02,0.5
bitcoin-up-or-down-august-27-6pm-et,UP,73321832112128753462240343031591674546766458753503906982235246998043524582875,1756201023,2025-08-26 09:37:03,0.5
bitcoin-up-or-down-august-27-6pm-et,UP,73321832112128753462240343031591674546766458753503906982235246998043524582875,1756201082,2025-08-26 09:38:02,0.5
bitcoin-up-or-down-august-27-6pm-et,UP,73321832112128753462240343031591674546766458753503906982235246998043524582875,1756201143,2025-08-26 09:39:03,0.5
bitcoin-up-or-down-august-27-6pm-et,UP,73321832112128753462240343031591674546766458753503906982235246998043524582875,1756201203,2025-08-26 09:40:03,0.5
bitcoin-up-or-down-august-27-6pm-et,UP,73321832112128753462240343031591674546766458753503906982235246998043524582875,1756201263,2025-08-26 09:41:03,0.5
bitcoin-up-or-down-august-27-6pm-et,UP,73321832112128753462240343031591674546766458753503906982235246998043524582875,1756201322,2025-08-26 09:42:02,0.5
bitcoin-up-or-down-august-27-6pm-et,UP,73321832112128753462240343031591674546766458753503906982235246998043524582875,1756201382,2025-08-26 09:43:02,0.5
bitcoin-up-or-down-august-27-6pm-et,UP,73321832112128753462240343031591674546766458753503906982235246998043524582875,1756201443,2025-08-26 09:44:03,0.5
bitcoin-up-or-down-august-27-6pm-et,UP,73321832112128753462240343031591674546766458753503906982235246998043524582875,1756201502,2025-08-26 09:45:02,0.5
bitcoin-up-or-down-august-27-6pm-et,UP,73321832112128753462240343031591674546766458753503906982235246998043524582875,1756201562,2025-08-26 09:46:02,0.5
bitcoin-up-or-down-august-27-6pm-et,UP,73321832112128753462240343031591674546766458753503906982235246998043524582875,1756201622,2025-08-26 09:47:02,0.5
bitcoin-up-or-down-august-27-6pm-et,UP,73321832112128753462240343031591674546766458753503906982235246998043524582875,1756201683,2025-08-26 09:48:03,0.5
bitcoin-up-or-down-august-27-6pm-et,UP,73321832112128753462240343031591674546766458753503906982235246998043524582875,1756201743,2025-08-26 09:49:03,0.5
bitcoin-up-or-down-august-27-6pm-et,UP,73321832112128753462240343031591674546766458753503906982235246998043524582875,1756201803,2025-08-26 09:50:03,0.5
bitcoin-up-or-down-august-27-6pm-et,UP,73321832112128753462240343031591674546766458753503906982235246998043524582875,1756201862,2025-08-26 09:51:02,0.5
bitcoin-up-or-down-august-27-6pm-et,UP,73321832112128753462240343031591674546766458753503906982235246998043524582875,1756201928,2025-08-26 09:52:08,0.5
bitcoin-up-or-down-august-27-6pm-et,UP,73321832112128753462240343031591674546766458753503906982235246998043524582875,1756201983,2025-08-26 09:53:03,0.5
bitcoin-up-or-down-august-27-6pm-et,UP,73321832112128753462240343031591674546766458753503906982235246998043524582875,1756202043,2025-08-26 09:54:03,0.5
bitcoin-up-or-down-august-27-6pm-et,UP,73321832112128753462240343031591674546766458753503906982235246998043524582875,1756202105,2025-08-26 09:55:05,0.5
bitcoin-up-or-down-august-27-6pm-et,UP,73321832112128753462240343031591674546766458753503906982235246998043524582875,1756202163,2025-08-26 09:56:03,0.5
bitcoin-up-or-down-august-27-6pm-et,UP,73321832112128753462240343031591674546766458753503906982235246998043524582875,1756202222,2025-08-26 09:57:02,0.5
bitcoin-up-or-down-august-27-6pm-et,UP,73321832112128753462240343031591674546766458753503906982235246998043524582875,1756202283,2025-08-26 09:58:03,0.5
bitcoin-up-or-down-august-27-6pm-et,UP,73321832112128753462240343031591674546766458753503906982235246998043524582875,1756202342,2025-08-26 09:59:02,0.5
bitcoin-up-or-down-august-27-6pm-et,UP,73321832112128753462240343031591674546766458753503906982235246998043524582875,1756202404,2025-08-26 10:00:04,0.5
bitcoin-up-or-down-august-27-6pm-et,UP,73321832112128753462240343031591674546766458753503906982235246998043524582875,1756202464,2025-08-26 10:01:04,0.5
bitcoin-up-or-down-august-27-6pm-et,UP,73321832112128753462240343031591674546766458753503906982235246998043524582875,1756202524,2025-08-26 10:02:04,0.5
bitcoin-up-or-down-august-27-6pm-et,UP,73321832112128753462240343031591674546766458753503906982235246998043524582875,1756202583,2025-08-26 10:03:03,0.5
bitcoin-up-or-down-august-27-6pm-et,UP,73321832112128753462240343031591674546766458753503906982235246998043524582875,1756202643,2025-08-26 10:04:03,0.5
bitcoin-up-or-down-august-27-6pm-et,UP,73321832112128753462240343031591674546766458753503906982235246998043524582875,1756202704,2025-08-26 10:05:04,0.5
bitcoin-up-or-down-august-27-6pm-et,UP,73321832112128753462240343031591674546766458753503906982235246998043524582875,1756202763,2025-08-26 10:06:03,0.5
bitcoin-up-or-down-august-27-6pm-et,UP,73321832112128753462240343031591674546766458753503906982235246998043524582875,1756202824,2025-08-26 10:07:04,0.5
bitcoin-up-or-down-august-27-6pm-et,UP,73321832112128753462240343031591674546766458753503906982235246998043524582875,1756202883,2025-08-26 10:08:03,0.5
bitcoin-up-or-down-august-27-6pm-et,UP,73321832112128753462240343031591674546766458753503906982235246998043524582875,1756202942,2025-08-26 10:09:02,0.5
bitcoin-up-or-down-august-27-6pm-et,UP,73321832112128753462240343031591674546766458753503906982235246998043524582875,1756203004,2025-08-26 10:10:04,0.5
bitcoin-up-or-down-august-27-6pm-et,UP,73321832112128753462240343031591674546766458753503906982235246998043524582875,1756203062,2025-08-26 10:11:02,0.5
bitcoin-up-or-down-august-27-6pm-et,UP,73321832112128753462240343031591674546766458753503906982235246998043524582875,1756203122,2025-08-26 10:12:02,0.5
bitcoin-up-or-down-august-27-6pm-et,UP,73321832112128753462240343031591674546766458753503906982235246998043524582875,1756203182,2025-08-26 10:13:02,0.5
bitcoin-up-or-down-august-27-6pm-et,UP,73321832112128753462240343031591674546766458753503906982235246998043524582875,1756203243,2025-08-26 10:14:03,0.5
bitcoin-up-or-down-august-27-6pm-et,UP,73321832112128753462240343031591674546766458753503906982235246998043524582875,1756203303,2025-08-26 10:15:03,0.5
bitcoin-up-or-down-august-27-6pm-et,UP,73321832112128753462240343031591674546766458753503906982235246998043524582875,1756203363,2025-08-26 10:16:03,0.5
bitcoin-up-or-down-august-27-6pm-et,UP,73321832112128753462240343031591674546766458753503906982235246998043524582875,1756203423,2025-08-26 10:17:03,0.5
bitcoin-up-or-down-august-27-6pm-et,UP,73321832112128753462240343031591674546766458753503906982235246998043524582875,1756203482,2025-08-26 10:18:02,0.5
bitcoin-up-or-down-august-27-6pm-et,UP,73321832112128753462240343031591674546766458753503906982235246998043524582875,1756203542,2025-08-26 10:19:02,0.5
bitcoin-up-or-down-august-27-6pm-et,UP,73321832112128753462240343031591674546766458753503906982235246998043524582875,1756203602,2025-08-26 10:20:02,0.5
bitcoin-up-or-down-august-27-6pm-et,UP,73321832112128753462240343031591674546766458753503906982235246998043524582875,1756203662,2025-08-26 10:21:02,0.5
bitcoin-up-or-down-august-27-6pm-et,UP,73321832112128753462240343031591674546766458753503906982235246998043524582875,1756203722,2025-08-26 10:22:02,0.5
bitcoin-up-or-down-august-27-6pm-et,UP,73321832112128753462240343031591674546766458753503906982235246998043524582875,1756203782,2025-08-26 10:23:02,0.5
bitcoin-up-or-down-august-27-6pm-et,UP,73321832112128753462240343031591674546766458753503906982235246998043524582875,1756203842,2025-08-26 10:24:02,0.5
bitcoin-up-or-down-august-27-6pm-et,UP,73321832112128753462240343031591674546766458753503906982235246998043524582875,1756203903,2025-08-26 10:25:03,0.5
bitcoin-up-or-down-august-27-6pm-et,UP,73321832112128753462240343031591674546766458753503906982235246998043524582875,1756203962,2025-08-26 10:26:02,0.5
bitcoin-up-or-down-august-27-6pm-et,UP,73321832112128753462240343031591674546766458753503906982235246998043524582875,1756204023,2025-08-26 10:27:03,0.5
bitcoin-up-or-down-august-27-6pm-et,UP,73321832112128753462240343031591674546766458753503906982235246998043524582875,1756204082,2025-08-26 10:28:02,0.5
bitcoin-up-or-down-august-27-6pm-et,UP,73321832112128753462240343031591674546766458753503906982235246998043524582875,1756204142,2025-08-26 10:29:02,0.5
bitcoin-up-or-down-august-27-6pm-et,UP,73321832112128753462240343031591674546766458753503906982235246998043524582875,1756204205,2025-08-26 10:30:05,0.5
bitcoin-up-or-down-august-27-6pm-et,UP,73321832112128753462240343031591674546766458753503906982235246998043524582875,1756204262,2025-08-26 10:31:02,0.5
bitcoin-up-or-down-august-27-6pm-et,UP,73321832112128753462240343031591674546766458753503906982235246998043524582875,1756204323,2025-08-26 10:32:03,0.5
bitcoin-up-or-down-august-27-6pm-et,UP,73321832112128753462240343031591674546766458753503906982235246998043524582875,1756204384,2025-08-26 10:33:04,0.5
bitcoin-up-or-down-august-27-6pm-et,UP,73321832112128753462240343031591674546766458753503906982235246998043524582875,1756204443,2025-08-26 10:34:03,0.5
bitcoin-up-or-down-august-27-6pm-et,UP,73321832112128753462240343031591674546766458753503906982235246998043524582875,1756204503,2025-08-26 10:35:03,0.5
bitcoin-up-or-down-august-27-6pm-et,UP,73321832112128753462240343031591674546766458753503906982235246998043524582875,1756204562,2025-08-26 10:36:02,0.5
bitcoin-up-or-down-august-27-6pm-et,UP,73321832112128753462240343031591674546766458753503906982235246998043524582875,1756204623,2025-08-26 10:37:03,0.5
bitcoin-up-or-down-august-27-6pm-et,UP,73321832112128753462240343031591674546766458753503906982235246998043524582875,1756204684,2025-08-26 10:38:04,0.5
bitcoin-up-or-down-august-27-6pm-et,UP,73321832112128753462240343031591674546766458753503906982235246998043524582875,1756204743,2025-08-26 10:39:03,0.5
bitcoin-up-or-down-august-27-6pm-et,UP,73321832112128753462240343031591674546766458753503906982235246998043524582875,1756204803,2025-08-26 10:40:03,0.5
bitcoin-up-or-down-august-27-6pm-et,UP,73321832112128753462240343031591674546766458753503906982235246998043524582875,1756204862,2025-08-26 10:41:02,0.5
bitcoin-up-or-down-august-27-6pm-et,UP,73321832112128753462240343031591674546766458753503906982235246998043524582875,1756204922,2025-08-26 10:42:02,0.5
bitcoin-up-or-down-august-27-6pm-et,UP,73321832112128753462240343031591674546766458753503906982235246998043524582875,1756204983,2025-08-26 10:43:03,0.5
bitcoin-up-or-down-august-27-6pm-et,UP,73321832112128753462240343031591674546766458753503906982235246998043524582875,1756205045,2025-08-26 10:44:05,0.5
bitcoin-up-or-down-august-27-6pm-et,UP,73321832112128753462240343031591674546766458753503906982235246998043524582875,1756205104,2025-08-26 10:45:04,0.5
bitcoin-up-or-down-august-27-6pm-et,UP,73321832112128753462240343031591674546766458753503906982235246998043524582875,1756205164,2025-08-26 10:46:04,0.5
bitcoin-up-or-down-august-27-6pm-et,UP,73321832112128753462240343031591674546766458753503906982235246998043524582875,1756205222,2025-08-26 10:47:02,0.5
bitcoin-up-or-down-august-27-6pm-et,UP,73321832112128753462240343031591674546766458753503906982235246998043524582875,1756205282,2025-08-26 10:48:02,0.5
bitcoin-up-or-down-august-27-6pm-et,UP,73321832112128753462240343031591674546766458753503906982235246998043524582875,1756205343,2025-08-26 10:49:03,0.5
bitcoin-up-or-down-august-27-6pm-et,UP,73321832112128753462240343031591674546766458753503906982235246998043524582875,1756205403,2025-08-26 10:50:03,0.5
bitcoin-up-or-down-august-27-6pm-et,UP,73321832112128753462240343031591674546766458753503906982235246998043524582875,1756205463,2025-08-26 10:51:03,0.5
bitcoin-up-or-down-august-27-6pm-et,UP,73321832112128753462240343031591674546766458753503906982235246998043524582875,1756205522,2025-08-26 10:52:02,0.5
bitcoin-up-or-down-august-27-6pm-et,UP,73321832112128753462240343031591674546766458753503906982235246998043524582875,1756205583,2025-08-26 10:53:03,0.5
bitcoin-up-or-down-august-27-6pm-et,UP,73321832112128753462240343031591674546766458753503906982235246998043524582875,1756205643,2025-08-26 10:54:03,0.5
bitcoin-up-or-down-august-27-6pm-et,UP,73321832112128753462240343031591674546766458753503906982235246998043524582875,1756205702,2025-08-26 10:55:02,0.5
bitcoin-up-or-down-august-27-6pm-et,UP,73321832112128753462240343031591674546766458753503906982235246998043524582875,1756205763,2025-08-26 10:56:03,0.5
bitcoin-up-or-down-august-27-6pm-et,UP,73321832112128753462240343031591674546766458753503906982235246998043524582875,1756205823,2025-08-26 10:57:03,0.5
bitcoin-up-or-down-august-27-6pm-et,UP,73321832112128753462240343031591674546766458753503906982235246998043524582875,1756205883,2025-08-26 10:58:03,0.5
bitcoin-up-or-down-august-27-6pm-et,UP,73321832112128753462240343031591674546766458753503906982235246998043524582875,1756205943,2025-08-26 10:59:03,0.5
bitcoin-up-or-down-august-27-6pm-et,UP,73321832112128753462240343031591674546766458753503906982235246998043524582875,1756206010,2025-08-26 11:00:10,0.5
bitcoin-up-or-down-august-27-6pm-et,UP,73321832112128753462240343031591674546766458753503906982235246998043524582875,1756206063,2025-08-26 11:01:03,0.5
bitcoin-up-or-down-august-27-6pm-et,UP,73321832112128753462240343031591674546766458753503906982235246998043524582875,1756206123,2025-08-26 11:02:03,0.5
bitcoin-up-or-down-august-27-6pm-et,UP,73321832112128753462240343031591674546766458753503906982235246998043524582875,1756206183,2025-08-26 11:03:03,0.5
bitcoin-up-or-down-august-27-6pm-et,UP,73321832112128753462240343031591674546766458753503906982235246998043524582875,1756206242,2025-08-26 11:04:02,0.5
bitcoin-up-or-down-august-27-6pm-et,UP,73321832112128753462240343031591674546766458753503906982235246998043524582875,1756206304,2025-08-26 11:05:04,0.5
bitcoin-up-or-down-august-27-6pm-et,UP,73321832112128753462240343031591674546766458753503906982235246998043524582875,1756206363,2025-08-26 11:06:03,0.5
bitcoin-up-or-down-august-27-6pm-et,UP,73321832112128753462240343031591674546766458753503906982235246998043524582875,1756206423,2025-08-26 11:07:03,0.5
bitcoin-up-or-down-august-27-6pm-et,UP,73321832112128753462240343031591674546766458753503906982235246998043524582875,1756206482,2025-08-26 11:08:02,0.5
bitcoin-up-or-down-august-27-6pm-et,UP,73321832112128753462240343031591674546766458753503906982235246998043524582875,1756206543,2025-08-26 11:09:03,0.5
bitcoin-up-or-down-august-27-6pm-et,UP,73321832112128753462240343031591674546766458753503906982235246998043524582875,1756206604,2025-08-26 11:10:04,0.5
bitcoin-up-or-down-august-27-6pm-et,UP,73321832112128753462240343031591674546766458753503906982235246998043524582875,1756206662,2025-08-26 11:11:02,0.5
bitcoin-up-or-down-august-27-6pm-et,UP,73321832112128753462240343031591674546766458753503906982235246998043524582875,1756206723,2025-08-26 11:12:03,0.5
bitcoin-up-or-down-august-27-6pm-et,UP,73321832112128753462240343031591674546766458753503906982235246998043524582875,1756206782,2025-08-26 11:13:02,0.5
bitcoin-up-or-down-august-27-6pm-et,UP,73321832112128753462240343031591674546766458753503906982235246998043524582875,1756206842,2025-08-26 11:14:02,0.5
bitcoin-up-or-down-august-27-6pm-et,UP,73321832112128753462240343031591674546766458753503906982235246998043524582875,1756206904,2025-08-26 11:15:04,0.5
bitcoin-up-or-down-august-27-6pm-et,UP,73321832112128753462240343031591674546766458753503906982235246998043524582875,1756206962,2025-08-26 11:16:02,0.5
bitcoin-up-or-down-august-27-6pm-et,UP,73321832112128753462240343031591674546766458753503906982235246998043524582875,1756207023,2025-08-26 11:17:03,0.5
bitcoin-up-or-down-august-27-6pm-et,UP,73321832112128753462240343031591674546766458753503906982235246998043524582875,1756207083,2025-08-26 11:18:03,0.5
bitcoin-up-or-down-august-27-6pm-et,UP,73321832112128753462240343031591674546766458753503906982235246998043524582875,1756207143,2025-08-26 11:19:03,0.5
bitcoin-up-or-down-august-27-6pm-et,UP,73321832112128753462240343031591674546766458753503906982235246998043524582875,1756207203,2025-08-26 11:20:03,0.5
bitcoin-up-or-down-august-27-6pm-et,UP,73321832112128753462240343031591674546766458753503906982235246998043524582875,1756207262,2025-08-26 11:21:02,0.5
bitcoin-up-or-down-august-27-6pm-et,UP,73321832112128753462240343031591674546766458753503906982235246998043524582875,1756207322,2025-08-26 11:22:02,0.5
bitcoin-up-or-down-august-27-6pm-et,UP,73321832112128753462240343031591674546766458753503906982235246998043524582875,1756207383,2025-08-26 11:23:03,0.5
bitcoin-up-or-down-august-27-6pm-et,UP,73321832112128753462240343031591674546766458753503906982235246998043524582875,1756207443,2025-08-26 11:24:03,0.5
bitcoin-up-or-down-august-27-6pm-et,UP,73321832112128753462240343031591674546766458753503906982235246998043524582875,1756207503,2025-08-26 11:25:03,0.5
bitcoin-up-or-down-august-27-6pm-et,UP,73321832112128753462240343031591674546766458753503906982235246998043524582875,1756207563,2025-08-26 11:26:03,0.5
bitcoin-up-or-down-august-27-6pm-et,UP,73321832112128753462240343031591674546766458753503906982235246998043524582875,1756207622,2025-08-26 11:27:02,0.5
bitcoin-up-or-down-august-27-6pm-et,UP,73321832112128753462240343031591674546766458753503906982235246998043524582875,1756207683,2025-08-26 11:28:03,0.5
bitcoin-up-or-down-august-27-6pm-et,UP,73321832112128753462240343031591674546766458753503906982235246998043524582875,1756207742,2025-08-26 11:29:02,0.5
bitcoin-up-or-down-august-27-6pm-et,UP,73321832112128753462240343031591674546766458753503906982235246998043524582875,1756207807,2025-08-26 11:30:07,0.5
bitcoin-up-or-down-august-27-6pm-et,UP,73321832112128753462240343031591674546766458753503906982235246998043524582875,1756207862,2025-08-26 11:31:02,0.5
bitcoin-up-or-down-august-27-6pm-et,UP,73321832112128753462240343031591674546766458753503906982235246998043524582875,1756207924,2025-08-26 11:32:04,0.5
bitcoin-up-or-down-august-27-6pm-et,UP,73321832112128753462240343031591674546766458753503906982235246998043524582875,1756207983,2025-08-26 11:33:03,0.5
bitcoin-up-or-down-august-27-6pm-et,UP,73321832112128753462240343031591674546766458753503906982235246998043524582875,1756208042,2025-08-26 11:34:02,0.5
bitcoin-up-or-down-august-27-6pm-et,UP,73321832112128753462240343031591674546766458753503906982235246998043524582875,1756208104,2025-08-26 11:35:04,0.5
bitcoin-up-or-down-august-27-6pm-et,UP,73321832112128753462240343031591674546766458753503906982235246998043524582875,1756208163,2025-08-26 11:36:03,0.5
bitcoin-up-or-down-august-27-6pm-et,UP,73321832112128753462240343031591674546766458753503906982235246998043524582875,1756208223,2025-08-26 11:37:03,0.5
bitcoin-up-or-down-august-27-6pm-et,UP,73321832112128753462240343031591674546766458753503906982235246998043524582875,1756208283,2025-08-26 11:38:03,0.5
bitcoin-up-or-down-august-27-6pm-et,UP,73321832112128753462240343031591674546766458753503906982235246998043524582875,1756208342,2025-08-26 11:39:02,0.5
bitcoin-up-or-down-august-27-6pm-et,UP,73321832112128753462240343031591674546766458753503906982235246998043524582875,1756208404,2025-08-26 11:40:04,0.5
bitcoin-up-or-down-august-27-6pm-et,UP,73321832112128753462240343031591674546766458753503906982235246998043524582875,1756208462,2025-08-26 11:41:02,0.5
bitcoin-up-or-down-august-27-6pm-et,UP,73321832112128753462240343031591674546766458753503906982235246998043524582875,1756208522,2025-08-26 11:42:02,0.5
bitcoin-up-or-down-august-27-6pm-et,UP,73321832112128753462240343031591674546766458753503906982235246998043524582875,1756208582,2025-08-26 11:43:02,0.5
bitcoin-up-or-down-august-27-6pm-et,UP,73321832112128753462240343031591674546766458753503906982235246998043524582875,1756208642,2025-08-26 11:44:02,0.5
bitcoin-up-or-down-august-27-6pm-et,UP,73321832112128753462240343031591674546766458753503906982235246998043524582875,1756208704,2025-08-26 11:45:04,0.5
bitcoin-up-or-down-august-27-6pm-et,UP,73321832112128753462240343031591674546766458753503906982235246998043524582875,1756208762,2025-08-26 11:46:02,0.5
bitcoin-up-or-down-august-27-6pm-et,UP,73321832112128753462240343031591674546766458753503906982235246998043524582875,1756208823,2025-08-26 11:47:03,0.5
bitcoin-up-or-down-august-27-6pm-et,UP,73321832112128753462240343031591674546766458753503906982235246998043524582875,1756208882,2025-08-26 11:48:02,0.5
bitcoin-up-or-down-august-27-6pm-et,UP,73321832112128753462240343031591674546766458753503906982235246998043524582875,1756208943,2025-08-26 11:49:03,0.5
bitcoin-up-or-down-august-27-6pm-et,UP,73321832112128753462240343031591674546766458753503906982235246998043524582875,1756209004,2025-08-26 11:50:04,0.5
bitcoin-up-or-down-august-27-6pm-et,UP,73321832112128753462240343031591674546766458753503906982235246998043524582875,1756209063,2025-08-26 11:51:03,0.5
bitcoin-up-or-down-august-27-6pm-et,UP,73321832112128753462240343031591674546766458753503906982235246998043524582875,1756209133,2025-08-26 11:52:13,0.5
bitcoin-up-or-down-august-27-6pm-et,UP,73321832112128753462240343031591674546766458753503906982235246998043524582875,1756209183,2025-08-26 11:53:03,0.5
bitcoin-up-or-down-august-27-6pm-et,UP,73321832112128753462240343031591674546766458753503906982235246998043524582875,1756209242,2025-08-26 11:54:02,0.5
bitcoin-up-or-down-august-27-6pm-et,UP,73321832112128753462240343031591674546766458753503906982235246998043524582875,1756209302,2025-08-26 11:55:02,0.5
bitcoin-up-or-down-august-27-6pm-et,UP,73321832112128753462240343031591674546766458753503906982235246998043524582875,1756209362,2025-08-26 11:56:02,0.5
bitcoin-up-or-down-august-27-6pm-et,UP,73321832112128753462240343031591674546766458753503906982235246998043524582875,1756209422,2025-08-26 11:57:02,0.5
bitcoin-up-or-down-august-27-6pm-et,UP,73321832112128753462240343031591674546766458753503906982235246998043524582875,1756209483,2025-08-26 11:58:03,0.5
bitcoin-up-or-down-august-27-6pm-et,UP,73321832112128753462240343031591674546766458753503906982235246998043524582875,1756209543,2025-08-26 11:59:03,0.5
bitcoin-up-or-down-august-27-6pm-et,UP,73321832112128753462240343031591674546766458753503906982235246998043524582875,1756209606,2025-08-26 12:00:06,0.5
bitcoin-up-or-down-august-27-6pm-et,UP,73321832112128753462240343031591674546766458753503906982235246998043524582875,1756209662,2025-08-26 12:01:02,0.5
bitcoin-up-or-down-august-27-6pm-et,UP,73321832112128753462240343031591674546766458753503906982235246998043524582875,1756209722,2025-08-26 12:02:02,0.5
bitcoin-up-or-down-august-27-6pm-et,UP,73321832112128753462240343031591674546766458753503906982235246998043524582875,1756209783,2025-08-26 12:03:03,0.5
bitcoin-up-or-down-august-27-6pm-et,UP,73321832112128753462240343031591674546766458753503906982235246998043524582875,1756209843,2025-08-26 12:04:03,0.5
bitcoin-up-or-down-august-27-6pm-et,UP,73321832112128753462240343031591674546766458753503906982235246998043524582875,1756209902,2025-08-26 12:05:02,0.5
bitcoin-up-or-down-august-27-6pm-et,UP,73321832112128753462240343031591674546766458753503906982235246998043524582875,1756209962,2025-08-26 12:06:02,0.5
bitcoin-up-or-down-august-27-6pm-et,UP,73321832112128753462240343031591674546766458753503906982235246998043524582875,1756210023,2025-08-26 12:07:03,0.5
bitcoin-up-or-down-august-27-6pm-et,UP,73321832112128753462240343031591674546766458753503906982235246998043524582875,1756210082,2025-08-26 12:08:02,0.5
bitcoin-up-or-down-august-27-6pm-et,UP,73321832112128753462240343031591674546766458753503906982235246998043524582875,1756210143,2025-08-26 12:09:03,0.5
bitcoin-up-or-down-august-27-6pm-et,UP,73321832112128753462240343031591674546766458753503906982235246998043524582875,1756210204,2025-08-26 12:10:04,0.5
bitcoin-up-or-down-august-27-6pm-et,UP,73321832112128753462240343031591674546766458753503906982235246998043524582875,1756210262,2025-08-26 12:11:02,0.5
bitcoin-up-or-down-august-27-6pm-et,UP,73321832112128753462240343031591674546766458753503906982235246998043524582875,1756210322,2025-08-26 12:12:02,0.5
bitcoin-up-or-down-august-27-6pm-et,UP,73321832112128753462240343031591674546766458753503906982235246998043524582875,1756210383,2025-08-26 12:13:03,0.5
bitcoin-up-or-down-august-27-6pm-et,UP,73321832112128753462240343031591674546766458753503906982235246998043524582875,1756210443,2025-08-26 12:14:03,0.5
bitcoin-up-or-down-august-27-6pm-et,UP,73321832112128753462240343031591674546766458753503906982235246998043524582875,1756210504,2025-08-26 12:15:04,0.5
bitcoin-up-or-down-august-27-6pm-et,UP,73321832112128753462240343031591674546766458753503906982235246998043524582875,1756210562,2025-08-26 12:16:02,0.5
bitcoin-up-or-down-august-27-6pm-et,UP,73321832112128753462240343031591674546766458753503906982235246998043524582875,1756210623,2025-08-26 12:17:03,0.5
bitcoin-up-or-down-august-27-6pm-et,UP,73321832112128753462240343031591674546766458753503906982235246998043524582875,1756210682,2025-08-26 12:18:02,0.5
bitcoin-up-or-down-august-27-6pm-et,UP,73321832112128753462240343031591674546766458753503906982235246998043524582875,1756210742,2025-08-26 12:19:02,0.5
bitcoin-up-or-down-august-27-6pm-et,UP,73321832112128753462240343031591674546766458753503906982235246998043524582875,1756210804,2025-08-26 12:20:04,0.5
bitcoin-up-or-down-august-27-6pm-et,UP,73321832112128753462240343031591674546766458753503906982235246998043524582875,1756210863,2025-08-26 12:21:03,0.5
bitcoin-up-or-down-august-27-6pm-et,UP,73321832112128753462240343031591674546766458753503906982235246998043524582875,1756210922,2025-08-26 12:22:02,0.5
bitcoin-up-or-down-august-27-6pm-et,UP,73321832112128753462240343031591674546766458753503906982235246998043524582875,1756210983,2025-08-26 12:23:03,0.5
bitcoin-up-or-down-august-27-6pm-et,UP,73321832112128753462240343031591674546766458753503906982235246998043524582875,1756211043,2025-08-26 12:24:03,0.5
bitcoin-up-or-down-august-27-6pm-et,UP,73321832112128753462240343031591674546766458753503906982235246998043524582875,1756211102,2025-08-26 12:25:02,0.5
bitcoin-up-or-down-august-27-6pm-et,UP,73321832112128753462240343031591674546766458753503906982235246998043524582875,1756211167,2025-08-26 12:26:07,0.5
bitcoin-up-or-down-august-27-6pm-et,UP,73321832112128753462240343031591674546766458753503906982235246998043524582875,1756211224,2025-08-26 12:27:04,0.5
bitcoin-up-or-down-august-27-6pm-et,UP,73321832112128753462240343031591674546766458753503906982235246998043524582875,1756211283,2025-08-26 12:28:03,0.5
bitcoin-up-or-down-august-27-6pm-et,UP,73321832112128753462240343031591674546766458753503906982235246998043524582875,1756211343,2025-08-26 12:29:03,0.5
bitcoin-up-or-down-august-27-6pm-et,UP,73321832112128753462240343031591674546766458753503906982235246998043524582875,1756211405,2025-08-26 12:30:05,0.5
bitcoin-up-or-down-august-27-6pm-et,UP,73321832112128753462240343031591674546766458753503906982235246998043524582875,1756211462,2025-08-26 12:31:02,0.5
bitcoin-up-or-down-august-27-6pm-et,UP,73321832112128753462240343031591674546766458753503906982235246998043524582875,1756211524,2025-08-26 12:32:04,0.5
bitcoin-up-or-down-august-27-6pm-et,UP,73321832112128753462240343031591674546766458753503906982235246998043524582875,1756211584,2025-08-26 12:33:04,0.5
bitcoin-up-or-down-august-27-6pm-et,UP,73321832112128753462240343031591674546766458753503906982235246998043524582875,1756211642,2025-08-26 12:34:02,0.5
bitcoin-up-or-down-august-27-6pm-et,UP,73321832112128753462240343031591674546766458753503906982235246998043524582875,1756211704,2025-08-26 12:35:04,0.5
bitcoin-up-or-down-august-27-6pm-et,UP,73321832112128753462240343031591674546766458753503906982235246998043524582875,1756211762,2025-08-26 12:36:02,0.5
bitcoin-up-or-down-august-27-6pm-et,UP,73321832112128753462240343031591674546766458753503906982235246998043524582875,1756211822,2025-08-26 12:37:02,0.5
bitcoin-up-or-down-august-27-6pm-et,UP,73321832112128753462240343031591674546766458753503906982235246998043524582875,1756211882,2025-08-26 12:38:02,0.5
bitcoin-up-or-down-august-27-6pm-et,UP,73321832112128753462240343031591674546766458753503906982235246998043524582875,1756211943,2025-08-26 12:39:03,0.5
bitcoin-up-or-down-august-27-6pm-et,UP,73321832112128753462240343031591674546766458753503906982235246998043524582875,1756212004,2025-08-26 12:40:04,0.5
bitcoin-up-or-down-august-27-6pm-et,UP,73321832112128753462240343031591674546766458753503906982235246998043524582875,1756212062,2025-08-26 12:41:02,0.5
bitcoin-up-or-down-august-27-6pm-et,UP,73321832112128753462240343031591674546766458753503906982235246998043524582875,1756212124,2025-08-26 12:42:04,0.5
bitcoin-up-or-down-august-27-6pm-et,UP,73321832112128753462240343031591674546766458753503906982235246998043524582875,1756212182,2025-08-26 12:43:02,0.5
bitcoin-up-or-down-august-27-6pm-et,UP,73321832112128753462240343031591674546766458753503906982235246998043524582875,1756212243,2025-08-26 12:44:03,0.5
bitcoin-up-or-down-august-27-6pm-et,UP,73321832112128753462240343031591674546766458753503906982235246998043524582875,1756212302,2025-08-26 12:45:02,0.5
bitcoin-up-or-down-august-27-6pm-et,UP,73321832112128753462240343031591674546766458753503906982235246998043524582875,1756212363,2025-08-26 12:46:03,0.5
bitcoin-up-or-down-august-27-6pm-et,UP,73321832112128753462240343031591674546766458753503906982235246998043524582875,1756212422,2025-08-26 12:47:02,0.5
bitcoin-up-or-down-august-27-6pm-et,UP,73321832112128753462240343031591674546766458753503906982235246998043524582875,1756212482,2025-08-26 12:48:02,0.5
bitcoin-up-or-down-august-27-6pm-et,UP,73321832112128753462240343031591674546766458753503906982235246998043524582875,1756212542,2025-08-26 12:49:02,0.5
bitcoin-up-or-down-august-27-6pm-et,UP,73321832112128753462240343031591674546766458753503906982235246998043524582875,1756212604,2025-08-26 12:50:04,0.5
bitcoin-up-or-down-august-27-6pm-et,UP,73321832112128753462240343031591674546766458753503906982235246998043524582875,1756212663,2025-08-26 12:51:03,0.5
bitcoin-up-or-down-august-27-6pm-et,UP,73321832112128753462240343031591674546766458753503906982235246998043524582875,1756212722,2025-08-26 12:52:02,0.5
bitcoin-up-or-down-august-27-6pm-et,UP,73321832112128753462240343031591674546766458753503906982235246998043524582875,1756212785,2025-08-26 12:53:05,0.5
bitcoin-up-or-down-august-27-6pm-et,UP,73321832112128753462240343031591674546766458753503906982235246998043524582875,1756212843,2025-08-26 12:54:03,0.5
bitcoin-up-or-down-august-27-6pm-et,UP,73321832112128753462240343031591674546766458753503906982235246998043524582875,1756212902,2025-08-26 12:55:02,0.5
bitcoin-up-or-down-august-27-6pm-et,UP,73321832112128753462240343031591674546766458753503906982235246998043524582875,1756212963,2025-08-26 12:56:03,0.5
bitcoin-up-or-down-august-27-6pm-et,UP,73321832112128753462240343031591674546766458753503906982235246998043524582875,1756213023,2025-08-26 12:57:03,0.5
bitcoin-up-or-down-august-27-6pm-et,UP,73321832112128753462240343031591674546766458753503906982235246998043524582875,1756213083,2025-08-26 12:58:03,0.5
bitcoin-up-or-down-august-27-6pm-et,UP,73321832112128753462240343031591674546766458753503906982235246998043524582875,1756213142,2025-08-26 12:59:02,0.5
bitcoin-up-or-down-august-27-6pm-et,UP,73321832112128753462240343031591674546766458753503906982235246998043524582875,1756213208,2025-08-26 13:00:08,0.5
bitcoin-up-or-down-august-27-6pm-et,UP,73321832112128753462240343031591674546766458753503906982235246998043524582875,1756213262,2025-08-26 13:01:02,0.5
bitcoin-up-or-down-august-27-6pm-et,UP,73321832112128753462240343031591674546766458753503906982235246998043524582875,1756213322,2025-08-26 13:02:02,0.5
bitcoin-up-or-down-august-27-6pm-et,UP,73321832112128753462240343031591674546766458753503906982235246998043524582875,1756213383,2025-08-26 13:03:03,0.5
bitcoin-up-or-down-august-27-6pm-et,UP,73321832112128753462240343031591674546766458753503906982235246998043524582875,1756213442,2025-08-26 13:04:02,0.5
bitcoin-up-or-down-august-27-6pm-et,UP,73321832112128753462240343031591674546766458753503906982235246998043524582875,1756213502,2025-08-26 13:05:02,0.5
bitcoin-up-or-down-august-27-6pm-et,UP,73321832112128753462240343031591674546766458753503906982235246998043524582875,1756213562,2025-08-26 13:06:02,0.5
bitcoin-up-or-down-august-27-6pm-et,UP,73321832112128753462240343031591674546766458753503906982235246998043524582875,1756213624,2025-08-26 13:07:04,0.5
bitcoin-up-or-down-august-27-6pm-et,UP,73321832112128753462240343031591674546766458753503906982235246998043524582875,1756213683,2025-08-26 13:08:03,0.5
bitcoin-up-or-down-august-27-6pm-et,UP,73321832112128753462240343031591674546766458753503906982235246998043524582875,1756213742,2025-08-26 13:09:02,0.5
bitcoin-up-or-down-august-27-6pm-et,UP,73321832112128753462240343031591674546766458753503906982235246998043524582875,1756213802,2025-08-26 13:10:02,0.5
bitcoin-up-or-down-august-27-6pm-et,UP,73321832112128753462240343031591674546766458753503906982235246998043524582875,1756213863,2025-08-26 13:11:03,0.5
bitcoin-up-or-down-august-27-6pm-et,UP,73321832112128753462240343031591674546766458753503906982235246998043524582875,1756213923,2025-08-26 13:12:03,0.5
bitcoin-up-or-down-august-27-6pm-et,UP,73321832112128753462240343031591674546766458753503906982235246998043524582875,1756213983,2025-08-26 13:13:03,0.5
bitcoin-up-or-down-august-27-6pm-et,UP,73321832112128753462240343031591674546766458753503906982235246998043524582875,1756214043,2025-08-26 13:14:03,0.5
bitcoin-up-or-down-august-27-6pm-et,UP,73321832112128753462240343031591674546766458753503906982235246998043524582875,1756214102,2025-08-26 13:15:02,0.5
bitcoin-up-or-down-august-27-6pm-et,UP,73321832112128753462240343031591674546766458753503906982235246998043524582875,1756214162,2025-08-26 13:16:02,0.5
bitcoin-up-or-down-august-27-6pm-et,UP,73321832112128753462240343031591674546766458753503906982235246998043524582875,1756214222,2025-08-26 13:17:02,0.5
bitcoin-up-or-down-august-27-6pm-et,UP,73321832112128753462240343031591674546766458753503906982235246998043524582875,1756214282,2025-08-26 13:18:02,0.5
bitcoin-up-or-down-august-27-6pm-et,UP,73321832112128753462240343031591674546766458753503906982235246998043524582875,1756214343,2025-08-26 13:19:03,0.5
bitcoin-up-or-down-august-27-6pm-et,UP,73321832112128753462240343031591674546766458753503906982235246998043524582875,1756214404,2025-08-26 13:20:04,0.5
bitcoin-up-or-down-august-27-6pm-et,UP,73321832112128753462240343031591674546766458753503906982235246998043524582875,1756214462,2025-08-26 13:21:02,0.5
bitcoin-up-or-down-august-27-6pm-et,UP,73321832112128753462240343031591674546766458753503906982235246998043524582875,1756214523,2025-08-26 13:22:03,0.5
bitcoin-up-or-down-august-27-6pm-et,UP,73321832112128753462240343031591674546766458753503906982235246998043524582875,1756214583,2025-08-26 13:23:03,0.5
bitcoin-up-or-down-august-27-6pm-et,UP,73321832112128753462240343031591674546766458753503906982235246998043524582875,1756214643,2025-08-26 13:24:03,0.5
bitcoin-up-or-down-august-27-6pm-et,UP,73321832112128753462240343031591674546766458753503906982235246998043524582875,1756214702,2025-08-26 13:25:02,0.5
bitcoin-up-or-down-august-27-6pm-et,UP,73321832112128753462240343031591674546766458753503906982235246998043524582875,1756214765,2025-08-26 13:26:05,0.5
bitcoin-up-or-down-august-27-6pm-et,UP,73321832112128753462240343031591674546766458753503906982235246998043524582875,1756214822,2025-08-26 13:27:02,0.5
bitcoin-up-or-down-august-27-6pm-et,UP,73321832112128753462240343031591674546766458753503906982235246998043524582875,1756214883,2025-08-26 13:28:03,0.5
bitcoin-up-or-down-august-27-6pm-et,UP,73321832112128753462240343031591674546766458753503906982235246998043524582875,1756214943,2025-08-26 13:29:03,0.5
bitcoin-up-or-down-august-27-6pm-et,UP,73321832112128753462240343031591674546766458753503906982235246998043524582875,1756215006,2025-08-26 13:30:06,0.5
bitcoin-up-or-down-august-27-6pm-et,UP,73321832112128753462240343031591674546766458753503906982235246998043524582875,1756215063,2025-08-26 13:31:03,0.5
bitcoin-up-or-down-august-27-6pm-et,UP,73321832112128753462240343031591674546766458753503906982235246998043524582875,1756215123,2025-08-26 13:32:03,0.5
bitcoin-up-or-down-august-27-6pm-et,UP,73321832112128753462240343031591674546766458753503906982235246998043524582875,1756215182,2025-08-26 13:33:02,0.5
bitcoin-up-or-down-august-27-6pm-et,UP,73321832112128753462240343031591674546766458753503906982235246998043524582875,1756215243,2025-08-26 13:34:03,0.5
bitcoin-up-or-down-august-27-6pm-et,UP,73321832112128753462240343031591674546766458753503906982235246998043524582875,1756215302,2025-08-26 13:35:02,0.5
bitcoin-up-or-down-august-27-6pm-et,UP,73321832112128753462240343031591674546766458753503906982235246998043524582875,1756215363,2025-08-26 13:36:03,0.5
bitcoin-up-or-down-august-27-6pm-et,UP,73321832112128753462240343031591674546766458753503906982235246998043524582875,1756215422,2025-08-26 13:37:02,0.5
bitcoin-up-or-down-august-27-6pm-et,UP,73321832112128753462240343031591674546766458753503906982235246998043524582875,1756215483,2025-08-26 13:38:03,0.5
bitcoin-up-or-down-august-27-6pm-et,UP,73321832112128753462240343031591674546766458753503906982235246998043524582875,1756215543,2025-08-26 13:39:03,0.5
bitcoin-up-or-down-august-27-6pm-et,UP,73321832112128753462240343031591674546766458753503906982235246998043524582875,1756215602,2025-08-26 13:40:02,0.5
bitcoin-up-or-down-august-27-6pm-et,UP,73321832112128753462240343031591674546766458753503906982235246998043524582875,1756215662,2025-08-26 13:41:02,0.5
bitcoin-up-or-down-august-27-6pm-et,UP,73321832112128753462240343031591674546766458753503906982235246998043524582875,1756215722,2025-08-26 13:42:02,0.5
bitcoin-up-or-down-august-27-6pm-et,UP,73321832112128753462240343031591674546766458753503906982235246998043524582875,1756215783,2025-08-26 13:43:03,0.5
bitcoin-up-or-down-august-27-6pm-et,UP,73321832112128753462240343031591674546766458753503906982235246998043524582875,1756215843,2025-08-26 13:44:03,0.5
bitcoin-up-or-down-august-27-6pm-et,UP,73321832112128753462240343031591674546766458753503906982235246998043524582875,1756215905,2025-08-26 13:45:05,0.5
bitcoin-up-or-down-august-27-6pm-et,UP,73321832112128753462240343031591674546766458753503906982235246998043524582875,1756215963,2025-08-26 13:46:03,0.5
bitcoin-up-or-down-august-27-6pm-et,UP,73321832112128753462240343031591674546766458753503906982235246998043524582875,1756216022,2025-08-26 13:47:02,0.5
bitcoin-up-or-down-august-27-6pm-et,UP,73321832112128753462240343031591674546766458753503906982235246998043524582875,1756216082,2025-08-26 13:48:02,0.5
bitcoin-up-or-down-august-27-6pm-et,UP,73321832112128753462240343031591674546766458753503906982235246998043524582875,1756216143,2025-08-26 13:49:03,0.5
bitcoin-up-or-down-august-27-6pm-et,UP,73321832112128753462240343031591674546766458753503906982235246998043524582875,1756216202,2025-08-26 13:50:02,0.5
bitcoin-up-or-down-august-27-6pm-et,UP,73321832112128753462240343031591674546766458753503906982235246998043524582875,1756216263,2025-08-26 13:51:03,0.5
bitcoin-up-or-down-august-27-6pm-et,UP,73321832112128753462240343031591674546766458753503906982235246998043524582875,1756216323,2025-08-26 13:52:03,0.5
bitcoin-up-or-down-august-27-6pm-et,UP,73321832112128753462240343031591674546766458753503906982235246998043524582875,1756216384,2025-08-26 13:53:04,0.5
bitcoin-up-or-down-august-27-6pm-et,UP,73321832112128753462240343031591674546766458753503906982235246998043524582875,1756216443,2025-08-26 13:54:03,0.5
bitcoin-up-or-down-august-27-6pm-et,UP,73321832112128753462240343031591674546766458753503906982235246998043524582875,1756216504,2025-08-26 13:55:04,0.5
bitcoin-up-or-down-august-27-6pm-et,UP,73321832112128753462240343031591674546766458753503906982235246998043524582875,1756216562,2025-08-26 13:56:02,0.5
bitcoin-up-or-down-august-27-6pm-et,UP,73321832112128753462240343031591674546766458753503906982235246998043524582875,1756216622,2025-08-26 13:57:02,0.5
bitcoin-up-or-down-august-27-6pm-et,UP,73321832112128753462240343031591674546766458753503906982235246998043524582875,1756216682,2025-08-26 13:58:02,0.5
bitcoin-up-or-down-august-27-6pm-et,UP,73321832112128753462240343031591674546766458753503906982235246998043524582875,1756216743,2025-08-26 13:59:03,0.5
bitcoin-up-or-down-august-27-6pm-et,UP,73321832112128753462240343031591674546766458753503906982235246998043524582875,1756216817,2025-08-26 14:00:17,0.5
bitcoin-up-or-down-august-27-6pm-et,UP,73321832112128753462240343031591674546766458753503906982235246998043524582875,1756216863,2025-08-26 14:01:03,0.5
bitcoin-up-or-down-august-27-6pm-et,UP,73321832112128753462240343031591674546766458753503906982235246998043524582875,1756216923,2025-08-26 14:02:03,0.5
bitcoin-up-or-down-august-27-6pm-et,UP,73321832112128753462240343031591674546766458753503906982235246998043524582875,1756216983,2025-08-26 14:03:03,0.5
bitcoin-up-or-down-august-27-6pm-et,UP,73321832112128753462240343031591674546766458753503906982235246998043524582875,1756217042,2025-08-26 14:04:02,0.5
bitcoin-up-or-down-august-27-6pm-et,UP,73321832112128753462240343031591674546766458753503906982235246998043524582875,1756217102,2025-08-26 14:05:02,0.5
bitcoin-up-or-down-august-27-6pm-et,UP,73321832112128753462240343031591674546766458753503906982235246998043524582875,1756217164,2025-08-26 14:06:04,0.5
bitcoin-up-or-down-august-27-6pm-et,UP,73321832112128753462240343031591674546766458753503906982235246998043524582875,1756217222,2025-08-26 14:07:02,0.5
bitcoin-up-or-down-august-27-6pm-et,UP,73321832112128753462240343031591674546766458753503906982235246998043524582875,1756217283,2025-08-26 14:08:03,0.5
bitcoin-up-or-down-august-27-6pm-et,UP,73321832112128753462240343031591674546766458753503906982235246998043524582875,1756217343,2025-08-26 14:09:03,0.5
bitcoin-up-or-down-august-27-6pm-et,UP,73321832112128753462240343031591674546766458753503906982235246998043524582875,1756217403,2025-08-26 14:10:03,0.5
bitcoin-up-or-down-august-27-6pm-et,UP,73321832112128753462240343031591674546766458753503906982235246998043524582875,1756217462,2025-08-26 14:11:02,0.5
bitcoin-up-or-down-august-27-6pm-et,UP,73321832112128753462240343031591674546766458753503906982235246998043524582875,1756217523,2025-08-26 14:12:03,0.5
bitcoin-up-or-down-august-27-6pm-et,UP,73321832112128753462240343031591674546766458753503906982235246998043524582875,1756217582,2025-08-26 14:13:02,0.5
bitcoin-up-or-down-august-27-6pm-et,UP,73321832112128753462240343031591674546766458753503906982235246998043524582875,1756217643,2025-08-26 14:14:03,0.5
bitcoin-up-or-down-august-27-6pm-et,UP,73321832112128753462240343031591674546766458753503906982235246998043524582875,1756217703,2025-08-26 14:15:03,0.5
bitcoin-up-or-down-august-27-6pm-et,UP,73321832112128753462240343031591674546766458753503906982235246998043524582875,1756217763,2025-08-26 14:16:03,0.5
bitcoin-up-or-down-august-27-6pm-et,UP,73321832112128753462240343031591674546766458753503906982235246998043524582875,1756217822,2025-08-26 14:17:02,0.5
bitcoin-up-or-down-august-27-6pm-et,UP,73321832112128753462240343031591674546766458753503906982235246998043524582875,1756217882,2025-08-26 14:18:02,0.5
bitcoin-up-or-down-august-27-6pm-et,UP,73321832112128753462240343031591674546766458753503906982235246998043524582875,1756217943,2025-08-26 14:19:03,0.5
bitcoin-up-or-down-august-27-6pm-et,UP,73321832112128753462240343031591674546766458753503906982235246998043524582875,1756218002,2025-08-26 14:20:02,0.5
bitcoin-up-or-down-august-27-6pm-et,UP,73321832112128753462240343031591674546766458753503906982235246998043524582875,1756218062,2025-08-26 14:21:02,0.5
bitcoin-up-or-down-august-27-6pm-et,UP,73321832112128753462240343031591674546766458753503906982235246998043524582875,1756218123,2025-08-26 14:22:03,0.5
bitcoin-up-or-down-august-27-6pm-et,UP,73321832112128753462240343031591674546766458753503906982235246998043524582875,1756218183,2025-08-26 14:23:03,0.5
bitcoin-up-or-down-august-27-6pm-et,UP,73321832112128753462240343031591674546766458753503906982235246998043524582875,1756218242,2025-08-26 14:24:02,0.5
bitcoin-up-or-down-august-27-6pm-et,UP,73321832112128753462240343031591674546766458753503906982235246998043524582875,1756218302,2025-08-26 14:25:02,0.5
bitcoin-up-or-down-august-27-6pm-et,UP,73321832112128753462240343031591674546766458753503906982235246998043524582875,1756218362,2025-08-26 14:26:02,0.5
bitcoin-up-or-down-august-27-6pm-et,UP,73321832112128753462240343031591674546766458753503906982235246998043524582875,1756218426,2025-08-26 14:27:06,0.5
bitcoin-up-or-down-august-27-6pm-et,UP,73321832112128753462240343031591674546766458753503906982235246998043524582875,1756218482,2025-08-26 14:28:02,0.5
bitcoin-up-or-down-august-27-6pm-et,UP,73321832112128753462240343031591674546766458753503906982235246998043524582875,1756218542,2025-08-26 14:29:02,0.5
bitcoin-up-or-down-august-27-6pm-et,UP,73321832112128753462240343031591674546766458753503906982235246998043524582875,1756218607,2025-08-26 14:30:07,0.5
bitcoin-up-or-down-august-27-6pm-et,UP,73321832112128753462240343031591674546766458753503906982235246998043524582875,1756218662,2025-08-26 14:31:02,0.5
bitcoin-up-or-down-august-27-6pm-et,UP,73321832112128753462240343031591674546766458753503906982235246998043524582875,1756218723,2025-08-26 14:32:03,0.5
bitcoin-up-or-down-august-27-6pm-et,UP,73321832112128753462240343031591674546766458753503906982235246998043524582875,1756218783,2025-08-26 14:33:03,0.5
bitcoin-up-or-down-august-27-6pm-et,UP,73321832112128753462240343031591674546766458753503906982235246998043524582875,1756218845,2025-08-26 14:34:05,0.5
bitcoin-up-or-down-august-27-6pm-et,UP,73321832112128753462240343031591674546766458753503906982235246998043524582875,1756218903,2025-08-26 14:35:03,0.5
bitcoin-up-or-down-august-27-6pm-et,UP,73321832112128753462240343031591674546766458753503906982235246998043524582875,1756218962,2025-08-26 14:36:02,0.5
bitcoin-up-or-down-august-27-6pm-et,UP,73321832112128753462240343031591674546766458753503906982235246998043524582875,1756219022,2025-08-26 14:37:02,0.5
bitcoin-up-or-down-august-27-6pm-et,UP,73321832112128753462240343031591674546766458753503906982235246998043524582875,1756219083,2025-08-26 14:38:03,0.5
bitcoin-up-or-down-august-27-6pm-et,UP,73321832112128753462240343031591674546766458753503906982235246998043524582875,1756219142,2025-08-26 14:39:02,0.5
bitcoin-up-or-down-august-27-6pm-et,UP,73321832112128753462240343031591674546766458753503906982235246998043524582875,1756219202,2025-08-26 14:40:02,0.5
bitcoin-up-or-down-august-27-6pm-et,UP,73321832112128753462240343031591674546766458753503906982235246998043524582875,1756219262,2025-08-26 14:41:02,0.5
bitcoin-up-or-down-august-27-6pm-et,UP,73321832112128753462240343031591674546766458753503906982235246998043524582875,1756219322,2025-08-26 14:42:02,0.5
bitcoin-up-or-down-august-27-6pm-et,UP,73321832112128753462240343031591674546766458753503906982235246998043524582875,1756219383,2025-08-26 14:43:03,0.5
bitcoin-up-or-down-august-27-6pm-et,UP,73321832112128753462240343031591674546766458753503906982235246998043524582875,1756219443,2025-08-26 14:44:03,0.5
bitcoin-up-or-down-august-27-6pm-et,UP,73321832112128753462240343031591674546766458753503906982235246998043524582875,1756219503,2025-08-26 14:45:03,0.5
bitcoin-up-or-down-august-27-6pm-et,UP,73321832112128753462240343031591674546766458753503906982235246998043524582875,1756219562,2025-08-26 14:46:02,0.5
bitcoin-up-or-down-august-27-6pm-et,UP,73321832112128753462240343031591674546766458753503906982235246998043524582875,1756219623,2025-08-26 14:47:03,0.5
bitcoin-up-or-down-august-27-6pm-et,UP,73321832112128753462240343031591674546766458753503906982235246998043524582875,1756219683,2025-08-26 14:48:03,0.5
bitcoin-up-or-down-august-27-6pm-et,UP,73321832112128753462240343031591674546766458753503906982235246998043524582875,1756219743,2025-08-26 14:49:03,0.5
bitcoin-up-or-down-august-27-6pm-et,UP,73321832112128753462240343031591674546766458753503906982235246998043524582875,1756219802,2025-08-26 14:50:02,0.5
bitcoin-up-or-down-august-27-6pm-et,UP,73321832112128753462240343031591674546766458753503906982235246998043524582875,1756219862,2025-08-26 14:51:02,0.5
bitcoin-up-or-down-august-27-6pm-et,UP,73321832112128753462240343031591674546766458753503906982235246998043524582875,1756219925,2025-08-26 14:52:05,0.5
bitcoin-up-or-down-august-27-6pm-et,UP,73321832112128753462240343031591674546766458753503906982235246998043524582875,1756219982,2025-08-26 14:53:02,0.5
bitcoin-up-or-down-august-27-6pm-et,UP,73321832112128753462240343031591674546766458753503906982235246998043524582875,1756220043,2025-08-26 14:54:03,0.5
bitcoin-up-or-down-august-27-6pm-et,UP,73321832112128753462240343031591674546766458753503906982235246998043524582875,1756220104,2025-08-26 14:55:04,0.5
bitcoin-up-or-down-august-27-6pm-et,UP,73321832112128753462240343031591674546766458753503906982235246998043524582875,1756220162,2025-08-26 14:56:02,0.5
bitcoin-up-or-down-august-27-6pm-et,UP,73321832112128753462240343031591674546766458753503906982235246998043524582875,1756220223,2025-08-26 14:57:03,0.5
bitcoin-up-or-down-august-27-6pm-et,UP,73321832112128753462240343031591674546766458753503906982235246998043524582875,1756220283,2025-08-26 14:58:03,0.5
bitcoin-up-or-down-august-27-6pm-et,UP,73321832112128753462240343031591674546766458753503906982235246998043524582875,1756220344,2025-08-26 14:59:04,0.5
bitcoin-up-or-down-august-27-6pm-et,UP,73321832112128753462240343031591674546766458753503906982235246998043524582875,1756220415,2025-08-26 15:00:15,0.5
bitcoin-up-or-down-august-27-6pm-et,UP,73321832112128753462240343031591674546766458753503906982235246998043524582875,1756220463,2025-08-26 15:01:03,0.5
bitcoin-up-or-down-august-27-6pm-et,UP,73321832112128753462240343031591674546766458753503906982235246998043524582875,1756220523,2025-08-26 15:02:03,0.5
bitcoin-up-or-down-august-27-6pm-et,UP,73321832112128753462240343031591674546766458753503906982235246998043524582875,1756220582,2025-08-26 15:03:02,0.5
bitcoin-up-or-down-august-27-6pm-et,UP,73321832112128753462240343031591674546766458753503906982235246998043524582875,1756220642,2025-08-26 15:04:02,0.5
bitcoin-up-or-down-august-27-6pm-et,UP,73321832112128753462240343031591674546766458753503906982235246998043524582875,1756220702,2025-08-26 15:05:02,0.5
bitcoin-up-or-down-august-27-6pm-et,UP,73321832112128753462240343031591674546766458753503906982235246998043524582875,1756220763,2025-08-26 15:06:03,0.5
bitcoin-up-or-down-august-27-6pm-et,UP,73321832112128753462240343031591674546766458753503906982235246998043524582875,1756220823,2025-08-26 15:07:03,0.5
bitcoin-up-or-down-august-27-6pm-et,UP,73321832112128753462240343031591674546766458753503906982235246998043524582875,1756220882,2025-08-26 15:08:02,0.5
bitcoin-up-or-down-august-27-6pm-et,UP,73321832112128753462240343031591674546766458753503906982235246998043524582875,1756220942,2025-08-26 15:09:02,0.5
bitcoin-up-or-down-august-27-6pm-et,UP,73321832112128753462240343031591674546766458753503906982235246998043524582875,1756221002,2025-08-26 15:10:02,0.5
bitcoin-up-or-down-august-27-6pm-et,UP,73321832112128753462240343031591674546766458753503906982235246998043524582875,1756221062,2025-08-26 15:11:02,0.5
bitcoin-up-or-down-august-27-6pm-et,UP,73321832112128753462240343031591674546766458753503906982235246998043524582875,1756221123,2025-08-26 15:12:03,0.5
bitcoin-up-or-down-august-27-6pm-et,UP,73321832112128753462240343031591674546766458753503906982235246998043524582875,1756221182,2025-08-26 15:13:02,0.5
bitcoin-up-or-down-august-27-6pm-et,UP,73321832112128753462240343031591674546766458753503906982235246998043524582875,1756221243,2025-08-26 15:14:03,0.5
bitcoin-up-or-down-august-27-6pm-et,UP,73321832112128753462240343031591674546766458753503906982235246998043524582875,1756221302,2025-08-26 15:15:02,0.5
bitcoin-up-or-down-august-27-6pm-et,UP,73321832112128753462240343031591674546766458753503906982235246998043524582875,1756221363,2025-08-26 15:16:03,0.5
bitcoin-up-or-down-august-27-6pm-et,UP,73321832112128753462240343031591674546766458753503906982235246998043524582875,1756221422,2025-08-26 15:17:02,0.5
bitcoin-up-or-down-august-27-6pm-et,UP,73321832112128753462240343031591674546766458753503906982235246998043524582875,1756221483,2025-08-26 15:18:03,0.5
bitcoin-up-or-down-august-27-6pm-et,UP,73321832112128753462240343031591674546766458753503906982235246998043524582875,1756221543,2025-08-26 15:19:03,0.5
bitcoin-up-or-down-august-27-6pm-et,UP,73321832112128753462240343031591674546766458753503906982235246998043524582875,1756221602,2025-08-26 15:20:02,0.5
bitcoin-up-or-down-august-27-6pm-et,UP,73321832112128753462240343031591674546766458753503906982235246998043524582875,1756221662,2025-08-26 15:21:02,0.5
bitcoin-up-or-down-august-27-6pm-et,UP,73321832112128753462240343031591674546766458753503906982235246998043524582875,1756221723,2025-08-26 15:22:03,0.5
bitcoin-up-or-down-august-27-6pm-et,UP,73321832112128753462240343031591674546766458753503906982235246998043524582875,1756221784,2025-08-26 15:23:04,0.5
bitcoin-up-or-down-august-27-6pm-et,UP,73321832112128753462240343031591674546766458753503906982235246998043524582875,1756221843,2025-08-26 15:24:03,0.5
bitcoin-up-or-down-august-27-6pm-et,UP,73321832112128753462240343031591674546766458753503906982235246998043524582875,1756221904,2025-08-26 15:25:04,0.5
bitcoin-up-or-down-august-27-6pm-et,UP,73321832112128753462240343031591674546766458753503906982235246998043524582875,1756221963,2025-08-26 15:26:03,0.5
bitcoin-up-or-down-august-27-6pm-et,UP,73321832112128753462240343031591674546766458753503906982235246998043524582875,1756222023,2025-08-26 15:27:03,0.5
bitcoin-up-or-down-august-27-6pm-et,UP,73321832112128753462240343031591674546766458753503906982235246998043524582875,1756222082,2025-08-26 15:28:02,0.5
bitcoin-up-or-down-august-27-6pm-et,UP,73321832112128753462240343031591674546766458753503906982235246998043524582875,1756222143,2025-08-26 15:29:03,0.5
bitcoin-up-or-down-august-27-6pm-et,UP,73321832112128753462240343031591674546766458753503906982235246998043524582875,1756222202,2025-08-26 15:30:02,0.5
bitcoin-up-or-down-august-27-6pm-et,UP,73321832112128753462240343031591674546766458753503906982235246998043524582875,1756222263,2025-08-26 15:31:03,0.5
bitcoin-up-or-down-august-27-6pm-et,UP,73321832112128753462240343031591674546766458753503906982235246998043524582875,1756222322,2025-08-26 15:32:02,0.5
bitcoin-up-or-down-august-27-6pm-et,UP,73321832112128753462240343031591674546766458753503906982235246998043524582875,1756222382,2025-08-26 15:33:02,0.5
bitcoin-up-or-down-august-27-6pm-et,UP,73321832112128753462240343031591674546766458753503906982235246998043524582875,1756222442,2025-08-26 15:34:02,0.5
bitcoin-up-or-down-august-27-6pm-et,UP,73321832112128753462240343031591674546766458753503906982235246998043524582875,1756222503,2025-08-26 15:35:03,0.5
bitcoin-up-or-down-august-27-6pm-et,UP,73321832112128753462240343031591674546766458753503906982235246998043524582875,1756222563,2025-08-26 15:36:03,0.5
bitcoin-up-or-down-august-27-6pm-et,UP,73321832112128753462240343031591674546766458753503906982235246998043524582875,1756222623,2025-08-26 15:37:03,0.5
bitcoin-up-or-down-august-27-6pm-et,UP,73321832112128753462240343031591674546766458753503906982235246998043524582875,1756222682,2025-08-26 15:38:02,0.5
bitcoin-up-or-down-august-27-6pm-et,UP,73321832112128753462240343031591674546766458753503906982235246998043524582875,1756222743,2025-08-26 15:39:03,0.5
bitcoin-up-or-down-august-27-6pm-et,UP,73321832112128753462240343031591674546766458753503906982235246998043524582875,1756222804,2025-08-26 15:40:04,0.5
bitcoin-up-or-down-august-27-6pm-et,UP,73321832112128753462240343031591674546766458753503906982235246998043524582875,1756222863,2025-08-26 15:41:03,0.5
bitcoin-up-or-down-august-27-6pm-et,UP,73321832112128753462240343031591674546766458753503906982235246998043524582875,1756222922,2025-08-26 15:42:02,0.5
bitcoin-up-or-down-august-27-6pm-et,UP,73321832112128753462240343031591674546766458753503906982235246998043524582875,1756222983,2025-08-26 15:43:03,0.5
bitcoin-up-or-down-august-27-6pm-et,UP,73321832112128753462240343031591674546766458753503906982235246998043524582875,1756223043,2025-08-26 15:44:03,0.5
bitcoin-up-or-down-august-27-6pm-et,UP,73321832112128753462240343031591674546766458753503906982235246998043524582875,1756223103,2025-08-26 15:45:03,0.5
bitcoin-up-or-down-august-27-6pm-et,UP,73321832112128753462240343031591674546766458753503906982235246998043524582875,1756223162,2025-08-26 15:46:02,0.5
bitcoin-up-or-down-august-27-6pm-et,UP,73321832112128753462240343031591674546766458753503906982235246998043524582875,1756223223,2025-08-26 15:47:03,0.5
bitcoin-up-or-down-august-27-6pm-et,UP,73321832112128753462240343031591674546766458753503906982235246998043524582875,1756223283,2025-08-26 15:48:03,0.5
bitcoin-up-or-down-august-27-6pm-et,UP,73321832112128753462240343031591674546766458753503906982235246998043524582875,1756223343,2025-08-26 15:49:03,0.5
bitcoin-up-or-down-august-27-6pm-et,UP,73321832112128753462240343031591674546766458753503906982235246998043524582875,1756223402,2025-08-26 15:50:02,0.5
bitcoin-up-or-down-august-27-6pm-et,UP,73321832112128753462240343031591674546766458753503906982235246998043524582875,1756223463,2025-08-26 15:51:03,0.5
bitcoin-up-or-down-august-27-6pm-et,UP,73321832112128753462240343031591674546766458753503906982235246998043524582875,1756223529,2025-08-26 15:52:09,0.5
bitcoin-up-or-down-august-27-6pm-et,UP,73321832112128753462240343031591674546766458753503906982235246998043524582875,1756223582,2025-08-26 15:53:02,0.5
bitcoin-up-or-down-august-27-6pm-et,UP,73321832112128753462240343031591674546766458753503906982235246998043524582875,1756223643,2025-08-26 15:54:03,0.5
bitcoin-up-or-down-august-27-6pm-et,UP,73321832112128753462240343031591674546766458753503906982235246998043524582875,1756223702,2025-08-26 15:55:02,0.5
bitcoin-up-or-down-august-27-6pm-et,UP,73321832112128753462240343031591674546766458753503906982235246998043524582875,1756223763,2025-08-26 15:56:03,0.5
bitcoin-up-or-down-august-27-6pm-et,UP,73321832112128753462240343031591674546766458753503906982235246998043524582875,1756223823,2025-08-26 15:57:03,0.5
bitcoin-up-or-down-august-27-6pm-et,UP,73321832112128753462240343031591674546766458753503906982235246998043524582875,1756223882,2025-08-26 15:58:02,0.5
bitcoin-up-or-down-august-27-6pm-et,UP,73321832112128753462240343031591674546766458753503906982235246998043524582875,1756223944,2025-08-26 15:59:04,0.5
bitcoin-up-or-down-august-27-6pm-et,UP,73321832112128753462240343031591674546766458753503906982235246998043524582875,1756224009,2025-08-26 16:00:09,0.5
bitcoin-up-or-down-august-27-6pm-et,UP,73321832112128753462240343031591674546766458753503906982235246998043524582875,1756224062,2025-08-26 16:01:02,0.5
bitcoin-up-or-down-august-27-6pm-et,UP,73321832112128753462240343031591674546766458753503906982235246998043524582875,1756224122,2025-08-26 16:02:02,0.5
bitcoin-up-or-down-august-27-6pm-et,UP,73321832112128753462240343031591674546766458753503906982235246998043524582875,1756224183,2025-08-26 16:03:03,0.5
bitcoin-up-or-down-august-27-6pm-et,UP,73321832112128753462240343031591674546766458753503906982235246998043524582875,1756224244,2025-08-26 16:04:04,0.5
bitcoin-up-or-down-august-27-6pm-et,UP,73321832112128753462240343031591674546766458753503906982235246998043524582875,1756224303,2025-08-26 16:05:03,0.5
bitcoin-up-or-down-august-27-6pm-et,UP,73321832112128753462240343031591674546766458753503906982235246998043524582875,1756224362,2025-08-26 16:06:02,0.5
bitcoin-up-or-down-august-27-6pm-et,UP,73321832112128753462240343031591674546766458753503906982235246998043524582875,1756224423,2025-08-26 16:07:03,0.5
bitcoin-up-or-down-august-27-6pm-et,UP,73321832112128753462240343031591674546766458753503906982235246998043524582875,1756224483,2025-08-26 16:08:03,0.5
bitcoin-up-or-down-august-27-6pm-et,UP,73321832112128753462240343031591674546766458753503906982235246998043524582875,1756224543,2025-08-26 16:09:03,0.5
bitcoin-up-or-down-august-27-6pm-et,UP,73321832112128753462240343031591674546766458753503906982235246998043524582875,1756224602,2025-08-26 16:10:02,0.5
bitcoin-up-or-down-august-27-6pm-et,UP,73321832112128753462240343031591674546766458753503906982235246998043524582875,1756224663,2025-08-26 16:11:03,0.5
bitcoin-up-or-down-august-27-6pm-et,UP,73321832112128753462240343031591674546766458753503906982235246998043524582875,1756224723,2025-08-26 16:12:03,0.5
bitcoin-up-or-down-august-27-6pm-et,UP,73321832112128753462240343031591674546766458753503906982235246998043524582875,1756224783,2025-08-26 16:13:03,0.5
bitcoin-up-or-down-august-27-6pm-et,UP,73321832112128753462240343031591674546766458753503906982235246998043524582875,1756224844,2025-08-26 16:14:04,0.5
bitcoin-up-or-down-august-27-6pm-et,UP,73321832112128753462240343031591674546766458753503906982235246998043524582875,1756224902,2025-08-26 16:15:02,0.5
bitcoin-up-or-down-august-27-6pm-et,UP,73321832112128753462240343031591674546766458753503906982235246998043524582875,1756224963,2025-08-26 16:16:03,0.5
bitcoin-up-or-down-august-27-6pm-et,UP,73321832112128753462240343031591674546766458753503906982235246998043524582875,1756225023,2025-08-26 16:17:03,0.5
bitcoin-up-or-down-august-27-6pm-et,UP,73321832112128753462240343031591674546766458753503906982235246998043524582875,1756225082,2025-08-26 16:18:02,0.5
bitcoin-up-or-down-august-27-6pm-et,UP,73321832112128753462240343031591674546766458753503906982235246998043524582875,1756225142,2025-08-26 16:19:02,0.5
bitcoin-up-or-down-august-27-6pm-et,UP,73321832112128753462240343031591674546766458753503906982235246998043524582875,1756225203,2025-08-26 16:20:03,0.5
bitcoin-up-or-down-august-27-6pm-et,UP,73321832112128753462240343031591674546766458753503906982235246998043524582875,1756225264,2025-08-26 16:21:04,0.5
bitcoin-up-or-down-august-27-6pm-et,UP,73321832112128753462240343031591674546766458753503906982235246998043524582875,1756225322,2025-08-26 16:22:02,0.5
bitcoin-up-or-down-august-27-6pm-et,UP,73321832112128753462240343031591674546766458753503906982235246998043524582875,1756225382,2025-08-26 16:23:02,0.5
bitcoin-up-or-down-august-27-6pm-et,UP,73321832112128753462240343031591674546766458753503906982235246998043524582875,1756225442,2025-08-26 16:24:02,0.5
bitcoin-up-or-down-august-27-6pm-et,UP,73321832112128753462240343031591674546766458753503906982235246998043524582875,1756225503,2025-08-26 16:25:03,0.5
bitcoin-up-or-down-august-27-6pm-et,UP,73321832112128753462240343031591674546766458753503906982235246998043524582875,1756225572,2025-08-26 16:26:12,0.5
bitcoin-up-or-down-august-27-6pm-et,UP,73321832112128753462240343031591674546766458753503906982235246998043524582875,1756225623,2025-08-26 16:27:03,0.5
bitcoin-up-or-down-august-27-6pm-et,UP,73321832112128753462240343031591674546766458753503906982235246998043524582875,1756225682,2025-08-26 16:28:02,0.5
bitcoin-up-or-down-august-27-6pm-et,UP,73321832112128753462240343031591674546766458753503906982235246998043524582875,1756225743,2025-08-26 16:29:03,0.5
bitcoin-up-or-down-august-27-6pm-et,UP,73321832112128753462240343031591674546766458753503906982235246998043524582875,1756225805,2025-08-26 16:30:05,0.5
bitcoin-up-or-down-august-27-6pm-et,UP,73321832112128753462240343031591674546766458753503906982235246998043524582875,1756225863,2025-08-26 16:31:03,0.5
bitcoin-up-or-down-august-27-6pm-et,UP,73321832112128753462240343031591674546766458753503906982235246998043524582875,1756225923,2025-08-26 16:32:03,0.5
bitcoin-up-or-down-august-27-6pm-et,UP,73321832112128753462240343031591674546766458753503906982235246998043524582875,1756225983,2025-08-26 16:33:03,0.5
bitcoin-up-or-down-august-27-6pm-et,UP,73321832112128753462240343031591674546766458753503906982235246998043524582875,1756226043,2025-08-26 16:34:03,0.5
bitcoin-up-or-down-august-27-6pm-et,UP,73321832112128753462240343031591674546766458753503906982235246998043524582875,1756226102,2025-08-26 16:35:02,0.5
bitcoin-up-or-down-august-27-6pm-et,UP,73321832112128753462240343031591674546766458753503906982235246998043524582875,1756226162,2025-08-26 16:36:02,0.5
bitcoin-up-or-down-august-27-6pm-et,UP,73321832112128753462240343031591674546766458753503906982235246998043524582875,1756226223,2025-08-26 16:37:03,0.5
bitcoin-up-or-down-august-27-6pm-et,UP,73321832112128753462240343031591674546766458753503906982235246998043524582875,1756226283,2025-08-26 16:38:03,0.5
bitcoin-up-or-down-august-27-6pm-et,UP,73321832112128753462240343031591674546766458753503906982235246998043524582875,1756226342,2025-08-26 16:39:02,0.5
bitcoin-up-or-down-august-27-6pm-et,UP,73321832112128753462240343031591674546766458753503906982235246998043524582875,1756226402,2025-08-26 16:40:02,0.5
bitcoin-up-or-down-august-27-6pm-et,UP,73321832112128753462240343031591674546766458753503906982235246998043524582875,1756226463,2025-08-26 16:41:03,0.5
bitcoin-up-or-down-august-27-6pm-et,UP,73321832112128753462240343031591674546766458753503906982235246998043524582875,1756226523,2025-08-26 16:42:03,0.5
bitcoin-up-or-down-august-27-6pm-et,UP,73321832112128753462240343031591674546766458753503906982235246998043524582875,1756226583,2025-08-26 16:43:03,0.5
bitcoin-up-or-down-august-27-6pm-et,UP,73321832112128753462240343031591674546766458753503906982235246998043524582875,1756226642,2025-08-26 16:44:02,0.5
bitcoin-up-or-down-august-27-6pm-et,UP,73321832112128753462240343031591674546766458753503906982235246998043524582875,1756226704,2025-08-26 16:45:04,0.5
bitcoin-up-or-down-august-27-6pm-et,UP,73321832112128753462240343031591674546766458753503906982235246998043524582875,1756226763,2025-08-26 16:46:03,0.5
bitcoin-up-or-down-august-27-6pm-et,UP,73321832112128753462240343031591674546766458753503906982235246998043524582875,1756226823,2025-08-26 16:47:03,0.5
bitcoin-up-or-down-august-27-6pm-et,UP,73321832112128753462240343031591674546766458753503906982235246998043524582875,1756226884,2025-08-26 16:48:04,0.5
bitcoin-up-or-down-august-27-6pm-et,UP,73321832112128753462240343031591674546766458753503906982235246998043524582875,1756226943,2025-08-26 16:49:03,0.5
bitcoin-up-or-down-august-27-6pm-et,UP,73321832112128753462240343031591674546766458753503906982235246998043524582875,1756227007,2025-08-26 16:50:07,0.5
bitcoin-up-or-down-august-27-6pm-et,UP,73321832112128753462240343031591674546766458753503906982235246998043524582875,1756227063,2025-08-26 16:51:03,0.5
bitcoin-up-or-down-august-27-6pm-et,UP,73321832112128753462240343031591674546766458753503906982235246998043524582875,1756227122,2025-08-26 16:52:02,0.5
bitcoin-up-or-down-august-27-6pm-et,UP,73321832112128753462240343031591674546766458753503906982235246998043524582875,1756227182,2025-08-26 16:53:02,0.5
bitcoin-up-or-down-august-27-6pm-et,UP,73321832112128753462240343031591674546766458753503906982235246998043524582875,1756227243,2025-08-26 16:54:03,0.5
bitcoin-up-or-down-august-27-6pm-et,UP,73321832112128753462240343031591674546766458753503906982235246998043524582875,1756227311,2025-08-26 16:55:11,0.5
bitcoin-up-or-down-august-27-6pm-et,UP,73321832112128753462240343031591674546766458753503906982235246998043524582875,1756227362,2025-08-26 16:56:02,0.5
bitcoin-up-or-down-august-27-6pm-et,UP,73321832112128753462240343031591674546766458753503906982235246998043524582875,1756227423,2025-08-26 16:57:03,0.5
bitcoin-up-or-down-august-27-6pm-et,UP,73321832112128753462240343031591674546766458753503906982235246998043524582875,1756227482,2025-08-26 16:58:02,0.5
bitcoin-up-or-down-august-27-6pm-et,UP,73321832112128753462240343031591674546766458753503906982235246998043524582875,1756227543,2025-08-26 16:59:03,0.5
bitcoin-up-or-down-august-27-6pm-et,UP,73321832112128753462240343031591674546766458753503906982235246998043524582875,1756227610,2025-08-26 17:00:10,0.5
bitcoin-up-or-down-august-27-6pm-et,UP,73321832112128753462240343031591674546766458753503906982235246998043524582875,1756227662,2025-08-26 17:01:02,0.5
bitcoin-up-or-down-august-27-6pm-et,UP,73321832112128753462240343031591674546766458753503906982235246998043524582875,1756227722,2025-08-26 17:02:02,0.5
bitcoin-up-or-down-august-27-6pm-et,UP,73321832112128753462240343031591674546766458753503906982235246998043524582875,1756227783,2025-08-26 17:03:03,0.5
bitcoin-up-or-down-august-27-6pm-et,UP,73321832112128753462240343031591674546766458753503906982235246998043524582875,1756227842,2025-08-26 17:04:02,0.5
bitcoin-up-or-down-august-27-6pm-et,UP,73321832112128753462240343031591674546766458753503906982235246998043524582875,1756227903,2025-08-26 17:05:03,0.5
bitcoin-up-or-down-august-27-6pm-et,UP,73321832112128753462240343031591674546766458753503906982235246998043524582875,1756227963,2025-08-26 17:06:03,0.5
bitcoin-up-or-down-august-27-6pm-et,UP,73321832112128753462240343031591674546766458753503906982235246998043524582875,1756228022,2025-08-26 17:07:02,0.5
bitcoin-up-or-down-august-27-6pm-et,UP,73321832112128753462240343031591674546766458753503906982235246998043524582875,1756228082,2025-08-26 17:08:02,0.5
bitcoin-up-or-down-august-27-6pm-et,UP,73321832112128753462240343031591674546766458753503906982235246998043524582875,1756228142,2025-08-26 17:09:02,0.5
bitcoin-up-or-down-august-27-6pm-et,UP,73321832112128753462240343031591674546766458753503906982235246998043524582875,1756228206,2025-08-26 17:10:06,0.5
bitcoin-up-or-down-august-27-6pm-et,UP,73321832112128753462240343031591674546766458753503906982235246998043524582875,1756228262,2025-08-26 17:11:02,0.5
bitcoin-up-or-down-august-27-6pm-et,UP,73321832112128753462240343031591674546766458753503906982235246998043524582875,1756228323,2025-08-26 17:12:03,0.5
bitcoin-up-or-down-august-27-6pm-et,UP,73321832112128753462240343031591674546766458753503906982235246998043524582875,1756228382,2025-08-26 17:13:02,0.5
bitcoin-up-or-down-august-27-6pm-et,UP,73321832112128753462240343031591674546766458753503906982235246998043524582875,1756228443,2025-08-26 17:14:03,0.5
bitcoin-up-or-down-august-27-6pm-et,UP,73321832112128753462240343031591674546766458753503906982235246998043524582875,1756228507,2025-08-26 17:15:07,0.5
bitcoin-up-or-down-august-27-6pm-et,UP,73321832112128753462240343031591674546766458753503906982235246998043524582875,1756228562,2025-08-26 17:16:02,0.5
bitcoin-up-or-down-august-27-6pm-et,UP,73321832112128753462240343031591674546766458753503906982235246998043524582875,1756228622,2025-08-26 17:17:02,0.5
bitcoin-up-or-down-august-27-6pm-et,UP,73321832112128753462240343031591674546766458753503906982235246998043524582875,1756228682,2025-08-26 17:18:02,0.5
bitcoin-up-or-down-august-27-6pm-et,UP,73321832112128753462240343031591674546766458753503906982235246998043524582875,1756228743,2025-08-26 17:19:03,0.5
bitcoin-up-or-down-august-27-6pm-et,UP,73321832112128753462240343031591674546766458753503906982235246998043524582875,1756228806,2025-08-26 17:20:06,0.5
bitcoin-up-or-down-august-27-6pm-et,UP,73321832112128753462240343031591674546766458753503906982235246998043524582875,1756228863,2025-08-26 17:21:03,0.5
bitcoin-up-or-down-august-27-6pm-et,UP,73321832112128753462240343031591674546766458753503906982235246998043524582875,1756228922,2025-08-26 17:22:02,0.5
bitcoin-up-or-down-august-27-6pm-et,UP,73321832112128753462240343031591674546766458753503906982235246998043524582875,1756228982,2025-08-26 17:23:02,0.5
bitcoin-up-or-down-august-27-6pm-et,UP,73321832112128753462240343031591674546766458753503906982235246998043524582875,1756229043,2025-08-26 17:24:03,0.5
bitcoin-up-or-down-august-27-6pm-et,UP,73321832112128753462240343031591674546766458753503906982235246998043524582875,1756229111,2025-08-26 17:25:11,0.5
bitcoin-up-or-down-august-27-6pm-et,UP,73321832112128753462240343031591674546766458753503906982235246998043524582875,1756229162,2025-08-26 17:26:02,0.5
bitcoin-up-or-down-august-27-6pm-et,UP,73321832112128753462240343031591674546766458753503906982235246998043524582875,1756229222,2025-08-26 17:27:02,0.5
bitcoin-up-or-down-august-27-6pm-et,UP,73321832112128753462240343031591674546766458753503906982235246998043524582875,1756229283,2025-08-26 17:28:03,0.5
bitcoin-up-or-down-august-27-6pm-et,UP,73321832112128753462240343031591674546766458753503906982235246998043524582875,1756229342,2025-08-26 17:29:02,0.5
bitcoin-up-or-down-august-27-6pm-et,UP,73321832112128753462240343031591674546766458753503906982235246998043524582875,1756229405,2025-08-26 17:30:05,0.5
bitcoin-up-or-down-august-27-6pm-et,UP,73321832112128753462240343031591674546766458753503906982235246998043524582875,1756229463,2025-08-26 17:31:03,0.5
bitcoin-up-or-down-august-27-6pm-et,UP,73321832112128753462240343031591674546766458753503906982235246998043524582875,1756229523,2025-08-26 17:32:03,0.5
bitcoin-up-or-down-august-27-6pm-et,UP,73321832112128753462240343031591674546766458753503906982235246998043524582875,1756229582,2025-08-26 17:33:02,0.5
bitcoin-up-or-down-august-27-6pm-et,UP,73321832112128753462240343031591674546766458753503906982235246998043524582875,1756229642,2025-08-26 17:34:02,0.5
bitcoin-up-or-down-august-27-6pm-et,UP,73321832112128753462240343031591674546766458753503906982235246998043524582875,1756229704,2025-08-26 17:35:04,0.5
bitcoin-up-or-down-august-27-6pm-et,UP,73321832112128753462240343031591674546766458753503906982235246998043524582875,1756229763,2025-08-26 17:36:03,0.5
bitcoin-up-or-down-august-27-6pm-et,UP,73321832112128753462240343031591674546766458753503906982235246998043524582875,1756229822,2025-08-26 17:37:02,0.5
bitcoin-up-or-down-august-27-6pm-et,UP,73321832112128753462240343031591674546766458753503906982235246998043524582875,1756229883,2025-08-26 17:38:03,0.5
bitcoin-up-or-down-august-27-6pm-et,UP,73321832112128753462240343031591674546766458753503906982235246998043524582875,1756229943,2025-08-26 17:39:03,0.5
bitcoin-up-or-down-august-27-6pm-et,UP,73321832112128753462240343031591674546766458753503906982235246998043524582875,1756230006,2025-08-26 17:40:06,0.5
bitcoin-up-or-down-august-27-6pm-et,UP,73321832112128753462240343031591674546766458753503906982235246998043524582875,1756230062,2025-08-26 17:41:02,0.5
bitcoin-up-or-down-august-27-6pm-et,UP,73321832112128753462240343031591674546766458753503906982235246998043524582875,1756230123,2025-08-26 17:42:03,0.5
bitcoin-up-or-down-august-27-6pm-et,UP,73321832112128753462240343031591674546766458753503906982235246998043524582875,1756230183,2025-08-26 17:43:03,0.5
bitcoin-up-or-down-august-27-6pm-et,UP,73321832112128753462240343031591674546766458753503906982235246998043524582875,1756230243,2025-08-26 17:44:03,0.5
bitcoin-up-or-down-august-27-6pm-et,UP,73321832112128753462240343031591674546766458753503906982235246998043524582875,1756230302,2025-08-26 17:45:02,0.5
bitcoin-up-or-down-august-27-6pm-et,UP,73321832112128753462240343031591674546766458753503906982235246998043524582875,1756230363,2025-08-26 17:46:03,0.5
bitcoin-up-or-down-august-27-6pm-et,UP,73321832112128753462240343031591674546766458753503906982235246998043524582875,1756230423,2025-08-26 17:47:03,0.5
bitcoin-up-or-down-august-27-6pm-et,UP,73321832112128753462240343031591674546766458753503906982235246998043524582875,1756230483,2025-08-26 17:48:03,0.5
bitcoin-up-or-down-august-27-6pm-et,UP,73321832112128753462240343031591674546766458753503906982235246998043524582875,1756230542,2025-08-26 17:49:02,0.5
bitcoin-up-or-down-august-27-6pm-et,UP,73321832112128753462240343031591674546766458753503906982235246998043524582875,1756230614,2025-08-26 17:50:14,0.5
bitcoin-up-or-down-august-27-6pm-et,UP,73321832112128753462240343031591674546766458753503906982235246998043524582875,1756230663,2025-08-26 17:51:03,0.5
bitcoin-up-or-down-august-27-6pm-et,UP,73321832112128753462240343031591674546766458753503906982235246998043524582875,1756230722,2025-08-26 17:52:02,0.5
bitcoin-up-or-down-august-27-6pm-et,UP,73321832112128753462240343031591674546766458753503906982235246998043524582875,1756230783,2025-08-26 17:53:03,0.5
bitcoin-up-or-down-august-27-6pm-et,UP,73321832112128753462240343031591674546766458753503906982235246998043524582875,1756230843,2025-08-26 17:54:03,0.5
bitcoin-up-or-down-august-27-6pm-et,UP,73321832112128753462240343031591674546766458753503906982235246998043524582875,1756230902,2025-08-26 17:55:02,0.5
bitcoin-up-or-down-august-27-6pm-et,UP,73321832112128753462240343031591674546766458753503906982235246998043524582875,1756230963,2025-08-26 17:56:03,0.5
bitcoin-up-or-down-august-27-6pm-et,UP,73321832112128753462240343031591674546766458753503906982235246998043524582875,1756231022,2025-08-26 17:57:02,0.5
bitcoin-up-or-down-august-27-6pm-et,UP,73321832112128753462240343031591674546766458753503906982235246998043524582875,1756231083,2025-08-26 17:58:03,0.5
bitcoin-up-or-down-august-27-6pm-et,UP,73321832112128753462240343031591674546766458753503906982235246998043524582875,1756231142,2025-08-26 17:59:02,0.5
bitcoin-up-or-down-august-27-6pm-et,UP,73321832112128753462240343031591674546766458753503906982235246998043524582875,1756231216,2025-08-26 18:00:16,0.5
bitcoin-up-or-down-august-27-6pm-et,UP,73321832112128753462240343031591674546766458753503906982235246998043524582875,1756231264,2025-08-26 18:01:04,0.5
bitcoin-up-or-down-august-27-6pm-et,UP,73321832112128753462240343031591674546766458753503906982235246998043524582875,1756231322,2025-08-26 18:02:02,0.5
bitcoin-up-or-down-august-27-6pm-et,UP,73321832112128753462240343031591674546766458753503906982235246998043524582875,1756231383,2025-08-26 18:03:03,0.5
bitcoin-up-or-down-august-27-6pm-et,UP,73321832112128753462240343031591674546766458753503906982235246998043524582875,1756231443,2025-08-26 18:04:03,0.5
bitcoin-up-or-down-august-27-6pm-et,UP,73321832112128753462240343031591674546766458753503906982235246998043524582875,1756231510,2025-08-26 18:05:10,0.5
bitcoin-up-or-down-august-27-6pm-et,UP,73321832112128753462240343031591674546766458753503906982235246998043524582875,1756231563,2025-08-26 18:06:03,0.5
bitcoin-up-or-down-august-27-6pm-et,UP,73321832112128753462240343031591674546766458753503906982235246998043524582875,1756231623,2025-08-26 18:07:03,0.5
bitcoin-up-or-down-august-27-6pm-et,UP,73321832112128753462240343031591674546766458753503906982235246998043524582875,1756231682,2025-08-26 18:08:02,0.5
bitcoin-up-or-down-august-27-6pm-et,UP,73321832112128753462240343031591674546766458753503906982235246998043524582875,1756231742,2025-08-26 18:09:02,0.5
bitcoin-up-or-down-august-27-6pm-et,UP,73321832112128753462240343031591674546766458753503906982235246998043524582875,1756231804,2025-08-26 18:10:04,0.5
bitcoin-up-or-down-august-27-6pm-et,UP,73321832112128753462240343031591674546766458753503906982235246998043524582875,1756231862,2025-08-26 18:11:02,0.5
bitcoin-up-or-down-august-27-6pm-et,UP,73321832112128753462240343031591674546766458753503906982235246998043524582875,1756231922,2025-08-26 18:12:02,0.5
bitcoin-up-or-down-august-27-6pm-et,UP,73321832112128753462240343031591674546766458753503906982235246998043524582875,1756231982,2025-08-26 18:13:02,0.5
bitcoin-up-or-down-august-27-6pm-et,UP,73321832112128753462240343031591674546766458753503906982235246998043524582875,1756232043,2025-08-26 18:14:03,0.5
bitcoin-up-or-down-august-27-6pm-et,UP,73321832112128753462240343031591674546766458753503906982235246998043524582875,1756232114,2025-08-26 18:15:14,0.5
bitcoin-up-or-down-august-27-6pm-et,UP,73321832112128753462240343031591674546766458753503906982235246998043524582875,1756232162,2025-08-26 18:16:02,0.5
bitcoin-up-or-down-august-27-6pm-et,UP,73321832112128753462240343031591674546766458753503906982235246998043524582875,1756232222,2025-08-26 18:17:02,0.5
bitcoin-up-or-down-august-27-6pm-et,UP,73321832112128753462240343031591674546766458753503906982235246998043524582875,1756232283,2025-08-26 18:18:03,0.5
bitcoin-up-or-down-august-27-6pm-et,UP,73321832112128753462240343031591674546766458753503906982235246998043524582875,1756232342,2025-08-26 18:19:02,0.5
bitcoin-up-or-down-august-27-6pm-et,UP,73321832112128753462240343031591674546766458753503906982235246998043524582875,1756232404,2025-08-26 18:20:04,0.5
bitcoin-up-or-down-august-27-6pm-et,UP,73321832112128753462240343031591674546766458753503906982235246998043524582875,1756232463,2025-08-26 18:21:03,0.5
bitcoin-up-or-down-august-27-6pm-et,UP,73321832112128753462240343031591674546766458753503906982235246998043524582875,1756232523,2025-08-26 18:22:03,0.5
bitcoin-up-or-down-august-27-6pm-et,UP,73321832112128753462240343031591674546766458753503906982235246998043524582875,1756232583,2025-08-26 18:23:03,0.5
bitcoin-up-or-down-august-27-6pm-et,UP,73321832112128753462240343031591674546766458753503906982235246998043524582875,1756232643,2025-08-26 18:24:03,0.5
bitcoin-up-or-down-august-27-6pm-et,UP,73321832112128753462240343031591674546766458753503906982235246998043524582875,1756232704,2025-08-26 18:25:04,0.5
bitcoin-up-or-down-august-27-6pm-et,UP,73321832112128753462240343031591674546766458753503906982235246998043524582875,1756232762,2025-08-26 18:26:02,0.5
bitcoin-up-or-down-august-27-6pm-et,UP,73321832112128753462240343031591674546766458753503906982235246998043524582875,1756232823,2025-08-26 18:27:03,0.5
bitcoin-up-or-down-august-27-6pm-et,UP,73321832112128753462240343031591674546766458753503906982235246998043524582875,1756232883,2025-08-26 18:28:03,0.5
bitcoin-up-or-down-august-27-6pm-et,UP,73321832112128753462240343031591674546766458753503906982235246998043524582875,1756232943,2025-08-26 18:29:03,0.5
bitcoin-up-or-down-august-27-6pm-et,UP,73321832112128753462240343031591674546766458753503906982235246998043524582875,1756233002,2025-08-26 18:30:02,0.5
bitcoin-up-or-down-august-27-6pm-et,UP,73321832112128753462240343031591674546766458753503906982235246998043524582875,1756233062,2025-08-26 18:31:02,0.5
bitcoin-up-or-down-august-27-6pm-et,UP,73321832112128753462240343031591674546766458753503906982235246998043524582875,1756233123,2025-08-26 18:32:03,0.5
bitcoin-up-or-down-august-27-6pm-et,UP,73321832112128753462240343031591674546766458753503906982235246998043524582875,1756233183,2025-08-26 18:33:03,0.5
bitcoin-up-or-down-august-27-6pm-et,UP,73321832112128753462240343031591674546766458753503906982235246998043524582875,1756233242,2025-08-26 18:34:02,0.5
bitcoin-up-or-down-august-27-6pm-et,UP,73321832112128753462240343031591674546766458753503906982235246998043524582875,1756233304,2025-08-26 18:35:04,0.5
bitcoin-up-or-down-august-27-6pm-et,UP,73321832112128753462240343031591674546766458753503906982235246998043524582875,1756233363,2025-08-26 18:36:03,0.5
bitcoin-up-or-down-august-27-6pm-et,UP,73321832112128753462240343031591674546766458753503906982235246998043524582875,1756233424,2025-08-26 18:37:04,0.5
bitcoin-up-or-down-august-27-6pm-et,UP,73321832112128753462240343031591674546766458753503906982235246998043524582875,1756233482,2025-08-26 18:38:02,0.5
bitcoin-up-or-down-august-27-6pm-et,UP,73321832112128753462240343031591674546766458753503906982235246998043524582875,1756233542,2025-08-26 18:39:02,0.5
bitcoin-up-or-down-august-27-6pm-et,UP,73321832112128753462240343031591674546766458753503906982235246998043524582875,1756233612,2025-08-26 18:40:12,0.5
bitcoin-up-or-down-august-27-6pm-et,UP,73321832112128753462240343031591674546766458753503906982235246998043524582875,1756233663,2025-08-26 18:41:03,0.5
bitcoin-up-or-down-august-27-6pm-et,UP,73321832112128753462240343031591674546766458753503906982235246998043524582875,1756233723,2025-08-26 18:42:03,0.5
bitcoin-up-or-down-august-27-6pm-et,UP,73321832112128753462240343031591674546766458753503906982235246998043524582875,1756233783,2025-08-26 18:43:03,0.5
bitcoin-up-or-down-august-27-6pm-et,UP,73321832112128753462240343031591674546766458753503906982235246998043524582875,1756233842,2025-08-26 18:44:02,0.5
bitcoin-up-or-down-august-27-6pm-et,UP,73321832112128753462240343031591674546766458753503906982235246998043524582875,1756233904,2025-08-26 18:45:04,0.5
bitcoin-up-or-down-august-27-6pm-et,UP,73321832112128753462240343031591674546766458753503906982235246998043524582875,1756233963,2025-08-26 18:46:03,0.5
bitcoin-up-or-down-august-27-6pm-et,UP,73321832112128753462240343031591674546766458753503906982235246998043524582875,1756234023,2025-08-26 18:47:03,0.5
bitcoin-up-or-down-august-27-6pm-et,UP,73321832112128753462240343031591674546766458753503906982235246998043524582875,1756234083,2025-08-26 18:48:03,0.5
bitcoin-up-or-down-august-27-6pm-et,UP,73321832112128753462240343031591674546766458753503906982235246998043524582875,1756234142,2025-08-26 18:49:02,0.5
bitcoin-up-or-down-august-27-6pm-et,UP,73321832112128753462240343031591674546766458753503906982235246998043524582875,1756234214,2025-08-26 18:50:14,0.5
bitcoin-up-or-down-august-27-6pm-et,UP,73321832112128753462240343031591674546766458753503906982235246998043524582875,1756234262,2025-08-26 18:51:02,0.5
bitcoin-up-or-down-august-27-6pm-et,UP,73321832112128753462240343031591674546766458753503906982235246998043524582875,1756234322,2025-08-26 18:52:02,0.5
bitcoin-up-or-down-august-27-6pm-et,UP,73321832112128753462240343031591674546766458753503906982235246998043524582875,1756234384,2025-08-26 18:53:04,0.5
bitcoin-up-or-down-august-27-6pm-et,UP,73321832112128753462240343031591674546766458753503906982235246998043524582875,1756234442,2025-08-26 18:54:02,0.5
bitcoin-up-or-down-august-27-6pm-et,UP,73321832112128753462240343031591674546766458753503906982235246998043524582875,1756234504,2025-08-26 18:55:04,0.5
bitcoin-up-or-down-august-27-6pm-et,UP,73321832112128753462240343031591674546766458753503906982235246998043524582875,1756234563,2025-08-26 18:56:03,0.5
bitcoin-up-or-down-august-27-6pm-et,UP,73321832112128753462240343031591674546766458753503906982235246998043524582875,1756234622,2025-08-26 18:57:02,0.5
bitcoin-up-or-down-august-27-6pm-et,UP,73321832112128753462240343031591674546766458753503906982235246998043524582875,1756234682,2025-08-26 18:58:02,0.5
bitcoin-up-or-down-august-27-6pm-et,UP,73321832112128753462240343031591674546766458753503906982235246998043524582875,1756234743,2025-08-26 18:59:03,0.5
bitcoin-up-or-down-august-27-6pm-et,UP,73321832112128753462240343031591674546766458753503906982235246998043524582875,1756234817,2025-08-26 19:00:17,0.5
bitcoin-up-or-down-august-27-6pm-et,UP,73321832112128753462240343031591674546766458753503906982235246998043524582875,1756234862,2025-08-26 19:01:02,0.5
bitcoin-up-or-down-august-27-6pm-et,UP,73321832112128753462240343031591674546766458753503906982235246998043524582875,1756234922,2025-08-26 19:02:02,0.5
bitcoin-up-or-down-august-27-6pm-et,UP,73321832112128753462240343031591674546766458753503906982235246998043524582875,1756234982,2025-08-26 19:03:02,0.5
bitcoin-up-or-down-august-27-6pm-et,UP,73321832112128753462240343031591674546766458753503906982235246998043524582875,1756235043,2025-08-26 19:04:03,0.5
bitcoin-up-or-down-august-27-6pm-et,UP,73321832112128753462240343031591674546766458753503906982235246998043524582875,1756235113,2025-08-26 19:05:13,0.5
bitcoin-up-or-down-august-27-6pm-et,UP,73321832112128753462240343031591674546766458753503906982235246998043524582875,1756235162,2025-08-26 19:06:02,0.5
bitcoin-up-or-down-august-27-6pm-et,UP,73321832112128753462240343031591674546766458753503906982235246998043524582875,1756235222,2025-08-26 19:07:02,0.5
bitcoin-up-or-down-august-27-6pm-et,UP,73321832112128753462240343031591674546766458753503906982235246998043524582875,1756235282,2025-08-26 19:08:02,0.5
bitcoin-up-or-down-august-27-6pm-et,UP,73321832112128753462240343031591674546766458753503906982235246998043524582875,1756235342,2025-08-26 19:09:02,0.5
bitcoin-up-or-down-august-27-6pm-et,UP,73321832112128753462240343031591674546766458753503906982235246998043524582875,1756235412,2025-08-26 19:10:12,0.5
bitcoin-up-or-down-august-27-6pm-et,UP,73321832112128753462240343031591674546766458753503906982235246998043524582875,1756235462,2025-08-26 19:11:02,0.5
bitcoin-up-or-down-august-27-6pm-et,UP,73321832112128753462240343031591674546766458753503906982235246998043524582875,1756235524,2025-08-26 19:12:04,0.5
bitcoin-up-or-down-august-27-6pm-et,UP,73321832112128753462240343031591674546766458753503906982235246998043524582875,1756235582,2025-08-26 19:13:02,0.5
bitcoin-up-or-down-august-27-6pm-et,UP,73321832112128753462240343031591674546766458753503906982235246998043524582875,1756235644,2025-08-26 19:14:04,0.5
bitcoin-up-or-down-august-27-6pm-et,UP,73321832112128753462240343031591674546766458753503906982235246998043524582875,1756235708,2025-08-26 19:15:08,0.5
bitcoin-up-or-down-august-27-6pm-et,UP,73321832112128753462240343031591674546766458753503906982235246998043524582875,1756235762,2025-08-26 19:16:02,0.5
bitcoin-up-or-down-august-27-6pm-et,UP,73321832112128753462240343031591674546766458753503906982235246998043524582875,1756235822,2025-08-26 19:17:02,0.5
bitcoin-up-or-down-august-27-6pm-et,UP,73321832112128753462240343031591674546766458753503906982235246998043524582875,1756235884,2025-08-26 19:18:04,0.5
bitcoin-up-or-down-august-27-6pm-et,UP,73321832112128753462240343031591674546766458753503906982235246998043524582875,1756235942,2025-08-26 19:19:02,0.5
bitcoin-up-or-down-august-27-6pm-et,UP,73321832112128753462240343031591674546766458753503906982235246998043524582875,1756236002,2025-08-26 19:20:02,0.5
bitcoin-up-or-down-august-27-6pm-et,UP,73321832112128753462240343031591674546766458753503906982235246998043524582875,1756236062,2025-08-26 19:21:02,0.5
bitcoin-up-or-down-august-27-6pm-et,UP,73321832112128753462240343031591674546766458753503906982235246998043524582875,1756236122,2025-08-26 19:22:02,0.5
bitcoin-up-or-down-august-27-6pm-et,UP,73321832112128753462240343031591674546766458753503906982235246998043524582875,1756236183,2025-08-26 19:23:03,0.5
bitcoin-up-or-down-august-27-6pm-et,UP,73321832112128753462240343031591674546766458753503906982235246998043524582875,1756236242,2025-08-26 19:24:02,0.5
bitcoin-up-or-down-august-27-6pm-et,UP,73321832112128753462240343031591674546766458753503906982235246998043524582875,1756236311,2025-08-26 19:25:11,0.5
bitcoin-up-or-down-august-27-6pm-et,UP,73321832112128753462240343031591674546766458753503906982235246998043524582875,1756236363,2025-08-26 19:26:03,0.5
bitcoin-up-or-down-august-27-6pm-et,UP,73321832112128753462240343031591674546766458753503906982235246998043524582875,1756236423,2025-08-26 19:27:03,0.5
bitcoin-up-or-down-august-27-6pm-et,UP,73321832112128753462240343031591674546766458753503906982235246998043524582875,1756236484,2025-08-26 19:28:04,0.5
bitcoin-up-or-down-august-27-6pm-et,UP,73321832112128753462240343031591674546766458753503906982235246998043524582875,1756236543,2025-08-26 19:29:03,0.5
bitcoin-up-or-down-august-27-6pm-et,UP,73321832112128753462240343031591674546766458753503906982235246998043524582875,1756236606,2025-08-26 19:30:06,0.5
bitcoin-up-or-down-august-27-6pm-et,UP,73321832112128753462240343031591674546766458753503906982235246998043524582875,1756236663,2025-08-26 19:31:03,0.5
bitcoin-up-or-down-august-27-6pm-et,UP,73321832112128753462240343031591674546766458753503906982235246998043524582875,1756236722,2025-08-26 19:32:02,0.5
bitcoin-up-or-down-august-27-6pm-et,UP,73321832112128753462240343031591674546766458753503906982235246998043524582875,1756236784,2025-08-26 19:33:04,0.5
bitcoin-up-or-down-august-27-6pm-et,UP,73321832112128753462240343031591674546766458753503906982235246998043524582875,1756236842,2025-08-26 19:34:02,0.5
bitcoin-up-or-down-august-27-6pm-et,UP,73321832112128753462240343031591674546766458753503906982235246998043524582875,1756236903,2025-08-26 19:35:03,0.5
bitcoin-up-or-down-august-27-6pm-et,UP,73321832112128753462240343031591674546766458753503906982235246998043524582875,1756236963,2025-08-26 19:36:03,0.5
bitcoin-up-or-down-august-27-6pm-et,UP,73321832112128753462240343031591674546766458753503906982235246998043524582875,1756237023,2025-08-26 19:37:03,0.5
bitcoin-up-or-down-august-27-6pm-et,UP,73321832112128753462240343031591674546766458753503906982235246998043524582875,1756237083,2025-08-26 19:38:03,0.5
bitcoin-up-or-down-august-27-6pm-et,UP,73321832112128753462240343031591674546766458753503906982235246998043524582875,1756237143,2025-08-26 19:39:03,0.5
bitcoin-up-or-down-august-27-6pm-et,UP,73321832112128753462240343031591674546766458753503906982235246998043524582875,1756237204,2025-08-26 19:40:04,0.5
bitcoin-up-or-down-august-27-6pm-et,UP,73321832112128753462240343031591674546766458753503906982235246998043524582875,1756237263,2025-08-26 19:41:03,0.5
bitcoin-up-or-down-august-27-6pm-et,UP,73321832112128753462240343031591674546766458753503906982235246998043524582875,1756237323,2025-08-26 19:42:03,0.5
bitcoin-up-or-down-august-27-6pm-et,UP,73321832112128753462240343031591674546766458753503906982235246998043524582875,1756237382,2025-08-26 19:43:02,0.5
bitcoin-up-or-down-august-27-6pm-et,UP,73321832112128753462240343031591674546766458753503906982235246998043524582875,1756237443,2025-08-26 19:44:03,0.5
bitcoin-up-or-down-august-27-6pm-et,UP,73321832112128753462240343031591674546766458753503906982235246998043524582875,1756237509,2025-08-26 19:45:09,0.5
bitcoin-up-or-down-august-27-6pm-et,UP,73321832112128753462240343031591674546766458753503906982235246998043524582875,1756237563,2025-08-26 19:46:03,0.5
bitcoin-up-or-down-august-27-6pm-et,UP,73321832112128753462240343031591674546766458753503906982235246998043524582875,1756237622,2025-08-26 19:47:02,0.5
bitcoin-up-or-down-august-27-6pm-et,UP,73321832112128753462240343031591674546766458753503906982235246998043524582875,1756237682,2025-08-26 19:48:02,0.5
bitcoin-up-or-down-august-27-6pm-et,UP,73321832112128753462240343031591674546766458753503906982235246998043524582875,1756237743,2025-08-26 19:49:03,0.5
bitcoin-up-or-down-august-27-6pm-et,UP,73321832112128753462240343031591674546766458753503906982235246998043524582875,1756237814,2025-08-26 19:50:14,0.5
bitcoin-up-or-down-august-27-6pm-et,UP,73321832112128753462240343031591674546766458753503906982235246998043524582875,1756237862,2025-08-26 19:51:02,0.5
bitcoin-up-or-down-august-27-6pm-et,UP,73321832112128753462240343031591674546766458753503906982235246998043524582875,1756237923,2025-08-26 19:52:03,0.5
bitcoin-up-or-down-august-27-6pm-et,UP,73321832112128753462240343031591674546766458753503906982235246998043524582875,1756237984,2025-08-26 19:53:04,0.5
bitcoin-up-or-down-august-27-6pm-et,UP,73321832112128753462240343031591674546766458753503906982235246998043524582875,1756238043,2025-08-26 19:54:03,0.5
bitcoin-up-or-down-august-27-6pm-et,UP,73321832112128753462240343031591674546766458753503906982235246998043524582875,1756238104,2025-08-26 19:55:04,0.5
bitcoin-up-or-down-august-27-6pm-et,UP,73321832112128753462240343031591674546766458753503906982235246998043524582875,1756238162,2025-08-26 19:56:02,0.5
bitcoin-up-or-down-august-27-6pm-et,UP,73321832112128753462240343031591674546766458753503906982235246998043524582875,1756238222,2025-08-26 19:57:02,0.5
bitcoin-up-or-down-august-27-6pm-et,UP,73321832112128753462240343031591674546766458753503906982235246998043524582875,1756238282,2025-08-26 19:58:02,0.5
bitcoin-up-or-down-august-27-6pm-et,UP,73321832112128753462240343031591674546766458753503906982235246998043524582875,1756238343,2025-08-26 19:59:03,0.5
bitcoin-up-or-down-august-27-6pm-et,UP,73321832112128753462240343031591674546766458753503906982235246998043524582875,1756238409,2025-08-26 20:00:09,0.5
bitcoin-up-or-down-august-27-6pm-et,UP,73321832112128753462240343031591674546766458753503906982235246998043524582875,1756238462,2025-08-26 20:01:02,0.5
bitcoin-up-or-down-august-27-6pm-et,UP,73321832112128753462240343031591674546766458753503906982235246998043524582875,1756238522,2025-08-26 20:02:02,0.5
bitcoin-up-or-down-august-27-6pm-et,UP,73321832112128753462240343031591674546766458753503906982235246998043524582875,1756238583,2025-08-26 20:03:03,0.5
bitcoin-up-or-down-august-27-6pm-et,UP,73321832112128753462240343031591674546766458753503906982235246998043524582875,1756238643,2025-08-26 20:04:03,0.5
bitcoin-up-or-down-august-27-6pm-et,UP,73321832112128753462240343031591674546766458753503906982235246998043524582875,1756238702,2025-08-26 20:05:02,0.5
bitcoin-up-or-down-august-27-6pm-et,UP,73321832112128753462240343031591674546766458753503906982235246998043524582875,1756238763,2025-08-26 20:06:03,0.5
bitcoin-up-or-down-august-27-6pm-et,UP,73321832112128753462240343031591674546766458753503906982235246998043524582875,1756238823,2025-08-26 20:07:03,0.5
bitcoin-up-or-down-august-27-6pm-et,UP,73321832112128753462240343031591674546766458753503906982235246998043524582875,1756238882,2025-08-26 20:08:02,0.5
bitcoin-up-or-down-august-27-6pm-et,UP,73321832112128753462240343031591674546766458753503906982235246998043524582875,1756238942,2025-08-26 20:09:02,0.5
bitcoin-up-or-down-august-27-6pm-et,UP,73321832112128753462240343031591674546766458753503906982235246998043524582875,1756239002,2025-08-26 20:10:02,0.5
bitcoin-up-or-down-august-27-6pm-et,UP,73321832112128753462240343031591674546766458753503906982235246998043524582875,1756239063,2025-08-26 20:11:03,0.5
bitcoin-up-or-down-august-27-6pm-et,UP,73321832112128753462240343031591674546766458753503906982235246998043524582875,1756239122,2025-08-26 20:12:02,0.5
bitcoin-up-or-down-august-27-6pm-et,UP,73321832112128753462240343031591674546766458753503906982235246998043524582875,1756239182,2025-08-26 20:13:02,0.5
bitcoin-up-or-down-august-27-6pm-et,UP,73321832112128753462240343031591674546766458753503906982235246998043524582875,1756239243,2025-08-26 20:14:03,0.5
bitcoin-up-or-down-august-27-6pm-et,UP,73321832112128753462240343031591674546766458753503906982235246998043524582875,1756239310,2025-08-26 20:15:10,0.5
bitcoin-up-or-down-august-27-6pm-et,UP,73321832112128753462240343031591674546766458753503906982235246998043524582875,1756239362,2025-08-26 20:16:02,0.5
bitcoin-up-or-down-august-27-6pm-et,UP,73321832112128753462240343031591674546766458753503906982235246998043524582875,1756239424,2025-08-26 20:17:04,0.5
bitcoin-up-or-down-august-27-6pm-et,UP,73321832112128753462240343031591674546766458753503906982235246998043524582875,1756239482,2025-08-26 20:18:02,0.5
bitcoin-up-or-down-august-27-6pm-et,UP,73321832112128753462240343031591674546766458753503906982235246998043524582875,1756239543,2025-08-26 20:19:03,0.5
bitcoin-up-or-down-august-27-6pm-et,UP,73321832112128753462240343031591674546766458753503906982235246998043524582875,1756239604,2025-08-26 20:20:04,0.5
bitcoin-up-or-down-august-27-6pm-et,UP,73321832112128753462240343031591674546766458753503906982235246998043524582875,1756239663,2025-08-26 20:21:03,0.5
bitcoin-up-or-down-august-27-6pm-et,UP,73321832112128753462240343031591674546766458753503906982235246998043524582875,1756239723,2025-08-26 20:22:03,0.5
bitcoin-up-or-down-august-27-6pm-et,UP,73321832112128753462240343031591674546766458753503906982235246998043524582875,1756239782,2025-08-26 20:23:02,0.5
bitcoin-up-or-down-august-27-6pm-et,UP,73321832112128753462240343031591674546766458753503906982235246998043524582875,1756239843,2025-08-26 20:24:03,0.5
bitcoin-up-or-down-august-27-6pm-et,UP,73321832112128753462240343031591674546766458753503906982235246998043524582875,1756239903,2025-08-26 20:25:03,0.5
bitcoin-up-or-down-august-27-6pm-et,UP,73321832112128753462240343031591674546766458753503906982235246998043524582875,1756239962,2025-08-26 20:26:02,0.5
bitcoin-up-or-down-august-27-6pm-et,UP,73321832112128753462240343031591674546766458753503906982235246998043524582875,1756240023,2025-08-26 20:27:03,0.5
bitcoin-up-or-down-august-27-6pm-et,UP,73321832112128753462240343031591674546766458753503906982235246998043524582875,1756240083,2025-08-26 20:28:03,0.5
bitcoin-up-or-down-august-27-6pm-et,UP,73321832112128753462240343031591674546766458753503906982235246998043524582875,1756240142,2025-08-26 20:29:02,0.5
bitcoin-up-or-down-august-27-6pm-et,UP,73321832112128753462240343031591674546766458753503906982235246998043524582875,1756240208,2025-08-26 20:30:08,0.5
bitcoin-up-or-down-august-27-6pm-et,UP,73321832112128753462240343031591674546766458753503906982235246998043524582875,1756240263,2025-08-26 20:31:03,0.5
bitcoin-up-or-down-august-27-6pm-et,UP,73321832112128753462240343031591674546766458753503906982235246998043524582875,1756240323,2025-08-26 20:32:03,0.5
bitcoin-up-or-down-august-27-6pm-et,UP,73321832112128753462240343031591674546766458753503906982235246998043524582875,1756240382,2025-08-26 20:33:02,0.5
bitcoin-up-or-down-august-27-6pm-et,UP,73321832112128753462240343031591674546766458753503906982235246998043524582875,1756240443,2025-08-26 20:34:03,0.5
bitcoin-up-or-down-august-27-6pm-et,UP,73321832112128753462240343031591674546766458753503906982235246998043524582875,1756240503,2025-08-26 20:35:03,0.5
bitcoin-up-or-down-august-27-6pm-et,UP,73321832112128753462240343031591674546766458753503906982235246998043524582875,1756240563,2025-08-26 20:36:03,0.5
bitcoin-up-or-down-august-27-6pm-et,UP,73321832112128753462240343031591674546766458753503906982235246998043524582875,1756240622,2025-08-26 20:37:02,0.5
bitcoin-up-or-down-august-27-6pm-et,UP,73321832112128753462240343031591674546766458753503906982235246998043524582875,1756240683,2025-08-26 20:38:03,0.5
bitcoin-up-or-down-august-27-6pm-et,UP,73321832112128753462240343031591674546766458753503906982235246998043524582875,1756240743,2025-08-26 20:39:03,0.5
bitcoin-up-or-down-august-27-6pm-et,UP,73321832112128753462240343031591674546766458753503906982235246998043524582875,1756240812,2025-08-26 20:40:12,0.5
bitcoin-up-or-down-august-27-6pm-et,UP,73321832112128753462240343031591674546766458753503906982235246998043524582875,1756240863,2025-08-26 20:41:03,0.5
bitcoin-up-or-down-august-27-6pm-et,UP,73321832112128753462240343031591674546766458753503906982235246998043524582875,1756240922,2025-08-26 20:42:02,0.5
bitcoin-up-or-down-august-27-6pm-et,UP,73321832112128753462240343031591674546766458753503906982235246998043524582875,1756240982,2025-08-26 20:43:02,0.5
bitcoin-up-or-down-august-27-6pm-et,UP,73321832112128753462240343031591674546766458753503906982235246998043524582875,1756241044,2025-08-26 20:44:04,0.5
bitcoin-up-or-down-august-27-6pm-et,UP,73321832112128753462240343031591674546766458753503906982235246998043524582875,1756241102,2025-08-26 20:45:02,0.5
bitcoin-up-or-down-august-27-6pm-et,UP,73321832112128753462240343031591674546766458753503906982235246998043524582875,1756241163,2025-08-26 20:46:03,0.5
bitcoin-up-or-down-august-27-6pm-et,UP,73321832112128753462240343031591674546766458753503906982235246998043524582875,1756241223,2025-08-26 20:47:03,0.5
bitcoin-up-or-down-august-27-6pm-et,UP,73321832112128753462240343031591674546766458753503906982235246998043524582875,1756241283,2025-08-26 20:48:03,0.5
bitcoin-up-or-down-august-27-6pm-et,UP,73321832112128753462240343031591674546766458753503906982235246998043524582875,1756241342,2025-08-26 20:49:02,0.5
bitcoin-up-or-down-august-27-6pm-et,UP,73321832112128753462240343031591674546766458753503906982235246998043524582875,1756241413,2025-08-26 20:50:13,0.5
bitcoin-up-or-down-august-27-6pm-et,UP,73321832112128753462240343031591674546766458753503906982235246998043524582875,1756241463,2025-08-26 20:51:03,0.5
bitcoin-up-or-down-august-27-6pm-et,UP,73321832112128753462240343031591674546766458753503906982235246998043524582875,1756241523,2025-08-26 20:52:03,0.5
bitcoin-up-or-down-august-27-6pm-et,UP,73321832112128753462240343031591674546766458753503906982235246998043524582875,1756241582,2025-08-26 20:53:02,0.5
bitcoin-up-or-down-august-27-6pm-et,UP,73321832112128753462240343031591674546766458753503906982235246998043524582875,1756241643,2025-08-26 20:54:03,0.5
bitcoin-up-or-down-august-27-6pm-et,UP,73321832112128753462240343031591674546766458753503906982235246998043524582875,1756241702,2025-08-26 20:55:02,0.5
bitcoin-up-or-down-august-27-6pm-et,UP,73321832112128753462240343031591674546766458753503906982235246998043524582875,1756241763,2025-08-26 20:56:03,0.5
bitcoin-up-or-down-august-27-6pm-et,UP,73321832112128753462240343031591674546766458753503906982235246998043524582875,1756241822,2025-08-26 20:57:02,0.5
bitcoin-up-or-down-august-27-6pm-et,UP,73321832112128753462240343031591674546766458753503906982235246998043524582875,1756241883,2025-08-26 20:58:03,0.5
bitcoin-up-or-down-august-27-6pm-et,UP,73321832112128753462240343031591674546766458753503906982235246998043524582875,1756241942,2025-08-26 20:59:02,0.5
bitcoin-up-or-down-august-27-6pm-et,UP,73321832112128753462240343031591674546766458753503906982235246998043524582875,1756242014,2025-08-26 21:00:14,0.5
bitcoin-up-or-down-august-27-6pm-et,UP,73321832112128753462240343031591674546766458753503906982235246998043524582875,1756242063,2025-08-26 21:01:03,0.5
bitcoin-up-or-down-august-27-6pm-et,UP,73321832112128753462240343031591674546766458753503906982235246998043524582875,1756242122,2025-08-26 21:02:02,0.5
bitcoin-up-or-down-august-27-6pm-et,UP,73321832112128753462240343031591674546766458753503906982235246998043524582875,1756242183,2025-08-26 21:03:03,0.5
bitcoin-up-or-down-august-27-6pm-et,UP,73321832112128753462240343031591674546766458753503906982235246998043524582875,1756242242,2025-08-26 21:04:02,0.5
bitcoin-up-or-down-august-27-6pm-et,UP,73321832112128753462240343031591674546766458753503906982235246998043524582875,1756242302,2025-08-26 21:05:02,0.5
bitcoin-up-or-down-august-27-6pm-et,UP,73321832112128753462240343031591674546766458753503906982235246998043524582875,1756242362,2025-08-26 21:06:02,0.5
bitcoin-up-or-down-august-27-6pm-et,UP,73321832112128753462240343031591674546766458753503906982235246998043524582875,1756242422,2025-08-26 21:07:02,0.5
bitcoin-up-or-down-august-27-6pm-et,UP,73321832112128753462240343031591674546766458753503906982235246998043524582875,1756242484,2025-08-26 21:08:04,0.5
bitcoin-up-or-down-august-27-6pm-et,UP,73321832112128753462240343031591674546766458753503906982235246998043524582875,1756242543,2025-08-26 21:09:03,0.5
bitcoin-up-or-down-august-27-6pm-et,UP,73321832112128753462240343031591674546766458753503906982235246998043524582875,1756242613,2025-08-26 21:10:13,0.5
bitcoin-up-or-down-august-27-6pm-et,UP,73321832112128753462240343031591674546766458753503906982235246998043524582875,1756242663,2025-08-26 21:11:03,0.5
bitcoin-up-or-down-august-27-6pm-et,UP,73321832112128753462240343031591674546766458753503906982235246998043524582875,1756242723,2025-08-26 21:12:03,0.5
bitcoin-up-or-down-august-27-6pm-et,UP,73321832112128753462240343031591674546766458753503906982235246998043524582875,1756242783,2025-08-26 21:13:03,0.5
bitcoin-up-or-down-august-27-6pm-et,UP,73321832112128753462240343031591674546766458753503906982235246998043524582875,1756242843,2025-08-26 21:14:03,0.5
bitcoin-up-or-down-august-27-6pm-et,UP,73321832112128753462240343031591674546766458753503906982235246998043524582875,1756242905,2025-08-26 21:15:05,0.5
bitcoin-up-or-down-august-27-6pm-et,UP,73321832112128753462240343031591674546766458753503906982235246998043524582875,1756242966,2025-08-26 21:16:06,0.5
bitcoin-up-or-down-august-27-6pm-et,UP,73321832112128753462240343031591674546766458753503906982235246998043524582875,1756243022,2025-08-26 21:17:02,0.5
bitcoin-up-or-down-august-27-6pm-et,UP,73321832112128753462240343031591674546766458753503906982235246998043524582875,1756243082,2025-08-26 21:18:02,0.5
bitcoin-up-or-down-august-27-6pm-et,UP,73321832112128753462240343031591674546766458753503906982235246998043524582875,1756243143,2025-08-26 21:19:03,0.5
bitcoin-up-or-down-august-27-6pm-et,UP,73321832112128753462240343031591674546766458753503906982235246998043524582875,1756243207,2025-08-26 21:20:07,0.5
bitcoin-up-or-down-august-27-6pm-et,UP,73321832112128753462240343031591674546766458753503906982235246998043524582875,1756243264,2025-08-26 21:21:04,0.5
bitcoin-up-or-down-august-27-6pm-et,UP,73321832112128753462240343031591674546766458753503906982235246998043524582875,1756243323,2025-08-26 21:22:03,0.5
bitcoin-up-or-down-august-27-6pm-et,UP,73321832112128753462240343031591674546766458753503906982235246998043524582875,1756243383,2025-08-26 21:23:03,0.5
bitcoin-up-or-down-august-27-6pm-et,UP,73321832112128753462240343031591674546766458753503906982235246998043524582875,1756243444,2025-08-26 21:24:04,0.5
bitcoin-up-or-down-august-27-6pm-et,UP,73321832112128753462240343031591674546766458753503906982235246998043524582875,1756243502,2025-08-26 21:25:02,0.5
bitcoin-up-or-down-august-27-6pm-et,UP,73321832112128753462240343031591674546766458753503906982235246998043524582875,1756243563,2025-08-26 21:26:03,0.5
bitcoin-up-or-down-august-27-6pm-et,UP,73321832112128753462240343031591674546766458753503906982235246998043524582875,1756243623,2025-08-26 21:27:03,0.5
bitcoin-up-or-down-august-27-6pm-et,UP,73321832112128753462240343031591674546766458753503906982235246998043524582875,1756243682,2025-08-26 21:28:02,0.5
bitcoin-up-or-down-august-27-6pm-et,UP,73321832112128753462240343031591674546766458753503906982235246998043524582875,1756243742,2025-08-26 21:29:02,0.5
bitcoin-up-or-down-august-27-6pm-et,UP,73321832112128753462240343031591674546766458753503906982235246998043524582875,1756243814,2025-08-26 21:30:14,0.5
bitcoin-up-or-down-august-27-6pm-et,UP,73321832112128753462240343031591674546766458753503906982235246998043524582875,1756243863,2025-08-26 21:31:03,0.5
bitcoin-up-or-down-august-27-6pm-et,UP,73321832112128753462240343031591674546766458753503906982235246998043524582875,1756243922,2025-08-26 21:32:02,0.5
bitcoin-up-or-down-august-27-6pm-et,UP,73321832112128753462240343031591674546766458753503906982235246998043524582875,1756243983,2025-08-26 21:33:03,0.5
bitcoin-up-or-down-august-27-6pm-et,UP,73321832112128753462240343031591674546766458753503906982235246998043524582875,1756244043,2025-08-26 21:34:03,0.5
bitcoin-up-or-down-august-27-6pm-et,UP,73321832112128753462240343031591674546766458753503906982235246998043524582875,1756244112,2025-08-26 21:35:12,0.5
bitcoin-up-or-down-august-27-6pm-et,UP,73321832112128753462240343031591674546766458753503906982235246998043524582875,1756244163,2025-08-26 21:36:03,0.5
bitcoin-up-or-down-august-27-6pm-et,UP,73321832112128753462240343031591674546766458753503906982235246998043524582875,1756244223,2025-08-26 21:37:03,0.5
bitcoin-up-or-down-august-27-6pm-et,UP,73321832112128753462240343031591674546766458753503906982235246998043524582875,1756244282,2025-08-26 21:38:02,0.5
bitcoin-up-or-down-august-27-6pm-et,UP,73321832112128753462240343031591674546766458753503906982235246998043524582875,1756244343,2025-08-26 21:39:03,0.5
bitcoin-up-or-down-august-27-6pm-et,UP,73321832112128753462240343031591674546766458753503906982235246998043524582875,1756244402,2025-08-26 21:40:02,0.5
bitcoin-up-or-down-august-27-6pm-et,UP,73321832112128753462240343031591674546766458753503906982235246998043524582875,1756244464,2025-08-26 21:41:04,0.5
bitcoin-up-or-down-august-27-6pm-et,UP,73321832112128753462240343031591674546766458753503906982235246998043524582875,1756244523,2025-08-26 21:42:03,0.5
bitcoin-up-or-down-august-27-6pm-et,UP,73321832112128753462240343031591674546766458753503906982235246998043524582875,1756244582,2025-08-26 21:43:02,0.5
bitcoin-up-or-down-august-27-6pm-et,UP,73321832112128753462240343031591674546766458753503906982235246998043524582875,1756244642,2025-08-26 21:44:02,0.5
bitcoin-up-or-down-august-27-6pm-et,UP,73321832112128753462240343031591674546766458753503906982235246998043524582875,1756244703,2025-08-26 21:45:03,0.5
bitcoin-up-or-down-august-27-6pm-et,UP,73321832112128753462240343031591674546766458753503906982235246998043524582875,1756244762,2025-08-26 21:46:02,0.5
bitcoin-up-or-down-august-27-6pm-et,UP,73321832112128753462240343031591674546766458753503906982235246998043524582875,1756244823,2025-08-26 21:47:03,0.5
bitcoin-up-or-down-august-27-6pm-et,UP,73321832112128753462240343031591674546766458753503906982235246998043524582875,1756244882,2025-08-26 21:48:02,0.5
bitcoin-up-or-down-august-27-6pm-et,UP,73321832112128753462240343031591674546766458753503906982235246998043524582875,1756244943,2025-08-26 21:49:03,0.5
bitcoin-up-or-down-august-27-6pm-et,UP,73321832112128753462240343031591674546766458753503906982235246998043524582875,1756245004,2025-08-26 21:50:04,0.5
bitcoin-up-or-down-august-27-6pm-et,UP,73321832112128753462240343031591674546766458753503906982235246998043524582875,1756245064,2025-08-26 21:51:04,0.5
bitcoin-up-or-down-august-27-6pm-et,UP,73321832112128753462240343031591674546766458753503906982235246998043524582875,1756245123,2025-08-26 21:52:03,0.5
bitcoin-up-or-down-august-27-6pm-et,UP,73321832112128753462240343031591674546766458753503906982235246998043524582875,1756245182,2025-08-26 21:53:02,0.5
bitcoin-up-or-down-august-27-6pm-et,UP,73321832112128753462240343031591674546766458753503906982235246998043524582875,1756245243,2025-08-26 21:54:03,0.5
bitcoin-up-or-down-august-27-6pm-et,UP,73321832112128753462240343031591674546766458753503906982235246998043524582875,1756245303,2025-08-26 21:55:03,0.5
bitcoin-up-or-down-august-27-6pm-et,UP,73321832112128753462240343031591674546766458753503906982235246998043524582875,1756245364,2025-08-26 21:56:04,0.5
bitcoin-up-or-down-august-27-6pm-et,UP,73321832112128753462240343031591674546766458753503906982235246998043524582875,1756245423,2025-08-26 21:57:03,0.5
bitcoin-up-or-down-august-27-6pm-et,UP,73321832112128753462240343031591674546766458753503906982235246998043524582875,1756245483,2025-08-26 21:58:03,0.5
bitcoin-up-or-down-august-27-6pm-et,UP,73321832112128753462240343031591674546766458753503906982235246998043524582875,1756245543,2025-08-26 21:59:03,0.5
bitcoin-up-or-down-august-27-6pm-et,UP,73321832112128753462240343031591674546766458753503906982235246998043524582875,1756245612,2025-08-26 22:00:12,0.5
bitcoin-up-or-down-august-27-6pm-et,UP,73321832112128753462240343031591674546766458753503906982235246998043524582875,1756245663,2025-08-26 22:01:03,0.5
bitcoin-up-or-down-august-27-6pm-et,UP,73321832112128753462240343031591674546766458753503906982235246998043524582875,1756245723,2025-08-26 22:02:03,0.5
bitcoin-up-or-down-august-27-6pm-et,UP,73321832112128753462240343031591674546766458753503906982235246998043524582875,1756245782,2025-08-26 22:03:02,0.5
bitcoin-up-or-down-august-27-6pm-et,UP,73321832112128753462240343031591674546766458753503906982235246998043524582875,1756245842,2025-08-26 22:04:02,0.5
bitcoin-up-or-down-august-27-6pm-et,UP,73321832112128753462240343031591674546766458753503906982235246998043524582875,1756245904,2025-08-26 22:05:04,0.5
bitcoin-up-or-down-august-27-6pm-et,UP,73321832112128753462240343031591674546766458753503906982235246998043524582875,1756245964,2025-08-26 22:06:04,0.5
bitcoin-up-or-down-august-27-6pm-et,UP,73321832112128753462240343031591674546766458753503906982235246998043524582875,1756246022,2025-08-26 22:07:02,0.5
bitcoin-up-or-down-august-27-6pm-et,UP,73321832112128753462240343031591674546766458753503906982235246998043524582875,1756246082,2025-08-26 22:08:02,0.5
bitcoin-up-or-down-august-27-6pm-et,UP,73321832112128753462240343031591674546766458753503906982235246998043524582875,1756246143,2025-08-26 22:09:03,0.5
bitcoin-up-or-down-august-27-6pm-et,UP,73321832112128753462240343031591674546766458753503906982235246998043524582875,1756246214,2025-08-26 22:10:14,0.5
bitcoin-up-or-down-august-27-6pm-et,UP,73321832112128753462240343031591674546766458753503906982235246998043524582875,1756246263,2025-08-26 22:11:03,0.5
bitcoin-up-or-down-august-27-6pm-et,UP,73321832112128753462240343031591674546766458753503906982235246998043524582875,1756246324,2025-08-26 22:12:04,0.5
bitcoin-up-or-down-august-27-6pm-et,UP,73321832112128753462240343031591674546766458753503906982235246998043524582875,1756246383,2025-08-26 22:13:03,0.5
bitcoin-up-or-down-august-27-6pm-et,UP,73321832112128753462240343031591674546766458753503906982235246998043524582875,1756246442,2025-08-26 22:14:02,0.5
bitcoin-up-or-down-august-27-6pm-et,UP,73321832112128753462240343031591674546766458753503906982235246998043524582875,1756246507,2025-08-26 22:15:07,0.5
bitcoin-up-or-down-august-27-6pm-et,UP,73321832112128753462240343031591674546766458753503906982235246998043524582875,1756246563,2025-08-26 22:16:03,0.5
bitcoin-up-or-down-august-27-6pm-et,UP,73321832112128753462240343031591674546766458753503906982235246998043524582875,1756246624,2025-08-26 22:17:04,0.5
bitcoin-up-or-down-august-27-6pm-et,UP,73321832112128753462240343031591674546766458753503906982235246998043524582875,1756246682,2025-08-26 22:18:02,0.5
bitcoin-up-or-down-august-27-6pm-et,UP,73321832112128753462240343031591674546766458753503906982235246998043524582875,1756246742,2025-08-26 22:19:02,0.5
bitcoin-up-or-down-august-27-6pm-et,UP,73321832112128753462240343031591674546766458753503906982235246998043524582875,1756246808,2025-08-26 22:20:08,0.5
bitcoin-up-or-down-august-27-6pm-et,UP,73321832112128753462240343031591674546766458753503906982235246998043524582875,1756246863,2025-08-26 22:21:03,0.5
bitcoin-up-or-down-august-27-6pm-et,UP,73321832112128753462240343031591674546766458753503906982235246998043524582875,1756246923,2025-08-26 22:22:03,0.5
bitcoin-up-or-down-august-27-6pm-et,UP,73321832112128753462240343031591674546766458753503906982235246998043524582875,1756246983,2025-08-26 22:23:03,0.5
bitcoin-up-or-down-august-27-6pm-et,UP,73321832112128753462240343031591674546766458753503906982235246998043524582875,1756247042,2025-08-26 22:24:02,0.5
bitcoin-up-or-down-august-27-6pm-et,UP,73321832112128753462240343031591674546766458753503906982235246998043524582875,1756247110,2025-08-26 22:25:10,0.5
bitcoin-up-or-down-august-27-6pm-et,UP,73321832112128753462240343031591674546766458753503906982235246998043524582875,1756247165,2025-08-26 22:26:05,0.5
bitcoin-up-or-down-august-27-6pm-et,UP,73321832112128753462240343031591674546766458753503906982235246998043524582875,1756247223,2025-08-26 22:27:03,0.5
bitcoin-up-or-down-august-27-6pm-et,UP,73321832112128753462240343031591674546766458753503906982235246998043524582875,1756247282,2025-08-26 22:28:02,0.5
bitcoin-up-or-down-august-27-6pm-et,UP,73321832112128753462240343031591674546766458753503906982235246998043524582875,1756247343,2025-08-26 22:29:03,0.5
bitcoin-up-or-down-august-27-6pm-et,UP,73321832112128753462240343031591674546766458753503906982235246998043524582875,1756247402,2025-08-26 22:30:02,0.5
bitcoin-up-or-down-august-27-6pm-et,UP,73321832112128753462240343031591674546766458753503906982235246998043524582875,1756247462,2025-08-26 22:31:02,0.5
bitcoin-up-or-down-august-27-6pm-et,UP,73321832112128753462240343031591674546766458753503906982235246998043524582875,1756247523,2025-08-26 22:32:03,0.5
bitcoin-up-or-down-august-27-6pm-et,UP,73321832112128753462240343031591674546766458753503906982235246998043524582875,1756247583,2025-08-26 22:33:03,0.5
bitcoin-up-or-down-august-27-6pm-et,UP,73321832112128753462240343031591674546766458753503906982235246998043524582875,1756247643,2025-08-26 22:34:03,0.5
bitcoin-up-or-down-august-27-6pm-et,UP,73321832112128753462240343031591674546766458753503906982235246998043524582875,1756247702,2025-08-26 22:35:02,0.5
bitcoin-up-or-down-august-27-6pm-et,UP,73321832112128753462240343031591674546766458753503906982235246998043524582875,1756247763,2025-08-26 22:36:03,0.5
bitcoin-up-or-down-august-27-6pm-et,UP,73321832112128753462240343031591674546766458753503906982235246998043524582875,1756247822,2025-08-26 22:37:02,0.5
bitcoin-up-or-down-august-27-6pm-et,UP,73321832112128753462240343031591674546766458753503906982235246998043524582875,1756247883,2025-08-26 22:38:03,0.5
bitcoin-up-or-down-august-27-6pm-et,UP,73321832112128753462240343031591674546766458753503906982235246998043524582875,1756247943,2025-08-26 22:39:03,0.5
bitcoin-up-or-down-august-27-6pm-et,UP,73321832112128753462240343031591674546766458753503906982235246998043524582875,1756248006,2025-08-26 22:40:06,0.5
bitcoin-up-or-down-august-27-6pm-et,UP,73321832112128753462240343031591674546766458753503906982235246998043524582875,1756248064,2025-08-26 22:41:04,0.5
bitcoin-up-or-down-august-27-6pm-et,UP,73321832112128753462240343031591674546766458753503906982235246998043524582875,1756248123,2025-08-26 22:42:03,0.5
bitcoin-up-or-down-august-27-6pm-et,UP,73321832112128753462240343031591674546766458753503906982235246998043524582875,1756248182,2025-08-26 22:43:02,0.5
bitcoin-up-or-down-august-27-6pm-et,UP,73321832112128753462240343031591674546766458753503906982235246998043524582875,1756248242,2025-08-26 22:44:02,0.5
bitcoin-up-or-down-august-27-6pm-et,UP,73321832112128753462240343031591674546766458753503906982235246998043524582875,1756248313,2025-08-26 22:45:13,0.5
bitcoin-up-or-down-august-27-6pm-et,UP,73321832112128753462240343031591674546766458753503906982235246998043524582875,1756248363,2025-08-26 22:46:03,0.5
bitcoin-up-or-down-august-27-6pm-et,UP,73321832112128753462240343031591674546766458753503906982235246998043524582875,1756248422,2025-08-26 22:47:02,0.5
bitcoin-up-or-down-august-27-6pm-et,UP,73321832112128753462240343031591674546766458753503906982235246998043524582875,1756248482,2025-08-26 22:48:02,0.5
bitcoin-up-or-down-august-27-6pm-et,UP,73321832112128753462240343031591674546766458753503906982235246998043524582875,1756248543,2025-08-26 22:49:03,0.5
bitcoin-up-or-down-august-27-6pm-et,UP,73321832112128753462240343031591674546766458753503906982235246998043524582875,1756248613,2025-08-26 22:50:13,0.5
bitcoin-up-or-down-august-27-6pm-et,UP,73321832112128753462240343031591674546766458753503906982235246998043524582875,1756248663,2025-08-26 22:51:03,0.5
bitcoin-up-or-down-august-27-6pm-et,UP,73321832112128753462240343031591674546766458753503906982235246998043524582875,1756248723,2025-08-26 22:52:03,0.5
bitcoin-up-or-down-august-27-6pm-et,UP,73321832112128753462240343031591674546766458753503906982235246998043524582875,1756248783,2025-08-26 22:53:03,0.5
bitcoin-up-or-down-august-27-6pm-et,UP,73321832112128753462240343031591674546766458753503906982235246998043524582875,1756248842,2025-08-26 22:54:02,0.5
bitcoin-up-or-down-august-27-6pm-et,UP,73321832112128753462240343031591674546766458753503906982235246998043524582875,1756248909,2025-08-26 22:55:09,0.5
bitcoin-up-or-down-august-27-6pm-et,UP,73321832112128753462240343031591674546766458753503906982235246998043524582875,1756248964,2025-08-26 22:56:04,0.5
bitcoin-up-or-down-august-27-6pm-et,UP,73321832112128753462240343031591674546766458753503906982235246998043524582875,1756249022,2025-08-26 22:57:02,0.5
bitcoin-up-or-down-august-27-6pm-et,UP,73321832112128753462240343031591674546766458753503906982235246998043524582875,1756249082,2025-08-26 22:58:02,0.5
bitcoin-up-or-down-august-27-6pm-et,UP,73321832112128753462240343031591674546766458753503906982235246998043524582875,1756249144,2025-08-26 22:59:04,0.5
bitcoin-up-or-down-august-27-6pm-et,UP,73321832112128753462240343031591674546766458753503906982235246998043524582875,1756249203,2025-08-26 23:00:03,0.5
bitcoin-up-or-down-august-27-6pm-et,UP,73321832112128753462240343031591674546766458753503906982235246998043524582875,1756249263,2025-08-26 23:01:03,0.5
bitcoin-up-or-down-august-27-6pm-et,UP,73321832112128753462240343031591674546766458753503906982235246998043524582875,1756249322,2025-08-26 23:02:02,0.5
bitcoin-up-or-down-august-27-6pm-et,UP,73321832112128753462240343031591674546766458753503906982235246998043524582875,1756249383,2025-08-26 23:03:03,0.5
bitcoin-up-or-down-august-27-6pm-et,UP,73321832112128753462240343031591674546766458753503906982235246998043524582875,1756249442,2025-08-26 23:04:02,0.5
bitcoin-up-or-down-august-27-6pm-et,UP,73321832112128753462240343031591674546766458753503906982235246998043524582875,1756249503,2025-08-26 23:05:03,0.5
bitcoin-up-or-down-august-27-6pm-et,UP,73321832112128753462240343031591674546766458753503906982235246998043524582875,1756249562,2025-08-26 23:06:02,0.5
bitcoin-up-or-down-august-27-6pm-et,UP,73321832112128753462240343031591674546766458753503906982235246998043524582875,1756249622,2025-08-26 23:07:02,0.5
bitcoin-up-or-down-august-27-6pm-et,UP,73321832112128753462240343031591674546766458753503906982235246998043524582875,1756249682,2025-08-26 23:08:02,0.5
bitcoin-up-or-down-august-27-6pm-et,UP,73321832112128753462240343031591674546766458753503906982235246998043524582875,1756249743,2025-08-26 23:09:03,0.5
bitcoin-up-or-down-august-27-6pm-et,UP,73321832112128753462240343031591674546766458753503906982235246998043524582875,1756249803,2025-08-26 23:10:03,0.5
bitcoin-up-or-down-august-27-6pm-et,UP,73321832112128753462240343031591674546766458753503906982235246998043524582875,1756249863,2025-08-26 23:11:03,0.5
bitcoin-up-or-down-august-27-6pm-et,UP,73321832112128753462240343031591674546766458753503906982235246998043524582875,1756249922,2025-08-26 23:12:02,0.5
bitcoin-up-or-down-august-27-6pm-et,UP,73321832112128753462240343031591674546766458753503906982235246998043524582875,1756249983,2025-08-26 23:13:03,0.5
bitcoin-up-or-down-august-27-6pm-et,UP,73321832112128753462240343031591674546766458753503906982235246998043524582875,1756250043,2025-08-26 23:14:03,0.5
bitcoin-up-or-down-august-27-6pm-et,UP,73321832112128753462240343031591674546766458753503906982235246998043524582875,1756250104,2025-08-26 23:15:04,0.5
bitcoin-up-or-down-august-27-6pm-et,UP,73321832112128753462240343031591674546766458753503906982235246998043524582875,1756250162,2025-08-26 23:16:02,0.5
bitcoin-up-or-down-august-27-6pm-et,UP,73321832112128753462240343031591674546766458753503906982235246998043524582875,1756250222,2025-08-26 23:17:02,0.5
bitcoin-up-or-down-august-27-6pm-et,UP,73321832112128753462240343031591674546766458753503906982235246998043524582875,1756250282,2025-08-26 23:18:02,0.5
bitcoin-up-or-down-august-27-6pm-et,UP,73321832112128753462240343031591674546766458753503906982235246998043524582875,1756250343,2025-08-26 23:19:03,0.5
bitcoin-up-or-down-august-27-6pm-et,UP,73321832112128753462240343031591674546766458753503906982235246998043524582875,1756250414,2025-08-26 23:20:14,0.5
bitcoin-up-or-down-august-27-6pm-et,UP,73321832112128753462240343031591674546766458753503906982235246998043524582875,1756250463,2025-08-26 23:21:03,0.5
bitcoin-up-or-down-august-27-6pm-et,UP,73321832112128753462240343031591674546766458753503906982235246998043524582875,1756250523,2025-08-26 23:22:03,0.5
bitcoin-up-or-down-august-27-6pm-et,UP,73321832112128753462240343031591674546766458753503906982235246998043524582875,1756250582,2025-08-26 23:23:02,0.5
bitcoin-up-or-down-august-27-6pm-et,UP,73321832112128753462240343031591674546766458753503906982235246998043524582875,1756250644,2025-08-26 23:24:04,0.5
bitcoin-up-or-down-august-27-6pm-et,UP,73321832112128753462240343031591674546766458753503906982235246998043524582875,1756250704,2025-08-26 23:25:04,0.5
bitcoin-up-or-down-august-27-6pm-et,UP,73321832112128753462240343031591674546766458753503906982235246998043524582875,1756250762,2025-08-26 23:26:02,0.5
bitcoin-up-or-down-august-27-6pm-et,UP,73321832112128753462240343031591674546766458753503906982235246998043524582875,1756250822,2025-08-26 23:27:02,0.5
bitcoin-up-or-down-august-27-6pm-et,UP,73321832112128753462240343031591674546766458753503906982235246998043524582875,1756250882,2025-08-26 23:28:02,0.5
bitcoin-up-or-down-august-27-6pm-et,UP,73321832112128753462240343031591674546766458753503906982235246998043524582875,1756250944,2025-08-26 23:29:04,0.5
bitcoin-up-or-down-august-27-6pm-et,UP,73321832112128753462240343031591674546766458753503906982235246998043524582875,1756251015,2025-08-26 23:30:15,0.5
bitcoin-up-or-down-august-27-6pm-et,UP,73321832112128753462240343031591674546766458753503906982235246998043524582875,1756251062,2025-08-26 23:31:02,0.5
bitcoin-up-or-down-august-27-6pm-et,UP,73321832112128753462240343031591674546766458753503906982235246998043524582875,1756251124,2025-08-26 23:32:04,0.5
bitcoin-up-or-down-august-27-6pm-et,UP,73321832112128753462240343031591674546766458753503906982235246998043524582875,1756251182,2025-08-26 23:33:02,0.5
bitcoin-up-or-down-august-27-6pm-et,UP,73321832112128753462240343031591674546766458753503906982235246998043524582875,1756251243,2025-08-26 23:34:03,0.5
bitcoin-up-or-down-august-27-6pm-et,UP,73321832112128753462240343031591674546766458753503906982235246998043524582875,1756251304,2025-08-26 23:35:04,0.5
bitcoin-up-or-down-august-27-6pm-et,UP,73321832112128753462240343031591674546766458753503906982235246998043524582875,1756251362,2025-08-26 23:36:02,0.5
bitcoin-up-or-down-august-27-6pm-et,UP,73321832112128753462240343031591674546766458753503906982235246998043524582875,1756251423,2025-08-26 23:37:03,0.5
bitcoin-up-or-down-august-27-6pm-et,UP,73321832112128753462240343031591674546766458753503906982235246998043524582875,1756251483,2025-08-26 23:38:03,0.5
bitcoin-up-or-down-august-27-6pm-et,UP,73321832112128753462240343031591674546766458753503906982235246998043524582875,1756251542,2025-08-26 23:39:02,0.5
bitcoin-up-or-down-august-27-6pm-et,UP,73321832112128753462240343031591674546766458753503906982235246998043524582875,1756251636,2025-08-26 23:40:36,0.5
bitcoin-up-or-down-august-27-6pm-et,UP,73321832112128753462240343031591674546766458753503906982235246998043524582875,1756251663,2025-08-26 23:41:03,0.5
bitcoin-up-or-down-august-27-6pm-et,UP,73321832112128753462240343031591674546766458753503906982235246998043524582875,1756251724,2025-08-26 23:42:04,0.5
bitcoin-up-or-down-august-27-6pm-et,UP,73321832112128753462240343031591674546766458753503906982235246998043524582875,1756251783,2025-08-26 23:43:03,0.5
bitcoin-up-or-down-august-27-6pm-et,UP,73321832112128753462240343031591674546766458753503906982235246998043524582875,1756251843,2025-08-26 23:44:03,0.5
bitcoin-up-or-down-august-27-6pm-et,UP,73321832112128753462240343031591674546766458753503906982235246998043524582875,1756251909,2025-08-26 23:45:09,0.5
bitcoin-up-or-down-august-27-6pm-et,UP,73321832112128753462240343031591674546766458753503906982235246998043524582875,1756251963,2025-08-26 23:46:03,0.5
bitcoin-up-or-down-august-27-6pm-et,UP,73321832112128753462240343031591674546766458753503906982235246998043524582875,1756252023,2025-08-26 23:47:03,0.5
bitcoin-up-or-down-august-27-6pm-et,UP,73321832112128753462240343031591674546766458753503906982235246998043524582875,1756252083,2025-08-26 23:48:03,0.5
bitcoin-up-or-down-august-27-6pm-et,UP,73321832112128753462240343031591674546766458753503906982235246998043524582875,1756252143,2025-08-26 23:49:03,0.5
bitcoin-up-or-down-august-27-6pm-et,UP,73321832112128753462240343031591674546766458753503906982235246998043524582875,1756252203,2025-08-26 23:50:03,0.5
bitcoin-up-or-down-august-27-6pm-et,UP,73321832112128753462240343031591674546766458753503906982235246998043524582875,1756252263,2025-08-26 23:51:03,0.5
bitcoin-up-or-down-august-27-6pm-et,UP,73321832112128753462240343031591674546766458753503906982235246998043524582875,1756252324,2025-08-26 23:52:04,0.5
bitcoin-up-or-down-august-27-6pm-et,UP,73321832112128753462240343031591674546766458753503906982235246998043524582875,1756252382,2025-08-26 23:53:02,0.5
bitcoin-up-or-down-august-27-6pm-et,UP,73321832112128753462240343031591674546766458753503906982235246998043524582875,1756252443,2025-08-26 23:54:03,0.5
bitcoin-up-or-down-august-27-6pm-et,UP,73321832112128753462240343031591674546766458753503906982235246998043524582875,1756252515,2025-08-26 23:55:15,0.5
bitcoin-up-or-down-august-27-6pm-et,UP,73321832112128753462240343031591674546766458753503906982235246998043524582875,1756252563,2025-08-26 23:56:03,0.5
bitcoin-up-or-down-august-27-6pm-et,UP,73321832112128753462240343031591674546766458753503906982235246998043524582875,1756252622,2025-08-26 23:57:02,0.5
bitcoin-up-or-down-august-27-6pm-et,UP,73321832112128753462240343031591674546766458753503906982235246998043524582875,1756252683,2025-08-26 23:58:03,0.5
bitcoin-up-or-down-august-27-6pm-et,UP,73321832112128753462240343031591674546766458753503906982235246998043524582875,1756252744,2025-08-26 23:59:04,0.5
bitcoin-up-or-down-august-27-6pm-et,UP,73321832112128753462240343031591674546766458753503906982235246998043524582875,1756252807,2025-08-27 00:00:07,0.5
bitcoin-up-or-down-august-27-6pm-et,UP,73321832112128753462240343031591674546766458753503906982235246998043524582875,1756252862,2025-08-27 00:01:02,0.5
bitcoin-up-or-down-august-27-6pm-et,UP,73321832112128753462240343031591674546766458753503906982235246998043524582875,1756252923,2025-08-27 00:02:03,0.5
bitcoin-up-or-down-august-27-6pm-et,UP,73321832112128753462240343031591674546766458753503906982235246998043524582875,1756252982,2025-08-27 00:03:02,0.5
bitcoin-up-or-down-august-27-6pm-et,UP,73321832112128753462240343031591674546766458753503906982235246998043524582875,1756253043,2025-08-27 00:04:03,0.5
bitcoin-up-or-down-august-27-6pm-et,UP,73321832112128753462240343031591674546766458753503906982235246998043524582875,1756253107,2025-08-27 00:05:07,0.5
bitcoin-up-or-down-august-27-6pm-et,UP,73321832112128753462240343031591674546766458753503906982235246998043524582875,1756253162,2025-08-27 00:06:02,0.5
bitcoin-up-or-down-august-27-6pm-et,UP,73321832112128753462240343031591674546766458753503906982235246998043524582875,1756253223,2025-08-27 00:07:03,0.5
bitcoin-up-or-down-august-27-6pm-et,UP,73321832112128753462240343031591674546766458753503906982235246998043524582875,1756253283,2025-08-27 00:08:03,0.5
bitcoin-up-or-down-august-27-6pm-et,UP,73321832112128753462240343031591674546766458753503906982235246998043524582875,1756253342,2025-08-27 00:09:02,0.5
bitcoin-up-or-down-august-27-6pm-et,UP,73321832112128753462240343031591674546766458753503906982235246998043524582875,1756253404,2025-08-27 00:10:04,0.5
bitcoin-up-or-down-august-27-6pm-et,UP,73321832112128753462240343031591674546766458753503906982235246998043524582875,1756253463,2025-08-27 00:11:03,0.5
bitcoin-up-or-down-august-27-6pm-et,UP,73321832112128753462240343031591674546766458753503906982235246998043524582875,1756253522,2025-08-27 00:12:02,0.5
bitcoin-up-or-down-august-27-6pm-et,UP,73321832112128753462240343031591674546766458753503906982235246998043524582875,1756253582,2025-08-27 00:13:02,0.5
bitcoin-up-or-down-august-27-6pm-et,UP,73321832112128753462240343031591674546766458753503906982235246998043524582875,1756253643,2025-08-27 00:14:03,0.5
bitcoin-up-or-down-august-27-6pm-et,UP,73321832112128753462240343031591674546766458753503906982235246998043524582875,1756253702,2025-08-27 00:15:02,0.5
bitcoin-up-or-down-august-27-6pm-et,UP,73321832112128753462240343031591674546766458753503906982235246998043524582875,1756253762,2025-08-27 00:16:02,0.5
bitcoin-up-or-down-august-27-6pm-et,UP,73321832112128753462240343031591674546766458753503906982235246998043524582875,1756253823,2025-08-27 00:17:03,0.5
bitcoin-up-or-down-august-27-6pm-et,UP,73321832112128753462240343031591674546766458753503906982235246998043524582875,1756253882,2025-08-27 00:18:02,0.5
bitcoin-up-or-down-august-27-6pm-et,UP,73321832112128753462240343031591674546766458753503906982235246998043524582875,1756253943,2025-08-27 00:19:03,0.5
bitcoin-up-or-down-august-27-6pm-et,UP,73321832112128753462240343031591674546766458753503906982235246998043524582875,1756254004,2025-08-27 00:20:04,0.5
bitcoin-up-or-down-august-27-6pm-et,UP,73321832112128753462240343031591674546766458753503906982235246998043524582875,1756254064,2025-08-27 00:21:04,0.5
bitcoin-up-or-down-august-27-6pm-et,UP,73321832112128753462240343031591674546766458753503906982235246998043524582875,1756254123,2025-08-27 00:22:03,0.5
bitcoin-up-or-down-august-27-6pm-et,UP,73321832112128753462240343031591674546766458753503906982235246998043524582875,1756254182,2025-08-27 00:23:02,0.5
bitcoin-up-or-down-august-27-6pm-et,UP,73321832112128753462240343031591674546766458753503906982235246998043524582875,1756254243,2025-08-27 00:24:03,0.5
bitcoin-up-or-down-august-27-6pm-et,UP,73321832112128753462240343031591674546766458753503906982235246998043524582875,1756254303,2025-08-27 00:25:03,0.5
bitcoin-up-or-down-august-27-6pm-et,UP,73321832112128753462240343031591674546766458753503906982235246998043524582875,1756254363,2025-08-27 00:26:03,0.5
bitcoin-up-or-down-august-27-6pm-et,UP,73321832112128753462240343031591674546766458753503906982235246998043524582875,1756254422,2025-08-27 00:27:02,0.5
bitcoin-up-or-down-august-27-6pm-et,UP,73321832112128753462240343031591674546766458753503906982235246998043524582875,1756254483,2025-08-27 00:28:03,0.5
bitcoin-up-or-down-august-27-6pm-et,UP,73321832112128753462240343031591674546766458753503906982235246998043524582875,1756254543,2025-08-27 00:29:03,0.5
bitcoin-up-or-down-august-27-6pm-et,UP,73321832112128753462240343031591674546766458753503906982235246998043524582875,1756254602,2025-08-27 00:30:02,0.5
bitcoin-up-or-down-august-27-6pm-et,UP,73321832112128753462240343031591674546766458753503906982235246998043524582875,1756254663,2025-08-27 00:31:03,0.5
bitcoin-up-or-down-august-27-6pm-et,UP,73321832112128753462240343031591674546766458753503906982235246998043524582875,1756254723,2025-08-27 00:32:03,0.5
bitcoin-up-or-down-august-27-6pm-et,UP,73321832112128753462240343031591674546766458753503906982235246998043524582875,1756254784,2025-08-27 00:33:04,0.5
bitcoin-up-or-down-august-27-6pm-et,UP,73321832112128753462240343031591674546766458753503906982235246998043524582875,1756254842,2025-08-27 00:34:02,0.5
bitcoin-up-or-down-august-27-6pm-et,UP,73321832112128753462240343031591674546766458753503906982235246998043524582875,1756254903,2025-08-27 00:35:03,0.5
bitcoin-up-or-down-august-27-6pm-et,UP,73321832112128753462240343031591674546766458753503906982235246998043524582875,1756254963,2025-08-27 00:36:03,0.5
bitcoin-up-or-down-august-27-6pm-et,UP,73321832112128753462240343031591674546766458753503906982235246998043524582875,1756255024,2025-08-27 00:37:04,0.5
bitcoin-up-or-down-august-27-6pm-et,UP,73321832112128753462240343031591674546766458753503906982235246998043524582875,1756255082,2025-08-27 00:38:02,0.5
bitcoin-up-or-down-august-27-6pm-et,UP,73321832112128753462240343031591674546766458753503906982235246998043524582875,1756255144,2025-08-27 00:39:04,0.5
bitcoin-up-or-down-august-27-6pm-et,UP,73321832112128753462240343031591674546766458753503906982235246998043524582875,1756255203,2025-08-27 00:40:03,0.5
bitcoin-up-or-down-august-27-6pm-et,UP,73321832112128753462240343031591674546766458753503906982235246998043524582875,1756255262,2025-08-27 00:41:02,0.5
bitcoin-up-or-down-august-27-6pm-et,UP,73321832112128753462240343031591674546766458753503906982235246998043524582875,1756255323,2025-08-27 00:42:03,0.5
bitcoin-up-or-down-august-27-6pm-et,UP,73321832112128753462240343031591674546766458753503906982235246998043524582875,1756255383,2025-08-27 00:43:03,0.5
bitcoin-up-or-down-august-27-6pm-et,UP,73321832112128753462240343031591674546766458753503906982235246998043524582875,1756255443,2025-08-27 00:44:03,0.5
bitcoin-up-or-down-august-27-6pm-et,UP,73321832112128753462240343031591674546766458753503906982235246998043524582875,1756255507,2025-08-27 00:45:07,0.5
bitcoin-up-or-down-august-27-6pm-et,UP,73321832112128753462240343031591674546766458753503906982235246998043524582875,1756255563,2025-08-27 00:46:03,0.5
bitcoin-up-or-down-august-27-6pm-et,UP,73321832112128753462240343031591674546766458753503906982235246998043524582875,1756255623,2025-08-27 00:47:03,0.5
bitcoin-up-or-down-august-27-6pm-et,UP,73321832112128753462240343031591674546766458753503906982235246998043524582875,1756255682,2025-08-27 00:48:02,0.5
bitcoin-up-or-down-august-27-6pm-et,UP,73321832112128753462240343031591674546766458753503906982235246998043524582875,1756255742,2025-08-27 00:49:02,0.5
bitcoin-up-or-down-august-27-6pm-et,UP,73321832112128753462240343031591674546766458753503906982235246998043524582875,1756255805,2025-08-27 00:50:05,0.5
bitcoin-up-or-down-august-27-6pm-et,UP,73321832112128753462240343031591674546766458753503906982235246998043524582875,1756255864,2025-08-27 00:51:04,0.5
bitcoin-up-or-down-august-27-6pm-et,UP,73321832112128753462240343031591674546766458753503906982235246998043524582875,1756255922,2025-08-27 00:52:02,0.5
bitcoin-up-or-down-august-27-6pm-et,UP,73321832112128753462240343031591674546766458753503906982235246998043524582875,1756255983,2025-08-27 00:53:03,0.5
bitcoin-up-or-down-august-27-6pm-et,UP,73321832112128753462240343031591674546766458753503906982235246998043524582875,1756256042,2025-08-27 00:54:02,0.5
bitcoin-up-or-down-august-27-6pm-et,UP,73321832112128753462240343031591674546766458753503906982235246998043524582875,1756256102,2025-08-27 00:55:02,0.5
bitcoin-up-or-down-august-27-6pm-et,UP,73321832112128753462240343031591674546766458753503906982235246998043524582875,1756256162,2025-08-27 00:56:02,0.5
bitcoin-up-or-down-august-27-6pm-et,UP,73321832112128753462240343031591674546766458753503906982235246998043524582875,1756256222,2025-08-27 00:57:02,0.5
bitcoin-up-or-down-august-27-6pm-et,UP,73321832112128753462240343031591674546766458753503906982235246998043524582875,1756256284,2025-08-27 00:58:04,0.5
bitcoin-up-or-down-august-27-6pm-et,UP,73321832112128753462240343031591674546766458753503906982235246998043524582875,1756256342,2025-08-27 00:59:02,0.5
bitcoin-up-or-down-august-27-6pm-et,UP,73321832112128753462240343031591674546766458753503906982235246998043524582875,1756256409,2025-08-27 01:00:09,0.5
bitcoin-up-or-down-august-27-6pm-et,UP,73321832112128753462240343031591674546766458753503906982235246998043524582875,1756256463,2025-08-27 01:01:03,0.5
bitcoin-up-or-down-august-27-6pm-et,UP,73321832112128753462240343031591674546766458753503906982235246998043524582875,1756256523,2025-08-27 01:02:03,0.5
bitcoin-up-or-down-august-27-6pm-et,UP,73321832112128753462240343031591674546766458753503906982235246998043524582875,1756256583,2025-08-27 01:03:03,0.5
bitcoin-up-or-down-august-27-6pm-et,UP,73321832112128753462240343031591674546766458753503906982235246998043524582875,1756256643,2025-08-27 01:04:03,0.5
bitcoin-up-or-down-august-27-6pm-et,UP,73321832112128753462240343031591674546766458753503906982235246998043524582875,1756256705,2025-08-27 01:05:05,0.5
bitcoin-up-or-down-august-27-6pm-et,UP,73321832112128753462240343031591674546766458753503906982235246998043524582875,1756256763,2025-08-27 01:06:03,0.5
bitcoin-up-or-down-august-27-6pm-et,UP,73321832112128753462240343031591674546766458753503906982235246998043524582875,1756256822,2025-08-27 01:07:02,0.5
bitcoin-up-or-down-august-27-6pm-et,UP,73321832112128753462240343031591674546766458753503906982235246998043524582875,1756256882,2025-08-27 01:08:02,0.5
bitcoin-up-or-down-august-27-6pm-et,UP,73321832112128753462240343031591674546766458753503906982235246998043524582875,1756256944,2025-08-27 01:09:04,0.5
bitcoin-up-or-down-august-27-6pm-et,UP,73321832112128753462240343031591674546766458753503906982235246998043524582875,1756257003,2025-08-27 01:10:03,0.5
bitcoin-up-or-down-august-27-6pm-et,UP,73321832112128753462240343031591674546766458753503906982235246998043524582875,1756257063,2025-08-27 01:11:03,0.5
bitcoin-up-or-down-august-27-6pm-et,UP,73321832112128753462240343031591674546766458753503906982235246998043524582875,1756257122,2025-08-27 01:12:02,0.5
bitcoin-up-or-down-august-27-6pm-et,UP,73321832112128753462240343031591674546766458753503906982235246998043524582875,1756257183,2025-08-27 01:13:03,0.5
bitcoin-up-or-down-august-27-6pm-et,UP,73321832112128753462240343031591674546766458753503906982235246998043524582875,1756257243,2025-08-27 01:14:03,0.5
bitcoin-up-or-down-august-27-6pm-et,UP,73321832112128753462240343031591674546766458753503906982235246998043524582875,1756257307,2025-08-27 01:15:07,0.5
bitcoin-up-or-down-august-27-6pm-et,UP,73321832112128753462240343031591674546766458753503906982235246998043524582875,1756257363,2025-08-27 01:16:03,0.5
bitcoin-up-or-down-august-27-6pm-et,UP,73321832112128753462240343031591674546766458753503906982235246998043524582875,1756257422,2025-08-27 01:17:02,0.5
bitcoin-up-or-down-august-27-6pm-et,UP,73321832112128753462240343031591674546766458753503906982235246998043524582875,1756257483,2025-08-27 01:18:03,0.5
bitcoin-up-or-down-august-27-6pm-et,UP,73321832112128753462240343031591674546766458753503906982235246998043524582875,1756257543,2025-08-27 01:19:03,0.5
bitcoin-up-or-down-august-27-6pm-et,UP,73321832112128753462240343031591674546766458753503906982235246998043524582875,1756257604,2025-08-27 01:20:04,0.5
bitcoin-up-or-down-august-27-6pm-et,UP,73321832112128753462240343031591674546766458753503906982235246998043524582875,1756257662,2025-08-27 01:21:02,0.5
bitcoin-up-or-down-august-27-6pm-et,UP,73321832112128753462240343031591674546766458753503906982235246998043524582875,1756257722,2025-08-27 01:22:02,0.5
bitcoin-up-or-down-august-27-6pm-et,UP,73321832112128753462240343031591674546766458753503906982235246998043524582875,1756257782,2025-08-27 01:23:02,0.5
bitcoin-up-or-down-august-27-6pm-et,UP,73321832112128753462240343031591674546766458753503906982235246998043524582875,1756257843,2025-08-27 01:24:03,0.5
bitcoin-up-or-down-august-27-6pm-et,UP,73321832112128753462240343031591674546766458753503906982235246998043524582875,1756257903,2025-08-27 01:25:03,0.5
bitcoin-up-or-down-august-27-6pm-et,UP,73321832112128753462240343031591674546766458753503906982235246998043524582875,1756257963,2025-08-27 01:26:03,0.5
bitcoin-up-or-down-august-27-6pm-et,UP,73321832112128753462240343031591674546766458753503906982235246998043524582875,1756258023,2025-08-27 01:27:03,0.5
bitcoin-up-or-down-august-27-6pm-et,UP,73321832112128753462240343031591674546766458753503906982235246998043524582875,1756258082,2025-08-27 01:28:02,0.5
bitcoin-up-or-down-august-27-6pm-et,UP,73321832112128753462240343031591674546766458753503906982235246998043524582875,1756258143,2025-08-27 01:29:03,0.5
bitcoin-up-or-down-august-27-6pm-et,UP,73321832112128753462240343031591674546766458753503906982235246998043524582875,1756258205,2025-08-27 01:30:05,0.5
bitcoin-up-or-down-august-27-6pm-et,UP,73321832112128753462240343031591674546766458753503906982235246998043524582875,1756258262,2025-08-27 01:31:02,0.5
bitcoin-up-or-down-august-27-6pm-et,UP,73321832112128753462240343031591674546766458753503906982235246998043524582875,1756258323,2025-08-27 01:32:03,0.5
bitcoin-up-or-down-august-27-6pm-et,UP,73321832112128753462240343031591674546766458753503906982235246998043524582875,1756258382,2025-08-27 01:33:02,0.5
bitcoin-up-or-down-august-27-6pm-et,UP,73321832112128753462240343031591674546766458753503906982235246998043524582875,1756258443,2025-08-27 01:34:03,0.5
bitcoin-up-or-down-august-27-6pm-et,UP,73321832112128753462240343031591674546766458753503906982235246998043524582875,1756258506,2025-08-27 01:35:06,0.5
bitcoin-up-or-down-august-27-6pm-et,UP,73321832112128753462240343031591674546766458753503906982235246998043524582875,1756258563,2025-08-27 01:36:03,0.5
bitcoin-up-or-down-august-27-6pm-et,UP,73321832112128753462240343031591674546766458753503906982235246998043524582875,1756258622,2025-08-27 01:37:02,0.5
bitcoin-up-or-down-august-27-6pm-et,UP,73321832112128753462240343031591674546766458753503906982235246998043524582875,1756258683,2025-08-27 01:38:03,0.5
bitcoin-up-or-down-august-27-6pm-et,UP,73321832112128753462240343031591674546766458753503906982235246998043524582875,1756258743,2025-08-27 01:39:03,0.5
bitcoin-up-or-down-august-27-6pm-et,UP,73321832112128753462240343031591674546766458753503906982235246998043524582875,1756258803,2025-08-27 01:40:03,0.5
bitcoin-up-or-down-august-27-6pm-et,UP,73321832112128753462240343031591674546766458753503906982235246998043524582875,1756258862,2025-08-27 01:41:02,0.5
bitcoin-up-or-down-august-27-6pm-et,UP,73321832112128753462240343031591674546766458753503906982235246998043524582875,1756258922,2025-08-27 01:42:02,0.5
bitcoin-up-or-down-august-27-6pm-et,UP,73321832112128753462240343031591674546766458753503906982235246998043524582875,1756258984,2025-08-27 01:43:04,0.5
bitcoin-up-or-down-august-27-6pm-et,UP,73321832112128753462240343031591674546766458753503906982235246998043524582875,1756259042,2025-08-27 01:44:02,0.5
bitcoin-up-or-down-august-27-6pm-et,UP,73321832112128753462240343031591674546766458753503906982235246998043524582875,1756259104,2025-08-27 01:45:04,0.5
bitcoin-up-or-down-august-27-6pm-et,UP,73321832112128753462240343031591674546766458753503906982235246998043524582875,1756259162,2025-08-27 01:46:02,0.5
bitcoin-up-or-down-august-27-6pm-et,UP,73321832112128753462240343031591674546766458753503906982235246998043524582875,1756259223,2025-08-27 01:47:03,0.5
bitcoin-up-or-down-august-27-6pm-et,UP,73321832112128753462240343031591674546766458753503906982235246998043524582875,1756259283,2025-08-27 01:48:03,0.5
bitcoin-up-or-down-august-27-6pm-et,UP,73321832112128753462240343031591674546766458753503906982235246998043524582875,1756259342,2025-08-27 01:49:02,0.5
bitcoin-up-or-down-august-27-6pm-et,UP,73321832112128753462240343031591674546766458753503906982235246998043524582875,1756259404,2025-08-27 01:50:04,0.5
bitcoin-up-or-down-august-27-6pm-et,UP,73321832112128753462240343031591674546766458753503906982235246998043524582875,1756259463,2025-08-27 01:51:03,0.5
bitcoin-up-or-down-august-27-6pm-et,UP,73321832112128753462240343031591674546766458753503906982235246998043524582875,1756259523,2025-08-27 01:52:03,0.5
bitcoin-up-or-down-august-27-6pm-et,UP,73321832112128753462240343031591674546766458753503906982235246998043524582875,1756259583,2025-08-27 01:53:03,0.5
bitcoin-up-or-down-august-27-6pm-et,UP,73321832112128753462240343031591674546766458753503906982235246998043524582875,1756259642,2025-08-27 01:54:02,0.5
bitcoin-up-or-down-august-27-6pm-et,UP,73321832112128753462240343031591674546766458753503906982235246998043524582875,1756259702,2025-08-27 01:55:02,0.5
bitcoin-up-or-down-august-27-6pm-et,UP,73321832112128753462240343031591674546766458753503906982235246998043524582875,1756259763,2025-08-27 01:56:03,0.5
bitcoin-up-or-down-august-27-6pm-et,UP,73321832112128753462240343031591674546766458753503906982235246998043524582875,1756259822,2025-08-27 01:57:02,0.5
bitcoin-up-or-down-august-27-6pm-et,UP,73321832112128753462240343031591674546766458753503906982235246998043524582875,1756259883,2025-08-27 01:58:03,0.5
bitcoin-up-or-down-august-27-6pm-et,UP,73321832112128753462240343031591674546766458753503906982235246998043524582875,1756259943,2025-08-27 01:59:03,0.5
bitcoin-up-or-down-august-27-6pm-et,UP,73321832112128753462240343031591674546766458753503906982235246998043524582875,1756260009,2025-08-27 02:00:09,0.5
bitcoin-up-or-down-august-27-6pm-et,UP,73321832112128753462240343031591674546766458753503906982235246998043524582875,1756260063,2025-08-27 02:01:03,0.5
bitcoin-up-or-down-august-27-6pm-et,UP,73321832112128753462240343031591674546766458753503906982235246998043524582875,1756260122,2025-08-27 02:02:02,0.5
bitcoin-up-or-down-august-27-6pm-et,UP,73321832112128753462240343031591674546766458753503906982235246998043524582875,1756260182,2025-08-27 02:03:02,0.5
bitcoin-up-or-down-august-27-6pm-et,UP,73321832112128753462240343031591674546766458753503906982235246998043524582875,1756260242,2025-08-27 02:04:02,0.5
bitcoin-up-or-down-august-27-6pm-et,UP,73321832112128753462240343031591674546766458753503906982235246998043524582875,1756260309,2025-08-27 02:05:09,0.5
bitcoin-up-or-down-august-27-6pm-et,UP,73321832112128753462240343031591674546766458753503906982235246998043524582875,1756260362,2025-08-27 02:06:02,0.5
bitcoin-up-or-down-august-27-6pm-et,UP,73321832112128753462240343031591674546766458753503906982235246998043524582875,1756260422,2025-08-27 02:07:02,0.5
bitcoin-up-or-down-august-27-6pm-et,UP,73321832112128753462240343031591674546766458753503906982235246998043524582875,1756260482,2025-08-27 02:08:02,0.5
bitcoin-up-or-down-august-27-6pm-et,UP,73321832112128753462240343031591674546766458753503906982235246998043524582875,1756260543,2025-08-27 02:09:03,0.5
bitcoin-up-or-down-august-27-6pm-et,UP,73321832112128753462240343031591674546766458753503906982235246998043524582875,1756260604,2025-08-27 02:10:04,0.5
bitcoin-up-or-down-august-27-6pm-et,UP,73321832112128753462240343031591674546766458753503906982235246998043524582875,1756260662,2025-08-27 02:11:02,0.5
bitcoin-up-or-down-august-27-6pm-et,UP,73321832112128753462240343031591674546766458753503906982235246998043524582875,1756260722,2025-08-27 02:12:02,0.5
bitcoin-up-or-down-august-27-6pm-et,UP,73321832112128753462240343031591674546766458753503906982235246998043524582875,1756260782,2025-08-27 02:13:02,0.5
bitcoin-up-or-down-august-27-6pm-et,UP,73321832112128753462240343031591674546766458753503906982235246998043524582875,1756260843,2025-08-27 02:14:03,0.5
bitcoin-up-or-down-august-27-6pm-et,UP,73321832112128753462240343031591674546766458753503906982235246998043524582875,1756260906,2025-08-27 02:15:06,0.5
bitcoin-up-or-down-august-27-6pm-et,UP,73321832112128753462240343031591674546766458753503906982235246998043524582875,1756260964,2025-08-27 02:16:04,0.5
bitcoin-up-or-down-august-27-6pm-et,UP,73321832112128753462240343031591674546766458753503906982235246998043524582875,1756261023,2025-08-27 02:17:03,0.5
bitcoin-up-or-down-august-27-6pm-et,UP,73321832112128753462240343031591674546766458753503906982235246998043524582875,1756261083,2025-08-27 02:18:03,0.5
bitcoin-up-or-down-august-27-6pm-et,UP,73321832112128753462240343031591674546766458753503906982235246998043524582875,1756261143,2025-08-27 02:19:03,0.5
bitcoin-up-or-down-august-27-6pm-et,UP,73321832112128753462240343031591674546766458753503906982235246998043524582875,1756261210,2025-08-27 02:20:10,0.5
bitcoin-up-or-down-august-27-6pm-et,UP,73321832112128753462240343031591674546766458753503906982235246998043524582875,1756261263,2025-08-27 02:21:03,0.5
bitcoin-up-or-down-august-27-6pm-et,UP,73321832112128753462240343031591674546766458753503906982235246998043524582875,1756261322,2025-08-27 02:22:02,0.5
bitcoin-up-or-down-august-27-6pm-et,UP,73321832112128753462240343031591674546766458753503906982235246998043524582875,1756261384,2025-08-27 02:23:04,0.5
bitcoin-up-or-down-august-27-6pm-et,UP,73321832112128753462240343031591674546766458753503906982235246998043524582875,1756261443,2025-08-27 02:24:03,0.5
bitcoin-up-or-down-august-27-6pm-et,UP,73321832112128753462240343031591674546766458753503906982235246998043524582875,1756261515,2025-08-27 02:25:15,0.5
bitcoin-up-or-down-august-27-6pm-et,UP,73321832112128753462240343031591674546766458753503906982235246998043524582875,1756261563,2025-08-27 02:26:03,0.5
bitcoin-up-or-down-august-27-6pm-et,UP,73321832112128753462240343031591674546766458753503906982235246998043524582875,1756261623,2025-08-27 02:27:03,0.5
bitcoin-up-or-down-august-27-6pm-et,UP,73321832112128753462240343031591674546766458753503906982235246998043524582875,1756261682,2025-08-27 02:28:02,0.5
bitcoin-up-or-down-august-27-6pm-et,UP,73321832112128753462240343031591674546766458753503906982235246998043524582875,1756261743,2025-08-27 02:29:03,0.5
bitcoin-up-or-down-august-27-6pm-et,UP,73321832112128753462240343031591674546766458753503906982235246998043524582875,1756261813,2025-08-27 02:30:13,0.5
bitcoin-up-or-down-august-27-6pm-et,UP,73321832112128753462240343031591674546766458753503906982235246998043524582875,1756261863,2025-08-27 02:31:03,0.5
bitcoin-up-or-down-august-27-6pm-et,UP,73321832112128753462240343031591674546766458753503906982235246998043524582875,1756261922,2025-08-27 02:32:02,0.5
bitcoin-up-or-down-august-27-6pm-et,UP,73321832112128753462240343031591674546766458753503906982235246998043524582875,1756261982,2025-08-27 02:33:02,0.5
bitcoin-up-or-down-august-27-6pm-et,UP,73321832112128753462240343031591674546766458753503906982235246998043524582875,1756262042,2025-08-27 02:34:02,0.5
bitcoin-up-or-down-august-27-6pm-et,UP,73321832112128753462240343031591674546766458753503906982235246998043524582875,1756262103,2025-08-27 02:35:03,0.5
bitcoin-up-or-down-august-27-6pm-et,UP,73321832112128753462240343031591674546766458753503906982235246998043524582875,1756262165,2025-08-27 02:36:05,0.5
bitcoin-up-or-down-august-27-6pm-et,UP,73321832112128753462240343031591674546766458753503906982235246998043524582875,1756262222,2025-08-27 02:37:02,0.5
bitcoin-up-or-down-august-27-6pm-et,UP,73321832112128753462240343031591674546766458753503906982235246998043524582875,1756262283,2025-08-27 02:38:03,0.5
bitcoin-up-or-down-august-27-6pm-et,UP,73321832112128753462240343031591674546766458753503906982235246998043524582875,1756262343,2025-08-27 02:39:03,0.5
bitcoin-up-or-down-august-27-6pm-et,UP,73321832112128753462240343031591674546766458753503906982235246998043524582875,1756262402,2025-08-27 02:40:02,0.5
bitcoin-up-or-down-august-27-6pm-et,UP,73321832112128753462240343031591674546766458753503906982235246998043524582875,1756262462,2025-08-27 02:41:02,0.5
bitcoin-up-or-down-august-27-6pm-et,UP,73321832112128753462240343031591674546766458753503906982235246998043524582875,1756262523,2025-08-27 02:42:03,0.5
bitcoin-up-or-down-august-27-6pm-et,UP,73321832112128753462240343031591674546766458753503906982235246998043524582875,1756262583,2025-08-27 02:43:03,0.5
bitcoin-up-or-down-august-27-6pm-et,UP,73321832112128753462240343031591674546766458753503906982235246998043524582875,1756262642,2025-08-27 02:44:02,0.5
bitcoin-up-or-down-august-27-6pm-et,UP,73321832112128753462240343031591674546766458753503906982235246998043524582875,1756262709,2025-08-27 02:45:09,0.5
bitcoin-up-or-down-august-27-6pm-et,UP,73321832112128753462240343031591674546766458753503906982235246998043524582875,1756262762,2025-08-27 02:46:02,0.5
bitcoin-up-or-down-august-27-6pm-et,UP,73321832112128753462240343031591674546766458753503906982235246998043524582875,1756262823,2025-08-27 02:47:03,0.5
bitcoin-up-or-down-august-27-6pm-et,UP,73321832112128753462240343031591674546766458753503906982235246998043524582875,1756262883,2025-08-27 02:48:03,0.5
bitcoin-up-or-down-august-27-6pm-et,UP,73321832112128753462240343031591674546766458753503906982235246998043524582875,1756262944,2025-08-27 02:49:04,0.5
bitcoin-up-or-down-august-27-6pm-et,UP,73321832112128753462240343031591674546766458753503906982235246998043524582875,1756263004,2025-08-27 02:50:04,0.5
bitcoin-up-or-down-august-27-6pm-et,UP,73321832112128753462240343031591674546766458753503906982235246998043524582875,1756263062,2025-08-27 02:51:02,0.5
bitcoin-up-or-down-august-27-6pm-et,UP,73321832112128753462240343031591674546766458753503906982235246998043524582875,1756263122,2025-08-27 02:52:02,0.5
bitcoin-up-or-down-august-27-6pm-et,UP,73321832112128753462240343031591674546766458753503906982235246998043524582875,1756263182,2025-08-27 02:53:02,0.5
bitcoin-up-or-down-august-27-6pm-et,UP,73321832112128753462240343031591674546766458753503906982235246998043524582875,1756263243,2025-08-27 02:54:03,0.5
bitcoin-up-or-down-august-27-6pm-et,UP,73321832112128753462240343031591674546766458753503906982235246998043524582875,1756263312,2025-08-27 02:55:12,0.5
bitcoin-up-or-down-august-27-6pm-et,UP,73321832112128753462240343031591674546766458753503906982235246998043524582875,1756263362,2025-08-27 02:56:02,0.5
bitcoin-up-or-down-august-27-6pm-et,UP,73321832112128753462240343031591674546766458753503906982235246998043524582875,1756263423,2025-08-27 02:57:03,0.5
bitcoin-up-or-down-august-27-6pm-et,UP,73321832112128753462240343031591674546766458753503906982235246998043524582875,1756263483,2025-08-27 02:58:03,0.5
bitcoin-up-or-down-august-27-6pm-et,UP,73321832112128753462240343031591674546766458753503906982235246998043524582875,1756263542,2025-08-27 02:59:02,0.5
bitcoin-up-or-down-august-27-6pm-et,UP,73321832112128753462240343031591674546766458753503906982235246998043524582875,1756263616,2025-08-27 03:00:16,0.5
bitcoin-up-or-down-august-27-6pm-et,UP,73321832112128753462240343031591674546766458753503906982235246998043524582875,1756263664,2025-08-27 03:01:04,0.5
bitcoin-up-or-down-august-27-6pm-et,UP,73321832112128753462240343031591674546766458753503906982235246998043524582875,1756263722,2025-08-27 03:02:02,0.5
bitcoin-up-or-down-august-27-6pm-et,UP,73321832112128753462240343031591674546766458753503906982235246998043524582875,1756263782,2025-08-27 03:03:02,0.5
bitcoin-up-or-down-august-27-6pm-et,UP,73321832112128753462240343031591674546766458753503906982235246998043524582875,1756263842,2025-08-27 03:04:02,0.5
bitcoin-up-or-down-august-27-6pm-et,UP,73321832112128753462240343031591674546766458753503906982235246998043524582875,1756263908,2025-08-27 03:05:08,0.5
bitcoin-up-or-down-august-27-6pm-et,UP,73321832112128753462240343031591674546766458753503906982235246998043524582875,1756263964,2025-08-27 03:06:04,0.5
bitcoin-up-or-down-august-27-6pm-et,UP,73321832112128753462240343031591674546766458753503906982235246998043524582875,1756264023,2025-08-27 03:07:03,0.5
bitcoin-up-or-down-august-27-6pm-et,UP,73321832112128753462240343031591674546766458753503906982235246998043524582875,1756264082,2025-08-27 03:08:02,0.5
bitcoin-up-or-down-august-27-6pm-et,UP,73321832112128753462240343031591674546766458753503906982235246998043524582875,1756264142,2025-08-27 03:09:02,0.5
bitcoin-up-or-down-august-27-6pm-et,UP,73321832112128753462240343031591674546766458753503906982235246998043524582875,1756264202,2025-08-27 03:10:02,0.5
bitcoin-up-or-down-august-27-6pm-et,UP,73321832112128753462240343031591674546766458753503906982235246998043524582875,1756264262,2025-08-27 03:11:02,0.5
bitcoin-up-or-down-august-27-6pm-et,UP,73321832112128753462240343031591674546766458753503906982235246998043524582875,1756264322,2025-08-27 03:12:02,0.5
bitcoin-up-or-down-august-27-6pm-et,UP,73321832112128753462240343031591674546766458753503906982235246998043524582875,1756264382,2025-08-27 03:13:02,0.5
bitcoin-up-or-down-august-27-6pm-et,UP,73321832112128753462240343031591674546766458753503906982235246998043524582875,1756264443,2025-08-27 03:14:03,0.5
bitcoin-up-or-down-august-27-6pm-et,UP,73321832112128753462240343031591674546766458753503906982235246998043524582875,1756264508,2025-08-27 03:15:08,0.5
bitcoin-up-or-down-august-27-6pm-et,UP,73321832112128753462240343031591674546766458753503906982235246998043524582875,1756264563,2025-08-27 03:16:03,0.5
bitcoin-up-or-down-august-27-6pm-et,UP,73321832112128753462240343031591674546766458753503906982235246998043524582875,1756264623,2025-08-27 03:17:03,0.5
bitcoin-up-or-down-august-27-6pm-et,UP,73321832112128753462240343031591674546766458753503906982235246998043524582875,1756264683,2025-08-27 03:18:03,0.5
bitcoin-up-or-down-august-27-6pm-et,UP,73321832112128753462240343031591674546766458753503906982235246998043524582875,1756264743,2025-08-27 03:19:03,0.5
bitcoin-up-or-down-august-27-6pm-et,UP,73321832112128753462240343031591674546766458753503906982235246998043524582875,1756264802,2025-08-27 03:20:02,0.5
bitcoin-up-or-down-august-27-6pm-et,UP,73321832112128753462240343031591674546766458753503906982235246998043524582875,1756264863,2025-08-27 03:21:03,0.5
bitcoin-up-or-down-august-27-6pm-et,UP,73321832112128753462240343031591674546766458753503906982235246998043524582875,1756264923,2025-08-27 03:22:03,0.5
bitcoin-up-or-down-august-27-6pm-et,UP,73321832112128753462240343031591674546766458753503906982235246998043524582875,1756264982,2025-08-27 03:23:02,0.5
bitcoin-up-or-down-august-27-6pm-et,UP,73321832112128753462240343031591674546766458753503906982235246998043524582875,1756265043,2025-08-27 03:24:03,0.5
bitcoin-up-or-down-august-27-6pm-et,UP,73321832112128753462240343031591674546766458753503906982235246998043524582875,1756265106,2025-08-27 03:25:06,0.5
bitcoin-up-or-down-august-27-6pm-et,UP,73321832112128753462240343031591674546766458753503906982235246998043524582875,1756265163,2025-08-27 03:26:03,0.5
bitcoin-up-or-down-august-27-6pm-et,UP,73321832112128753462240343031591674546766458753503906982235246998043524582875,1756265222,2025-08-27 03:27:02,0.5
bitcoin-up-or-down-august-27-6pm-et,UP,73321832112128753462240343031591674546766458753503906982235246998043524582875,1756265283,2025-08-27 03:28:03,0.5
bitcoin-up-or-down-august-27-6pm-et,UP,73321832112128753462240343031591674546766458753503906982235246998043524582875,1756265342,2025-08-27 03:29:02,0.5
bitcoin-up-or-down-august-27-6pm-et,UP,73321832112128753462240343031591674546766458753503906982235246998043524582875,1756265406,2025-08-27 03:30:06,0.5
bitcoin-up-or-down-august-27-6pm-et,UP,73321832112128753462240343031591674546766458753503906982235246998043524582875,1756265463,2025-08-27 03:31:03,0.5
bitcoin-up-or-down-august-27-6pm-et,UP,73321832112128753462240343031591674546766458753503906982235246998043524582875,1756265523,2025-08-27 03:32:03,0.5
bitcoin-up-or-down-august-27-6pm-et,UP,73321832112128753462240343031591674546766458753503906982235246998043524582875,1756265582,2025-08-27 03:33:02,0.5
bitcoin-up-or-down-august-27-6pm-et,UP,73321832112128753462240343031591674546766458753503906982235246998043524582875,1756265643,2025-08-27 03:34:03,0.5
bitcoin-up-or-down-august-27-6pm-et,UP,73321832112128753462240343031591674546766458753503906982235246998043524582875,1756265706,2025-08-27 03:35:06,0.5
bitcoin-up-or-down-august-27-6pm-et,UP,73321832112128753462240343031591674546766458753503906982235246998043524582875,1756265762,2025-08-27 03:36:02,0.5
bitcoin-up-or-down-august-27-6pm-et,UP,73321832112128753462240343031591674546766458753503906982235246998043524582875,1756265822,2025-08-27 03:37:02,0.5
bitcoin-up-or-down-august-27-6pm-et,UP,73321832112128753462240343031591674546766458753503906982235246998043524582875,1756265882,2025-08-27 03:38:02,0.5
bitcoin-up-or-down-august-27-6pm-et,UP,73321832112128753462240343031591674546766458753503906982235246998043524582875,1756265942,2025-08-27 03:39:02,0.5
bitcoin-up-or-down-august-27-6pm-et,UP,73321832112128753462240343031591674546766458753503906982235246998043524582875,1756266013,2025-08-27 03:40:13,0.5
bitcoin-up-or-down-august-27-6pm-et,UP,73321832112128753462240343031591674546766458753503906982235246998043524582875,1756266063,2025-08-27 03:41:03,0.5
bitcoin-up-or-down-august-27-6pm-et,UP,73321832112128753462240343031591674546766458753503906982235246998043524582875,1756266123,2025-08-27 03:42:03,0.5
bitcoin-up-or-down-august-27-6pm-et,UP,73321832112128753462240343031591674546766458753503906982235246998043524582875,1756266183,2025-08-27 03:43:03,0.5
bitcoin-up-or-down-august-27-6pm-et,UP,73321832112128753462240343031591674546766458753503906982235246998043524582875,1756266242,2025-08-27 03:44:02,0.5
bitcoin-up-or-down-august-27-6pm-et,UP,73321832112128753462240343031591674546766458753503906982235246998043524582875,1756266303,2025-08-27 03:45:03,0.5
bitcoin-up-or-down-august-27-6pm-et,UP,73321832112128753462240343031591674546766458753503906982235246998043524582875,1756266363,2025-08-27 03:46:03,0.5
bitcoin-up-or-down-august-27-6pm-et,UP,73321832112128753462240343031591674546766458753503906982235246998043524582875,1756266422,2025-08-27 03:47:02,0.5
bitcoin-up-or-down-august-27-6pm-et,UP,73321832112128753462240343031591674546766458753503906982235246998043524582875,1756266483,2025-08-27 03:48:03,0.5
bitcoin-up-or-down-august-27-6pm-et,UP,73321832112128753462240343031591674546766458753503906982235246998043524582875,1756266542,2025-08-27 03:49:02,0.5
bitcoin-up-or-down-august-27-6pm-et,UP,73321832112128753462240343031591674546766458753503906982235246998043524582875,1756266604,2025-08-27 03:50:04,0.5
bitcoin-up-or-down-august-27-6pm-et,UP,73321832112128753462240343031591674546766458753503906982235246998043524582875,1756266663,2025-08-27 03:51:03,0.5
bitcoin-up-or-down-august-27-6pm-et,UP,73321832112128753462240343031591674546766458753503906982235246998043524582875,1756266723,2025-08-27 03:52:03,0.5
bitcoin-up-or-down-august-27-6pm-et,UP,73321832112128753462240343031591674546766458753503906982235246998043524582875,1756266782,2025-08-27 03:53:02,0.5
bitcoin-up-or-down-august-27-6pm-et,UP,73321832112128753462240343031591674546766458753503906982235246998043524582875,1756266843,2025-08-27 03:54:03,0.5
bitcoin-up-or-down-august-27-6pm-et,UP,73321832112128753462240343031591674546766458753503906982235246998043524582875,1756266904,2025-08-27 03:55:04,0.5
bitcoin-up-or-down-august-27-6pm-et,UP,73321832112128753462240343031591674546766458753503906982235246998043524582875,1756266963,2025-08-27 03:56:03,0.5
bitcoin-up-or-down-august-27-6pm-et,UP,73321832112128753462240343031591674546766458753503906982235246998043524582875,1756267023,2025-08-27 03:57:03,0.5
bitcoin-up-or-down-august-27-6pm-et,UP,73321832112128753462240343031591674546766458753503906982235246998043524582875,1756267082,2025-08-27 03:58:02,0.5
bitcoin-up-or-down-august-27-6pm-et,UP,73321832112128753462240343031591674546766458753503906982235246998043524582875,1756267143,2025-08-27 03:59:03,0.5
bitcoin-up-or-down-august-27-6pm-et,UP,73321832112128753462240343031591674546766458753503906982235246998043524582875,1756267203,2025-08-27 04:00:03,0.5
bitcoin-up-or-down-august-27-6pm-et,UP,73321832112128753462240343031591674546766458753503906982235246998043524582875,1756267262,2025-08-27 04:01:02,0.5
bitcoin-up-or-down-august-27-6pm-et,UP,73321832112128753462240343031591674546766458753503906982235246998043524582875,1756267322,2025-08-27 04:02:02,0.5
bitcoin-up-or-down-august-27-6pm-et,UP,73321832112128753462240343031591674546766458753503906982235246998043524582875,1756267383,2025-08-27 04:03:03,0.5
bitcoin-up-or-down-august-27-6pm-et,UP,73321832112128753462240343031591674546766458753503906982235246998043524582875,1756267443,2025-08-27 04:04:03,0.5
bitcoin-up-or-down-august-27-6pm-et,UP,73321832112128753462240343031591674546766458753503906982235246998043524582875,1756267503,2025-08-27 04:05:03,0.5
bitcoin-up-or-down-august-27-6pm-et,UP,73321832112128753462240343031591674546766458753503906982235246998043524582875,1756267562,2025-08-27 04:06:02,0.5
bitcoin-up-or-down-august-27-6pm-et,UP,73321832112128753462240343031591674546766458753503906982235246998043524582875,1756267622,2025-08-27 04:07:02,0.5
bitcoin-up-or-down-august-27-6pm-et,UP,73321832112128753462240343031591674546766458753503906982235246998043524582875,1756267683,2025-08-27 04:08:03,0.5
bitcoin-up-or-down-august-27-6pm-et,UP,73321832112128753462240343031591674546766458753503906982235246998043524582875,1756267742,2025-08-27 04:09:02,0.5
bitcoin-up-or-down-august-27-6pm-et,UP,73321832112128753462240343031591674546766458753503906982235246998043524582875,1756267814,2025-08-27 04:10:14,0.5
bitcoin-up-or-down-august-27-6pm-et,UP,73321832112128753462240343031591674546766458753503906982235246998043524582875,1756267863,2025-08-27 04:11:03,0.5
bitcoin-up-or-down-august-27-6pm-et,UP,73321832112128753462240343031591674546766458753503906982235246998043524582875,1756267922,2025-08-27 04:12:02,0.5
bitcoin-up-or-down-august-27-6pm-et,UP,73321832112128753462240343031591674546766458753503906982235246998043524582875,1756267982,2025-08-27 04:13:02,0.5
bitcoin-up-or-down-august-27-6pm-et,UP,73321832112128753462240343031591674546766458753503906982235246998043524582875,1756268042,2025-08-27 04:14:02,0.5
bitcoin-up-or-down-august-27-6pm-et,UP,73321832112128753462240343031591674546766458753503906982235246998043524582875,1756268110,2025-08-27 04:15:10,0.5
bitcoin-up-or-down-august-27-6pm-et,UP,73321832112128753462240343031591674546766458753503906982235246998043524582875,1756268163,2025-08-27 04:16:03,0.5
bitcoin-up-or-down-august-27-6pm-et,UP,73321832112128753462240343031591674546766458753503906982235246998043524582875,1756268222,2025-08-27 04:17:02,0.5
bitcoin-up-or-down-august-27-6pm-et,UP,73321832112128753462240343031591674546766458753503906982235246998043524582875,1756268282,2025-08-27 04:18:02,0.5
bitcoin-up-or-down-august-27-6pm-et,UP,73321832112128753462240343031591674546766458753503906982235246998043524582875,1756268344,2025-08-27 04:19:04,0.5
bitcoin-up-or-down-august-27-6pm-et,UP,73321832112128753462240343031591674546766458753503906982235246998043524582875,1756268403,2025-08-27 04:20:03,0.5
bitcoin-up-or-down-august-27-6pm-et,UP,73321832112128753462240343031591674546766458753503906982235246998043524582875,1756268464,2025-08-27 04:21:04,0.5
bitcoin-up-or-down-august-27-6pm-et,UP,73321832112128753462240343031591674546766458753503906982235246998043524582875,1756268523,2025-08-27 04:22:03,0.5
bitcoin-up-or-down-august-27-6pm-et,UP,73321832112128753462240343031591674546766458753503906982235246998043524582875,1756268583,2025-08-27 04:23:03,0.5
bitcoin-up-or-down-august-27-6pm-et,UP,73321832112128753462240343031591674546766458753503906982235246998043524582875,1756268644,2025-08-27 04:24:04,0.5
bitcoin-up-or-down-august-27-6pm-et,UP,73321832112128753462240343031591674546766458753503906982235246998043524582875,1756268712,2025-08-27 04:25:12,0.5
bitcoin-up-or-down-august-27-6pm-et,UP,73321832112128753462240343031591674546766458753503906982235246998043524582875,1756268762,2025-08-27 04:26:02,0.5
bitcoin-up-or-down-august-27-6pm-et,UP,73321832112128753462240343031591674546766458753503906982235246998043524582875,1756268823,2025-08-27 04:27:03,0.5
bitcoin-up-or-down-august-27-6pm-et,UP,73321832112128753462240343031591674546766458753503906982235246998043524582875,1756268882,2025-08-27 04:28:02,0.5
bitcoin-up-or-down-august-27-6pm-et,UP,73321832112128753462240343031591674546766458753503906982235246998043524582875,1756268944,2025-08-27 04:29:04,0.5
bitcoin-up-or-down-august-27-6pm-et,UP,73321832112128753462240343031591674546766458753503906982235246998043524582875,1756269012,2025-08-27 04:30:12,0.5
bitcoin-up-or-down-august-27-6pm-et,UP,73321832112128753462240343031591674546766458753503906982235246998043524582875,1756269062,2025-08-27 04:31:02,0.5
bitcoin-up-or-down-august-27-6pm-et,UP,73321832112128753462240343031591674546766458753503906982235246998043524582875,1756269123,2025-08-27 04:32:03,0.5
bitcoin-up-or-down-august-27-6pm-et,UP,73321832112128753462240343031591674546766458753503906982235246998043524582875,1756269182,2025-08-27 04:33:02,0.5
bitcoin-up-or-down-august-27-6pm-et,UP,73321832112128753462240343031591674546766458753503906982235246998043524582875,1756269242,2025-08-27 04:34:02,0.5
bitcoin-up-or-down-august-27-6pm-et,UP,73321832112128753462240343031591674546766458753503906982235246998043524582875,1756269305,2025-08-27 04:35:05,0.5
bitcoin-up-or-down-august-27-6pm-et,UP,73321832112128753462240343031591674546766458753503906982235246998043524582875,1756269362,2025-08-27 04:36:02,0.5
bitcoin-up-or-down-august-27-6pm-et,UP,73321832112128753462240343031591674546766458753503906982235246998043524582875,1756269423,2025-08-27 04:37:03,0.5
bitcoin-up-or-down-august-27-6pm-et,UP,73321832112128753462240343031591674546766458753503906982235246998043524582875,1756269483,2025-08-27 04:38:03,0.5
bitcoin-up-or-down-august-27-6pm-et,UP,73321832112128753462240343031591674546766458753503906982235246998043524582875,1756269542,2025-08-27 04:39:02,0.5
bitcoin-up-or-down-august-27-6pm-et,UP,73321832112128753462240343031591674546766458753503906982235246998043524582875,1756269606,2025-08-27 04:40:06,0.5
bitcoin-up-or-down-august-27-6pm-et,UP,73321832112128753462240343031591674546766458753503906982235246998043524582875,1756269662,2025-08-27 04:41:02,0.5
bitcoin-up-or-down-august-27-6pm-et,UP,73321832112128753462240343031591674546766458753503906982235246998043524582875,1756269723,2025-08-27 04:42:03,0.5
bitcoin-up-or-down-august-27-6pm-et,UP,73321832112128753462240343031591674546766458753503906982235246998043524582875,1756269783,2025-08-27 04:43:03,0.5
bitcoin-up-or-down-august-27-6pm-et,UP,73321832112128753462240343031591674546766458753503906982235246998043524582875,1756269843,2025-08-27 04:44:03,0.5
bitcoin-up-or-down-august-27-6pm-et,UP,73321832112128753462240343031591674546766458753503906982235246998043524582875,1756269905,2025-08-27 04:45:05,0.5
bitcoin-up-or-down-august-27-6pm-et,UP,73321832112128753462240343031591674546766458753503906982235246998043524582875,1756269963,2025-08-27 04:46:03,0.5
bitcoin-up-or-down-august-27-6pm-et,UP,73321832112128753462240343031591674546766458753503906982235246998043524582875,1756270023,2025-08-27 04:47:03,0.5
bitcoin-up-or-down-august-27-6pm-et,UP,73321832112128753462240343031591674546766458753503906982235246998043524582875,1756270083,2025-08-27 04:48:03,0.5
bitcoin-up-or-down-august-27-6pm-et,UP,73321832112128753462240343031591674546766458753503906982235246998043524582875,1756270142,2025-08-27 04:49:02,0.5
bitcoin-up-or-down-august-27-6pm-et,UP,73321832112128753462240343031591674546766458753503906982235246998043524582875,1756270210,2025-08-27 04:50:10,0.5
bitcoin-up-or-down-august-27-6pm-et,UP,73321832112128753462240343031591674546766458753503906982235246998043524582875,1756270263,2025-08-27 04:51:03,0.5
bitcoin-up-or-down-august-27-6pm-et,UP,73321832112128753462240343031591674546766458753503906982235246998043524582875,1756270323,2025-08-27 04:52:03,0.5
bitcoin-up-or-down-august-27-6pm-et,UP,73321832112128753462240343031591674546766458753503906982235246998043524582875,1756270382,2025-08-27 04:53:02,0.5
bitcoin-up-or-down-august-27-6pm-et,UP,73321832112128753462240343031591674546766458753503906982235246998043524582875,1756270442,2025-08-27 04:54:02,0.5
bitcoin-up-or-down-august-27-6pm-et,UP,73321832112128753462240343031591674546766458753503906982235246998043524582875,1756270503,2025-08-27 04:55:03,0.5
bitcoin-up-or-down-august-27-6pm-et,UP,73321832112128753462240343031591674546766458753503906982235246998043524582875,1756270562,2025-08-27 04:56:02,0.5
bitcoin-up-or-down-august-27-6pm-et,UP,73321832112128753462240343031591674546766458753503906982235246998043524582875,1756270623,2025-08-27 04:57:03,0.5
bitcoin-up-or-down-august-27-6pm-et,UP,73321832112128753462240343031591674546766458753503906982235246998043524582875,1756270683,2025-08-27 04:58:03,0.5
bitcoin-up-or-down-august-27-6pm-et,UP,73321832112128753462240343031591674546766458753503906982235246998043524582875,1756270743,2025-08-27 04:59:03,0.5
bitcoin-up-or-down-august-27-6pm-et,UP,73321832112128753462240343031591674546766458753503906982235246998043524582875,1756270813,2025-08-27 05:00:13,0.5
bitcoin-up-or-down-august-27-6pm-et,UP,73321832112128753462240343031591674546766458753503906982235246998043524582875,1756270863,2025-08-27 05:01:03,0.5
bitcoin-up-or-down-august-27-6pm-et,UP,73321832112128753462240343031591674546766458753503906982235246998043524582875,1756270922,2025-08-27 05:02:02,0.5
bitcoin-up-or-down-august-27-6pm-et,UP,73321832112128753462240343031591674546766458753503906982235246998043524582875,1756270983,2025-08-27 05:03:03,0.5
bitcoin-up-or-down-august-27-6pm-et,UP,73321832112128753462240343031591674546766458753503906982235246998043524582875,1756271042,2025-08-27 05:04:02,0.5
bitcoin-up-or-down-august-27-6pm-et,UP,73321832112128753462240343031591674546766458753503906982235246998043524582875,1756271113,2025-08-27 05:05:13,0.5
bitcoin-up-or-down-august-27-6pm-et,UP,73321832112128753462240343031591674546766458753503906982235246998043524582875,1756271162,2025-08-27 05:06:02,0.5
bitcoin-up-or-down-august-27-6pm-et,UP,73321832112128753462240343031591674546766458753503906982235246998043524582875,1756271222,2025-08-27 05:07:02,0.5
bitcoin-up-or-down-august-27-6pm-et,UP,73321832112128753462240343031591674546766458753503906982235246998043524582875,1756271283,2025-08-27 05:08:03,0.5
bitcoin-up-or-down-august-27-6pm-et,UP,73321832112128753462240343031591674546766458753503906982235246998043524582875,1756271343,2025-08-27 05:09:03,0.5
bitcoin-up-or-down-august-27-6pm-et,UP,73321832112128753462240343031591674546766458753503906982235246998043524582875,1756271402,2025-08-27 05:10:02,0.5
bitcoin-up-or-down-august-27-6pm-et,UP,73321832112128753462240343031591674546766458753503906982235246998043524582875,1756271463,2025-08-27 05:11:03,0.5
bitcoin-up-or-down-august-27-6pm-et,UP,73321832112128753462240343031591674546766458753503906982235246998043524582875,1756271524,2025-08-27 05:12:04,0.5
bitcoin-up-or-down-august-27-6pm-et,UP,73321832112128753462240343031591674546766458753503906982235246998043524582875,1756271582,2025-08-27 05:13:02,0.5
bitcoin-up-or-down-august-27-6pm-et,UP,73321832112128753462240343031591674546766458753503906982235246998043524582875,1756271642,2025-08-27 05:14:02,0.5
bitcoin-up-or-down-august-27-6pm-et,UP,73321832112128753462240343031591674546766458753503906982235246998043524582875,1756271702,2025-08-27 05:15:02,0.5
bitcoin-up-or-down-august-27-6pm-et,UP,73321832112128753462240343031591674546766458753503906982235246998043524582875,1756271762,2025-08-27 05:16:02,0.5
bitcoin-up-or-down-august-27-6pm-et,UP,73321832112128753462240343031591674546766458753503906982235246998043524582875,1756271823,2025-08-27 05:17:03,0.5
bitcoin-up-or-down-august-27-6pm-et,UP,73321832112128753462240343031591674546766458753503906982235246998043524582875,1756271882,2025-08-27 05:18:02,0.5
bitcoin-up-or-down-august-27-6pm-et,UP,73321832112128753462240343031591674546766458753503906982235246998043524582875,1756271942,2025-08-27 05:19:02,0.5
bitcoin-up-or-down-august-27-6pm-et,UP,73321832112128753462240343031591674546766458753503906982235246998043524582875,1756272002,2025-08-27 05:20:02,0.5
bitcoin-up-or-down-august-27-6pm-et,UP,73321832112128753462240343031591674546766458753503906982235246998043524582875,1756272062,2025-08-27 05:21:02,0.5
bitcoin-up-or-down-august-27-6pm-et,UP,73321832112128753462240343031591674546766458753503906982235246998043524582875,1756272122,2025-08-27 05:22:02,0.5
bitcoin-up-or-down-august-27-6pm-et,UP,73321832112128753462240343031591674546766458753503906982235246998043524582875,1756272183,2025-08-27 05:23:03,0.5
bitcoin-up-or-down-august-27-6pm-et,UP,73321832112128753462240343031591674546766458753503906982235246998043524582875,1756272243,2025-08-27 05:24:03,0.5
bitcoin-up-or-down-august-27-6pm-et,UP,73321832112128753462240343031591674546766458753503906982235246998043524582875,1756272308,2025-08-27 05:25:08,0.5
bitcoin-up-or-down-august-27-6pm-et,UP,73321832112128753462240343031591674546766458753503906982235246998043524582875,1756272365,2025-08-27 05:26:05,0.5
bitcoin-up-or-down-august-27-6pm-et,UP,73321832112128753462240343031591674546766458753503906982235246998043524582875,1756272422,2025-08-27 05:27:02,0.5
bitcoin-up-or-down-august-27-6pm-et,UP,73321832112128753462240343031591674546766458753503906982235246998043524582875,1756272482,2025-08-27 05:28:02,0.5
bitcoin-up-or-down-august-27-6pm-et,UP,73321832112128753462240343031591674546766458753503906982235246998043524582875,1756272543,2025-08-27 05:29:03,0.5
bitcoin-up-or-down-august-27-6pm-et,UP,73321832112128753462240343031591674546766458753503906982235246998043524582875,1756272602,2025-08-27 05:30:02,0.5
bitcoin-up-or-down-august-27-6pm-et,UP,73321832112128753462240343031591674546766458753503906982235246998043524582875,1756272663,2025-08-27 05:31:03,0.5
bitcoin-up-or-down-august-27-6pm-et,UP,73321832112128753462240343031591674546766458753503906982235246998043524582875,1756272722,2025-08-27 05:32:02,0.5
bitcoin-up-or-down-august-27-6pm-et,UP,73321832112128753462240343031591674546766458753503906982235246998043524582875,1756272782,2025-08-27 05:33:02,0.5
bitcoin-up-or-down-august-27-6pm-et,UP,73321832112128753462240343031591674546766458753503906982235246998043524582875,1756272842,2025-08-27 05:34:02,0.5
bitcoin-up-or-down-august-27-6pm-et,UP,73321832112128753462240343031591674546766458753503906982235246998043524582875,1756272902,2025-08-27 05:35:02,0.5
bitcoin-up-or-down-august-27-6pm-et,UP,73321832112128753462240343031591674546766458753503906982235246998043524582875,1756272963,2025-08-27 05:36:03,0.5
bitcoin-up-or-down-august-27-6pm-et,UP,73321832112128753462240343031591674546766458753503906982235246998043524582875,1756273022,2025-08-27 05:37:02,0.5
bitcoin-up-or-down-august-27-6pm-et,UP,73321832112128753462240343031591674546766458753503906982235246998043524582875,1756273083,2025-08-27 05:38:03,0.5
bitcoin-up-or-down-august-27-6pm-et,UP,73321832112128753462240343031591674546766458753503906982235246998043524582875,1756273142,2025-08-27 05:39:02,0.5
bitcoin-up-or-down-august-27-6pm-et,UP,73321832112128753462240343031591674546766458753503906982235246998043524582875,1756273214,2025-08-27 05:40:14,0.5
bitcoin-up-or-down-august-27-6pm-et,UP,73321832112128753462240343031591674546766458753503906982235246998043524582875,1756273265,2025-08-27 05:41:05,0.5
bitcoin-up-or-down-august-27-6pm-et,UP,73321832112128753462240343031591674546766458753503906982235246998043524582875,1756273322,2025-08-27 05:42:02,0.5
bitcoin-up-or-down-august-27-6pm-et,UP,73321832112128753462240343031591674546766458753503906982235246998043524582875,1756273382,2025-08-27 05:43:02,0.5
bitcoin-up-or-down-august-27-6pm-et,UP,73321832112128753462240343031591674546766458753503906982235246998043524582875,1756273442,2025-08-27 05:44:02,0.5
bitcoin-up-or-down-august-27-6pm-et,UP,73321832112128753462240343031591674546766458753503906982235246998043524582875,1756273510,2025-08-27 05:45:10,0.5
bitcoin-up-or-down-august-27-6pm-et,UP,73321832112128753462240343031591674546766458753503906982235246998043524582875,1756273564,2025-08-27 05:46:04,0.5
bitcoin-up-or-down-august-27-6pm-et,UP,73321832112128753462240343031591674546766458753503906982235246998043524582875,1756273623,2025-08-27 05:47:03,0.5
bitcoin-up-or-down-august-27-6pm-et,UP,73321832112128753462240343031591674546766458753503906982235246998043524582875,1756273682,2025-08-27 05:48:02,0.5
bitcoin-up-or-down-august-27-6pm-et,UP,73321832112128753462240343031591674546766458753503906982235246998043524582875,1756273743,2025-08-27 05:49:03,0.5
bitcoin-up-or-down-august-27-6pm-et,UP,73321832112128753462240343031591674546766458753503906982235246998043524582875,1756273802,2025-08-27 05:50:02,0.5
bitcoin-up-or-down-august-27-6pm-et,UP,73321832112128753462240343031591674546766458753503906982235246998043524582875,1756273862,2025-08-27 05:51:02,0.5
bitcoin-up-or-down-august-27-6pm-et,UP,73321832112128753462240343031591674546766458753503906982235246998043524582875,1756273923,2025-08-27 05:52:03,0.5
bitcoin-up-or-down-august-27-6pm-et,UP,73321832112128753462240343031591674546766458753503906982235246998043524582875,1756273982,2025-08-27 05:53:02,0.5
bitcoin-up-or-down-august-27-6pm-et,UP,73321832112128753462240343031591674546766458753503906982235246998043524582875,1756274044,2025-08-27 05:54:04,0.5
bitcoin-up-or-down-august-27-6pm-et,UP,73321832112128753462240343031591674546766458753503906982235246998043524582875,1756274106,2025-08-27 05:55:06,0.5
bitcoin-up-or-down-august-27-6pm-et,UP,73321832112128753462240343031591674546766458753503906982235246998043524582875,1756274162,2025-08-27 05:56:02,0.5
bitcoin-up-or-down-august-27-6pm-et,UP,73321832112128753462240343031591674546766458753503906982235246998043524582875,1756274222,2025-08-27 05:57:02,0.5
bitcoin-up-or-down-august-27-6pm-et,UP,73321832112128753462240343031591674546766458753503906982235246998043524582875,1756274282,2025-08-27 05:58:02,0.5
bitcoin-up-or-down-august-27-6pm-et,UP,73321832112128753462240343031591674546766458753503906982235246998043524582875,1756274342,2025-08-27 05:59:02,0.5
bitcoin-up-or-down-august-27-6pm-et,UP,73321832112128753462240343031591674546766458753503906982235246998043524582875,1756274411,2025-08-27 06:00:11,0.5
bitcoin-up-or-down-august-27-6pm-et,UP,73321832112128753462240343031591674546766458753503906982235246998043524582875,1756274463,2025-08-27 06:01:03,0.5
bitcoin-up-or-down-august-27-6pm-et,UP,73321832112128753462240343031591674546766458753503906982235246998043524582875,1756274522,2025-08-27 06:02:02,0.5
bitcoin-up-or-down-august-27-6pm-et,UP,73321832112128753462240343031591674546766458753503906982235246998043524582875,1756274582,2025-08-27 06:03:02,0.5
bitcoin-up-or-down-august-27-6pm-et,UP,73321832112128753462240343031591674546766458753503906982235246998043524582875,1756274642,2025-08-27 06:04:02,0.5
bitcoin-up-or-down-august-27-6pm-et,UP,73321832112128753462240343031591674546766458753503906982235246998043524582875,1756274702,2025-08-27 06:05:02,0.5
bitcoin-up-or-down-august-27-6pm-et,UP,73321832112128753462240343031591674546766458753503906982235246998043524582875,1756274763,2025-08-27 06:06:03,0.5
bitcoin-up-or-down-august-27-6pm-et,UP,73321832112128753462240343031591674546766458753503906982235246998043524582875,1756274823,2025-08-27 06:07:03,0.5
bitcoin-up-or-down-august-27-6pm-et,UP,73321832112128753462240343031591674546766458753503906982235246998043524582875,1756274882,2025-08-27 06:08:02,0.5
bitcoin-up-or-down-august-27-6pm-et,UP,73321832112128753462240343031591674546766458753503906982235246998043524582875,1756274942,2025-08-27 06:09:02,0.5
bitcoin-up-or-down-august-27-6pm-et,UP,73321832112128753462240343031591674546766458753503906982235246998043524582875,1756275003,2025-08-27 06:10:03,0.5
bitcoin-up-or-down-august-27-6pm-et,UP,73321832112128753462240343031591674546766458753503906982235246998043524582875,1756275062,2025-08-27 06:11:02,0.5
bitcoin-up-or-down-august-27-6pm-et,UP,73321832112128753462240343031591674546766458753503906982235246998043524582875,1756275122,2025-08-27 06:12:02,0.5
bitcoin-up-or-down-august-27-6pm-et,UP,73321832112128753462240343031591674546766458753503906982235246998043524582875,1756275183,2025-08-27 06:13:03,0.5
bitcoin-up-or-down-august-27-6pm-et,UP,73321832112128753462240343031591674546766458753503906982235246998043524582875,1756275243,2025-08-27 06:14:03,0.5
bitcoin-up-or-down-august-27-6pm-et,UP,73321832112128753462240343031591674546766458753503906982235246998043524582875,1756275303,2025-08-27 06:15:03,0.5
bitcoin-up-or-down-august-27-6pm-et,UP,73321832112128753462240343031591674546766458753503906982235246998043524582875,1756275363,2025-08-27 06:16:03,0.5
bitcoin-up-or-down-august-27-6pm-et,UP,73321832112128753462240343031591674546766458753503906982235246998043524582875,1756275423,2025-08-27 06:17:03,0.5
bitcoin-up-or-down-august-27-6pm-et,UP,73321832112128753462240343031591674546766458753503906982235246998043524582875,1756275482,2025-08-27 06:18:02,0.5
bitcoin-up-or-down-august-27-6pm-et,UP,73321832112128753462240343031591674546766458753503906982235246998043524582875,1756275542,2025-08-27 06:19:02,0.5
bitcoin-up-or-down-august-27-6pm-et,UP,73321832112128753462240343031591674546766458753503906982235246998043524582875,1756275617,2025-08-27 06:20:17,0.5
bitcoin-up-or-down-august-27-6pm-et,UP,73321832112128753462240343031591674546766458753503906982235246998043524582875,1756275663,2025-08-27 06:21:03,0.5
bitcoin-up-or-down-august-27-6pm-et,UP,73321832112128753462240343031591674546766458753503906982235246998043524582875,1756275723,2025-08-27 06:22:03,0.5
bitcoin-up-or-down-august-27-6pm-et,UP,73321832112128753462240343031591674546766458753503906982235246998043524582875,1756275783,2025-08-27 06:23:03,0.5
bitcoin-up-or-down-august-27-6pm-et,UP,73321832112128753462240343031591674546766458753503906982235246998043524582875,1756275843,2025-08-27 06:24:03,0.5
bitcoin-up-or-down-august-27-6pm-et,UP,73321832112128753462240343031591674546766458753503906982235246998043524582875,1756275915,2025-08-27 06:25:15,0.5
bitcoin-up-or-down-august-27-6pm-et,UP,73321832112128753462240343031591674546766458753503906982235246998043524582875,1756275963,2025-08-27 06:26:03,0.5
bitcoin-up-or-down-august-27-6pm-et,UP,73321832112128753462240343031591674546766458753503906982235246998043524582875,1756276024,2025-08-27 06:27:04,0.5
bitcoin-up-or-down-august-27-6pm-et,UP,73321832112128753462240343031591674546766458753503906982235246998043524582875,1756276083,2025-08-27 06:28:03,0.5
bitcoin-up-or-down-august-27-6pm-et,UP,73321832112128753462240343031591674546766458753503906982235246998043524582875,1756276144,2025-08-27 06:29:04,0.5
bitcoin-up-or-down-august-27-6pm-et,UP,73321832112128753462240343031591674546766458753503906982235246998043524582875,1756276212,2025-08-27 06:30:12,0.5
bitcoin-up-or-down-august-27-6pm-et,UP,73321832112128753462240343031591674546766458753503906982235246998043524582875,1756276263,2025-08-27 06:31:03,0.5
bitcoin-up-or-down-august-27-6pm-et,UP,73321832112128753462240343031591674546766458753503906982235246998043524582875,1756276323,2025-08-27 06:32:03,0.5
bitcoin-up-or-down-august-27-6pm-et,UP,73321832112128753462240343031591674546766458753503906982235246998043524582875,1756276383,2025-08-27 06:33:03,0.5
bitcoin-up-or-down-august-27-6pm-et,UP,73321832112128753462240343031591674546766458753503906982235246998043524582875,1756276451,2025-08-27 06:34:11,0.5
bitcoin-up-or-down-august-27-6pm-et,UP,73321832112128753462240343031591674546766458753503906982235246998043524582875,1756276503,2025-08-27 06:35:03,0.5
bitcoin-up-or-down-august-27-6pm-et,UP,73321832112128753462240343031591674546766458753503906982235246998043524582875,1756276563,2025-08-27 06:36:03,0.5
bitcoin-up-or-down-august-27-6pm-et,UP,73321832112128753462240343031591674546766458753503906982235246998043524582875,1756276622,2025-08-27 06:37:02,0.5
bitcoin-up-or-down-august-27-6pm-et,UP,73321832112128753462240343031591674546766458753503906982235246998043524582875,1756276682,2025-08-27 06:38:02,0.5
bitcoin-up-or-down-august-27-6pm-et,UP,73321832112128753462240343031591674546766458753503906982235246998043524582875,1756276746,2025-08-27 06:39:06,0.5
bitcoin-up-or-down-august-27-6pm-et,UP,73321832112128753462240343031591674546766458753503906982235246998043524582875,1756276803,2025-08-27 06:40:03,0.5
bitcoin-up-or-down-august-27-6pm-et,UP,73321832112128753462240343031591674546766458753503906982235246998043524582875,1756276862,2025-08-27 06:41:02,0.5
bitcoin-up-or-down-august-27-6pm-et,UP,73321832112128753462240343031591674546766458753503906982235246998043524582875,1756276923,2025-08-27 06:42:03,0.5
bitcoin-up-or-down-august-27-6pm-et,UP,73321832112128753462240343031591674546766458753503906982235246998043524582875,1756276983,2025-08-27 06:43:03,0.5
bitcoin-up-or-down-august-27-6pm-et,UP,73321832112128753462240343031591674546766458753503906982235246998043524582875,1756277054,2025-08-27 06:44:14,0.5
bitcoin-up-or-down-august-27-6pm-et,UP,73321832112128753462240343031591674546766458753503906982235246998043524582875,1756277103,2025-08-27 06:45:03,0.5
bitcoin-up-or-down-august-27-6pm-et,UP,73321832112128753462240343031591674546766458753503906982235246998043524582875,1756277163,2025-08-27 06:46:03,0.5
bitcoin-up-or-down-august-27-6pm-et,UP,73321832112128753462240343031591674546766458753503906982235246998043524582875,1756277222,2025-08-27 06:47:02,0.5
bitcoin-up-or-down-august-27-6pm-et,UP,73321832112128753462240343031591674546766458753503906982235246998043524582875,1756277282,2025-08-27 06:48:02,0.5
bitcoin-up-or-down-august-27-6pm-et,UP,73321832112128753462240343031591674546766458753503906982235246998043524582875,1756277354,2025-08-27 06:49:14,0.5
bitcoin-up-or-down-august-27-6pm-et,UP,73321832112128753462240343031591674546766458753503906982235246998043524582875,1756277406,2025-08-27 06:50:06,0.5
bitcoin-up-or-down-august-27-6pm-et,UP,73321832112128753462240343031591674546766458753503906982235246998043524582875,1756277464,2025-08-27 06:51:04,0.5
bitcoin-up-or-down-august-27-6pm-et,UP,73321832112128753462240343031591674546766458753503906982235246998043524582875,1756277522,2025-08-27 06:52:02,0.5
bitcoin-up-or-down-august-27-6pm-et,UP,73321832112128753462240343031591674546766458753503906982235246998043524582875,1756277583,2025-08-27 06:53:03,0.5
bitcoin-up-or-down-august-27-6pm-et,UP,73321832112128753462240343031591674546766458753503906982235246998043524582875,1756277643,2025-08-27 06:54:03,0.5
bitcoin-up-or-down-august-27-6pm-et,UP,73321832112128753462240343031591674546766458753503906982235246998043524582875,1756277704,2025-08-27 06:55:04,0.5
bitcoin-up-or-down-august-27-6pm-et,UP,73321832112128753462240343031591674546766458753503906982235246998043524582875,1756277763,2025-08-27 06:56:03,0.5
bitcoin-up-or-down-august-27-6pm-et,UP,73321832112128753462240343031591674546766458753503906982235246998043524582875,1756277822,2025-08-27 06:57:02,0.5
bitcoin-up-or-down-august-27-6pm-et,UP,73321832112128753462240343031591674546766458753503906982235246998043524582875,1756277883,2025-08-27 06:58:03,0.5
bitcoin-up-or-down-august-27-6pm-et,UP,73321832112128753462240343031591674546766458753503906982235246998043524582875,1756277950,2025-08-27 06:59:10,0.5
bitcoin-up-or-down-august-27-6pm-et,UP,73321832112128753462240343031591674546766458753503906982235246998043524582875,1756278018,2025-08-27 07:00:18,0.5
bitcoin-up-or-down-august-27-6pm-et,UP,73321832112128753462240343031591674546766458753503906982235246998043524582875,1756278063,2025-08-27 07:01:03,0.5
bitcoin-up-or-down-august-27-6pm-et,UP,73321832112128753462240343031591674546766458753503906982235246998043524582875,1756278123,2025-08-27 07:02:03,0.5
bitcoin-up-or-down-august-27-6pm-et,UP,73321832112128753462240343031591674546766458753503906982235246998043524582875,1756278183,2025-08-27 07:03:03,0.5
bitcoin-up-or-down-august-27-6pm-et,UP,73321832112128753462240343031591674546766458753503906982235246998043524582875,1756278243,2025-08-27 07:04:03,0.5
bitcoin-up-or-down-august-27-6pm-et,UP,73321832112128753462240343031591674546766458753503906982235246998043524582875,1756278302,2025-08-27 07:05:02,0.5
bitcoin-up-or-down-august-27-6pm-et,UP,73321832112128753462240343031591674546766458753503906982235246998043524582875,1756278363,2025-08-27 07:06:03,0.5
bitcoin-up-or-down-august-27-6pm-et,UP,73321832112128753462240343031591674546766458753503906982235246998043524582875,1756278424,2025-08-27 07:07:04,0.5
bitcoin-up-or-down-august-27-6pm-et,UP,73321832112128753462240343031591674546766458753503906982235246998043524582875,1756278482,2025-08-27 07:08:02,0.5
bitcoin-up-or-down-august-27-6pm-et,UP,73321832112128753462240343031591674546766458753503906982235246998043524582875,1756278542,2025-08-27 07:09:02,0.5
bitcoin-up-or-down-august-27-6pm-et,UP,73321832112128753462240343031591674546766458753503906982235246998043524582875,1756278607,2025-08-27 07:10:07,0.5
bitcoin-up-or-down-august-27-6pm-et,UP,73321832112128753462240343031591674546766458753503906982235246998043524582875,1756278664,2025-08-27 07:11:04,0.5
bitcoin-up-or-down-august-27-6pm-et,UP,73321832112128753462240343031591674546766458753503906982235246998043524582875,1756278723,2025-08-27 07:12:03,0.5
bitcoin-up-or-down-august-27-6pm-et,UP,73321832112128753462240343031591674546766458753503906982235246998043524582875,1756278782,2025-08-27 07:13:02,0.5
bitcoin-up-or-down-august-27-6pm-et,UP,73321832112128753462240343031591674546766458753503906982235246998043524582875,1756278843,2025-08-27 07:14:03,0.5
bitcoin-up-or-down-august-27-6pm-et,UP,73321832112128753462240343031591674546766458753503906982235246998043524582875,1756278914,2025-08-27 07:15:14,0.5
bitcoin-up-or-down-august-27-6pm-et,UP,73321832112128753462240343031591674546766458753503906982235246998043524582875,1756278962,2025-08-27 07:16:02,0.5
bitcoin-up-or-down-august-27-6pm-et,UP,73321832112128753462240343031591674546766458753503906982235246998043524582875,1756279023,2025-08-27 07:17:03,0.5
bitcoin-up-or-down-august-27-6pm-et,UP,73321832112128753462240343031591674546766458753503906982235246998043524582875,1756279084,2025-08-27 07:18:04,0.5
bitcoin-up-or-down-august-27-6pm-et,UP,73321832112128753462240343031591674546766458753503906982235246998043524582875,1756279143,2025-08-27 07:19:03,0.5
bitcoin-up-or-down-august-27-6pm-et,UP,73321832112128753462240343031591674546766458753503906982235246998043524582875,1756279203,2025-08-27 07:20:03,0.5
bitcoin-up-or-down-august-27-6pm-et,UP,73321832112128753462240343031591674546766458753503906982235246998043524582875,1756279265,2025-08-27 07:21:05,0.5
bitcoin-up-or-down-august-27-6pm-et,UP,73321832112128753462240343031591674546766458753503906982235246998043524582875,1756279323,2025-08-27 07:22:03,0.5
bitcoin-up-or-down-august-27-6pm-et,UP,73321832112128753462240343031591674546766458753503906982235246998043524582875,1756279382,2025-08-27 07:23:02,0.5
bitcoin-up-or-down-august-27-6pm-et,UP,73321832112128753462240343031591674546766458753503906982235246998043524582875,1756279442,2025-08-27 07:24:02,0.5
bitcoin-up-or-down-august-27-6pm-et,UP,73321832112128753462240343031591674546766458753503906982235246998043524582875,1756279507,2025-08-27 07:25:07,0.5
bitcoin-up-or-down-august-27-6pm-et,UP,73321832112128753462240343031591674546766458753503906982235246998043524582875,1756279562,2025-08-27 07:26:02,0.5
bitcoin-up-or-down-august-27-6pm-et,UP,73321832112128753462240343031591674546766458753503906982235246998043524582875,1756279622,2025-08-27 07:27:02,0.5
bitcoin-up-or-down-august-27-6pm-et,UP,73321832112128753462240343031591674546766458753503906982235246998043524582875,1756279682,2025-08-27 07:28:02,0.5
bitcoin-up-or-down-august-27-6pm-et,UP,73321832112128753462240343031591674546766458753503906982235246998043524582875,1756279744,2025-08-27 07:29:04,0.5
bitcoin-up-or-down-august-27-6pm-et,UP,73321832112128753462240343031591674546766458753503906982235246998043524582875,1756279814,2025-08-27 07:30:14,0.5
bitcoin-up-or-down-august-27-6pm-et,UP,73321832112128753462240343031591674546766458753503906982235246998043524582875,1756279863,2025-08-27 07:31:03,0.5
bitcoin-up-or-down-august-27-6pm-et,UP,73321832112128753462240343031591674546766458753503906982235246998043524582875,1756279923,2025-08-27 07:32:03,0.5
bitcoin-up-or-down-august-27-6pm-et,UP,73321832112128753462240343031591674546766458753503906982235246998043524582875,1756279982,2025-08-27 07:33:02,0.5
bitcoin-up-or-down-august-27-6pm-et,UP,73321832112128753462240343031591674546766458753503906982235246998043524582875,1756280042,2025-08-27 07:34:02,0.5
bitcoin-up-or-down-august-27-6pm-et,UP,73321832112128753462240343031591674546766458753503906982235246998043524582875,1756280107,2025-08-27 07:35:07,0.5
bitcoin-up-or-down-august-27-6pm-et,UP,73321832112128753462240343031591674546766458753503906982235246998043524582875,1756280165,2025-08-27 07:36:05,0.5
bitcoin-up-or-down-august-27-6pm-et,UP,73321832112128753462240343031591674546766458753503906982235246998043524582875,1756280223,2025-08-27 07:37:03,0.5
bitcoin-up-or-down-august-27-6pm-et,UP,73321832112128753462240343031591674546766458753503906982235246998043524582875,1756280283,2025-08-27 07:38:03,0.5
bitcoin-up-or-down-august-27-6pm-et,UP,73321832112128753462240343031591674546766458753503906982235246998043524582875,1756280343,2025-08-27 07:39:03,0.5
bitcoin-up-or-down-august-27-6pm-et,UP,73321832112128753462240343031591674546766458753503906982235246998043524582875,1756280402,2025-08-27 07:40:02,0.5
bitcoin-up-or-down-august-27-6pm-et,UP,73321832112128753462240343031591674546766458753503906982235246998043524582875,1756280464,2025-08-27 07:41:04,0.5
bitcoin-up-or-down-august-27-6pm-et,UP,73321832112128753462240343031591674546766458753503906982235246998043524582875,1756280523,2025-08-27 07:42:03,0.5
bitcoin-up-or-down-august-27-6pm-et,UP,73321832112128753462240343031591674546766458753503906982235246998043524582875,1756280583,2025-08-27 07:43:03,0.5
bitcoin-up-or-down-august-27-6pm-et,UP,73321832112128753462240343031591674546766458753503906982235246998043524582875,1756280643,2025-08-27 07:44:03,0.5
bitcoin-up-or-down-august-27-6pm-et,UP,73321832112128753462240343031591674546766458753503906982235246998043524582875,1756280708,2025-08-27 07:45:08,0.5
bitcoin-up-or-down-august-27-6pm-et,UP,73321832112128753462240343031591674546766458753503906982235246998043524582875,1756280762,2025-08-27 07:46:02,0.5
bitcoin-up-or-down-august-27-6pm-et,UP,73321832112128753462240343031591674546766458753503906982235246998043524582875,1756280823,2025-08-27 07:47:03,0.5
bitcoin-up-or-down-august-27-6pm-et,UP,73321832112128753462240343031591674546766458753503906982235246998043524582875,1756280883,2025-08-27 07:48:03,0.5
bitcoin-up-or-down-august-27-6pm-et,UP,73321832112128753462240343031591674546766458753503906982235246998043524582875,1756280942,2025-08-27 07:49:02,0.5
bitcoin-up-or-down-august-27-6pm-et,UP,73321832112128753462240343031591674546766458753503906982235246998043524582875,1756281002,2025-08-27 07:50:02,0.5
bitcoin-up-or-down-august-27-6pm-et,UP,73321832112128753462240343031591674546766458753503906982235246998043524582875,1756281064,2025-08-27 07:51:04,0.5
bitcoin-up-or-down-august-27-6pm-et,UP,73321832112128753462240343031591674546766458753503906982235246998043524582875,1756281122,2025-08-27 07:52:02,0.5
bitcoin-up-or-down-august-27-6pm-et,UP,73321832112128753462240343031591674546766458753503906982235246998043524582875,1756281182,2025-08-27 07:53:02,0.5
bitcoin-up-or-down-august-27-6pm-et,UP,73321832112128753462240343031591674546766458753503906982235246998043524582875,1756281243,2025-08-27 07:54:03,0.5
bitcoin-up-or-down-august-27-6pm-et,UP,73321832112128753462240343031591674546766458753503906982235246998043524582875,1756281310,2025-08-27 07:55:10,0.5
bitcoin-up-or-down-august-27-6pm-et,UP,73321832112128753462240343031591674546766458753503906982235246998043524582875,1756281363,2025-08-27 07:56:03,0.5
bitcoin-up-or-down-august-27-6pm-et,UP,73321832112128753462240343031591674546766458753503906982235246998043524582875,1756281422,2025-08-27 07:57:02,0.5
bitcoin-up-or-down-august-27-6pm-et,UP,73321832112128753462240343031591674546766458753503906982235246998043524582875,1756281483,2025-08-27 07:58:03,0.5
bitcoin-up-or-down-august-27-6pm-et,UP,73321832112128753462240343031591674546766458753503906982235246998043524582875,1756281543,2025-08-27 07:59:03,0.5
bitcoin-up-or-down-august-27-6pm-et,UP,73321832112128753462240343031591674546766458753503906982235246998043524582875,1756281608,2025-08-27 08:00:08,0.5
bitcoin-up-or-down-august-27-6pm-et,UP,73321832112128753462240343031591674546766458753503906982235246998043524582875,1756281663,2025-08-27 08:01:03,0.5
bitcoin-up-or-down-august-27-6pm-et,UP,73321832112128753462240343031591674546766458753503906982235246998043524582875,1756281723,2025-08-27 08:02:03,0.5
bitcoin-up-or-down-august-27-6pm-et,UP,73321832112128753462240343031591674546766458753503906982235246998043524582875,1756281783,2025-08-27 08:03:03,0.5
bitcoin-up-or-down-august-27-6pm-et,UP,73321832112128753462240343031591674546766458753503906982235246998043524582875,1756281843,2025-08-27 08:04:03,0.5
bitcoin-up-or-down-august-27-6pm-et,UP,73321832112128753462240343031591674546766458753503906982235246998043524582875,1756281914,2025-08-27 08:05:14,0.5
bitcoin-up-or-down-august-27-6pm-et,UP,73321832112128753462240343031591674546766458753503906982235246998043524582875,1756281962,2025-08-27 08:06:02,0.5
bitcoin-up-or-down-august-27-6pm-et,UP,73321832112128753462240343031591674546766458753503906982235246998043524582875,1756282023,2025-08-27 08:07:03,0.5
bitcoin-up-or-down-august-27-6pm-et,UP,73321832112128753462240343031591674546766458753503906982235246998043524582875,1756282098,2025-08-27 08:08:18,0.5
bitcoin-up-or-down-august-27-6pm-et,UP,73321832112128753462240343031591674546766458753503906982235246998043524582875,1756282143,2025-08-27 08:09:03,0.5
bitcoin-up-or-down-august-27-6pm-et,UP,73321832112128753462240343031591674546766458753503906982235246998043524582875,1756282210,2025-08-27 08:10:10,0.5
bitcoin-up-or-down-august-27-6pm-et,UP,73321832112128753462240343031591674546766458753503906982235246998043524582875,1756282264,2025-08-27 08:11:04,0.5
bitcoin-up-or-down-august-27-6pm-et,UP,73321832112128753462240343031591674546766458753503906982235246998043524582875,1756282322,2025-08-27 08:12:02,0.5
bitcoin-up-or-down-august-27-6pm-et,UP,73321832112128753462240343031591674546766458753503906982235246998043524582875,1756282383,2025-08-27 08:13:03,0.5
bitcoin-up-or-down-august-27-6pm-et,UP,73321832112128753462240343031591674546766458753503906982235246998043524582875,1756282444,2025-08-27 08:14:04,0.5
bitcoin-up-or-down-august-27-6pm-et,UP,73321832112128753462240343031591674546766458753503906982235246998043524582875,1756282510,2025-08-27 08:15:10,0.5
bitcoin-up-or-down-august-27-6pm-et,UP,73321832112128753462240343031591674546766458753503906982235246998043524582875,1756282564,2025-08-27 08:16:04,0.5
bitcoin-up-or-down-august-27-6pm-et,UP,73321832112128753462240343031591674546766458753503906982235246998043524582875,1756282623,2025-08-27 08:17:03,0.5
bitcoin-up-or-down-august-27-6pm-et,UP,73321832112128753462240343031591674546766458753503906982235246998043524582875,1756282683,2025-08-27 08:18:03,0.5
bitcoin-up-or-down-august-27-6pm-et,UP,73321832112128753462240343031591674546766458753503906982235246998043524582875,1756282743,2025-08-27 08:19:03,0.5
bitcoin-up-or-down-august-27-6pm-et,UP,73321832112128753462240343031591674546766458753503906982235246998043524582875,1756282807,2025-08-27 08:20:07,0.5
bitcoin-up-or-down-august-27-6pm-et,UP,73321832112128753462240343031591674546766458753503906982235246998043524582875,1756282862,2025-08-27 08:21:02,0.5
bitcoin-up-or-down-august-27-6pm-et,UP,73321832112128753462240343031591674546766458753503906982235246998043524582875,1756282923,2025-08-27 08:22:03,0.5
bitcoin-up-or-down-august-27-6pm-et,UP,73321832112128753462240343031591674546766458753503906982235246998043524582875,1756282982,2025-08-27 08:23:02,0.5
bitcoin-up-or-down-august-27-6pm-et,UP,73321832112128753462240343031591674546766458753503906982235246998043524582875,1756283043,2025-08-27 08:24:03,0.5
bitcoin-up-or-down-august-27-6pm-et,UP,73321832112128753462240343031591674546766458753503906982235246998043524582875,1756283103,2025-08-27 08:25:03,0.5
bitcoin-up-or-down-august-27-6pm-et,UP,73321832112128753462240343031591674546766458753503906982235246998043524582875,1756283162,2025-08-27 08:26:02,0.5
bitcoin-up-or-down-august-27-6pm-et,UP,73321832112128753462240343031591674546766458753503906982235246998043524582875,1756283223,2025-08-27 08:27:03,0.5
bitcoin-up-or-down-august-27-6pm-et,UP,73321832112128753462240343031591674546766458753503906982235246998043524582875,1756283283,2025-08-27 08:28:03,0.5
bitcoin-up-or-down-august-27-6pm-et,UP,73321832112128753462240343031591674546766458753503906982235246998043524582875,1756283344,2025-08-27 08:29:04,0.5
bitcoin-up-or-down-august-27-6pm-et,UP,73321832112128753462240343031591674546766458753503906982235246998043524582875,1756283414,2025-08-27 08:30:14,0.5
bitcoin-up-or-down-august-27-6pm-et,UP,73321832112128753462240343031591674546766458753503906982235246998043524582875,1756283462,2025-08-27 08:31:02,0.5
bitcoin-up-or-down-august-27-6pm-et,UP,73321832112128753462240343031591674546766458753503906982235246998043524582875,1756283523,2025-08-27 08:32:03,0.5
bitcoin-up-or-down-august-27-6pm-et,UP,73321832112128753462240343031591674546766458753503906982235246998043524582875,1756283582,2025-08-27 08:33:02,0.5
bitcoin-up-or-down-august-27-6pm-et,UP,73321832112128753462240343031591674546766458753503906982235246998043524582875,1756283643,2025-08-27 08:34:03,0.5
bitcoin-up-or-down-august-27-6pm-et,UP,73321832112128753462240343031591674546766458753503906982235246998043524582875,1756283712,2025-08-27 08:35:12,0.5
bitcoin-up-or-down-august-27-6pm-et,UP,73321832112128753462240343031591674546766458753503906982235246998043524582875,1756283762,2025-08-27 08:36:02,0.5
bitcoin-up-or-down-august-27-6pm-et,UP,73321832112128753462240343031591674546766458753503906982235246998043524582875,1756283823,2025-08-27 08:37:03,0.5
bitcoin-up-or-down-august-27-6pm-et,UP,73321832112128753462240343031591674546766458753503906982235246998043524582875,1756283882,2025-08-27 08:38:02,0.5
bitcoin-up-or-down-august-27-6pm-et,UP,73321832112128753462240343031591674546766458753503906982235246998043524582875,1756283943,2025-08-27 08:39:03,0.5
bitcoin-up-or-down-august-27-6pm-et,UP,73321832112128753462240343031591674546766458753503906982235246998043524582875,1756284010,2025-08-27 08:40:10,0.5
bitcoin-up-or-down-august-27-6pm-et,UP,73321832112128753462240343031591674546766458753503906982235246998043524582875,1756284062,2025-08-27 08:41:02,0.5
bitcoin-up-or-down-august-27-6pm-et,UP,73321832112128753462240343031591674546766458753503906982235246998043524582875,1756284122,2025-08-27 08:42:02,0.5
bitcoin-up-or-down-august-27-6pm-et,UP,73321832112128753462240343031591674546766458753503906982235246998043524582875,1756284182,2025-08-27 08:43:02,0.5
bitcoin-up-or-down-august-27-6pm-et,UP,73321832112128753462240343031591674546766458753503906982235246998043524582875,1756284243,2025-08-27 08:44:03,0.5
bitcoin-up-or-down-august-27-6pm-et,UP,73321832112128753462240343031591674546766458753503906982235246998043524582875,1756284316,2025-08-27 08:45:16,0.5
bitcoin-up-or-down-august-27-6pm-et,UP,73321832112128753462240343031591674546766458753503906982235246998043524582875,1756284363,2025-08-27 08:46:03,0.5
bitcoin-up-or-down-august-27-6pm-et,UP,73321832112128753462240343031591674546766458753503906982235246998043524582875,1756284422,2025-08-27 08:47:02,0.5
bitcoin-up-or-down-august-27-6pm-et,UP,73321832112128753462240343031591674546766458753503906982235246998043524582875,1756284482,2025-08-27 08:48:02,0.5
bitcoin-up-or-down-august-27-6pm-et,UP,73321832112128753462240343031591674546766458753503906982235246998043524582875,1756284543,2025-08-27 08:49:03,0.5
bitcoin-up-or-down-august-27-6pm-et,UP,73321832112128753462240343031591674546766458753503906982235246998043524582875,1756284606,2025-08-27 08:50:06,0.5
bitcoin-up-or-down-august-27-6pm-et,UP,73321832112128753462240343031591674546766458753503906982235246998043524582875,1756284662,2025-08-27 08:51:02,0.5
bitcoin-up-or-down-august-27-6pm-et,UP,73321832112128753462240343031591674546766458753503906982235246998043524582875,1756284723,2025-08-27 08:52:03,0.5
bitcoin-up-or-down-august-27-6pm-et,UP,73321832112128753462240343031591674546766458753503906982235246998043524582875,1756284783,2025-08-27 08:53:03,0.5
bitcoin-up-or-down-august-27-6pm-et,UP,73321832112128753462240343031591674546766458753503906982235246998043524582875,1756284843,2025-08-27 08:54:03,0.5
bitcoin-up-or-down-august-27-6pm-et,UP,73321832112128753462240343031591674546766458753503906982235246998043524582875,1756284903,2025-08-27 08:55:03,0.5
bitcoin-up-or-down-august-27-6pm-et,UP,73321832112128753462240343031591674546766458753503906982235246998043524582875,1756284962,2025-08-27 08:56:02,0.5
bitcoin-up-or-down-august-27-6pm-et,UP,73321832112128753462240343031591674546766458753503906982235246998043524582875,1756285022,2025-08-27 08:57:02,0.5
bitcoin-up-or-down-august-27-6pm-et,UP,73321832112128753462240343031591674546766458753503906982235246998043524582875,1756285082,2025-08-27 08:58:02,0.5
bitcoin-up-or-down-august-27-6pm-et,UP,73321832112128753462240343031591674546766458753503906982235246998043524582875,1756285143,2025-08-27 08:59:03,0.5
bitcoin-up-or-down-august-27-6pm-et,UP,73321832112128753462240343031591674546766458753503906982235246998043524582875,1756285205,2025-08-27 09:00:05,0.5
bitcoin-up-or-down-august-27-6pm-et,UP,73321832112128753462240343031591674546766458753503906982235246998043524582875,1756285271,2025-08-27 09:01:11,0.5
bitcoin-up-or-down-august-27-6pm-et,UP,73321832112128753462240343031591674546766458753503906982235246998043524582875,1756285323,2025-08-27 09:02:03,0.5
bitcoin-up-or-down-august-27-6pm-et,UP,73321832112128753462240343031591674546766458753503906982235246998043524582875,1756285396,2025-08-27 09:03:16,0.5
bitcoin-up-or-down-august-27-6pm-et,UP,73321832112128753462240343031591674546766458753503906982235246998043524582875,1756285442,2025-08-27 09:04:02,0.5
bitcoin-up-or-down-august-27-6pm-et,UP,73321832112128753462240343031591674546766458753503906982235246998043524582875,1756285819,2025-08-27 09:10:19,0.5
bitcoin-up-or-down-august-27-6pm-et,UP,73321832112128753462240343031591674546766458753503906982235246998043524582875,1756285841,2025-08-27 09:10:41,0.5
bitcoin-up-or-down-august-27-6pm-et,UP,73321832112128753462240343031591674546766458753503906982235246998043524582875,1756285863,2025-08-27 09:11:03,0.5
bitcoin-up-or-down-august-27-6pm-et,UP,73321832112128753462240343031591674546766458753503906982235246998043524582875,1756285923,2025-08-27 09:12:03,0.5
bitcoin-up-or-down-august-27-6pm-et,UP,73321832112128753462240343031591674546766458753503906982235246998043524582875,1756285983,2025-08-27 09:13:03,0.5
bitcoin-up-or-down-august-27-6pm-et,UP,73321832112128753462240343031591674546766458753503906982235246998043524582875,1756286042,2025-08-27 09:14:02,0.5
bitcoin-up-or-down-august-27-6pm-et,UP,73321832112128753462240343031591674546766458753503906982235246998043524582875,1756286102,2025-08-27 09:15:02,0.5
bitcoin-up-or-down-august-27-6pm-et,UP,73321832112128753462240343031591674546766458753503906982235246998043524582875,1756286164,2025-08-27 09:16:04,0.5
bitcoin-up-or-down-august-27-6pm-et,UP,73321832112128753462240343031591674546766458753503906982235246998043524582875,1756286225,2025-08-27 09:17:05,0.5
bitcoin-up-or-down-august-27-6pm-et,UP,73321832112128753462240343031591674546766458753503906982235246998043524582875,1756286283,2025-08-27 09:18:03,0.5
bitcoin-up-or-down-august-27-6pm-et,UP,73321832112128753462240343031591674546766458753503906982235246998043524582875,1756286342,2025-08-27 09:19:02,0.5
bitcoin-up-or-down-august-27-6pm-et,UP,73321832112128753462240343031591674546766458753503906982235246998043524582875,1756286406,2025-08-27 09:20:06,0.5
bitcoin-up-or-down-august-27-6pm-et,UP,73321832112128753462240343031591674546766458753503906982235246998043524582875,1756286469,2025-08-27 09:21:09,0.5
bitcoin-up-or-down-august-27-6pm-et,UP,73321832112128753462240343031591674546766458753503906982235246998043524582875,1756286523,2025-08-27 09:22:03,0.5
bitcoin-up-or-down-august-27-6pm-et,UP,73321832112128753462240343031591674546766458753503906982235246998043524582875,1756286583,2025-08-27 09:23:03,0.5
bitcoin-up-or-down-august-27-6pm-et,UP,73321832112128753462240343031591674546766458753503906982235246998043524582875,1756286642,2025-08-27 09:24:02,0.5
bitcoin-up-or-down-august-27-6pm-et,UP,73321832112128753462240343031591674546766458753503906982235246998043524582875,1756286707,2025-08-27 09:25:07,0.5
bitcoin-up-or-down-august-27-6pm-et,UP,73321832112128753462240343031591674546766458753503906982235246998043524582875,1756286770,2025-08-27 09:26:10,0.5
bitcoin-up-or-down-august-27-6pm-et,UP,73321832112128753462240343031591674546766458753503906982235246998043524582875,1756286823,2025-08-27 09:27:03,0.5
bitcoin-up-or-down-august-27-6pm-et,UP,73321832112128753462240343031591674546766458753503906982235246998043524582875,1756286882,2025-08-27 09:28:02,0.5
bitcoin-up-or-down-august-27-6pm-et,UP,73321832112128753462240343031591674546766458753503906982235246998043524582875,1756286942,2025-08-27 09:29:02,0.5
bitcoin-up-or-down-august-27-6pm-et,UP,73321832112128753462240343031591674546766458753503906982235246998043524582875,1756287007,2025-08-27 09:30:07,0.5
bitcoin-up-or-down-august-27-6pm-et,UP,73321832112128753462240343031591674546766458753503906982235246998043524582875,1756287069,2025-08-27 09:31:09,0.5
bitcoin-up-or-down-august-27-6pm-et,UP,73321832112128753462240343031591674546766458753503906982235246998043524582875,1756287124,2025-08-27 09:32:04,0.5
bitcoin-up-or-down-august-27-6pm-et,UP,73321832112128753462240343031591674546766458753503906982235246998043524582875,1756287183,2025-08-27 09:33:03,0.5
bitcoin-up-or-down-august-27-6pm-et,UP,73321832112128753462240343031591674546766458753503906982235246998043524582875,1756287243,2025-08-27 09:34:03,0.5
bitcoin-up-or-down-august-27-6pm-et,UP,73321832112128753462240343031591674546766458753503906982235246998043524582875,1756287304,2025-08-27 09:35:04,0.5
bitcoin-up-or-down-august-27-6pm-et,UP,73321832112128753462240343031591674546766458753503906982235246998043524582875,1756287367,2025-08-27 09:36:07,0.5
bitcoin-up-or-down-august-27-6pm-et,UP,73321832112128753462240343031591674546766458753503906982235246998043524582875,1756287423,2025-08-27 09:37:03,0.5
bitcoin-up-or-down-august-27-6pm-et,UP,73321832112128753462240343031591674546766458753503906982235246998043524582875,1756287482,2025-08-27 09:38:02,0.5
bitcoin-up-or-down-august-27-6pm-et,UP,73321832112128753462240343031591674546766458753503906982235246998043524582875,1756287543,2025-08-27 09:39:03,0.5
bitcoin-up-or-down-august-27-6pm-et,UP,73321832112128753462240343031591674546766458753503906982235246998043524582875,1756287604,2025-08-27 09:40:04,0.5
bitcoin-up-or-down-august-27-6pm-et,UP,73321832112128753462240343031591674546766458753503906982235246998043524582875,1756287667,2025-08-27 09:41:07,0.5
bitcoin-up-or-down-august-27-6pm-et,UP,73321832112128753462240343031591674546766458753503906982235246998043524582875,1756287724,2025-08-27 09:42:04,0.5
bitcoin-up-or-down-august-27-6pm-et,UP,73321832112128753462240343031591674546766458753503906982235246998043524582875,1756287782,2025-08-27 09:43:02,0.5
bitcoin-up-or-down-august-27-6pm-et,UP,73321832112128753462240343031591674546766458753503906982235246998043524582875,1756287843,2025-08-27 09:44:03,0.5
bitcoin-up-or-down-august-27-6pm-et,UP,73321832112128753462240343031591674546766458753503906982235246998043524582875,1756287905,2025-08-27 09:45:05,0.5
bitcoin-up-or-down-august-27-6pm-et,UP,73321832112128753462240343031591674546766458753503906982235246998043524582875,1756287967,2025-08-27 09:46:07,0.5
bitcoin-up-or-down-august-27-6pm-et,UP,73321832112128753462240343031591674546766458753503906982235246998043524582875,1756288022,2025-08-27 09:47:02,0.5
bitcoin-up-or-down-august-27-6pm-et,UP,73321832112128753462240343031591674546766458753503906982235246998043524582875,1756288082,2025-08-27 09:48:02,0.5
bitcoin-up-or-down-august-27-6pm-et,UP,73321832112128753462240343031591674546766458753503906982235246998043524582875,1756288143,2025-08-27 09:49:03,0.5
bitcoin-up-or-down-august-27-6pm-et,UP,73321832112128753462240343031591674546766458753503906982235246998043524582875,1756288203,2025-08-27 09:50:03,0.5
bitcoin-up-or-down-august-27-6pm-et,UP,73321832112128753462240343031591674546766458753503906982235246998043524582875,1756288264,2025-08-27 09:51:04,0.5
bitcoin-up-or-down-august-27-6pm-et,UP,73321832112128753462240343031591674546766458753503906982235246998043524582875,1756288322,2025-08-27 09:52:02,0.5
bitcoin-up-or-down-august-27-6pm-et,UP,73321832112128753462240343031591674546766458753503906982235246998043524582875,1756288383,2025-08-27 09:53:03,0.5
bitcoin-up-or-down-august-27-6pm-et,UP,73321832112128753462240343031591674546766458753503906982235246998043524582875,1756288443,2025-08-27 09:54:03,0.5
bitcoin-up-or-down-august-27-6pm-et,UP,73321832112128753462240343031591674546766458753503906982235246998043524582875,1756288506,2025-08-27 09:55:06,0.5
bitcoin-up-or-down-august-27-6pm-et,UP,73321832112128753462240343031591674546766458753503906982235246998043524582875,1756288568,2025-08-27 09:56:08,0.5
bitcoin-up-or-down-august-27-6pm-et,UP,73321832112128753462240343031591674546766458753503906982235246998043524582875,1756288623,2025-08-27 09:57:03,0.5
bitcoin-up-or-down-august-27-6pm-et,UP,73321832112128753462240343031591674546766458753503906982235246998043524582875,1756288683,2025-08-27 09:58:03,0.5
bitcoin-up-or-down-august-27-6pm-et,UP,73321832112128753462240343031591674546766458753503906982235246998043524582875,1756288743,2025-08-27 09:59:03,0.5
bitcoin-up-or-down-august-27-6pm-et,UP,73321832112128753462240343031591674546766458753503906982235246998043524582875,1756288815,2025-08-27 10:00:15,0.5
bitcoin-up-or-down-august-27-6pm-et,UP,73321832112128753462240343031591674546766458753503906982235246998043524582875,1756288863,2025-08-27 10:01:03,0.5
bitcoin-up-or-down-august-27-6pm-et,UP,73321832112128753462240343031591674546766458753503906982235246998043524582875,1756288922,2025-08-27 10:02:02,0.5
bitcoin-up-or-down-august-27-6pm-et,UP,73321832112128753462240343031591674546766458753503906982235246998043524582875,1756288984,2025-08-27 10:03:04,0.5
bitcoin-up-or-down-august-27-6pm-et,UP,73321832112128753462240343031591674546766458753503906982235246998043524582875,1756289043,2025-08-27 10:04:03,0.5
bitcoin-up-or-down-august-27-6pm-et,UP,73321832112128753462240343031591674546766458753503906982235246998043524582875,1756289106,2025-08-27 10:05:06,0.5
bitcoin-up-or-down-august-27-6pm-et,UP,73321832112128753462240343031591674546766458753503906982235246998043524582875,1756289162,2025-08-27 10:06:02,0.5
bitcoin-up-or-down-august-27-6pm-et,UP,73321832112128753462240343031591674546766458753503906982235246998043524582875,1756289222,2025-08-27 10:07:02,0.5
bitcoin-up-or-down-august-27-6pm-et,UP,73321832112128753462240343031591674546766458753503906982235246998043524582875,1756289282,2025-08-27 10:08:02,0.5
bitcoin-up-or-down-august-27-6pm-et,UP,73321832112128753462240343031591674546766458753503906982235246998043524582875,1756289342,2025-08-27 10:09:02,0.5
bitcoin-up-or-down-august-27-6pm-et,UP,73321832112128753462240343031591674546766458753503906982235246998043524582875,1756289417,2025-08-27 10:10:17,0.5
bitcoin-up-or-down-august-27-6pm-et,UP,73321832112128753462240343031591674546766458753503906982235246998043524582875,1756289462,2025-08-27 10:11:02,0.5
bitcoin-up-or-down-august-27-6pm-et,UP,73321832112128753462240343031591674546766458753503906982235246998043524582875,1756289522,2025-08-27 10:12:02,0.5
bitcoin-up-or-down-august-27-6pm-et,UP,73321832112128753462240343031591674546766458753503906982235246998043524582875,1756289582,2025-08-27 10:13:02,0.5
bitcoin-up-or-down-august-27-6pm-et,UP,73321832112128753462240343031591674546766458753503906982235246998043524582875,1756289642,2025-08-27 10:14:02,0.5
bitcoin-up-or-down-august-27-6pm-et,UP,73321832112128753462240343031591674546766458753503906982235246998043524582875,1756289704,2025-08-27 10:15:04,0.5
bitcoin-up-or-down-august-27-6pm-et,UP,73321832112128753462240343031591674546766458753503906982235246998043524582875,1756289763,2025-08-27 10:16:03,0.5
bitcoin-up-or-down-august-27-6pm-et,UP,73321832112128753462240343031591674546766458753503906982235246998043524582875,1756289823,2025-08-27 10:17:03,0.5
bitcoin-up-or-down-august-27-6pm-et,UP,73321832112128753462240343031591674546766458753503906982235246998043524582875,1756289882,2025-08-27 10:18:02,0.5
bitcoin-up-or-down-august-27-6pm-et,UP,73321832112128753462240343031591674546766458753503906982235246998043524582875,1756289943,2025-08-27 10:19:03,0.5
bitcoin-up-or-down-august-27-6pm-et,UP,73321832112128753462240343031591674546766458753503906982235246998043524582875,1756290005,2025-08-27 10:20:05,0.5
bitcoin-up-or-down-august-27-6pm-et,UP,73321832112128753462240343031591674546766458753503906982235246998043524582875,1756290065,2025-08-27 10:21:05,0.5
bitcoin-up-or-down-august-27-6pm-et,UP,73321832112128753462240343031591674546766458753503906982235246998043524582875,1756290123,2025-08-27 10:22:03,0.5
bitcoin-up-or-down-august-27-6pm-et,UP,73321832112128753462240343031591674546766458753503906982235246998043524582875,1756290184,2025-08-27 10:23:04,0.5
bitcoin-up-or-down-august-27-6pm-et,UP,73321832112128753462240343031591674546766458753503906982235246998043524582875,1756290243,2025-08-27 10:24:03,0.5
bitcoin-up-or-down-august-27-6pm-et,UP,73321832112128753462240343031591674546766458753503906982235246998043524582875,1756290311,2025-08-27 10:25:11,0.5
bitcoin-up-or-down-august-27-6pm-et,UP,73321832112128753462240343031591674546766458753503906982235246998043524582875,1756290363,2025-08-27 10:26:03,0.5
bitcoin-up-or-down-august-27-6pm-et,UP,73321832112128753462240343031591674546766458753503906982235246998043524582875,1756290423,2025-08-27 10:27:03,0.5
bitcoin-up-or-down-august-27-6pm-et,UP,73321832112128753462240343031591674546766458753503906982235246998043524582875,1756290483,2025-08-27 10:28:03,0.5
bitcoin-up-or-down-august-27-6pm-et,UP,73321832112128753462240343031591674546766458753503906982235246998043524582875,1756290543,2025-08-27 10:29:03,0.5
bitcoin-up-or-down-august-27-6pm-et,UP,73321832112128753462240343031591674546766458753503906982235246998043524582875,1756290615,2025-08-27 10:30:15,0.5
bitcoin-up-or-down-august-27-6pm-et,UP,73321832112128753462240343031591674546766458753503906982235246998043524582875,1756290663,2025-08-27 10:31:03,0.5
bitcoin-up-or-down-august-27-6pm-et,UP,73321832112128753462240343031591674546766458753503906982235246998043524582875,1756290724,2025-08-27 10:32:04,0.5
bitcoin-up-or-down-august-27-6pm-et,UP,73321832112128753462240343031591674546766458753503906982235246998043524582875,1756290784,2025-08-27 10:33:04,0.5
bitcoin-up-or-down-august-27-6pm-et,UP,73321832112128753462240343031591674546766458753503906982235246998043524582875,1756290842,2025-08-27 10:34:02,0.5
bitcoin-up-or-down-august-27-6pm-et,UP,73321832112128753462240343031591674546766458753503906982235246998043524582875,1756290902,2025-08-27 10:35:02,0.5
bitcoin-up-or-down-august-27-6pm-et,UP,73321832112128753462240343031591674546766458753503906982235246998043524582875,1756290962,2025-08-27 10:36:02,0.5
bitcoin-up-or-down-august-27-6pm-et,UP,73321832112128753462240343031591674546766458753503906982235246998043524582875,1756291023,2025-08-27 10:37:03,0.5
bitcoin-up-or-down-august-27-6pm-et,UP,73321832112128753462240343031591674546766458753503906982235246998043524582875,1756291082,2025-08-27 10:38:02,0.5
bitcoin-up-or-down-august-27-6pm-et,UP,73321832112128753462240343031591674546766458753503906982235246998043524582875,1756291142,2025-08-27 10:39:02,0.5
bitcoin-up-or-down-august-27-6pm-et,UP,73321832112128753462240343031591674546766458753503906982235246998043524582875,1756291211,2025-08-27 10:40:11,0.5
bitcoin-up-or-down-august-27-6pm-et,UP,73321832112128753462240343031591674546766458753503906982235246998043524582875,1756291263,2025-08-27 10:41:03,0.5
bitcoin-up-or-down-august-27-6pm-et,UP,73321832112128753462240343031591674546766458753503906982235246998043524582875,1756291323,2025-08-27 10:42:03,0.5
bitcoin-up-or-down-august-27-6pm-et,UP,73321832112128753462240343031591674546766458753503906982235246998043524582875,1756291383,2025-08-27 10:43:03,0.5
bitcoin-up-or-down-august-27-6pm-et,UP,73321832112128753462240343031591674546766458753503906982235246998043524582875,1756291442,2025-08-27 10:44:02,0.5
bitcoin-up-or-down-august-27-6pm-et,UP,73321832112128753462240343031591674546766458753503906982235246998043524582875,1756291513,2025-08-27 10:45:13,0.5
bitcoin-up-or-down-august-27-6pm-et,UP,73321832112128753462240343031591674546766458753503906982235246998043524582875,1756291564,2025-08-27 10:46:04,0.5
bitcoin-up-or-down-august-27-6pm-et,UP,73321832112128753462240343031591674546766458753503906982235246998043524582875,1756291624,2025-08-27 10:47:04,0.5
bitcoin-up-or-down-august-27-6pm-et,UP,73321832112128753462240343031591674546766458753503906982235246998043524582875,1756291683,2025-08-27 10:48:03,0.5
bitcoin-up-or-down-august-27-6pm-et,UP,73321832112128753462240343031591674546766458753503906982235246998043524582875,1756291742,2025-08-27 10:49:02,0.5
bitcoin-up-or-down-august-27-6pm-et,UP,73321832112128753462240343031591674546766458753503906982235246998043524582875,1756291805,2025-08-27 10:50:05,0.5
bitcoin-up-or-down-august-27-6pm-et,UP,73321832112128753462240343031591674546766458753503906982235246998043524582875,1756291862,2025-08-27 10:51:02,0.5
bitcoin-up-or-down-august-27-6pm-et,UP,73321832112128753462240343031591674546766458753503906982235246998043524582875,1756291923,2025-08-27 10:52:03,0.5
bitcoin-up-or-down-august-27-6pm-et,UP,73321832112128753462240343031591674546766458753503906982235246998043524582875,1756291982,2025-08-27 10:53:02,0.5
bitcoin-up-or-down-august-27-6pm-et,UP,73321832112128753462240343031591674546766458753503906982235246998043524582875,1756292043,2025-08-27 10:54:03,0.5
bitcoin-up-or-down-august-27-6pm-et,UP,73321832112128753462240343031591674546766458753503906982235246998043524582875,1756292103,2025-08-27 10:55:03,0.5
bitcoin-up-or-down-august-27-6pm-et,UP,73321832112128753462240343031591674546766458753503906982235246998043524582875,1756292163,2025-08-27 10:56:03,0.5
bitcoin-up-or-down-august-27-6pm-et,UP,73321832112128753462240343031591674546766458753503906982235246998043524582875,1756292222,2025-08-27 10:57:02,0.5
bitcoin-up-or-down-august-27-6pm-et,UP,73321832112128753462240343031591674546766458753503906982235246998043524582875,1756292282,2025-08-27 10:58:02,0.5
bitcoin-up-or-down-august-27-6pm-et,UP,73321832112128753462240343031591674546766458753503906982235246998043524582875,1756292342,2025-08-27 10:59:02,0.5
bitcoin-up-or-down-august-27-6pm-et,UP,73321832112128753462240343031591674546766458753503906982235246998043524582875,1756292403,2025-08-27 11:00:03,0.5
bitcoin-up-or-down-august-27-6pm-et,UP,73321832112128753462240343031591674546766458753503906982235246998043524582875,1756292463,2025-08-27 11:01:03,0.5
bitcoin-up-or-down-august-27-6pm-et,UP,73321832112128753462240343031591674546766458753503906982235246998043524582875,1756292522,2025-08-27 11:02:02,0.5
bitcoin-up-or-down-august-27-6pm-et,UP,73321832112128753462240343031591674546766458753503906982235246998043524582875,1756292583,2025-08-27 11:03:03,0.5
bitcoin-up-or-down-august-27-6pm-et,UP,73321832112128753462240343031591674546766458753503906982235246998043524582875,1756292643,2025-08-27 11:04:03,0.5
bitcoin-up-or-down-august-27-6pm-et,UP,73321832112128753462240343031591674546766458753503906982235246998043524582875,1756292716,2025-08-27 11:05:16,0.5
bitcoin-up-or-down-august-27-6pm-et,UP,73321832112128753462240343031591674546766458753503906982235246998043524582875,1756292762,2025-08-27 11:06:02,0.5
bitcoin-up-or-down-august-27-6pm-et,UP,73321832112128753462240343031591674546766458753503906982235246998043524582875,1756292823,2025-08-27 11:07:03,0.5
bitcoin-up-or-down-august-27-6pm-et,UP,73321832112128753462240343031591674546766458753503906982235246998043524582875,1756292883,2025-08-27 11:08:03,0.5
bitcoin-up-or-down-august-27-6pm-et,UP,73321832112128753462240343031591674546766458753503906982235246998043524582875,1756292943,2025-08-27 11:09:03,0.5
bitcoin-up-or-down-august-27-6pm-et,UP,73321832112128753462240343031591674546766458753503906982235246998043524582875,1756293004,2025-08-27 11:10:04,0.5
bitcoin-up-or-down-august-27-6pm-et,UP,73321832112128753462240343031591674546766458753503906982235246998043524582875,1756293062,2025-08-27 11:11:02,0.5
bitcoin-up-or-down-august-27-6pm-et,UP,73321832112128753462240343031591674546766458753503906982235246998043524582875,1756293123,2025-08-27 11:12:03,0.5
bitcoin-up-or-down-august-27-6pm-et,UP,73321832112128753462240343031591674546766458753503906982235246998043524582875,1756293183,2025-08-27 11:13:03,0.5
bitcoin-up-or-down-august-27-6pm-et,UP,73321832112128753462240343031591674546766458753503906982235246998043524582875,1756293244,2025-08-27 11:14:04,0.5
bitcoin-up-or-down-august-27-6pm-et,UP,73321832112128753462240343031591674546766458753503906982235246998043524582875,1756293310,2025-08-27 11:15:10,0.5
bitcoin-up-or-down-august-27-6pm-et,UP,73321832112128753462240343031591674546766458753503906982235246998043524582875,1756293363,2025-08-27 11:16:03,0.5
bitcoin-up-or-down-august-27-6pm-et,UP,73321832112128753462240343031591674546766458753503906982235246998043524582875,1756293422,2025-08-27 11:17:02,0.5
bitcoin-up-or-down-august-27-6pm-et,UP,73321832112128753462240343031591674546766458753503906982235246998043524582875,1756293483,2025-08-27 11:18:03,0.5
bitcoin-up-or-down-august-27-6pm-et,UP,73321832112128753462240343031591674546766458753503906982235246998043524582875,1756293544,2025-08-27 11:19:04,0.5
bitcoin-up-or-down-august-27-6pm-et,UP,73321832112128753462240343031591674546766458753503906982235246998043524582875,1756293607,2025-08-27 11:20:07,0.5
bitcoin-up-or-down-august-27-6pm-et,UP,73321832112128753462240343031591674546766458753503906982235246998043524582875,1756293663,2025-08-27 11:21:03,0.5
bitcoin-up-or-down-august-27-6pm-et,UP,73321832112128753462240343031591674546766458753503906982235246998043524582875,1756293722,2025-08-27 11:22:02,0.5
bitcoin-up-or-down-august-27-6pm-et,UP,73321832112128753462240343031591674546766458753503906982235246998043524582875,1756293784,2025-08-27 11:23:04,0.5
bitcoin-up-or-down-august-27-6pm-et,UP,73321832112128753462240343031591674546766458753503906982235246998043524582875,1756293843,2025-08-27 11:24:03,0.5
bitcoin-up-or-down-august-27-6pm-et,UP,73321832112128753462240343031591674546766458753503906982235246998043524582875,1756293902,2025-08-27 11:25:02,0.5
bitcoin-up-or-down-august-27-6pm-et,UP,73321832112128753462240343031591674546766458753503906982235246998043524582875,1756293963,2025-08-27 11:26:03,0.5
bitcoin-up-or-down-august-27-6pm-et,UP,73321832112128753462240343031591674546766458753503906982235246998043524582875,1756294024,2025-08-27 11:27:04,0.5
bitcoin-up-or-down-august-27-6pm-et,UP,73321832112128753462240343031591674546766458753503906982235246998043524582875,1756294084,2025-08-27 11:28:04,0.5
bitcoin-up-or-down-august-27-6pm-et,UP,73321832112128753462240343031591674546766458753503906982235246998043524582875,1756294143,2025-08-27 11:29:03,0.5
bitcoin-up-or-down-august-27-6pm-et,UP,73321832112128753462240343031591674546766458753503906982235246998043524582875,1756294209,2025-08-27 11:30:09,0.5
bitcoin-up-or-down-august-27-6pm-et,UP,73321832112128753462240343031591674546766458753503906982235246998043524582875,1756294262,2025-08-27 11:31:02,0.5
bitcoin-up-or-down-august-27-6pm-et,UP,73321832112128753462240343031591674546766458753503906982235246998043524582875,1756294324,2025-08-27 11:32:04,0.5
bitcoin-up-or-down-august-27-6pm-et,UP,73321832112128753462240343031591674546766458753503906982235246998043524582875,1756294383,2025-08-27 11:33:03,0.5
bitcoin-up-or-down-august-27-6pm-et,UP,73321832112128753462240343031591674546766458753503906982235246998043524582875,1756294444,2025-08-27 11:34:04,0.5
bitcoin-up-or-down-august-27-6pm-et,UP,73321832112128753462240343031591674546766458753503906982235246998043524582875,1756294508,2025-08-27 11:35:08,0.5
bitcoin-up-or-down-august-27-6pm-et,UP,73321832112128753462240343031591674546766458753503906982235246998043524582875,1756294562,2025-08-27 11:36:02,0.5
bitcoin-up-or-down-august-27-6pm-et,UP,73321832112128753462240343031591674546766458753503906982235246998043524582875,1756294622,2025-08-27 11:37:02,0.5
bitcoin-up-or-down-august-27-6pm-et,UP,73321832112128753462240343031591674546766458753503906982235246998043524582875,1756294683,2025-08-27 11:38:03,0.5
bitcoin-up-or-down-august-27-6pm-et,UP,73321832112128753462240343031591674546766458753503906982235246998043524582875,1756294744,2025-08-27 11:39:04,0.5
bitcoin-up-or-down-august-27-6pm-et,UP,73321832112128753462240343031591674546766458753503906982235246998043524582875,1756294802,2025-08-27 11:40:02,0.5
bitcoin-up-or-down-august-27-6pm-et,UP,73321832112128753462240343031591674546766458753503906982235246998043524582875,1756294862,2025-08-27 11:41:02,0.5
bitcoin-up-or-down-august-27-6pm-et,UP,73321832112128753462240343031591674546766458753503906982235246998043524582875,1756294924,2025-08-27 11:42:04,0.5
bitcoin-up-or-down-august-27-6pm-et,UP,73321832112128753462240343031591674546766458753503906982235246998043524582875,1756294983,2025-08-27 11:43:03,0.5
bitcoin-up-or-down-august-27-6pm-et,UP,73321832112128753462240343031591674546766458753503906982235246998043524582875,1756295042,2025-08-27 11:44:02,0.5
bitcoin-up-or-down-august-27-6pm-et,UP,73321832112128753462240343031591674546766458753503906982235246998043524582875,1756295109,2025-08-27 11:45:09,0.5
bitcoin-up-or-down-august-27-6pm-et,UP,73321832112128753462240343031591674546766458753503906982235246998043524582875,1756295163,2025-08-27 11:46:03,0.5
bitcoin-up-or-down-august-27-6pm-et,UP,73321832112128753462240343031591674546766458753503906982235246998043524582875,1756295223,2025-08-27 11:47:03,0.5
bitcoin-up-or-down-august-27-6pm-et,UP,73321832112128753462240343031591674546766458753503906982235246998043524582875,1756295282,2025-08-27 11:48:02,0.5
bitcoin-up-or-down-august-27-6pm-et,UP,73321832112128753462240343031591674546766458753503906982235246998043524582875,1756295342,2025-08-27 11:49:02,0.5
bitcoin-up-or-down-august-27-6pm-et,UP,73321832112128753462240343031591674546766458753503906982235246998043524582875,1756295412,2025-08-27 11:50:12,0.5
bitcoin-up-or-down-august-27-6pm-et,UP,73321832112128753462240343031591674546766458753503906982235246998043524582875,1756295464,2025-08-27 11:51:04,0.5
bitcoin-up-or-down-august-27-6pm-et,UP,73321832112128753462240343031591674546766458753503906982235246998043524582875,1756295524,2025-08-27 11:52:04,0.5
bitcoin-up-or-down-august-27-6pm-et,UP,73321832112128753462240343031591674546766458753503906982235246998043524582875,1756295583,2025-08-27 11:53:03,0.5
bitcoin-up-or-down-august-27-6pm-et,UP,73321832112128753462240343031591674546766458753503906982235246998043524582875,1756295644,2025-08-27 11:54:04,0.5
bitcoin-up-or-down-august-27-6pm-et,UP,73321832112128753462240343031591674546766458753503906982235246998043524582875,1756295714,2025-08-27 11:55:14,0.5
bitcoin-up-or-down-august-27-6pm-et,UP,73321832112128753462240343031591674546766458753503906982235246998043524582875,1756295764,2025-08-27 11:56:04,0.5
bitcoin-up-or-down-august-27-6pm-et,UP,73321832112128753462240343031591674546766458753503906982235246998043524582875,1756295823,2025-08-27 11:57:03,0.5
bitcoin-up-or-down-august-27-6pm-et,UP,73321832112128753462240343031591674546766458753503906982235246998043524582875,1756295882,2025-08-27 11:58:02,0.5
bitcoin-up-or-down-august-27-6pm-et,UP,73321832112128753462240343031591674546766458753503906982235246998043524582875,1756295943,2025-08-27 11:59:03,0.5
bitcoin-up-or-down-august-27-6pm-et,UP,73321832112128753462240343031591674546766458753503906982235246998043524582875,1756296022,2025-08-27 12:00:22,0.5
bitcoin-up-or-down-august-27-6pm-et,UP,73321832112128753462240343031591674546766458753503906982235246998043524582875,1756296063,2025-08-27 12:01:03,0.5
bitcoin-up-or-down-august-27-6pm-et,UP,73321832112128753462240343031591674546766458753503906982235246998043524582875,1756296123,2025-08-27 12:02:03,0.5
bitcoin-up-or-down-august-27-6pm-et,UP,73321832112128753462240343031591674546766458753503906982235246998043524582875,1756296183,2025-08-27 12:03:03,0.5
bitcoin-up-or-down-august-27-6pm-et,UP,73321832112128753462240343031591674546766458753503906982235246998043524582875,1756296243,2025-08-27 12:04:03,0.5
bitcoin-up-or-down-august-27-6pm-et,UP,73321832112128753462240343031591674546766458753503906982235246998043524582875,1756296307,2025-08-27 12:05:07,0.5
bitcoin-up-or-down-august-27-6pm-et,UP,73321832112128753462240343031591674546766458753503906982235246998043524582875,1756296363,2025-08-27 12:06:03,0.5
bitcoin-up-or-down-august-27-6pm-et,UP,73321832112128753462240343031591674546766458753503906982235246998043524582875,1756296424,2025-08-27 12:07:04,0.5
bitcoin-up-or-down-august-27-6pm-et,UP,73321832112128753462240343031591674546766458753503906982235246998043524582875,1756296482,2025-08-27 12:08:02,0.5
bitcoin-up-or-down-august-27-6pm-et,UP,73321832112128753462240343031591674546766458753503906982235246998043524582875,1756296542,2025-08-27 12:09:02,0.5
bitcoin-up-or-down-august-27-6pm-et,UP,73321832112128753462240343031591674546766458753503906982235246998043524582875,1756296616,2025-08-27 12:10:16,0.505
bitcoin-up-or-down-august-27-6pm-et,UP,73321832112128753462240343031591674546766458753503906982235246998043524582875,1756296664,2025-08-27 12:11:04,0.505
bitcoin-up-or-down-august-27-6pm-et,UP,73321832112128753462240343031591674546766458753503906982235246998043524582875,1756296722,2025-08-27 12:12:02,0.505
bitcoin-up-or-down-august-27-6pm-et,UP,73321832112128753462240343031591674546766458753503906982235246998043524582875,1756296782,2025-08-27 12:13:02,0.5
bitcoin-up-or-down-august-27-6pm-et,UP,73321832112128753462240343031591674546766458753503906982235246998043524582875,1756296843,2025-08-27 12:14:03,0.5
bitcoin-up-or-down-august-27-6pm-et,UP,73321832112128753462240343031591674546766458753503906982235246998043524582875,1756296918,2025-08-27 12:15:18,0.5
bitcoin-up-or-down-august-27-6pm-et,UP,73321832112128753462240343031591674546766458753503906982235246998043524582875,1756296962,2025-08-27 12:16:02,0.5
bitcoin-up-or-down-august-27-6pm-et,UP,73321832112128753462240343031591674546766458753503906982235246998043524582875,1756297023,2025-08-27 12:17:03,0.5
bitcoin-up-or-down-august-27-6pm-et,UP,73321832112128753462240343031591674546766458753503906982235246998043524582875,1756297082,2025-08-27 12:18:02,0.5
bitcoin-up-or-down-august-27-6pm-et,UP,73321832112128753462240343031591674546766458753503906982235246998043524582875,1756297144,2025-08-27 12:19:04,0.5
bitcoin-up-or-down-august-27-6pm-et,UP,73321832112128753462240343031591674546766458753503906982235246998043524582875,1756297214,2025-08-27 12:20:14,0.5
bitcoin-up-or-down-august-27-6pm-et,UP,73321832112128753462240343031591674546766458753503906982235246998043524582875,1756297262,2025-08-27 12:21:02,0.5
bitcoin-up-or-down-august-27-6pm-et,UP,73321832112128753462240343031591674546766458753503906982235246998043524582875,1756297323,2025-08-27 12:22:03,0.5
bitcoin-up-or-down-august-27-6pm-et,UP,73321832112128753462240343031591674546766458753503906982235246998043524582875,1756297384,2025-08-27 12:23:04,0.5
bitcoin-up-or-down-august-27-6pm-et,UP,73321832112128753462240343031591674546766458753503906982235246998043524582875,1756297444,2025-08-27 12:24:04,0.5
bitcoin-up-or-down-august-27-6pm-et,UP,73321832112128753462240343031591674546766458753503906982235246998043524582875,1756297507,2025-08-27 12:25:07,0.5
bitcoin-up-or-down-august-27-6pm-et,UP,73321832112128753462240343031591674546766458753503906982235246998043524582875,1756297563,2025-08-27 12:26:03,0.5
bitcoin-up-or-down-august-27-6pm-et,UP,73321832112128753462240343031591674546766458753503906982235246998043524582875,1756297623,2025-08-27 12:27:03,0.5
bitcoin-up-or-down-august-27-6pm-et,UP,73321832112128753462240343031591674546766458753503906982235246998043524582875,1756297684,2025-08-27 12:28:04,0.5
bitcoin-up-or-down-august-27-6pm-et,UP,73321832112128753462240343031591674546766458753503906982235246998043524582875,1756297743,2025-08-27 12:29:03,0.5
bitcoin-up-or-down-august-27-6pm-et,UP,73321832112128753462240343031591674546766458753503906982235246998043524582875,1756297812,2025-08-27 12:30:12,0.5
bitcoin-up-or-down-august-27-6pm-et,UP,73321832112128753462240343031591674546766458753503906982235246998043524582875,1756297864,2025-08-27 12:31:04,0.5
bitcoin-up-or-down-august-27-6pm-et,UP,73321832112128753462240343031591674546766458753503906982235246998043524582875,1756297924,2025-08-27 12:32:04,0.5
bitcoin-up-or-down-august-27-6pm-et,UP,73321832112128753462240343031591674546766458753503906982235246998043524582875,1756297983,2025-08-27 12:33:03,0.5
bitcoin-up-or-down-august-27-6pm-et,UP,73321832112128753462240343031591674546766458753503906982235246998043524582875,1756298042,2025-08-27 12:34:02,0.5
bitcoin-up-or-down-august-27-6pm-et,UP,73321832112128753462240343031591674546766458753503906982235246998043524582875,1756298115,2025-08-27 12:35:15,0.5
bitcoin-up-or-down-august-27-6pm-et,UP,73321832112128753462240343031591674546766458753503906982235246998043524582875,1756298162,2025-08-27 12:36:02,0.5
bitcoin-up-or-down-august-27-6pm-et,UP,73321832112128753462240343031591674546766458753503906982235246998043524582875,1756298225,2025-08-27 12:37:05,0.5
bitcoin-up-or-down-august-27-6pm-et,UP,73321832112128753462240343031591674546766458753503906982235246998043524582875,1756298283,2025-08-27 12:38:03,0.5
bitcoin-up-or-down-august-27-6pm-et,UP,73321832112128753462240343031591674546766458753503906982235246998043524582875,1756298343,2025-08-27 12:39:03,0.5
bitcoin-up-or-down-august-27-6pm-et,UP,73321832112128753462240343031591674546766458753503906982235246998043524582875,1756298406,2025-08-27 12:40:06,0.5
bitcoin-up-or-down-august-27-6pm-et,UP,73321832112128753462240343031591674546766458753503906982235246998043524582875,1756298463,2025-08-27 12:41:03,0.5
bitcoin-up-or-down-august-27-6pm-et,UP,73321832112128753462240343031591674546766458753503906982235246998043524582875,1756298523,2025-08-27 12:42:03,0.5
bitcoin-up-or-down-august-27-6pm-et,UP,73321832112128753462240343031591674546766458753503906982235246998043524582875,1756298582,2025-08-27 12:43:02,0.5
bitcoin-up-or-down-august-27-6pm-et,UP,73321832112128753462240343031591674546766458753503906982235246998043524582875,1756298642,2025-08-27 12:44:02,0.5
bitcoin-up-or-down-august-27-6pm-et,UP,73321832112128753462240343031591674546766458753503906982235246998043524582875,1756298710,2025-08-27 12:45:10,0.5
bitcoin-up-or-down-august-27-6pm-et,UP,73321832112128753462240343031591674546766458753503906982235246998043524582875,1756298762,2025-08-27 12:46:02,0.5
bitcoin-up-or-down-august-27-6pm-et,UP,73321832112128753462240343031591674546766458753503906982235246998043524582875,1756298824,2025-08-27 12:47:04,0.5
bitcoin-up-or-down-august-27-6pm-et,UP,73321832112128753462240343031591674546766458753503906982235246998043524582875,1756298883,2025-08-27 12:48:03,0.5
bitcoin-up-or-down-august-27-6pm-et,UP,73321832112128753462240343031591674546766458753503906982235246998043524582875,1756298942,2025-08-27 12:49:02,0.5
bitcoin-up-or-down-august-27-6pm-et,UP,73321832112128753462240343031591674546766458753503906982235246998043524582875,1756299008,2025-08-27 12:50:08,0.5
bitcoin-up-or-down-august-27-6pm-et,UP,73321832112128753462240343031591674546766458753503906982235246998043524582875,1756299064,2025-08-27 12:51:04,0.5
bitcoin-up-or-down-august-27-6pm-et,UP,73321832112128753462240343031591674546766458753503906982235246998043524582875,1756299122,2025-08-27 12:52:02,0.5
bitcoin-up-or-down-august-27-6pm-et,UP,73321832112128753462240343031591674546766458753503906982235246998043524582875,1756299184,2025-08-27 12:53:04,0.5
bitcoin-up-or-down-august-27-6pm-et,UP,73321832112128753462240343031591674546766458753503906982235246998043524582875,1756299243,2025-08-27 12:54:03,0.5
bitcoin-up-or-down-august-27-6pm-et,UP,73321832112128753462240343031591674546766458753503906982235246998043524582875,1756299303,2025-08-27 12:55:03,0.5
bitcoin-up-or-down-august-27-6pm-et,UP,73321832112128753462240343031591674546766458753503906982235246998043524582875,1756299362,2025-08-27 12:56:02,0.5
bitcoin-up-or-down-august-27-6pm-et,UP,73321832112128753462240343031591674546766458753503906982235246998043524582875,1756299423,2025-08-27 12:57:03,0.5
bitcoin-up-or-down-august-27-6pm-et,UP,73321832112128753462240343031591674546766458753503906982235246998043524582875,1756299483,2025-08-27 12:58:03,0.5
bitcoin-up-or-down-august-27-6pm-et,UP,73321832112128753462240343031591674546766458753503906982235246998043524582875,1756299543,2025-08-27 12:59:03,0.5
bitcoin-up-or-down-august-27-6pm-et,UP,73321832112128753462240343031591674546766458753503906982235246998043524582875,1756299614,2025-08-27 13:00:14,0.5
bitcoin-up-or-down-august-27-6pm-et,UP,73321832112128753462240343031591674546766458753503906982235246998043524582875,1756299664,2025-08-27 13:01:04,0.5
bitcoin-up-or-down-august-27-6pm-et,UP,73321832112128753462240343031591674546766458753503906982235246998043524582875,1756299722,2025-08-27 13:02:02,0.5
bitcoin-up-or-down-august-27-6pm-et,UP,73321832112128753462240343031591674546766458753503906982235246998043524582875,1756299782,2025-08-27 13:03:02,0.5
bitcoin-up-or-down-august-27-6pm-et,UP,73321832112128753462240343031591674546766458753503906982235246998043524582875,1756299843,2025-08-27 13:04:03,0.5
bitcoin-up-or-down-august-27-6pm-et,UP,73321832112128753462240343031591674546766458753503906982235246998043524582875,1756299909,2025-08-27 13:05:09,0.5
bitcoin-up-or-down-august-27-6pm-et,UP,73321832112128753462240343031591674546766458753503906982235246998043524582875,1756299966,2025-08-27 13:06:06,0.5
bitcoin-up-or-down-august-27-6pm-et,UP,73321832112128753462240343031591674546766458753503906982235246998043524582875,1756300024,2025-08-27 13:07:04,0.5
bitcoin-up-or-down-august-27-6pm-et,UP,73321832112128753462240343031591674546766458753503906982235246998043524582875,1756300082,2025-08-27 13:08:02,0.5
bitcoin-up-or-down-august-27-6pm-et,UP,73321832112128753462240343031591674546766458753503906982235246998043524582875,1756300142,2025-08-27 13:09:02,0.5
bitcoin-up-or-down-august-27-6pm-et,UP,73321832112128753462240343031591674546766458753503906982235246998043524582875,1756300208,2025-08-27 13:10:08,0.5
bitcoin-up-or-down-august-27-6pm-et,UP,73321832112128753462240343031591674546766458753503906982235246998043524582875,1756300264,2025-08-27 13:11:04,0.5
bitcoin-up-or-down-august-27-6pm-et,UP,73321832112128753462240343031591674546766458753503906982235246998043524582875,1756300323,2025-08-27 13:12:03,0.5
bitcoin-up-or-down-august-27-6pm-et,UP,73321832112128753462240343031591674546766458753503906982235246998043524582875,1756300383,2025-08-27 13:13:03,0.5
bitcoin-up-or-down-august-27-6pm-et,UP,73321832112128753462240343031591674546766458753503906982235246998043524582875,1756300442,2025-08-27 13:14:02,0.5
bitcoin-up-or-down-august-27-6pm-et,UP,73321832112128753462240343031591674546766458753503906982235246998043524582875,1756300504,2025-08-27 13:15:04,0.5
bitcoin-up-or-down-august-27-6pm-et,UP,73321832112128753462240343031591674546766458753503906982235246998043524582875,1756300563,2025-08-27 13:16:03,0.5
bitcoin-up-or-down-august-27-6pm-et,UP,73321832112128753462240343031591674546766458753503906982235246998043524582875,1756300624,2025-08-27 13:17:04,0.5
bitcoin-up-or-down-august-27-6pm-et,UP,73321832112128753462240343031591674546766458753503906982235246998043524582875,1756300682,2025-08-27 13:18:02,0.5
bitcoin-up-or-down-august-27-6pm-et,UP,73321832112128753462240343031591674546766458753503906982235246998043524582875,1756300742,2025-08-27 13:19:02,0.5
bitcoin-up-or-down-august-27-6pm-et,UP,73321832112128753462240343031591674546766458753503906982235246998043524582875,1756300802,2025-08-27 13:20:02,0.5
bitcoin-up-or-down-august-27-6pm-et,UP,73321832112128753462240343031591674546766458753503906982235246998043524582875,1756300863,2025-08-27 13:21:03,0.5
bitcoin-up-or-down-august-27-6pm-et,UP,73321832112128753462240343031591674546766458753503906982235246998043524582875,1756300923,2025-08-27 13:22:03,0.5
bitcoin-up-or-down-august-27-6pm-et,UP,73321832112128753462240343031591674546766458753503906982235246998043524582875,1756300982,2025-08-27 13:23:02,0.5
bitcoin-up-or-down-august-27-6pm-et,UP,73321832112128753462240343031591674546766458753503906982235246998043524582875,1756301044,2025-08-27 13:24:04,0.5
bitcoin-up-or-down-august-27-6pm-et,UP,73321832112128753462240343031591674546766458753503906982235246998043524582875,1756301109,2025-08-27 13:25:09,0.5
bitcoin-up-or-down-august-27-6pm-et,UP,73321832112128753462240343031591674546766458753503906982235246998043524582875,1756301164,2025-08-27 13:26:04,0.5
bitcoin-up-or-down-august-27-6pm-et,UP,73321832112128753462240343031591674546766458753503906982235246998043524582875,1756301223,2025-08-27 13:27:03,0.5
bitcoin-up-or-down-august-27-6pm-et,UP,73321832112128753462240343031591674546766458753503906982235246998043524582875,1756301282,2025-08-27 13:28:02,0.5
bitcoin-up-or-down-august-27-6pm-et,UP,73321832112128753462240343031591674546766458753503906982235246998043524582875,1756301343,2025-08-27 13:29:03,0.5
bitcoin-up-or-down-august-27-6pm-et,UP,73321832112128753462240343031591674546766458753503906982235246998043524582875,1756301417,2025-08-27 13:30:17,0.5
bitcoin-up-or-down-august-27-6pm-et,UP,73321832112128753462240343031591674546766458753503906982235246998043524582875,1756301463,2025-08-27 13:31:03,0.5
bitcoin-up-or-down-august-27-6pm-et,UP,73321832112128753462240343031591674546766458753503906982235246998043524582875,1756301522,2025-08-27 13:32:02,0.5
bitcoin-up-or-down-august-27-6pm-et,UP,73321832112128753462240343031591674546766458753503906982235246998043524582875,1756301582,2025-08-27 13:33:02,0.5
bitcoin-up-or-down-august-27-6pm-et,UP,73321832112128753462240343031591674546766458753503906982235246998043524582875,1756301643,2025-08-27 13:34:03,0.5
bitcoin-up-or-down-august-27-6pm-et,UP,73321832112128753462240343031591674546766458753503906982235246998043524582875,1756301705,2025-08-27 13:35:05,0.5
bitcoin-up-or-down-august-27-6pm-et,UP,73321832112128753462240343031591674546766458753503906982235246998043524582875,1756301762,2025-08-27 13:36:02,0.5
bitcoin-up-or-down-august-27-6pm-et,UP,73321832112128753462240343031591674546766458753503906982235246998043524582875,1756301823,2025-08-27 13:37:03,0.5
bitcoin-up-or-down-august-27-6pm-et,UP,73321832112128753462240343031591674546766458753503906982235246998043524582875,1756301883,2025-08-27 13:38:03,0.5
bitcoin-up-or-down-august-27-6pm-et,UP,73321832112128753462240343031591674546766458753503906982235246998043524582875,1756301942,2025-08-27 13:39:02,0.5
bitcoin-up-or-down-august-27-6pm-et,UP,73321832112128753462240343031591674546766458753503906982235246998043524582875,1756302012,2025-08-27 13:40:12,0.5
bitcoin-up-or-down-august-27-6pm-et,UP,73321832112128753462240343031591674546766458753503906982235246998043524582875,1756302062,2025-08-27 13:41:02,0.5
bitcoin-up-or-down-august-27-6pm-et,UP,73321832112128753462240343031591674546766458753503906982235246998043524582875,1756302123,2025-08-27 13:42:03,0.5
bitcoin-up-or-down-august-27-6pm-et,UP,73321832112128753462240343031591674546766458753503906982235246998043524582875,1756302184,2025-08-27 13:43:04,0.5
bitcoin-up-or-down-august-27-6pm-et,UP,73321832112128753462240343031591674546766458753503906982235246998043524582875,1756302243,2025-08-27 13:44:03,0.5
bitcoin-up-or-down-august-27-6pm-et,UP,73321832112128753462240343031591674546766458753503906982235246998043524582875,1756302316,2025-08-27 13:45:16,0.5
bitcoin-up-or-down-august-27-6pm-et,UP,73321832112128753462240343031591674546766458753503906982235246998043524582875,1756302364,2025-08-27 13:46:04,0.5
bitcoin-up-or-down-august-27-6pm-et,UP,73321832112128753462240343031591674546766458753503906982235246998043524582875,1756302423,2025-08-27 13:47:03,0.5
bitcoin-up-or-down-august-27-6pm-et,UP,73321832112128753462240343031591674546766458753503906982235246998043524582875,1756302483,2025-08-27 13:48:03,0.5
bitcoin-up-or-down-august-27-6pm-et,UP,73321832112128753462240343031591674546766458753503906982235246998043524582875,1756302545,2025-08-27 13:49:05,0.5
bitcoin-up-or-down-august-27-6pm-et,UP,73321832112128753462240343031591674546766458753503906982235246998043524582875,1756302609,2025-08-27 13:50:09,0.5
bitcoin-up-or-down-august-27-6pm-et,UP,73321832112128753462240343031591674546766458753503906982235246998043524582875,1756302663,2025-08-27 13:51:03,0.5
bitcoin-up-or-down-august-27-6pm-et,UP,73321832112128753462240343031591674546766458753503906982235246998043524582875,1756302722,2025-08-27 13:52:02,0.5
bitcoin-up-or-down-august-27-6pm-et,UP,73321832112128753462240343031591674546766458753503906982235246998043524582875,1756302784,2025-08-27 13:53:04,0.5
bitcoin-up-or-down-august-27-6pm-et,UP,73321832112128753462240343031591674546766458753503906982235246998043524582875,1756302843,2025-08-27 13:54:03,0.5
bitcoin-up-or-down-august-27-6pm-et,UP,73321832112128753462240343031591674546766458753503906982235246998043524582875,1756302917,2025-08-27 13:55:17,0.5
bitcoin-up-or-down-august-27-6pm-et,UP,73321832112128753462240343031591674546766458753503906982235246998043524582875,1756302963,2025-08-27 13:56:03,0.5
bitcoin-up-or-down-august-27-6pm-et,UP,73321832112128753462240343031591674546766458753503906982235246998043524582875,1756303022,2025-08-27 13:57:02,0.5
bitcoin-up-or-down-august-27-6pm-et,UP,73321832112128753462240343031591674546766458753503906982235246998043524582875,1756303083,2025-08-27 13:58:03,0.5
bitcoin-up-or-down-august-27-6pm-et,UP,73321832112128753462240343031591674546766458753503906982235246998043524582875,1756303142,2025-08-27 13:59:02,0.5
bitcoin-up-or-down-august-27-6pm-et,UP,73321832112128753462240343031591674546766458753503906982235246998043524582875,1756303211,2025-08-27 14:00:11,0.5
bitcoin-up-or-down-august-27-6pm-et,UP,73321832112128753462240343031591674546766458753503906982235246998043524582875,1756303264,2025-08-27 14:01:04,0.5
bitcoin-up-or-down-august-27-6pm-et,UP,73321832112128753462240343031591674546766458753503906982235246998043524582875,1756303322,2025-08-27 14:02:02,0.5
bitcoin-up-or-down-august-27-6pm-et,UP,73321832112128753462240343031591674546766458753503906982235246998043524582875,1756303383,2025-08-27 14:03:03,0.5
bitcoin-up-or-down-august-27-6pm-et,UP,73321832112128753462240343031591674546766458753503906982235246998043524582875,1756303443,2025-08-27 14:04:03,0.5
bitcoin-up-or-down-august-27-6pm-et,UP,73321832112128753462240343031591674546766458753503906982235246998043524582875,1756303507,2025-08-27 14:05:07,0.5
bitcoin-up-or-down-august-27-6pm-et,UP,73321832112128753462240343031591674546766458753503906982235246998043524582875,1756303564,2025-08-27 14:06:04,0.5
bitcoin-up-or-down-august-27-6pm-et,UP,73321832112128753462240343031591674546766458753503906982235246998043524582875,1756303624,2025-08-27 14:07:04,0.5
bitcoin-up-or-down-august-27-6pm-et,UP,73321832112128753462240343031591674546766458753503906982235246998043524582875,1756303683,2025-08-27 14:08:03,0.5
bitcoin-up-or-down-august-27-6pm-et,UP,73321832112128753462240343031591674546766458753503906982235246998043524582875,1756303743,2025-08-27 14:09:03,0.5
bitcoin-up-or-down-august-27-6pm-et,UP,73321832112128753462240343031591674546766458753503906982235246998043524582875,1756303807,2025-08-27 14:10:07,0.5
bitcoin-up-or-down-august-27-6pm-et,UP,73321832112128753462240343031591674546766458753503906982235246998043524582875,1756303864,2025-08-27 14:11:04,0.5
bitcoin-up-or-down-august-27-6pm-et,UP,73321832112128753462240343031591674546766458753503906982235246998043524582875,1756303922,2025-08-27 14:12:02,0.5
bitcoin-up-or-down-august-27-6pm-et,UP,73321832112128753462240343031591674546766458753503906982235246998043524582875,1756303983,2025-08-27 14:13:03,0.5
bitcoin-up-or-down-august-27-6pm-et,UP,73321832112128753462240343031591674546766458753503906982235246998043524582875,1756304042,2025-08-27 14:14:02,0.5
bitcoin-up-or-down-august-27-6pm-et,UP,73321832112128753462240343031591674546766458753503906982235246998043524582875,1756304102,2025-08-27 14:15:02,0.5
bitcoin-up-or-down-august-27-6pm-et,UP,73321832112128753462240343031591674546766458753503906982235246998043524582875,1756304163,2025-08-27 14:16:03,0.5
bitcoin-up-or-down-august-27-6pm-et,UP,73321832112128753462240343031591674546766458753503906982235246998043524582875,1756304222,2025-08-27 14:17:02,0.5
bitcoin-up-or-down-august-27-6pm-et,UP,73321832112128753462240343031591674546766458753503906982235246998043524582875,1756304283,2025-08-27 14:18:03,0.5
bitcoin-up-or-down-august-27-6pm-et,UP,73321832112128753462240343031591674546766458753503906982235246998043524582875,1756304344,2025-08-27 14:19:04,0.5
bitcoin-up-or-down-august-27-6pm-et,UP,73321832112128753462240343031591674546766458753503906982235246998043524582875,1756304402,2025-08-27 14:20:02,0.5
bitcoin-up-or-down-august-27-6pm-et,UP,73321832112128753462240343031591674546766458753503906982235246998043524582875,1756304463,2025-08-27 14:21:03,0.5
bitcoin-up-or-down-august-27-6pm-et,UP,73321832112128753462240343031591674546766458753503906982235246998043524582875,1756304522,2025-08-27 14:22:02,0.5
bitcoin-up-or-down-august-27-6pm-et,UP,73321832112128753462240343031591674546766458753503906982235246998043524582875,1756304582,2025-08-27 14:23:02,0.5
bitcoin-up-or-down-august-27-6pm-et,UP,73321832112128753462240343031591674546766458753503906982235246998043524582875,1756304642,2025-08-27 14:24:02,0.5
bitcoin-up-or-down-august-27-6pm-et,UP,73321832112128753462240343031591674546766458753503906982235246998043524582875,1756304712,2025-08-27 14:25:12,0.5
bitcoin-up-or-down-august-27-6pm-et,UP,73321832112128753462240343031591674546766458753503906982235246998043524582875,1756304764,2025-08-27 14:26:04,0.5
bitcoin-up-or-down-august-27-6pm-et,UP,73321832112128753462240343031591674546766458753503906982235246998043524582875,1756304822,2025-08-27 14:27:02,0.5
bitcoin-up-or-down-august-27-6pm-et,UP,73321832112128753462240343031591674546766458753503906982235246998043524582875,1756304883,2025-08-27 14:28:03,0.5
bitcoin-up-or-down-august-27-6pm-et,UP,73321832112128753462240343031591674546766458753503906982235246998043524582875,1756304943,2025-08-27 14:29:03,0.5
bitcoin-up-or-down-august-27-6pm-et,UP,73321832112128753462240343031591674546766458753503906982235246998043524582875,1756305012,2025-08-27 14:30:12,0.5
bitcoin-up-or-down-august-27-6pm-et,UP,73321832112128753462240343031591674546766458753503906982235246998043524582875,1756305062,2025-08-27 14:31:02,0.5
bitcoin-up-or-down-august-27-6pm-et,UP,73321832112128753462240343031591674546766458753503906982235246998043524582875,1756305123,2025-08-27 14:32:03,0.5
bitcoin-up-or-down-august-27-6pm-et,UP,73321832112128753462240343031591674546766458753503906982235246998043524582875,1756305182,2025-08-27 14:33:02,0.5
bitcoin-up-or-down-august-27-6pm-et,UP,73321832112128753462240343031591674546766458753503906982235246998043524582875,1756305243,2025-08-27 14:34:03,0.5
bitcoin-up-or-down-august-27-6pm-et,UP,73321832112128753462240343031591674546766458753503906982235246998043524582875,1756305311,2025-08-27 14:35:11,0.5
bitcoin-up-or-down-august-27-6pm-et,UP,73321832112128753462240343031591674546766458753503906982235246998043524582875,1756305363,2025-08-27 14:36:03,0.5
bitcoin-up-or-down-august-27-6pm-et,UP,73321832112128753462240343031591674546766458753503906982235246998043524582875,1756305422,2025-08-27 14:37:02,0.5
bitcoin-up-or-down-august-27-6pm-et,UP,73321832112128753462240343031591674546766458753503906982235246998043524582875,1756305482,2025-08-27 14:38:02,0.5
bitcoin-up-or-down-august-27-6pm-et,UP,73321832112128753462240343031591674546766458753503906982235246998043524582875,1756305543,2025-08-27 14:39:03,0.5
bitcoin-up-or-down-august-27-6pm-et,UP,73321832112128753462240343031591674546766458753503906982235246998043524582875,1756305602,2025-08-27 14:40:02,0.5
bitcoin-up-or-down-august-27-6pm-et,UP,73321832112128753462240343031591674546766458753503906982235246998043524582875,1756305663,2025-08-27 14:41:03,0.5
bitcoin-up-or-down-august-27-6pm-et,UP,73321832112128753462240343031591674546766458753503906982235246998043524582875,1756305724,2025-08-27 14:42:04,0.5
bitcoin-up-or-down-august-27-6pm-et,UP,73321832112128753462240343031591674546766458753503906982235246998043524582875,1756305782,2025-08-27 14:43:02,0.5
bitcoin-up-or-down-august-27-6pm-et,UP,73321832112128753462240343031591674546766458753503906982235246998043524582875,1756305842,2025-08-27 14:44:02,0.5
bitcoin-up-or-down-august-27-6pm-et,UP,73321832112128753462240343031591674546766458753503906982235246998043524582875,1756305913,2025-08-27 14:45:13,0.5
bitcoin-up-or-down-august-27-6pm-et,UP,73321832112128753462240343031591674546766458753503906982235246998043524582875,1756305963,2025-08-27 14:46:03,0.5
bitcoin-up-or-down-august-27-6pm-et,UP,73321832112128753462240343031591674546766458753503906982235246998043524582875,1756306022,2025-08-27 14:47:02,0.5
bitcoin-up-or-down-august-27-6pm-et,UP,73321832112128753462240343031591674546766458753503906982235246998043524582875,1756306082,2025-08-27 14:48:02,0.5
bitcoin-up-or-down-august-27-6pm-et,UP,73321832112128753462240343031591674546766458753503906982235246998043524582875,1756306142,2025-08-27 14:49:02,0.5
bitcoin-up-or-down-august-27-6pm-et,UP,73321832112128753462240343031591674546766458753503906982235246998043524582875,1756306202,2025-08-27 14:50:02,0.5
bitcoin-up-or-down-august-27-6pm-et,UP,73321832112128753462240343031591674546766458753503906982235246998043524582875,1756306263,2025-08-27 14:51:03,0.5
bitcoin-up-or-down-august-27-6pm-et,UP,73321832112128753462240343031591674546766458753503906982235246998043524582875,1756306322,2025-08-27 14:52:02,0.5
bitcoin-up-or-down-august-27-6pm-et,UP,73321832112128753462240343031591674546766458753503906982235246998043524582875,1756306382,2025-08-27 14:53:02,0.5
bitcoin-up-or-down-august-27-6pm-et,UP,73321832112128753462240343031591674546766458753503906982235246998043524582875,1756306443,2025-08-27 14:54:03,0.5
bitcoin-up-or-down-august-27-6pm-et,UP,73321832112128753462240343031591674546766458753503906982235246998043524582875,1756306512,2025-08-27 14:55:12,0.5
bitcoin-up-or-down-august-27-6pm-et,UP,73321832112128753462240343031591674546766458753503906982235246998043524582875,1756306562,2025-08-27 14:56:02,0.5
bitcoin-up-or-down-august-27-6pm-et,UP,73321832112128753462240343031591674546766458753503906982235246998043524582875,1756306622,2025-08-27 14:57:02,0.5
bitcoin-up-or-down-august-27-6pm-et,UP,73321832112128753462240343031591674546766458753503906982235246998043524582875,1756306684,2025-08-27 14:58:04,0.5
bitcoin-up-or-down-august-27-6pm-et,UP,73321832112128753462240343031591674546766458753503906982235246998043524582875,1756306743,2025-08-27 14:59:03,0.5
bitcoin-up-or-down-august-27-6pm-et,UP,73321832112128753462240343031591674546766458753503906982235246998043524582875,1756306819,2025-08-27 15:00:19,0.5
bitcoin-up-or-down-august-27-6pm-et,UP,73321832112128753462240343031591674546766458753503906982235246998043524582875,1756306863,2025-08-27 15:01:03,0.5
bitcoin-up-or-down-august-27-6pm-et,UP,73321832112128753462240343031591674546766458753503906982235246998043524582875,1756306924,2025-08-27 15:02:04,0.5
bitcoin-up-or-down-august-27-6pm-et,UP,73321832112128753462240343031591674546766458753503906982235246998043524582875,1756306982,2025-08-27 15:03:02,0.5
bitcoin-up-or-down-august-27-6pm-et,UP,73321832112128753462240343031591674546766458753503906982235246998043524582875,1756307043,2025-08-27 15:04:03,0.5
bitcoin-up-or-down-august-27-6pm-et,UP,73321832112128753462240343031591674546766458753503906982235246998043524582875,1756307105,2025-08-27 15:05:05,0.5
bitcoin-up-or-down-august-27-6pm-et,UP,73321832112128753462240343031591674546766458753503906982235246998043524582875,1756307163,2025-08-27 15:06:03,0.5
bitcoin-up-or-down-august-27-6pm-et,UP,73321832112128753462240343031591674546766458753503906982235246998043524582875,1756307222,2025-08-27 15:07:02,0.5
bitcoin-up-or-down-august-27-6pm-et,UP,73321832112128753462240343031591674546766458753503906982235246998043524582875,1756307283,2025-08-27 15:08:03,0.5
bitcoin-up-or-down-august-27-6pm-et,UP,73321832112128753462240343031591674546766458753503906982235246998043524582875,1756307342,2025-08-27 15:09:02,0.5
bitcoin-up-or-down-august-27-6pm-et,UP,73321832112128753462240343031591674546766458753503906982235246998043524582875,1756307414,2025-08-27 15:10:14,0.5
bitcoin-up-or-down-august-27-6pm-et,UP,73321832112128753462240343031591674546766458753503906982235246998043524582875,1756307462,2025-08-27 15:11:02,0.5
bitcoin-up-or-down-august-27-6pm-et,UP,73321832112128753462240343031591674546766458753503906982235246998043524582875,1756307523,2025-08-27 15:12:03,0.5
bitcoin-up-or-down-august-27-6pm-et,UP,73321832112128753462240343031591674546766458753503906982235246998043524582875,1756307583,2025-08-27 15:13:03,0.5
bitcoin-up-or-down-august-27-6pm-et,UP,73321832112128753462240343031591674546766458753503906982235246998043524582875,1756307642,2025-08-27 15:14:02,0.5
bitcoin-up-or-down-august-27-6pm-et,UP,73321832112128753462240343031591674546766458753503906982235246998043524582875,1756307703,2025-08-27 15:15:03,0.5
bitcoin-up-or-down-august-27-6pm-et,UP,73321832112128753462240343031591674546766458753503906982235246998043524582875,1756307762,2025-08-27 15:16:02,0.5
bitcoin-up-or-down-august-27-6pm-et,UP,73321832112128753462240343031591674546766458753503906982235246998043524582875,1756307822,2025-08-27 15:17:02,0.5
bitcoin-up-or-down-august-27-6pm-et,UP,73321832112128753462240343031591674546766458753503906982235246998043524582875,1756307882,2025-08-27 15:18:02,0.5
bitcoin-up-or-down-august-27-6pm-et,UP,73321832112128753462240343031591674546766458753503906982235246998043524582875,1756307942,2025-08-27 15:19:02,0.5
bitcoin-up-or-down-august-27-6pm-et,UP,73321832112128753462240343031591674546766458753503906982235246998043524582875,1756308002,2025-08-27 15:20:02,0.5
bitcoin-up-or-down-august-27-6pm-et,UP,73321832112128753462240343031591674546766458753503906982235246998043524582875,1756308064,2025-08-27 15:21:04,0.5
bitcoin-up-or-down-august-27-6pm-et,UP,73321832112128753462240343031591674546766458753503906982235246998043524582875,1756308123,2025-08-27 15:22:03,0.5
bitcoin-up-or-down-august-27-6pm-et,UP,73321832112128753462240343031591674546766458753503906982235246998043524582875,1756308184,2025-08-27 15:23:04,0.5
bitcoin-up-or-down-august-27-6pm-et,UP,73321832112128753462240343031591674546766458753503906982235246998043524582875,1756308243,2025-08-27 15:24:03,0.5
bitcoin-up-or-down-august-27-6pm-et,UP,73321832112128753462240343031591674546766458753503906982235246998043524582875,1756308313,2025-08-27 15:25:13,0.5
bitcoin-up-or-down-august-27-6pm-et,UP,73321832112128753462240343031591674546766458753503906982235246998043524582875,1756308363,2025-08-27 15:26:03,0.5
bitcoin-up-or-down-august-27-6pm-et,UP,73321832112128753462240343031591674546766458753503906982235246998043524582875,1756308423,2025-08-27 15:27:03,0.5
bitcoin-up-or-down-august-27-6pm-et,UP,73321832112128753462240343031591674546766458753503906982235246998043524582875,1756308483,2025-08-27 15:28:03,0.5
bitcoin-up-or-down-august-27-6pm-et,UP,73321832112128753462240343031591674546766458753503906982235246998043524582875,1756308542,2025-08-27 15:29:02,0.5
bitcoin-up-or-down-august-27-6pm-et,UP,73321832112128753462240343031591674546766458753503906982235246998043524582875,1756308610,2025-08-27 15:30:10,0.5
bitcoin-up-or-down-august-27-6pm-et,UP,73321832112128753462240343031591674546766458753503906982235246998043524582875,1756308663,2025-08-27 15:31:03,0.5
bitcoin-up-or-down-august-27-6pm-et,UP,73321832112128753462240343031591674546766458753503906982235246998043524582875,1756308724,2025-08-27 15:32:04,0.5
bitcoin-up-or-down-august-27-6pm-et,UP,73321832112128753462240343031591674546766458753503906982235246998043524582875,1756308783,2025-08-27 15:33:03,0.5
bitcoin-up-or-down-august-27-6pm-et,UP,73321832112128753462240343031591674546766458753503906982235246998043524582875,1756308842,2025-08-27 15:34:02,0.5
bitcoin-up-or-down-august-27-6pm-et,UP,73321832112128753462240343031591674546766458753503906982235246998043524582875,1756308904,2025-08-27 15:35:04,0.5
bitcoin-up-or-down-august-27-6pm-et,UP,73321832112128753462240343031591674546766458753503906982235246998043524582875,1756308964,2025-08-27 15:36:04,0.5
bitcoin-up-or-down-august-27-6pm-et,UP,73321832112128753462240343031591674546766458753503906982235246998043524582875,1756309023,2025-08-27 15:37:03,0.5
bitcoin-up-or-down-august-27-6pm-et,UP,73321832112128753462240343031591674546766458753503906982235246998043524582875,1756309082,2025-08-27 15:38:02,0.5
bitcoin-up-or-down-august-27-6pm-et,UP,73321832112128753462240343031591674546766458753503906982235246998043524582875,1756309142,2025-08-27 15:39:02,0.5
bitcoin-up-or-down-august-27-6pm-et,UP,73321832112128753462240343031591674546766458753503906982235246998043524582875,1756309204,2025-08-27 15:40:04,0.5
bitcoin-up-or-down-august-27-6pm-et,UP,73321832112128753462240343031591674546766458753503906982235246998043524582875,1756309263,2025-08-27 15:41:03,0.5
bitcoin-up-or-down-august-27-6pm-et,UP,73321832112128753462240343031591674546766458753503906982235246998043524582875,1756309323,2025-08-27 15:42:03,0.5
bitcoin-up-or-down-august-27-6pm-et,UP,73321832112128753462240343031591674546766458753503906982235246998043524582875,1756309384,2025-08-27 15:43:04,0.5
bitcoin-up-or-down-august-27-6pm-et,UP,73321832112128753462240343031591674546766458753503906982235246998043524582875,1756309443,2025-08-27 15:44:03,0.5
bitcoin-up-or-down-august-27-6pm-et,UP,73321832112128753462240343031591674546766458753503906982235246998043524582875,1756309507,2025-08-27 15:45:07,0.5
bitcoin-up-or-down-august-27-6pm-et,UP,73321832112128753462240343031591674546766458753503906982235246998043524582875,1756309564,2025-08-27 15:46:04,0.5
bitcoin-up-or-down-august-27-6pm-et,UP,73321832112128753462240343031591674546766458753503906982235246998043524582875,1756309624,2025-08-27 15:47:04,0.5
bitcoin-up-or-down-august-27-6pm-et,UP,73321832112128753462240343031591674546766458753503906982235246998043524582875,1756309684,2025-08-27 15:48:04,0.5
bitcoin-up-or-down-august-27-6pm-et,UP,73321832112128753462240343031591674546766458753503906982235246998043524582875,1756309744,2025-08-27 15:49:04,0.5
bitcoin-up-or-down-august-27-6pm-et,UP,73321832112128753462240343031591674546766458753503906982235246998043524582875,1756309806,2025-08-27 15:50:06,0.5
bitcoin-up-or-down-august-27-6pm-et,UP,73321832112128753462240343031591674546766458753503906982235246998043524582875,1756309863,2025-08-27 15:51:03,0.5
bitcoin-up-or-down-august-27-6pm-et,UP,73321832112128753462240343031591674546766458753503906982235246998043524582875,1756309922,2025-08-27 15:52:02,0.5
bitcoin-up-or-down-august-27-6pm-et,UP,73321832112128753462240343031591674546766458753503906982235246998043524582875,1756309982,2025-08-27 15:53:02,0.5
bitcoin-up-or-down-august-27-6pm-et,UP,73321832112128753462240343031591674546766458753503906982235246998043524582875,1756310043,2025-08-27 15:54:03,0.5
bitcoin-up-or-down-august-27-6pm-et,UP,73321832112128753462240343031591674546766458753503906982235246998043524582875,1756310105,2025-08-27 15:55:05,0.5
bitcoin-up-or-down-august-27-6pm-et,UP,73321832112128753462240343031591674546766458753503906982235246998043524582875,1756310163,2025-08-27 15:56:03,0.5
bitcoin-up-or-down-august-27-6pm-et,UP,73321832112128753462240343031591674546766458753503906982235246998043524582875,1756310222,2025-08-27 15:57:02,0.5
bitcoin-up-or-down-august-27-6pm-et,UP,73321832112128753462240343031591674546766458753503906982235246998043524582875,1756310284,2025-08-27 15:58:04,0.5
bitcoin-up-or-down-august-27-6pm-et,UP,73321832112128753462240343031591674546766458753503906982235246998043524582875,1756310343,2025-08-27 15:59:03,0.5
bitcoin-up-or-down-august-27-6pm-et,UP,73321832112128753462240343031591674546766458753503906982235246998043524582875,1756310418,2025-08-27 16:00:18,0.5
bitcoin-up-or-down-august-27-6pm-et,UP,73321832112128753462240343031591674546766458753503906982235246998043524582875,1756310464,2025-08-27 16:01:04,0.5
bitcoin-up-or-down-august-27-6pm-et,UP,73321832112128753462240343031591674546766458753503906982235246998043524582875,1756310523,2025-08-27 16:02:03,0.5
bitcoin-up-or-down-august-27-6pm-et,UP,73321832112128753462240343031591674546766458753503906982235246998043524582875,1756310583,2025-08-27 16:03:03,0.5
bitcoin-up-or-down-august-27-6pm-et,UP,73321832112128753462240343031591674546766458753503906982235246998043524582875,1756310643,2025-08-27 16:04:03,0.5
bitcoin-up-or-down-august-27-6pm-et,UP,73321832112128753462240343031591674546766458753503906982235246998043524582875,1756310715,2025-08-27 16:05:15,0.5
bitcoin-up-or-down-august-27-6pm-et,UP,73321832112128753462240343031591674546766458753503906982235246998043524582875,1756310778,2025-08-27 16:06:18,0.5
bitcoin-up-or-down-august-27-6pm-et,UP,73321832112128753462240343031591674546766458753503906982235246998043524582875,1756310822,2025-08-27 16:07:02,0.5
bitcoin-up-or-down-august-27-6pm-et,UP,73321832112128753462240343031591674546766458753503906982235246998043524582875,1756310883,2025-08-27 16:08:03,0.5
bitcoin-up-or-down-august-27-6pm-et,UP,73321832112128753462240343031591674546766458753503906982235246998043524582875,1756310945,2025-08-27 16:09:05,0.5
bitcoin-up-or-down-august-27-6pm-et,UP,73321832112128753462240343031591674546766458753503906982235246998043524582875,1756311004,2025-08-27 16:10:04,0.5
bitcoin-up-or-down-august-27-6pm-et,UP,73321832112128753462240343031591674546766458753503906982235246998043524582875,1756311064,2025-08-27 16:11:04,0.5
bitcoin-up-or-down-august-27-6pm-et,UP,73321832112128753462240343031591674546766458753503906982235246998043524582875,1756311123,2025-08-27 16:12:03,0.5
bitcoin-up-or-down-august-27-6pm-et,UP,73321832112128753462240343031591674546766458753503906982235246998043524582875,1756311182,2025-08-27 16:13:02,0.5
bitcoin-up-or-down-august-27-6pm-et,UP,73321832112128753462240343031591674546766458753503906982235246998043524582875,1756311242,2025-08-27 16:14:02,0.5
bitcoin-up-or-down-august-27-6pm-et,UP,73321832112128753462240343031591674546766458753503906982235246998043524582875,1756311302,2025-08-27 16:15:02,0.5
bitcoin-up-or-down-august-27-6pm-et,UP,73321832112128753462240343031591674546766458753503906982235246998043524582875,1756311363,2025-08-27 16:16:03,0.5
bitcoin-up-or-down-august-27-6pm-et,UP,73321832112128753462240343031591674546766458753503906982235246998043524582875,1756311423,2025-08-27 16:17:03,0.5
bitcoin-up-or-down-august-27-6pm-et,UP,73321832112128753462240343031591674546766458753503906982235246998043524582875,1756311484,2025-08-27 16:18:04,0.5
bitcoin-up-or-down-august-27-6pm-et,UP,73321832112128753462240343031591674546766458753503906982235246998043524582875,1756311542,2025-08-27 16:19:02,0.5
bitcoin-up-or-down-august-27-6pm-et,UP,73321832112128753462240343031591674546766458753503906982235246998043524582875,1756311606,2025-08-27 16:20:06,0.5
bitcoin-up-or-down-august-27-6pm-et,UP,73321832112128753462240343031591674546766458753503906982235246998043524582875,1756311665,2025-08-27 16:21:05,0.5
bitcoin-up-or-down-august-27-6pm-et,UP,73321832112128753462240343031591674546766458753503906982235246998043524582875,1756311722,2025-08-27 16:22:02,0.5
bitcoin-up-or-down-august-27-6pm-et,UP,73321832112128753462240343031591674546766458753503906982235246998043524582875,1756311784,2025-08-27 16:23:04,0.5
bitcoin-up-or-down-august-27-6pm-et,UP,73321832112128753462240343031591674546766458753503906982235246998043524582875,1756311842,2025-08-27 16:24:02,0.5
bitcoin-up-or-down-august-27-6pm-et,UP,73321832112128753462240343031591674546766458753503906982235246998043524582875,1756311906,2025-08-27 16:25:06,0.5
bitcoin-up-or-down-august-27-6pm-et,UP,73321832112128753462240343031591674546766458753503906982235246998043524582875,1756311964,2025-08-27 16:26:04,0.5
bitcoin-up-or-down-august-27-6pm-et,UP,73321832112128753462240343031591674546766458753503906982235246998043524582875,1756312022,2025-08-27 16:27:02,0.5
bitcoin-up-or-down-august-27-6pm-et,UP,73321832112128753462240343031591674546766458753503906982235246998043524582875,1756312083,2025-08-27 16:28:03,0.5
bitcoin-up-or-down-august-27-6pm-et,UP,73321832112128753462240343031591674546766458753503906982235246998043524582875,1756312143,2025-08-27 16:29:03,0.5
bitcoin-up-or-down-august-27-6pm-et,UP,73321832112128753462240343031591674546766458753503906982235246998043524582875,1756312215,2025-08-27 16:30:15,0.5
bitcoin-up-or-down-august-27-6pm-et,UP,73321832112128753462240343031591674546766458753503906982235246998043524582875,1756312264,2025-08-27 16:31:04,0.5
bitcoin-up-or-down-august-27-6pm-et,UP,73321832112128753462240343031591674546766458753503906982235246998043524582875,1756312323,2025-08-27 16:32:03,0.5
bitcoin-up-or-down-august-27-6pm-et,UP,73321832112128753462240343031591674546766458753503906982235246998043524582875,1756312382,2025-08-27 16:33:02,0.5
bitcoin-up-or-down-august-27-6pm-et,UP,73321832112128753462240343031591674546766458753503906982235246998043524582875,1756312442,2025-08-27 16:34:02,0.5
bitcoin-up-or-down-august-27-6pm-et,UP,73321832112128753462240343031591674546766458753503906982235246998043524582875,1756312514,2025-08-27 16:35:14,0.5
bitcoin-up-or-down-august-27-6pm-et,UP,73321832112128753462240343031591674546766458753503906982235246998043524582875,1756312562,2025-08-27 16:36:02,0.5
bitcoin-up-or-down-august-27-6pm-et,UP,73321832112128753462240343031591674546766458753503906982235246998043524582875,1756312624,2025-08-27 16:37:04,0.5
bitcoin-up-or-down-august-27-6pm-et,UP,73321832112128753462240343031591674546766458753503906982235246998043524582875,1756312682,2025-08-27 16:38:02,0.5
bitcoin-up-or-down-august-27-6pm-et,UP,73321832112128753462240343031591674546766458753503906982235246998043524582875,1756312743,2025-08-27 16:39:03,0.5
bitcoin-up-or-down-august-27-6pm-et,UP,73321832112128753462240343031591674546766458753503906982235246998043524582875,1756312805,2025-08-27 16:40:05,0.5
bitcoin-up-or-down-august-27-6pm-et,UP,73321832112128753462240343031591674546766458753503906982235246998043524582875,1756312863,2025-08-27 16:41:03,0.5
bitcoin-up-or-down-august-27-6pm-et,UP,73321832112128753462240343031591674546766458753503906982235246998043524582875,1756312923,2025-08-27 16:42:03,0.5
bitcoin-up-or-down-august-27-6pm-et,UP,73321832112128753462240343031591674546766458753503906982235246998043524582875,1756312982,2025-08-27 16:43:02,0.5
bitcoin-up-or-down-august-27-6pm-et,UP,73321832112128753462240343031591674546766458753503906982235246998043524582875,1756313044,2025-08-27 16:44:04,0.5
bitcoin-up-or-down-august-27-6pm-et,UP,73321832112128753462240343031591674546766458753503906982235246998043524582875,1756313102,2025-08-27 16:45:02,0.5
bitcoin-up-or-down-august-27-6pm-et,UP,73321832112128753462240343031591674546766458753503906982235246998043524582875,1756313163,2025-08-27 16:46:03,0.5
bitcoin-up-or-down-august-27-6pm-et,UP,73321832112128753462240343031591674546766458753503906982235246998043524582875,1756313222,2025-08-27 16:47:02,0.5
bitcoin-up-or-down-august-27-6pm-et,UP,73321832112128753462240343031591674546766458753503906982235246998043524582875,1756313284,2025-08-27 16:48:04,0.5
bitcoin-up-or-down-august-27-6pm-et,UP,73321832112128753462240343031591674546766458753503906982235246998043524582875,1756313344,2025-08-27 16:49:04,0.5
bitcoin-up-or-down-august-27-6pm-et,UP,73321832112128753462240343031591674546766458753503906982235246998043524582875,1756313402,2025-08-27 16:50:02,0.5
bitcoin-up-or-down-august-27-6pm-et,UP,73321832112128753462240343031591674546766458753503906982235246998043524582875,1756313464,2025-08-27 16:51:04,0.5
bitcoin-up-or-down-august-27-6pm-et,UP,73321832112128753462240343031591674546766458753503906982235246998043524582875,1756313522,2025-08-27 16:52:02,0.5
bitcoin-up-or-down-august-27-6pm-et,UP,73321832112128753462240343031591674546766458753503906982235246998043524582875,1756313583,2025-08-27 16:53:03,0.5
bitcoin-up-or-down-august-27-6pm-et,UP,73321832112128753462240343031591674546766458753503906982235246998043524582875,1756313642,2025-08-27 16:54:02,0.5
bitcoin-up-or-down-august-27-6pm-et,UP,73321832112128753462240343031591674546766458753503906982235246998043524582875,1756313703,2025-08-27 16:55:03,0.5
bitcoin-up-or-down-august-27-6pm-et,UP,73321832112128753462240343031591674546766458753503906982235246998043524582875,1756313762,2025-08-27 16:56:02,0.5
bitcoin-up-or-down-august-27-6pm-et,UP,73321832112128753462240343031591674546766458753503906982235246998043524582875,1756313823,2025-08-27 16:57:03,0.5
bitcoin-up-or-down-august-27-6pm-et,UP,73321832112128753462240343031591674546766458753503906982235246998043524582875,1756313883,2025-08-27 16:58:03,0.5
bitcoin-up-or-down-august-27-6pm-et,UP,73321832112128753462240343031591674546766458753503906982235246998043524582875,1756313943,2025-08-27 16:59:03,0.5
bitcoin-up-or-down-august-27-6pm-et,UP,73321832112128753462240343031591674546766458753503906982235246998043524582875,1756314002,2025-08-27 17:00:02,0.5
bitcoin-up-or-down-august-27-6pm-et,UP,73321832112128753462240343031591674546766458753503906982235246998043524582875,1756314063,2025-08-27 17:01:03,0.5
bitcoin-up-or-down-august-27-6pm-et,UP,73321832112128753462240343031591674546766458753503906982235246998043524582875,1756314123,2025-08-27 17:02:03,0.5
bitcoin-up-or-down-august-27-6pm-et,UP,73321832112128753462240343031591674546766458753503906982235246998043524582875,1756314182,2025-08-27 17:03:02,0.5
bitcoin-up-or-down-august-27-6pm-et,UP,73321832112128753462240343031591674546766458753503906982235246998043524582875,1756314245,2025-08-27 17:04:05,0.5
bitcoin-up-or-down-august-27-6pm-et,UP,73321832112128753462240343031591674546766458753503906982235246998043524582875,1756314312,2025-08-27 17:05:12,0.5
bitcoin-up-or-down-august-27-6pm-et,UP,73321832112128753462240343031591674546766458753503906982235246998043524582875,1756314363,2025-08-27 17:06:03,0.5
bitcoin-up-or-down-august-27-6pm-et,UP,73321832112128753462240343031591674546766458753503906982235246998043524582875,1756314423,2025-08-27 17:07:03,0.5
bitcoin-up-or-down-august-27-6pm-et,UP,73321832112128753462240343031591674546766458753503906982235246998043524582875,1756314482,2025-08-27 17:08:02,0.5
bitcoin-up-or-down-august-27-6pm-et,UP,73321832112128753462240343031591674546766458753503906982235246998043524582875,1756314542,2025-08-27 17:09:02,0.5
bitcoin-up-or-down-august-27-6pm-et,UP,73321832112128753462240343031591674546766458753503906982235246998043524582875,1756314615,2025-08-27 17:10:15,0.5
bitcoin-up-or-down-august-27-6pm-et,UP,73321832112128753462240343031591674546766458753503906982235246998043524582875,1756314663,2025-08-27 17:11:03,0.5
bitcoin-up-or-down-august-27-6pm-et,UP,73321832112128753462240343031591674546766458753503906982235246998043524582875,1756314723,2025-08-27 17:12:03,0.5
bitcoin-up-or-down-august-27-6pm-et,UP,73321832112128753462240343031591674546766458753503906982235246998043524582875,1756314782,2025-08-27 17:13:02,0.5
bitcoin-up-or-down-august-27-6pm-et,UP,73321832112128753462240343031591674546766458753503906982235246998043524582875,1756314843,2025-08-27 17:14:03,0.5
bitcoin-up-or-down-august-27-6pm-et,UP,73321832112128753462240343031591674546766458753503906982235246998043524582875,1756314917,2025-08-27 17:15:17,0.5
bitcoin-up-or-down-august-27-6pm-et,UP,73321832112128753462240343031591674546766458753503906982235246998043524582875,1756314963,2025-08-27 17:16:03,0.5
bitcoin-up-or-down-august-27-6pm-et,UP,73321832112128753462240343031591674546766458753503906982235246998043524582875,1756315024,2025-08-27 17:17:04,0.5
bitcoin-up-or-down-august-27-6pm-et,UP,73321832112128753462240343031591674546766458753503906982235246998043524582875,1756315083,2025-08-27 17:18:03,0.5
bitcoin-up-or-down-august-27-6pm-et,UP,73321832112128753462240343031591674546766458753503906982235246998043524582875,1756315142,2025-08-27 17:19:02,0.5
bitcoin-up-or-down-august-27-6pm-et,UP,73321832112128753462240343031591674546766458753503906982235246998043524582875,1756315207,2025-08-27 17:20:07,0.5
bitcoin-up-or-down-august-27-6pm-et,UP,73321832112128753462240343031591674546766458753503906982235246998043524582875,1756315263,2025-08-27 17:21:03,0.5
bitcoin-up-or-down-august-27-6pm-et,UP,73321832112128753462240343031591674546766458753503906982235246998043524582875,1756315323,2025-08-27 17:22:03,0.5
bitcoin-up-or-down-august-27-6pm-et,UP,73321832112128753462240343031591674546766458753503906982235246998043524582875,1756315383,2025-08-27 17:23:03,0.5
bitcoin-up-or-down-august-27-6pm-et,UP,73321832112128753462240343031591674546766458753503906982235246998043524582875,1756315443,2025-08-27 17:24:03,0.5
bitcoin-up-or-down-august-27-6pm-et,UP,73321832112128753462240343031591674546766458753503906982235246998043524582875,1756315508,2025-08-27 17:25:08,0.5
bitcoin-up-or-down-august-27-6pm-et,UP,73321832112128753462240343031591674546766458753503906982235246998043524582875,1756315563,2025-08-27 17:26:03,0.5
bitcoin-up-or-down-august-27-6pm-et,UP,73321832112128753462240343031591674546766458753503906982235246998043524582875,1756315623,2025-08-27 17:27:03,0.5
bitcoin-up-or-down-august-27-6pm-et,UP,73321832112128753462240343031591674546766458753503906982235246998043524582875,1756315683,2025-08-27 17:28:03,0.5
bitcoin-up-or-down-august-27-6pm-et,UP,73321832112128753462240343031591674546766458753503906982235246998043524582875,1756315744,2025-08-27 17:29:04,0.5
bitcoin-up-or-down-august-27-6pm-et,UP,73321832112128753462240343031591674546766458753503906982235246998043524582875,1756315814,2025-08-27 17:30:14,0.5
bitcoin-up-or-down-august-27-6pm-et,UP,73321832112128753462240343031591674546766458753503906982235246998043524582875,1756315862,2025-08-27 17:31:02,0.5
bitcoin-up-or-down-august-27-6pm-et,UP,73321832112128753462240343031591674546766458753503906982235246998043524582875,1756315923,2025-08-27 17:32:03,0.5
bitcoin-up-or-down-august-27-6pm-et,UP,73321832112128753462240343031591674546766458753503906982235246998043524582875,1756315984,2025-08-27 17:33:04,0.5
bitcoin-up-or-down-august-27-6pm-et,UP,73321832112128753462240343031591674546766458753503906982235246998043524582875,1756316043,2025-08-27 17:34:03,0.5
bitcoin-up-or-down-august-27-6pm-et,UP,73321832112128753462240343031591674546766458753503906982235246998043524582875,1756316108,2025-08-27 17:35:08,0.5
bitcoin-up-or-down-august-27-6pm-et,UP,73321832112128753462240343031591674546766458753503906982235246998043524582875,1756316162,2025-08-27 17:36:02,0.5
bitcoin-up-or-down-august-27-6pm-et,UP,73321832112128753462240343031591674546766458753503906982235246998043524582875,1756316223,2025-08-27 17:37:03,0.5
bitcoin-up-or-down-august-27-6pm-et,UP,73321832112128753462240343031591674546766458753503906982235246998043524582875,1756316282,2025-08-27 17:38:02,0.5
bitcoin-up-or-down-august-27-6pm-et,UP,73321832112128753462240343031591674546766458753503906982235246998043524582875,1756316342,2025-08-27 17:39:02,0.5
bitcoin-up-or-down-august-27-6pm-et,UP,73321832112128753462240343031591674546766458753503906982235246998043524582875,1756316410,2025-08-27 17:40:10,0.5
bitcoin-up-or-down-august-27-6pm-et,UP,73321832112128753462240343031591674546766458753503906982235246998043524582875,1756316464,2025-08-27 17:41:04,0.5
bitcoin-up-or-down-august-27-6pm-et,UP,73321832112128753462240343031591674546766458753503906982235246998043524582875,1756316523,2025-08-27 17:42:03,0.5
bitcoin-up-or-down-august-27-6pm-et,UP,73321832112128753462240343031591674546766458753503906982235246998043524582875,1756316582,2025-08-27 17:43:02,0.5
bitcoin-up-or-down-august-27-6pm-et,UP,73321832112128753462240343031591674546766458753503906982235246998043524582875,1756316643,2025-08-27 17:44:03,0.5
bitcoin-up-or-down-august-27-6pm-et,UP,73321832112128753462240343031591674546766458753503906982235246998043524582875,1756316702,2025-08-27 17:45:02,0.5
bitcoin-up-or-down-august-27-6pm-et,UP,73321832112128753462240343031591674546766458753503906982235246998043524582875,1756316762,2025-08-27 17:46:02,0.5
bitcoin-up-or-down-august-27-6pm-et,UP,73321832112128753462240343031591674546766458753503906982235246998043524582875,1756316823,2025-08-27 17:47:03,0.5
bitcoin-up-or-down-august-27-6pm-et,UP,73321832112128753462240343031591674546766458753503906982235246998043524582875,1756316883,2025-08-27 17:48:03,0.5
bitcoin-up-or-down-august-27-6pm-et,UP,73321832112128753462240343031591674546766458753503906982235246998043524582875,1756316942,2025-08-27 17:49:02,0.5
bitcoin-up-or-down-august-27-6pm-et,UP,73321832112128753462240343031591674546766458753503906982235246998043524582875,1756317007,2025-08-27 17:50:07,0.5
bitcoin-up-or-down-august-27-6pm-et,UP,73321832112128753462240343031591674546766458753503906982235246998043524582875,1756317064,2025-08-27 17:51:04,0.5
bitcoin-up-or-down-august-27-6pm-et,UP,73321832112128753462240343031591674546766458753503906982235246998043524582875,1756317123,2025-08-27 17:52:03,0.5
bitcoin-up-or-down-august-27-6pm-et,UP,73321832112128753462240343031591674546766458753503906982235246998043524582875,1756317183,2025-08-27 17:53:03,0.5
bitcoin-up-or-down-august-27-6pm-et,UP,73321832112128753462240343031591674546766458753503906982235246998043524582875,1756317244,2025-08-27 17:54:04,0.5
bitcoin-up-or-down-august-27-6pm-et,UP,73321832112128753462240343031591674546766458753503906982235246998043524582875,1756317305,2025-08-27 17:55:05,0.5
bitcoin-up-or-down-august-27-6pm-et,UP,73321832112128753462240343031591674546766458753503906982235246998043524582875,1756317363,2025-08-27 17:56:03,0.5
bitcoin-up-or-down-august-27-6pm-et,UP,73321832112128753462240343031591674546766458753503906982235246998043524582875,1756317424,2025-08-27 17:57:04,0.5
bitcoin-up-or-down-august-27-6pm-et,UP,73321832112128753462240343031591674546766458753503906982235246998043524582875,1756317482,2025-08-27 17:58:02,0.5
bitcoin-up-or-down-august-27-6pm-et,UP,73321832112128753462240343031591674546766458753503906982235246998043524582875,1756317544,2025-08-27 17:59:04,0.5
bitcoin-up-or-down-august-27-6pm-et,UP,73321832112128753462240343031591674546766458753503906982235246998043524582875,1756317607,2025-08-27 18:00:07,0.5
bitcoin-up-or-down-august-27-6pm-et,UP,73321832112128753462240343031591674546766458753503906982235246998043524582875,1756317663,2025-08-27 18:01:03,0.5
bitcoin-up-or-down-august-27-6pm-et,UP,73321832112128753462240343031591674546766458753503906982235246998043524582875,1756317722,2025-08-27 18:02:02,0.5
bitcoin-up-or-down-august-27-6pm-et,UP,73321832112128753462240343031591674546766458753503906982235246998043524582875,1756317784,2025-08-27 18:03:04,0.5
bitcoin-up-or-down-august-27-6pm-et,UP,73321832112128753462240343031591674546766458753503906982235246998043524582875,1756317843,2025-08-27 18:04:03,0.5
bitcoin-up-or-down-august-27-6pm-et,UP,73321832112128753462240343031591674546766458753503906982235246998043524582875,1756317903,2025-08-27 18:05:03,0.5
bitcoin-up-or-down-august-27-6pm-et,UP,73321832112128753462240343031591674546766458753503906982235246998043524582875,1756317963,2025-08-27 18:06:03,0.5
bitcoin-up-or-down-august-27-6pm-et,UP,73321832112128753462240343031591674546766458753503906982235246998043524582875,1756318023,2025-08-27 18:07:03,0.5
bitcoin-up-or-down-august-27-6pm-et,UP,73321832112128753462240343031591674546766458753503906982235246998043524582875,1756318083,2025-08-27 18:08:03,0.5
bitcoin-up-or-down-august-27-6pm-et,UP,73321832112128753462240343031591674546766458753503906982235246998043524582875,1756318144,2025-08-27 18:09:04,0.5
bitcoin-up-or-down-august-27-6pm-et,UP,73321832112128753462240343031591674546766458753503906982235246998043524582875,1756318203,2025-08-27 18:10:03,0.5
bitcoin-up-or-down-august-27-6pm-et,UP,73321832112128753462240343031591674546766458753503906982235246998043524582875,1756318263,2025-08-27 18:11:03,0.5
bitcoin-up-or-down-august-27-6pm-et,UP,73321832112128753462240343031591674546766458753503906982235246998043524582875,1756318323,2025-08-27 18:12:03,0.5
bitcoin-up-or-down-august-27-6pm-et,UP,73321832112128753462240343031591674546766458753503906982235246998043524582875,1756318382,2025-08-27 18:13:02,0.5
bitcoin-up-or-down-august-27-6pm-et,UP,73321832112128753462240343031591674546766458753503906982235246998043524582875,1756318443,2025-08-27 18:14:03,0.5
bitcoin-up-or-down-august-27-6pm-et,UP,73321832112128753462240343031591674546766458753503906982235246998043524582875,1756318517,2025-08-27 18:15:17,0.5
bitcoin-up-or-down-august-27-6pm-et,UP,73321832112128753462240343031591674546766458753503906982235246998043524582875,1756318563,2025-08-27 18:16:03,0.5
bitcoin-up-or-down-august-27-6pm-et,UP,73321832112128753462240343031591674546766458753503906982235246998043524582875,1756318622,2025-08-27 18:17:02,0.5
bitcoin-up-or-down-august-27-6pm-et,UP,73321832112128753462240343031591674546766458753503906982235246998043524582875,1756318684,2025-08-27 18:18:04,0.5
bitcoin-up-or-down-august-27-6pm-et,UP,73321832112128753462240343031591674546766458753503906982235246998043524582875,1756318742,2025-08-27 18:19:02,0.5
bitcoin-up-or-down-august-27-6pm-et,UP,73321832112128753462240343031591674546766458753503906982235246998043524582875,1756318810,2025-08-27 18:20:10,0.5
bitcoin-up-or-down-august-27-6pm-et,UP,73321832112128753462240343031591674546766458753503906982235246998043524582875,1756318862,2025-08-27 18:21:02,0.5
bitcoin-up-or-down-august-27-6pm-et,UP,73321832112128753462240343031591674546766458753503906982235246998043524582875,1756318922,2025-08-27 18:22:02,0.5
bitcoin-up-or-down-august-27-6pm-et,UP,73321832112128753462240343031591674546766458753503906982235246998043524582875,1756318983,2025-08-27 18:23:03,0.5
bitcoin-up-or-down-august-27-6pm-et,UP,73321832112128753462240343031591674546766458753503906982235246998043524582875,1756319044,2025-08-27 18:24:04,0.5
bitcoin-up-or-down-august-27-6pm-et,UP,73321832112128753462240343031591674546766458753503906982235246998043524582875,1756319110,2025-08-27 18:25:10,0.5
bitcoin-up-or-down-august-27-6pm-et,UP,73321832112128753462240343031591674546766458753503906982235246998043524582875,1756319163,2025-08-27 18:26:03,0.5
bitcoin-up-or-down-august-27-6pm-et,UP,73321832112128753462240343031591674546766458753503906982235246998043524582875,1756319222,2025-08-27 18:27:02,0.5
bitcoin-up-or-down-august-27-6pm-et,UP,73321832112128753462240343031591674546766458753503906982235246998043524582875,1756319283,2025-08-27 18:28:03,0.5
bitcoin-up-or-down-august-27-6pm-et,UP,73321832112128753462240343031591674546766458753503906982235246998043524582875,1756319342,2025-08-27 18:29:02,0.5
bitcoin-up-or-down-august-27-6pm-et,UP,73321832112128753462240343031591674546766458753503906982235246998043524582875,1756319416,2025-08-27 18:30:16,0.5
bitcoin-up-or-down-august-27-6pm-et,UP,73321832112128753462240343031591674546766458753503906982235246998043524582875,1756319463,2025-08-27 18:31:03,0.5
bitcoin-up-or-down-august-27-6pm-et,UP,73321832112128753462240343031591674546766458753503906982235246998043524582875,1756319524,2025-08-27 18:32:04,0.5
bitcoin-up-or-down-august-27-6pm-et,UP,73321832112128753462240343031591674546766458753503906982235246998043524582875,1756319583,2025-08-27 18:33:03,0.5
bitcoin-up-or-down-august-27-6pm-et,UP,73321832112128753462240343031591674546766458753503906982235246998043524582875,1756319643,2025-08-27 18:34:03,0.5
bitcoin-up-or-down-august-27-6pm-et,UP,73321832112128753462240343031591674546766458753503906982235246998043524582875,1756319706,2025-08-27 18:35:06,0.5
bitcoin-up-or-down-august-27-6pm-et,UP,73321832112128753462240343031591674546766458753503906982235246998043524582875,1756319763,2025-08-27 18:36:03,0.5
bitcoin-up-or-down-august-27-6pm-et,UP,73321832112128753462240343031591674546766458753503906982235246998043524582875,1756319823,2025-08-27 18:37:03,0.5
bitcoin-up-or-down-august-27-6pm-et,UP,73321832112128753462240343031591674546766458753503906982235246998043524582875,1756319884,2025-08-27 18:38:04,0.5
bitcoin-up-or-down-august-27-6pm-et,UP,73321832112128753462240343031591674546766458753503906982235246998043524582875,1756319944,2025-08-27 18:39:04,0.5
bitcoin-up-or-down-august-27-6pm-et,UP,73321832112128753462240343031591674546766458753503906982235246998043524582875,1756320012,2025-08-27 18:40:12,0.5
bitcoin-up-or-down-august-27-6pm-et,UP,73321832112128753462240343031591674546766458753503906982235246998043524582875,1756320064,2025-08-27 18:41:04,0.5
bitcoin-up-or-down-august-27-6pm-et,UP,73321832112128753462240343031591674546766458753503906982235246998043524582875,1756320124,2025-08-27 18:42:04,0.5
bitcoin-up-or-down-august-27-6pm-et,UP,73321832112128753462240343031591674546766458753503906982235246998043524582875,1756320182,2025-08-27 18:43:02,0.5
bitcoin-up-or-down-august-27-6pm-et,UP,73321832112128753462240343031591674546766458753503906982235246998043524582875,1756320242,2025-08-27 18:44:02,0.5
bitcoin-up-or-down-august-27-6pm-et,UP,73321832112128753462240343031591674546766458753503906982235246998043524582875,1756320313,2025-08-27 18:45:13,0.5
bitcoin-up-or-down-august-27-6pm-et,UP,73321832112128753462240343031591674546766458753503906982235246998043524582875,1756320362,2025-08-27 18:46:02,0.5
bitcoin-up-or-down-august-27-6pm-et,UP,73321832112128753462240343031591674546766458753503906982235246998043524582875,1756320422,2025-08-27 18:47:02,0.5
bitcoin-up-or-down-august-27-6pm-et,UP,73321832112128753462240343031591674546766458753503906982235246998043524582875,1756320482,2025-08-27 18:48:02,0.5
bitcoin-up-or-down-august-27-6pm-et,UP,73321832112128753462240343031591674546766458753503906982235246998043524582875,1756320543,2025-08-27 18:49:03,0.5
bitcoin-up-or-down-august-27-6pm-et,UP,73321832112128753462240343031591674546766458753503906982235246998043524582875,1756320611,2025-08-27 18:50:11,0.5
bitcoin-up-or-down-august-27-6pm-et,UP,73321832112128753462240343031591674546766458753503906982235246998043524582875,1756320663,2025-08-27 18:51:03,0.5
bitcoin-up-or-down-august-27-6pm-et,UP,73321832112128753462240343031591674546766458753503906982235246998043524582875,1756320724,2025-08-27 18:52:04,0.5
bitcoin-up-or-down-august-27-6pm-et,UP,73321832112128753462240343031591674546766458753503906982235246998043524582875,1756320784,2025-08-27 18:53:04,0.5
bitcoin-up-or-down-august-27-6pm-et,UP,73321832112128753462240343031591674546766458753503906982235246998043524582875,1756320842,2025-08-27 18:54:02,0.5
bitcoin-up-or-down-august-27-6pm-et,UP,73321832112128753462240343031591674546766458753503906982235246998043524582875,1756320912,2025-08-27 18:55:12,0.5
bitcoin-up-or-down-august-27-6pm-et,UP,73321832112128753462240343031591674546766458753503906982235246998043524582875,1756320963,2025-08-27 18:56:03,0.5
bitcoin-up-or-down-august-27-6pm-et,UP,73321832112128753462240343031591674546766458753503906982235246998043524582875,1756321023,2025-08-27 18:57:03,0.5
bitcoin-up-or-down-august-27-6pm-et,UP,73321832112128753462240343031591674546766458753503906982235246998043524582875,1756321083,2025-08-27 18:58:03,0.5
bitcoin-up-or-down-august-27-6pm-et,UP,73321832112128753462240343031591674546766458753503906982235246998043524582875,1756321143,2025-08-27 18:59:03,0.5
bitcoin-up-or-down-august-27-6pm-et,UP,73321832112128753462240343031591674546766458753503906982235246998043524582875,1756321222,2025-08-27 19:00:22,0.5
bitcoin-up-or-down-august-27-6pm-et,UP,73321832112128753462240343031591674546766458753503906982235246998043524582875,1756321264,2025-08-27 19:01:04,0.5
bitcoin-up-or-down-august-27-6pm-et,UP,73321832112128753462240343031591674546766458753503906982235246998043524582875,1756321323,2025-08-27 19:02:03,0.5
bitcoin-up-or-down-august-27-6pm-et,UP,73321832112128753462240343031591674546766458753503906982235246998043524582875,1756321382,2025-08-27 19:03:02,0.5
bitcoin-up-or-down-august-27-6pm-et,UP,73321832112128753462240343031591674546766458753503906982235246998043524582875,1756321442,2025-08-27 19:04:02,0.5
bitcoin-up-or-down-august-27-6pm-et,UP,73321832112128753462240343031591674546766458753503906982235246998043524582875,1756321502,2025-08-27 19:05:02,0.5
bitcoin-up-or-down-august-27-6pm-et,UP,73321832112128753462240343031591674546766458753503906982235246998043524582875,1756321562,2025-08-27 19:06:02,0.5
bitcoin-up-or-down-august-27-6pm-et,UP,73321832112128753462240343031591674546766458753503906982235246998043524582875,1756321623,2025-08-27 19:07:03,0.5
bitcoin-up-or-down-august-27-6pm-et,UP,73321832112128753462240343031591674546766458753503906982235246998043524582875,1756321683,2025-08-27 19:08:03,0.5
bitcoin-up-or-down-august-27-6pm-et,UP,73321832112128753462240343031591674546766458753503906982235246998043524582875,1756321743,2025-08-27 19:09:03,0.5
bitcoin-up-or-down-august-27-6pm-et,UP,73321832112128753462240343031591674546766458753503906982235246998043524582875,1756321813,2025-08-27 19:10:13,0.5
bitcoin-up-or-down-august-27-6pm-et,UP,73321832112128753462240343031591674546766458753503906982235246998043524582875,1756321864,2025-08-27 19:11:04,0.5
bitcoin-up-or-down-august-27-6pm-et,UP,73321832112128753462240343031591674546766458753503906982235246998043524582875,1756321922,2025-08-27 19:12:02,0.5
bitcoin-up-or-down-august-27-6pm-et,UP,73321832112128753462240343031591674546766458753503906982235246998043524582875,1756321982,2025-08-27 19:13:02,0.5
bitcoin-up-or-down-august-27-6pm-et,UP,73321832112128753462240343031591674546766458753503906982235246998043524582875,1756322044,2025-08-27 19:14:04,0.5
bitcoin-up-or-down-august-27-6pm-et,UP,73321832112128753462240343031591674546766458753503906982235246998043524582875,1756322105,2025-08-27 19:15:05,0.5
bitcoin-up-or-down-august-27-6pm-et,UP,73321832112128753462240343031591674546766458753503906982235246998043524582875,1756322163,2025-08-27 19:16:03,0.5
bitcoin-up-or-down-august-27-6pm-et,UP,73321832112128753462240343031591674546766458753503906982235246998043524582875,1756322223,2025-08-27 19:17:03,0.505
bitcoin-up-or-down-august-27-6pm-et,UP,73321832112128753462240343031591674546766458753503906982235246998043524582875,1756322283,2025-08-27 19:18:03,0.505
bitcoin-up-or-down-august-27-6pm-et,UP,73321832112128753462240343031591674546766458753503906982235246998043524582875,1756322342,2025-08-27 19:19:02,0.505
bitcoin-up-or-down-august-27-6pm-et,UP,73321832112128753462240343031591674546766458753503906982235246998043524582875,1756322405,2025-08-27 19:20:05,0.505
bitcoin-up-or-down-august-27-6pm-et,UP,73321832112128753462240343031591674546766458753503906982235246998043524582875,1756322464,2025-08-27 19:21:04,0.505
bitcoin-up-or-down-august-27-6pm-et,UP,73321832112128753462240343031591674546766458753503906982235246998043524582875,1756322522,2025-08-27 19:22:02,0.505
bitcoin-up-or-down-august-27-6pm-et,UP,73321832112128753462240343031591674546766458753503906982235246998043524582875,1756322582,2025-08-27 19:23:02,0.505
bitcoin-up-or-down-august-27-6pm-et,UP,73321832112128753462240343031591674546766458753503906982235246998043524582875,1756322644,2025-08-27 19:24:04,0.505
bitcoin-up-or-down-august-27-6pm-et,UP,73321832112128753462240343031591674546766458753503906982235246998043524582875,1756322711,2025-08-27 19:25:11,0.505
bitcoin-up-or-down-august-27-6pm-et,UP,73321832112128753462240343031591674546766458753503906982235246998043524582875,1756322763,2025-08-27 19:26:03,0.505
bitcoin-up-or-down-august-27-6pm-et,UP,73321832112128753462240343031591674546766458753503906982235246998043524582875,1756322823,2025-08-27 19:27:03,0.505
bitcoin-up-or-down-august-27-6pm-et,UP,73321832112128753462240343031591674546766458753503906982235246998043524582875,1756322884,2025-08-27 19:28:04,0.505
bitcoin-up-or-down-august-27-6pm-et,UP,73321832112128753462240343031591674546766458753503906982235246998043524582875,1756322943,2025-08-27 19:29:03,0.505
bitcoin-up-or-down-august-27-6pm-et,UP,73321832112128753462240343031591674546766458753503906982235246998043524582875,1756323007,2025-08-27 19:30:07,0.505
bitcoin-up-or-down-august-27-6pm-et,UP,73321832112128753462240343031591674546766458753503906982235246998043524582875,1756323063,2025-08-27 19:31:03,0.505
bitcoin-up-or-down-august-27-6pm-et,UP,73321832112128753462240343031591674546766458753503906982235246998043524582875,1756323122,2025-08-27 19:32:02,0.505
bitcoin-up-or-down-august-27-6pm-et,UP,73321832112128753462240343031591674546766458753503906982235246998043524582875,1756323183,2025-08-27 19:33:03,0.505
bitcoin-up-or-down-august-27-6pm-et,UP,73321832112128753462240343031591674546766458753503906982235246998043524582875,1756323242,2025-08-27 19:34:02,0.505
bitcoin-up-or-down-august-27-6pm-et,UP,73321832112128753462240343031591674546766458753503906982235246998043524582875,1756323312,2025-08-27 19:35:12,0.505
bitcoin-up-or-down-august-27-6pm-et,UP,73321832112128753462240343031591674546766458753503906982235246998043524582875,1756323363,2025-08-27 19:36:03,0.505
bitcoin-up-or-down-august-27-6pm-et,UP,73321832112128753462240343031591674546766458753503906982235246998043524582875,1756323423,2025-08-27 19:37:03,0.505
bitcoin-up-or-down-august-27-6pm-et,UP,73321832112128753462240343031591674546766458753503906982235246998043524582875,1756323484,2025-08-27 19:38:04,0.505
bitcoin-up-or-down-august-27-6pm-et,UP,73321832112128753462240343031591674546766458753503906982235246998043524582875,1756323542,2025-08-27 19:39:02,0.505
bitcoin-up-or-down-august-27-6pm-et,UP,73321832112128753462240343031591674546766458753503906982235246998043524582875,1756323611,2025-08-27 19:40:11,0.505
bitcoin-up-or-down-august-27-6pm-et,UP,73321832112128753462240343031591674546766458753503906982235246998043524582875,1756323662,2025-08-27 19:41:02,0.505
bitcoin-up-or-down-august-27-6pm-et,UP,73321832112128753462240343031591674546766458753503906982235246998043524582875,1756323724,2025-08-27 19:42:04,0.505
bitcoin-up-or-down-august-27-6pm-et,UP,73321832112128753462240343031591674546766458753503906982235246998043524582875,1756323783,2025-08-27 19:43:03,0.505
bitcoin-up-or-down-august-27-6pm-et,UP,73321832112128753462240343031591674546766458753503906982235246998043524582875,1756323843,2025-08-27 19:44:03,0.505
bitcoin-up-or-down-august-27-6pm-et,UP,73321832112128753462240343031591674546766458753503906982235246998043524582875,1756323911,2025-08-27 19:45:11,0.505
bitcoin-up-or-down-august-27-6pm-et,UP,73321832112128753462240343031591674546766458753503906982235246998043524582875,1756323964,2025-08-27 19:46:04,0.505
bitcoin-up-or-down-august-27-6pm-et,UP,73321832112128753462240343031591674546766458753503906982235246998043524582875,1756324023,2025-08-27 19:47:03,0.505
bitcoin-up-or-down-august-27-6pm-et,UP,73321832112128753462240343031591674546766458753503906982235246998043524582875,1756324084,2025-08-27 19:48:04,0.505
bitcoin-up-or-down-august-27-6pm-et,UP,73321832112128753462240343031591674546766458753503906982235246998043524582875,1756324143,2025-08-27 19:49:03,0.505
bitcoin-up-or-down-august-27-6pm-et,UP,73321832112128753462240343031591674546766458753503906982235246998043524582875,1756324207,2025-08-27 19:50:07,0.505
bitcoin-up-or-down-august-27-6pm-et,UP,73321832112128753462240343031591674546766458753503906982235246998043524582875,1756324263,2025-08-27 19:51:03,0.505
bitcoin-up-or-down-august-27-6pm-et,UP,73321832112128753462240343031591674546766458753503906982235246998043524582875,1756324324,2025-08-27 19:52:04,0.505
bitcoin-up-or-down-august-27-6pm-et,UP,73321832112128753462240343031591674546766458753503906982235246998043524582875,1756324383,2025-08-27 19:53:03,0.505
bitcoin-up-or-down-august-27-6pm-et,UP,73321832112128753462240343031591674546766458753503906982235246998043524582875,1756324445,2025-08-27 19:54:05,0.505
bitcoin-up-or-down-august-27-6pm-et,UP,73321832112128753462240343031591674546766458753503906982235246998043524582875,1756324506,2025-08-27 19:55:06,0.505
bitcoin-up-or-down-august-27-6pm-et,UP,73321832112128753462240343031591674546766458753503906982235246998043524582875,1756324563,2025-08-27 19:56:03,0.505
bitcoin-up-or-down-august-27-6pm-et,UP,73321832112128753462240343031591674546766458753503906982235246998043524582875,1756324622,2025-08-27 19:57:02,0.505
bitcoin-up-or-down-august-27-6pm-et,UP,73321832112128753462240343031591674546766458753503906982235246998043524582875,1756324683,2025-08-27 19:58:03,0.505
bitcoin-up-or-down-august-27-6pm-et,UP,73321832112128753462240343031591674546766458753503906982235246998043524582875,1756324742,2025-08-27 19:59:02,0.505
bitcoin-up-or-down-august-27-6pm-et,UP,73321832112128753462240343031591674546766458753503906982235246998043524582875,1756324804,2025-08-27 20:00:04,0.505
bitcoin-up-or-down-august-27-6pm-et,UP,73321832112128753462240343031591674546766458753503906982235246998043524582875,1756324863,2025-08-27 20:01:03,0.505
bitcoin-up-or-down-august-27-6pm-et,UP,73321832112128753462240343031591674546766458753503906982235246998043524582875,1756324923,2025-08-27 20:02:03,0.505
bitcoin-up-or-down-august-27-6pm-et,UP,73321832112128753462240343031591674546766458753503906982235246998043524582875,1756324982,2025-08-27 20:03:02,0.505
bitcoin-up-or-down-august-27-6pm-et,UP,73321832112128753462240343031591674546766458753503906982235246998043524582875,1756325044,2025-08-27 20:04:04,0.505
bitcoin-up-or-down-august-27-6pm-et,UP,73321832112128753462240343031591674546766458753503906982235246998043524582875,1756325102,2025-08-27 20:05:02,0.505
bitcoin-up-or-down-august-27-6pm-et,UP,73321832112128753462240343031591674546766458753503906982235246998043524582875,1756325162,2025-08-27 20:06:02,0.505
bitcoin-up-or-down-august-27-6pm-et,UP,73321832112128753462240343031591674546766458753503906982235246998043524582875,1756325223,2025-08-27 20:07:03,0.505
bitcoin-up-or-down-august-27-6pm-et,UP,73321832112128753462240343031591674546766458753503906982235246998043524582875,1756325283,2025-08-27 20:08:03,0.505
bitcoin-up-or-down-august-27-6pm-et,UP,73321832112128753462240343031591674546766458753503906982235246998043524582875,1756325343,2025-08-27 20:09:03,0.505
bitcoin-up-or-down-august-27-6pm-et,UP,73321832112128753462240343031591674546766458753503906982235246998043524582875,1756325411,2025-08-27 20:10:11,0.505
bitcoin-up-or-down-august-27-6pm-et,UP,73321832112128753462240343031591674546766458753503906982235246998043524582875,1756325464,2025-08-27 20:11:04,0.505
bitcoin-up-or-down-august-27-6pm-et,UP,73321832112128753462240343031591674546766458753503906982235246998043524582875,1756325523,2025-08-27 20:12:03,0.505
bitcoin-up-or-down-august-27-6pm-et,UP,73321832112128753462240343031591674546766458753503906982235246998043524582875,1756325582,2025-08-27 20:13:02,0.505
bitcoin-up-or-down-august-27-6pm-et,UP,73321832112128753462240343031591674546766458753503906982235246998043524582875,1756325643,2025-08-27 20:14:03,0.505
bitcoin-up-or-down-august-27-6pm-et,UP,73321832112128753462240343031591674546766458753503906982235246998043524582875,1756325709,2025-08-27 20:15:09,0.505
bitcoin-up-or-down-august-27-6pm-et,UP,73321832112128753462240343031591674546766458753503906982235246998043524582875,1756325763,2025-08-27 20:16:03,0.505
bitcoin-up-or-down-august-27-6pm-et,UP,73321832112128753462240343031591674546766458753503906982235246998043524582875,1756325823,2025-08-27 20:17:03,0.505
bitcoin-up-or-down-august-27-6pm-et,UP,73321832112128753462240343031591674546766458753503906982235246998043524582875,1756325882,2025-08-27 20:18:02,0.505
bitcoin-up-or-down-august-27-6pm-et,UP,73321832112128753462240343031591674546766458753503906982235246998043524582875,1756325942,2025-08-27 20:19:02,0.505
bitcoin-up-or-down-august-27-6pm-et,UP,73321832112128753462240343031591674546766458753503906982235246998043524582875,1756326017,2025-08-27 20:20:17,0.505
bitcoin-up-or-down-august-27-6pm-et,UP,73321832112128753462240343031591674546766458753503906982235246998043524582875,1756326063,2025-08-27 20:21:03,0.505
bitcoin-up-or-down-august-27-6pm-et,UP,73321832112128753462240343031591674546766458753503906982235246998043524582875,1756326123,2025-08-27 20:22:03,0.505
bitcoin-up-or-down-august-27-6pm-et,UP,73321832112128753462240343031591674546766458753503906982235246998043524582875,1756326182,2025-08-27 20:23:02,0.505
bitcoin-up-or-down-august-27-6pm-et,UP,73321832112128753462240343031591674546766458753503906982235246998043524582875,1756326243,2025-08-27 20:24:03,0.505
bitcoin-up-or-down-august-27-6pm-et,UP,73321832112128753462240343031591674546766458753503906982235246998043524582875,1756326303,2025-08-27 20:25:03,0.505
bitcoin-up-or-down-august-27-6pm-et,UP,73321832112128753462240343031591674546766458753503906982235246998043524582875,1756326363,2025-08-27 20:26:03,0.505
bitcoin-up-or-down-august-27-6pm-et,UP,73321832112128753462240343031591674546766458753503906982235246998043524582875,1756326423,2025-08-27 20:27:03,0.505
bitcoin-up-or-down-august-27-6pm-et,UP,73321832112128753462240343031591674546766458753503906982235246998043524582875,1756326483,2025-08-27 20:28:03,0.505
bitcoin-up-or-down-august-27-6pm-et,UP,73321832112128753462240343031591674546766458753503906982235246998043524582875,1756326542,2025-08-27 20:29:02,0.505
bitcoin-up-or-down-august-27-6pm-et,UP,73321832112128753462240343031591674546766458753503906982235246998043524582875,1756326602,2025-08-27 20:30:02,0.505
bitcoin-up-or-down-august-27-6pm-et,UP,73321832112128753462240343031591674546766458753503906982235246998043524582875,1756326662,2025-08-27 20:31:02,0.505
bitcoin-up-or-down-august-27-6pm-et,UP,73321832112128753462240343031591674546766458753503906982235246998043524582875,1756326723,2025-08-27 20:32:03,0.505
bitcoin-up-or-down-august-27-6pm-et,UP,73321832112128753462240343031591674546766458753503906982235246998043524582875,1756326783,2025-08-27 20:33:03,0.505
bitcoin-up-or-down-august-27-6pm-et,UP,73321832112128753462240343031591674546766458753503906982235246998043524582875,1756326842,2025-08-27 20:34:02,0.505
bitcoin-up-or-down-august-27-6pm-et,UP,73321832112128753462240343031591674546766458753503906982235246998043524582875,1756326905,2025-08-27 20:35:05,0.505
bitcoin-up-or-down-august-27-6pm-et,UP,73321832112128753462240343031591674546766458753503906982235246998043524582875,1756326963,2025-08-27 20:36:03,0.505
bitcoin-up-or-down-august-27-6pm-et,UP,73321832112128753462240343031591674546766458753503906982235246998043524582875,1756327022,2025-08-27 20:37:02,0.505
bitcoin-up-or-down-august-27-6pm-et,UP,73321832112128753462240343031591674546766458753503906982235246998043524582875,1756327084,2025-08-27 20:38:04,0.505
bitcoin-up-or-down-august-27-6pm-et,UP,73321832112128753462240343031591674546766458753503906982235246998043524582875,1756327142,2025-08-27 20:39:02,0.505
bitcoin-up-or-down-august-27-6pm-et,UP,73321832112128753462240343031591674546766458753503906982235246998043524582875,1756327202,2025-08-27 20:40:02,0.505
bitcoin-up-or-down-august-27-6pm-et,UP,73321832112128753462240343031591674546766458753503906982235246998043524582875,1756327264,2025-08-27 20:41:04,0.505
bitcoin-up-or-down-august-27-6pm-et,UP,73321832112128753462240343031591674546766458753503906982235246998043524582875,1756327324,2025-08-27 20:42:04,0.505
bitcoin-up-or-down-august-27-6pm-et,UP,73321832112128753462240343031591674546766458753503906982235246998043524582875,1756327384,2025-08-27 20:43:04,0.505
bitcoin-up-or-down-august-27-6pm-et,UP,73321832112128753462240343031591674546766458753503906982235246998043524582875,1756327443,2025-08-27 20:44:03,0.505
bitcoin-up-or-down-august-27-6pm-et,UP,73321832112128753462240343031591674546766458753503906982235246998043524582875,1756327508,2025-08-27 20:45:08,0.505
bitcoin-up-or-down-august-27-6pm-et,UP,73321832112128753462240343031591674546766458753503906982235246998043524582875,1756327562,2025-08-27 20:46:02,0.505
bitcoin-up-or-down-august-27-6pm-et,UP,73321832112128753462240343031591674546766458753503906982235246998043524582875,1756327624,2025-08-27 20:47:04,0.505
bitcoin-up-or-down-august-27-6pm-et,UP,73321832112128753462240343031591674546766458753503906982235246998043524582875,1756327682,2025-08-27 20:48:02,0.505
bitcoin-up-or-down-august-27-6pm-et,UP,73321832112128753462240343031591674546766458753503906982235246998043524582875,1756327744,2025-08-27 20:49:04,0.505
bitcoin-up-or-down-august-27-6pm-et,UP,73321832112128753462240343031591674546766458753503906982235246998043524582875,1756327814,2025-08-27 20:50:14,0.505
bitcoin-up-or-down-august-27-6pm-et,UP,73321832112128753462240343031591674546766458753503906982235246998043524582875,1756327863,2025-08-27 20:51:03,0.505
bitcoin-up-or-down-august-27-6pm-et,UP,73321832112128753462240343031591674546766458753503906982235246998043524582875,1756327923,2025-08-27 20:52:03,0.505
bitcoin-up-or-down-august-27-6pm-et,UP,73321832112128753462240343031591674546766458753503906982235246998043524582875,1756327983,2025-08-27 20:53:03,0.505
bitcoin-up-or-down-august-27-6pm-et,UP,73321832112128753462240343031591674546766458753503906982235246998043524582875,1756328042,2025-08-27 20:54:02,0.505
bitcoin-up-or-down-august-27-6pm-et,UP,73321832112128753462240343031591674546766458753503906982235246998043524582875,1756328114,2025-08-27 20:55:14,0.505
bitcoin-up-or-down-august-27-6pm-et,UP,73321832112128753462240343031591674546766458753503906982235246998043524582875,1756328163,2025-08-27 20:56:03,0.505
bitcoin-up-or-down-august-27-6pm-et,UP,73321832112128753462240343031591674546766458753503906982235246998043524582875,1756328224,2025-08-27 20:57:04,0.505
bitcoin-up-or-down-august-27-6pm-et,UP,73321832112128753462240343031591674546766458753503906982235246998043524582875,1756328282,2025-08-27 20:58:02,0.505
bitcoin-up-or-down-august-27-6pm-et,UP,73321832112128753462240343031591674546766458753503906982235246998043524582875,1756328343,2025-08-27 20:59:03,0.505
bitcoin-up-or-down-august-27-6pm-et,UP,73321832112128753462240343031591674546766458753503906982235246998043524582875,1756328422,2025-08-27 21:00:22,0.505
bitcoin-up-or-down-august-27-6pm-et,UP,73321832112128753462240343031591674546766458753503906982235246998043524582875,1756328462,2025-08-27 21:01:02,0.505
bitcoin-up-or-down-august-27-6pm-et,UP,73321832112128753462240343031591674546766458753503906982235246998043524582875,1756328524,2025-08-27 21:02:04,0.505
bitcoin-up-or-down-august-27-6pm-et,UP,73321832112128753462240343031591674546766458753503906982235246998043524582875,1756328583,2025-08-27 21:03:03,0.505
bitcoin-up-or-down-august-27-6pm-et,UP,73321832112128753462240343031591674546766458753503906982235246998043524582875,1756328642,2025-08-27 21:04:02,0.505
bitcoin-up-or-down-august-27-6pm-et,UP,73321832112128753462240343031591674546766458753503906982235246998043524582875,1756328708,2025-08-27 21:05:08,0.505
bitcoin-up-or-down-august-27-6pm-et,UP,73321832112128753462240343031591674546766458753503906982235246998043524582875,1756328763,2025-08-27 21:06:03,0.505
bitcoin-up-or-down-august-27-6pm-et,UP,73321832112128753462240343031591674546766458753503906982235246998043524582875,1756328824,2025-08-27 21:07:04,0.505
bitcoin-up-or-down-august-27-6pm-et,UP,73321832112128753462240343031591674546766458753503906982235246998043524582875,1756328884,2025-08-27 21:08:04,0.505
bitcoin-up-or-down-august-27-6pm-et,UP,73321832112128753462240343031591674546766458753503906982235246998043524582875,1756328942,2025-08-27 21:09:02,0.505
bitcoin-up-or-down-august-27-6pm-et,UP,73321832112128753462240343031591674546766458753503906982235246998043524582875,1756329017,2025-08-27 21:10:17,0.505
bitcoin-up-or-down-august-27-6pm-et,UP,73321832112128753462240343031591674546766458753503906982235246998043524582875,1756329063,2025-08-27 21:11:03,0.505
bitcoin-up-or-down-august-27-6pm-et,UP,73321832112128753462240343031591674546766458753503906982235246998043524582875,1756329122,2025-08-27 21:12:02,0.505
bitcoin-up-or-down-august-27-6pm-et,UP,73321832112128753462240343031591674546766458753503906982235246998043524582875,1756329182,2025-08-27 21:13:02,0.505
bitcoin-up-or-down-august-27-6pm-et,UP,73321832112128753462240343031591674546766458753503906982235246998043524582875,1756329243,2025-08-27 21:14:03,0.505
bitcoin-up-or-down-august-27-6pm-et,UP,73321832112128753462240343031591674546766458753503906982235246998043524582875,1756329302,2025-08-27 21:15:02,0.505
bitcoin-up-or-down-august-27-6pm-et,UP,73321832112128753462240343031591674546766458753503906982235246998043524582875,1756329363,2025-08-27 21:16:03,0.505
bitcoin-up-or-down-august-27-6pm-et,UP,73321832112128753462240343031591674546766458753503906982235246998043524582875,1756329423,2025-08-27 21:17:03,0.505
bitcoin-up-or-down-august-27-6pm-et,UP,73321832112128753462240343031591674546766458753503906982235246998043524582875,1756329483,2025-08-27 21:18:03,0.505
bitcoin-up-or-down-august-27-6pm-et,UP,73321832112128753462240343031591674546766458753503906982235246998043524582875,1756329543,2025-08-27 21:19:03,0.505
bitcoin-up-or-down-august-27-6pm-et,UP,73321832112128753462240343031591674546766458753503906982235246998043524582875,1756329616,2025-08-27 21:20:16,0.505
bitcoin-up-or-down-august-27-6pm-et,UP,73321832112128753462240343031591674546766458753503906982235246998043524582875,1756329662,2025-08-27 21:21:02,0.505
bitcoin-up-or-down-august-27-6pm-et,UP,73321832112128753462240343031591674546766458753503906982235246998043524582875,1756329723,2025-08-27 21:22:03,0.505
bitcoin-up-or-down-august-27-6pm-et,UP,73321832112128753462240343031591674546766458753503906982235246998043524582875,1756329783,2025-08-27 21:23:03,0.505
bitcoin-up-or-down-august-27-6pm-et,UP,73321832112128753462240343031591674546766458753503906982235246998043524582875,1756329843,2025-08-27 21:24:03,0.505
bitcoin-up-or-down-august-27-6pm-et,UP,73321832112128753462240343031591674546766458753503906982235246998043524582875,1756329911,2025-08-27 21:25:11,0.505
bitcoin-up-or-down-august-27-6pm-et,UP,73321832112128753462240343031591674546766458753503906982235246998043524582875,1756329964,2025-08-27 21:26:04,0.505
bitcoin-up-or-down-august-27-6pm-et,UP,73321832112128753462240343031591674546766458753503906982235246998043524582875,1756330024,2025-08-27 21:27:04,0.505
bitcoin-up-or-down-august-27-6pm-et,UP,73321832112128753462240343031591674546766458753503906982235246998043524582875,1756330082,2025-08-27 21:28:02,0.505
bitcoin-up-or-down-august-27-6pm-et,UP,73321832112128753462240343031591674546766458753503906982235246998043524582875,1756330142,2025-08-27 21:29:02,0.505
bitcoin-up-or-down-august-27-6pm-et,UP,73321832112128753462240343031591674546766458753503906982235246998043524582875,1756330217,2025-08-27 21:30:17,0.51
bitcoin-up-or-down-august-27-6pm-et,UP,73321832112128753462240343031591674546766458753503906982235246998043524582875,1756330263,2025-08-27 21:31:03,0.51
bitcoin-up-or-down-august-27-6pm-et,UP,73321832112128753462240343031591674546766458753503906982235246998043524582875,1756330322,2025-08-27 21:32:02,0.505
bitcoin-up-or-down-august-27-6pm-et,UP,73321832112128753462240343031591674546766458753503906982235246998043524582875,1756330382,2025-08-27 21:33:02,0.505
bitcoin-up-or-down-august-27-6pm-et,UP,73321832112128753462240343031591674546766458753503906982235246998043524582875,1756330444,2025-08-27 21:34:04,0.505
bitcoin-up-or-down-august-27-6pm-et,UP,73321832112128753462240343031591674546766458753503906982235246998043524582875,1756330512,2025-08-27 21:35:12,0.505
bitcoin-up-or-down-august-27-6pm-et,UP,73321832112128753462240343031591674546766458753503906982235246998043524582875,1756330564,2025-08-27 21:36:04,0.505
bitcoin-up-or-down-august-27-6pm-et,UP,73321832112128753462240343031591674546766458753503906982235246998043524582875,1756330622,2025-08-27 21:37:02,0.505
bitcoin-up-or-down-august-27-6pm-et,UP,73321832112128753462240343031591674546766458753503906982235246998043524582875,1756330683,2025-08-27 21:38:03,0.505
bitcoin-up-or-down-august-27-6pm-et,UP,73321832112128753462240343031591674546766458753503906982235246998043524582875,1756330743,2025-08-27 21:39:03,0.505
bitcoin-up-or-down-august-27-6pm-et,UP,73321832112128753462240343031591674546766458753503906982235246998043524582875,1756330807,2025-08-27 21:40:07,0.51
bitcoin-up-or-down-august-27-6pm-et,UP,73321832112128753462240343031591674546766458753503906982235246998043524582875,1756330864,2025-08-27 21:41:04,0.51
bitcoin-up-or-down-august-27-6pm-et,UP,73321832112128753462240343031591674546766458753503906982235246998043524582875,1756330924,2025-08-27 21:42:04,0.51
bitcoin-up-or-down-august-27-6pm-et,UP,73321832112128753462240343031591674546766458753503906982235246998043524582875,1756330982,2025-08-27 21:43:02,0.51
bitcoin-up-or-down-august-27-6pm-et,UP,73321832112128753462240343031591674546766458753503906982235246998043524582875,1756331043,2025-08-27 21:44:03,0.505
bitcoin-up-or-down-august-27-6pm-et,UP,73321832112128753462240343031591674546766458753503906982235246998043524582875,1756331106,2025-08-27 21:45:06,0.51
bitcoin-up-or-down-august-27-6pm-et,UP,73321832112128753462240343031591674546766458753503906982235246998043524582875,1756331163,2025-08-27 21:46:03,0.51
bitcoin-up-or-down-august-27-6pm-et,UP,73321832112128753462240343031591674546766458753503906982235246998043524582875,1756331222,2025-08-27 21:47:02,0.515
bitcoin-up-or-down-august-27-6pm-et,UP,73321832112128753462240343031591674546766458753503906982235246998043524582875,1756331283,2025-08-27 21:48:03,0.515
bitcoin-up-or-down-august-27-6pm-et,UP,73321832112128753462240343031591674546766458753503906982235246998043524582875,1756331344,2025-08-27 21:49:04,0.515
bitcoin-up-or-down-august-27-6pm-et,UP,73321832112128753462240343031591674546766458753503906982235246998043524582875,1756331403,2025-08-27 21:50:03,0.52
bitcoin-up-or-down-august-27-6pm-et,UP,73321832112128753462240343031591674546766458753503906982235246998043524582875,1756331463,2025-08-27 21:51:03,0.52
bitcoin-up-or-down-august-27-6pm-et,UP,73321832112128753462240343031591674546766458753503906982235246998043524582875,1756331523,2025-08-27 21:52:03,0.52
bitcoin-up-or-down-august-27-6pm-et,UP,73321832112128753462240343031591674546766458753503906982235246998043524582875,1756331584,2025-08-27 21:53:04,0.52
bitcoin-up-or-down-august-27-6pm-et,UP,73321832112128753462240343031591674546766458753503906982235246998043524582875,1756331642,2025-08-27 21:54:02,0.52
bitcoin-up-or-down-august-27-6pm-et,UP,73321832112128753462240343031591674546766458753503906982235246998043524582875,1756331718,2025-08-27 21:55:18,0.52
bitcoin-up-or-down-august-27-6pm-et,UP,73321832112128753462240343031591674546766458753503906982235246998043524582875,1756331765,2025-08-27 21:56:05,0.52
bitcoin-up-or-down-august-27-6pm-et,UP,73321832112128753462240343031591674546766458753503906982235246998043524582875,1756331822,2025-08-27 21:57:02,0.505
bitcoin-up-or-down-august-27-6pm-et,UP,73321832112128753462240343031591674546766458753503906982235246998043524582875,1756331883,2025-08-27 21:58:03,0.52
bitcoin-up-or-down-august-27-6pm-et,UP,73321832112128753462240343031591674546766458753503906982235246998043524582875,1756331943,2025-08-27 21:59:03,0.535
bitcoin-up-or-down-august-27-6pm-et,UP,73321832112128753462240343031591674546766458753503906982235246998043524582875,1756332011,2025-08-27 22:00:11,0.54
bitcoin-up-or-down-august-27-6pm-et,UP,73321832112128753462240343031591674546766458753503906982235246998043524582875,1756332064,2025-08-27 22:01:04,0.495
bitcoin-up-or-down-august-27-6pm-et,UP,73321832112128753462240343031591674546766458753503906982235246998043524582875,1756332124,2025-08-27 22:02:04,0.395
bitcoin-up-or-down-august-27-6pm-et,UP,73321832112128753462240343031591674546766458753503906982235246998043524582875,1756332183,2025-08-27 22:03:03,0.44
bitcoin-up-or-down-august-27-6pm-et,UP,73321832112128753462240343031591674546766458753503906982235246998043524582875,1756332242,2025-08-27 22:04:02,0.36
bitcoin-up-or-down-august-27-6pm-et,UP,73321832112128753462240343031591674546766458753503906982235246998043524582875,1756332302,2025-08-27 22:05:02,0.3
bitcoin-up-or-down-august-27-6pm-et,UP,73321832112128753462240343031591674546766458753503906982235246998043524582875,1756332364,2025-08-27 22:06:04,0.255
bitcoin-up-or-down-august-27-6pm-et,UP,73321832112128753462240343031591674546766458753503906982235246998043524582875,1756332422,2025-08-27 22:07:02,0.2
bitcoin-up-or-down-august-27-6pm-et,UP,73321832112128753462240343031591674546766458753503906982235246998043524582875,1756332483,2025-08-27 22:08:03,0.225
bitcoin-up-or-down-august-27-6pm-et,UP,73321832112128753462240343031591674546766458753503906982235246998043524582875,1756332542,2025-08-27 22:09:02,0.265
bitcoin-up-or-down-august-27-6pm-et,UP,73321832112128753462240343031591674546766458753503906982235246998043524582875,1756332606,2025-08-27 22:10:06,0.215
bitcoin-up-or-down-august-27-6pm-et,UP,73321832112128753462240343031591674546766458753503906982235246998043524582875,1756332664,2025-08-27 22:11:04,0.305
bitcoin-up-or-down-august-27-6pm-et,UP,73321832112128753462240343031591674546766458753503906982235246998043524582875,1756332722,2025-08-27 22:12:02,0.235
bitcoin-up-or-down-august-27-6pm-et,UP,73321832112128753462240343031591674546766458753503906982235246998043524582875,1756332784,2025-08-27 22:13:04,0.215
bitcoin-up-or-down-august-27-6pm-et,UP,73321832112128753462240343031591674546766458753503906982235246998043524582875,1756332842,2025-08-27 22:14:02,0.215
bitcoin-up-or-down-august-27-6pm-et,UP,73321832112128753462240343031591674546766458753503906982235246998043524582875,1756332916,2025-08-27 22:15:16,0.19
bitcoin-up-or-down-august-27-6pm-et,UP,73321832112128753462240343031591674546766458753503906982235246998043524582875,1756332964,2025-08-27 22:16:04,0.225
bitcoin-up-or-down-august-27-6pm-et,UP,73321832112128753462240343031591674546766458753503906982235246998043524582875,1756333023,2025-08-27 22:17:03,0.17
bitcoin-up-or-down-august-27-6pm-et,UP,73321832112128753462240343031591674546766458753503906982235246998043524582875,1756333083,2025-08-27 22:18:03,0.24
bitcoin-up-or-down-august-27-6pm-et,UP,73321832112128753462240343031591674546766458753503906982235246998043524582875,1756333142,2025-08-27 22:19:02,0.275
bitcoin-up-or-down-august-27-6pm-et,UP,73321832112128753462240343031591674546766458753503906982235246998043524582875,1756333205,2025-08-27 22:20:05,0.265
bitcoin-up-or-down-august-27-6pm-et,UP,73321832112128753462240343031591674546766458753503906982235246998043524582875,1756333266,2025-08-27 22:21:06,0.3
bitcoin-up-or-down-august-27-6pm-et,UP,73321832112128753462240343031591674546766458753503906982235246998043524582875,1756333322,2025-08-27 22:22:02,0.245
bitcoin-up-or-down-august-27-6pm-et,UP,73321832112128753462240343031591674546766458753503906982235246998043524582875,1756333382,2025-08-27 22:23:02,0.255
bitcoin-up-or-down-august-27-6pm-et,UP,73321832112128753462240343031591674546766458753503906982235246998043524582875,1756333443,2025-08-27 22:24:03,0.255
bitcoin-up-or-down-august-27-6pm-et,UP,73321832112128753462240343031591674546766458753503906982235246998043524582875,1756333510,2025-08-27 22:25:10,0.295
bitcoin-up-or-down-august-27-6pm-et,UP,73321832112128753462240343031591674546766458753503906982235246998043524582875,1756333563,2025-08-27 22:26:03,0.325
bitcoin-up-or-down-august-27-6pm-et,UP,73321832112128753462240343031591674546766458753503906982235246998043524582875,1756333622,2025-08-27 22:27:02,0.255
bitcoin-up-or-down-august-27-6pm-et,UP,73321832112128753462240343031591674546766458753503906982235246998043524582875,1756333683,2025-08-27 22:28:03,0.185
bitcoin-up-or-down-august-27-6pm-et,UP,73321832112128753462240343031591674546766458753503906982235246998043524582875,1756333743,2025-08-27 22:29:03,0.185
bitcoin-up-or-down-august-27-6pm-et,UP,73321832112128753462240343031591674546766458753503906982235246998043524582875,1756333804,2025-08-27 22:30:04,0.21
bitcoin-up-or-down-august-27-6pm-et,UP,73321832112128753462240343031591674546766458753503906982235246998043524582875,1756333864,2025-08-27 22:31:04,0.23
bitcoin-up-or-down-august-27-6pm-et,UP,73321832112128753462240343031591674546766458753503906982235246998043524582875,1756333923,2025-08-27 22:32:03,0.235
bitcoin-up-or-down-august-27-6pm-et,UP,73321832112128753462240343031591674546766458753503906982235246998043524582875,1756333984,2025-08-27 22:33:04,0.255
bitcoin-up-or-down-august-27-6pm-et,UP,73321832112128753462240343031591674546766458753503906982235246998043524582875,1756334043,2025-08-27 22:34:03,0.225
bitcoin-up-or-down-august-27-6pm-et,UP,73321832112128753462240343031591674546766458753503906982235246998043524582875,1756334109,2025-08-27 22:35:09,0.245
bitcoin-up-or-down-august-27-6pm-et,UP,73321832112128753462240343031591674546766458753503906982235246998043524582875,1756334166,2025-08-27 22:36:06,0.235
bitcoin-up-or-down-august-27-6pm-et,UP,73321832112128753462240343031591674546766458753503906982235246998043524582875,1756334222,2025-08-27 22:37:02,0.23
bitcoin-up-or-down-august-27-6pm-et,UP,73321832112128753462240343031591674546766458753503906982235246998043524582875,1756334282,2025-08-27 22:38:02,0.22
bitcoin-up-or-down-august-27-6pm-et,UP,73321832112128753462240343031591674546766458753503906982235246998043524582875,1756334342,2025-08-27 22:39:02,0.21
bitcoin-up-or-down-august-27-6pm-et,UP,73321832112128753462240343031591674546766458753503906982235246998043524582875,1756334407,2025-08-27 22:40:07,0.16
bitcoin-up-or-down-august-27-6pm-et,UP,73321832112128753462240343031591674546766458753503906982235246998043524582875,1756334462,2025-08-27 22:41:02,0.225
bitcoin-up-or-down-august-27-6pm-et,UP,73321832112128753462240343031591674546766458753503906982235246998043524582875,1756334523,2025-08-27 22:42:03,0.265
bitcoin-up-or-down-august-27-6pm-et,UP,73321832112128753462240343031591674546766458753503906982235246998043524582875,1756334583,2025-08-27 22:43:03,0.375
bitcoin-up-or-down-august-27-6pm-et,UP,73321832112128753462240343031591674546766458753503906982235246998043524582875,1756334643,2025-08-27 22:44:03,0.505
bitcoin-up-or-down-august-27-6pm-et,UP,73321832112128753462240343031591674546766458753503906982235246998043524582875,1756334706,2025-08-27 22:45:06,0.69
bitcoin-up-or-down-august-27-6pm-et,UP,73321832112128753462240343031591674546766458753503906982235246998043524582875,1756334762,2025-08-27 22:46:02,0.525
bitcoin-up-or-down-august-27-6pm-et,UP,73321832112128753462240343031591674546766458753503906982235246998043524582875,1756334824,2025-08-27 22:47:04,0.49
bitcoin-up-or-down-august-27-6pm-et,UP,73321832112128753462240343031591674546766458753503906982235246998043524582875,1756334883,2025-08-27 22:48:03,0.46
bitcoin-up-or-down-august-27-6pm-et,UP,73321832112128753462240343031591674546766458753503906982235246998043524582875,1756334942,2025-08-27 22:49:02,0.585
bitcoin-up-or-down-august-27-6pm-et,UP,73321832112128753462240343031591674546766458753503906982235246998043524582875,1756335005,2025-08-27 22:50:05,0.54
bitcoin-up-or-down-august-27-6pm-et,UP,73321832112128753462240343031591674546766458753503906982235246998043524582875,1756335062,2025-08-27 22:51:02,0.4
bitcoin-up-or-down-august-27-6pm-et,UP,73321832112128753462240343031591674546766458753503906982235246998043524582875,1756335124,2025-08-27 22:52:04,0.375
bitcoin-up-or-down-august-27-6pm-et,UP,73321832112128753462240343031591674546766458753503906982235246998043524582875,1756335183,2025-08-27 22:53:03,0.215
bitcoin-up-or-down-august-27-6pm-et,UP,73321832112128753462240343031591674546766458753503906982235246998043524582875,1756335244,2025-08-27 22:54:04,0.295
bitcoin-up-or-down-august-27-6pm-et,UP,73321832112128753462240343031591674546766458753503906982235246998043524582875,1756335313,2025-08-27 22:55:13,0.095
bitcoin-up-or-down-august-27-6pm-et,UP,73321832112128753462240343031591674546766458753503906982235246998043524582875,1756335365,2025-08-27 22:56:05,0.105
bitcoin-up-or-down-august-27-6pm-et,UP,73321832112128753462240343031591674546766458753503906982235246998043524582875,1756335423,2025-08-27 22:57:03,0.04
bitcoin-up-or-down-august-27-6pm-et,UP,73321832112128753462240343031591674546766458753503906982235246998043524582875,1756335482,2025-08-27 22:58:02,0.035
bitcoin-up-or-down-august-27-6pm-et,UP,73321832112128753462240343031591674546766458753503906982235246998043524582875,1756335543,2025-08-27 22:59:03,0.005
