event_slug,leg,token_id,timestamp,iso_time_utc,midpoint
bitcoin-up-or-down-august-27-8am-et,DOWN,111234870655832851046306569564620313764956595816823469854808434172379633830354,1756113783,2025-08-25 09:23:03,0.5
bitcoin-up-or-down-august-27-8am-et,DOWN,111234870655832851046306569564620313764956595816823469854808434172379633830354,1756113842,2025-08-25 09:24:02,0.5
bitcoin-up-or-down-august-27-8am-et,DOWN,111234870655832851046306569564620313764956595816823469854808434172379633830354,1756113902,2025-08-25 09:25:02,0.5
bitcoin-up-or-down-august-27-8am-et,DOWN,111234870655832851046306569564620313764956595816823469854808434172379633830354,1756113968,2025-08-25 09:26:08,0.5
bitcoin-up-or-down-august-27-8am-et,DOWN,111234870655832851046306569564620313764956595816823469854808434172379633830354,1756114026,2025-08-25 09:27:06,0.5
bitcoin-up-or-down-august-27-8am-et,DOWN,111234870655832851046306569564620313764956595816823469854808434172379633830354,1756114082,2025-08-25 09:28:02,0.5
bitcoin-up-or-down-august-27-8am-et,DOWN,111234870655832851046306569564620313764956595816823469854808434172379633830354,1756114143,2025-08-25 09:29:03,0.5
bitcoin-up-or-down-august-27-8am-et,DOWN,111234870655832851046306569564620313764956595816823469854808434172379633830354,1756114203,2025-08-25 09:30:03,0.5
bitcoin-up-or-down-august-27-8am-et,DOWN,111234870655832851046306569564620313764956595816823469854808434172379633830354,1756114263,2025-08-25 09:31:03,0.5
bitcoin-up-or-down-august-27-8am-et,DOWN,111234870655832851046306569564620313764956595816823469854808434172379633830354,1756114323,2025-08-25 09:32:03,0.5
bitcoin-up-or-down-august-27-8am-et,DOWN,111234870655832851046306569564620313764956595816823469854808434172379633830354,1756114382,2025-08-25 09:33:02,0.5
bitcoin-up-or-down-august-27-8am-et,DOWN,111234870655832851046306569564620313764956595816823469854808434172379633830354,1756114442,2025-08-25 09:34:02,0.5
bitcoin-up-or-down-august-27-8am-et,DOWN,111234870655832851046306569564620313764956595816823469854808434172379633830354,1756114503,2025-08-25 09:35:03,0.5
bitcoin-up-or-down-august-27-8am-et,DOWN,111234870655832851046306569564620313764956595816823469854808434172379633830354,1756114563,2025-08-25 09:36:03,0.5
bitcoin-up-or-down-august-27-8am-et,DOWN,111234870655832851046306569564620313764956595816823469854808434172379633830354,1756114623,2025-08-25 09:37:03,0.5
bitcoin-up-or-down-august-27-8am-et,DOWN,111234870655832851046306569564620313764956595816823469854808434172379633830354,1756114682,2025-08-25 09:38:02,0.5
bitcoin-up-or-down-august-27-8am-et,DOWN,111234870655832851046306569564620313764956595816823469854808434172379633830354,1756114743,2025-08-25 09:39:03,0.5
bitcoin-up-or-down-august-27-8am-et,DOWN,111234870655832851046306569564620313764956595816823469854808434172379633830354,1756114802,2025-08-25 09:40:02,0.5
bitcoin-up-or-down-august-27-8am-et,DOWN,111234870655832851046306569564620313764956595816823469854808434172379633830354,1756114863,2025-08-25 09:41:03,0.5
bitcoin-up-or-down-august-27-8am-et,DOWN,111234870655832851046306569564620313764956595816823469854808434172379633830354,1756114924,2025-08-25 09:42:04,0.5
bitcoin-up-or-down-august-27-8am-et,DOWN,111234870655832851046306569564620313764956595816823469854808434172379633830354,1756114983,2025-08-25 09:43:03,0.5
bitcoin-up-or-down-august-27-8am-et,DOWN,111234870655832851046306569564620313764956595816823469854808434172379633830354,1756115043,2025-08-25 09:44:03,0.5
bitcoin-up-or-down-august-27-8am-et,DOWN,111234870655832851046306569564620313764956595816823469854808434172379633830354,1756115104,2025-08-25 09:45:04,0.5
bitcoin-up-or-down-august-27-8am-et,DOWN,111234870655832851046306569564620313764956595816823469854808434172379633830354,1756115163,2025-08-25 09:46:03,0.5
bitcoin-up-or-down-august-27-8am-et,DOWN,111234870655832851046306569564620313764956595816823469854808434172379633830354,1756115223,2025-08-25 09:47:03,0.5
bitcoin-up-or-down-august-27-8am-et,DOWN,111234870655832851046306569564620313764956595816823469854808434172379633830354,1756115282,2025-08-25 09:48:02,0.5
bitcoin-up-or-down-august-27-8am-et,DOWN,111234870655832851046306569564620313764956595816823469854808434172379633830354,1756115342,2025-08-25 09:49:02,0.5
bitcoin-up-or-down-august-27-8am-et,DOWN,111234870655832851046306569564620313764956595816823469854808434172379633830354,1756115404,2025-08-25 09:50:04,0.5
bitcoin-up-or-down-august-27-8am-et,DOWN,111234870655832851046306569564620313764956595816823469854808434172379633830354,1756115463,2025-08-25 09:51:03,0.5
bitcoin-up-or-down-august-27-8am-et,DOWN,111234870655832851046306569564620313764956595816823469854808434172379633830354,1756115522,2025-08-25 09:52:02,0.5
bitcoin-up-or-down-august-27-8am-et,DOWN,111234870655832851046306569564620313764956595816823469854808434172379633830354,1756115583,2025-08-25 09:53:03,0.5
bitcoin-up-or-down-august-27-8am-et,DOWN,111234870655832851046306569564620313764956595816823469854808434172379633830354,1756115642,2025-08-25 09:54:02,0.5
bitcoin-up-or-down-august-27-8am-et,DOWN,111234870655832851046306569564620313764956595816823469854808434172379633830354,1756115705,2025-08-25 09:55:05,0.5
bitcoin-up-or-down-august-27-8am-et,DOWN,111234870655832851046306569564620313764956595816823469854808434172379633830354,1756115762,2025-08-25 09:56:02,0.5
bitcoin-up-or-down-august-27-8am-et,DOWN,111234870655832851046306569564620313764956595816823469854808434172379633830354,1756115822,2025-08-25 09:57:02,0.5
bitcoin-up-or-down-august-27-8am-et,DOWN,111234870655832851046306569564620313764956595816823469854808434172379633830354,1756115882,2025-08-25 09:58:02,0.5
bitcoin-up-or-down-august-27-8am-et,DOWN,111234870655832851046306569564620313764956595816823469854808434172379633830354,1756115943,2025-08-25 09:59:03,0.5
bitcoin-up-or-down-august-27-8am-et,DOWN,111234870655832851046306569564620313764956595816823469854808434172379633830354,1756116016,2025-08-25 10:00:16,0.5
bitcoin-up-or-down-august-27-8am-et,DOWN,111234870655832851046306569564620313764956595816823469854808434172379633830354,1756116062,2025-08-25 10:01:02,0.5
bitcoin-up-or-down-august-27-8am-et,DOWN,111234870655832851046306569564620313764956595816823469854808434172379633830354,1756116122,2025-08-25 10:02:02,0.5
bitcoin-up-or-down-august-27-8am-et,DOWN,111234870655832851046306569564620313764956595816823469854808434172379633830354,1756116182,2025-08-25 10:03:02,0.5
bitcoin-up-or-down-august-27-8am-et,DOWN,111234870655832851046306569564620313764956595816823469854808434172379633830354,1756116242,2025-08-25 10:04:02,0.5
bitcoin-up-or-down-august-27-8am-et,DOWN,111234870655832851046306569564620313764956595816823469854808434172379633830354,1756116303,2025-08-25 10:05:03,0.5
bitcoin-up-or-down-august-27-8am-et,DOWN,111234870655832851046306569564620313764956595816823469854808434172379633830354,1756116362,2025-08-25 10:06:02,0.5
bitcoin-up-or-down-august-27-8am-et,DOWN,111234870655832851046306569564620313764956595816823469854808434172379633830354,1756116423,2025-08-25 10:07:03,0.5
bitcoin-up-or-down-august-27-8am-et,DOWN,111234870655832851046306569564620313764956595816823469854808434172379633830354,1756116483,2025-08-25 10:08:03,0.5
bitcoin-up-or-down-august-27-8am-et,DOWN,111234870655832851046306569564620313764956595816823469854808434172379633830354,1756116542,2025-08-25 10:09:02,0.5
bitcoin-up-or-down-august-27-8am-et,DOWN,111234870655832851046306569564620313764956595816823469854808434172379633830354,1756116603,2025-08-25 10:10:03,0.5
bitcoin-up-or-down-august-27-8am-et,DOWN,111234870655832851046306569564620313764956595816823469854808434172379633830354,1756116663,2025-08-25 10:11:03,0.5
bitcoin-up-or-down-august-27-8am-et,DOWN,111234870655832851046306569564620313764956595816823469854808434172379633830354,1756116723,2025-08-25 10:12:03,0.5
bitcoin-up-or-down-august-27-8am-et,DOWN,111234870655832851046306569564620313764956595816823469854808434172379633830354,1756116783,2025-08-25 10:13:03,0.5
bitcoin-up-or-down-august-27-8am-et,DOWN,111234870655832851046306569564620313764956595816823469854808434172379633830354,1756116843,2025-08-25 10:14:03,0.5
bitcoin-up-or-down-august-27-8am-et,DOWN,111234870655832851046306569564620313764956595816823469854808434172379633830354,1756116903,2025-08-25 10:15:03,0.5
bitcoin-up-or-down-august-27-8am-et,DOWN,111234870655832851046306569564620313764956595816823469854808434172379633830354,1756116963,2025-08-25 10:16:03,0.5
bitcoin-up-or-down-august-27-8am-et,DOWN,111234870655832851046306569564620313764956595816823469854808434172379633830354,1756117022,2025-08-25 10:17:02,0.5
bitcoin-up-or-down-august-27-8am-et,DOWN,111234870655832851046306569564620313764956595816823469854808434172379633830354,1756117082,2025-08-25 10:18:02,0.5
bitcoin-up-or-down-august-27-8am-et,DOWN,111234870655832851046306569564620313764956595816823469854808434172379633830354,1756117143,2025-08-25 10:19:03,0.5
bitcoin-up-or-down-august-27-8am-et,DOWN,111234870655832851046306569564620313764956595816823469854808434172379633830354,1756117203,2025-08-25 10:20:03,0.5
bitcoin-up-or-down-august-27-8am-et,DOWN,111234870655832851046306569564620313764956595816823469854808434172379633830354,1756117262,2025-08-25 10:21:02,0.5
bitcoin-up-or-down-august-27-8am-et,DOWN,111234870655832851046306569564620313764956595816823469854808434172379633830354,1756117323,2025-08-25 10:22:03,0.5
bitcoin-up-or-down-august-27-8am-et,DOWN,111234870655832851046306569564620313764956595816823469854808434172379633830354,1756117383,2025-08-25 10:23:03,0.5
bitcoin-up-or-down-august-27-8am-et,DOWN,111234870655832851046306569564620313764956595816823469854808434172379633830354,1756117443,2025-08-25 10:24:03,0.5
bitcoin-up-or-down-august-27-8am-et,DOWN,111234870655832851046306569564620313764956595816823469854808434172379633830354,1756117504,2025-08-25 10:25:04,0.5
bitcoin-up-or-down-august-27-8am-et,DOWN,111234870655832851046306569564620313764956595816823469854808434172379633830354,1756117572,2025-08-25 10:26:12,0.5
bitcoin-up-or-down-august-27-8am-et,DOWN,111234870655832851046306569564620313764956595816823469854808434172379633830354,1756117623,2025-08-25 10:27:03,0.5
bitcoin-up-or-down-august-27-8am-et,DOWN,111234870655832851046306569564620313764956595816823469854808434172379633830354,1756117683,2025-08-25 10:28:03,0.5
bitcoin-up-or-down-august-27-8am-et,DOWN,111234870655832851046306569564620313764956595816823469854808434172379633830354,1756117743,2025-08-25 10:29:03,0.5
bitcoin-up-or-down-august-27-8am-et,DOWN,111234870655832851046306569564620313764956595816823469854808434172379633830354,1756117807,2025-08-25 10:30:07,0.5
bitcoin-up-or-down-august-27-8am-et,DOWN,111234870655832851046306569564620313764956595816823469854808434172379633830354,1756117863,2025-08-25 10:31:03,0.5
bitcoin-up-or-down-august-27-8am-et,DOWN,111234870655832851046306569564620313764956595816823469854808434172379633830354,1756117922,2025-08-25 10:32:02,0.5
bitcoin-up-or-down-august-27-8am-et,DOWN,111234870655832851046306569564620313764956595816823469854808434172379633830354,1756117983,2025-08-25 10:33:03,0.5
bitcoin-up-or-down-august-27-8am-et,DOWN,111234870655832851046306569564620313764956595816823469854808434172379633830354,1756118042,2025-08-25 10:34:02,0.5
bitcoin-up-or-down-august-27-8am-et,DOWN,111234870655832851046306569564620313764956595816823469854808434172379633830354,1756118103,2025-08-25 10:35:03,0.5
bitcoin-up-or-down-august-27-8am-et,DOWN,111234870655832851046306569564620313764956595816823469854808434172379633830354,1756118163,2025-08-25 10:36:03,0.5
bitcoin-up-or-down-august-27-8am-et,DOWN,111234870655832851046306569564620313764956595816823469854808434172379633830354,1756118223,2025-08-25 10:37:03,0.5
bitcoin-up-or-down-august-27-8am-et,DOWN,111234870655832851046306569564620313764956595816823469854808434172379633830354,1756118282,2025-08-25 10:38:02,0.5
bitcoin-up-or-down-august-27-8am-et,DOWN,111234870655832851046306569564620313764956595816823469854808434172379633830354,1756118342,2025-08-25 10:39:02,0.5
bitcoin-up-or-down-august-27-8am-et,DOWN,111234870655832851046306569564620313764956595816823469854808434172379633830354,1756118403,2025-08-25 10:40:03,0.5
bitcoin-up-or-down-august-27-8am-et,DOWN,111234870655832851046306569564620313764956595816823469854808434172379633830354,1756118462,2025-08-25 10:41:02,0.5
bitcoin-up-or-down-august-27-8am-et,DOWN,111234870655832851046306569564620313764956595816823469854808434172379633830354,1756118523,2025-08-25 10:42:03,0.5
bitcoin-up-or-down-august-27-8am-et,DOWN,111234870655832851046306569564620313764956595816823469854808434172379633830354,1756118583,2025-08-25 10:43:03,0.5
bitcoin-up-or-down-august-27-8am-et,DOWN,111234870655832851046306569564620313764956595816823469854808434172379633830354,1756118642,2025-08-25 10:44:02,0.5
bitcoin-up-or-down-august-27-8am-et,DOWN,111234870655832851046306569564620313764956595816823469854808434172379633830354,1756118703,2025-08-25 10:45:03,0.5
bitcoin-up-or-down-august-27-8am-et,DOWN,111234870655832851046306569564620313764956595816823469854808434172379633830354,1756118763,2025-08-25 10:46:03,0.5
bitcoin-up-or-down-august-27-8am-et,DOWN,111234870655832851046306569564620313764956595816823469854808434172379633830354,1756118823,2025-08-25 10:47:03,0.5
bitcoin-up-or-down-august-27-8am-et,DOWN,111234870655832851046306569564620313764956595816823469854808434172379633830354,1756118883,2025-08-25 10:48:03,0.5
bitcoin-up-or-down-august-27-8am-et,DOWN,111234870655832851046306569564620313764956595816823469854808434172379633830354,1756118943,2025-08-25 10:49:03,0.5
bitcoin-up-or-down-august-27-8am-et,DOWN,111234870655832851046306569564620313764956595816823469854808434172379633830354,1756119002,2025-08-25 10:50:02,0.5
bitcoin-up-or-down-august-27-8am-et,DOWN,111234870655832851046306569564620313764956595816823469854808434172379633830354,1756119062,2025-08-25 10:51:02,0.5
bitcoin-up-or-down-august-27-8am-et,DOWN,111234870655832851046306569564620313764956595816823469854808434172379633830354,1756119132,2025-08-25 10:52:12,0.5
bitcoin-up-or-down-august-27-8am-et,DOWN,111234870655832851046306569564620313764956595816823469854808434172379633830354,1756119184,2025-08-25 10:53:04,0.5
bitcoin-up-or-down-august-27-8am-et,DOWN,111234870655832851046306569564620313764956595816823469854808434172379633830354,1756119242,2025-08-25 10:54:02,0.5
bitcoin-up-or-down-august-27-8am-et,DOWN,111234870655832851046306569564620313764956595816823469854808434172379633830354,1756119303,2025-08-25 10:55:03,0.5
bitcoin-up-or-down-august-27-8am-et,DOWN,111234870655832851046306569564620313764956595816823469854808434172379633830354,1756119363,2025-08-25 10:56:03,0.5
bitcoin-up-or-down-august-27-8am-et,DOWN,111234870655832851046306569564620313764956595816823469854808434172379633830354,1756119423,2025-08-25 10:57:03,0.5
bitcoin-up-or-down-august-27-8am-et,DOWN,111234870655832851046306569564620313764956595816823469854808434172379633830354,1756119483,2025-08-25 10:58:03,0.5
bitcoin-up-or-down-august-27-8am-et,DOWN,111234870655832851046306569564620313764956595816823469854808434172379633830354,1756119542,2025-08-25 10:59:02,0.5
bitcoin-up-or-down-august-27-8am-et,DOWN,111234870655832851046306569564620313764956595816823469854808434172379633830354,1756119614,2025-08-25 11:00:14,0.5
bitcoin-up-or-down-august-27-8am-et,DOWN,111234870655832851046306569564620313764956595816823469854808434172379633830354,1756119662,2025-08-25 11:01:02,0.5
bitcoin-up-or-down-august-27-8am-et,DOWN,111234870655832851046306569564620313764956595816823469854808434172379633830354,1756119723,2025-08-25 11:02:03,0.5
bitcoin-up-or-down-august-27-8am-et,DOWN,111234870655832851046306569564620313764956595816823469854808434172379633830354,1756119783,2025-08-25 11:03:03,0.5
bitcoin-up-or-down-august-27-8am-et,DOWN,111234870655832851046306569564620313764956595816823469854808434172379633830354,1756119843,2025-08-25 11:04:03,0.5
bitcoin-up-or-down-august-27-8am-et,DOWN,111234870655832851046306569564620313764956595816823469854808434172379633830354,1756119906,2025-08-25 11:05:06,0.5
bitcoin-up-or-down-august-27-8am-et,DOWN,111234870655832851046306569564620313764956595816823469854808434172379633830354,1756119963,2025-08-25 11:06:03,0.5
bitcoin-up-or-down-august-27-8am-et,DOWN,111234870655832851046306569564620313764956595816823469854808434172379633830354,1756120023,2025-08-25 11:07:03,0.5
bitcoin-up-or-down-august-27-8am-et,DOWN,111234870655832851046306569564620313764956595816823469854808434172379633830354,1756120082,2025-08-25 11:08:02,0.5
bitcoin-up-or-down-august-27-8am-et,DOWN,111234870655832851046306569564620313764956595816823469854808434172379633830354,1756120143,2025-08-25 11:09:03,0.5
bitcoin-up-or-down-august-27-8am-et,DOWN,111234870655832851046306569564620313764956595816823469854808434172379633830354,1756120204,2025-08-25 11:10:04,0.5
bitcoin-up-or-down-august-27-8am-et,DOWN,111234870655832851046306569564620313764956595816823469854808434172379633830354,1756120263,2025-08-25 11:11:03,0.5
bitcoin-up-or-down-august-27-8am-et,DOWN,111234870655832851046306569564620313764956595816823469854808434172379633830354,1756120322,2025-08-25 11:12:02,0.5
bitcoin-up-or-down-august-27-8am-et,DOWN,111234870655832851046306569564620313764956595816823469854808434172379633830354,1756120382,2025-08-25 11:13:02,0.5
bitcoin-up-or-down-august-27-8am-et,DOWN,111234870655832851046306569564620313764956595816823469854808434172379633830354,1756120443,2025-08-25 11:14:03,0.5
bitcoin-up-or-down-august-27-8am-et,DOWN,111234870655832851046306569564620313764956595816823469854808434172379633830354,1756120504,2025-08-25 11:15:04,0.5
bitcoin-up-or-down-august-27-8am-et,DOWN,111234870655832851046306569564620313764956595816823469854808434172379633830354,1756120563,2025-08-25 11:16:03,0.5
bitcoin-up-or-down-august-27-8am-et,DOWN,111234870655832851046306569564620313764956595816823469854808434172379633830354,1756120622,2025-08-25 11:17:02,0.5
bitcoin-up-or-down-august-27-8am-et,DOWN,111234870655832851046306569564620313764956595816823469854808434172379633830354,1756120682,2025-08-25 11:18:02,0.5
bitcoin-up-or-down-august-27-8am-et,DOWN,111234870655832851046306569564620313764956595816823469854808434172379633830354,1756120744,2025-08-25 11:19:04,0.5
bitcoin-up-or-down-august-27-8am-et,DOWN,111234870655832851046306569564620313764956595816823469854808434172379633830354,1756120804,2025-08-25 11:20:04,0.5
bitcoin-up-or-down-august-27-8am-et,DOWN,111234870655832851046306569564620313764956595816823469854808434172379633830354,1756120862,2025-08-25 11:21:02,0.5
bitcoin-up-or-down-august-27-8am-et,DOWN,111234870655832851046306569564620313764956595816823469854808434172379633830354,1756120922,2025-08-25 11:22:02,0.5
bitcoin-up-or-down-august-27-8am-et,DOWN,111234870655832851046306569564620313764956595816823469854808434172379633830354,1756120983,2025-08-25 11:23:03,0.5
bitcoin-up-or-down-august-27-8am-et,DOWN,111234870655832851046306569564620313764956595816823469854808434172379633830354,1756121043,2025-08-25 11:24:03,0.5
bitcoin-up-or-down-august-27-8am-et,DOWN,111234870655832851046306569564620313764956595816823469854808434172379633830354,1756121102,2025-08-25 11:25:02,0.5
bitcoin-up-or-down-august-27-8am-et,DOWN,111234870655832851046306569564620313764956595816823469854808434172379633830354,1756121162,2025-08-25 11:26:02,0.5
bitcoin-up-or-down-august-27-8am-et,DOWN,111234870655832851046306569564620313764956595816823469854808434172379633830354,1756121225,2025-08-25 11:27:05,0.5
bitcoin-up-or-down-august-27-8am-et,DOWN,111234870655832851046306569564620313764956595816823469854808434172379633830354,1756121282,2025-08-25 11:28:02,0.5
bitcoin-up-or-down-august-27-8am-et,DOWN,111234870655832851046306569564620313764956595816823469854808434172379633830354,1756121343,2025-08-25 11:29:03,0.5
bitcoin-up-or-down-august-27-8am-et,DOWN,111234870655832851046306569564620313764956595816823469854808434172379633830354,1756121407,2025-08-25 11:30:07,0.5
bitcoin-up-or-down-august-27-8am-et,DOWN,111234870655832851046306569564620313764956595816823469854808434172379633830354,1756121464,2025-08-25 11:31:04,0.5
bitcoin-up-or-down-august-27-8am-et,DOWN,111234870655832851046306569564620313764956595816823469854808434172379633830354,1756121523,2025-08-25 11:32:03,0.5
bitcoin-up-or-down-august-27-8am-et,DOWN,111234870655832851046306569564620313764956595816823469854808434172379633830354,1756121583,2025-08-25 11:33:03,0.5
bitcoin-up-or-down-august-27-8am-et,DOWN,111234870655832851046306569564620313764956595816823469854808434172379633830354,1756121642,2025-08-25 11:34:02,0.5
bitcoin-up-or-down-august-27-8am-et,DOWN,111234870655832851046306569564620313764956595816823469854808434172379633830354,1756121703,2025-08-25 11:35:03,0.5
bitcoin-up-or-down-august-27-8am-et,DOWN,111234870655832851046306569564620313764956595816823469854808434172379633830354,1756121763,2025-08-25 11:36:03,0.5
bitcoin-up-or-down-august-27-8am-et,DOWN,111234870655832851046306569564620313764956595816823469854808434172379633830354,1756121822,2025-08-25 11:37:02,0.5
bitcoin-up-or-down-august-27-8am-et,DOWN,111234870655832851046306569564620313764956595816823469854808434172379633830354,1756121882,2025-08-25 11:38:02,0.5
bitcoin-up-or-down-august-27-8am-et,DOWN,111234870655832851046306569564620313764956595816823469854808434172379633830354,1756121942,2025-08-25 11:39:02,0.5
bitcoin-up-or-down-august-27-8am-et,DOWN,111234870655832851046306569564620313764956595816823469854808434172379633830354,1756122004,2025-08-25 11:40:04,0.5
bitcoin-up-or-down-august-27-8am-et,DOWN,111234870655832851046306569564620313764956595816823469854808434172379633830354,1756122063,2025-08-25 11:41:03,0.5
bitcoin-up-or-down-august-27-8am-et,DOWN,111234870655832851046306569564620313764956595816823469854808434172379633830354,1756122124,2025-08-25 11:42:04,0.5
bitcoin-up-or-down-august-27-8am-et,DOWN,111234870655832851046306569564620313764956595816823469854808434172379633830354,1756122183,2025-08-25 11:43:03,0.5
bitcoin-up-or-down-august-27-8am-et,DOWN,111234870655832851046306569564620313764956595816823469854808434172379633830354,1756122243,2025-08-25 11:44:03,0.5
bitcoin-up-or-down-august-27-8am-et,DOWN,111234870655832851046306569564620313764956595816823469854808434172379633830354,1756122304,2025-08-25 11:45:04,0.5
bitcoin-up-or-down-august-27-8am-et,DOWN,111234870655832851046306569564620313764956595816823469854808434172379633830354,1756122363,2025-08-25 11:46:03,0.5
bitcoin-up-or-down-august-27-8am-et,DOWN,111234870655832851046306569564620313764956595816823469854808434172379633830354,1756122422,2025-08-25 11:47:02,0.5
bitcoin-up-or-down-august-27-8am-et,DOWN,111234870655832851046306569564620313764956595816823469854808434172379633830354,1756122483,2025-08-25 11:48:03,0.5
bitcoin-up-or-down-august-27-8am-et,DOWN,111234870655832851046306569564620313764956595816823469854808434172379633830354,1756122542,2025-08-25 11:49:02,0.5
bitcoin-up-or-down-august-27-8am-et,DOWN,111234870655832851046306569564620313764956595816823469854808434172379633830354,1756122603,2025-08-25 11:50:03,0.5
bitcoin-up-or-down-august-27-8am-et,DOWN,111234870655832851046306569564620313764956595816823469854808434172379633830354,1756122662,2025-08-25 11:51:02,0.5
bitcoin-up-or-down-august-27-8am-et,DOWN,111234870655832851046306569564620313764956595816823469854808434172379633830354,1756122722,2025-08-25 11:52:02,0.5
bitcoin-up-or-down-august-27-8am-et,DOWN,111234870655832851046306569564620313764956595816823469854808434172379633830354,1756122792,2025-08-25 11:53:12,0.5
bitcoin-up-or-down-august-27-8am-et,DOWN,111234870655832851046306569564620313764956595816823469854808434172379633830354,1756122843,2025-08-25 11:54:03,0.5
bitcoin-up-or-down-august-27-8am-et,DOWN,111234870655832851046306569564620313764956595816823469854808434172379633830354,1756122903,2025-08-25 11:55:03,0.5
bitcoin-up-or-down-august-27-8am-et,DOWN,111234870655832851046306569564620313764956595816823469854808434172379633830354,1756122962,2025-08-25 11:56:02,0.5
bitcoin-up-or-down-august-27-8am-et,DOWN,111234870655832851046306569564620313764956595816823469854808434172379633830354,1756123023,2025-08-25 11:57:03,0.5
bitcoin-up-or-down-august-27-8am-et,DOWN,111234870655832851046306569564620313764956595816823469854808434172379633830354,1756123082,2025-08-25 11:58:02,0.5
bitcoin-up-or-down-august-27-8am-et,DOWN,111234870655832851046306569564620313764956595816823469854808434172379633830354,1756123142,2025-08-25 11:59:02,0.5
bitcoin-up-or-down-august-27-8am-et,DOWN,111234870655832851046306569564620313764956595816823469854808434172379633830354,1756123204,2025-08-25 12:00:04,0.5
bitcoin-up-or-down-august-27-8am-et,DOWN,111234870655832851046306569564620313764956595816823469854808434172379633830354,1756123263,2025-08-25 12:01:03,0.5
bitcoin-up-or-down-august-27-8am-et,DOWN,111234870655832851046306569564620313764956595816823469854808434172379633830354,1756123323,2025-08-25 12:02:03,0.5
bitcoin-up-or-down-august-27-8am-et,DOWN,111234870655832851046306569564620313764956595816823469854808434172379633830354,1756123382,2025-08-25 12:03:02,0.5
bitcoin-up-or-down-august-27-8am-et,DOWN,111234870655832851046306569564620313764956595816823469854808434172379633830354,1756123442,2025-08-25 12:04:02,0.5
bitcoin-up-or-down-august-27-8am-et,DOWN,111234870655832851046306569564620313764956595816823469854808434172379633830354,1756123502,2025-08-25 12:05:02,0.5
bitcoin-up-or-down-august-27-8am-et,DOWN,111234870655832851046306569564620313764956595816823469854808434172379633830354,1756123562,2025-08-25 12:06:02,0.5
bitcoin-up-or-down-august-27-8am-et,DOWN,111234870655832851046306569564620313764956595816823469854808434172379633830354,1756123622,2025-08-25 12:07:02,0.5
bitcoin-up-or-down-august-27-8am-et,DOWN,111234870655832851046306569564620313764956595816823469854808434172379633830354,1756123682,2025-08-25 12:08:02,0.5
bitcoin-up-or-down-august-27-8am-et,DOWN,111234870655832851046306569564620313764956595816823469854808434172379633830354,1756123742,2025-08-25 12:09:02,0.5
bitcoin-up-or-down-august-27-8am-et,DOWN,111234870655832851046306569564620313764956595816823469854808434172379633830354,1756123803,2025-08-25 12:10:03,0.5
bitcoin-up-or-down-august-27-8am-et,DOWN,111234870655832851046306569564620313764956595816823469854808434172379633830354,1756123863,2025-08-25 12:11:03,0.5
bitcoin-up-or-down-august-27-8am-et,DOWN,111234870655832851046306569564620313764956595816823469854808434172379633830354,1756123924,2025-08-25 12:12:04,0.5
bitcoin-up-or-down-august-27-8am-et,DOWN,111234870655832851046306569564620313764956595816823469854808434172379633830354,1756123983,2025-08-25 12:13:03,0.5
bitcoin-up-or-down-august-27-8am-et,DOWN,111234870655832851046306569564620313764956595816823469854808434172379633830354,1756124043,2025-08-25 12:14:03,0.5
bitcoin-up-or-down-august-27-8am-et,DOWN,111234870655832851046306569564620313764956595816823469854808434172379633830354,1756124102,2025-08-25 12:15:02,0.5
bitcoin-up-or-down-august-27-8am-et,DOWN,111234870655832851046306569564620313764956595816823469854808434172379633830354,1756124162,2025-08-25 12:16:02,0.5
bitcoin-up-or-down-august-27-8am-et,DOWN,111234870655832851046306569564620313764956595816823469854808434172379633830354,1756124222,2025-08-25 12:17:02,0.5
bitcoin-up-or-down-august-27-8am-et,DOWN,111234870655832851046306569564620313764956595816823469854808434172379633830354,1756124282,2025-08-25 12:18:02,0.5
bitcoin-up-or-down-august-27-8am-et,DOWN,111234870655832851046306569564620313764956595816823469854808434172379633830354,1756124343,2025-08-25 12:19:03,0.5
bitcoin-up-or-down-august-27-8am-et,DOWN,111234870655832851046306569564620313764956595816823469854808434172379633830354,1756124404,2025-08-25 12:20:04,0.5
bitcoin-up-or-down-august-27-8am-et,DOWN,111234870655832851046306569564620313764956595816823469854808434172379633830354,1756124462,2025-08-25 12:21:02,0.5
bitcoin-up-or-down-august-27-8am-et,DOWN,111234870655832851046306569564620313764956595816823469854808434172379633830354,1756124522,2025-08-25 12:22:02,0.5
bitcoin-up-or-down-august-27-8am-et,DOWN,111234870655832851046306569564620313764956595816823469854808434172379633830354,1756124582,2025-08-25 12:23:02,0.5
bitcoin-up-or-down-august-27-8am-et,DOWN,111234870655832851046306569564620313764956595816823469854808434172379633830354,1756124642,2025-08-25 12:24:02,0.5
bitcoin-up-or-down-august-27-8am-et,DOWN,111234870655832851046306569564620313764956595816823469854808434172379633830354,1756124703,2025-08-25 12:25:03,0.5
bitcoin-up-or-down-august-27-8am-et,DOWN,111234870655832851046306569564620313764956595816823469854808434172379633830354,1756124762,2025-08-25 12:26:02,0.5
bitcoin-up-or-down-august-27-8am-et,DOWN,111234870655832851046306569564620313764956595816823469854808434172379633830354,1756124824,2025-08-25 12:27:04,0.5
bitcoin-up-or-down-august-27-8am-et,DOWN,111234870655832851046306569564620313764956595816823469854808434172379633830354,1756124883,2025-08-25 12:28:03,0.5
bitcoin-up-or-down-august-27-8am-et,DOWN,111234870655832851046306569564620313764956595816823469854808434172379633830354,1756124942,2025-08-25 12:29:02,0.5
bitcoin-up-or-down-august-27-8am-et,DOWN,111234870655832851046306569564620313764956595816823469854808434172379633830354,1756125004,2025-08-25 12:30:04,0.5
bitcoin-up-or-down-august-27-8am-et,DOWN,111234870655832851046306569564620313764956595816823469854808434172379633830354,1756125063,2025-08-25 12:31:03,0.5
bitcoin-up-or-down-august-27-8am-et,DOWN,111234870655832851046306569564620313764956595816823469854808434172379633830354,1756125124,2025-08-25 12:32:04,0.5
bitcoin-up-or-down-august-27-8am-et,DOWN,111234870655832851046306569564620313764956595816823469854808434172379633830354,1756125182,2025-08-25 12:33:02,0.5
bitcoin-up-or-down-august-27-8am-et,DOWN,111234870655832851046306569564620313764956595816823469854808434172379633830354,1756125243,2025-08-25 12:34:03,0.5
bitcoin-up-or-down-august-27-8am-et,DOWN,111234870655832851046306569564620313764956595816823469854808434172379633830354,1756125303,2025-08-25 12:35:03,0.5
bitcoin-up-or-down-august-27-8am-et,DOWN,111234870655832851046306569564620313764956595816823469854808434172379633830354,1756125363,2025-08-25 12:36:03,0.5
bitcoin-up-or-down-august-27-8am-et,DOWN,111234870655832851046306569564620313764956595816823469854808434172379633830354,1756125423,2025-08-25 12:37:03,0.5
bitcoin-up-or-down-august-27-8am-et,DOWN,111234870655832851046306569564620313764956595816823469854808434172379633830354,1756125483,2025-08-25 12:38:03,0.5
bitcoin-up-or-down-august-27-8am-et,DOWN,111234870655832851046306569564620313764956595816823469854808434172379633830354,1756125543,2025-08-25 12:39:03,0.5
bitcoin-up-or-down-august-27-8am-et,DOWN,111234870655832851046306569564620313764956595816823469854808434172379633830354,1756125603,2025-08-25 12:40:03,0.5
bitcoin-up-or-down-august-27-8am-et,DOWN,111234870655832851046306569564620313764956595816823469854808434172379633830354,1756125663,2025-08-25 12:41:03,0.5
bitcoin-up-or-down-august-27-8am-et,DOWN,111234870655832851046306569564620313764956595816823469854808434172379633830354,1756125723,2025-08-25 12:42:03,0.5
bitcoin-up-or-down-august-27-8am-et,DOWN,111234870655832851046306569564620313764956595816823469854808434172379633830354,1756125782,2025-08-25 12:43:02,0.5
bitcoin-up-or-down-august-27-8am-et,DOWN,111234870655832851046306569564620313764956595816823469854808434172379633830354,1756125842,2025-08-25 12:44:02,0.5
bitcoin-up-or-down-august-27-8am-et,DOWN,111234870655832851046306569564620313764956595816823469854808434172379633830354,1756125904,2025-08-25 12:45:04,0.5
bitcoin-up-or-down-august-27-8am-et,DOWN,111234870655832851046306569564620313764956595816823469854808434172379633830354,1756125962,2025-08-25 12:46:02,0.5
bitcoin-up-or-down-august-27-8am-et,DOWN,111234870655832851046306569564620313764956595816823469854808434172379633830354,1756126023,2025-08-25 12:47:03,0.5
bitcoin-up-or-down-august-27-8am-et,DOWN,111234870655832851046306569564620313764956595816823469854808434172379633830354,1756126083,2025-08-25 12:48:03,0.5
bitcoin-up-or-down-august-27-8am-et,DOWN,111234870655832851046306569564620313764956595816823469854808434172379633830354,1756126142,2025-08-25 12:49:02,0.5
bitcoin-up-or-down-august-27-8am-et,DOWN,111234870655832851046306569564620313764956595816823469854808434172379633830354,1756126203,2025-08-25 12:50:03,0.5
bitcoin-up-or-down-august-27-8am-et,DOWN,111234870655832851046306569564620313764956595816823469854808434172379633830354,1756126263,2025-08-25 12:51:03,0.5
bitcoin-up-or-down-august-27-8am-et,DOWN,111234870655832851046306569564620313764956595816823469854808434172379633830354,1756126324,2025-08-25 12:52:04,0.5
bitcoin-up-or-down-august-27-8am-et,DOWN,111234870655832851046306569564620313764956595816823469854808434172379633830354,1756126384,2025-08-25 12:53:04,0.5
bitcoin-up-or-down-august-27-8am-et,DOWN,111234870655832851046306569564620313764956595816823469854808434172379633830354,1756126442,2025-08-25 12:54:02,0.5
bitcoin-up-or-down-august-27-8am-et,DOWN,111234870655832851046306569564620313764956595816823469854808434172379633830354,1756126505,2025-08-25 12:55:05,0.5
bitcoin-up-or-down-august-27-8am-et,DOWN,111234870655832851046306569564620313764956595816823469854808434172379633830354,1756126563,2025-08-25 12:56:03,0.5
bitcoin-up-or-down-august-27-8am-et,DOWN,111234870655832851046306569564620313764956595816823469854808434172379633830354,1756126623,2025-08-25 12:57:03,0.5
bitcoin-up-or-down-august-27-8am-et,DOWN,111234870655832851046306569564620313764956595816823469854808434172379633830354,1756126682,2025-08-25 12:58:02,0.5
bitcoin-up-or-down-august-27-8am-et,DOWN,111234870655832851046306569564620313764956595816823469854808434172379633830354,1756126743,2025-08-25 12:59:03,0.5
bitcoin-up-or-down-august-27-8am-et,DOWN,111234870655832851046306569564620313764956595816823469854808434172379633830354,1756126813,2025-08-25 13:00:13,0.5
bitcoin-up-or-down-august-27-8am-et,DOWN,111234870655832851046306569564620313764956595816823469854808434172379633830354,1756126863,2025-08-25 13:01:03,0.5
bitcoin-up-or-down-august-27-8am-et,DOWN,111234870655832851046306569564620313764956595816823469854808434172379633830354,1756126922,2025-08-25 13:02:02,0.5
bitcoin-up-or-down-august-27-8am-et,DOWN,111234870655832851046306569564620313764956595816823469854808434172379633830354,1756126984,2025-08-25 13:03:04,0.5
bitcoin-up-or-down-august-27-8am-et,DOWN,111234870655832851046306569564620313764956595816823469854808434172379633830354,1756127043,2025-08-25 13:04:03,0.5
bitcoin-up-or-down-august-27-8am-et,DOWN,111234870655832851046306569564620313764956595816823469854808434172379633830354,1756127103,2025-08-25 13:05:03,0.5
bitcoin-up-or-down-august-27-8am-et,DOWN,111234870655832851046306569564620313764956595816823469854808434172379633830354,1756127162,2025-08-25 13:06:02,0.5
bitcoin-up-or-down-august-27-8am-et,DOWN,111234870655832851046306569564620313764956595816823469854808434172379633830354,1756127223,2025-08-25 13:07:03,0.5
bitcoin-up-or-down-august-27-8am-et,DOWN,111234870655832851046306569564620313764956595816823469854808434172379633830354,1756127283,2025-08-25 13:08:03,0.5
bitcoin-up-or-down-august-27-8am-et,DOWN,111234870655832851046306569564620313764956595816823469854808434172379633830354,1756127344,2025-08-25 13:09:04,0.5
bitcoin-up-or-down-august-27-8am-et,DOWN,111234870655832851046306569564620313764956595816823469854808434172379633830354,1756127403,2025-08-25 13:10:03,0.5
bitcoin-up-or-down-august-27-8am-et,DOWN,111234870655832851046306569564620313764956595816823469854808434172379633830354,1756127462,2025-08-25 13:11:02,0.5
bitcoin-up-or-down-august-27-8am-et,DOWN,111234870655832851046306569564620313764956595816823469854808434172379633830354,1756127522,2025-08-25 13:12:02,0.5
bitcoin-up-or-down-august-27-8am-et,DOWN,111234870655832851046306569564620313764956595816823469854808434172379633830354,1756127582,2025-08-25 13:13:02,0.5
bitcoin-up-or-down-august-27-8am-et,DOWN,111234870655832851046306569564620313764956595816823469854808434172379633830354,1756127643,2025-08-25 13:14:03,0.5
bitcoin-up-or-down-august-27-8am-et,DOWN,111234870655832851046306569564620313764956595816823469854808434172379633830354,1756127703,2025-08-25 13:15:03,0.5
bitcoin-up-or-down-august-27-8am-et,DOWN,111234870655832851046306569564620313764956595816823469854808434172379633830354,1756127763,2025-08-25 13:16:03,0.5
bitcoin-up-or-down-august-27-8am-et,DOWN,111234870655832851046306569564620313764956595816823469854808434172379633830354,1756127822,2025-08-25 13:17:02,0.5
bitcoin-up-or-down-august-27-8am-et,DOWN,111234870655832851046306569564620313764956595816823469854808434172379633830354,1756127882,2025-08-25 13:18:02,0.5
bitcoin-up-or-down-august-27-8am-et,DOWN,111234870655832851046306569564620313764956595816823469854808434172379633830354,1756127943,2025-08-25 13:19:03,0.5
bitcoin-up-or-down-august-27-8am-et,DOWN,111234870655832851046306569564620313764956595816823469854808434172379633830354,1756128002,2025-08-25 13:20:02,0.5
bitcoin-up-or-down-august-27-8am-et,DOWN,111234870655832851046306569564620313764956595816823469854808434172379633830354,1756128062,2025-08-25 13:21:02,0.5
bitcoin-up-or-down-august-27-8am-et,DOWN,111234870655832851046306569564620313764956595816823469854808434172379633830354,1756128122,2025-08-25 13:22:02,0.5
bitcoin-up-or-down-august-27-8am-et,DOWN,111234870655832851046306569564620313764956595816823469854808434172379633830354,1756128182,2025-08-25 13:23:02,0.5
bitcoin-up-or-down-august-27-8am-et,DOWN,111234870655832851046306569564620313764956595816823469854808434172379633830354,1756128243,2025-08-25 13:24:03,0.5
bitcoin-up-or-down-august-27-8am-et,DOWN,111234870655832851046306569564620313764956595816823469854808434172379633830354,1756128303,2025-08-25 13:25:03,0.5
bitcoin-up-or-down-august-27-8am-et,DOWN,111234870655832851046306569564620313764956595816823469854808434172379633830354,1756128367,2025-08-25 13:26:07,0.5
bitcoin-up-or-down-august-27-8am-et,DOWN,111234870655832851046306569564620313764956595816823469854808434172379633830354,1756128423,2025-08-25 13:27:03,0.5
bitcoin-up-or-down-august-27-8am-et,DOWN,111234870655832851046306569564620313764956595816823469854808434172379633830354,1756128484,2025-08-25 13:28:04,0.5
bitcoin-up-or-down-august-27-8am-et,DOWN,111234870655832851046306569564620313764956595816823469854808434172379633830354,1756128543,2025-08-25 13:29:03,0.5
bitcoin-up-or-down-august-27-8am-et,DOWN,111234870655832851046306569564620313764956595816823469854808434172379633830354,1756128606,2025-08-25 13:30:06,0.5
bitcoin-up-or-down-august-27-8am-et,DOWN,111234870655832851046306569564620313764956595816823469854808434172379633830354,1756128662,2025-08-25 13:31:02,0.5
bitcoin-up-or-down-august-27-8am-et,DOWN,111234870655832851046306569564620313764956595816823469854808434172379633830354,1756128722,2025-08-25 13:32:02,0.5
bitcoin-up-or-down-august-27-8am-et,DOWN,111234870655832851046306569564620313764956595816823469854808434172379633830354,1756128782,2025-08-25 13:33:02,0.5
bitcoin-up-or-down-august-27-8am-et,DOWN,111234870655832851046306569564620313764956595816823469854808434172379633830354,1756128842,2025-08-25 13:34:02,0.5
bitcoin-up-or-down-august-27-8am-et,DOWN,111234870655832851046306569564620313764956595816823469854808434172379633830354,1756128903,2025-08-25 13:35:03,0.5
bitcoin-up-or-down-august-27-8am-et,DOWN,111234870655832851046306569564620313764956595816823469854808434172379633830354,1756128963,2025-08-25 13:36:03,0.5
bitcoin-up-or-down-august-27-8am-et,DOWN,111234870655832851046306569564620313764956595816823469854808434172379633830354,1756129023,2025-08-25 13:37:03,0.5
bitcoin-up-or-down-august-27-8am-et,DOWN,111234870655832851046306569564620313764956595816823469854808434172379633830354,1756129083,2025-08-25 13:38:03,0.5
bitcoin-up-or-down-august-27-8am-et,DOWN,111234870655832851046306569564620313764956595816823469854808434172379633830354,1756129143,2025-08-25 13:39:03,0.5
bitcoin-up-or-down-august-27-8am-et,DOWN,111234870655832851046306569564620313764956595816823469854808434172379633830354,1756129204,2025-08-25 13:40:04,0.5
bitcoin-up-or-down-august-27-8am-et,DOWN,111234870655832851046306569564620313764956595816823469854808434172379633830354,1756129262,2025-08-25 13:41:02,0.5
bitcoin-up-or-down-august-27-8am-et,DOWN,111234870655832851046306569564620313764956595816823469854808434172379633830354,1756129323,2025-08-25 13:42:03,0.5
bitcoin-up-or-down-august-27-8am-et,DOWN,111234870655832851046306569564620313764956595816823469854808434172379633830354,1756129382,2025-08-25 13:43:02,0.5
bitcoin-up-or-down-august-27-8am-et,DOWN,111234870655832851046306569564620313764956595816823469854808434172379633830354,1756129442,2025-08-25 13:44:02,0.5
bitcoin-up-or-down-august-27-8am-et,DOWN,111234870655832851046306569564620313764956595816823469854808434172379633830354,1756129503,2025-08-25 13:45:03,0.5
bitcoin-up-or-down-august-27-8am-et,DOWN,111234870655832851046306569564620313764956595816823469854808434172379633830354,1756129563,2025-08-25 13:46:03,0.5
bitcoin-up-or-down-august-27-8am-et,DOWN,111234870655832851046306569564620313764956595816823469854808434172379633830354,1756129623,2025-08-25 13:47:03,0.5
bitcoin-up-or-down-august-27-8am-et,DOWN,111234870655832851046306569564620313764956595816823469854808434172379633830354,1756129683,2025-08-25 13:48:03,0.5
bitcoin-up-or-down-august-27-8am-et,DOWN,111234870655832851046306569564620313764956595816823469854808434172379633830354,1756129742,2025-08-25 13:49:02,0.5
bitcoin-up-or-down-august-27-8am-et,DOWN,111234870655832851046306569564620313764956595816823469854808434172379633830354,1756129802,2025-08-25 13:50:02,0.5
bitcoin-up-or-down-august-27-8am-et,DOWN,111234870655832851046306569564620313764956595816823469854808434172379633830354,1756129862,2025-08-25 13:51:02,0.5
bitcoin-up-or-down-august-27-8am-et,DOWN,111234870655832851046306569564620313764956595816823469854808434172379633830354,1756129930,2025-08-25 13:52:10,0.5
bitcoin-up-or-down-august-27-8am-et,DOWN,111234870655832851046306569564620313764956595816823469854808434172379633830354,1756129982,2025-08-25 13:53:02,0.5
bitcoin-up-or-down-august-27-8am-et,DOWN,111234870655832851046306569564620313764956595816823469854808434172379633830354,1756130043,2025-08-25 13:54:03,0.5
bitcoin-up-or-down-august-27-8am-et,DOWN,111234870655832851046306569564620313764956595816823469854808434172379633830354,1756130106,2025-08-25 13:55:06,0.5
bitcoin-up-or-down-august-27-8am-et,DOWN,111234870655832851046306569564620313764956595816823469854808434172379633830354,1756130163,2025-08-25 13:56:03,0.5
bitcoin-up-or-down-august-27-8am-et,DOWN,111234870655832851046306569564620313764956595816823469854808434172379633830354,1756130223,2025-08-25 13:57:03,0.5
bitcoin-up-or-down-august-27-8am-et,DOWN,111234870655832851046306569564620313764956595816823469854808434172379633830354,1756130283,2025-08-25 13:58:03,0.5
bitcoin-up-or-down-august-27-8am-et,DOWN,111234870655832851046306569564620313764956595816823469854808434172379633830354,1756130343,2025-08-25 13:59:03,0.5
bitcoin-up-or-down-august-27-8am-et,DOWN,111234870655832851046306569564620313764956595816823469854808434172379633830354,1756130402,2025-08-25 14:00:02,0.5
bitcoin-up-or-down-august-27-8am-et,DOWN,111234870655832851046306569564620313764956595816823469854808434172379633830354,1756130463,2025-08-25 14:01:03,0.5
bitcoin-up-or-down-august-27-8am-et,DOWN,111234870655832851046306569564620313764956595816823469854808434172379633830354,1756130522,2025-08-25 14:02:02,0.5
bitcoin-up-or-down-august-27-8am-et,DOWN,111234870655832851046306569564620313764956595816823469854808434172379633830354,1756130583,2025-08-25 14:03:03,0.5
bitcoin-up-or-down-august-27-8am-et,DOWN,111234870655832851046306569564620313764956595816823469854808434172379633830354,1756130643,2025-08-25 14:04:03,0.5
bitcoin-up-or-down-august-27-8am-et,DOWN,111234870655832851046306569564620313764956595816823469854808434172379633830354,1756130703,2025-08-25 14:05:03,0.5
bitcoin-up-or-down-august-27-8am-et,DOWN,111234870655832851046306569564620313764956595816823469854808434172379633830354,1756130762,2025-08-25 14:06:02,0.5
bitcoin-up-or-down-august-27-8am-et,DOWN,111234870655832851046306569564620313764956595816823469854808434172379633830354,1756130823,2025-08-25 14:07:03,0.5
bitcoin-up-or-down-august-27-8am-et,DOWN,111234870655832851046306569564620313764956595816823469854808434172379633830354,1756130883,2025-08-25 14:08:03,0.5
bitcoin-up-or-down-august-27-8am-et,DOWN,111234870655832851046306569564620313764956595816823469854808434172379633830354,1756130943,2025-08-25 14:09:03,0.5
bitcoin-up-or-down-august-27-8am-et,DOWN,111234870655832851046306569564620313764956595816823469854808434172379633830354,1756131003,2025-08-25 14:10:03,0.5
bitcoin-up-or-down-august-27-8am-et,DOWN,111234870655832851046306569564620313764956595816823469854808434172379633830354,1756131062,2025-08-25 14:11:02,0.5
bitcoin-up-or-down-august-27-8am-et,DOWN,111234870655832851046306569564620313764956595816823469854808434172379633830354,1756131123,2025-08-25 14:12:03,0.5
bitcoin-up-or-down-august-27-8am-et,DOWN,111234870655832851046306569564620313764956595816823469854808434172379633830354,1756131182,2025-08-25 14:13:02,0.5
bitcoin-up-or-down-august-27-8am-et,DOWN,111234870655832851046306569564620313764956595816823469854808434172379633830354,1756131243,2025-08-25 14:14:03,0.5
bitcoin-up-or-down-august-27-8am-et,DOWN,111234870655832851046306569564620313764956595816823469854808434172379633830354,1756131303,2025-08-25 14:15:03,0.5
bitcoin-up-or-down-august-27-8am-et,DOWN,111234870655832851046306569564620313764956595816823469854808434172379633830354,1756131363,2025-08-25 14:16:03,0.5
bitcoin-up-or-down-august-27-8am-et,DOWN,111234870655832851046306569564620313764956595816823469854808434172379633830354,1756131423,2025-08-25 14:17:03,0.5
bitcoin-up-or-down-august-27-8am-et,DOWN,111234870655832851046306569564620313764956595816823469854808434172379633830354,1756131483,2025-08-25 14:18:03,0.5
bitcoin-up-or-down-august-27-8am-et,DOWN,111234870655832851046306569564620313764956595816823469854808434172379633830354,1756131543,2025-08-25 14:19:03,0.5
bitcoin-up-or-down-august-27-8am-et,DOWN,111234870655832851046306569564620313764956595816823469854808434172379633830354,1756131605,2025-08-25 14:20:05,0.5
bitcoin-up-or-down-august-27-8am-et,DOWN,111234870655832851046306569564620313764956595816823469854808434172379633830354,1756131662,2025-08-25 14:21:02,0.5
bitcoin-up-or-down-august-27-8am-et,DOWN,111234870655832851046306569564620313764956595816823469854808434172379633830354,1756131723,2025-08-25 14:22:03,0.5
bitcoin-up-or-down-august-27-8am-et,DOWN,111234870655832851046306569564620313764956595816823469854808434172379633830354,1756131782,2025-08-25 14:23:02,0.5
bitcoin-up-or-down-august-27-8am-et,DOWN,111234870655832851046306569564620313764956595816823469854808434172379633830354,1756131843,2025-08-25 14:24:03,0.5
bitcoin-up-or-down-august-27-8am-et,DOWN,111234870655832851046306569564620313764956595816823469854808434172379633830354,1756131904,2025-08-25 14:25:04,0.5
bitcoin-up-or-down-august-27-8am-et,DOWN,111234870655832851046306569564620313764956595816823469854808434172379633830354,1756131964,2025-08-25 14:26:04,0.5
bitcoin-up-or-down-august-27-8am-et,DOWN,111234870655832851046306569564620313764956595816823469854808434172379633830354,1756132029,2025-08-25 14:27:09,0.5
bitcoin-up-or-down-august-27-8am-et,DOWN,111234870655832851046306569564620313764956595816823469854808434172379633830354,1756132083,2025-08-25 14:28:03,0.5
bitcoin-up-or-down-august-27-8am-et,DOWN,111234870655832851046306569564620313764956595816823469854808434172379633830354,1756132143,2025-08-25 14:29:03,0.5
bitcoin-up-or-down-august-27-8am-et,DOWN,111234870655832851046306569564620313764956595816823469854808434172379633830354,1756132204,2025-08-25 14:30:04,0.5
bitcoin-up-or-down-august-27-8am-et,DOWN,111234870655832851046306569564620313764956595816823469854808434172379633830354,1756132263,2025-08-25 14:31:03,0.5
bitcoin-up-or-down-august-27-8am-et,DOWN,111234870655832851046306569564620313764956595816823469854808434172379633830354,1756132322,2025-08-25 14:32:02,0.5
bitcoin-up-or-down-august-27-8am-et,DOWN,111234870655832851046306569564620313764956595816823469854808434172379633830354,1756132382,2025-08-25 14:33:02,0.5
bitcoin-up-or-down-august-27-8am-et,DOWN,111234870655832851046306569564620313764956595816823469854808434172379633830354,1756132443,2025-08-25 14:34:03,0.5
bitcoin-up-or-down-august-27-8am-et,DOWN,111234870655832851046306569564620313764956595816823469854808434172379633830354,1756132504,2025-08-25 14:35:04,0.5
bitcoin-up-or-down-august-27-8am-et,DOWN,111234870655832851046306569564620313764956595816823469854808434172379633830354,1756132563,2025-08-25 14:36:03,0.5
bitcoin-up-or-down-august-27-8am-et,DOWN,111234870655832851046306569564620313764956595816823469854808434172379633830354,1756132623,2025-08-25 14:37:03,0.5
bitcoin-up-or-down-august-27-8am-et,DOWN,111234870655832851046306569564620313764956595816823469854808434172379633830354,1756132683,2025-08-25 14:38:03,0.5
bitcoin-up-or-down-august-27-8am-et,DOWN,111234870655832851046306569564620313764956595816823469854808434172379633830354,1756132744,2025-08-25 14:39:04,0.5
bitcoin-up-or-down-august-27-8am-et,DOWN,111234870655832851046306569564620313764956595816823469854808434172379633830354,1756132803,2025-08-25 14:40:03,0.5
bitcoin-up-or-down-august-27-8am-et,DOWN,111234870655832851046306569564620313764956595816823469854808434172379633830354,1756132862,2025-08-25 14:41:02,0.5
bitcoin-up-or-down-august-27-8am-et,DOWN,111234870655832851046306569564620313764956595816823469854808434172379633830354,1756132922,2025-08-25 14:42:02,0.5
bitcoin-up-or-down-august-27-8am-et,DOWN,111234870655832851046306569564620313764956595816823469854808434172379633830354,1756132982,2025-08-25 14:43:02,0.5
bitcoin-up-or-down-august-27-8am-et,DOWN,111234870655832851046306569564620313764956595816823469854808434172379633830354,1756133042,2025-08-25 14:44:02,0.5
bitcoin-up-or-down-august-27-8am-et,DOWN,111234870655832851046306569564620313764956595816823469854808434172379633830354,1756133102,2025-08-25 14:45:02,0.5
bitcoin-up-or-down-august-27-8am-et,DOWN,111234870655832851046306569564620313764956595816823469854808434172379633830354,1756133162,2025-08-25 14:46:02,0.5
bitcoin-up-or-down-august-27-8am-et,DOWN,111234870655832851046306569564620313764956595816823469854808434172379633830354,1756133222,2025-08-25 14:47:02,0.5
bitcoin-up-or-down-august-27-8am-et,DOWN,111234870655832851046306569564620313764956595816823469854808434172379633830354,1756133282,2025-08-25 14:48:02,0.5
bitcoin-up-or-down-august-27-8am-et,DOWN,111234870655832851046306569564620313764956595816823469854808434172379633830354,1756133342,2025-08-25 14:49:02,0.5
bitcoin-up-or-down-august-27-8am-et,DOWN,111234870655832851046306569564620313764956595816823469854808434172379633830354,1756133403,2025-08-25 14:50:03,0.5
bitcoin-up-or-down-august-27-8am-et,DOWN,111234870655832851046306569564620313764956595816823469854808434172379633830354,1756133463,2025-08-25 14:51:03,0.5
bitcoin-up-or-down-august-27-8am-et,DOWN,111234870655832851046306569564620313764956595816823469854808434172379633830354,1756133522,2025-08-25 14:52:02,0.5
bitcoin-up-or-down-august-27-8am-et,DOWN,111234870655832851046306569564620313764956595816823469854808434172379633830354,1756133584,2025-08-25 14:53:04,0.5
bitcoin-up-or-down-august-27-8am-et,DOWN,111234870655832851046306569564620313764956595816823469854808434172379633830354,1756133643,2025-08-25 14:54:03,0.5
bitcoin-up-or-down-august-27-8am-et,DOWN,111234870655832851046306569564620313764956595816823469854808434172379633830354,1756133704,2025-08-25 14:55:04,0.5
bitcoin-up-or-down-august-27-8am-et,DOWN,111234870655832851046306569564620313764956595816823469854808434172379633830354,1756133762,2025-08-25 14:56:02,0.5
bitcoin-up-or-down-august-27-8am-et,DOWN,111234870655832851046306569564620313764956595816823469854808434172379633830354,1756133823,2025-08-25 14:57:03,0.5
bitcoin-up-or-down-august-27-8am-et,DOWN,111234870655832851046306569564620313764956595816823469854808434172379633830354,1756133882,2025-08-25 14:58:02,0.5
bitcoin-up-or-down-august-27-8am-et,DOWN,111234870655832851046306569564620313764956595816823469854808434172379633830354,1756133943,2025-08-25 14:59:03,0.5
bitcoin-up-or-down-august-27-8am-et,DOWN,111234870655832851046306569564620313764956595816823469854808434172379633830354,1756134005,2025-08-25 15:00:05,0.5
bitcoin-up-or-down-august-27-8am-et,DOWN,111234870655832851046306569564620313764956595816823469854808434172379633830354,1756134062,2025-08-25 15:01:02,0.5
bitcoin-up-or-down-august-27-8am-et,DOWN,111234870655832851046306569564620313764956595816823469854808434172379633830354,1756134123,2025-08-25 15:02:03,0.5
bitcoin-up-or-down-august-27-8am-et,DOWN,111234870655832851046306569564620313764956595816823469854808434172379633830354,1756134182,2025-08-25 15:03:02,0.5
bitcoin-up-or-down-august-27-8am-et,DOWN,111234870655832851046306569564620313764956595816823469854808434172379633830354,1756134243,2025-08-25 15:04:03,0.5
bitcoin-up-or-down-august-27-8am-et,DOWN,111234870655832851046306569564620313764956595816823469854808434172379633830354,1756134303,2025-08-25 15:05:03,0.5
bitcoin-up-or-down-august-27-8am-et,DOWN,111234870655832851046306569564620313764956595816823469854808434172379633830354,1756134363,2025-08-25 15:06:03,0.5
bitcoin-up-or-down-august-27-8am-et,DOWN,111234870655832851046306569564620313764956595816823469854808434172379633830354,1756134422,2025-08-25 15:07:02,0.5
bitcoin-up-or-down-august-27-8am-et,DOWN,111234870655832851046306569564620313764956595816823469854808434172379633830354,1756134483,2025-08-25 15:08:03,0.5
bitcoin-up-or-down-august-27-8am-et,DOWN,111234870655832851046306569564620313764956595816823469854808434172379633830354,1756134542,2025-08-25 15:09:02,0.5
bitcoin-up-or-down-august-27-8am-et,DOWN,111234870655832851046306569564620313764956595816823469854808434172379633830354,1756134602,2025-08-25 15:10:02,0.5
bitcoin-up-or-down-august-27-8am-et,DOWN,111234870655832851046306569564620313764956595816823469854808434172379633830354,1756134662,2025-08-25 15:11:02,0.5
bitcoin-up-or-down-august-27-8am-et,DOWN,111234870655832851046306569564620313764956595816823469854808434172379633830354,1756134722,2025-08-25 15:12:02,0.5
bitcoin-up-or-down-august-27-8am-et,DOWN,111234870655832851046306569564620313764956595816823469854808434172379633830354,1756134782,2025-08-25 15:13:02,0.5
bitcoin-up-or-down-august-27-8am-et,DOWN,111234870655832851046306569564620313764956595816823469854808434172379633830354,1756134844,2025-08-25 15:14:04,0.5
bitcoin-up-or-down-august-27-8am-et,DOWN,111234870655832851046306569564620313764956595816823469854808434172379633830354,1756134903,2025-08-25 15:15:03,0.5
bitcoin-up-or-down-august-27-8am-et,DOWN,111234870655832851046306569564620313764956595816823469854808434172379633830354,1756134962,2025-08-25 15:16:02,0.5
bitcoin-up-or-down-august-27-8am-et,DOWN,111234870655832851046306569564620313764956595816823469854808434172379633830354,1756135022,2025-08-25 15:17:02,0.5
bitcoin-up-or-down-august-27-8am-et,DOWN,111234870655832851046306569564620313764956595816823469854808434172379633830354,1756135084,2025-08-25 15:18:04,0.5
bitcoin-up-or-down-august-27-8am-et,DOWN,111234870655832851046306569564620313764956595816823469854808434172379633830354,1756135143,2025-08-25 15:19:03,0.5
bitcoin-up-or-down-august-27-8am-et,DOWN,111234870655832851046306569564620313764956595816823469854808434172379633830354,1756135203,2025-08-25 15:20:03,0.5
bitcoin-up-or-down-august-27-8am-et,DOWN,111234870655832851046306569564620313764956595816823469854808434172379633830354,1756135262,2025-08-25 15:21:02,0.5
bitcoin-up-or-down-august-27-8am-et,DOWN,111234870655832851046306569564620313764956595816823469854808434172379633830354,1756135322,2025-08-25 15:22:02,0.5
bitcoin-up-or-down-august-27-8am-et,DOWN,111234870655832851046306569564620313764956595816823469854808434172379633830354,1756135383,2025-08-25 15:23:03,0.5
bitcoin-up-or-down-august-27-8am-et,DOWN,111234870655832851046306569564620313764956595816823469854808434172379633830354,1756135444,2025-08-25 15:24:04,0.5
bitcoin-up-or-down-august-27-8am-et,DOWN,111234870655832851046306569564620313764956595816823469854808434172379633830354,1756135504,2025-08-25 15:25:04,0.5
bitcoin-up-or-down-august-27-8am-et,DOWN,111234870655832851046306569564620313764956595816823469854808434172379633830354,1756135567,2025-08-25 15:26:07,0.5
bitcoin-up-or-down-august-27-8am-et,DOWN,111234870655832851046306569564620313764956595816823469854808434172379633830354,1756135623,2025-08-25 15:27:03,0.5
bitcoin-up-or-down-august-27-8am-et,DOWN,111234870655832851046306569564620313764956595816823469854808434172379633830354,1756135684,2025-08-25 15:28:04,0.5
bitcoin-up-or-down-august-27-8am-et,DOWN,111234870655832851046306569564620313764956595816823469854808434172379633830354,1756135743,2025-08-25 15:29:03,0.5
bitcoin-up-or-down-august-27-8am-et,DOWN,111234870655832851046306569564620313764956595816823469854808434172379633830354,1756135803,2025-08-25 15:30:03,0.5
bitcoin-up-or-down-august-27-8am-et,DOWN,111234870655832851046306569564620313764956595816823469854808434172379633830354,1756135863,2025-08-25 15:31:03,0.5
bitcoin-up-or-down-august-27-8am-et,DOWN,111234870655832851046306569564620313764956595816823469854808434172379633830354,1756135923,2025-08-25 15:32:03,0.5
bitcoin-up-or-down-august-27-8am-et,DOWN,111234870655832851046306569564620313764956595816823469854808434172379633830354,1756135983,2025-08-25 15:33:03,0.5
bitcoin-up-or-down-august-27-8am-et,DOWN,111234870655832851046306569564620313764956595816823469854808434172379633830354,1756136042,2025-08-25 15:34:02,0.5
bitcoin-up-or-down-august-27-8am-et,DOWN,111234870655832851046306569564620313764956595816823469854808434172379633830354,1756136104,2025-08-25 15:35:04,0.5
bitcoin-up-or-down-august-27-8am-et,DOWN,111234870655832851046306569564620313764956595816823469854808434172379633830354,1756136162,2025-08-25 15:36:02,0.5
bitcoin-up-or-down-august-27-8am-et,DOWN,111234870655832851046306569564620313764956595816823469854808434172379633830354,1756136223,2025-08-25 15:37:03,0.5
bitcoin-up-or-down-august-27-8am-et,DOWN,111234870655832851046306569564620313764956595816823469854808434172379633830354,1756136282,2025-08-25 15:38:02,0.5
bitcoin-up-or-down-august-27-8am-et,DOWN,111234870655832851046306569564620313764956595816823469854808434172379633830354,1756136343,2025-08-25 15:39:03,0.5
bitcoin-up-or-down-august-27-8am-et,DOWN,111234870655832851046306569564620313764956595816823469854808434172379633830354,1756136404,2025-08-25 15:40:04,0.5
bitcoin-up-or-down-august-27-8am-et,DOWN,111234870655832851046306569564620313764956595816823469854808434172379633830354,1756136463,2025-08-25 15:41:03,0.5
bitcoin-up-or-down-august-27-8am-et,DOWN,111234870655832851046306569564620313764956595816823469854808434172379633830354,1756136523,2025-08-25 15:42:03,0.5
bitcoin-up-or-down-august-27-8am-et,DOWN,111234870655832851046306569564620313764956595816823469854808434172379633830354,1756136583,2025-08-25 15:43:03,0.5
bitcoin-up-or-down-august-27-8am-et,DOWN,111234870655832851046306569564620313764956595816823469854808434172379633830354,1756136642,2025-08-25 15:44:02,0.5
bitcoin-up-or-down-august-27-8am-et,DOWN,111234870655832851046306569564620313764956595816823469854808434172379633830354,1756136702,2025-08-25 15:45:02,0.5
bitcoin-up-or-down-august-27-8am-et,DOWN,111234870655832851046306569564620313764956595816823469854808434172379633830354,1756136763,2025-08-25 15:46:03,0.5
bitcoin-up-or-down-august-27-8am-et,DOWN,111234870655832851046306569564620313764956595816823469854808434172379633830354,1756136823,2025-08-25 15:47:03,0.5
bitcoin-up-or-down-august-27-8am-et,DOWN,111234870655832851046306569564620313764956595816823469854808434172379633830354,1756136882,2025-08-25 15:48:02,0.5
bitcoin-up-or-down-august-27-8am-et,DOWN,111234870655832851046306569564620313764956595816823469854808434172379633830354,1756136943,2025-08-25 15:49:03,0.5
bitcoin-up-or-down-august-27-8am-et,DOWN,111234870655832851046306569564620313764956595816823469854808434172379633830354,1756137003,2025-08-25 15:50:03,0.5
bitcoin-up-or-down-august-27-8am-et,DOWN,111234870655832851046306569564620313764956595816823469854808434172379633830354,1756137062,2025-08-25 15:51:02,0.5
bitcoin-up-or-down-august-27-8am-et,DOWN,111234870655832851046306569564620313764956595816823469854808434172379633830354,1756137132,2025-08-25 15:52:12,0.5
bitcoin-up-or-down-august-27-8am-et,DOWN,111234870655832851046306569564620313764956595816823469854808434172379633830354,1756137183,2025-08-25 15:53:03,0.5
bitcoin-up-or-down-august-27-8am-et,DOWN,111234870655832851046306569564620313764956595816823469854808434172379633830354,1756137244,2025-08-25 15:54:04,0.5
bitcoin-up-or-down-august-27-8am-et,DOWN,111234870655832851046306569564620313764956595816823469854808434172379633830354,1756137303,2025-08-25 15:55:03,0.5
bitcoin-up-or-down-august-27-8am-et,DOWN,111234870655832851046306569564620313764956595816823469854808434172379633830354,1756137362,2025-08-25 15:56:02,0.5
bitcoin-up-or-down-august-27-8am-et,DOWN,111234870655832851046306569564620313764956595816823469854808434172379633830354,1756137422,2025-08-25 15:57:02,0.5
bitcoin-up-or-down-august-27-8am-et,DOWN,111234870655832851046306569564620313764956595816823469854808434172379633830354,1756137483,2025-08-25 15:58:03,0.5
bitcoin-up-or-down-august-27-8am-et,DOWN,111234870655832851046306569564620313764956595816823469854808434172379633830354,1756137542,2025-08-25 15:59:02,0.5
bitcoin-up-or-down-august-27-8am-et,DOWN,111234870655832851046306569564620313764956595816823469854808434172379633830354,1756137602,2025-08-25 16:00:02,0.5
bitcoin-up-or-down-august-27-8am-et,DOWN,111234870655832851046306569564620313764956595816823469854808434172379633830354,1756137663,2025-08-25 16:01:03,0.5
bitcoin-up-or-down-august-27-8am-et,DOWN,111234870655832851046306569564620313764956595816823469854808434172379633830354,1756137723,2025-08-25 16:02:03,0.5
bitcoin-up-or-down-august-27-8am-et,DOWN,111234870655832851046306569564620313764956595816823469854808434172379633830354,1756137783,2025-08-25 16:03:03,0.5
bitcoin-up-or-down-august-27-8am-et,DOWN,111234870655832851046306569564620313764956595816823469854808434172379633830354,1756137842,2025-08-25 16:04:02,0.5
bitcoin-up-or-down-august-27-8am-et,DOWN,111234870655832851046306569564620313764956595816823469854808434172379633830354,1756137903,2025-08-25 16:05:03,0.5
bitcoin-up-or-down-august-27-8am-et,DOWN,111234870655832851046306569564620313764956595816823469854808434172379633830354,1756137963,2025-08-25 16:06:03,0.5
bitcoin-up-or-down-august-27-8am-et,DOWN,111234870655832851046306569564620313764956595816823469854808434172379633830354,1756138023,2025-08-25 16:07:03,0.5
bitcoin-up-or-down-august-27-8am-et,DOWN,111234870655832851046306569564620313764956595816823469854808434172379633830354,1756138083,2025-08-25 16:08:03,0.5
bitcoin-up-or-down-august-27-8am-et,DOWN,111234870655832851046306569564620313764956595816823469854808434172379633830354,1756138142,2025-08-25 16:09:02,0.5
bitcoin-up-or-down-august-27-8am-et,DOWN,111234870655832851046306569564620313764956595816823469854808434172379633830354,1756138203,2025-08-25 16:10:03,0.5
bitcoin-up-or-down-august-27-8am-et,DOWN,111234870655832851046306569564620313764956595816823469854808434172379633830354,1756138263,2025-08-25 16:11:03,0.5
bitcoin-up-or-down-august-27-8am-et,DOWN,111234870655832851046306569564620313764956595816823469854808434172379633830354,1756138323,2025-08-25 16:12:03,0.5
bitcoin-up-or-down-august-27-8am-et,DOWN,111234870655832851046306569564620313764956595816823469854808434172379633830354,1756138382,2025-08-25 16:13:02,0.5
bitcoin-up-or-down-august-27-8am-et,DOWN,111234870655832851046306569564620313764956595816823469854808434172379633830354,1756138443,2025-08-25 16:14:03,0.5
bitcoin-up-or-down-august-27-8am-et,DOWN,111234870655832851046306569564620313764956595816823469854808434172379633830354,1756138503,2025-08-25 16:15:03,0.5
bitcoin-up-or-down-august-27-8am-et,DOWN,111234870655832851046306569564620313764956595816823469854808434172379633830354,1756138562,2025-08-25 16:16:02,0.5
bitcoin-up-or-down-august-27-8am-et,DOWN,111234870655832851046306569564620313764956595816823469854808434172379633830354,1756138622,2025-08-25 16:17:02,0.5
bitcoin-up-or-down-august-27-8am-et,DOWN,111234870655832851046306569564620313764956595816823469854808434172379633830354,1756138683,2025-08-25 16:18:03,0.5
bitcoin-up-or-down-august-27-8am-et,DOWN,111234870655832851046306569564620313764956595816823469854808434172379633830354,1756138742,2025-08-25 16:19:02,0.5
bitcoin-up-or-down-august-27-8am-et,DOWN,111234870655832851046306569564620313764956595816823469854808434172379633830354,1756138803,2025-08-25 16:20:03,0.5
bitcoin-up-or-down-august-27-8am-et,DOWN,111234870655832851046306569564620313764956595816823469854808434172379633830354,1756138862,2025-08-25 16:21:02,0.5
bitcoin-up-or-down-august-27-8am-et,DOWN,111234870655832851046306569564620313764956595816823469854808434172379633830354,1756138922,2025-08-25 16:22:02,0.5
bitcoin-up-or-down-august-27-8am-et,DOWN,111234870655832851046306569564620313764956595816823469854808434172379633830354,1756138983,2025-08-25 16:23:03,0.5
bitcoin-up-or-down-august-27-8am-et,DOWN,111234870655832851046306569564620313764956595816823469854808434172379633830354,1756139042,2025-08-25 16:24:02,0.5
bitcoin-up-or-down-august-27-8am-et,DOWN,111234870655832851046306569564620313764956595816823469854808434172379633830354,1756139102,2025-08-25 16:25:02,0.5
bitcoin-up-or-down-august-27-8am-et,DOWN,111234870655832851046306569564620313764956595816823469854808434172379633830354,1756139170,2025-08-25 16:26:10,0.5
bitcoin-up-or-down-august-27-8am-et,DOWN,111234870655832851046306569564620313764956595816823469854808434172379633830354,1756139222,2025-08-25 16:27:02,0.5
bitcoin-up-or-down-august-27-8am-et,DOWN,111234870655832851046306569564620313764956595816823469854808434172379633830354,1756139282,2025-08-25 16:28:02,0.5
bitcoin-up-or-down-august-27-8am-et,DOWN,111234870655832851046306569564620313764956595816823469854808434172379633830354,1756139342,2025-08-25 16:29:02,0.5
bitcoin-up-or-down-august-27-8am-et,DOWN,111234870655832851046306569564620313764956595816823469854808434172379633830354,1756139403,2025-08-25 16:30:03,0.5
bitcoin-up-or-down-august-27-8am-et,DOWN,111234870655832851046306569564620313764956595816823469854808434172379633830354,1756139462,2025-08-25 16:31:02,0.5
bitcoin-up-or-down-august-27-8am-et,DOWN,111234870655832851046306569564620313764956595816823469854808434172379633830354,1756139522,2025-08-25 16:32:02,0.5
bitcoin-up-or-down-august-27-8am-et,DOWN,111234870655832851046306569564620313764956595816823469854808434172379633830354,1756139583,2025-08-25 16:33:03,0.5
bitcoin-up-or-down-august-27-8am-et,DOWN,111234870655832851046306569564620313764956595816823469854808434172379633830354,1756139643,2025-08-25 16:34:03,0.5
bitcoin-up-or-down-august-27-8am-et,DOWN,111234870655832851046306569564620313764956595816823469854808434172379633830354,1756139703,2025-08-25 16:35:03,0.5
bitcoin-up-or-down-august-27-8am-et,DOWN,111234870655832851046306569564620313764956595816823469854808434172379633830354,1756139762,2025-08-25 16:36:02,0.5
bitcoin-up-or-down-august-27-8am-et,DOWN,111234870655832851046306569564620313764956595816823469854808434172379633830354,1756139823,2025-08-25 16:37:03,0.5
bitcoin-up-or-down-august-27-8am-et,DOWN,111234870655832851046306569564620313764956595816823469854808434172379633830354,1756139883,2025-08-25 16:38:03,0.5
bitcoin-up-or-down-august-27-8am-et,DOWN,111234870655832851046306569564620313764956595816823469854808434172379633830354,1756139943,2025-08-25 16:39:03,0.5
bitcoin-up-or-down-august-27-8am-et,DOWN,111234870655832851046306569564620313764956595816823469854808434172379633830354,1756140002,2025-08-25 16:40:02,0.5
bitcoin-up-or-down-august-27-8am-et,DOWN,111234870655832851046306569564620313764956595816823469854808434172379633830354,1756140064,2025-08-25 16:41:04,0.5
bitcoin-up-or-down-august-27-8am-et,DOWN,111234870655832851046306569564620313764956595816823469854808434172379633830354,1756140122,2025-08-25 16:42:02,0.5
bitcoin-up-or-down-august-27-8am-et,DOWN,111234870655832851046306569564620313764956595816823469854808434172379633830354,1756140182,2025-08-25 16:43:02,0.5
bitcoin-up-or-down-august-27-8am-et,DOWN,111234870655832851046306569564620313764956595816823469854808434172379633830354,1756140243,2025-08-25 16:44:03,0.5
bitcoin-up-or-down-august-27-8am-et,DOWN,111234870655832851046306569564620313764956595816823469854808434172379633830354,1756140303,2025-08-25 16:45:03,0.5
bitcoin-up-or-down-august-27-8am-et,DOWN,111234870655832851046306569564620313764956595816823469854808434172379633830354,1756140363,2025-08-25 16:46:03,0.5
bitcoin-up-or-down-august-27-8am-et,DOWN,111234870655832851046306569564620313764956595816823469854808434172379633830354,1756140422,2025-08-25 16:47:02,0.5
bitcoin-up-or-down-august-27-8am-et,DOWN,111234870655832851046306569564620313764956595816823469854808434172379633830354,1756140482,2025-08-25 16:48:02,0.5
bitcoin-up-or-down-august-27-8am-et,DOWN,111234870655832851046306569564620313764956595816823469854808434172379633830354,1756140542,2025-08-25 16:49:02,0.5
bitcoin-up-or-down-august-27-8am-et,DOWN,111234870655832851046306569564620313764956595816823469854808434172379633830354,1756140604,2025-08-25 16:50:04,0.5
bitcoin-up-or-down-august-27-8am-et,DOWN,111234870655832851046306569564620313764956595816823469854808434172379633830354,1756140663,2025-08-25 16:51:03,0.5
bitcoin-up-or-down-august-27-8am-et,DOWN,111234870655832851046306569564620313764956595816823469854808434172379633830354,1756140728,2025-08-25 16:52:08,0.5
bitcoin-up-or-down-august-27-8am-et,DOWN,111234870655832851046306569564620313764956595816823469854808434172379633830354,1756140782,2025-08-25 16:53:02,0.5
bitcoin-up-or-down-august-27-8am-et,DOWN,111234870655832851046306569564620313764956595816823469854808434172379633830354,1756140842,2025-08-25 16:54:02,0.5
bitcoin-up-or-down-august-27-8am-et,DOWN,111234870655832851046306569564620313764956595816823469854808434172379633830354,1756140903,2025-08-25 16:55:03,0.5
bitcoin-up-or-down-august-27-8am-et,DOWN,111234870655832851046306569564620313764956595816823469854808434172379633830354,1756140963,2025-08-25 16:56:03,0.5
bitcoin-up-or-down-august-27-8am-et,DOWN,111234870655832851046306569564620313764956595816823469854808434172379633830354,1756141022,2025-08-25 16:57:02,0.5
bitcoin-up-or-down-august-27-8am-et,DOWN,111234870655832851046306569564620313764956595816823469854808434172379633830354,1756141083,2025-08-25 16:58:03,0.5
bitcoin-up-or-down-august-27-8am-et,DOWN,111234870655832851046306569564620313764956595816823469854808434172379633830354,1756141143,2025-08-25 16:59:03,0.5
bitcoin-up-or-down-august-27-8am-et,DOWN,111234870655832851046306569564620313764956595816823469854808434172379633830354,1756141217,2025-08-25 17:00:17,0.5
bitcoin-up-or-down-august-27-8am-et,DOWN,111234870655832851046306569564620313764956595816823469854808434172379633830354,1756141262,2025-08-25 17:01:02,0.5
bitcoin-up-or-down-august-27-8am-et,DOWN,111234870655832851046306569564620313764956595816823469854808434172379633830354,1756141323,2025-08-25 17:02:03,0.5
bitcoin-up-or-down-august-27-8am-et,DOWN,111234870655832851046306569564620313764956595816823469854808434172379633830354,1756141383,2025-08-25 17:03:03,0.5
bitcoin-up-or-down-august-27-8am-et,DOWN,111234870655832851046306569564620313764956595816823469854808434172379633830354,1756141443,2025-08-25 17:04:03,0.5
bitcoin-up-or-down-august-27-8am-et,DOWN,111234870655832851046306569564620313764956595816823469854808434172379633830354,1756141502,2025-08-25 17:05:02,0.5
bitcoin-up-or-down-august-27-8am-et,DOWN,111234870655832851046306569564620313764956595816823469854808434172379633830354,1756141563,2025-08-25 17:06:03,0.5
bitcoin-up-or-down-august-27-8am-et,DOWN,111234870655832851046306569564620313764956595816823469854808434172379633830354,1756141623,2025-08-25 17:07:03,0.5
bitcoin-up-or-down-august-27-8am-et,DOWN,111234870655832851046306569564620313764956595816823469854808434172379633830354,1756141682,2025-08-25 17:08:02,0.5
bitcoin-up-or-down-august-27-8am-et,DOWN,111234870655832851046306569564620313764956595816823469854808434172379633830354,1756141742,2025-08-25 17:09:02,0.5
bitcoin-up-or-down-august-27-8am-et,DOWN,111234870655832851046306569564620313764956595816823469854808434172379633830354,1756141802,2025-08-25 17:10:02,0.5
bitcoin-up-or-down-august-27-8am-et,DOWN,111234870655832851046306569564620313764956595816823469854808434172379633830354,1756141862,2025-08-25 17:11:02,0.5
bitcoin-up-or-down-august-27-8am-et,DOWN,111234870655832851046306569564620313764956595816823469854808434172379633830354,1756141923,2025-08-25 17:12:03,0.5
bitcoin-up-or-down-august-27-8am-et,DOWN,111234870655832851046306569564620313764956595816823469854808434172379633830354,1756141983,2025-08-25 17:13:03,0.5
bitcoin-up-or-down-august-27-8am-et,DOWN,111234870655832851046306569564620313764956595816823469854808434172379633830354,1756142042,2025-08-25 17:14:02,0.5
bitcoin-up-or-down-august-27-8am-et,DOWN,111234870655832851046306569564620313764956595816823469854808434172379633830354,1756142102,2025-08-25 17:15:02,0.5
bitcoin-up-or-down-august-27-8am-et,DOWN,111234870655832851046306569564620313764956595816823469854808434172379633830354,1756142162,2025-08-25 17:16:02,0.5
bitcoin-up-or-down-august-27-8am-et,DOWN,111234870655832851046306569564620313764956595816823469854808434172379633830354,1756142222,2025-08-25 17:17:02,0.5
bitcoin-up-or-down-august-27-8am-et,DOWN,111234870655832851046306569564620313764956595816823469854808434172379633830354,1756142283,2025-08-25 17:18:03,0.5
bitcoin-up-or-down-august-27-8am-et,DOWN,111234870655832851046306569564620313764956595816823469854808434172379633830354,1756142343,2025-08-25 17:19:03,0.5
bitcoin-up-or-down-august-27-8am-et,DOWN,111234870655832851046306569564620313764956595816823469854808434172379633830354,1756142403,2025-08-25 17:20:03,0.5
bitcoin-up-or-down-august-27-8am-et,DOWN,111234870655832851046306569564620313764956595816823469854808434172379633830354,1756142462,2025-08-25 17:21:02,0.5
bitcoin-up-or-down-august-27-8am-et,DOWN,111234870655832851046306569564620313764956595816823469854808434172379633830354,1756142522,2025-08-25 17:22:02,0.5
bitcoin-up-or-down-august-27-8am-et,DOWN,111234870655832851046306569564620313764956595816823469854808434172379633830354,1756142583,2025-08-25 17:23:03,0.5
bitcoin-up-or-down-august-27-8am-et,DOWN,111234870655832851046306569564620313764956595816823469854808434172379633830354,1756142643,2025-08-25 17:24:03,0.5
bitcoin-up-or-down-august-27-8am-et,DOWN,111234870655832851046306569564620313764956595816823469854808434172379633830354,1756142703,2025-08-25 17:25:03,0.5
bitcoin-up-or-down-august-27-8am-et,DOWN,111234870655832851046306569564620313764956595816823469854808434172379633830354,1756142763,2025-08-25 17:26:03,0.5
bitcoin-up-or-down-august-27-8am-et,DOWN,111234870655832851046306569564620313764956595816823469854808434172379633830354,1756142822,2025-08-25 17:27:02,0.5
bitcoin-up-or-down-august-27-8am-et,DOWN,111234870655832851046306569564620313764956595816823469854808434172379633830354,1756142882,2025-08-25 17:28:02,0.5
bitcoin-up-or-down-august-27-8am-et,DOWN,111234870655832851046306569564620313764956595816823469854808434172379633830354,1756142942,2025-08-25 17:29:02,0.5
bitcoin-up-or-down-august-27-8am-et,DOWN,111234870655832851046306569564620313764956595816823469854808434172379633830354,1756143004,2025-08-25 17:30:04,0.5
bitcoin-up-or-down-august-27-8am-et,DOWN,111234870655832851046306569564620313764956595816823469854808434172379633830354,1756143062,2025-08-25 17:31:02,0.5
bitcoin-up-or-down-august-27-8am-et,DOWN,111234870655832851046306569564620313764956595816823469854808434172379633830354,1756143123,2025-08-25 17:32:03,0.5
bitcoin-up-or-down-august-27-8am-et,DOWN,111234870655832851046306569564620313764956595816823469854808434172379633830354,1756143183,2025-08-25 17:33:03,0.5
bitcoin-up-or-down-august-27-8am-et,DOWN,111234870655832851046306569564620313764956595816823469854808434172379633830354,1756143244,2025-08-25 17:34:04,0.5
bitcoin-up-or-down-august-27-8am-et,DOWN,111234870655832851046306569564620313764956595816823469854808434172379633830354,1756143302,2025-08-25 17:35:02,0.5
bitcoin-up-or-down-august-27-8am-et,DOWN,111234870655832851046306569564620313764956595816823469854808434172379633830354,1756143362,2025-08-25 17:36:02,0.5
bitcoin-up-or-down-august-27-8am-et,DOWN,111234870655832851046306569564620313764956595816823469854808434172379633830354,1756143423,2025-08-25 17:37:03,0.5
bitcoin-up-or-down-august-27-8am-et,DOWN,111234870655832851046306569564620313764956595816823469854808434172379633830354,1756143483,2025-08-25 17:38:03,0.5
bitcoin-up-or-down-august-27-8am-et,DOWN,111234870655832851046306569564620313764956595816823469854808434172379633830354,1756143543,2025-08-25 17:39:03,0.5
bitcoin-up-or-down-august-27-8am-et,DOWN,111234870655832851046306569564620313764956595816823469854808434172379633830354,1756143602,2025-08-25 17:40:02,0.5
bitcoin-up-or-down-august-27-8am-et,DOWN,111234870655832851046306569564620313764956595816823469854808434172379633830354,1756143663,2025-08-25 17:41:03,0.5
bitcoin-up-or-down-august-27-8am-et,DOWN,111234870655832851046306569564620313764956595816823469854808434172379633830354,1756143722,2025-08-25 17:42:02,0.5
bitcoin-up-or-down-august-27-8am-et,DOWN,111234870655832851046306569564620313764956595816823469854808434172379633830354,1756143783,2025-08-25 17:43:03,0.5
bitcoin-up-or-down-august-27-8am-et,DOWN,111234870655832851046306569564620313764956595816823469854808434172379633830354,1756143843,2025-08-25 17:44:03,0.5
bitcoin-up-or-down-august-27-8am-et,DOWN,111234870655832851046306569564620313764956595816823469854808434172379633830354,1756143902,2025-08-25 17:45:02,0.5
bitcoin-up-or-down-august-27-8am-et,DOWN,111234870655832851046306569564620313764956595816823469854808434172379633830354,1756143962,2025-08-25 17:46:02,0.5
bitcoin-up-or-down-august-27-8am-et,DOWN,111234870655832851046306569564620313764956595816823469854808434172379633830354,1756144022,2025-08-25 17:47:02,0.5
bitcoin-up-or-down-august-27-8am-et,DOWN,111234870655832851046306569564620313764956595816823469854808434172379633830354,1756144082,2025-08-25 17:48:02,0.5
bitcoin-up-or-down-august-27-8am-et,DOWN,111234870655832851046306569564620313764956595816823469854808434172379633830354,1756144143,2025-08-25 17:49:03,0.5
bitcoin-up-or-down-august-27-8am-et,DOWN,111234870655832851046306569564620313764956595816823469854808434172379633830354,1756144202,2025-08-25 17:50:02,0.5
bitcoin-up-or-down-august-27-8am-et,DOWN,111234870655832851046306569564620313764956595816823469854808434172379633830354,1756144263,2025-08-25 17:51:03,0.5
bitcoin-up-or-down-august-27-8am-et,DOWN,111234870655832851046306569564620313764956595816823469854808434172379633830354,1756144322,2025-08-25 17:52:02,0.5
bitcoin-up-or-down-august-27-8am-et,DOWN,111234870655832851046306569564620313764956595816823469854808434172379633830354,1756144383,2025-08-25 17:53:03,0.5
bitcoin-up-or-down-august-27-8am-et,DOWN,111234870655832851046306569564620313764956595816823469854808434172379633830354,1756144443,2025-08-25 17:54:03,0.5
bitcoin-up-or-down-august-27-8am-et,DOWN,111234870655832851046306569564620313764956595816823469854808434172379633830354,1756144504,2025-08-25 17:55:04,0.5
bitcoin-up-or-down-august-27-8am-et,DOWN,111234870655832851046306569564620313764956595816823469854808434172379633830354,1756144562,2025-08-25 17:56:02,0.5
bitcoin-up-or-down-august-27-8am-et,DOWN,111234870655832851046306569564620313764956595816823469854808434172379633830354,1756144622,2025-08-25 17:57:02,0.5
bitcoin-up-or-down-august-27-8am-et,DOWN,111234870655832851046306569564620313764956595816823469854808434172379633830354,1756144682,2025-08-25 17:58:02,0.5
bitcoin-up-or-down-august-27-8am-et,DOWN,111234870655832851046306569564620313764956595816823469854808434172379633830354,1756144742,2025-08-25 17:59:02,0.5
bitcoin-up-or-down-august-27-8am-et,DOWN,111234870655832851046306569564620313764956595816823469854808434172379633830354,1756144809,2025-08-25 18:00:09,0.5
bitcoin-up-or-down-august-27-8am-et,DOWN,111234870655832851046306569564620313764956595816823469854808434172379633830354,1756144863,2025-08-25 18:01:03,0.5
bitcoin-up-or-down-august-27-8am-et,DOWN,111234870655832851046306569564620313764956595816823469854808434172379633830354,1756144922,2025-08-25 18:02:02,0.5
bitcoin-up-or-down-august-27-8am-et,DOWN,111234870655832851046306569564620313764956595816823469854808434172379633830354,1756144982,2025-08-25 18:03:02,0.5
bitcoin-up-or-down-august-27-8am-et,DOWN,111234870655832851046306569564620313764956595816823469854808434172379633830354,1756145043,2025-08-25 18:04:03,0.5
bitcoin-up-or-down-august-27-8am-et,DOWN,111234870655832851046306569564620313764956595816823469854808434172379633830354,1756145103,2025-08-25 18:05:03,0.5
bitcoin-up-or-down-august-27-8am-et,DOWN,111234870655832851046306569564620313764956595816823469854808434172379633830354,1756145163,2025-08-25 18:06:03,0.5
bitcoin-up-or-down-august-27-8am-et,DOWN,111234870655832851046306569564620313764956595816823469854808434172379633830354,1756145222,2025-08-25 18:07:02,0.5
bitcoin-up-or-down-august-27-8am-et,DOWN,111234870655832851046306569564620313764956595816823469854808434172379633830354,1756145282,2025-08-25 18:08:02,0.5
bitcoin-up-or-down-august-27-8am-et,DOWN,111234870655832851046306569564620313764956595816823469854808434172379633830354,1756145342,2025-08-25 18:09:02,0.5
bitcoin-up-or-down-august-27-8am-et,DOWN,111234870655832851046306569564620313764956595816823469854808434172379633830354,1756145402,2025-08-25 18:10:02,0.5
bitcoin-up-or-down-august-27-8am-et,DOWN,111234870655832851046306569564620313764956595816823469854808434172379633830354,1756145463,2025-08-25 18:11:03,0.5
bitcoin-up-or-down-august-27-8am-et,DOWN,111234870655832851046306569564620313764956595816823469854808434172379633830354,1756145522,2025-08-25 18:12:02,0.5
bitcoin-up-or-down-august-27-8am-et,DOWN,111234870655832851046306569564620313764956595816823469854808434172379633830354,1756145582,2025-08-25 18:13:02,0.5
bitcoin-up-or-down-august-27-8am-et,DOWN,111234870655832851046306569564620313764956595816823469854808434172379633830354,1756145643,2025-08-25 18:14:03,0.5
bitcoin-up-or-down-august-27-8am-et,DOWN,111234870655832851046306569564620313764956595816823469854808434172379633830354,1756145702,2025-08-25 18:15:02,0.5
bitcoin-up-or-down-august-27-8am-et,DOWN,111234870655832851046306569564620313764956595816823469854808434172379633830354,1756145763,2025-08-25 18:16:03,0.5
bitcoin-up-or-down-august-27-8am-et,DOWN,111234870655832851046306569564620313764956595816823469854808434172379633830354,1756145822,2025-08-25 18:17:02,0.5
bitcoin-up-or-down-august-27-8am-et,DOWN,111234870655832851046306569564620313764956595816823469854808434172379633830354,1756145882,2025-08-25 18:18:02,0.5
bitcoin-up-or-down-august-27-8am-et,DOWN,111234870655832851046306569564620313764956595816823469854808434172379633830354,1756145942,2025-08-25 18:19:02,0.5
bitcoin-up-or-down-august-27-8am-et,DOWN,111234870655832851046306569564620313764956595816823469854808434172379633830354,1756146002,2025-08-25 18:20:02,0.5
bitcoin-up-or-down-august-27-8am-et,DOWN,111234870655832851046306569564620313764956595816823469854808434172379633830354,1756146062,2025-08-25 18:21:02,0.5
bitcoin-up-or-down-august-27-8am-et,DOWN,111234870655832851046306569564620313764956595816823469854808434172379633830354,1756146123,2025-08-25 18:22:03,0.5
bitcoin-up-or-down-august-27-8am-et,DOWN,111234870655832851046306569564620313764956595816823469854808434172379633830354,1756146182,2025-08-25 18:23:02,0.5
bitcoin-up-or-down-august-27-8am-et,DOWN,111234870655832851046306569564620313764956595816823469854808434172379633830354,1756146242,2025-08-25 18:24:02,0.5
bitcoin-up-or-down-august-27-8am-et,DOWN,111234870655832851046306569564620313764956595816823469854808434172379633830354,1756146302,2025-08-25 18:25:02,0.5
bitcoin-up-or-down-august-27-8am-et,DOWN,111234870655832851046306569564620313764956595816823469854808434172379633830354,1756146370,2025-08-25 18:26:10,0.5
bitcoin-up-or-down-august-27-8am-et,DOWN,111234870655832851046306569564620313764956595816823469854808434172379633830354,1756146422,2025-08-25 18:27:02,0.5
bitcoin-up-or-down-august-27-8am-et,DOWN,111234870655832851046306569564620313764956595816823469854808434172379633830354,1756146483,2025-08-25 18:28:03,0.5
bitcoin-up-or-down-august-27-8am-et,DOWN,111234870655832851046306569564620313764956595816823469854808434172379633830354,1756146543,2025-08-25 18:29:03,0.5
bitcoin-up-or-down-august-27-8am-et,DOWN,111234870655832851046306569564620313764956595816823469854808434172379633830354,1756146603,2025-08-25 18:30:03,0.5
bitcoin-up-or-down-august-27-8am-et,DOWN,111234870655832851046306569564620313764956595816823469854808434172379633830354,1756146662,2025-08-25 18:31:02,0.5
bitcoin-up-or-down-august-27-8am-et,DOWN,111234870655832851046306569564620313764956595816823469854808434172379633830354,1756146723,2025-08-25 18:32:03,0.5
bitcoin-up-or-down-august-27-8am-et,DOWN,111234870655832851046306569564620313764956595816823469854808434172379633830354,1756146783,2025-08-25 18:33:03,0.5
bitcoin-up-or-down-august-27-8am-et,DOWN,111234870655832851046306569564620313764956595816823469854808434172379633830354,1756146842,2025-08-25 18:34:02,0.5
bitcoin-up-or-down-august-27-8am-et,DOWN,111234870655832851046306569564620313764956595816823469854808434172379633830354,1756146904,2025-08-25 18:35:04,0.5
bitcoin-up-or-down-august-27-8am-et,DOWN,111234870655832851046306569564620313764956595816823469854808434172379633830354,1756146963,2025-08-25 18:36:03,0.5
bitcoin-up-or-down-august-27-8am-et,DOWN,111234870655832851046306569564620313764956595816823469854808434172379633830354,1756147023,2025-08-25 18:37:03,0.5
bitcoin-up-or-down-august-27-8am-et,DOWN,111234870655832851046306569564620313764956595816823469854808434172379633830354,1756147082,2025-08-25 18:38:02,0.5
bitcoin-up-or-down-august-27-8am-et,DOWN,111234870655832851046306569564620313764956595816823469854808434172379633830354,1756147144,2025-08-25 18:39:04,0.5
bitcoin-up-or-down-august-27-8am-et,DOWN,111234870655832851046306569564620313764956595816823469854808434172379633830354,1756147204,2025-08-25 18:40:04,0.5
bitcoin-up-or-down-august-27-8am-et,DOWN,111234870655832851046306569564620313764956595816823469854808434172379633830354,1756147262,2025-08-25 18:41:02,0.5
bitcoin-up-or-down-august-27-8am-et,DOWN,111234870655832851046306569564620313764956595816823469854808434172379633830354,1756147322,2025-08-25 18:42:02,0.5
bitcoin-up-or-down-august-27-8am-et,DOWN,111234870655832851046306569564620313764956595816823469854808434172379633830354,1756147382,2025-08-25 18:43:02,0.5
bitcoin-up-or-down-august-27-8am-et,DOWN,111234870655832851046306569564620313764956595816823469854808434172379633830354,1756147443,2025-08-25 18:44:03,0.5
bitcoin-up-or-down-august-27-8am-et,DOWN,111234870655832851046306569564620313764956595816823469854808434172379633830354,1756147504,2025-08-25 18:45:04,0.5
bitcoin-up-or-down-august-27-8am-et,DOWN,111234870655832851046306569564620313764956595816823469854808434172379633830354,1756147562,2025-08-25 18:46:02,0.5
bitcoin-up-or-down-august-27-8am-et,DOWN,111234870655832851046306569564620313764956595816823469854808434172379633830354,1756147623,2025-08-25 18:47:03,0.5
bitcoin-up-or-down-august-27-8am-et,DOWN,111234870655832851046306569564620313764956595816823469854808434172379633830354,1756147683,2025-08-25 18:48:03,0.5
bitcoin-up-or-down-august-27-8am-et,DOWN,111234870655832851046306569564620313764956595816823469854808434172379633830354,1756147743,2025-08-25 18:49:03,0.5
bitcoin-up-or-down-august-27-8am-et,DOWN,111234870655832851046306569564620313764956595816823469854808434172379633830354,1756147804,2025-08-25 18:50:04,0.5
bitcoin-up-or-down-august-27-8am-et,DOWN,111234870655832851046306569564620313764956595816823469854808434172379633830354,1756147863,2025-08-25 18:51:03,0.5
bitcoin-up-or-down-august-27-8am-et,DOWN,111234870655832851046306569564620313764956595816823469854808434172379633830354,1756147928,2025-08-25 18:52:08,0.5
bitcoin-up-or-down-august-27-8am-et,DOWN,111234870655832851046306569564620313764956595816823469854808434172379633830354,1756147982,2025-08-25 18:53:02,0.5
bitcoin-up-or-down-august-27-8am-et,DOWN,111234870655832851046306569564620313764956595816823469854808434172379633830354,1756148043,2025-08-25 18:54:03,0.5
bitcoin-up-or-down-august-27-8am-et,DOWN,111234870655832851046306569564620313764956595816823469854808434172379633830354,1756148105,2025-08-25 18:55:05,0.5
bitcoin-up-or-down-august-27-8am-et,DOWN,111234870655832851046306569564620313764956595816823469854808434172379633830354,1756148162,2025-08-25 18:56:02,0.5
bitcoin-up-or-down-august-27-8am-et,DOWN,111234870655832851046306569564620313764956595816823469854808434172379633830354,1756148224,2025-08-25 18:57:04,0.5
bitcoin-up-or-down-august-27-8am-et,DOWN,111234870655832851046306569564620313764956595816823469854808434172379633830354,1756148282,2025-08-25 18:58:02,0.5
bitcoin-up-or-down-august-27-8am-et,DOWN,111234870655832851046306569564620313764956595816823469854808434172379633830354,1756148343,2025-08-25 18:59:03,0.5
bitcoin-up-or-down-august-27-8am-et,DOWN,111234870655832851046306569564620313764956595816823469854808434172379633830354,1756148408,2025-08-25 19:00:08,0.5
bitcoin-up-or-down-august-27-8am-et,DOWN,111234870655832851046306569564620313764956595816823469854808434172379633830354,1756148462,2025-08-25 19:01:02,0.5
bitcoin-up-or-down-august-27-8am-et,DOWN,111234870655832851046306569564620313764956595816823469854808434172379633830354,1756148522,2025-08-25 19:02:02,0.5
bitcoin-up-or-down-august-27-8am-et,DOWN,111234870655832851046306569564620313764956595816823469854808434172379633830354,1756148582,2025-08-25 19:03:02,0.5
bitcoin-up-or-down-august-27-8am-et,DOWN,111234870655832851046306569564620313764956595816823469854808434172379633830354,1756148643,2025-08-25 19:04:03,0.5
bitcoin-up-or-down-august-27-8am-et,DOWN,111234870655832851046306569564620313764956595816823469854808434172379633830354,1756148704,2025-08-25 19:05:04,0.5
bitcoin-up-or-down-august-27-8am-et,DOWN,111234870655832851046306569564620313764956595816823469854808434172379633830354,1756148762,2025-08-25 19:06:02,0.5
bitcoin-up-or-down-august-27-8am-et,DOWN,111234870655832851046306569564620313764956595816823469854808434172379633830354,1756148823,2025-08-25 19:07:03,0.5
bitcoin-up-or-down-august-27-8am-et,DOWN,111234870655832851046306569564620313764956595816823469854808434172379633830354,1756148882,2025-08-25 19:08:02,0.5
bitcoin-up-or-down-august-27-8am-et,DOWN,111234870655832851046306569564620313764956595816823469854808434172379633830354,1756148944,2025-08-25 19:09:04,0.5
bitcoin-up-or-down-august-27-8am-et,DOWN,111234870655832851046306569564620313764956595816823469854808434172379633830354,1756149002,2025-08-25 19:10:02,0.5
bitcoin-up-or-down-august-27-8am-et,DOWN,111234870655832851046306569564620313764956595816823469854808434172379633830354,1756149064,2025-08-25 19:11:04,0.5
bitcoin-up-or-down-august-27-8am-et,DOWN,111234870655832851046306569564620313764956595816823469854808434172379633830354,1756149123,2025-08-25 19:12:03,0.5
bitcoin-up-or-down-august-27-8am-et,DOWN,111234870655832851046306569564620313764956595816823469854808434172379633830354,1756149182,2025-08-25 19:13:02,0.5
bitcoin-up-or-down-august-27-8am-et,DOWN,111234870655832851046306569564620313764956595816823469854808434172379633830354,1756149242,2025-08-25 19:14:02,0.5
bitcoin-up-or-down-august-27-8am-et,DOWN,111234870655832851046306569564620313764956595816823469854808434172379633830354,1756149303,2025-08-25 19:15:03,0.5
bitcoin-up-or-down-august-27-8am-et,DOWN,111234870655832851046306569564620313764956595816823469854808434172379633830354,1756149362,2025-08-25 19:16:02,0.5
bitcoin-up-or-down-august-27-8am-et,DOWN,111234870655832851046306569564620313764956595816823469854808434172379633830354,1756149423,2025-08-25 19:17:03,0.5
bitcoin-up-or-down-august-27-8am-et,DOWN,111234870655832851046306569564620313764956595816823469854808434172379633830354,1756149483,2025-08-25 19:18:03,0.5
bitcoin-up-or-down-august-27-8am-et,DOWN,111234870655832851046306569564620313764956595816823469854808434172379633830354,1756149542,2025-08-25 19:19:02,0.5
bitcoin-up-or-down-august-27-8am-et,DOWN,111234870655832851046306569564620313764956595816823469854808434172379633830354,1756149603,2025-08-25 19:20:03,0.5
bitcoin-up-or-down-august-27-8am-et,DOWN,111234870655832851046306569564620313764956595816823469854808434172379633830354,1756149662,2025-08-25 19:21:02,0.5
bitcoin-up-or-down-august-27-8am-et,DOWN,111234870655832851046306569564620313764956595816823469854808434172379633830354,1756149722,2025-08-25 19:22:02,0.5
bitcoin-up-or-down-august-27-8am-et,DOWN,111234870655832851046306569564620313764956595816823469854808434172379633830354,1756149783,2025-08-25 19:23:03,0.5
bitcoin-up-or-down-august-27-8am-et,DOWN,111234870655832851046306569564620313764956595816823469854808434172379633830354,1756149843,2025-08-25 19:24:03,0.5
bitcoin-up-or-down-august-27-8am-et,DOWN,111234870655832851046306569564620313764956595816823469854808434172379633830354,1756149902,2025-08-25 19:25:02,0.5
bitcoin-up-or-down-august-27-8am-et,DOWN,111234870655832851046306569564620313764956595816823469854808434172379633830354,1756149970,2025-08-25 19:26:10,0.5
bitcoin-up-or-down-august-27-8am-et,DOWN,111234870655832851046306569564620313764956595816823469854808434172379633830354,1756150025,2025-08-25 19:27:05,0.5
bitcoin-up-or-down-august-27-8am-et,DOWN,111234870655832851046306569564620313764956595816823469854808434172379633830354,1756150082,2025-08-25 19:28:02,0.5
bitcoin-up-or-down-august-27-8am-et,DOWN,111234870655832851046306569564620313764956595816823469854808434172379633830354,1756150142,2025-08-25 19:29:02,0.5
bitcoin-up-or-down-august-27-8am-et,DOWN,111234870655832851046306569564620313764956595816823469854808434172379633830354,1756150202,2025-08-25 19:30:02,0.5
bitcoin-up-or-down-august-27-8am-et,DOWN,111234870655832851046306569564620313764956595816823469854808434172379633830354,1756150263,2025-08-25 19:31:03,0.5
bitcoin-up-or-down-august-27-8am-et,DOWN,111234870655832851046306569564620313764956595816823469854808434172379633830354,1756150323,2025-08-25 19:32:03,0.5
bitcoin-up-or-down-august-27-8am-et,DOWN,111234870655832851046306569564620313764956595816823469854808434172379633830354,1756150382,2025-08-25 19:33:02,0.5
bitcoin-up-or-down-august-27-8am-et,DOWN,111234870655832851046306569564620313764956595816823469854808434172379633830354,1756150442,2025-08-25 19:34:02,0.5
bitcoin-up-or-down-august-27-8am-et,DOWN,111234870655832851046306569564620313764956595816823469854808434172379633830354,1756150502,2025-08-25 19:35:02,0.5
bitcoin-up-or-down-august-27-8am-et,DOWN,111234870655832851046306569564620313764956595816823469854808434172379633830354,1756150562,2025-08-25 19:36:02,0.5
bitcoin-up-or-down-august-27-8am-et,DOWN,111234870655832851046306569564620313764956595816823469854808434172379633830354,1756150623,2025-08-25 19:37:03,0.5
bitcoin-up-or-down-august-27-8am-et,DOWN,111234870655832851046306569564620313764956595816823469854808434172379633830354,1756150683,2025-08-25 19:38:03,0.5
bitcoin-up-or-down-august-27-8am-et,DOWN,111234870655832851046306569564620313764956595816823469854808434172379633830354,1756150743,2025-08-25 19:39:03,0.5
bitcoin-up-or-down-august-27-8am-et,DOWN,111234870655832851046306569564620313764956595816823469854808434172379633830354,1756150803,2025-08-25 19:40:03,0.5
bitcoin-up-or-down-august-27-8am-et,DOWN,111234870655832851046306569564620313764956595816823469854808434172379633830354,1756150863,2025-08-25 19:41:03,0.5
bitcoin-up-or-down-august-27-8am-et,DOWN,111234870655832851046306569564620313764956595816823469854808434172379633830354,1756150923,2025-08-25 19:42:03,0.5
bitcoin-up-or-down-august-27-8am-et,DOWN,111234870655832851046306569564620313764956595816823469854808434172379633830354,1756150982,2025-08-25 19:43:02,0.5
bitcoin-up-or-down-august-27-8am-et,DOWN,111234870655832851046306569564620313764956595816823469854808434172379633830354,1756151043,2025-08-25 19:44:03,0.5
bitcoin-up-or-down-august-27-8am-et,DOWN,111234870655832851046306569564620313764956595816823469854808434172379633830354,1756151102,2025-08-25 19:45:02,0.5
bitcoin-up-or-down-august-27-8am-et,DOWN,111234870655832851046306569564620313764956595816823469854808434172379633830354,1756151164,2025-08-25 19:46:04,0.5
bitcoin-up-or-down-august-27-8am-et,DOWN,111234870655832851046306569564620313764956595816823469854808434172379633830354,1756151222,2025-08-25 19:47:02,0.5
bitcoin-up-or-down-august-27-8am-et,DOWN,111234870655832851046306569564620313764956595816823469854808434172379633830354,1756151282,2025-08-25 19:48:02,0.5
bitcoin-up-or-down-august-27-8am-et,DOWN,111234870655832851046306569564620313764956595816823469854808434172379633830354,1756151343,2025-08-25 19:49:03,0.5
bitcoin-up-or-down-august-27-8am-et,DOWN,111234870655832851046306569564620313764956595816823469854808434172379633830354,1756151405,2025-08-25 19:50:05,0.5
bitcoin-up-or-down-august-27-8am-et,DOWN,111234870655832851046306569564620313764956595816823469854808434172379633830354,1756151463,2025-08-25 19:51:03,0.5
bitcoin-up-or-down-august-27-8am-et,DOWN,111234870655832851046306569564620313764956595816823469854808434172379633830354,1756151522,2025-08-25 19:52:02,0.5
bitcoin-up-or-down-august-27-8am-et,DOWN,111234870655832851046306569564620313764956595816823469854808434172379633830354,1756151584,2025-08-25 19:53:04,0.5
bitcoin-up-or-down-august-27-8am-et,DOWN,111234870655832851046306569564620313764956595816823469854808434172379633830354,1756151642,2025-08-25 19:54:02,0.5
bitcoin-up-or-down-august-27-8am-et,DOWN,111234870655832851046306569564620313764956595816823469854808434172379633830354,1756151704,2025-08-25 19:55:04,0.5
bitcoin-up-or-down-august-27-8am-et,DOWN,111234870655832851046306569564620313764956595816823469854808434172379633830354,1756151762,2025-08-25 19:56:02,0.5
bitcoin-up-or-down-august-27-8am-et,DOWN,111234870655832851046306569564620313764956595816823469854808434172379633830354,1756151822,2025-08-25 19:57:02,0.5
bitcoin-up-or-down-august-27-8am-et,DOWN,111234870655832851046306569564620313764956595816823469854808434172379633830354,1756151882,2025-08-25 19:58:02,0.5
bitcoin-up-or-down-august-27-8am-et,DOWN,111234870655832851046306569564620313764956595816823469854808434172379633830354,1756151943,2025-08-25 19:59:03,0.5
bitcoin-up-or-down-august-27-8am-et,DOWN,111234870655832851046306569564620313764956595816823469854808434172379633830354,1756152017,2025-08-25 20:00:17,0.5
bitcoin-up-or-down-august-27-8am-et,DOWN,111234870655832851046306569564620313764956595816823469854808434172379633830354,1756152062,2025-08-25 20:01:02,0.5
bitcoin-up-or-down-august-27-8am-et,DOWN,111234870655832851046306569564620313764956595816823469854808434172379633830354,1756152123,2025-08-25 20:02:03,0.5
bitcoin-up-or-down-august-27-8am-et,DOWN,111234870655832851046306569564620313764956595816823469854808434172379633830354,1756152183,2025-08-25 20:03:03,0.5
bitcoin-up-or-down-august-27-8am-et,DOWN,111234870655832851046306569564620313764956595816823469854808434172379633830354,1756152242,2025-08-25 20:04:02,0.5
bitcoin-up-or-down-august-27-8am-et,DOWN,111234870655832851046306569564620313764956595816823469854808434172379633830354,1756152302,2025-08-25 20:05:02,0.5
bitcoin-up-or-down-august-27-8am-et,DOWN,111234870655832851046306569564620313764956595816823469854808434172379633830354,1756152362,2025-08-25 20:06:02,0.5
bitcoin-up-or-down-august-27-8am-et,DOWN,111234870655832851046306569564620313764956595816823469854808434172379633830354,1756152423,2025-08-25 20:07:03,0.5
bitcoin-up-or-down-august-27-8am-et,DOWN,111234870655832851046306569564620313764956595816823469854808434172379633830354,1756152482,2025-08-25 20:08:02,0.5
bitcoin-up-or-down-august-27-8am-et,DOWN,111234870655832851046306569564620313764956595816823469854808434172379633830354,1756152543,2025-08-25 20:09:03,0.5
bitcoin-up-or-down-august-27-8am-et,DOWN,111234870655832851046306569564620313764956595816823469854808434172379633830354,1756152604,2025-08-25 20:10:04,0.5
bitcoin-up-or-down-august-27-8am-et,DOWN,111234870655832851046306569564620313764956595816823469854808434172379633830354,1756152662,2025-08-25 20:11:02,0.5
bitcoin-up-or-down-august-27-8am-et,DOWN,111234870655832851046306569564620313764956595816823469854808434172379633830354,1756152722,2025-08-25 20:12:02,0.5
bitcoin-up-or-down-august-27-8am-et,DOWN,111234870655832851046306569564620313764956595816823469854808434172379633830354,1756152782,2025-08-25 20:13:02,0.5
bitcoin-up-or-down-august-27-8am-et,DOWN,111234870655832851046306569564620313764956595816823469854808434172379633830354,1756152843,2025-08-25 20:14:03,0.5
bitcoin-up-or-down-august-27-8am-et,DOWN,111234870655832851046306569564620313764956595816823469854808434172379633830354,1756152904,2025-08-25 20:15:04,0.5
bitcoin-up-or-down-august-27-8am-et,DOWN,111234870655832851046306569564620313764956595816823469854808434172379633830354,1756152962,2025-08-25 20:16:02,0.5
bitcoin-up-or-down-august-27-8am-et,DOWN,111234870655832851046306569564620313764956595816823469854808434172379633830354,1756153022,2025-08-25 20:17:02,0.5
bitcoin-up-or-down-august-27-8am-et,DOWN,111234870655832851046306569564620313764956595816823469854808434172379633830354,1756153082,2025-08-25 20:18:02,0.5
bitcoin-up-or-down-august-27-8am-et,DOWN,111234870655832851046306569564620313764956595816823469854808434172379633830354,1756153142,2025-08-25 20:19:02,0.5
bitcoin-up-or-down-august-27-8am-et,DOWN,111234870655832851046306569564620313764956595816823469854808434172379633830354,1756153203,2025-08-25 20:20:03,0.5
bitcoin-up-or-down-august-27-8am-et,DOWN,111234870655832851046306569564620313764956595816823469854808434172379633830354,1756153262,2025-08-25 20:21:02,0.5
bitcoin-up-or-down-august-27-8am-et,DOWN,111234870655832851046306569564620313764956595816823469854808434172379633830354,1756153323,2025-08-25 20:22:03,0.5
bitcoin-up-or-down-august-27-8am-et,DOWN,111234870655832851046306569564620313764956595816823469854808434172379633830354,1756153383,2025-08-25 20:23:03,0.5
bitcoin-up-or-down-august-27-8am-et,DOWN,111234870655832851046306569564620313764956595816823469854808434172379633830354,1756153443,2025-08-25 20:24:03,0.5
bitcoin-up-or-down-august-27-8am-et,DOWN,111234870655832851046306569564620313764956595816823469854808434172379633830354,1756153504,2025-08-25 20:25:04,0.5
bitcoin-up-or-down-august-27-8am-et,DOWN,111234870655832851046306569564620313764956595816823469854808434172379633830354,1756153561,2025-08-25 20:26:01,0.5
bitcoin-up-or-down-august-27-8am-et,DOWN,111234870655832851046306569564620313764956595816823469854808434172379633830354,1756153625,2025-08-25 20:27:05,0.5
bitcoin-up-or-down-august-27-8am-et,DOWN,111234870655832851046306569564620313764956595816823469854808434172379633830354,1756153683,2025-08-25 20:28:03,0.5
bitcoin-up-or-down-august-27-8am-et,DOWN,111234870655832851046306569564620313764956595816823469854808434172379633830354,1756153743,2025-08-25 20:29:03,0.5
bitcoin-up-or-down-august-27-8am-et,DOWN,111234870655832851046306569564620313764956595816823469854808434172379633830354,1756153807,2025-08-25 20:30:07,0.5
bitcoin-up-or-down-august-27-8am-et,DOWN,111234870655832851046306569564620313764956595816823469854808434172379633830354,1756153862,2025-08-25 20:31:02,0.5
bitcoin-up-or-down-august-27-8am-et,DOWN,111234870655832851046306569564620313764956595816823469854808434172379633830354,1756153923,2025-08-25 20:32:03,0.5
bitcoin-up-or-down-august-27-8am-et,DOWN,111234870655832851046306569564620313764956595816823469854808434172379633830354,1756153983,2025-08-25 20:33:03,0.5
bitcoin-up-or-down-august-27-8am-et,DOWN,111234870655832851046306569564620313764956595816823469854808434172379633830354,1756154043,2025-08-25 20:34:03,0.5
bitcoin-up-or-down-august-27-8am-et,DOWN,111234870655832851046306569564620313764956595816823469854808434172379633830354,1756154103,2025-08-25 20:35:03,0.5
bitcoin-up-or-down-august-27-8am-et,DOWN,111234870655832851046306569564620313764956595816823469854808434172379633830354,1756154162,2025-08-25 20:36:02,0.5
bitcoin-up-or-down-august-27-8am-et,DOWN,111234870655832851046306569564620313764956595816823469854808434172379633830354,1756154222,2025-08-25 20:37:02,0.5
bitcoin-up-or-down-august-27-8am-et,DOWN,111234870655832851046306569564620313764956595816823469854808434172379633830354,1756154282,2025-08-25 20:38:02,0.5
bitcoin-up-or-down-august-27-8am-et,DOWN,111234870655832851046306569564620313764956595816823469854808434172379633830354,1756154343,2025-08-25 20:39:03,0.5
bitcoin-up-or-down-august-27-8am-et,DOWN,111234870655832851046306569564620313764956595816823469854808434172379633830354,1756154403,2025-08-25 20:40:03,0.5
bitcoin-up-or-down-august-27-8am-et,DOWN,111234870655832851046306569564620313764956595816823469854808434172379633830354,1756154463,2025-08-25 20:41:03,0.5
bitcoin-up-or-down-august-27-8am-et,DOWN,111234870655832851046306569564620313764956595816823469854808434172379633830354,1756154522,2025-08-25 20:42:02,0.5
bitcoin-up-or-down-august-27-8am-et,DOWN,111234870655832851046306569564620313764956595816823469854808434172379633830354,1756154582,2025-08-25 20:43:02,0.5
bitcoin-up-or-down-august-27-8am-et,DOWN,111234870655832851046306569564620313764956595816823469854808434172379633830354,1756154643,2025-08-25 20:44:03,0.5
bitcoin-up-or-down-august-27-8am-et,DOWN,111234870655832851046306569564620313764956595816823469854808434172379633830354,1756154704,2025-08-25 20:45:04,0.5
bitcoin-up-or-down-august-27-8am-et,DOWN,111234870655832851046306569564620313764956595816823469854808434172379633830354,1756154762,2025-08-25 20:46:02,0.5
bitcoin-up-or-down-august-27-8am-et,DOWN,111234870655832851046306569564620313764956595816823469854808434172379633830354,1756154823,2025-08-25 20:47:03,0.5
bitcoin-up-or-down-august-27-8am-et,DOWN,111234870655832851046306569564620313764956595816823469854808434172379633830354,1756154882,2025-08-25 20:48:02,0.5
bitcoin-up-or-down-august-27-8am-et,DOWN,111234870655832851046306569564620313764956595816823469854808434172379633830354,1756154942,2025-08-25 20:49:02,0.5
bitcoin-up-or-down-august-27-8am-et,DOWN,111234870655832851046306569564620313764956595816823469854808434172379633830354,1756155003,2025-08-25 20:50:03,0.5
bitcoin-up-or-down-august-27-8am-et,DOWN,111234870655832851046306569564620313764956595816823469854808434172379633830354,1756155064,2025-08-25 20:51:04,0.5
bitcoin-up-or-down-august-27-8am-et,DOWN,111234870655832851046306569564620313764956595816823469854808434172379633830354,1756155123,2025-08-25 20:52:03,0.5
bitcoin-up-or-down-august-27-8am-et,DOWN,111234870655832851046306569564620313764956595816823469854808434172379633830354,1756155187,2025-08-25 20:53:07,0.5
bitcoin-up-or-down-august-27-8am-et,DOWN,111234870655832851046306569564620313764956595816823469854808434172379633830354,1756155242,2025-08-25 20:54:02,0.5
bitcoin-up-or-down-august-27-8am-et,DOWN,111234870655832851046306569564620313764956595816823469854808434172379633830354,1756155302,2025-08-25 20:55:02,0.5
bitcoin-up-or-down-august-27-8am-et,DOWN,111234870655832851046306569564620313764956595816823469854808434172379633830354,1756155362,2025-08-25 20:56:02,0.5
bitcoin-up-or-down-august-27-8am-et,DOWN,111234870655832851046306569564620313764956595816823469854808434172379633830354,1756155424,2025-08-25 20:57:04,0.5
bitcoin-up-or-down-august-27-8am-et,DOWN,111234870655832851046306569564620313764956595816823469854808434172379633830354,1756155483,2025-08-25 20:58:03,0.5
bitcoin-up-or-down-august-27-8am-et,DOWN,111234870655832851046306569564620313764956595816823469854808434172379633830354,1756155544,2025-08-25 20:59:04,0.5
bitcoin-up-or-down-august-27-8am-et,DOWN,111234870655832851046306569564620313764956595816823469854808434172379633830354,1756155616,2025-08-25 21:00:16,0.5
bitcoin-up-or-down-august-27-8am-et,DOWN,111234870655832851046306569564620313764956595816823469854808434172379633830354,1756155663,2025-08-25 21:01:03,0.5
bitcoin-up-or-down-august-27-8am-et,DOWN,111234870655832851046306569564620313764956595816823469854808434172379633830354,1756155723,2025-08-25 21:02:03,0.5
bitcoin-up-or-down-august-27-8am-et,DOWN,111234870655832851046306569564620313764956595816823469854808434172379633830354,1756155784,2025-08-25 21:03:04,0.5
bitcoin-up-or-down-august-27-8am-et,DOWN,111234870655832851046306569564620313764956595816823469854808434172379633830354,1756155842,2025-08-25 21:04:02,0.5
bitcoin-up-or-down-august-27-8am-et,DOWN,111234870655832851046306569564620313764956595816823469854808434172379633830354,1756155902,2025-08-25 21:05:02,0.5
bitcoin-up-or-down-august-27-8am-et,DOWN,111234870655832851046306569564620313764956595816823469854808434172379633830354,1756155963,2025-08-25 21:06:03,0.5
bitcoin-up-or-down-august-27-8am-et,DOWN,111234870655832851046306569564620313764956595816823469854808434172379633830354,1756156022,2025-08-25 21:07:02,0.5
bitcoin-up-or-down-august-27-8am-et,DOWN,111234870655832851046306569564620313764956595816823469854808434172379633830354,1756156083,2025-08-25 21:08:03,0.5
bitcoin-up-or-down-august-27-8am-et,DOWN,111234870655832851046306569564620313764956595816823469854808434172379633830354,1756156143,2025-08-25 21:09:03,0.5
bitcoin-up-or-down-august-27-8am-et,DOWN,111234870655832851046306569564620313764956595816823469854808434172379633830354,1756156204,2025-08-25 21:10:04,0.5
bitcoin-up-or-down-august-27-8am-et,DOWN,111234870655832851046306569564620313764956595816823469854808434172379633830354,1756156264,2025-08-25 21:11:04,0.5
bitcoin-up-or-down-august-27-8am-et,DOWN,111234870655832851046306569564620313764956595816823469854808434172379633830354,1756156322,2025-08-25 21:12:02,0.5
bitcoin-up-or-down-august-27-8am-et,DOWN,111234870655832851046306569564620313764956595816823469854808434172379633830354,1756156383,2025-08-25 21:13:03,0.5
bitcoin-up-or-down-august-27-8am-et,DOWN,111234870655832851046306569564620313764956595816823469854808434172379633830354,1756156442,2025-08-25 21:14:02,0.5
bitcoin-up-or-down-august-27-8am-et,DOWN,111234870655832851046306569564620313764956595816823469854808434172379633830354,1756156504,2025-08-25 21:15:04,0.5
bitcoin-up-or-down-august-27-8am-et,DOWN,111234870655832851046306569564620313764956595816823469854808434172379633830354,1756156563,2025-08-25 21:16:03,0.5
bitcoin-up-or-down-august-27-8am-et,DOWN,111234870655832851046306569564620313764956595816823469854808434172379633830354,1756156624,2025-08-25 21:17:04,0.5
bitcoin-up-or-down-august-27-8am-et,DOWN,111234870655832851046306569564620313764956595816823469854808434172379633830354,1756156683,2025-08-25 21:18:03,0.5
bitcoin-up-or-down-august-27-8am-et,DOWN,111234870655832851046306569564620313764956595816823469854808434172379633830354,1756156742,2025-08-25 21:19:02,0.5
bitcoin-up-or-down-august-27-8am-et,DOWN,111234870655832851046306569564620313764956595816823469854808434172379633830354,1756156803,2025-08-25 21:20:03,0.5
bitcoin-up-or-down-august-27-8am-et,DOWN,111234870655832851046306569564620313764956595816823469854808434172379633830354,1756156864,2025-08-25 21:21:04,0.5
bitcoin-up-or-down-august-27-8am-et,DOWN,111234870655832851046306569564620313764956595816823469854808434172379633830354,1756156922,2025-08-25 21:22:02,0.5
bitcoin-up-or-down-august-27-8am-et,DOWN,111234870655832851046306569564620313764956595816823469854808434172379633830354,1756156982,2025-08-25 21:23:02,0.5
bitcoin-up-or-down-august-27-8am-et,DOWN,111234870655832851046306569564620313764956595816823469854808434172379633830354,1756157043,2025-08-25 21:24:03,0.5
bitcoin-up-or-down-august-27-8am-et,DOWN,111234870655832851046306569564620313764956595816823469854808434172379633830354,1756157103,2025-08-25 21:25:03,0.5
bitcoin-up-or-down-august-27-8am-et,DOWN,111234870655832851046306569564620313764956595816823469854808434172379633830354,1756157162,2025-08-25 21:26:02,0.5
bitcoin-up-or-down-august-27-8am-et,DOWN,111234870655832851046306569564620313764956595816823469854808434172379633830354,1756157228,2025-08-25 21:27:08,0.5
bitcoin-up-or-down-august-27-8am-et,DOWN,111234870655832851046306569564620313764956595816823469854808434172379633830354,1756157282,2025-08-25 21:28:02,0.5
bitcoin-up-or-down-august-27-8am-et,DOWN,111234870655832851046306569564620313764956595816823469854808434172379633830354,1756157343,2025-08-25 21:29:03,0.5
bitcoin-up-or-down-august-27-8am-et,DOWN,111234870655832851046306569564620313764956595816823469854808434172379633830354,1756157405,2025-08-25 21:30:05,0.5
bitcoin-up-or-down-august-27-8am-et,DOWN,111234870655832851046306569564620313764956595816823469854808434172379633830354,1756157464,2025-08-25 21:31:04,0.5
bitcoin-up-or-down-august-27-8am-et,DOWN,111234870655832851046306569564620313764956595816823469854808434172379633830354,1756157523,2025-08-25 21:32:03,0.5
bitcoin-up-or-down-august-27-8am-et,DOWN,111234870655832851046306569564620313764956595816823469854808434172379633830354,1756157583,2025-08-25 21:33:03,0.5
bitcoin-up-or-down-august-27-8am-et,DOWN,111234870655832851046306569564620313764956595816823469854808434172379633830354,1756157644,2025-08-25 21:34:04,0.5
bitcoin-up-or-down-august-27-8am-et,DOWN,111234870655832851046306569564620313764956595816823469854808434172379633830354,1756157702,2025-08-25 21:35:02,0.5
bitcoin-up-or-down-august-27-8am-et,DOWN,111234870655832851046306569564620313764956595816823469854808434172379633830354,1756157763,2025-08-25 21:36:03,0.5
bitcoin-up-or-down-august-27-8am-et,DOWN,111234870655832851046306569564620313764956595816823469854808434172379633830354,1756157822,2025-08-25 21:37:02,0.5
bitcoin-up-or-down-august-27-8am-et,DOWN,111234870655832851046306569564620313764956595816823469854808434172379633830354,1756157884,2025-08-25 21:38:04,0.5
bitcoin-up-or-down-august-27-8am-et,DOWN,111234870655832851046306569564620313764956595816823469854808434172379633830354,1756157942,2025-08-25 21:39:02,0.5
bitcoin-up-or-down-august-27-8am-et,DOWN,111234870655832851046306569564620313764956595816823469854808434172379633830354,1756158003,2025-08-25 21:40:03,0.5
bitcoin-up-or-down-august-27-8am-et,DOWN,111234870655832851046306569564620313764956595816823469854808434172379633830354,1756158062,2025-08-25 21:41:02,0.5
bitcoin-up-or-down-august-27-8am-et,DOWN,111234870655832851046306569564620313764956595816823469854808434172379633830354,1756158122,2025-08-25 21:42:02,0.5
bitcoin-up-or-down-august-27-8am-et,DOWN,111234870655832851046306569564620313764956595816823469854808434172379633830354,1756158182,2025-08-25 21:43:02,0.5
bitcoin-up-or-down-august-27-8am-et,DOWN,111234870655832851046306569564620313764956595816823469854808434172379633830354,1756158243,2025-08-25 21:44:03,0.5
bitcoin-up-or-down-august-27-8am-et,DOWN,111234870655832851046306569564620313764956595816823469854808434172379633830354,1756158304,2025-08-25 21:45:04,0.5
bitcoin-up-or-down-august-27-8am-et,DOWN,111234870655832851046306569564620313764956595816823469854808434172379633830354,1756158363,2025-08-25 21:46:03,0.5
bitcoin-up-or-down-august-27-8am-et,DOWN,111234870655832851046306569564620313764956595816823469854808434172379633830354,1756158423,2025-08-25 21:47:03,0.5
bitcoin-up-or-down-august-27-8am-et,DOWN,111234870655832851046306569564620313764956595816823469854808434172379633830354,1756158482,2025-08-25 21:48:02,0.5
bitcoin-up-or-down-august-27-8am-et,DOWN,111234870655832851046306569564620313764956595816823469854808434172379633830354,1756158543,2025-08-25 21:49:03,0.5
bitcoin-up-or-down-august-27-8am-et,DOWN,111234870655832851046306569564620313764956595816823469854808434172379633830354,1756158603,2025-08-25 21:50:03,0.5
bitcoin-up-or-down-august-27-8am-et,DOWN,111234870655832851046306569564620313764956595816823469854808434172379633830354,1756158662,2025-08-25 21:51:02,0.5
bitcoin-up-or-down-august-27-8am-et,DOWN,111234870655832851046306569564620313764956595816823469854808434172379633830354,1756158722,2025-08-25 21:52:02,0.5
bitcoin-up-or-down-august-27-8am-et,DOWN,111234870655832851046306569564620313764956595816823469854808434172379633830354,1756158783,2025-08-25 21:53:03,0.5
bitcoin-up-or-down-august-27-8am-et,DOWN,111234870655832851046306569564620313764956595816823469854808434172379633830354,1756158843,2025-08-25 21:54:03,0.5
bitcoin-up-or-down-august-27-8am-et,DOWN,111234870655832851046306569564620313764956595816823469854808434172379633830354,1756158902,2025-08-25 21:55:02,0.5
bitcoin-up-or-down-august-27-8am-et,DOWN,111234870655832851046306569564620313764956595816823469854808434172379633830354,1756158962,2025-08-25 21:56:02,0.5
bitcoin-up-or-down-august-27-8am-et,DOWN,111234870655832851046306569564620313764956595816823469854808434172379633830354,1756159022,2025-08-25 21:57:02,0.5
bitcoin-up-or-down-august-27-8am-et,DOWN,111234870655832851046306569564620313764956595816823469854808434172379633830354,1756159084,2025-08-25 21:58:04,0.5
bitcoin-up-or-down-august-27-8am-et,DOWN,111234870655832851046306569564620313764956595816823469854808434172379633830354,1756159142,2025-08-25 21:59:02,0.5
bitcoin-up-or-down-august-27-8am-et,DOWN,111234870655832851046306569564620313764956595816823469854808434172379633830354,1756159206,2025-08-25 22:00:06,0.5
bitcoin-up-or-down-august-27-8am-et,DOWN,111234870655832851046306569564620313764956595816823469854808434172379633830354,1756159262,2025-08-25 22:01:02,0.5
bitcoin-up-or-down-august-27-8am-et,DOWN,111234870655832851046306569564620313764956595816823469854808434172379633830354,1756159322,2025-08-25 22:02:02,0.5
bitcoin-up-or-down-august-27-8am-et,DOWN,111234870655832851046306569564620313764956595816823469854808434172379633830354,1756159384,2025-08-25 22:03:04,0.5
bitcoin-up-or-down-august-27-8am-et,DOWN,111234870655832851046306569564620313764956595816823469854808434172379633830354,1756159442,2025-08-25 22:04:02,0.5
bitcoin-up-or-down-august-27-8am-et,DOWN,111234870655832851046306569564620313764956595816823469854808434172379633830354,1756159503,2025-08-25 22:05:03,0.5
bitcoin-up-or-down-august-27-8am-et,DOWN,111234870655832851046306569564620313764956595816823469854808434172379633830354,1756159563,2025-08-25 22:06:03,0.5
bitcoin-up-or-down-august-27-8am-et,DOWN,111234870655832851046306569564620313764956595816823469854808434172379633830354,1756159623,2025-08-25 22:07:03,0.5
bitcoin-up-or-down-august-27-8am-et,DOWN,111234870655832851046306569564620313764956595816823469854808434172379633830354,1756159682,2025-08-25 22:08:02,0.5
bitcoin-up-or-down-august-27-8am-et,DOWN,111234870655832851046306569564620313764956595816823469854808434172379633830354,1756159743,2025-08-25 22:09:03,0.5
bitcoin-up-or-down-august-27-8am-et,DOWN,111234870655832851046306569564620313764956595816823469854808434172379633830354,1756159804,2025-08-25 22:10:04,0.5
bitcoin-up-or-down-august-27-8am-et,DOWN,111234870655832851046306569564620313764956595816823469854808434172379633830354,1756159863,2025-08-25 22:11:03,0.5
bitcoin-up-or-down-august-27-8am-et,DOWN,111234870655832851046306569564620313764956595816823469854808434172379633830354,1756159923,2025-08-25 22:12:03,0.5
bitcoin-up-or-down-august-27-8am-et,DOWN,111234870655832851046306569564620313764956595816823469854808434172379633830354,1756159982,2025-08-25 22:13:02,0.5
bitcoin-up-or-down-august-27-8am-et,DOWN,111234870655832851046306569564620313764956595816823469854808434172379633830354,1756160042,2025-08-25 22:14:02,0.5
bitcoin-up-or-down-august-27-8am-et,DOWN,111234870655832851046306569564620313764956595816823469854808434172379633830354,1756160102,2025-08-25 22:15:02,0.5
bitcoin-up-or-down-august-27-8am-et,DOWN,111234870655832851046306569564620313764956595816823469854808434172379633830354,1756160163,2025-08-25 22:16:03,0.5
bitcoin-up-or-down-august-27-8am-et,DOWN,111234870655832851046306569564620313764956595816823469854808434172379633830354,1756160222,2025-08-25 22:17:02,0.5
bitcoin-up-or-down-august-27-8am-et,DOWN,111234870655832851046306569564620313764956595816823469854808434172379633830354,1756160283,2025-08-25 22:18:03,0.5
bitcoin-up-or-down-august-27-8am-et,DOWN,111234870655832851046306569564620313764956595816823469854808434172379633830354,1756160343,2025-08-25 22:19:03,0.5
bitcoin-up-or-down-august-27-8am-et,DOWN,111234870655832851046306569564620313764956595816823469854808434172379633830354,1756160403,2025-08-25 22:20:03,0.5
bitcoin-up-or-down-august-27-8am-et,DOWN,111234870655832851046306569564620313764956595816823469854808434172379633830354,1756160462,2025-08-25 22:21:02,0.5
bitcoin-up-or-down-august-27-8am-et,DOWN,111234870655832851046306569564620313764956595816823469854808434172379633830354,1756160522,2025-08-25 22:22:02,0.5
bitcoin-up-or-down-august-27-8am-et,DOWN,111234870655832851046306569564620313764956595816823469854808434172379633830354,1756160583,2025-08-25 22:23:03,0.5
bitcoin-up-or-down-august-27-8am-et,DOWN,111234870655832851046306569564620313764956595816823469854808434172379633830354,1756160642,2025-08-25 22:24:02,0.5
bitcoin-up-or-down-august-27-8am-et,DOWN,111234870655832851046306569564620313764956595816823469854808434172379633830354,1756160703,2025-08-25 22:25:03,0.5
bitcoin-up-or-down-august-27-8am-et,DOWN,111234870655832851046306569564620313764956595816823469854808434172379633830354,1756160765,2025-08-25 22:26:05,0.5
bitcoin-up-or-down-august-27-8am-et,DOWN,111234870655832851046306569564620313764956595816823469854808434172379633830354,1756160822,2025-08-25 22:27:02,0.5
bitcoin-up-or-down-august-27-8am-et,DOWN,111234870655832851046306569564620313764956595816823469854808434172379633830354,1756160883,2025-08-25 22:28:03,0.5
bitcoin-up-or-down-august-27-8am-et,DOWN,111234870655832851046306569564620313764956595816823469854808434172379633830354,1756160942,2025-08-25 22:29:02,0.5
bitcoin-up-or-down-august-27-8am-et,DOWN,111234870655832851046306569564620313764956595816823469854808434172379633830354,1756161003,2025-08-25 22:30:03,0.5
bitcoin-up-or-down-august-27-8am-et,DOWN,111234870655832851046306569564620313764956595816823469854808434172379633830354,1756161062,2025-08-25 22:31:02,0.5
bitcoin-up-or-down-august-27-8am-et,DOWN,111234870655832851046306569564620313764956595816823469854808434172379633830354,1756161122,2025-08-25 22:32:02,0.5
bitcoin-up-or-down-august-27-8am-et,DOWN,111234870655832851046306569564620313764956595816823469854808434172379633830354,1756161184,2025-08-25 22:33:04,0.5
bitcoin-up-or-down-august-27-8am-et,DOWN,111234870655832851046306569564620313764956595816823469854808434172379633830354,1756161243,2025-08-25 22:34:03,0.5
bitcoin-up-or-down-august-27-8am-et,DOWN,111234870655832851046306569564620313764956595816823469854808434172379633830354,1756161302,2025-08-25 22:35:02,0.5
bitcoin-up-or-down-august-27-8am-et,DOWN,111234870655832851046306569564620313764956595816823469854808434172379633830354,1756161362,2025-08-25 22:36:02,0.5
bitcoin-up-or-down-august-27-8am-et,DOWN,111234870655832851046306569564620313764956595816823469854808434172379633830354,1756161422,2025-08-25 22:37:02,0.5
bitcoin-up-or-down-august-27-8am-et,DOWN,111234870655832851046306569564620313764956595816823469854808434172379633830354,1756161482,2025-08-25 22:38:02,0.5
bitcoin-up-or-down-august-27-8am-et,DOWN,111234870655832851046306569564620313764956595816823469854808434172379633830354,1756161542,2025-08-25 22:39:02,0.5
bitcoin-up-or-down-august-27-8am-et,DOWN,111234870655832851046306569564620313764956595816823469854808434172379633830354,1756161604,2025-08-25 22:40:04,0.5
bitcoin-up-or-down-august-27-8am-et,DOWN,111234870655832851046306569564620313764956595816823469854808434172379633830354,1756161663,2025-08-25 22:41:03,0.5
bitcoin-up-or-down-august-27-8am-et,DOWN,111234870655832851046306569564620313764956595816823469854808434172379633830354,1756161721,2025-08-25 22:42:01,0.5
bitcoin-up-or-down-august-27-8am-et,DOWN,111234870655832851046306569564620313764956595816823469854808434172379633830354,1756161783,2025-08-25 22:43:03,0.5
bitcoin-up-or-down-august-27-8am-et,DOWN,111234870655832851046306569564620313764956595816823469854808434172379633830354,1756161843,2025-08-25 22:44:03,0.5
bitcoin-up-or-down-august-27-8am-et,DOWN,111234870655832851046306569564620313764956595816823469854808434172379633830354,1756161903,2025-08-25 22:45:03,0.5
bitcoin-up-or-down-august-27-8am-et,DOWN,111234870655832851046306569564620313764956595816823469854808434172379633830354,1756161963,2025-08-25 22:46:03,0.5
bitcoin-up-or-down-august-27-8am-et,DOWN,111234870655832851046306569564620313764956595816823469854808434172379633830354,1756162023,2025-08-25 22:47:03,0.5
bitcoin-up-or-down-august-27-8am-et,DOWN,111234870655832851046306569564620313764956595816823469854808434172379633830354,1756162082,2025-08-25 22:48:02,0.5
bitcoin-up-or-down-august-27-8am-et,DOWN,111234870655832851046306569564620313764956595816823469854808434172379633830354,1756162142,2025-08-25 22:49:02,0.5
bitcoin-up-or-down-august-27-8am-et,DOWN,111234870655832851046306569564620313764956595816823469854808434172379633830354,1756162202,2025-08-25 22:50:02,0.5
bitcoin-up-or-down-august-27-8am-et,DOWN,111234870655832851046306569564620313764956595816823469854808434172379633830354,1756162262,2025-08-25 22:51:02,0.5
bitcoin-up-or-down-august-27-8am-et,DOWN,111234870655832851046306569564620313764956595816823469854808434172379633830354,1756162331,2025-08-25 22:52:11,0.5
bitcoin-up-or-down-august-27-8am-et,DOWN,111234870655832851046306569564620313764956595816823469854808434172379633830354,1756162383,2025-08-25 22:53:03,0.5
bitcoin-up-or-down-august-27-8am-et,DOWN,111234870655832851046306569564620313764956595816823469854808434172379633830354,1756162443,2025-08-25 22:54:03,0.5
bitcoin-up-or-down-august-27-8am-et,DOWN,111234870655832851046306569564620313764956595816823469854808434172379633830354,1756162504,2025-08-25 22:55:04,0.5
bitcoin-up-or-down-august-27-8am-et,DOWN,111234870655832851046306569564620313764956595816823469854808434172379633830354,1756162563,2025-08-25 22:56:03,0.5
bitcoin-up-or-down-august-27-8am-et,DOWN,111234870655832851046306569564620313764956595816823469854808434172379633830354,1756162623,2025-08-25 22:57:03,0.5
bitcoin-up-or-down-august-27-8am-et,DOWN,111234870655832851046306569564620313764956595816823469854808434172379633830354,1756162683,2025-08-25 22:58:03,0.5
bitcoin-up-or-down-august-27-8am-et,DOWN,111234870655832851046306569564620313764956595816823469854808434172379633830354,1756162743,2025-08-25 22:59:03,0.5
bitcoin-up-or-down-august-27-8am-et,DOWN,111234870655832851046306569564620313764956595816823469854808434172379633830354,1756162809,2025-08-25 23:00:09,0.5
bitcoin-up-or-down-august-27-8am-et,DOWN,111234870655832851046306569564620313764956595816823469854808434172379633830354,1756162863,2025-08-25 23:01:03,0.5
bitcoin-up-or-down-august-27-8am-et,DOWN,111234870655832851046306569564620313764956595816823469854808434172379633830354,1756162923,2025-08-25 23:02:03,0.5
bitcoin-up-or-down-august-27-8am-et,DOWN,111234870655832851046306569564620313764956595816823469854808434172379633830354,1756162982,2025-08-25 23:03:02,0.5
bitcoin-up-or-down-august-27-8am-et,DOWN,111234870655832851046306569564620313764956595816823469854808434172379633830354,1756163042,2025-08-25 23:04:02,0.5
bitcoin-up-or-down-august-27-8am-et,DOWN,111234870655832851046306569564620313764956595816823469854808434172379633830354,1756163103,2025-08-25 23:05:03,0.5
bitcoin-up-or-down-august-27-8am-et,DOWN,111234870655832851046306569564620313764956595816823469854808434172379633830354,1756163163,2025-08-25 23:06:03,0.5
bitcoin-up-or-down-august-27-8am-et,DOWN,111234870655832851046306569564620313764956595816823469854808434172379633830354,1756163223,2025-08-25 23:07:03,0.5
bitcoin-up-or-down-august-27-8am-et,DOWN,111234870655832851046306569564620313764956595816823469854808434172379633830354,1756163282,2025-08-25 23:08:02,0.5
bitcoin-up-or-down-august-27-8am-et,DOWN,111234870655832851046306569564620313764956595816823469854808434172379633830354,1756163342,2025-08-25 23:09:02,0.5
bitcoin-up-or-down-august-27-8am-et,DOWN,111234870655832851046306569564620313764956595816823469854808434172379633830354,1756163403,2025-08-25 23:10:03,0.5
bitcoin-up-or-down-august-27-8am-et,DOWN,111234870655832851046306569564620313764956595816823469854808434172379633830354,1756163463,2025-08-25 23:11:03,0.5
bitcoin-up-or-down-august-27-8am-et,DOWN,111234870655832851046306569564620313764956595816823469854808434172379633830354,1756163523,2025-08-25 23:12:03,0.5
bitcoin-up-or-down-august-27-8am-et,DOWN,111234870655832851046306569564620313764956595816823469854808434172379633830354,1756163582,2025-08-25 23:13:02,0.5
bitcoin-up-or-down-august-27-8am-et,DOWN,111234870655832851046306569564620313764956595816823469854808434172379633830354,1756163642,2025-08-25 23:14:02,0.5
bitcoin-up-or-down-august-27-8am-et,DOWN,111234870655832851046306569564620313764956595816823469854808434172379633830354,1756163702,2025-08-25 23:15:02,0.5
bitcoin-up-or-down-august-27-8am-et,DOWN,111234870655832851046306569564620313764956595816823469854808434172379633830354,1756163763,2025-08-25 23:16:03,0.5
bitcoin-up-or-down-august-27-8am-et,DOWN,111234870655832851046306569564620313764956595816823469854808434172379633830354,1756163823,2025-08-25 23:17:03,0.5
bitcoin-up-or-down-august-27-8am-et,DOWN,111234870655832851046306569564620313764956595816823469854808434172379633830354,1756163882,2025-08-25 23:18:02,0.5
bitcoin-up-or-down-august-27-8am-et,DOWN,111234870655832851046306569564620313764956595816823469854808434172379633830354,1756163942,2025-08-25 23:19:02,0.5
bitcoin-up-or-down-august-27-8am-et,DOWN,111234870655832851046306569564620313764956595816823469854808434172379633830354,1756164004,2025-08-25 23:20:04,0.5
bitcoin-up-or-down-august-27-8am-et,DOWN,111234870655832851046306569564620313764956595816823469854808434172379633830354,1756164063,2025-08-25 23:21:03,0.5
bitcoin-up-or-down-august-27-8am-et,DOWN,111234870655832851046306569564620313764956595816823469854808434172379633830354,1756164122,2025-08-25 23:22:02,0.5
bitcoin-up-or-down-august-27-8am-et,DOWN,111234870655832851046306569564620313764956595816823469854808434172379633830354,1756164183,2025-08-25 23:23:03,0.5
bitcoin-up-or-down-august-27-8am-et,DOWN,111234870655832851046306569564620313764956595816823469854808434172379633830354,1756164243,2025-08-25 23:24:03,0.5
bitcoin-up-or-down-august-27-8am-et,DOWN,111234870655832851046306569564620313764956595816823469854808434172379633830354,1756164303,2025-08-25 23:25:03,0.5
bitcoin-up-or-down-august-27-8am-et,DOWN,111234870655832851046306569564620313764956595816823469854808434172379633830354,1756164364,2025-08-25 23:26:04,0.5
bitcoin-up-or-down-august-27-8am-et,DOWN,111234870655832851046306569564620313764956595816823469854808434172379633830354,1756164422,2025-08-25 23:27:02,0.5
bitcoin-up-or-down-august-27-8am-et,DOWN,111234870655832851046306569564620313764956595816823469854808434172379633830354,1756164482,2025-08-25 23:28:02,0.5
bitcoin-up-or-down-august-27-8am-et,DOWN,111234870655832851046306569564620313764956595816823469854808434172379633830354,1756164543,2025-08-25 23:29:03,0.5
bitcoin-up-or-down-august-27-8am-et,DOWN,111234870655832851046306569564620313764956595816823469854808434172379633830354,1756164607,2025-08-25 23:30:07,0.5
bitcoin-up-or-down-august-27-8am-et,DOWN,111234870655832851046306569564620313764956595816823469854808434172379633830354,1756164663,2025-08-25 23:31:03,0.5
bitcoin-up-or-down-august-27-8am-et,DOWN,111234870655832851046306569564620313764956595816823469854808434172379633830354,1756164722,2025-08-25 23:32:02,0.5
bitcoin-up-or-down-august-27-8am-et,DOWN,111234870655832851046306569564620313764956595816823469854808434172379633830354,1756164782,2025-08-25 23:33:02,0.5
bitcoin-up-or-down-august-27-8am-et,DOWN,111234870655832851046306569564620313764956595816823469854808434172379633830354,1756164842,2025-08-25 23:34:02,0.5
bitcoin-up-or-down-august-27-8am-et,DOWN,111234870655832851046306569564620313764956595816823469854808434172379633830354,1756164902,2025-08-25 23:35:02,0.5
bitcoin-up-or-down-august-27-8am-et,DOWN,111234870655832851046306569564620313764956595816823469854808434172379633830354,1756164964,2025-08-25 23:36:04,0.5
bitcoin-up-or-down-august-27-8am-et,DOWN,111234870655832851046306569564620313764956595816823469854808434172379633830354,1756165023,2025-08-25 23:37:03,0.5
bitcoin-up-or-down-august-27-8am-et,DOWN,111234870655832851046306569564620313764956595816823469854808434172379633830354,1756165082,2025-08-25 23:38:02,0.5
bitcoin-up-or-down-august-27-8am-et,DOWN,111234870655832851046306569564620313764956595816823469854808434172379633830354,1756165142,2025-08-25 23:39:02,0.5
bitcoin-up-or-down-august-27-8am-et,DOWN,111234870655832851046306569564620313764956595816823469854808434172379633830354,1756165204,2025-08-25 23:40:04,0.5
bitcoin-up-or-down-august-27-8am-et,DOWN,111234870655832851046306569564620313764956595816823469854808434172379633830354,1756165263,2025-08-25 23:41:03,0.5
bitcoin-up-or-down-august-27-8am-et,DOWN,111234870655832851046306569564620313764956595816823469854808434172379633830354,1756165324,2025-08-25 23:42:04,0.5
bitcoin-up-or-down-august-27-8am-et,DOWN,111234870655832851046306569564620313764956595816823469854808434172379633830354,1756165383,2025-08-25 23:43:03,0.5
bitcoin-up-or-down-august-27-8am-et,DOWN,111234870655832851046306569564620313764956595816823469854808434172379633830354,1756165443,2025-08-25 23:44:03,0.5
bitcoin-up-or-down-august-27-8am-et,DOWN,111234870655832851046306569564620313764956595816823469854808434172379633830354,1756165503,2025-08-25 23:45:03,0.5
bitcoin-up-or-down-august-27-8am-et,DOWN,111234870655832851046306569564620313764956595816823469854808434172379633830354,1756165562,2025-08-25 23:46:02,0.5
bitcoin-up-or-down-august-27-8am-et,DOWN,111234870655832851046306569564620313764956595816823469854808434172379633830354,1756165623,2025-08-25 23:47:03,0.5
bitcoin-up-or-down-august-27-8am-et,DOWN,111234870655832851046306569564620313764956595816823469854808434172379633830354,1756165683,2025-08-25 23:48:03,0.5
bitcoin-up-or-down-august-27-8am-et,DOWN,111234870655832851046306569564620313764956595816823469854808434172379633830354,1756165743,2025-08-25 23:49:03,0.5
bitcoin-up-or-down-august-27-8am-et,DOWN,111234870655832851046306569564620313764956595816823469854808434172379633830354,1756165803,2025-08-25 23:50:03,0.5
bitcoin-up-or-down-august-27-8am-et,DOWN,111234870655832851046306569564620313764956595816823469854808434172379633830354,1756165862,2025-08-25 23:51:02,0.5
bitcoin-up-or-down-august-27-8am-et,DOWN,111234870655832851046306569564620313764956595816823469854808434172379633830354,1756165925,2025-08-25 23:52:05,0.5
bitcoin-up-or-down-august-27-8am-et,DOWN,111234870655832851046306569564620313764956595816823469854808434172379633830354,1756165983,2025-08-25 23:53:03,0.5
bitcoin-up-or-down-august-27-8am-et,DOWN,111234870655832851046306569564620313764956595816823469854808434172379633830354,1756166043,2025-08-25 23:54:03,0.5
bitcoin-up-or-down-august-27-8am-et,DOWN,111234870655832851046306569564620313764956595816823469854808434172379633830354,1756166104,2025-08-25 23:55:04,0.5
bitcoin-up-or-down-august-27-8am-et,DOWN,111234870655832851046306569564620313764956595816823469854808434172379633830354,1756166163,2025-08-25 23:56:03,0.5
bitcoin-up-or-down-august-27-8am-et,DOWN,111234870655832851046306569564620313764956595816823469854808434172379633830354,1756166223,2025-08-25 23:57:03,0.5
bitcoin-up-or-down-august-27-8am-et,DOWN,111234870655832851046306569564620313764956595816823469854808434172379633830354,1756166282,2025-08-25 23:58:02,0.5
bitcoin-up-or-down-august-27-8am-et,DOWN,111234870655832851046306569564620313764956595816823469854808434172379633830354,1756166343,2025-08-25 23:59:03,0.5
bitcoin-up-or-down-august-27-8am-et,DOWN,111234870655832851046306569564620313764956595816823469854808434172379633830354,1756166405,2025-08-26 00:00:05,0.5
bitcoin-up-or-down-august-27-8am-et,DOWN,111234870655832851046306569564620313764956595816823469854808434172379633830354,1756166462,2025-08-26 00:01:02,0.5
bitcoin-up-or-down-august-27-8am-et,DOWN,111234870655832851046306569564620313764956595816823469854808434172379633830354,1756166523,2025-08-26 00:02:03,0.5
bitcoin-up-or-down-august-27-8am-et,DOWN,111234870655832851046306569564620313764956595816823469854808434172379633830354,1756166583,2025-08-26 00:03:03,0.5
bitcoin-up-or-down-august-27-8am-et,DOWN,111234870655832851046306569564620313764956595816823469854808434172379633830354,1756166642,2025-08-26 00:04:02,0.5
bitcoin-up-or-down-august-27-8am-et,DOWN,111234870655832851046306569564620313764956595816823469854808434172379633830354,1756166703,2025-08-26 00:05:03,0.5
bitcoin-up-or-down-august-27-8am-et,DOWN,111234870655832851046306569564620313764956595816823469854808434172379633830354,1756166763,2025-08-26 00:06:03,0.5
bitcoin-up-or-down-august-27-8am-et,DOWN,111234870655832851046306569564620313764956595816823469854808434172379633830354,1756166823,2025-08-26 00:07:03,0.5
bitcoin-up-or-down-august-27-8am-et,DOWN,111234870655832851046306569564620313764956595816823469854808434172379633830354,1756166883,2025-08-26 00:08:03,0.5
bitcoin-up-or-down-august-27-8am-et,DOWN,111234870655832851046306569564620313764956595816823469854808434172379633830354,1756166943,2025-08-26 00:09:03,0.5
bitcoin-up-or-down-august-27-8am-et,DOWN,111234870655832851046306569564620313764956595816823469854808434172379633830354,1756167002,2025-08-26 00:10:02,0.5
bitcoin-up-or-down-august-27-8am-et,DOWN,111234870655832851046306569564620313764956595816823469854808434172379633830354,1756167062,2025-08-26 00:11:02,0.5
bitcoin-up-or-down-august-27-8am-et,DOWN,111234870655832851046306569564620313764956595816823469854808434172379633830354,1756167123,2025-08-26 00:12:03,0.5
bitcoin-up-or-down-august-27-8am-et,DOWN,111234870655832851046306569564620313764956595816823469854808434172379633830354,1756167183,2025-08-26 00:13:03,0.5
bitcoin-up-or-down-august-27-8am-et,DOWN,111234870655832851046306569564620313764956595816823469854808434172379633830354,1756167242,2025-08-26 00:14:02,0.5
bitcoin-up-or-down-august-27-8am-et,DOWN,111234870655832851046306569564620313764956595816823469854808434172379633830354,1756167302,2025-08-26 00:15:02,0.5
bitcoin-up-or-down-august-27-8am-et,DOWN,111234870655832851046306569564620313764956595816823469854808434172379633830354,1756167362,2025-08-26 00:16:02,0.5
bitcoin-up-or-down-august-27-8am-et,DOWN,111234870655832851046306569564620313764956595816823469854808434172379633830354,1756167422,2025-08-26 00:17:02,0.5
bitcoin-up-or-down-august-27-8am-et,DOWN,111234870655832851046306569564620313764956595816823469854808434172379633830354,1756167482,2025-08-26 00:18:02,0.5
bitcoin-up-or-down-august-27-8am-et,DOWN,111234870655832851046306569564620313764956595816823469854808434172379633830354,1756167542,2025-08-26 00:19:02,0.5
bitcoin-up-or-down-august-27-8am-et,DOWN,111234870655832851046306569564620313764956595816823469854808434172379633830354,1756167603,2025-08-26 00:20:03,0.5
bitcoin-up-or-down-august-27-8am-et,DOWN,111234870655832851046306569564620313764956595816823469854808434172379633830354,1756167662,2025-08-26 00:21:02,0.5
bitcoin-up-or-down-august-27-8am-et,DOWN,111234870655832851046306569564620313764956595816823469854808434172379633830354,1756167723,2025-08-26 00:22:03,0.5
bitcoin-up-or-down-august-27-8am-et,DOWN,111234870655832851046306569564620313764956595816823469854808434172379633830354,1756167783,2025-08-26 00:23:03,0.5
bitcoin-up-or-down-august-27-8am-et,DOWN,111234870655832851046306569564620313764956595816823469854808434172379633830354,1756167842,2025-08-26 00:24:02,0.5
bitcoin-up-or-down-august-27-8am-et,DOWN,111234870655832851046306569564620313764956595816823469854808434172379633830354,1756167902,2025-08-26 00:25:02,0.5
bitcoin-up-or-down-august-27-8am-et,DOWN,111234870655832851046306569564620313764956595816823469854808434172379633830354,1756167966,2025-08-26 00:26:06,0.5
bitcoin-up-or-down-august-27-8am-et,DOWN,111234870655832851046306569564620313764956595816823469854808434172379633830354,1756168022,2025-08-26 00:27:02,0.5
bitcoin-up-or-down-august-27-8am-et,DOWN,111234870655832851046306569564620313764956595816823469854808434172379633830354,1756168082,2025-08-26 00:28:02,0.5
bitcoin-up-or-down-august-27-8am-et,DOWN,111234870655832851046306569564620313764956595816823469854808434172379633830354,1756168142,2025-08-26 00:29:02,0.5
bitcoin-up-or-down-august-27-8am-et,DOWN,111234870655832851046306569564620313764956595816823469854808434172379633830354,1756168203,2025-08-26 00:30:03,0.5
bitcoin-up-or-down-august-27-8am-et,DOWN,111234870655832851046306569564620313764956595816823469854808434172379633830354,1756168263,2025-08-26 00:31:03,0.5
bitcoin-up-or-down-august-27-8am-et,DOWN,111234870655832851046306569564620313764956595816823469854808434172379633830354,1756168323,2025-08-26 00:32:03,0.5
bitcoin-up-or-down-august-27-8am-et,DOWN,111234870655832851046306569564620313764956595816823469854808434172379633830354,1756168382,2025-08-26 00:33:02,0.5
bitcoin-up-or-down-august-27-8am-et,DOWN,111234870655832851046306569564620313764956595816823469854808434172379633830354,1756168443,2025-08-26 00:34:03,0.5
bitcoin-up-or-down-august-27-8am-et,DOWN,111234870655832851046306569564620313764956595816823469854808434172379633830354,1756168502,2025-08-26 00:35:02,0.5
bitcoin-up-or-down-august-27-8am-et,DOWN,111234870655832851046306569564620313764956595816823469854808434172379633830354,1756168563,2025-08-26 00:36:03,0.5
bitcoin-up-or-down-august-27-8am-et,DOWN,111234870655832851046306569564620313764956595816823469854808434172379633830354,1756168622,2025-08-26 00:37:02,0.5
bitcoin-up-or-down-august-27-8am-et,DOWN,111234870655832851046306569564620313764956595816823469854808434172379633830354,1756168682,2025-08-26 00:38:02,0.5
bitcoin-up-or-down-august-27-8am-et,DOWN,111234870655832851046306569564620313764956595816823469854808434172379633830354,1756168742,2025-08-26 00:39:02,0.5
bitcoin-up-or-down-august-27-8am-et,DOWN,111234870655832851046306569564620313764956595816823469854808434172379633830354,1756168802,2025-08-26 00:40:02,0.5
bitcoin-up-or-down-august-27-8am-et,DOWN,111234870655832851046306569564620313764956595816823469854808434172379633830354,1756168862,2025-08-26 00:41:02,0.5
bitcoin-up-or-down-august-27-8am-et,DOWN,111234870655832851046306569564620313764956595816823469854808434172379633830354,1756168923,2025-08-26 00:42:03,0.5
bitcoin-up-or-down-august-27-8am-et,DOWN,111234870655832851046306569564620313764956595816823469854808434172379633830354,1756168983,2025-08-26 00:43:03,0.5
bitcoin-up-or-down-august-27-8am-et,DOWN,111234870655832851046306569564620313764956595816823469854808434172379633830354,1756169043,2025-08-26 00:44:03,0.5
bitcoin-up-or-down-august-27-8am-et,DOWN,111234870655832851046306569564620313764956595816823469854808434172379633830354,1756169104,2025-08-26 00:45:04,0.5
bitcoin-up-or-down-august-27-8am-et,DOWN,111234870655832851046306569564620313764956595816823469854808434172379633830354,1756169162,2025-08-26 00:46:02,0.5
bitcoin-up-or-down-august-27-8am-et,DOWN,111234870655832851046306569564620313764956595816823469854808434172379633830354,1756169222,2025-08-26 00:47:02,0.5
bitcoin-up-or-down-august-27-8am-et,DOWN,111234870655832851046306569564620313764956595816823469854808434172379633830354,1756169282,2025-08-26 00:48:02,0.5
bitcoin-up-or-down-august-27-8am-et,DOWN,111234870655832851046306569564620313764956595816823469854808434172379633830354,1756169344,2025-08-26 00:49:04,0.5
bitcoin-up-or-down-august-27-8am-et,DOWN,111234870655832851046306569564620313764956595816823469854808434172379633830354,1756169403,2025-08-26 00:50:03,0.5
bitcoin-up-or-down-august-27-8am-et,DOWN,111234870655832851046306569564620313764956595816823469854808434172379633830354,1756169463,2025-08-26 00:51:03,0.5
bitcoin-up-or-down-august-27-8am-et,DOWN,111234870655832851046306569564620313764956595816823469854808434172379633830354,1756169522,2025-08-26 00:52:02,0.5
bitcoin-up-or-down-august-27-8am-et,DOWN,111234870655832851046306569564620313764956595816823469854808434172379633830354,1756169583,2025-08-26 00:53:03,0.5
bitcoin-up-or-down-august-27-8am-et,DOWN,111234870655832851046306569564620313764956595816823469854808434172379633830354,1756169642,2025-08-26 00:54:02,0.5
bitcoin-up-or-down-august-27-8am-et,DOWN,111234870655832851046306569564620313764956595816823469854808434172379633830354,1756169702,2025-08-26 00:55:02,0.5
bitcoin-up-or-down-august-27-8am-et,DOWN,111234870655832851046306569564620313764956595816823469854808434172379633830354,1756169762,2025-08-26 00:56:02,0.5
bitcoin-up-or-down-august-27-8am-et,DOWN,111234870655832851046306569564620313764956595816823469854808434172379633830354,1756169823,2025-08-26 00:57:03,0.5
bitcoin-up-or-down-august-27-8am-et,DOWN,111234870655832851046306569564620313764956595816823469854808434172379633830354,1756169883,2025-08-26 00:58:03,0.5
bitcoin-up-or-down-august-27-8am-et,DOWN,111234870655832851046306569564620313764956595816823469854808434172379633830354,1756169943,2025-08-26 00:59:03,0.5
bitcoin-up-or-down-august-27-8am-et,DOWN,111234870655832851046306569564620313764956595816823469854808434172379633830354,1756170004,2025-08-26 01:00:04,0.5
bitcoin-up-or-down-august-27-8am-et,DOWN,111234870655832851046306569564620313764956595816823469854808434172379633830354,1756170062,2025-08-26 01:01:02,0.5
bitcoin-up-or-down-august-27-8am-et,DOWN,111234870655832851046306569564620313764956595816823469854808434172379633830354,1756170123,2025-08-26 01:02:03,0.5
bitcoin-up-or-down-august-27-8am-et,DOWN,111234870655832851046306569564620313764956595816823469854808434172379633830354,1756170182,2025-08-26 01:03:02,0.5
bitcoin-up-or-down-august-27-8am-et,DOWN,111234870655832851046306569564620313764956595816823469854808434172379633830354,1756170243,2025-08-26 01:04:03,0.5
bitcoin-up-or-down-august-27-8am-et,DOWN,111234870655832851046306569564620313764956595816823469854808434172379633830354,1756170303,2025-08-26 01:05:03,0.5
bitcoin-up-or-down-august-27-8am-et,DOWN,111234870655832851046306569564620313764956595816823469854808434172379633830354,1756170363,2025-08-26 01:06:03,0.5
bitcoin-up-or-down-august-27-8am-et,DOWN,111234870655832851046306569564620313764956595816823469854808434172379633830354,1756170423,2025-08-26 01:07:03,0.5
bitcoin-up-or-down-august-27-8am-et,DOWN,111234870655832851046306569564620313764956595816823469854808434172379633830354,1756170482,2025-08-26 01:08:02,0.5
bitcoin-up-or-down-august-27-8am-et,DOWN,111234870655832851046306569564620313764956595816823469854808434172379633830354,1756170542,2025-08-26 01:09:02,0.5
bitcoin-up-or-down-august-27-8am-et,DOWN,111234870655832851046306569564620313764956595816823469854808434172379633830354,1756170604,2025-08-26 01:10:04,0.5
bitcoin-up-or-down-august-27-8am-et,DOWN,111234870655832851046306569564620313764956595816823469854808434172379633830354,1756170663,2025-08-26 01:11:03,0.5
bitcoin-up-or-down-august-27-8am-et,DOWN,111234870655832851046306569564620313764956595816823469854808434172379633830354,1756170723,2025-08-26 01:12:03,0.5
bitcoin-up-or-down-august-27-8am-et,DOWN,111234870655832851046306569564620313764956595816823469854808434172379633830354,1756170783,2025-08-26 01:13:03,0.5
bitcoin-up-or-down-august-27-8am-et,DOWN,111234870655832851046306569564620313764956595816823469854808434172379633830354,1756170843,2025-08-26 01:14:03,0.5
bitcoin-up-or-down-august-27-8am-et,DOWN,111234870655832851046306569564620313764956595816823469854808434172379633830354,1756170903,2025-08-26 01:15:03,0.5
bitcoin-up-or-down-august-27-8am-et,DOWN,111234870655832851046306569564620313764956595816823469854808434172379633830354,1756170962,2025-08-26 01:16:02,0.5
bitcoin-up-or-down-august-27-8am-et,DOWN,111234870655832851046306569564620313764956595816823469854808434172379633830354,1756171023,2025-08-26 01:17:03,0.5
bitcoin-up-or-down-august-27-8am-et,DOWN,111234870655832851046306569564620313764956595816823469854808434172379633830354,1756171082,2025-08-26 01:18:02,0.5
bitcoin-up-or-down-august-27-8am-et,DOWN,111234870655832851046306569564620313764956595816823469854808434172379633830354,1756171143,2025-08-26 01:19:03,0.5
bitcoin-up-or-down-august-27-8am-et,DOWN,111234870655832851046306569564620313764956595816823469854808434172379633830354,1756171204,2025-08-26 01:20:04,0.5
bitcoin-up-or-down-august-27-8am-et,DOWN,111234870655832851046306569564620313764956595816823469854808434172379633830354,1756171263,2025-08-26 01:21:03,0.5
bitcoin-up-or-down-august-27-8am-et,DOWN,111234870655832851046306569564620313764956595816823469854808434172379633830354,1756171322,2025-08-26 01:22:02,0.5
bitcoin-up-or-down-august-27-8am-et,DOWN,111234870655832851046306569564620313764956595816823469854808434172379633830354,1756171384,2025-08-26 01:23:04,0.5
bitcoin-up-or-down-august-27-8am-et,DOWN,111234870655832851046306569564620313764956595816823469854808434172379633830354,1756171443,2025-08-26 01:24:03,0.5
bitcoin-up-or-down-august-27-8am-et,DOWN,111234870655832851046306569564620313764956595816823469854808434172379633830354,1756171503,2025-08-26 01:25:03,0.5
bitcoin-up-or-down-august-27-8am-et,DOWN,111234870655832851046306569564620313764956595816823469854808434172379633830354,1756171563,2025-08-26 01:26:03,0.5
bitcoin-up-or-down-august-27-8am-et,DOWN,111234870655832851046306569564620313764956595816823469854808434172379633830354,1756171626,2025-08-26 01:27:06,0.5
bitcoin-up-or-down-august-27-8am-et,DOWN,111234870655832851046306569564620313764956595816823469854808434172379633830354,1756171682,2025-08-26 01:28:02,0.5
bitcoin-up-or-down-august-27-8am-et,DOWN,111234870655832851046306569564620313764956595816823469854808434172379633830354,1756171742,2025-08-26 01:29:02,0.5
bitcoin-up-or-down-august-27-8am-et,DOWN,111234870655832851046306569564620313764956595816823469854808434172379633830354,1756171805,2025-08-26 01:30:05,0.5
bitcoin-up-or-down-august-27-8am-et,DOWN,111234870655832851046306569564620313764956595816823469854808434172379633830354,1756171863,2025-08-26 01:31:03,0.5
bitcoin-up-or-down-august-27-8am-et,DOWN,111234870655832851046306569564620313764956595816823469854808434172379633830354,1756171922,2025-08-26 01:32:02,0.5
bitcoin-up-or-down-august-27-8am-et,DOWN,111234870655832851046306569564620313764956595816823469854808434172379633830354,1756171982,2025-08-26 01:33:02,0.5
bitcoin-up-or-down-august-27-8am-et,DOWN,111234870655832851046306569564620313764956595816823469854808434172379633830354,1756172042,2025-08-26 01:34:02,0.5
bitcoin-up-or-down-august-27-8am-et,DOWN,111234870655832851046306569564620313764956595816823469854808434172379633830354,1756172104,2025-08-26 01:35:04,0.5
bitcoin-up-or-down-august-27-8am-et,DOWN,111234870655832851046306569564620313764956595816823469854808434172379633830354,1756172163,2025-08-26 01:36:03,0.5
bitcoin-up-or-down-august-27-8am-et,DOWN,111234870655832851046306569564620313764956595816823469854808434172379633830354,1756172223,2025-08-26 01:37:03,0.5
bitcoin-up-or-down-august-27-8am-et,DOWN,111234870655832851046306569564620313764956595816823469854808434172379633830354,1756172284,2025-08-26 01:38:04,0.5
bitcoin-up-or-down-august-27-8am-et,DOWN,111234870655832851046306569564620313764956595816823469854808434172379633830354,1756172342,2025-08-26 01:39:02,0.5
bitcoin-up-or-down-august-27-8am-et,DOWN,111234870655832851046306569564620313764956595816823469854808434172379633830354,1756172403,2025-08-26 01:40:03,0.5
bitcoin-up-or-down-august-27-8am-et,DOWN,111234870655832851046306569564620313764956595816823469854808434172379633830354,1756172463,2025-08-26 01:41:03,0.5
bitcoin-up-or-down-august-27-8am-et,DOWN,111234870655832851046306569564620313764956595816823469854808434172379633830354,1756172522,2025-08-26 01:42:02,0.5
bitcoin-up-or-down-august-27-8am-et,DOWN,111234870655832851046306569564620313764956595816823469854808434172379633830354,1756172582,2025-08-26 01:43:02,0.5
bitcoin-up-or-down-august-27-8am-et,DOWN,111234870655832851046306569564620313764956595816823469854808434172379633830354,1756172643,2025-08-26 01:44:03,0.5
bitcoin-up-or-down-august-27-8am-et,DOWN,111234870655832851046306569564620313764956595816823469854808434172379633830354,1756172703,2025-08-26 01:45:03,0.5
bitcoin-up-or-down-august-27-8am-et,DOWN,111234870655832851046306569564620313764956595816823469854808434172379633830354,1756172763,2025-08-26 01:46:03,0.5
bitcoin-up-or-down-august-27-8am-et,DOWN,111234870655832851046306569564620313764956595816823469854808434172379633830354,1756172823,2025-08-26 01:47:03,0.5
bitcoin-up-or-down-august-27-8am-et,DOWN,111234870655832851046306569564620313764956595816823469854808434172379633830354,1756172882,2025-08-26 01:48:02,0.5
bitcoin-up-or-down-august-27-8am-et,DOWN,111234870655832851046306569564620313764956595816823469854808434172379633830354,1756172943,2025-08-26 01:49:03,0.5
bitcoin-up-or-down-august-27-8am-et,DOWN,111234870655832851046306569564620313764956595816823469854808434172379633830354,1756173004,2025-08-26 01:50:04,0.5
bitcoin-up-or-down-august-27-8am-et,DOWN,111234870655832851046306569564620313764956595816823469854808434172379633830354,1756173062,2025-08-26 01:51:02,0.5
bitcoin-up-or-down-august-27-8am-et,DOWN,111234870655832851046306569564620313764956595816823469854808434172379633830354,1756173122,2025-08-26 01:52:02,0.5
bitcoin-up-or-down-august-27-8am-et,DOWN,111234870655832851046306569564620313764956595816823469854808434172379633830354,1756173189,2025-08-26 01:53:09,0.5
bitcoin-up-or-down-august-27-8am-et,DOWN,111234870655832851046306569564620313764956595816823469854808434172379633830354,1756173243,2025-08-26 01:54:03,0.5
bitcoin-up-or-down-august-27-8am-et,DOWN,111234870655832851046306569564620313764956595816823469854808434172379633830354,1756173302,2025-08-26 01:55:02,0.5
bitcoin-up-or-down-august-27-8am-et,DOWN,111234870655832851046306569564620313764956595816823469854808434172379633830354,1756173362,2025-08-26 01:56:02,0.5
bitcoin-up-or-down-august-27-8am-et,DOWN,111234870655832851046306569564620313764956595816823469854808434172379633830354,1756173423,2025-08-26 01:57:03,0.5
bitcoin-up-or-down-august-27-8am-et,DOWN,111234870655832851046306569564620313764956595816823469854808434172379633830354,1756173482,2025-08-26 01:58:02,0.5
bitcoin-up-or-down-august-27-8am-et,DOWN,111234870655832851046306569564620313764956595816823469854808434172379633830354,1756173542,2025-08-26 01:59:02,0.5
bitcoin-up-or-down-august-27-8am-et,DOWN,111234870655832851046306569564620313764956595816823469854808434172379633830354,1756173608,2025-08-26 02:00:08,0.5
bitcoin-up-or-down-august-27-8am-et,DOWN,111234870655832851046306569564620313764956595816823469854808434172379633830354,1756173662,2025-08-26 02:01:02,0.5
bitcoin-up-or-down-august-27-8am-et,DOWN,111234870655832851046306569564620313764956595816823469854808434172379633830354,1756173724,2025-08-26 02:02:04,0.5
bitcoin-up-or-down-august-27-8am-et,DOWN,111234870655832851046306569564620313764956595816823469854808434172379633830354,1756173783,2025-08-26 02:03:03,0.5
bitcoin-up-or-down-august-27-8am-et,DOWN,111234870655832851046306569564620313764956595816823469854808434172379633830354,1756173842,2025-08-26 02:04:02,0.5
bitcoin-up-or-down-august-27-8am-et,DOWN,111234870655832851046306569564620313764956595816823469854808434172379633830354,1756173902,2025-08-26 02:05:02,0.5
bitcoin-up-or-down-august-27-8am-et,DOWN,111234870655832851046306569564620313764956595816823469854808434172379633830354,1756173963,2025-08-26 02:06:03,0.5
bitcoin-up-or-down-august-27-8am-et,DOWN,111234870655832851046306569564620313764956595816823469854808434172379633830354,1756174022,2025-08-26 02:07:02,0.5
bitcoin-up-or-down-august-27-8am-et,DOWN,111234870655832851046306569564620313764956595816823469854808434172379633830354,1756174083,2025-08-26 02:08:03,0.5
bitcoin-up-or-down-august-27-8am-et,DOWN,111234870655832851046306569564620313764956595816823469854808434172379633830354,1756174143,2025-08-26 02:09:03,0.5
bitcoin-up-or-down-august-27-8am-et,DOWN,111234870655832851046306569564620313764956595816823469854808434172379633830354,1756174203,2025-08-26 02:10:03,0.5
bitcoin-up-or-down-august-27-8am-et,DOWN,111234870655832851046306569564620313764956595816823469854808434172379633830354,1756174262,2025-08-26 02:11:02,0.5
bitcoin-up-or-down-august-27-8am-et,DOWN,111234870655832851046306569564620313764956595816823469854808434172379633830354,1756174323,2025-08-26 02:12:03,0.5
bitcoin-up-or-down-august-27-8am-et,DOWN,111234870655832851046306569564620313764956595816823469854808434172379633830354,1756174383,2025-08-26 02:13:03,0.5
bitcoin-up-or-down-august-27-8am-et,DOWN,111234870655832851046306569564620313764956595816823469854808434172379633830354,1756174443,2025-08-26 02:14:03,0.5
bitcoin-up-or-down-august-27-8am-et,DOWN,111234870655832851046306569564620313764956595816823469854808434172379633830354,1756174503,2025-08-26 02:15:03,0.5
bitcoin-up-or-down-august-27-8am-et,DOWN,111234870655832851046306569564620313764956595816823469854808434172379633830354,1756174563,2025-08-26 02:16:03,0.5
bitcoin-up-or-down-august-27-8am-et,DOWN,111234870655832851046306569564620313764956595816823469854808434172379633830354,1756174623,2025-08-26 02:17:03,0.5
bitcoin-up-or-down-august-27-8am-et,DOWN,111234870655832851046306569564620313764956595816823469854808434172379633830354,1756174683,2025-08-26 02:18:03,0.5
bitcoin-up-or-down-august-27-8am-et,DOWN,111234870655832851046306569564620313764956595816823469854808434172379633830354,1756174743,2025-08-26 02:19:03,0.5
bitcoin-up-or-down-august-27-8am-et,DOWN,111234870655832851046306569564620313764956595816823469854808434172379633830354,1756174803,2025-08-26 02:20:03,0.5
bitcoin-up-or-down-august-27-8am-et,DOWN,111234870655832851046306569564620313764956595816823469854808434172379633830354,1756174862,2025-08-26 02:21:02,0.5
bitcoin-up-or-down-august-27-8am-et,DOWN,111234870655832851046306569564620313764956595816823469854808434172379633830354,1756174923,2025-08-26 02:22:03,0.5
bitcoin-up-or-down-august-27-8am-et,DOWN,111234870655832851046306569564620313764956595816823469854808434172379633830354,1756174982,2025-08-26 02:23:02,0.5
bitcoin-up-or-down-august-27-8am-et,DOWN,111234870655832851046306569564620313764956595816823469854808434172379633830354,1756175042,2025-08-26 02:24:02,0.5
bitcoin-up-or-down-august-27-8am-et,DOWN,111234870655832851046306569564620313764956595816823469854808434172379633830354,1756175103,2025-08-26 02:25:03,0.5
bitcoin-up-or-down-august-27-8am-et,DOWN,111234870655832851046306569564620313764956595816823469854808434172379633830354,1756175162,2025-08-26 02:26:02,0.5
bitcoin-up-or-down-august-27-8am-et,DOWN,111234870655832851046306569564620313764956595816823469854808434172379633830354,1756175223,2025-08-26 02:27:03,0.5
bitcoin-up-or-down-august-27-8am-et,DOWN,111234870655832851046306569564620313764956595816823469854808434172379633830354,1756175283,2025-08-26 02:28:03,0.5
bitcoin-up-or-down-august-27-8am-et,DOWN,111234870655832851046306569564620313764956595816823469854808434172379633830354,1756175342,2025-08-26 02:29:02,0.5
bitcoin-up-or-down-august-27-8am-et,DOWN,111234870655832851046306569564620313764956595816823469854808434172379633830354,1756175403,2025-08-26 02:30:03,0.5
bitcoin-up-or-down-august-27-8am-et,DOWN,111234870655832851046306569564620313764956595816823469854808434172379633830354,1756175462,2025-08-26 02:31:02,0.5
bitcoin-up-or-down-august-27-8am-et,DOWN,111234870655832851046306569564620313764956595816823469854808434172379633830354,1756175523,2025-08-26 02:32:03,0.5
bitcoin-up-or-down-august-27-8am-et,DOWN,111234870655832851046306569564620313764956595816823469854808434172379633830354,1756175582,2025-08-26 02:33:02,0.5
bitcoin-up-or-down-august-27-8am-et,DOWN,111234870655832851046306569564620313764956595816823469854808434172379633830354,1756175642,2025-08-26 02:34:02,0.5
bitcoin-up-or-down-august-27-8am-et,DOWN,111234870655832851046306569564620313764956595816823469854808434172379633830354,1756175702,2025-08-26 02:35:02,0.5
bitcoin-up-or-down-august-27-8am-et,DOWN,111234870655832851046306569564620313764956595816823469854808434172379633830354,1756175763,2025-08-26 02:36:03,0.5
bitcoin-up-or-down-august-27-8am-et,DOWN,111234870655832851046306569564620313764956595816823469854808434172379633830354,1756175823,2025-08-26 02:37:03,0.5
bitcoin-up-or-down-august-27-8am-et,DOWN,111234870655832851046306569564620313764956595816823469854808434172379633830354,1756175882,2025-08-26 02:38:02,0.5
bitcoin-up-or-down-august-27-8am-et,DOWN,111234870655832851046306569564620313764956595816823469854808434172379633830354,1756175943,2025-08-26 02:39:03,0.5
bitcoin-up-or-down-august-27-8am-et,DOWN,111234870655832851046306569564620313764956595816823469854808434172379633830354,1756176004,2025-08-26 02:40:04,0.5
bitcoin-up-or-down-august-27-8am-et,DOWN,111234870655832851046306569564620313764956595816823469854808434172379633830354,1756176062,2025-08-26 02:41:02,0.5
bitcoin-up-or-down-august-27-8am-et,DOWN,111234870655832851046306569564620313764956595816823469854808434172379633830354,1756176123,2025-08-26 02:42:03,0.5
bitcoin-up-or-down-august-27-8am-et,DOWN,111234870655832851046306569564620313764956595816823469854808434172379633830354,1756176182,2025-08-26 02:43:02,0.5
bitcoin-up-or-down-august-27-8am-et,DOWN,111234870655832851046306569564620313764956595816823469854808434172379633830354,1756176242,2025-08-26 02:44:02,0.5
bitcoin-up-or-down-august-27-8am-et,DOWN,111234870655832851046306569564620313764956595816823469854808434172379633830354,1756176302,2025-08-26 02:45:02,0.5
bitcoin-up-or-down-august-27-8am-et,DOWN,111234870655832851046306569564620313764956595816823469854808434172379633830354,1756176362,2025-08-26 02:46:02,0.5
bitcoin-up-or-down-august-27-8am-et,DOWN,111234870655832851046306569564620313764956595816823469854808434172379633830354,1756176422,2025-08-26 02:47:02,0.5
bitcoin-up-or-down-august-27-8am-et,DOWN,111234870655832851046306569564620313764956595816823469854808434172379633830354,1756176483,2025-08-26 02:48:03,0.5
bitcoin-up-or-down-august-27-8am-et,DOWN,111234870655832851046306569564620313764956595816823469854808434172379633830354,1756176543,2025-08-26 02:49:03,0.5
bitcoin-up-or-down-august-27-8am-et,DOWN,111234870655832851046306569564620313764956595816823469854808434172379633830354,1756176602,2025-08-26 02:50:02,0.5
bitcoin-up-or-down-august-27-8am-et,DOWN,111234870655832851046306569564620313764956595816823469854808434172379633830354,1756176663,2025-08-26 02:51:03,0.5
bitcoin-up-or-down-august-27-8am-et,DOWN,111234870655832851046306569564620313764956595816823469854808434172379633830354,1756176726,2025-08-26 02:52:06,0.5
bitcoin-up-or-down-august-27-8am-et,DOWN,111234870655832851046306569564620313764956595816823469854808434172379633830354,1756176782,2025-08-26 02:53:02,0.5
bitcoin-up-or-down-august-27-8am-et,DOWN,111234870655832851046306569564620313764956595816823469854808434172379633830354,1756176843,2025-08-26 02:54:03,0.5
bitcoin-up-or-down-august-27-8am-et,DOWN,111234870655832851046306569564620313764956595816823469854808434172379633830354,1756176902,2025-08-26 02:55:02,0.5
bitcoin-up-or-down-august-27-8am-et,DOWN,111234870655832851046306569564620313764956595816823469854808434172379633830354,1756176963,2025-08-26 02:56:03,0.5
bitcoin-up-or-down-august-27-8am-et,DOWN,111234870655832851046306569564620313764956595816823469854808434172379633830354,1756177022,2025-08-26 02:57:02,0.5
bitcoin-up-or-down-august-27-8am-et,DOWN,111234870655832851046306569564620313764956595816823469854808434172379633830354,1756177083,2025-08-26 02:58:03,0.5
bitcoin-up-or-down-august-27-8am-et,DOWN,111234870655832851046306569564620313764956595816823469854808434172379633830354,1756177208,2025-08-26 03:00:08,0.5
bitcoin-up-or-down-august-27-8am-et,DOWN,111234870655832851046306569564620313764956595816823469854808434172379633830354,1756177225,2025-08-26 03:00:25,0.5
bitcoin-up-or-down-august-27-8am-et,DOWN,111234870655832851046306569564620313764956595816823469854808434172379633830354,1756177262,2025-08-26 03:01:02,0.5
bitcoin-up-or-down-august-27-8am-et,DOWN,111234870655832851046306569564620313764956595816823469854808434172379633830354,1756177323,2025-08-26 03:02:03,0.5
bitcoin-up-or-down-august-27-8am-et,DOWN,111234870655832851046306569564620313764956595816823469854808434172379633830354,1756177382,2025-08-26 03:03:02,0.5
bitcoin-up-or-down-august-27-8am-et,DOWN,111234870655832851046306569564620313764956595816823469854808434172379633830354,1756177443,2025-08-26 03:04:03,0.5
bitcoin-up-or-down-august-27-8am-et,DOWN,111234870655832851046306569564620313764956595816823469854808434172379633830354,1756177503,2025-08-26 03:05:03,0.5
bitcoin-up-or-down-august-27-8am-et,DOWN,111234870655832851046306569564620313764956595816823469854808434172379633830354,1756177563,2025-08-26 03:06:03,0.5
bitcoin-up-or-down-august-27-8am-et,DOWN,111234870655832851046306569564620313764956595816823469854808434172379633830354,1756177622,2025-08-26 03:07:02,0.5
bitcoin-up-or-down-august-27-8am-et,DOWN,111234870655832851046306569564620313764956595816823469854808434172379633830354,1756177682,2025-08-26 03:08:02,0.5
bitcoin-up-or-down-august-27-8am-et,DOWN,111234870655832851046306569564620313764956595816823469854808434172379633830354,1756177743,2025-08-26 03:09:03,0.5
bitcoin-up-or-down-august-27-8am-et,DOWN,111234870655832851046306569564620313764956595816823469854808434172379633830354,1756177803,2025-08-26 03:10:03,0.5
bitcoin-up-or-down-august-27-8am-et,DOWN,111234870655832851046306569564620313764956595816823469854808434172379633830354,1756177862,2025-08-26 03:11:02,0.5
bitcoin-up-or-down-august-27-8am-et,DOWN,111234870655832851046306569564620313764956595816823469854808434172379633830354,1756177922,2025-08-26 03:12:02,0.5
bitcoin-up-or-down-august-27-8am-et,DOWN,111234870655832851046306569564620313764956595816823469854808434172379633830354,1756177983,2025-08-26 03:13:03,0.5
bitcoin-up-or-down-august-27-8am-et,DOWN,111234870655832851046306569564620313764956595816823469854808434172379633830354,1756178042,2025-08-26 03:14:02,0.5
bitcoin-up-or-down-august-27-8am-et,DOWN,111234870655832851046306569564620313764956595816823469854808434172379633830354,1756178103,2025-08-26 03:15:03,0.5
bitcoin-up-or-down-august-27-8am-et,DOWN,111234870655832851046306569564620313764956595816823469854808434172379633830354,1756178162,2025-08-26 03:16:02,0.5
bitcoin-up-or-down-august-27-8am-et,DOWN,111234870655832851046306569564620313764956595816823469854808434172379633830354,1756178222,2025-08-26 03:17:02,0.5
bitcoin-up-or-down-august-27-8am-et,DOWN,111234870655832851046306569564620313764956595816823469854808434172379633830354,1756178283,2025-08-26 03:18:03,0.5
bitcoin-up-or-down-august-27-8am-et,DOWN,111234870655832851046306569564620313764956595816823469854808434172379633830354,1756178342,2025-08-26 03:19:02,0.5
bitcoin-up-or-down-august-27-8am-et,DOWN,111234870655832851046306569564620313764956595816823469854808434172379633830354,1756178404,2025-08-26 03:20:04,0.5
bitcoin-up-or-down-august-27-8am-et,DOWN,111234870655832851046306569564620313764956595816823469854808434172379633830354,1756178463,2025-08-26 03:21:03,0.5
bitcoin-up-or-down-august-27-8am-et,DOWN,111234870655832851046306569564620313764956595816823469854808434172379633830354,1756178522,2025-08-26 03:22:02,0.5
bitcoin-up-or-down-august-27-8am-et,DOWN,111234870655832851046306569564620313764956595816823469854808434172379633830354,1756178582,2025-08-26 03:23:02,0.5
bitcoin-up-or-down-august-27-8am-et,DOWN,111234870655832851046306569564620313764956595816823469854808434172379633830354,1756178643,2025-08-26 03:24:03,0.5
bitcoin-up-or-down-august-27-8am-et,DOWN,111234870655832851046306569564620313764956595816823469854808434172379633830354,1756178703,2025-08-26 03:25:03,0.5
bitcoin-up-or-down-august-27-8am-et,DOWN,111234870655832851046306569564620313764956595816823469854808434172379633830354,1756178767,2025-08-26 03:26:07,0.5
bitcoin-up-or-down-august-27-8am-et,DOWN,111234870655832851046306569564620313764956595816823469854808434172379633830354,1756178822,2025-08-26 03:27:02,0.5
bitcoin-up-or-down-august-27-8am-et,DOWN,111234870655832851046306569564620313764956595816823469854808434172379633830354,1756178883,2025-08-26 03:28:03,0.5
bitcoin-up-or-down-august-27-8am-et,DOWN,111234870655832851046306569564620313764956595816823469854808434172379633830354,1756178943,2025-08-26 03:29:03,0.5
bitcoin-up-or-down-august-27-8am-et,DOWN,111234870655832851046306569564620313764956595816823469854808434172379633830354,1756179002,2025-08-26 03:30:02,0.5
bitcoin-up-or-down-august-27-8am-et,DOWN,111234870655832851046306569564620313764956595816823469854808434172379633830354,1756179062,2025-08-26 03:31:02,0.5
bitcoin-up-or-down-august-27-8am-et,DOWN,111234870655832851046306569564620313764956595816823469854808434172379633830354,1756179122,2025-08-26 03:32:02,0.5
bitcoin-up-or-down-august-27-8am-et,DOWN,111234870655832851046306569564620313764956595816823469854808434172379633830354,1756179182,2025-08-26 03:33:02,0.5
bitcoin-up-or-down-august-27-8am-et,DOWN,111234870655832851046306569564620313764956595816823469854808434172379633830354,1756179243,2025-08-26 03:34:03,0.5
bitcoin-up-or-down-august-27-8am-et,DOWN,111234870655832851046306569564620313764956595816823469854808434172379633830354,1756179303,2025-08-26 03:35:03,0.5
bitcoin-up-or-down-august-27-8am-et,DOWN,111234870655832851046306569564620313764956595816823469854808434172379633830354,1756179363,2025-08-26 03:36:03,0.5
bitcoin-up-or-down-august-27-8am-et,DOWN,111234870655832851046306569564620313764956595816823469854808434172379633830354,1756179423,2025-08-26 03:37:03,0.5
bitcoin-up-or-down-august-27-8am-et,DOWN,111234870655832851046306569564620313764956595816823469854808434172379633830354,1756179482,2025-08-26 03:38:02,0.5
bitcoin-up-or-down-august-27-8am-et,DOWN,111234870655832851046306569564620313764956595816823469854808434172379633830354,1756179543,2025-08-26 03:39:03,0.5
bitcoin-up-or-down-august-27-8am-et,DOWN,111234870655832851046306569564620313764956595816823469854808434172379633830354,1756179602,2025-08-26 03:40:02,0.5
bitcoin-up-or-down-august-27-8am-et,DOWN,111234870655832851046306569564620313764956595816823469854808434172379633830354,1756179662,2025-08-26 03:41:02,0.5
bitcoin-up-or-down-august-27-8am-et,DOWN,111234870655832851046306569564620313764956595816823469854808434172379633830354,1756179723,2025-08-26 03:42:03,0.5
bitcoin-up-or-down-august-27-8am-et,DOWN,111234870655832851046306569564620313764956595816823469854808434172379633830354,1756179781,2025-08-26 03:43:01,0.5
bitcoin-up-or-down-august-27-8am-et,DOWN,111234870655832851046306569564620313764956595816823469854808434172379633830354,1756179843,2025-08-26 03:44:03,0.5
bitcoin-up-or-down-august-27-8am-et,DOWN,111234870655832851046306569564620313764956595816823469854808434172379633830354,1756179904,2025-08-26 03:45:04,0.5
bitcoin-up-or-down-august-27-8am-et,DOWN,111234870655832851046306569564620313764956595816823469854808434172379633830354,1756179963,2025-08-26 03:46:03,0.5
bitcoin-up-or-down-august-27-8am-et,DOWN,111234870655832851046306569564620313764956595816823469854808434172379633830354,1756180023,2025-08-26 03:47:03,0.5
bitcoin-up-or-down-august-27-8am-et,DOWN,111234870655832851046306569564620313764956595816823469854808434172379633830354,1756180082,2025-08-26 03:48:02,0.5
bitcoin-up-or-down-august-27-8am-et,DOWN,111234870655832851046306569564620313764956595816823469854808434172379633830354,1756180143,2025-08-26 03:49:03,0.5
bitcoin-up-or-down-august-27-8am-et,DOWN,111234870655832851046306569564620313764956595816823469854808434172379633830354,1756180202,2025-08-26 03:50:02,0.5
bitcoin-up-or-down-august-27-8am-et,DOWN,111234870655832851046306569564620313764956595816823469854808434172379633830354,1756180262,2025-08-26 03:51:02,0.5
bitcoin-up-or-down-august-27-8am-et,DOWN,111234870655832851046306569564620313764956595816823469854808434172379633830354,1756180331,2025-08-26 03:52:11,0.5
bitcoin-up-or-down-august-27-8am-et,DOWN,111234870655832851046306569564620313764956595816823469854808434172379633830354,1756180382,2025-08-26 03:53:02,0.5
bitcoin-up-or-down-august-27-8am-et,DOWN,111234870655832851046306569564620313764956595816823469854808434172379633830354,1756180442,2025-08-26 03:54:02,0.5
bitcoin-up-or-down-august-27-8am-et,DOWN,111234870655832851046306569564620313764956595816823469854808434172379633830354,1756180504,2025-08-26 03:55:04,0.5
bitcoin-up-or-down-august-27-8am-et,DOWN,111234870655832851046306569564620313764956595816823469854808434172379633830354,1756180563,2025-08-26 03:56:03,0.5
bitcoin-up-or-down-august-27-8am-et,DOWN,111234870655832851046306569564620313764956595816823469854808434172379633830354,1756180622,2025-08-26 03:57:02,0.5
bitcoin-up-or-down-august-27-8am-et,DOWN,111234870655832851046306569564620313764956595816823469854808434172379633830354,1756180683,2025-08-26 03:58:03,0.5
bitcoin-up-or-down-august-27-8am-et,DOWN,111234870655832851046306569564620313764956595816823469854808434172379633830354,1756180742,2025-08-26 03:59:02,0.5
bitcoin-up-or-down-august-27-8am-et,DOWN,111234870655832851046306569564620313764956595816823469854808434172379633830354,1756180802,2025-08-26 04:00:02,0.5
bitcoin-up-or-down-august-27-8am-et,DOWN,111234870655832851046306569564620313764956595816823469854808434172379633830354,1756180864,2025-08-26 04:01:04,0.5
bitcoin-up-or-down-august-27-8am-et,DOWN,111234870655832851046306569564620313764956595816823469854808434172379633830354,1756180922,2025-08-26 04:02:02,0.5
bitcoin-up-or-down-august-27-8am-et,DOWN,111234870655832851046306569564620313764956595816823469854808434172379633830354,1756180983,2025-08-26 04:03:03,0.5
bitcoin-up-or-down-august-27-8am-et,DOWN,111234870655832851046306569564620313764956595816823469854808434172379633830354,1756181044,2025-08-26 04:04:04,0.5
bitcoin-up-or-down-august-27-8am-et,DOWN,111234870655832851046306569564620313764956595816823469854808434172379633830354,1756181103,2025-08-26 04:05:03,0.5
bitcoin-up-or-down-august-27-8am-et,DOWN,111234870655832851046306569564620313764956595816823469854808434172379633830354,1756181162,2025-08-26 04:06:02,0.5
bitcoin-up-or-down-august-27-8am-et,DOWN,111234870655832851046306569564620313764956595816823469854808434172379633830354,1756181223,2025-08-26 04:07:03,0.5
bitcoin-up-or-down-august-27-8am-et,DOWN,111234870655832851046306569564620313764956595816823469854808434172379633830354,1756181282,2025-08-26 04:08:02,0.5
bitcoin-up-or-down-august-27-8am-et,DOWN,111234870655832851046306569564620313764956595816823469854808434172379633830354,1756181343,2025-08-26 04:09:03,0.5
bitcoin-up-or-down-august-27-8am-et,DOWN,111234870655832851046306569564620313764956595816823469854808434172379633830354,1756181404,2025-08-26 04:10:04,0.5
bitcoin-up-or-down-august-27-8am-et,DOWN,111234870655832851046306569564620313764956595816823469854808434172379633830354,1756181463,2025-08-26 04:11:03,0.5
bitcoin-up-or-down-august-27-8am-et,DOWN,111234870655832851046306569564620313764956595816823469854808434172379633830354,1756181522,2025-08-26 04:12:02,0.5
bitcoin-up-or-down-august-27-8am-et,DOWN,111234870655832851046306569564620313764956595816823469854808434172379633830354,1756181583,2025-08-26 04:13:03,0.5
bitcoin-up-or-down-august-27-8am-et,DOWN,111234870655832851046306569564620313764956595816823469854808434172379633830354,1756181643,2025-08-26 04:14:03,0.5
bitcoin-up-or-down-august-27-8am-et,DOWN,111234870655832851046306569564620313764956595816823469854808434172379633830354,1756181703,2025-08-26 04:15:03,0.5
bitcoin-up-or-down-august-27-8am-et,DOWN,111234870655832851046306569564620313764956595816823469854808434172379633830354,1756181762,2025-08-26 04:16:02,0.5
bitcoin-up-or-down-august-27-8am-et,DOWN,111234870655832851046306569564620313764956595816823469854808434172379633830354,1756181822,2025-08-26 04:17:02,0.5
bitcoin-up-or-down-august-27-8am-et,DOWN,111234870655832851046306569564620313764956595816823469854808434172379633830354,1756181883,2025-08-26 04:18:03,0.5
bitcoin-up-or-down-august-27-8am-et,DOWN,111234870655832851046306569564620313764956595816823469854808434172379633830354,1756181943,2025-08-26 04:19:03,0.5
bitcoin-up-or-down-august-27-8am-et,DOWN,111234870655832851046306569564620313764956595816823469854808434172379633830354,1756182004,2025-08-26 04:20:04,0.5
bitcoin-up-or-down-august-27-8am-et,DOWN,111234870655832851046306569564620313764956595816823469854808434172379633830354,1756182063,2025-08-26 04:21:03,0.5
bitcoin-up-or-down-august-27-8am-et,DOWN,111234870655832851046306569564620313764956595816823469854808434172379633830354,1756182123,2025-08-26 04:22:03,0.5
bitcoin-up-or-down-august-27-8am-et,DOWN,111234870655832851046306569564620313764956595816823469854808434172379633830354,1756182182,2025-08-26 04:23:02,0.5
bitcoin-up-or-down-august-27-8am-et,DOWN,111234870655832851046306569564620313764956595816823469854808434172379633830354,1756182243,2025-08-26 04:24:03,0.5
bitcoin-up-or-down-august-27-8am-et,DOWN,111234870655832851046306569564620313764956595816823469854808434172379633830354,1756182304,2025-08-26 04:25:04,0.5
bitcoin-up-or-down-august-27-8am-et,DOWN,111234870655832851046306569564620313764956595816823469854808434172379633830354,1756182370,2025-08-26 04:26:10,0.5
bitcoin-up-or-down-august-27-8am-et,DOWN,111234870655832851046306569564620313764956595816823469854808434172379633830354,1756182422,2025-08-26 04:27:02,0.5
bitcoin-up-or-down-august-27-8am-et,DOWN,111234870655832851046306569564620313764956595816823469854808434172379633830354,1756182483,2025-08-26 04:28:03,0.5
bitcoin-up-or-down-august-27-8am-et,DOWN,111234870655832851046306569564620313764956595816823469854808434172379633830354,1756182543,2025-08-26 04:29:03,0.5
bitcoin-up-or-down-august-27-8am-et,DOWN,111234870655832851046306569564620313764956595816823469854808434172379633830354,1756182605,2025-08-26 04:30:05,0.5
bitcoin-up-or-down-august-27-8am-et,DOWN,111234870655832851046306569564620313764956595816823469854808434172379633830354,1756182663,2025-08-26 04:31:03,0.5
bitcoin-up-or-down-august-27-8am-et,DOWN,111234870655832851046306569564620313764956595816823469854808434172379633830354,1756182722,2025-08-26 04:32:02,0.5
bitcoin-up-or-down-august-27-8am-et,DOWN,111234870655832851046306569564620313764956595816823469854808434172379633830354,1756182783,2025-08-26 04:33:03,0.5
bitcoin-up-or-down-august-27-8am-et,DOWN,111234870655832851046306569564620313764956595816823469854808434172379633830354,1756182844,2025-08-26 04:34:04,0.5
bitcoin-up-or-down-august-27-8am-et,DOWN,111234870655832851046306569564620313764956595816823469854808434172379633830354,1756182903,2025-08-26 04:35:03,0.5
bitcoin-up-or-down-august-27-8am-et,DOWN,111234870655832851046306569564620313764956595816823469854808434172379633830354,1756182964,2025-08-26 04:36:04,0.5
bitcoin-up-or-down-august-27-8am-et,DOWN,111234870655832851046306569564620313764956595816823469854808434172379633830354,1756183023,2025-08-26 04:37:03,0.5
bitcoin-up-or-down-august-27-8am-et,DOWN,111234870655832851046306569564620313764956595816823469854808434172379633830354,1756183083,2025-08-26 04:38:03,0.5
bitcoin-up-or-down-august-27-8am-et,DOWN,111234870655832851046306569564620313764956595816823469854808434172379633830354,1756183143,2025-08-26 04:39:03,0.5
bitcoin-up-or-down-august-27-8am-et,DOWN,111234870655832851046306569564620313764956595816823469854808434172379633830354,1756183204,2025-08-26 04:40:04,0.5
bitcoin-up-or-down-august-27-8am-et,DOWN,111234870655832851046306569564620313764956595816823469854808434172379633830354,1756183263,2025-08-26 04:41:03,0.5
bitcoin-up-or-down-august-27-8am-et,DOWN,111234870655832851046306569564620313764956595816823469854808434172379633830354,1756183322,2025-08-26 04:42:02,0.5
bitcoin-up-or-down-august-27-8am-et,DOWN,111234870655832851046306569564620313764956595816823469854808434172379633830354,1756183382,2025-08-26 04:43:02,0.5
bitcoin-up-or-down-august-27-8am-et,DOWN,111234870655832851046306569564620313764956595816823469854808434172379633830354,1756183443,2025-08-26 04:44:03,0.5
bitcoin-up-or-down-august-27-8am-et,DOWN,111234870655832851046306569564620313764956595816823469854808434172379633830354,1756183503,2025-08-26 04:45:03,0.5
bitcoin-up-or-down-august-27-8am-et,DOWN,111234870655832851046306569564620313764956595816823469854808434172379633830354,1756183563,2025-08-26 04:46:03,0.5
bitcoin-up-or-down-august-27-8am-et,DOWN,111234870655832851046306569564620313764956595816823469854808434172379633830354,1756183622,2025-08-26 04:47:02,0.5
bitcoin-up-or-down-august-27-8am-et,DOWN,111234870655832851046306569564620313764956595816823469854808434172379633830354,1756183682,2025-08-26 04:48:02,0.5
bitcoin-up-or-down-august-27-8am-et,DOWN,111234870655832851046306569564620313764956595816823469854808434172379633830354,1756183743,2025-08-26 04:49:03,0.5
bitcoin-up-or-down-august-27-8am-et,DOWN,111234870655832851046306569564620313764956595816823469854808434172379633830354,1756183804,2025-08-26 04:50:04,0.5
bitcoin-up-or-down-august-27-8am-et,DOWN,111234870655832851046306569564620313764956595816823469854808434172379633830354,1756183863,2025-08-26 04:51:03,0.5
bitcoin-up-or-down-august-27-8am-et,DOWN,111234870655832851046306569564620313764956595816823469854808434172379633830354,1756183929,2025-08-26 04:52:09,0.5
bitcoin-up-or-down-august-27-8am-et,DOWN,111234870655832851046306569564620313764956595816823469854808434172379633830354,1756183982,2025-08-26 04:53:02,0.5
bitcoin-up-or-down-august-27-8am-et,DOWN,111234870655832851046306569564620313764956595816823469854808434172379633830354,1756184043,2025-08-26 04:54:03,0.5
bitcoin-up-or-down-august-27-8am-et,DOWN,111234870655832851046306569564620313764956595816823469854808434172379633830354,1756184104,2025-08-26 04:55:04,0.5
bitcoin-up-or-down-august-27-8am-et,DOWN,111234870655832851046306569564620313764956595816823469854808434172379633830354,1756184162,2025-08-26 04:56:02,0.5
bitcoin-up-or-down-august-27-8am-et,DOWN,111234870655832851046306569564620313764956595816823469854808434172379633830354,1756184222,2025-08-26 04:57:02,0.5
bitcoin-up-or-down-august-27-8am-et,DOWN,111234870655832851046306569564620313764956595816823469854808434172379633830354,1756184282,2025-08-26 04:58:02,0.5
bitcoin-up-or-down-august-27-8am-et,DOWN,111234870655832851046306569564620313764956595816823469854808434172379633830354,1756184343,2025-08-26 04:59:03,0.5
bitcoin-up-or-down-august-27-8am-et,DOWN,111234870655832851046306569564620313764956595816823469854808434172379633830354,1756184412,2025-08-26 05:00:12,0.5
bitcoin-up-or-down-august-27-8am-et,DOWN,111234870655832851046306569564620313764956595816823469854808434172379633830354,1756184462,2025-08-26 05:01:02,0.5
bitcoin-up-or-down-august-27-8am-et,DOWN,111234870655832851046306569564620313764956595816823469854808434172379633830354,1756184522,2025-08-26 05:02:02,0.5
bitcoin-up-or-down-august-27-8am-et,DOWN,111234870655832851046306569564620313764956595816823469854808434172379633830354,1756184582,2025-08-26 05:03:02,0.5
bitcoin-up-or-down-august-27-8am-et,DOWN,111234870655832851046306569564620313764956595816823469854808434172379633830354,1756184642,2025-08-26 05:04:02,0.5
bitcoin-up-or-down-august-27-8am-et,DOWN,111234870655832851046306569564620313764956595816823469854808434172379633830354,1756184702,2025-08-26 05:05:02,0.5
bitcoin-up-or-down-august-27-8am-et,DOWN,111234870655832851046306569564620313764956595816823469854808434172379633830354,1756184763,2025-08-26 05:06:03,0.5
bitcoin-up-or-down-august-27-8am-et,DOWN,111234870655832851046306569564620313764956595816823469854808434172379633830354,1756184822,2025-08-26 05:07:02,0.5
bitcoin-up-or-down-august-27-8am-et,DOWN,111234870655832851046306569564620313764956595816823469854808434172379633830354,1756184883,2025-08-26 05:08:03,0.5
bitcoin-up-or-down-august-27-8am-et,DOWN,111234870655832851046306569564620313764956595816823469854808434172379633830354,1756184942,2025-08-26 05:09:02,0.5
bitcoin-up-or-down-august-27-8am-et,DOWN,111234870655832851046306569564620313764956595816823469854808434172379633830354,1756185003,2025-08-26 05:10:03,0.5
bitcoin-up-or-down-august-27-8am-et,DOWN,111234870655832851046306569564620313764956595816823469854808434172379633830354,1756185063,2025-08-26 05:11:03,0.5
bitcoin-up-or-down-august-27-8am-et,DOWN,111234870655832851046306569564620313764956595816823469854808434172379633830354,1756185122,2025-08-26 05:12:02,0.5
bitcoin-up-or-down-august-27-8am-et,DOWN,111234870655832851046306569564620313764956595816823469854808434172379633830354,1756185182,2025-08-26 05:13:02,0.5
bitcoin-up-or-down-august-27-8am-et,DOWN,111234870655832851046306569564620313764956595816823469854808434172379633830354,1756185242,2025-08-26 05:14:02,0.5
bitcoin-up-or-down-august-27-8am-et,DOWN,111234870655832851046306569564620313764956595816823469854808434172379633830354,1756185302,2025-08-26 05:15:02,0.5
bitcoin-up-or-down-august-27-8am-et,DOWN,111234870655832851046306569564620313764956595816823469854808434172379633830354,1756185362,2025-08-26 05:16:02,0.5
bitcoin-up-or-down-august-27-8am-et,DOWN,111234870655832851046306569564620313764956595816823469854808434172379633830354,1756185422,2025-08-26 05:17:02,0.5
bitcoin-up-or-down-august-27-8am-et,DOWN,111234870655832851046306569564620313764956595816823469854808434172379633830354,1756185482,2025-08-26 05:18:02,0.5
bitcoin-up-or-down-august-27-8am-et,DOWN,111234870655832851046306569564620313764956595816823469854808434172379633830354,1756185543,2025-08-26 05:19:03,0.5
bitcoin-up-or-down-august-27-8am-et,DOWN,111234870655832851046306569564620313764956595816823469854808434172379633830354,1756185603,2025-08-26 05:20:03,0.5
bitcoin-up-or-down-august-27-8am-et,DOWN,111234870655832851046306569564620313764956595816823469854808434172379633830354,1756185662,2025-08-26 05:21:02,0.5
bitcoin-up-or-down-august-27-8am-et,DOWN,111234870655832851046306569564620313764956595816823469854808434172379633830354,1756185723,2025-08-26 05:22:03,0.5
bitcoin-up-or-down-august-27-8am-et,DOWN,111234870655832851046306569564620313764956595816823469854808434172379633830354,1756185783,2025-08-26 05:23:03,0.5
bitcoin-up-or-down-august-27-8am-et,DOWN,111234870655832851046306569564620313764956595816823469854808434172379633830354,1756185843,2025-08-26 05:24:03,0.5
bitcoin-up-or-down-august-27-8am-et,DOWN,111234870655832851046306569564620313764956595816823469854808434172379633830354,1756185904,2025-08-26 05:25:04,0.5
bitcoin-up-or-down-august-27-8am-et,DOWN,111234870655832851046306569564620313764956595816823469854808434172379633830354,1756185969,2025-08-26 05:26:09,0.5
bitcoin-up-or-down-august-27-8am-et,DOWN,111234870655832851046306569564620313764956595816823469854808434172379633830354,1756186025,2025-08-26 05:27:05,0.5
bitcoin-up-or-down-august-27-8am-et,DOWN,111234870655832851046306569564620313764956595816823469854808434172379633830354,1756186083,2025-08-26 05:28:03,0.5
bitcoin-up-or-down-august-27-8am-et,DOWN,111234870655832851046306569564620313764956595816823469854808434172379633830354,1756186142,2025-08-26 05:29:02,0.5
bitcoin-up-or-down-august-27-8am-et,DOWN,111234870655832851046306569564620313764956595816823469854808434172379633830354,1756186205,2025-08-26 05:30:05,0.5
bitcoin-up-or-down-august-27-8am-et,DOWN,111234870655832851046306569564620313764956595816823469854808434172379633830354,1756186263,2025-08-26 05:31:03,0.5
bitcoin-up-or-down-august-27-8am-et,DOWN,111234870655832851046306569564620313764956595816823469854808434172379633830354,1756186322,2025-08-26 05:32:02,0.5
bitcoin-up-or-down-august-27-8am-et,DOWN,111234870655832851046306569564620313764956595816823469854808434172379633830354,1756186382,2025-08-26 05:33:02,0.5
bitcoin-up-or-down-august-27-8am-et,DOWN,111234870655832851046306569564620313764956595816823469854808434172379633830354,1756186442,2025-08-26 05:34:02,0.5
bitcoin-up-or-down-august-27-8am-et,DOWN,111234870655832851046306569564620313764956595816823469854808434172379633830354,1756186503,2025-08-26 05:35:03,0.5
bitcoin-up-or-down-august-27-8am-et,DOWN,111234870655832851046306569564620313764956595816823469854808434172379633830354,1756186562,2025-08-26 05:36:02,0.5
bitcoin-up-or-down-august-27-8am-et,DOWN,111234870655832851046306569564620313764956595816823469854808434172379633830354,1756186622,2025-08-26 05:37:02,0.5
bitcoin-up-or-down-august-27-8am-et,DOWN,111234870655832851046306569564620313764956595816823469854808434172379633830354,1756186682,2025-08-26 05:38:02,0.5
bitcoin-up-or-down-august-27-8am-et,DOWN,111234870655832851046306569564620313764956595816823469854808434172379633830354,1756186743,2025-08-26 05:39:03,0.5
bitcoin-up-or-down-august-27-8am-et,DOWN,111234870655832851046306569564620313764956595816823469854808434172379633830354,1756186803,2025-08-26 05:40:03,0.5
bitcoin-up-or-down-august-27-8am-et,DOWN,111234870655832851046306569564620313764956595816823469854808434172379633830354,1756186862,2025-08-26 05:41:02,0.5
bitcoin-up-or-down-august-27-8am-et,DOWN,111234870655832851046306569564620313764956595816823469854808434172379633830354,1756186923,2025-08-26 05:42:03,0.5
bitcoin-up-or-down-august-27-8am-et,DOWN,111234870655832851046306569564620313764956595816823469854808434172379633830354,1756186982,2025-08-26 05:43:02,0.5
bitcoin-up-or-down-august-27-8am-et,DOWN,111234870655832851046306569564620313764956595816823469854808434172379633830354,1756187042,2025-08-26 05:44:02,0.5
bitcoin-up-or-down-august-27-8am-et,DOWN,111234870655832851046306569564620313764956595816823469854808434172379633830354,1756187102,2025-08-26 05:45:02,0.5
bitcoin-up-or-down-august-27-8am-et,DOWN,111234870655832851046306569564620313764956595816823469854808434172379633830354,1756187163,2025-08-26 05:46:03,0.5
bitcoin-up-or-down-august-27-8am-et,DOWN,111234870655832851046306569564620313764956595816823469854808434172379633830354,1756187222,2025-08-26 05:47:02,0.5
bitcoin-up-or-down-august-27-8am-et,DOWN,111234870655832851046306569564620313764956595816823469854808434172379633830354,1756187283,2025-08-26 05:48:03,0.5
bitcoin-up-or-down-august-27-8am-et,DOWN,111234870655832851046306569564620313764956595816823469854808434172379633830354,1756187342,2025-08-26 05:49:02,0.5
bitcoin-up-or-down-august-27-8am-et,DOWN,111234870655832851046306569564620313764956595816823469854808434172379633830354,1756187402,2025-08-26 05:50:02,0.5
bitcoin-up-or-down-august-27-8am-et,DOWN,111234870655832851046306569564620313764956595816823469854808434172379633830354,1756187462,2025-08-26 05:51:02,0.5
bitcoin-up-or-down-august-27-8am-et,DOWN,111234870655832851046306569564620313764956595816823469854808434172379633830354,1756187528,2025-08-26 05:52:08,0.5
bitcoin-up-or-down-august-27-8am-et,DOWN,111234870655832851046306569564620313764956595816823469854808434172379633830354,1756187582,2025-08-26 05:53:02,0.5
bitcoin-up-or-down-august-27-8am-et,DOWN,111234870655832851046306569564620313764956595816823469854808434172379633830354,1756187642,2025-08-26 05:54:02,0.5
bitcoin-up-or-down-august-27-8am-et,DOWN,111234870655832851046306569564620313764956595816823469854808434172379633830354,1756187703,2025-08-26 05:55:03,0.5
bitcoin-up-or-down-august-27-8am-et,DOWN,111234870655832851046306569564620313764956595816823469854808434172379633830354,1756187763,2025-08-26 05:56:03,0.5
bitcoin-up-or-down-august-27-8am-et,DOWN,111234870655832851046306569564620313764956595816823469854808434172379633830354,1756187823,2025-08-26 05:57:03,0.5
bitcoin-up-or-down-august-27-8am-et,DOWN,111234870655832851046306569564620313764956595816823469854808434172379633830354,1756187883,2025-08-26 05:58:03,0.5
bitcoin-up-or-down-august-27-8am-et,DOWN,111234870655832851046306569564620313764956595816823469854808434172379633830354,1756187944,2025-08-26 05:59:04,0.5
bitcoin-up-or-down-august-27-8am-et,DOWN,111234870655832851046306569564620313764956595816823469854808434172379633830354,1756188003,2025-08-26 06:00:03,0.5
bitcoin-up-or-down-august-27-8am-et,DOWN,111234870655832851046306569564620313764956595816823469854808434172379633830354,1756188063,2025-08-26 06:01:03,0.5
bitcoin-up-or-down-august-27-8am-et,DOWN,111234870655832851046306569564620313764956595816823469854808434172379633830354,1756188123,2025-08-26 06:02:03,0.5
bitcoin-up-or-down-august-27-8am-et,DOWN,111234870655832851046306569564620313764956595816823469854808434172379633830354,1756188183,2025-08-26 06:03:03,0.5
bitcoin-up-or-down-august-27-8am-et,DOWN,111234870655832851046306569564620313764956595816823469854808434172379633830354,1756188243,2025-08-26 06:04:03,0.5
bitcoin-up-or-down-august-27-8am-et,DOWN,111234870655832851046306569564620313764956595816823469854808434172379633830354,1756188302,2025-08-26 06:05:02,0.5
bitcoin-up-or-down-august-27-8am-et,DOWN,111234870655832851046306569564620313764956595816823469854808434172379633830354,1756188363,2025-08-26 06:06:03,0.5
bitcoin-up-or-down-august-27-8am-et,DOWN,111234870655832851046306569564620313764956595816823469854808434172379633830354,1756188423,2025-08-26 06:07:03,0.5
bitcoin-up-or-down-august-27-8am-et,DOWN,111234870655832851046306569564620313764956595816823469854808434172379633830354,1756188483,2025-08-26 06:08:03,0.5
bitcoin-up-or-down-august-27-8am-et,DOWN,111234870655832851046306569564620313764956595816823469854808434172379633830354,1756188543,2025-08-26 06:09:03,0.5
bitcoin-up-or-down-august-27-8am-et,DOWN,111234870655832851046306569564620313764956595816823469854808434172379633830354,1756188603,2025-08-26 06:10:03,0.5
bitcoin-up-or-down-august-27-8am-et,DOWN,111234870655832851046306569564620313764956595816823469854808434172379633830354,1756188662,2025-08-26 06:11:02,0.5
bitcoin-up-or-down-august-27-8am-et,DOWN,111234870655832851046306569564620313764956595816823469854808434172379633830354,1756188722,2025-08-26 06:12:02,0.5
bitcoin-up-or-down-august-27-8am-et,DOWN,111234870655832851046306569564620313764956595816823469854808434172379633830354,1756188783,2025-08-26 06:13:03,0.5
bitcoin-up-or-down-august-27-8am-et,DOWN,111234870655832851046306569564620313764956595816823469854808434172379633830354,1756188843,2025-08-26 06:14:03,0.5
bitcoin-up-or-down-august-27-8am-et,DOWN,111234870655832851046306569564620313764956595816823469854808434172379633830354,1756188903,2025-08-26 06:15:03,0.5
bitcoin-up-or-down-august-27-8am-et,DOWN,111234870655832851046306569564620313764956595816823469854808434172379633830354,1756188962,2025-08-26 06:16:02,0.5
bitcoin-up-or-down-august-27-8am-et,DOWN,111234870655832851046306569564620313764956595816823469854808434172379633830354,1756189023,2025-08-26 06:17:03,0.5
bitcoin-up-or-down-august-27-8am-et,DOWN,111234870655832851046306569564620313764956595816823469854808434172379633830354,1756189082,2025-08-26 06:18:02,0.5
bitcoin-up-or-down-august-27-8am-et,DOWN,111234870655832851046306569564620313764956595816823469854808434172379633830354,1756189143,2025-08-26 06:19:03,0.5
bitcoin-up-or-down-august-27-8am-et,DOWN,111234870655832851046306569564620313764956595816823469854808434172379633830354,1756189203,2025-08-26 06:20:03,0.5
bitcoin-up-or-down-august-27-8am-et,DOWN,111234870655832851046306569564620313764956595816823469854808434172379633830354,1756189262,2025-08-26 06:21:02,0.5
bitcoin-up-or-down-august-27-8am-et,DOWN,111234870655832851046306569564620313764956595816823469854808434172379633830354,1756189322,2025-08-26 06:22:02,0.5
bitcoin-up-or-down-august-27-8am-et,DOWN,111234870655832851046306569564620313764956595816823469854808434172379633830354,1756189383,2025-08-26 06:23:03,0.5
bitcoin-up-or-down-august-27-8am-et,DOWN,111234870655832851046306569564620313764956595816823469854808434172379633830354,1756189442,2025-08-26 06:24:02,0.5
bitcoin-up-or-down-august-27-8am-et,DOWN,111234870655832851046306569564620313764956595816823469854808434172379633830354,1756189502,2025-08-26 06:25:02,0.5
bitcoin-up-or-down-august-27-8am-et,DOWN,111234870655832851046306569564620313764956595816823469854808434172379633830354,1756189563,2025-08-26 06:26:03,0.5
bitcoin-up-or-down-august-27-8am-et,DOWN,111234870655832851046306569564620313764956595816823469854808434172379633830354,1756189622,2025-08-26 06:27:02,0.5
bitcoin-up-or-down-august-27-8am-et,DOWN,111234870655832851046306569564620313764956595816823469854808434172379633830354,1756189683,2025-08-26 06:28:03,0.5
bitcoin-up-or-down-august-27-8am-et,DOWN,111234870655832851046306569564620313764956595816823469854808434172379633830354,1756189742,2025-08-26 06:29:02,0.5
bitcoin-up-or-down-august-27-8am-et,DOWN,111234870655832851046306569564620313764956595816823469854808434172379633830354,1756189807,2025-08-26 06:30:07,0.5
bitcoin-up-or-down-august-27-8am-et,DOWN,111234870655832851046306569564620313764956595816823469854808434172379633830354,1756189863,2025-08-26 06:31:03,0.5
bitcoin-up-or-down-august-27-8am-et,DOWN,111234870655832851046306569564620313764956595816823469854808434172379633830354,1756189923,2025-08-26 06:32:03,0.5
bitcoin-up-or-down-august-27-8am-et,DOWN,111234870655832851046306569564620313764956595816823469854808434172379633830354,1756189983,2025-08-26 06:33:03,0.5
bitcoin-up-or-down-august-27-8am-et,DOWN,111234870655832851046306569564620313764956595816823469854808434172379633830354,1756190053,2025-08-26 06:34:13,0.5
bitcoin-up-or-down-august-27-8am-et,DOWN,111234870655832851046306569564620313764956595816823469854808434172379633830354,1756190104,2025-08-26 06:35:04,0.5
bitcoin-up-or-down-august-27-8am-et,DOWN,111234870655832851046306569564620313764956595816823469854808434172379633830354,1756190162,2025-08-26 06:36:02,0.5
bitcoin-up-or-down-august-27-8am-et,DOWN,111234870655832851046306569564620313764956595816823469854808434172379633830354,1756190222,2025-08-26 06:37:02,0.5
bitcoin-up-or-down-august-27-8am-et,DOWN,111234870655832851046306569564620313764956595816823469854808434172379633830354,1756190283,2025-08-26 06:38:03,0.5
bitcoin-up-or-down-august-27-8am-et,DOWN,111234870655832851046306569564620313764956595816823469854808434172379633830354,1756190344,2025-08-26 06:39:04,0.5
bitcoin-up-or-down-august-27-8am-et,DOWN,111234870655832851046306569564620313764956595816823469854808434172379633830354,1756190404,2025-08-26 06:40:04,0.5
bitcoin-up-or-down-august-27-8am-et,DOWN,111234870655832851046306569564620313764956595816823469854808434172379633830354,1756190463,2025-08-26 06:41:03,0.5
bitcoin-up-or-down-august-27-8am-et,DOWN,111234870655832851046306569564620313764956595816823469854808434172379633830354,1756190523,2025-08-26 06:42:03,0.5
bitcoin-up-or-down-august-27-8am-et,DOWN,111234870655832851046306569564620313764956595816823469854808434172379633830354,1756190582,2025-08-26 06:43:02,0.5
bitcoin-up-or-down-august-27-8am-et,DOWN,111234870655832851046306569564620313764956595816823469854808434172379633830354,1756190642,2025-08-26 06:44:02,0.5
bitcoin-up-or-down-august-27-8am-et,DOWN,111234870655832851046306569564620313764956595816823469854808434172379633830354,1756190703,2025-08-26 06:45:03,0.5
bitcoin-up-or-down-august-27-8am-et,DOWN,111234870655832851046306569564620313764956595816823469854808434172379633830354,1756190762,2025-08-26 06:46:02,0.5
bitcoin-up-or-down-august-27-8am-et,DOWN,111234870655832851046306569564620313764956595816823469854808434172379633830354,1756190822,2025-08-26 06:47:02,0.5
bitcoin-up-or-down-august-27-8am-et,DOWN,111234870655832851046306569564620313764956595816823469854808434172379633830354,1756190882,2025-08-26 06:48:02,0.5
bitcoin-up-or-down-august-27-8am-et,DOWN,111234870655832851046306569564620313764956595816823469854808434172379633830354,1756190942,2025-08-26 06:49:02,0.5
bitcoin-up-or-down-august-27-8am-et,DOWN,111234870655832851046306569564620313764956595816823469854808434172379633830354,1756191002,2025-08-26 06:50:02,0.5
bitcoin-up-or-down-august-27-8am-et,DOWN,111234870655832851046306569564620313764956595816823469854808434172379633830354,1756191063,2025-08-26 06:51:03,0.5
bitcoin-up-or-down-august-27-8am-et,DOWN,111234870655832851046306569564620313764956595816823469854808434172379633830354,1756191122,2025-08-26 06:52:02,0.5
bitcoin-up-or-down-august-27-8am-et,DOWN,111234870655832851046306569564620313764956595816823469854808434172379633830354,1756191183,2025-08-26 06:53:03,0.5
bitcoin-up-or-down-august-27-8am-et,DOWN,111234870655832851046306569564620313764956595816823469854808434172379633830354,1756191243,2025-08-26 06:54:03,0.5
bitcoin-up-or-down-august-27-8am-et,DOWN,111234870655832851046306569564620313764956595816823469854808434172379633830354,1756191302,2025-08-26 06:55:02,0.5
bitcoin-up-or-down-august-27-8am-et,DOWN,111234870655832851046306569564620313764956595816823469854808434172379633830354,1756191362,2025-08-26 06:56:02,0.5
bitcoin-up-or-down-august-27-8am-et,DOWN,111234870655832851046306569564620313764956595816823469854808434172379633830354,1756191422,2025-08-26 06:57:02,0.5
bitcoin-up-or-down-august-27-8am-et,DOWN,111234870655832851046306569564620313764956595816823469854808434172379633830354,1756191483,2025-08-26 06:58:03,0.5
bitcoin-up-or-down-august-27-8am-et,DOWN,111234870655832851046306569564620313764956595816823469854808434172379633830354,1756191542,2025-08-26 06:59:02,0.5
bitcoin-up-or-down-august-27-8am-et,DOWN,111234870655832851046306569564620313764956595816823469854808434172379633830354,1756191618,2025-08-26 07:00:18,0.5
bitcoin-up-or-down-august-27-8am-et,DOWN,111234870655832851046306569564620313764956595816823469854808434172379633830354,1756191664,2025-08-26 07:01:04,0.5
bitcoin-up-or-down-august-27-8am-et,DOWN,111234870655832851046306569564620313764956595816823469854808434172379633830354,1756191723,2025-08-26 07:02:03,0.5
bitcoin-up-or-down-august-27-8am-et,DOWN,111234870655832851046306569564620313764956595816823469854808434172379633830354,1756191783,2025-08-26 07:03:03,0.5
bitcoin-up-or-down-august-27-8am-et,DOWN,111234870655832851046306569564620313764956595816823469854808434172379633830354,1756191844,2025-08-26 07:04:04,0.5
bitcoin-up-or-down-august-27-8am-et,DOWN,111234870655832851046306569564620313764956595816823469854808434172379633830354,1756191903,2025-08-26 07:05:03,0.5
bitcoin-up-or-down-august-27-8am-et,DOWN,111234870655832851046306569564620313764956595816823469854808434172379633830354,1756191963,2025-08-26 07:06:03,0.5
bitcoin-up-or-down-august-27-8am-et,DOWN,111234870655832851046306569564620313764956595816823469854808434172379633830354,1756192022,2025-08-26 07:07:02,0.5
bitcoin-up-or-down-august-27-8am-et,DOWN,111234870655832851046306569564620313764956595816823469854808434172379633830354,1756192083,2025-08-26 07:08:03,0.5
bitcoin-up-or-down-august-27-8am-et,DOWN,111234870655832851046306569564620313764956595816823469854808434172379633830354,1756192142,2025-08-26 07:09:02,0.5
bitcoin-up-or-down-august-27-8am-et,DOWN,111234870655832851046306569564620313764956595816823469854808434172379633830354,1756192203,2025-08-26 07:10:03,0.5
bitcoin-up-or-down-august-27-8am-et,DOWN,111234870655832851046306569564620313764956595816823469854808434172379633830354,1756192262,2025-08-26 07:11:02,0.5
bitcoin-up-or-down-august-27-8am-et,DOWN,111234870655832851046306569564620313764956595816823469854808434172379633830354,1756192322,2025-08-26 07:12:02,0.5
bitcoin-up-or-down-august-27-8am-et,DOWN,111234870655832851046306569564620313764956595816823469854808434172379633830354,1756192383,2025-08-26 07:13:03,0.5
bitcoin-up-or-down-august-27-8am-et,DOWN,111234870655832851046306569564620313764956595816823469854808434172379633830354,1756192442,2025-08-26 07:14:02,0.5
bitcoin-up-or-down-august-27-8am-et,DOWN,111234870655832851046306569564620313764956595816823469854808434172379633830354,1756192504,2025-08-26 07:15:04,0.5
bitcoin-up-or-down-august-27-8am-et,DOWN,111234870655832851046306569564620313764956595816823469854808434172379633830354,1756192564,2025-08-26 07:16:04,0.5
bitcoin-up-or-down-august-27-8am-et,DOWN,111234870655832851046306569564620313764956595816823469854808434172379633830354,1756192623,2025-08-26 07:17:03,0.5
bitcoin-up-or-down-august-27-8am-et,DOWN,111234870655832851046306569564620313764956595816823469854808434172379633830354,1756192682,2025-08-26 07:18:02,0.5
bitcoin-up-or-down-august-27-8am-et,DOWN,111234870655832851046306569564620313764956595816823469854808434172379633830354,1756192743,2025-08-26 07:19:03,0.5
bitcoin-up-or-down-august-27-8am-et,DOWN,111234870655832851046306569564620313764956595816823469854808434172379633830354,1756192802,2025-08-26 07:20:02,0.5
bitcoin-up-or-down-august-27-8am-et,DOWN,111234870655832851046306569564620313764956595816823469854808434172379633830354,1756192863,2025-08-26 07:21:03,0.5
bitcoin-up-or-down-august-27-8am-et,DOWN,111234870655832851046306569564620313764956595816823469854808434172379633830354,1756192923,2025-08-26 07:22:03,0.5
bitcoin-up-or-down-august-27-8am-et,DOWN,111234870655832851046306569564620313764956595816823469854808434172379633830354,1756192983,2025-08-26 07:23:03,0.5
bitcoin-up-or-down-august-27-8am-et,DOWN,111234870655832851046306569564620313764956595816823469854808434172379633830354,1756193042,2025-08-26 07:24:02,0.5
bitcoin-up-or-down-august-27-8am-et,DOWN,111234870655832851046306569564620313764956595816823469854808434172379633830354,1756193103,2025-08-26 07:25:03,0.5
bitcoin-up-or-down-august-27-8am-et,DOWN,111234870655832851046306569564620313764956595816823469854808434172379633830354,1756193162,2025-08-26 07:26:02,0.5
bitcoin-up-or-down-august-27-8am-et,DOWN,111234870655832851046306569564620313764956595816823469854808434172379633830354,1756193225,2025-08-26 07:27:05,0.5
bitcoin-up-or-down-august-27-8am-et,DOWN,111234870655832851046306569564620313764956595816823469854808434172379633830354,1756193282,2025-08-26 07:28:02,0.5
bitcoin-up-or-down-august-27-8am-et,DOWN,111234870655832851046306569564620313764956595816823469854808434172379633830354,1756193343,2025-08-26 07:29:03,0.5
bitcoin-up-or-down-august-27-8am-et,DOWN,111234870655832851046306569564620313764956595816823469854808434172379633830354,1756193404,2025-08-26 07:30:04,0.5
bitcoin-up-or-down-august-27-8am-et,DOWN,111234870655832851046306569564620313764956595816823469854808434172379633830354,1756193462,2025-08-26 07:31:02,0.5
bitcoin-up-or-down-august-27-8am-et,DOWN,111234870655832851046306569564620313764956595816823469854808434172379633830354,1756193523,2025-08-26 07:32:03,0.5
bitcoin-up-or-down-august-27-8am-et,DOWN,111234870655832851046306569564620313764956595816823469854808434172379633830354,1756193583,2025-08-26 07:33:03,0.5
bitcoin-up-or-down-august-27-8am-et,DOWN,111234870655832851046306569564620313764956595816823469854808434172379633830354,1756193643,2025-08-26 07:34:03,0.5
bitcoin-up-or-down-august-27-8am-et,DOWN,111234870655832851046306569564620313764956595816823469854808434172379633830354,1756193704,2025-08-26 07:35:04,0.5
bitcoin-up-or-down-august-27-8am-et,DOWN,111234870655832851046306569564620313764956595816823469854808434172379633830354,1756193762,2025-08-26 07:36:02,0.5
bitcoin-up-or-down-august-27-8am-et,DOWN,111234870655832851046306569564620313764956595816823469854808434172379633830354,1756193823,2025-08-26 07:37:03,0.5
bitcoin-up-or-down-august-27-8am-et,DOWN,111234870655832851046306569564620313764956595816823469854808434172379633830354,1756193884,2025-08-26 07:38:04,0.5
bitcoin-up-or-down-august-27-8am-et,DOWN,111234870655832851046306569564620313764956595816823469854808434172379633830354,1756193943,2025-08-26 07:39:03,0.5
bitcoin-up-or-down-august-27-8am-et,DOWN,111234870655832851046306569564620313764956595816823469854808434172379633830354,1756194004,2025-08-26 07:40:04,0.5
bitcoin-up-or-down-august-27-8am-et,DOWN,111234870655832851046306569564620313764956595816823469854808434172379633830354,1756194062,2025-08-26 07:41:02,0.5
bitcoin-up-or-down-august-27-8am-et,DOWN,111234870655832851046306569564620313764956595816823469854808434172379633830354,1756194122,2025-08-26 07:42:02,0.5
bitcoin-up-or-down-august-27-8am-et,DOWN,111234870655832851046306569564620313764956595816823469854808434172379633830354,1756194182,2025-08-26 07:43:02,0.5
bitcoin-up-or-down-august-27-8am-et,DOWN,111234870655832851046306569564620313764956595816823469854808434172379633830354,1756194243,2025-08-26 07:44:03,0.5
bitcoin-up-or-down-august-27-8am-et,DOWN,111234870655832851046306569564620313764956595816823469854808434172379633830354,1756194303,2025-08-26 07:45:03,0.5
bitcoin-up-or-down-august-27-8am-et,DOWN,111234870655832851046306569564620313764956595816823469854808434172379633830354,1756194363,2025-08-26 07:46:03,0.5
bitcoin-up-or-down-august-27-8am-et,DOWN,111234870655832851046306569564620313764956595816823469854808434172379633830354,1756194423,2025-08-26 07:47:03,0.5
bitcoin-up-or-down-august-27-8am-et,DOWN,111234870655832851046306569564620313764956595816823469854808434172379633830354,1756194483,2025-08-26 07:48:03,0.5
bitcoin-up-or-down-august-27-8am-et,DOWN,111234870655832851046306569564620313764956595816823469854808434172379633830354,1756194543,2025-08-26 07:49:03,0.5
bitcoin-up-or-down-august-27-8am-et,DOWN,111234870655832851046306569564620313764956595816823469854808434172379633830354,1756194604,2025-08-26 07:50:04,0.5
bitcoin-up-or-down-august-27-8am-et,DOWN,111234870655832851046306569564620313764956595816823469854808434172379633830354,1756194663,2025-08-26 07:51:03,0.5
bitcoin-up-or-down-august-27-8am-et,DOWN,111234870655832851046306569564620313764956595816823469854808434172379633830354,1756194725,2025-08-26 07:52:05,0.5
bitcoin-up-or-down-august-27-8am-et,DOWN,111234870655832851046306569564620313764956595816823469854808434172379633830354,1756194782,2025-08-26 07:53:02,0.5
bitcoin-up-or-down-august-27-8am-et,DOWN,111234870655832851046306569564620313764956595816823469854808434172379633830354,1756194843,2025-08-26 07:54:03,0.5
bitcoin-up-or-down-august-27-8am-et,DOWN,111234870655832851046306569564620313764956595816823469854808434172379633830354,1756194903,2025-08-26 07:55:03,0.5
bitcoin-up-or-down-august-27-8am-et,DOWN,111234870655832851046306569564620313764956595816823469854808434172379633830354,1756194962,2025-08-26 07:56:02,0.5
bitcoin-up-or-down-august-27-8am-et,DOWN,111234870655832851046306569564620313764956595816823469854808434172379633830354,1756195024,2025-08-26 07:57:04,0.5
bitcoin-up-or-down-august-27-8am-et,DOWN,111234870655832851046306569564620313764956595816823469854808434172379633830354,1756195083,2025-08-26 07:58:03,0.5
bitcoin-up-or-down-august-27-8am-et,DOWN,111234870655832851046306569564620313764956595816823469854808434172379633830354,1756195143,2025-08-26 07:59:03,0.5
bitcoin-up-or-down-august-27-8am-et,DOWN,111234870655832851046306569564620313764956595816823469854808434172379633830354,1756195203,2025-08-26 08:00:03,0.5
bitcoin-up-or-down-august-27-8am-et,DOWN,111234870655832851046306569564620313764956595816823469854808434172379633830354,1756195262,2025-08-26 08:01:02,0.5
bitcoin-up-or-down-august-27-8am-et,DOWN,111234870655832851046306569564620313764956595816823469854808434172379633830354,1756195322,2025-08-26 08:02:02,0.5
bitcoin-up-or-down-august-27-8am-et,DOWN,111234870655832851046306569564620313764956595816823469854808434172379633830354,1756195382,2025-08-26 08:03:02,0.5
bitcoin-up-or-down-august-27-8am-et,DOWN,111234870655832851046306569564620313764956595816823469854808434172379633830354,1756195443,2025-08-26 08:04:03,0.5
bitcoin-up-or-down-august-27-8am-et,DOWN,111234870655832851046306569564620313764956595816823469854808434172379633830354,1756195502,2025-08-26 08:05:02,0.5
bitcoin-up-or-down-august-27-8am-et,DOWN,111234870655832851046306569564620313764956595816823469854808434172379633830354,1756195564,2025-08-26 08:06:04,0.5
bitcoin-up-or-down-august-27-8am-et,DOWN,111234870655832851046306569564620313764956595816823469854808434172379633830354,1756195622,2025-08-26 08:07:02,0.5
bitcoin-up-or-down-august-27-8am-et,DOWN,111234870655832851046306569564620313764956595816823469854808434172379633830354,1756195703,2025-08-26 08:08:23,0.5
bitcoin-up-or-down-august-27-8am-et,DOWN,111234870655832851046306569564620313764956595816823469854808434172379633830354,1756195742,2025-08-26 08:09:02,0.5
bitcoin-up-or-down-august-27-8am-et,DOWN,111234870655832851046306569564620313764956595816823469854808434172379633830354,1756195804,2025-08-26 08:10:04,0.5
bitcoin-up-or-down-august-27-8am-et,DOWN,111234870655832851046306569564620313764956595816823469854808434172379633830354,1756195863,2025-08-26 08:11:03,0.5
bitcoin-up-or-down-august-27-8am-et,DOWN,111234870655832851046306569564620313764956595816823469854808434172379633830354,1756195922,2025-08-26 08:12:02,0.5
bitcoin-up-or-down-august-27-8am-et,DOWN,111234870655832851046306569564620313764956595816823469854808434172379633830354,1756195983,2025-08-26 08:13:03,0.5
bitcoin-up-or-down-august-27-8am-et,DOWN,111234870655832851046306569564620313764956595816823469854808434172379633830354,1756196043,2025-08-26 08:14:03,0.5
bitcoin-up-or-down-august-27-8am-et,DOWN,111234870655832851046306569564620313764956595816823469854808434172379633830354,1756196103,2025-08-26 08:15:03,0.5
bitcoin-up-or-down-august-27-8am-et,DOWN,111234870655832851046306569564620313764956595816823469854808434172379633830354,1756196163,2025-08-26 08:16:03,0.5
bitcoin-up-or-down-august-27-8am-et,DOWN,111234870655832851046306569564620313764956595816823469854808434172379633830354,1756196222,2025-08-26 08:17:02,0.5
bitcoin-up-or-down-august-27-8am-et,DOWN,111234870655832851046306569564620313764956595816823469854808434172379633830354,1756196283,2025-08-26 08:18:03,0.5
bitcoin-up-or-down-august-27-8am-et,DOWN,111234870655832851046306569564620313764956595816823469854808434172379633830354,1756196342,2025-08-26 08:19:02,0.5
bitcoin-up-or-down-august-27-8am-et,DOWN,111234870655832851046306569564620313764956595816823469854808434172379633830354,1756196403,2025-08-26 08:20:03,0.5
bitcoin-up-or-down-august-27-8am-et,DOWN,111234870655832851046306569564620313764956595816823469854808434172379633830354,1756196463,2025-08-26 08:21:03,0.5
bitcoin-up-or-down-august-27-8am-et,DOWN,111234870655832851046306569564620313764956595816823469854808434172379633830354,1756196523,2025-08-26 08:22:03,0.5
bitcoin-up-or-down-august-27-8am-et,DOWN,111234870655832851046306569564620313764956595816823469854808434172379633830354,1756196583,2025-08-26 08:23:03,0.5
bitcoin-up-or-down-august-27-8am-et,DOWN,111234870655832851046306569564620313764956595816823469854808434172379633830354,1756196642,2025-08-26 08:24:02,0.5
bitcoin-up-or-down-august-27-8am-et,DOWN,111234870655832851046306569564620313764956595816823469854808434172379633830354,1756196703,2025-08-26 08:25:03,0.5
bitcoin-up-or-down-august-27-8am-et,DOWN,111234870655832851046306569564620313764956595816823469854808434172379633830354,1756196762,2025-08-26 08:26:02,0.5
bitcoin-up-or-down-august-27-8am-et,DOWN,111234870655832851046306569564620313764956595816823469854808434172379633830354,1756196823,2025-08-26 08:27:03,0.5
bitcoin-up-or-down-august-27-8am-et,DOWN,111234870655832851046306569564620313764956595816823469854808434172379633830354,1756196883,2025-08-26 08:28:03,0.5
bitcoin-up-or-down-august-27-8am-et,DOWN,111234870655832851046306569564620313764956595816823469854808434172379633830354,1756196943,2025-08-26 08:29:03,0.5
bitcoin-up-or-down-august-27-8am-et,DOWN,111234870655832851046306569564620313764956595816823469854808434172379633830354,1756197006,2025-08-26 08:30:06,0.5
bitcoin-up-or-down-august-27-8am-et,DOWN,111234870655832851046306569564620313764956595816823469854808434172379633830354,1756197062,2025-08-26 08:31:02,0.5
bitcoin-up-or-down-august-27-8am-et,DOWN,111234870655832851046306569564620313764956595816823469854808434172379633830354,1756197122,2025-08-26 08:32:02,0.5
bitcoin-up-or-down-august-27-8am-et,DOWN,111234870655832851046306569564620313764956595816823469854808434172379633830354,1756197184,2025-08-26 08:33:04,0.5
bitcoin-up-or-down-august-27-8am-et,DOWN,111234870655832851046306569564620313764956595816823469854808434172379633830354,1756197242,2025-08-26 08:34:02,0.5
bitcoin-up-or-down-august-27-8am-et,DOWN,111234870655832851046306569564620313764956595816823469854808434172379633830354,1756197303,2025-08-26 08:35:03,0.5
bitcoin-up-or-down-august-27-8am-et,DOWN,111234870655832851046306569564620313764956595816823469854808434172379633830354,1756197362,2025-08-26 08:36:02,0.5
bitcoin-up-or-down-august-27-8am-et,DOWN,111234870655832851046306569564620313764956595816823469854808434172379633830354,1756197422,2025-08-26 08:37:02,0.5
bitcoin-up-or-down-august-27-8am-et,DOWN,111234870655832851046306569564620313764956595816823469854808434172379633830354,1756197482,2025-08-26 08:38:02,0.5
bitcoin-up-or-down-august-27-8am-et,DOWN,111234870655832851046306569564620313764956595816823469854808434172379633830354,1756197542,2025-08-26 08:39:02,0.5
bitcoin-up-or-down-august-27-8am-et,DOWN,111234870655832851046306569564620313764956595816823469854808434172379633830354,1756197602,2025-08-26 08:40:02,0.5
bitcoin-up-or-down-august-27-8am-et,DOWN,111234870655832851046306569564620313764956595816823469854808434172379633830354,1756197662,2025-08-26 08:41:02,0.5
bitcoin-up-or-down-august-27-8am-et,DOWN,111234870655832851046306569564620313764956595816823469854808434172379633830354,1756197723,2025-08-26 08:42:03,0.5
bitcoin-up-or-down-august-27-8am-et,DOWN,111234870655832851046306569564620313764956595816823469854808434172379633830354,1756197783,2025-08-26 08:43:03,0.5
bitcoin-up-or-down-august-27-8am-et,DOWN,111234870655832851046306569564620313764956595816823469854808434172379633830354,1756197842,2025-08-26 08:44:02,0.5
bitcoin-up-or-down-august-27-8am-et,DOWN,111234870655832851046306569564620313764956595816823469854808434172379633830354,1756197903,2025-08-26 08:45:03,0.5
bitcoin-up-or-down-august-27-8am-et,DOWN,111234870655832851046306569564620313764956595816823469854808434172379633830354,1756197963,2025-08-26 08:46:03,0.5
bitcoin-up-or-down-august-27-8am-et,DOWN,111234870655832851046306569564620313764956595816823469854808434172379633830354,1756198023,2025-08-26 08:47:03,0.5
bitcoin-up-or-down-august-27-8am-et,DOWN,111234870655832851046306569564620313764956595816823469854808434172379633830354,1756198082,2025-08-26 08:48:02,0.5
bitcoin-up-or-down-august-27-8am-et,DOWN,111234870655832851046306569564620313764956595816823469854808434172379633830354,1756198143,2025-08-26 08:49:03,0.5
bitcoin-up-or-down-august-27-8am-et,DOWN,111234870655832851046306569564620313764956595816823469854808434172379633830354,1756198202,2025-08-26 08:50:02,0.5
bitcoin-up-or-down-august-27-8am-et,DOWN,111234870655832851046306569564620313764956595816823469854808434172379633830354,1756198262,2025-08-26 08:51:02,0.5
bitcoin-up-or-down-august-27-8am-et,DOWN,111234870655832851046306569564620313764956595816823469854808434172379633830354,1756198323,2025-08-26 08:52:03,0.5
bitcoin-up-or-down-august-27-8am-et,DOWN,111234870655832851046306569564620313764956595816823469854808434172379633830354,1756198384,2025-08-26 08:53:04,0.5
bitcoin-up-or-down-august-27-8am-et,DOWN,111234870655832851046306569564620313764956595816823469854808434172379633830354,1756198443,2025-08-26 08:54:03,0.5
bitcoin-up-or-down-august-27-8am-et,DOWN,111234870655832851046306569564620313764956595816823469854808434172379633830354,1756198503,2025-08-26 08:55:03,0.5
bitcoin-up-or-down-august-27-8am-et,DOWN,111234870655832851046306569564620313764956595816823469854808434172379633830354,1756198562,2025-08-26 08:56:02,0.5
bitcoin-up-or-down-august-27-8am-et,DOWN,111234870655832851046306569564620313764956595816823469854808434172379633830354,1756198623,2025-08-26 08:57:03,0.5
bitcoin-up-or-down-august-27-8am-et,DOWN,111234870655832851046306569564620313764956595816823469854808434172379633830354,1756198683,2025-08-26 08:58:03,0.5
bitcoin-up-or-down-august-27-8am-et,DOWN,111234870655832851046306569564620313764956595816823469854808434172379633830354,1756198743,2025-08-26 08:59:03,0.5
bitcoin-up-or-down-august-27-8am-et,DOWN,111234870655832851046306569564620313764956595816823469854808434172379633830354,1756198814,2025-08-26 09:00:14,0.5
bitcoin-up-or-down-august-27-8am-et,DOWN,111234870655832851046306569564620313764956595816823469854808434172379633830354,1756198862,2025-08-26 09:01:02,0.5
bitcoin-up-or-down-august-27-8am-et,DOWN,111234870655832851046306569564620313764956595816823469854808434172379633830354,1756198922,2025-08-26 09:02:02,0.5
bitcoin-up-or-down-august-27-8am-et,DOWN,111234870655832851046306569564620313764956595816823469854808434172379633830354,1756198982,2025-08-26 09:03:02,0.5
bitcoin-up-or-down-august-27-8am-et,DOWN,111234870655832851046306569564620313764956595816823469854808434172379633830354,1756199043,2025-08-26 09:04:03,0.5
bitcoin-up-or-down-august-27-8am-et,DOWN,111234870655832851046306569564620313764956595816823469854808434172379633830354,1756199103,2025-08-26 09:05:03,0.5
bitcoin-up-or-down-august-27-8am-et,DOWN,111234870655832851046306569564620313764956595816823469854808434172379633830354,1756199163,2025-08-26 09:06:03,0.5
bitcoin-up-or-down-august-27-8am-et,DOWN,111234870655832851046306569564620313764956595816823469854808434172379633830354,1756199223,2025-08-26 09:07:03,0.5
bitcoin-up-or-down-august-27-8am-et,DOWN,111234870655832851046306569564620313764956595816823469854808434172379633830354,1756199283,2025-08-26 09:08:03,0.5
bitcoin-up-or-down-august-27-8am-et,DOWN,111234870655832851046306569564620313764956595816823469854808434172379633830354,1756199343,2025-08-26 09:09:03,0.5
bitcoin-up-or-down-august-27-8am-et,DOWN,111234870655832851046306569564620313764956595816823469854808434172379633830354,1756199404,2025-08-26 09:10:04,0.5
bitcoin-up-or-down-august-27-8am-et,DOWN,111234870655832851046306569564620313764956595816823469854808434172379633830354,1756199462,2025-08-26 09:11:02,0.5
bitcoin-up-or-down-august-27-8am-et,DOWN,111234870655832851046306569564620313764956595816823469854808434172379633830354,1756199522,2025-08-26 09:12:02,0.5
bitcoin-up-or-down-august-27-8am-et,DOWN,111234870655832851046306569564620313764956595816823469854808434172379633830354,1756199582,2025-08-26 09:13:02,0.5
bitcoin-up-or-down-august-27-8am-et,DOWN,111234870655832851046306569564620313764956595816823469854808434172379633830354,1756199643,2025-08-26 09:14:03,0.5
bitcoin-up-or-down-august-27-8am-et,DOWN,111234870655832851046306569564620313764956595816823469854808434172379633830354,1756199702,2025-08-26 09:15:02,0.5
bitcoin-up-or-down-august-27-8am-et,DOWN,111234870655832851046306569564620313764956595816823469854808434172379633830354,1756199763,2025-08-26 09:16:03,0.5
bitcoin-up-or-down-august-27-8am-et,DOWN,111234870655832851046306569564620313764956595816823469854808434172379633830354,1756199822,2025-08-26 09:17:02,0.5
bitcoin-up-or-down-august-27-8am-et,DOWN,111234870655832851046306569564620313764956595816823469854808434172379633830354,1756199883,2025-08-26 09:18:03,0.5
bitcoin-up-or-down-august-27-8am-et,DOWN,111234870655832851046306569564620313764956595816823469854808434172379633830354,1756199943,2025-08-26 09:19:03,0.5
bitcoin-up-or-down-august-27-8am-et,DOWN,111234870655832851046306569564620313764956595816823469854808434172379633830354,1756200004,2025-08-26 09:20:04,0.5
bitcoin-up-or-down-august-27-8am-et,DOWN,111234870655832851046306569564620313764956595816823469854808434172379633830354,1756200064,2025-08-26 09:21:04,0.5
bitcoin-up-or-down-august-27-8am-et,DOWN,111234870655832851046306569564620313764956595816823469854808434172379633830354,1756200122,2025-08-26 09:22:02,0.5
bitcoin-up-or-down-august-27-8am-et,DOWN,111234870655832851046306569564620313764956595816823469854808434172379633830354,1756200182,2025-08-26 09:23:02,0.5
bitcoin-up-or-down-august-27-8am-et,DOWN,111234870655832851046306569564620313764956595816823469854808434172379633830354,1756200242,2025-08-26 09:24:02,0.5
bitcoin-up-or-down-august-27-8am-et,DOWN,111234870655832851046306569564620313764956595816823469854808434172379633830354,1756200302,2025-08-26 09:25:02,0.5
bitcoin-up-or-down-august-27-8am-et,DOWN,111234870655832851046306569564620313764956595816823469854808434172379633830354,1756200368,2025-08-26 09:26:08,0.5
bitcoin-up-or-down-august-27-8am-et,DOWN,111234870655832851046306569564620313764956595816823469854808434172379633830354,1756200423,2025-08-26 09:27:03,0.5
bitcoin-up-or-down-august-27-8am-et,DOWN,111234870655832851046306569564620313764956595816823469854808434172379633830354,1756200483,2025-08-26 09:28:03,0.5
bitcoin-up-or-down-august-27-8am-et,DOWN,111234870655832851046306569564620313764956595816823469854808434172379633830354,1756200543,2025-08-26 09:29:03,0.5
bitcoin-up-or-down-august-27-8am-et,DOWN,111234870655832851046306569564620313764956595816823469854808434172379633830354,1756200605,2025-08-26 09:30:05,0.5
bitcoin-up-or-down-august-27-8am-et,DOWN,111234870655832851046306569564620313764956595816823469854808434172379633830354,1756200663,2025-08-26 09:31:03,0.5
bitcoin-up-or-down-august-27-8am-et,DOWN,111234870655832851046306569564620313764956595816823469854808434172379633830354,1756200723,2025-08-26 09:32:03,0.5
bitcoin-up-or-down-august-27-8am-et,DOWN,111234870655832851046306569564620313764956595816823469854808434172379633830354,1756200783,2025-08-26 09:33:03,0.5
bitcoin-up-or-down-august-27-8am-et,DOWN,111234870655832851046306569564620313764956595816823469854808434172379633830354,1756200843,2025-08-26 09:34:03,0.5
bitcoin-up-or-down-august-27-8am-et,DOWN,111234870655832851046306569564620313764956595816823469854808434172379633830354,1756200903,2025-08-26 09:35:03,0.5
bitcoin-up-or-down-august-27-8am-et,DOWN,111234870655832851046306569564620313764956595816823469854808434172379633830354,1756200963,2025-08-26 09:36:03,0.5
bitcoin-up-or-down-august-27-8am-et,DOWN,111234870655832851046306569564620313764956595816823469854808434172379633830354,1756201023,2025-08-26 09:37:03,0.5
bitcoin-up-or-down-august-27-8am-et,DOWN,111234870655832851046306569564620313764956595816823469854808434172379633830354,1756201083,2025-08-26 09:38:03,0.5
bitcoin-up-or-down-august-27-8am-et,DOWN,111234870655832851046306569564620313764956595816823469854808434172379633830354,1756201143,2025-08-26 09:39:03,0.5
bitcoin-up-or-down-august-27-8am-et,DOWN,111234870655832851046306569564620313764956595816823469854808434172379633830354,1756201203,2025-08-26 09:40:03,0.5
bitcoin-up-or-down-august-27-8am-et,DOWN,111234870655832851046306569564620313764956595816823469854808434172379633830354,1756201263,2025-08-26 09:41:03,0.5
bitcoin-up-or-down-august-27-8am-et,DOWN,111234870655832851046306569564620313764956595816823469854808434172379633830354,1756201324,2025-08-26 09:42:04,0.5
bitcoin-up-or-down-august-27-8am-et,DOWN,111234870655832851046306569564620313764956595816823469854808434172379633830354,1756201382,2025-08-26 09:43:02,0.5
bitcoin-up-or-down-august-27-8am-et,DOWN,111234870655832851046306569564620313764956595816823469854808434172379633830354,1756201443,2025-08-26 09:44:03,0.5
bitcoin-up-or-down-august-27-8am-et,DOWN,111234870655832851046306569564620313764956595816823469854808434172379633830354,1756201504,2025-08-26 09:45:04,0.5
bitcoin-up-or-down-august-27-8am-et,DOWN,111234870655832851046306569564620313764956595816823469854808434172379633830354,1756201562,2025-08-26 09:46:02,0.5
bitcoin-up-or-down-august-27-8am-et,DOWN,111234870655832851046306569564620313764956595816823469854808434172379633830354,1756201622,2025-08-26 09:47:02,0.5
bitcoin-up-or-down-august-27-8am-et,DOWN,111234870655832851046306569564620313764956595816823469854808434172379633830354,1756201683,2025-08-26 09:48:03,0.5
bitcoin-up-or-down-august-27-8am-et,DOWN,111234870655832851046306569564620313764956595816823469854808434172379633830354,1756201742,2025-08-26 09:49:02,0.5
bitcoin-up-or-down-august-27-8am-et,DOWN,111234870655832851046306569564620313764956595816823469854808434172379633830354,1756201803,2025-08-26 09:50:03,0.5
bitcoin-up-or-down-august-27-8am-et,DOWN,111234870655832851046306569564620313764956595816823469854808434172379633830354,1756201862,2025-08-26 09:51:02,0.5
bitcoin-up-or-down-august-27-8am-et,DOWN,111234870655832851046306569564620313764956595816823469854808434172379633830354,1756201926,2025-08-26 09:52:06,0.5
bitcoin-up-or-down-august-27-8am-et,DOWN,111234870655832851046306569564620313764956595816823469854808434172379633830354,1756201982,2025-08-26 09:53:02,0.5
bitcoin-up-or-down-august-27-8am-et,DOWN,111234870655832851046306569564620313764956595816823469854808434172379633830354,1756202042,2025-08-26 09:54:02,0.5
bitcoin-up-or-down-august-27-8am-et,DOWN,111234870655832851046306569564620313764956595816823469854808434172379633830354,1756202104,2025-08-26 09:55:04,0.5
bitcoin-up-or-down-august-27-8am-et,DOWN,111234870655832851046306569564620313764956595816823469854808434172379633830354,1756202163,2025-08-26 09:56:03,0.5
bitcoin-up-or-down-august-27-8am-et,DOWN,111234870655832851046306569564620313764956595816823469854808434172379633830354,1756202222,2025-08-26 09:57:02,0.5
bitcoin-up-or-down-august-27-8am-et,DOWN,111234870655832851046306569564620313764956595816823469854808434172379633830354,1756202282,2025-08-26 09:58:02,0.5
bitcoin-up-or-down-august-27-8am-et,DOWN,111234870655832851046306569564620313764956595816823469854808434172379633830354,1756202342,2025-08-26 09:59:02,0.5
bitcoin-up-or-down-august-27-8am-et,DOWN,111234870655832851046306569564620313764956595816823469854808434172379633830354,1756202403,2025-08-26 10:00:03,0.5
bitcoin-up-or-down-august-27-8am-et,DOWN,111234870655832851046306569564620313764956595816823469854808434172379633830354,1756202463,2025-08-26 10:01:03,0.5
bitcoin-up-or-down-august-27-8am-et,DOWN,111234870655832851046306569564620313764956595816823469854808434172379633830354,1756202523,2025-08-26 10:02:03,0.5
bitcoin-up-or-down-august-27-8am-et,DOWN,111234870655832851046306569564620313764956595816823469854808434172379633830354,1756202583,2025-08-26 10:03:03,0.5
bitcoin-up-or-down-august-27-8am-et,DOWN,111234870655832851046306569564620313764956595816823469854808434172379633830354,1756202642,2025-08-26 10:04:02,0.5
bitcoin-up-or-down-august-27-8am-et,DOWN,111234870655832851046306569564620313764956595816823469854808434172379633830354,1756202703,2025-08-26 10:05:03,0.5
bitcoin-up-or-down-august-27-8am-et,DOWN,111234870655832851046306569564620313764956595816823469854808434172379633830354,1756202762,2025-08-26 10:06:02,0.5
bitcoin-up-or-down-august-27-8am-et,DOWN,111234870655832851046306569564620313764956595816823469854808434172379633830354,1756202824,2025-08-26 10:07:04,0.5
bitcoin-up-or-down-august-27-8am-et,DOWN,111234870655832851046306569564620313764956595816823469854808434172379633830354,1756202882,2025-08-26 10:08:02,0.5
bitcoin-up-or-down-august-27-8am-et,DOWN,111234870655832851046306569564620313764956595816823469854808434172379633830354,1756202943,2025-08-26 10:09:03,0.5
bitcoin-up-or-down-august-27-8am-et,DOWN,111234870655832851046306569564620313764956595816823469854808434172379633830354,1756203004,2025-08-26 10:10:04,0.5
bitcoin-up-or-down-august-27-8am-et,DOWN,111234870655832851046306569564620313764956595816823469854808434172379633830354,1756203062,2025-08-26 10:11:02,0.5
bitcoin-up-or-down-august-27-8am-et,DOWN,111234870655832851046306569564620313764956595816823469854808434172379633830354,1756203124,2025-08-26 10:12:04,0.5
bitcoin-up-or-down-august-27-8am-et,DOWN,111234870655832851046306569564620313764956595816823469854808434172379633830354,1756203182,2025-08-26 10:13:02,0.5
bitcoin-up-or-down-august-27-8am-et,DOWN,111234870655832851046306569564620313764956595816823469854808434172379633830354,1756203242,2025-08-26 10:14:02,0.5
bitcoin-up-or-down-august-27-8am-et,DOWN,111234870655832851046306569564620313764956595816823469854808434172379633830354,1756203302,2025-08-26 10:15:02,0.5
bitcoin-up-or-down-august-27-8am-et,DOWN,111234870655832851046306569564620313764956595816823469854808434172379633830354,1756203363,2025-08-26 10:16:03,0.5
bitcoin-up-or-down-august-27-8am-et,DOWN,111234870655832851046306569564620313764956595816823469854808434172379633830354,1756203423,2025-08-26 10:17:03,0.5
bitcoin-up-or-down-august-27-8am-et,DOWN,111234870655832851046306569564620313764956595816823469854808434172379633830354,1756203490,2025-08-26 10:18:10,0.5
bitcoin-up-or-down-august-27-8am-et,DOWN,111234870655832851046306569564620313764956595816823469854808434172379633830354,1756203542,2025-08-26 10:19:02,0.5
bitcoin-up-or-down-august-27-8am-et,DOWN,111234870655832851046306569564620313764956595816823469854808434172379633830354,1756203605,2025-08-26 10:20:05,0.5
bitcoin-up-or-down-august-27-8am-et,DOWN,111234870655832851046306569564620313764956595816823469854808434172379633830354,1756203663,2025-08-26 10:21:03,0.5
bitcoin-up-or-down-august-27-8am-et,DOWN,111234870655832851046306569564620313764956595816823469854808434172379633830354,1756203723,2025-08-26 10:22:03,0.5
bitcoin-up-or-down-august-27-8am-et,DOWN,111234870655832851046306569564620313764956595816823469854808434172379633830354,1756203782,2025-08-26 10:23:02,0.5
bitcoin-up-or-down-august-27-8am-et,DOWN,111234870655832851046306569564620313764956595816823469854808434172379633830354,1756203843,2025-08-26 10:24:03,0.5
bitcoin-up-or-down-august-27-8am-et,DOWN,111234870655832851046306569564620313764956595816823469854808434172379633830354,1756203902,2025-08-26 10:25:02,0.5
bitcoin-up-or-down-august-27-8am-et,DOWN,111234870655832851046306569564620313764956595816823469854808434172379633830354,1756203962,2025-08-26 10:26:02,0.5
bitcoin-up-or-down-august-27-8am-et,DOWN,111234870655832851046306569564620313764956595816823469854808434172379633830354,1756204023,2025-08-26 10:27:03,0.5
bitcoin-up-or-down-august-27-8am-et,DOWN,111234870655832851046306569564620313764956595816823469854808434172379633830354,1756204082,2025-08-26 10:28:02,0.5
bitcoin-up-or-down-august-27-8am-et,DOWN,111234870655832851046306569564620313764956595816823469854808434172379633830354,1756204143,2025-08-26 10:29:03,0.5
bitcoin-up-or-down-august-27-8am-et,DOWN,111234870655832851046306569564620313764956595816823469854808434172379633830354,1756204204,2025-08-26 10:30:04,0.5
bitcoin-up-or-down-august-27-8am-et,DOWN,111234870655832851046306569564620313764956595816823469854808434172379633830354,1756204262,2025-08-26 10:31:02,0.5
bitcoin-up-or-down-august-27-8am-et,DOWN,111234870655832851046306569564620313764956595816823469854808434172379633830354,1756204322,2025-08-26 10:32:02,0.5
bitcoin-up-or-down-august-27-8am-et,DOWN,111234870655832851046306569564620313764956595816823469854808434172379633830354,1756204383,2025-08-26 10:33:03,0.5
bitcoin-up-or-down-august-27-8am-et,DOWN,111234870655832851046306569564620313764956595816823469854808434172379633830354,1756204443,2025-08-26 10:34:03,0.5
bitcoin-up-or-down-august-27-8am-et,DOWN,111234870655832851046306569564620313764956595816823469854808434172379633830354,1756204503,2025-08-26 10:35:03,0.5
bitcoin-up-or-down-august-27-8am-et,DOWN,111234870655832851046306569564620313764956595816823469854808434172379633830354,1756204563,2025-08-26 10:36:03,0.5
bitcoin-up-or-down-august-27-8am-et,DOWN,111234870655832851046306569564620313764956595816823469854808434172379633830354,1756204623,2025-08-26 10:37:03,0.5
bitcoin-up-or-down-august-27-8am-et,DOWN,111234870655832851046306569564620313764956595816823469854808434172379633830354,1756204683,2025-08-26 10:38:03,0.5
bitcoin-up-or-down-august-27-8am-et,DOWN,111234870655832851046306569564620313764956595816823469854808434172379633830354,1756204742,2025-08-26 10:39:02,0.5
bitcoin-up-or-down-august-27-8am-et,DOWN,111234870655832851046306569564620313764956595816823469854808434172379633830354,1756204803,2025-08-26 10:40:03,0.5
bitcoin-up-or-down-august-27-8am-et,DOWN,111234870655832851046306569564620313764956595816823469854808434172379633830354,1756204862,2025-08-26 10:41:02,0.5
bitcoin-up-or-down-august-27-8am-et,DOWN,111234870655832851046306569564620313764956595816823469854808434172379633830354,1756204922,2025-08-26 10:42:02,0.5
bitcoin-up-or-down-august-27-8am-et,DOWN,111234870655832851046306569564620313764956595816823469854808434172379633830354,1756204982,2025-08-26 10:43:02,0.5
bitcoin-up-or-down-august-27-8am-et,DOWN,111234870655832851046306569564620313764956595816823469854808434172379633830354,1756205043,2025-08-26 10:44:03,0.5
bitcoin-up-or-down-august-27-8am-et,DOWN,111234870655832851046306569564620313764956595816823469854808434172379633830354,1756205103,2025-08-26 10:45:03,0.5
bitcoin-up-or-down-august-27-8am-et,DOWN,111234870655832851046306569564620313764956595816823469854808434172379633830354,1756205163,2025-08-26 10:46:03,0.5
bitcoin-up-or-down-august-27-8am-et,DOWN,111234870655832851046306569564620313764956595816823469854808434172379633830354,1756205223,2025-08-26 10:47:03,0.5
bitcoin-up-or-down-august-27-8am-et,DOWN,111234870655832851046306569564620313764956595816823469854808434172379633830354,1756205282,2025-08-26 10:48:02,0.5
bitcoin-up-or-down-august-27-8am-et,DOWN,111234870655832851046306569564620313764956595816823469854808434172379633830354,1756205342,2025-08-26 10:49:02,0.5
bitcoin-up-or-down-august-27-8am-et,DOWN,111234870655832851046306569564620313764956595816823469854808434172379633830354,1756205403,2025-08-26 10:50:03,0.5
bitcoin-up-or-down-august-27-8am-et,DOWN,111234870655832851046306569564620313764956595816823469854808434172379633830354,1756205462,2025-08-26 10:51:02,0.5
bitcoin-up-or-down-august-27-8am-et,DOWN,111234870655832851046306569564620313764956595816823469854808434172379633830354,1756205523,2025-08-26 10:52:03,0.5
bitcoin-up-or-down-august-27-8am-et,DOWN,111234870655832851046306569564620313764956595816823469854808434172379633830354,1756205583,2025-08-26 10:53:03,0.5
bitcoin-up-or-down-august-27-8am-et,DOWN,111234870655832851046306569564620313764956595816823469854808434172379633830354,1756205643,2025-08-26 10:54:03,0.5
bitcoin-up-or-down-august-27-8am-et,DOWN,111234870655832851046306569564620313764956595816823469854808434172379633830354,1756205704,2025-08-26 10:55:04,0.5
bitcoin-up-or-down-august-27-8am-et,DOWN,111234870655832851046306569564620313764956595816823469854808434172379633830354,1756205763,2025-08-26 10:56:03,0.5
bitcoin-up-or-down-august-27-8am-et,DOWN,111234870655832851046306569564620313764956595816823469854808434172379633830354,1756205822,2025-08-26 10:57:02,0.5
bitcoin-up-or-down-august-27-8am-et,DOWN,111234870655832851046306569564620313764956595816823469854808434172379633830354,1756205883,2025-08-26 10:58:03,0.5
bitcoin-up-or-down-august-27-8am-et,DOWN,111234870655832851046306569564620313764956595816823469854808434172379633830354,1756205943,2025-08-26 10:59:03,0.5
bitcoin-up-or-down-august-27-8am-et,DOWN,111234870655832851046306569564620313764956595816823469854808434172379633830354,1756206006,2025-08-26 11:00:06,0.5
bitcoin-up-or-down-august-27-8am-et,DOWN,111234870655832851046306569564620313764956595816823469854808434172379633830354,1756206062,2025-08-26 11:01:02,0.5
bitcoin-up-or-down-august-27-8am-et,DOWN,111234870655832851046306569564620313764956595816823469854808434172379633830354,1756206123,2025-08-26 11:02:03,0.5
bitcoin-up-or-down-august-27-8am-et,DOWN,111234870655832851046306569564620313764956595816823469854808434172379633830354,1756206183,2025-08-26 11:03:03,0.5
bitcoin-up-or-down-august-27-8am-et,DOWN,111234870655832851046306569564620313764956595816823469854808434172379633830354,1756206243,2025-08-26 11:04:03,0.5
bitcoin-up-or-down-august-27-8am-et,DOWN,111234870655832851046306569564620313764956595816823469854808434172379633830354,1756206303,2025-08-26 11:05:03,0.5
bitcoin-up-or-down-august-27-8am-et,DOWN,111234870655832851046306569564620313764956595816823469854808434172379633830354,1756206362,2025-08-26 11:06:02,0.5
bitcoin-up-or-down-august-27-8am-et,DOWN,111234870655832851046306569564620313764956595816823469854808434172379633830354,1756206423,2025-08-26 11:07:03,0.5
bitcoin-up-or-down-august-27-8am-et,DOWN,111234870655832851046306569564620313764956595816823469854808434172379633830354,1756206482,2025-08-26 11:08:02,0.5
bitcoin-up-or-down-august-27-8am-et,DOWN,111234870655832851046306569564620313764956595816823469854808434172379633830354,1756206543,2025-08-26 11:09:03,0.5
bitcoin-up-or-down-august-27-8am-et,DOWN,111234870655832851046306569564620313764956595816823469854808434172379633830354,1756206603,2025-08-26 11:10:03,0.5
bitcoin-up-or-down-august-27-8am-et,DOWN,111234870655832851046306569564620313764956595816823469854808434172379633830354,1756206662,2025-08-26 11:11:02,0.5
bitcoin-up-or-down-august-27-8am-et,DOWN,111234870655832851046306569564620313764956595816823469854808434172379633830354,1756206722,2025-08-26 11:12:02,0.5
bitcoin-up-or-down-august-27-8am-et,DOWN,111234870655832851046306569564620313764956595816823469854808434172379633830354,1756206783,2025-08-26 11:13:03,0.5
bitcoin-up-or-down-august-27-8am-et,DOWN,111234870655832851046306569564620313764956595816823469854808434172379633830354,1756206842,2025-08-26 11:14:02,0.5
bitcoin-up-or-down-august-27-8am-et,DOWN,111234870655832851046306569564620313764956595816823469854808434172379633830354,1756206903,2025-08-26 11:15:03,0.5
bitcoin-up-or-down-august-27-8am-et,DOWN,111234870655832851046306569564620313764956595816823469854808434172379633830354,1756206963,2025-08-26 11:16:03,0.5
bitcoin-up-or-down-august-27-8am-et,DOWN,111234870655832851046306569564620313764956595816823469854808434172379633830354,1756207023,2025-08-26 11:17:03,0.5
bitcoin-up-or-down-august-27-8am-et,DOWN,111234870655832851046306569564620313764956595816823469854808434172379633830354,1756207082,2025-08-26 11:18:02,0.5
bitcoin-up-or-down-august-27-8am-et,DOWN,111234870655832851046306569564620313764956595816823469854808434172379633830354,1756207142,2025-08-26 11:19:02,0.5
bitcoin-up-or-down-august-27-8am-et,DOWN,111234870655832851046306569564620313764956595816823469854808434172379633830354,1756207202,2025-08-26 11:20:02,0.5
bitcoin-up-or-down-august-27-8am-et,DOWN,111234870655832851046306569564620313764956595816823469854808434172379633830354,1756207262,2025-08-26 11:21:02,0.5
bitcoin-up-or-down-august-27-8am-et,DOWN,111234870655832851046306569564620313764956595816823469854808434172379633830354,1756207323,2025-08-26 11:22:03,0.5
bitcoin-up-or-down-august-27-8am-et,DOWN,111234870655832851046306569564620313764956595816823469854808434172379633830354,1756207383,2025-08-26 11:23:03,0.5
bitcoin-up-or-down-august-27-8am-et,DOWN,111234870655832851046306569564620313764956595816823469854808434172379633830354,1756207443,2025-08-26 11:24:03,0.5
bitcoin-up-or-down-august-27-8am-et,DOWN,111234870655832851046306569564620313764956595816823469854808434172379633830354,1756207502,2025-08-26 11:25:02,0.5
bitcoin-up-or-down-august-27-8am-et,DOWN,111234870655832851046306569564620313764956595816823469854808434172379633830354,1756207572,2025-08-26 11:26:12,0.5
bitcoin-up-or-down-august-27-8am-et,DOWN,111234870655832851046306569564620313764956595816823469854808434172379633830354,1756207622,2025-08-26 11:27:02,0.5
bitcoin-up-or-down-august-27-8am-et,DOWN,111234870655832851046306569564620313764956595816823469854808434172379633830354,1756207683,2025-08-26 11:28:03,0.5
bitcoin-up-or-down-august-27-8am-et,DOWN,111234870655832851046306569564620313764956595816823469854808434172379633830354,1756207744,2025-08-26 11:29:04,0.5
bitcoin-up-or-down-august-27-8am-et,DOWN,111234870655832851046306569564620313764956595816823469854808434172379633830354,1756207806,2025-08-26 11:30:06,0.5
bitcoin-up-or-down-august-27-8am-et,DOWN,111234870655832851046306569564620313764956595816823469854808434172379633830354,1756207862,2025-08-26 11:31:02,0.5
bitcoin-up-or-down-august-27-8am-et,DOWN,111234870655832851046306569564620313764956595816823469854808434172379633830354,1756207923,2025-08-26 11:32:03,0.5
bitcoin-up-or-down-august-27-8am-et,DOWN,111234870655832851046306569564620313764956595816823469854808434172379633830354,1756207983,2025-08-26 11:33:03,0.5
bitcoin-up-or-down-august-27-8am-et,DOWN,111234870655832851046306569564620313764956595816823469854808434172379633830354,1756208042,2025-08-26 11:34:02,0.5
bitcoin-up-or-down-august-27-8am-et,DOWN,111234870655832851046306569564620313764956595816823469854808434172379633830354,1756208104,2025-08-26 11:35:04,0.5
bitcoin-up-or-down-august-27-8am-et,DOWN,111234870655832851046306569564620313764956595816823469854808434172379633830354,1756208163,2025-08-26 11:36:03,0.5
bitcoin-up-or-down-august-27-8am-et,DOWN,111234870655832851046306569564620313764956595816823469854808434172379633830354,1756208222,2025-08-26 11:37:02,0.5
bitcoin-up-or-down-august-27-8am-et,DOWN,111234870655832851046306569564620313764956595816823469854808434172379633830354,1756208283,2025-08-26 11:38:03,0.5
bitcoin-up-or-down-august-27-8am-et,DOWN,111234870655832851046306569564620313764956595816823469854808434172379633830354,1756208343,2025-08-26 11:39:03,0.5
bitcoin-up-or-down-august-27-8am-et,DOWN,111234870655832851046306569564620313764956595816823469854808434172379633830354,1756208404,2025-08-26 11:40:04,0.5
bitcoin-up-or-down-august-27-8am-et,DOWN,111234870655832851046306569564620313764956595816823469854808434172379633830354,1756208463,2025-08-26 11:41:03,0.5
bitcoin-up-or-down-august-27-8am-et,DOWN,111234870655832851046306569564620313764956595816823469854808434172379633830354,1756208523,2025-08-26 11:42:03,0.5
bitcoin-up-or-down-august-27-8am-et,DOWN,111234870655832851046306569564620313764956595816823469854808434172379633830354,1756208582,2025-08-26 11:43:02,0.5
bitcoin-up-or-down-august-27-8am-et,DOWN,111234870655832851046306569564620313764956595816823469854808434172379633830354,1756208644,2025-08-26 11:44:04,0.5
bitcoin-up-or-down-august-27-8am-et,DOWN,111234870655832851046306569564620313764956595816823469854808434172379633830354,1756208703,2025-08-26 11:45:03,0.5
bitcoin-up-or-down-august-27-8am-et,DOWN,111234870655832851046306569564620313764956595816823469854808434172379633830354,1756208764,2025-08-26 11:46:04,0.5
bitcoin-up-or-down-august-27-8am-et,DOWN,111234870655832851046306569564620313764956595816823469854808434172379633830354,1756208822,2025-08-26 11:47:02,0.5
bitcoin-up-or-down-august-27-8am-et,DOWN,111234870655832851046306569564620313764956595816823469854808434172379633830354,1756208883,2025-08-26 11:48:03,0.5
bitcoin-up-or-down-august-27-8am-et,DOWN,111234870655832851046306569564620313764956595816823469854808434172379633830354,1756208943,2025-08-26 11:49:03,0.5
bitcoin-up-or-down-august-27-8am-et,DOWN,111234870655832851046306569564620313764956595816823469854808434172379633830354,1756209003,2025-08-26 11:50:03,0.5
bitcoin-up-or-down-august-27-8am-et,DOWN,111234870655832851046306569564620313764956595816823469854808434172379633830354,1756209062,2025-08-26 11:51:02,0.5
bitcoin-up-or-down-august-27-8am-et,DOWN,111234870655832851046306569564620313764956595816823469854808434172379633830354,1756209131,2025-08-26 11:52:11,0.5
bitcoin-up-or-down-august-27-8am-et,DOWN,111234870655832851046306569564620313764956595816823469854808434172379633830354,1756209183,2025-08-26 11:53:03,0.5
bitcoin-up-or-down-august-27-8am-et,DOWN,111234870655832851046306569564620313764956595816823469854808434172379633830354,1756209244,2025-08-26 11:54:04,0.5
bitcoin-up-or-down-august-27-8am-et,DOWN,111234870655832851046306569564620313764956595816823469854808434172379633830354,1756209302,2025-08-26 11:55:02,0.5
bitcoin-up-or-down-august-27-8am-et,DOWN,111234870655832851046306569564620313764956595816823469854808434172379633830354,1756209362,2025-08-26 11:56:02,0.5
bitcoin-up-or-down-august-27-8am-et,DOWN,111234870655832851046306569564620313764956595816823469854808434172379633830354,1756209422,2025-08-26 11:57:02,0.5
bitcoin-up-or-down-august-27-8am-et,DOWN,111234870655832851046306569564620313764956595816823469854808434172379633830354,1756209483,2025-08-26 11:58:03,0.5
bitcoin-up-or-down-august-27-8am-et,DOWN,111234870655832851046306569564620313764956595816823469854808434172379633830354,1756209543,2025-08-26 11:59:03,0.5
bitcoin-up-or-down-august-27-8am-et,DOWN,111234870655832851046306569564620313764956595816823469854808434172379633830354,1756209603,2025-08-26 12:00:03,0.5
bitcoin-up-or-down-august-27-8am-et,DOWN,111234870655832851046306569564620313764956595816823469854808434172379633830354,1756209664,2025-08-26 12:01:04,0.5
bitcoin-up-or-down-august-27-8am-et,DOWN,111234870655832851046306569564620313764956595816823469854808434172379633830354,1756209722,2025-08-26 12:02:02,0.5
bitcoin-up-or-down-august-27-8am-et,DOWN,111234870655832851046306569564620313764956595816823469854808434172379633830354,1756209783,2025-08-26 12:03:03,0.5
bitcoin-up-or-down-august-27-8am-et,DOWN,111234870655832851046306569564620313764956595816823469854808434172379633830354,1756209843,2025-08-26 12:04:03,0.5
bitcoin-up-or-down-august-27-8am-et,DOWN,111234870655832851046306569564620313764956595816823469854808434172379633830354,1756209904,2025-08-26 12:05:04,0.5
bitcoin-up-or-down-august-27-8am-et,DOWN,111234870655832851046306569564620313764956595816823469854808434172379633830354,1756209962,2025-08-26 12:06:02,0.5
bitcoin-up-or-down-august-27-8am-et,DOWN,111234870655832851046306569564620313764956595816823469854808434172379633830354,1756210023,2025-08-26 12:07:03,0.5
bitcoin-up-or-down-august-27-8am-et,DOWN,111234870655832851046306569564620313764956595816823469854808434172379633830354,1756210084,2025-08-26 12:08:04,0.5
bitcoin-up-or-down-august-27-8am-et,DOWN,111234870655832851046306569564620313764956595816823469854808434172379633830354,1756210143,2025-08-26 12:09:03,0.5
bitcoin-up-or-down-august-27-8am-et,DOWN,111234870655832851046306569564620313764956595816823469854808434172379633830354,1756210204,2025-08-26 12:10:04,0.5
bitcoin-up-or-down-august-27-8am-et,DOWN,111234870655832851046306569564620313764956595816823469854808434172379633830354,1756210264,2025-08-26 12:11:04,0.5
bitcoin-up-or-down-august-27-8am-et,DOWN,111234870655832851046306569564620313764956595816823469854808434172379633830354,1756210323,2025-08-26 12:12:03,0.5
bitcoin-up-or-down-august-27-8am-et,DOWN,111234870655832851046306569564620313764956595816823469854808434172379633830354,1756210382,2025-08-26 12:13:02,0.5
bitcoin-up-or-down-august-27-8am-et,DOWN,111234870655832851046306569564620313764956595816823469854808434172379633830354,1756210443,2025-08-26 12:14:03,0.5
bitcoin-up-or-down-august-27-8am-et,DOWN,111234870655832851046306569564620313764956595816823469854808434172379633830354,1756210504,2025-08-26 12:15:04,0.5
bitcoin-up-or-down-august-27-8am-et,DOWN,111234870655832851046306569564620313764956595816823469854808434172379633830354,1756210563,2025-08-26 12:16:03,0.5
bitcoin-up-or-down-august-27-8am-et,DOWN,111234870655832851046306569564620313764956595816823469854808434172379633830354,1756210622,2025-08-26 12:17:02,0.5
bitcoin-up-or-down-august-27-8am-et,DOWN,111234870655832851046306569564620313764956595816823469854808434172379633830354,1756210682,2025-08-26 12:18:02,0.5
bitcoin-up-or-down-august-27-8am-et,DOWN,111234870655832851046306569564620313764956595816823469854808434172379633830354,1756210742,2025-08-26 12:19:02,0.5
bitcoin-up-or-down-august-27-8am-et,DOWN,111234870655832851046306569564620313764956595816823469854808434172379633830354,1756210804,2025-08-26 12:20:04,0.5
bitcoin-up-or-down-august-27-8am-et,DOWN,111234870655832851046306569564620313764956595816823469854808434172379633830354,1756210862,2025-08-26 12:21:02,0.5
bitcoin-up-or-down-august-27-8am-et,DOWN,111234870655832851046306569564620313764956595816823469854808434172379633830354,1756210922,2025-08-26 12:22:02,0.5
bitcoin-up-or-down-august-27-8am-et,DOWN,111234870655832851046306569564620313764956595816823469854808434172379633830354,1756210982,2025-08-26 12:23:02,0.5
bitcoin-up-or-down-august-27-8am-et,DOWN,111234870655832851046306569564620313764956595816823469854808434172379633830354,1756211042,2025-08-26 12:24:02,0.5
bitcoin-up-or-down-august-27-8am-et,DOWN,111234870655832851046306569564620313764956595816823469854808434172379633830354,1756211102,2025-08-26 12:25:02,0.5
bitcoin-up-or-down-august-27-8am-et,DOWN,111234870655832851046306569564620313764956595816823469854808434172379633830354,1756211166,2025-08-26 12:26:06,0.5
bitcoin-up-or-down-august-27-8am-et,DOWN,111234870655832851046306569564620313764956595816823469854808434172379633830354,1756211224,2025-08-26 12:27:04,0.5
bitcoin-up-or-down-august-27-8am-et,DOWN,111234870655832851046306569564620313764956595816823469854808434172379633830354,1756211282,2025-08-26 12:28:02,0.5
bitcoin-up-or-down-august-27-8am-et,DOWN,111234870655832851046306569564620313764956595816823469854808434172379633830354,1756211342,2025-08-26 12:29:02,0.5
bitcoin-up-or-down-august-27-8am-et,DOWN,111234870655832851046306569564620313764956595816823469854808434172379633830354,1756211403,2025-08-26 12:30:03,0.5
bitcoin-up-or-down-august-27-8am-et,DOWN,111234870655832851046306569564620313764956595816823469854808434172379633830354,1756211462,2025-08-26 12:31:02,0.5
bitcoin-up-or-down-august-27-8am-et,DOWN,111234870655832851046306569564620313764956595816823469854808434172379633830354,1756211524,2025-08-26 12:32:04,0.5
bitcoin-up-or-down-august-27-8am-et,DOWN,111234870655832851046306569564620313764956595816823469854808434172379633830354,1756211584,2025-08-26 12:33:04,0.5
bitcoin-up-or-down-august-27-8am-et,DOWN,111234870655832851046306569564620313764956595816823469854808434172379633830354,1756211642,2025-08-26 12:34:02,0.5
bitcoin-up-or-down-august-27-8am-et,DOWN,111234870655832851046306569564620313764956595816823469854808434172379633830354,1756211703,2025-08-26 12:35:03,0.5
bitcoin-up-or-down-august-27-8am-et,DOWN,111234870655832851046306569564620313764956595816823469854808434172379633830354,1756211762,2025-08-26 12:36:02,0.5
bitcoin-up-or-down-august-27-8am-et,DOWN,111234870655832851046306569564620313764956595816823469854808434172379633830354,1756211822,2025-08-26 12:37:02,0.5
bitcoin-up-or-down-august-27-8am-et,DOWN,111234870655832851046306569564620313764956595816823469854808434172379633830354,1756211883,2025-08-26 12:38:03,0.5
bitcoin-up-or-down-august-27-8am-et,DOWN,111234870655832851046306569564620313764956595816823469854808434172379633830354,1756211943,2025-08-26 12:39:03,0.5
bitcoin-up-or-down-august-27-8am-et,DOWN,111234870655832851046306569564620313764956595816823469854808434172379633830354,1756212003,2025-08-26 12:40:03,0.5
bitcoin-up-or-down-august-27-8am-et,DOWN,111234870655832851046306569564620313764956595816823469854808434172379633830354,1756212063,2025-08-26 12:41:03,0.5
bitcoin-up-or-down-august-27-8am-et,DOWN,111234870655832851046306569564620313764956595816823469854808434172379633830354,1756212123,2025-08-26 12:42:03,0.5
bitcoin-up-or-down-august-27-8am-et,DOWN,111234870655832851046306569564620313764956595816823469854808434172379633830354,1756212183,2025-08-26 12:43:03,0.5
bitcoin-up-or-down-august-27-8am-et,DOWN,111234870655832851046306569564620313764956595816823469854808434172379633830354,1756212243,2025-08-26 12:44:03,0.5
bitcoin-up-or-down-august-27-8am-et,DOWN,111234870655832851046306569564620313764956595816823469854808434172379633830354,1756212304,2025-08-26 12:45:04,0.5
bitcoin-up-or-down-august-27-8am-et,DOWN,111234870655832851046306569564620313764956595816823469854808434172379633830354,1756212363,2025-08-26 12:46:03,0.5
bitcoin-up-or-down-august-27-8am-et,DOWN,111234870655832851046306569564620313764956595816823469854808434172379633830354,1756212422,2025-08-26 12:47:02,0.5
bitcoin-up-or-down-august-27-8am-et,DOWN,111234870655832851046306569564620313764956595816823469854808434172379633830354,1756212483,2025-08-26 12:48:03,0.5
bitcoin-up-or-down-august-27-8am-et,DOWN,111234870655832851046306569564620313764956595816823469854808434172379633830354,1756212543,2025-08-26 12:49:03,0.5
bitcoin-up-or-down-august-27-8am-et,DOWN,111234870655832851046306569564620313764956595816823469854808434172379633830354,1756212603,2025-08-26 12:50:03,0.5
bitcoin-up-or-down-august-27-8am-et,DOWN,111234870655832851046306569564620313764956595816823469854808434172379633830354,1756212663,2025-08-26 12:51:03,0.5
bitcoin-up-or-down-august-27-8am-et,DOWN,111234870655832851046306569564620313764956595816823469854808434172379633830354,1756212729,2025-08-26 12:52:09,0.5
bitcoin-up-or-down-august-27-8am-et,DOWN,111234870655832851046306569564620313764956595816823469854808434172379633830354,1756212784,2025-08-26 12:53:04,0.5
bitcoin-up-or-down-august-27-8am-et,DOWN,111234870655832851046306569564620313764956595816823469854808434172379633830354,1756212843,2025-08-26 12:54:03,0.5
bitcoin-up-or-down-august-27-8am-et,DOWN,111234870655832851046306569564620313764956595816823469854808434172379633830354,1756212905,2025-08-26 12:55:05,0.5
bitcoin-up-or-down-august-27-8am-et,DOWN,111234870655832851046306569564620313764956595816823469854808434172379633830354,1756212963,2025-08-26 12:56:03,0.5
bitcoin-up-or-down-august-27-8am-et,DOWN,111234870655832851046306569564620313764956595816823469854808434172379633830354,1756213022,2025-08-26 12:57:02,0.5
bitcoin-up-or-down-august-27-8am-et,DOWN,111234870655832851046306569564620313764956595816823469854808434172379633830354,1756213083,2025-08-26 12:58:03,0.5
bitcoin-up-or-down-august-27-8am-et,DOWN,111234870655832851046306569564620313764956595816823469854808434172379633830354,1756213142,2025-08-26 12:59:02,0.5
bitcoin-up-or-down-august-27-8am-et,DOWN,111234870655832851046306569564620313764956595816823469854808434172379633830354,1756213205,2025-08-26 13:00:05,0.5
bitcoin-up-or-down-august-27-8am-et,DOWN,111234870655832851046306569564620313764956595816823469854808434172379633830354,1756213262,2025-08-26 13:01:02,0.5
bitcoin-up-or-down-august-27-8am-et,DOWN,111234870655832851046306569564620313764956595816823469854808434172379633830354,1756213322,2025-08-26 13:02:02,0.5
bitcoin-up-or-down-august-27-8am-et,DOWN,111234870655832851046306569564620313764956595816823469854808434172379633830354,1756213382,2025-08-26 13:03:02,0.5
bitcoin-up-or-down-august-27-8am-et,DOWN,111234870655832851046306569564620313764956595816823469854808434172379633830354,1756213442,2025-08-26 13:04:02,0.5
bitcoin-up-or-down-august-27-8am-et,DOWN,111234870655832851046306569564620313764956595816823469854808434172379633830354,1756213504,2025-08-26 13:05:04,0.5
bitcoin-up-or-down-august-27-8am-et,DOWN,111234870655832851046306569564620313764956595816823469854808434172379633830354,1756213563,2025-08-26 13:06:03,0.5
bitcoin-up-or-down-august-27-8am-et,DOWN,111234870655832851046306569564620313764956595816823469854808434172379633830354,1756213623,2025-08-26 13:07:03,0.5
bitcoin-up-or-down-august-27-8am-et,DOWN,111234870655832851046306569564620313764956595816823469854808434172379633830354,1756213683,2025-08-26 13:08:03,0.5
bitcoin-up-or-down-august-27-8am-et,DOWN,111234870655832851046306569564620313764956595816823469854808434172379633830354,1756213743,2025-08-26 13:09:03,0.5
bitcoin-up-or-down-august-27-8am-et,DOWN,111234870655832851046306569564620313764956595816823469854808434172379633830354,1756213803,2025-08-26 13:10:03,0.5
bitcoin-up-or-down-august-27-8am-et,DOWN,111234870655832851046306569564620313764956595816823469854808434172379633830354,1756213862,2025-08-26 13:11:02,0.5
bitcoin-up-or-down-august-27-8am-et,DOWN,111234870655832851046306569564620313764956595816823469854808434172379633830354,1756213922,2025-08-26 13:12:02,0.5
bitcoin-up-or-down-august-27-8am-et,DOWN,111234870655832851046306569564620313764956595816823469854808434172379633830354,1756213983,2025-08-26 13:13:03,0.5
bitcoin-up-or-down-august-27-8am-et,DOWN,111234870655832851046306569564620313764956595816823469854808434172379633830354,1756214042,2025-08-26 13:14:02,0.5
bitcoin-up-or-down-august-27-8am-et,DOWN,111234870655832851046306569564620313764956595816823469854808434172379633830354,1756214104,2025-08-26 13:15:04,0.5
bitcoin-up-or-down-august-27-8am-et,DOWN,111234870655832851046306569564620313764956595816823469854808434172379633830354,1756214162,2025-08-26 13:16:02,0.5
bitcoin-up-or-down-august-27-8am-et,DOWN,111234870655832851046306569564620313764956595816823469854808434172379633830354,1756214222,2025-08-26 13:17:02,0.5
bitcoin-up-or-down-august-27-8am-et,DOWN,111234870655832851046306569564620313764956595816823469854808434172379633830354,1756214284,2025-08-26 13:18:04,0.5
bitcoin-up-or-down-august-27-8am-et,DOWN,111234870655832851046306569564620313764956595816823469854808434172379633830354,1756214342,2025-08-26 13:19:02,0.5
bitcoin-up-or-down-august-27-8am-et,DOWN,111234870655832851046306569564620313764956595816823469854808434172379633830354,1756214403,2025-08-26 13:20:03,0.5
bitcoin-up-or-down-august-27-8am-et,DOWN,111234870655832851046306569564620313764956595816823469854808434172379633830354,1756214463,2025-08-26 13:21:03,0.5
bitcoin-up-or-down-august-27-8am-et,DOWN,111234870655832851046306569564620313764956595816823469854808434172379633830354,1756214523,2025-08-26 13:22:03,0.5
bitcoin-up-or-down-august-27-8am-et,DOWN,111234870655832851046306569564620313764956595816823469854808434172379633830354,1756214583,2025-08-26 13:23:03,0.5
bitcoin-up-or-down-august-27-8am-et,DOWN,111234870655832851046306569564620313764956595816823469854808434172379633830354,1756214643,2025-08-26 13:24:03,0.5
bitcoin-up-or-down-august-27-8am-et,DOWN,111234870655832851046306569564620313764956595816823469854808434172379633830354,1756214704,2025-08-26 13:25:04,0.5
bitcoin-up-or-down-august-27-8am-et,DOWN,111234870655832851046306569564620313764956595816823469854808434172379633830354,1756214764,2025-08-26 13:26:04,0.5
bitcoin-up-or-down-august-27-8am-et,DOWN,111234870655832851046306569564620313764956595816823469854808434172379633830354,1756214822,2025-08-26 13:27:02,0.5
bitcoin-up-or-down-august-27-8am-et,DOWN,111234870655832851046306569564620313764956595816823469854808434172379633830354,1756214883,2025-08-26 13:28:03,0.5
bitcoin-up-or-down-august-27-8am-et,DOWN,111234870655832851046306569564620313764956595816823469854808434172379633830354,1756214943,2025-08-26 13:29:03,0.5
bitcoin-up-or-down-august-27-8am-et,DOWN,111234870655832851046306569564620313764956595816823469854808434172379633830354,1756215005,2025-08-26 13:30:05,0.5
bitcoin-up-or-down-august-27-8am-et,DOWN,111234870655832851046306569564620313764956595816823469854808434172379633830354,1756215062,2025-08-26 13:31:02,0.5
bitcoin-up-or-down-august-27-8am-et,DOWN,111234870655832851046306569564620313764956595816823469854808434172379633830354,1756215122,2025-08-26 13:32:02,0.5
bitcoin-up-or-down-august-27-8am-et,DOWN,111234870655832851046306569564620313764956595816823469854808434172379633830354,1756215182,2025-08-26 13:33:02,0.5
bitcoin-up-or-down-august-27-8am-et,DOWN,111234870655832851046306569564620313764956595816823469854808434172379633830354,1756215243,2025-08-26 13:34:03,0.5
bitcoin-up-or-down-august-27-8am-et,DOWN,111234870655832851046306569564620313764956595816823469854808434172379633830354,1756215302,2025-08-26 13:35:02,0.5
bitcoin-up-or-down-august-27-8am-et,DOWN,111234870655832851046306569564620313764956595816823469854808434172379633830354,1756215363,2025-08-26 13:36:03,0.5
bitcoin-up-or-down-august-27-8am-et,DOWN,111234870655832851046306569564620313764956595816823469854808434172379633830354,1756215422,2025-08-26 13:37:02,0.5
bitcoin-up-or-down-august-27-8am-et,DOWN,111234870655832851046306569564620313764956595816823469854808434172379633830354,1756215483,2025-08-26 13:38:03,0.5
bitcoin-up-or-down-august-27-8am-et,DOWN,111234870655832851046306569564620313764956595816823469854808434172379633830354,1756215543,2025-08-26 13:39:03,0.5
bitcoin-up-or-down-august-27-8am-et,DOWN,111234870655832851046306569564620313764956595816823469854808434172379633830354,1756215604,2025-08-26 13:40:04,0.5
bitcoin-up-or-down-august-27-8am-et,DOWN,111234870655832851046306569564620313764956595816823469854808434172379633830354,1756215662,2025-08-26 13:41:02,0.5
bitcoin-up-or-down-august-27-8am-et,DOWN,111234870655832851046306569564620313764956595816823469854808434172379633830354,1756215722,2025-08-26 13:42:02,0.5
bitcoin-up-or-down-august-27-8am-et,DOWN,111234870655832851046306569564620313764956595816823469854808434172379633830354,1756215783,2025-08-26 13:43:03,0.5
bitcoin-up-or-down-august-27-8am-et,DOWN,111234870655832851046306569564620313764956595816823469854808434172379633830354,1756215842,2025-08-26 13:44:02,0.5
bitcoin-up-or-down-august-27-8am-et,DOWN,111234870655832851046306569564620313764956595816823469854808434172379633830354,1756215904,2025-08-26 13:45:04,0.5
bitcoin-up-or-down-august-27-8am-et,DOWN,111234870655832851046306569564620313764956595816823469854808434172379633830354,1756215962,2025-08-26 13:46:02,0.5
bitcoin-up-or-down-august-27-8am-et,DOWN,111234870655832851046306569564620313764956595816823469854808434172379633830354,1756216023,2025-08-26 13:47:03,0.5
bitcoin-up-or-down-august-27-8am-et,DOWN,111234870655832851046306569564620313764956595816823469854808434172379633830354,1756216082,2025-08-26 13:48:02,0.5
bitcoin-up-or-down-august-27-8am-et,DOWN,111234870655832851046306569564620313764956595816823469854808434172379633830354,1756216143,2025-08-26 13:49:03,0.5
bitcoin-up-or-down-august-27-8am-et,DOWN,111234870655832851046306569564620313764956595816823469854808434172379633830354,1756216202,2025-08-26 13:50:02,0.5
bitcoin-up-or-down-august-27-8am-et,DOWN,111234870655832851046306569564620313764956595816823469854808434172379633830354,1756216262,2025-08-26 13:51:02,0.5
bitcoin-up-or-down-august-27-8am-et,DOWN,111234870655832851046306569564620313764956595816823469854808434172379633830354,1756216322,2025-08-26 13:52:02,0.5
bitcoin-up-or-down-august-27-8am-et,DOWN,111234870655832851046306569564620313764956595816823469854808434172379633830354,1756216383,2025-08-26 13:53:03,0.5
bitcoin-up-or-down-august-27-8am-et,DOWN,111234870655832851046306569564620313764956595816823469854808434172379633830354,1756216442,2025-08-26 13:54:02,0.5
bitcoin-up-or-down-august-27-8am-et,DOWN,111234870655832851046306569564620313764956595816823469854808434172379633830354,1756216503,2025-08-26 13:55:03,0.5
bitcoin-up-or-down-august-27-8am-et,DOWN,111234870655832851046306569564620313764956595816823469854808434172379633830354,1756216562,2025-08-26 13:56:02,0.5
bitcoin-up-or-down-august-27-8am-et,DOWN,111234870655832851046306569564620313764956595816823469854808434172379633830354,1756216623,2025-08-26 13:57:03,0.5
bitcoin-up-or-down-august-27-8am-et,DOWN,111234870655832851046306569564620313764956595816823469854808434172379633830354,1756216682,2025-08-26 13:58:02,0.5
bitcoin-up-or-down-august-27-8am-et,DOWN,111234870655832851046306569564620313764956595816823469854808434172379633830354,1756216743,2025-08-26 13:59:03,0.5
bitcoin-up-or-down-august-27-8am-et,DOWN,111234870655832851046306569564620313764956595816823469854808434172379633830354,1756216813,2025-08-26 14:00:13,0.5
bitcoin-up-or-down-august-27-8am-et,DOWN,111234870655832851046306569564620313764956595816823469854808434172379633830354,1756216863,2025-08-26 14:01:03,0.5
bitcoin-up-or-down-august-27-8am-et,DOWN,111234870655832851046306569564620313764956595816823469854808434172379633830354,1756216922,2025-08-26 14:02:02,0.5
bitcoin-up-or-down-august-27-8am-et,DOWN,111234870655832851046306569564620313764956595816823469854808434172379633830354,1756216983,2025-08-26 14:03:03,0.5
bitcoin-up-or-down-august-27-8am-et,DOWN,111234870655832851046306569564620313764956595816823469854808434172379633830354,1756217042,2025-08-26 14:04:02,0.5
bitcoin-up-or-down-august-27-8am-et,DOWN,111234870655832851046306569564620313764956595816823469854808434172379633830354,1756217102,2025-08-26 14:05:02,0.5
bitcoin-up-or-down-august-27-8am-et,DOWN,111234870655832851046306569564620313764956595816823469854808434172379633830354,1756217163,2025-08-26 14:06:03,0.5
bitcoin-up-or-down-august-27-8am-et,DOWN,111234870655832851046306569564620313764956595816823469854808434172379633830354,1756217224,2025-08-26 14:07:04,0.5
bitcoin-up-or-down-august-27-8am-et,DOWN,111234870655832851046306569564620313764956595816823469854808434172379633830354,1756217282,2025-08-26 14:08:02,0.5
bitcoin-up-or-down-august-27-8am-et,DOWN,111234870655832851046306569564620313764956595816823469854808434172379633830354,1756217342,2025-08-26 14:09:02,0.5
bitcoin-up-or-down-august-27-8am-et,DOWN,111234870655832851046306569564620313764956595816823469854808434172379633830354,1756217403,2025-08-26 14:10:03,0.5
bitcoin-up-or-down-august-27-8am-et,DOWN,111234870655832851046306569564620313764956595816823469854808434172379633830354,1756217462,2025-08-26 14:11:02,0.5
bitcoin-up-or-down-august-27-8am-et,DOWN,111234870655832851046306569564620313764956595816823469854808434172379633830354,1756217523,2025-08-26 14:12:03,0.5
bitcoin-up-or-down-august-27-8am-et,DOWN,111234870655832851046306569564620313764956595816823469854808434172379633830354,1756217582,2025-08-26 14:13:02,0.5
bitcoin-up-or-down-august-27-8am-et,DOWN,111234870655832851046306569564620313764956595816823469854808434172379633830354,1756217643,2025-08-26 14:14:03,0.5
bitcoin-up-or-down-august-27-8am-et,DOWN,111234870655832851046306569564620313764956595816823469854808434172379633830354,1756217703,2025-08-26 14:15:03,0.5
bitcoin-up-or-down-august-27-8am-et,DOWN,111234870655832851046306569564620313764956595816823469854808434172379633830354,1756217763,2025-08-26 14:16:03,0.5
bitcoin-up-or-down-august-27-8am-et,DOWN,111234870655832851046306569564620313764956595816823469854808434172379633830354,1756217823,2025-08-26 14:17:03,0.5
bitcoin-up-or-down-august-27-8am-et,DOWN,111234870655832851046306569564620313764956595816823469854808434172379633830354,1756217882,2025-08-26 14:18:02,0.5
bitcoin-up-or-down-august-27-8am-et,DOWN,111234870655832851046306569564620313764956595816823469854808434172379633830354,1756217942,2025-08-26 14:19:02,0.5
bitcoin-up-or-down-august-27-8am-et,DOWN,111234870655832851046306569564620313764956595816823469854808434172379633830354,1756218004,2025-08-26 14:20:04,0.5
bitcoin-up-or-down-august-27-8am-et,DOWN,111234870655832851046306569564620313764956595816823469854808434172379633830354,1756218062,2025-08-26 14:21:02,0.5
bitcoin-up-or-down-august-27-8am-et,DOWN,111234870655832851046306569564620313764956595816823469854808434172379633830354,1756218123,2025-08-26 14:22:03,0.5
bitcoin-up-or-down-august-27-8am-et,DOWN,111234870655832851046306569564620313764956595816823469854808434172379633830354,1756218183,2025-08-26 14:23:03,0.5
bitcoin-up-or-down-august-27-8am-et,DOWN,111234870655832851046306569564620313764956595816823469854808434172379633830354,1756218244,2025-08-26 14:24:04,0.5
bitcoin-up-or-down-august-27-8am-et,DOWN,111234870655832851046306569564620313764956595816823469854808434172379633830354,1756218304,2025-08-26 14:25:04,0.5
bitcoin-up-or-down-august-27-8am-et,DOWN,111234870655832851046306569564620313764956595816823469854808434172379633830354,1756218362,2025-08-26 14:26:02,0.5
bitcoin-up-or-down-august-27-8am-et,DOWN,111234870655832851046306569564620313764956595816823469854808434172379633830354,1756218424,2025-08-26 14:27:04,0.5
bitcoin-up-or-down-august-27-8am-et,DOWN,111234870655832851046306569564620313764956595816823469854808434172379633830354,1756218482,2025-08-26 14:28:02,0.5
bitcoin-up-or-down-august-27-8am-et,DOWN,111234870655832851046306569564620313764956595816823469854808434172379633830354,1756218542,2025-08-26 14:29:02,0.5
bitcoin-up-or-down-august-27-8am-et,DOWN,111234870655832851046306569564620313764956595816823469854808434172379633830354,1756218606,2025-08-26 14:30:06,0.5
bitcoin-up-or-down-august-27-8am-et,DOWN,111234870655832851046306569564620313764956595816823469854808434172379633830354,1756218662,2025-08-26 14:31:02,0.5
bitcoin-up-or-down-august-27-8am-et,DOWN,111234870655832851046306569564620313764956595816823469854808434172379633830354,1756218723,2025-08-26 14:32:03,0.5
bitcoin-up-or-down-august-27-8am-et,DOWN,111234870655832851046306569564620313764956595816823469854808434172379633830354,1756218783,2025-08-26 14:33:03,0.5
bitcoin-up-or-down-august-27-8am-et,DOWN,111234870655832851046306569564620313764956595816823469854808434172379633830354,1756218844,2025-08-26 14:34:04,0.5
bitcoin-up-or-down-august-27-8am-et,DOWN,111234870655832851046306569564620313764956595816823469854808434172379633830354,1756218902,2025-08-26 14:35:02,0.5
bitcoin-up-or-down-august-27-8am-et,DOWN,111234870655832851046306569564620313764956595816823469854808434172379633830354,1756218963,2025-08-26 14:36:03,0.5
bitcoin-up-or-down-august-27-8am-et,DOWN,111234870655832851046306569564620313764956595816823469854808434172379633830354,1756219022,2025-08-26 14:37:02,0.5
bitcoin-up-or-down-august-27-8am-et,DOWN,111234870655832851046306569564620313764956595816823469854808434172379633830354,1756219082,2025-08-26 14:38:02,0.5
bitcoin-up-or-down-august-27-8am-et,DOWN,111234870655832851046306569564620313764956595816823469854808434172379633830354,1756219142,2025-08-26 14:39:02,0.5
bitcoin-up-or-down-august-27-8am-et,DOWN,111234870655832851046306569564620313764956595816823469854808434172379633830354,1756219204,2025-08-26 14:40:04,0.5
bitcoin-up-or-down-august-27-8am-et,DOWN,111234870655832851046306569564620313764956595816823469854808434172379633830354,1756219262,2025-08-26 14:41:02,0.5
bitcoin-up-or-down-august-27-8am-et,DOWN,111234870655832851046306569564620313764956595816823469854808434172379633830354,1756219323,2025-08-26 14:42:03,0.5
bitcoin-up-or-down-august-27-8am-et,DOWN,111234870655832851046306569564620313764956595816823469854808434172379633830354,1756219382,2025-08-26 14:43:02,0.5
bitcoin-up-or-down-august-27-8am-et,DOWN,111234870655832851046306569564620313764956595816823469854808434172379633830354,1756219443,2025-08-26 14:44:03,0.5
bitcoin-up-or-down-august-27-8am-et,DOWN,111234870655832851046306569564620313764956595816823469854808434172379633830354,1756219503,2025-08-26 14:45:03,0.5
bitcoin-up-or-down-august-27-8am-et,DOWN,111234870655832851046306569564620313764956595816823469854808434172379633830354,1756219562,2025-08-26 14:46:02,0.5
bitcoin-up-or-down-august-27-8am-et,DOWN,111234870655832851046306569564620313764956595816823469854808434172379633830354,1756219623,2025-08-26 14:47:03,0.5
bitcoin-up-or-down-august-27-8am-et,DOWN,111234870655832851046306569564620313764956595816823469854808434172379633830354,1756219682,2025-08-26 14:48:02,0.5
bitcoin-up-or-down-august-27-8am-et,DOWN,111234870655832851046306569564620313764956595816823469854808434172379633830354,1756219742,2025-08-26 14:49:02,0.5
bitcoin-up-or-down-august-27-8am-et,DOWN,111234870655832851046306569564620313764956595816823469854808434172379633830354,1756219802,2025-08-26 14:50:02,0.5
bitcoin-up-or-down-august-27-8am-et,DOWN,111234870655832851046306569564620313764956595816823469854808434172379633830354,1756219864,2025-08-26 14:51:04,0.5
bitcoin-up-or-down-august-27-8am-et,DOWN,111234870655832851046306569564620313764956595816823469854808434172379633830354,1756219923,2025-08-26 14:52:03,0.5
bitcoin-up-or-down-august-27-8am-et,DOWN,111234870655832851046306569564620313764956595816823469854808434172379633830354,1756219985,2025-08-26 14:53:05,0.5
bitcoin-up-or-down-august-27-8am-et,DOWN,111234870655832851046306569564620313764956595816823469854808434172379633830354,1756220042,2025-08-26 14:54:02,0.5
bitcoin-up-or-down-august-27-8am-et,DOWN,111234870655832851046306569564620313764956595816823469854808434172379633830354,1756220104,2025-08-26 14:55:04,0.5
bitcoin-up-or-down-august-27-8am-et,DOWN,111234870655832851046306569564620313764956595816823469854808434172379633830354,1756220162,2025-08-26 14:56:02,0.5
bitcoin-up-or-down-august-27-8am-et,DOWN,111234870655832851046306569564620313764956595816823469854808434172379633830354,1756220223,2025-08-26 14:57:03,0.5
bitcoin-up-or-down-august-27-8am-et,DOWN,111234870655832851046306569564620313764956595816823469854808434172379633830354,1756220283,2025-08-26 14:58:03,0.5
bitcoin-up-or-down-august-27-8am-et,DOWN,111234870655832851046306569564620313764956595816823469854808434172379633830354,1756220343,2025-08-26 14:59:03,0.5
bitcoin-up-or-down-august-27-8am-et,DOWN,111234870655832851046306569564620313764956595816823469854808434172379633830354,1756220412,2025-08-26 15:00:12,0.5
bitcoin-up-or-down-august-27-8am-et,DOWN,111234870655832851046306569564620313764956595816823469854808434172379633830354,1756220462,2025-08-26 15:01:02,0.5
bitcoin-up-or-down-august-27-8am-et,DOWN,111234870655832851046306569564620313764956595816823469854808434172379633830354,1756220522,2025-08-26 15:02:02,0.5
bitcoin-up-or-down-august-27-8am-et,DOWN,111234870655832851046306569564620313764956595816823469854808434172379633830354,1756220583,2025-08-26 15:03:03,0.5
bitcoin-up-or-down-august-27-8am-et,DOWN,111234870655832851046306569564620313764956595816823469854808434172379633830354,1756220643,2025-08-26 15:04:03,0.5
bitcoin-up-or-down-august-27-8am-et,DOWN,111234870655832851046306569564620313764956595816823469854808434172379633830354,1756220702,2025-08-26 15:05:02,0.5
bitcoin-up-or-down-august-27-8am-et,DOWN,111234870655832851046306569564620313764956595816823469854808434172379633830354,1756220763,2025-08-26 15:06:03,0.5
bitcoin-up-or-down-august-27-8am-et,DOWN,111234870655832851046306569564620313764956595816823469854808434172379633830354,1756220823,2025-08-26 15:07:03,0.5
bitcoin-up-or-down-august-27-8am-et,DOWN,111234870655832851046306569564620313764956595816823469854808434172379633830354,1756220882,2025-08-26 15:08:02,0.5
bitcoin-up-or-down-august-27-8am-et,DOWN,111234870655832851046306569564620313764956595816823469854808434172379633830354,1756220942,2025-08-26 15:09:02,0.5
bitcoin-up-or-down-august-27-8am-et,DOWN,111234870655832851046306569564620313764956595816823469854808434172379633830354,1756221004,2025-08-26 15:10:04,0.5
bitcoin-up-or-down-august-27-8am-et,DOWN,111234870655832851046306569564620313764956595816823469854808434172379633830354,1756221062,2025-08-26 15:11:02,0.5
bitcoin-up-or-down-august-27-8am-et,DOWN,111234870655832851046306569564620313764956595816823469854808434172379633830354,1756221122,2025-08-26 15:12:02,0.5
bitcoin-up-or-down-august-27-8am-et,DOWN,111234870655832851046306569564620313764956595816823469854808434172379633830354,1756221183,2025-08-26 15:13:03,0.5
bitcoin-up-or-down-august-27-8am-et,DOWN,111234870655832851046306569564620313764956595816823469854808434172379633830354,1756221243,2025-08-26 15:14:03,0.5
bitcoin-up-or-down-august-27-8am-et,DOWN,111234870655832851046306569564620313764956595816823469854808434172379633830354,1756221302,2025-08-26 15:15:02,0.5
bitcoin-up-or-down-august-27-8am-et,DOWN,111234870655832851046306569564620313764956595816823469854808434172379633830354,1756221362,2025-08-26 15:16:02,0.5
bitcoin-up-or-down-august-27-8am-et,DOWN,111234870655832851046306569564620313764956595816823469854808434172379633830354,1756221424,2025-08-26 15:17:04,0.5
bitcoin-up-or-down-august-27-8am-et,DOWN,111234870655832851046306569564620313764956595816823469854808434172379633830354,1756221483,2025-08-26 15:18:03,0.5
bitcoin-up-or-down-august-27-8am-et,DOWN,111234870655832851046306569564620313764956595816823469854808434172379633830354,1756221543,2025-08-26 15:19:03,0.5
bitcoin-up-or-down-august-27-8am-et,DOWN,111234870655832851046306569564620313764956595816823469854808434172379633830354,1756221602,2025-08-26 15:20:02,0.5
bitcoin-up-or-down-august-27-8am-et,DOWN,111234870655832851046306569564620313764956595816823469854808434172379633830354,1756221662,2025-08-26 15:21:02,0.5
bitcoin-up-or-down-august-27-8am-et,DOWN,111234870655832851046306569564620313764956595816823469854808434172379633830354,1756221722,2025-08-26 15:22:02,0.5
bitcoin-up-or-down-august-27-8am-et,DOWN,111234870655832851046306569564620313764956595816823469854808434172379633830354,1756221783,2025-08-26 15:23:03,0.5
bitcoin-up-or-down-august-27-8am-et,DOWN,111234870655832851046306569564620313764956595816823469854808434172379633830354,1756221842,2025-08-26 15:24:02,0.5
bitcoin-up-or-down-august-27-8am-et,DOWN,111234870655832851046306569564620313764956595816823469854808434172379633830354,1756221904,2025-08-26 15:25:04,0.5
bitcoin-up-or-down-august-27-8am-et,DOWN,111234870655832851046306569564620313764956595816823469854808434172379633830354,1756221972,2025-08-26 15:26:12,0.5
bitcoin-up-or-down-august-27-8am-et,DOWN,111234870655832851046306569564620313764956595816823469854808434172379633830354,1756222022,2025-08-26 15:27:02,0.5
bitcoin-up-or-down-august-27-8am-et,DOWN,111234870655832851046306569564620313764956595816823469854808434172379633830354,1756222082,2025-08-26 15:28:02,0.5
bitcoin-up-or-down-august-27-8am-et,DOWN,111234870655832851046306569564620313764956595816823469854808434172379633830354,1756222142,2025-08-26 15:29:02,0.5
bitcoin-up-or-down-august-27-8am-et,DOWN,111234870655832851046306569564620313764956595816823469854808434172379633830354,1756222207,2025-08-26 15:30:07,0.5
bitcoin-up-or-down-august-27-8am-et,DOWN,111234870655832851046306569564620313764956595816823469854808434172379633830354,1756222263,2025-08-26 15:31:03,0.5
bitcoin-up-or-down-august-27-8am-et,DOWN,111234870655832851046306569564620313764956595816823469854808434172379633830354,1756222322,2025-08-26 15:32:02,0.5
bitcoin-up-or-down-august-27-8am-et,DOWN,111234870655832851046306569564620313764956595816823469854808434172379633830354,1756222382,2025-08-26 15:33:02,0.5
bitcoin-up-or-down-august-27-8am-et,DOWN,111234870655832851046306569564620313764956595816823469854808434172379633830354,1756222443,2025-08-26 15:34:03,0.5
bitcoin-up-or-down-august-27-8am-et,DOWN,111234870655832851046306569564620313764956595816823469854808434172379633830354,1756222503,2025-08-26 15:35:03,0.5
bitcoin-up-or-down-august-27-8am-et,DOWN,111234870655832851046306569564620313764956595816823469854808434172379633830354,1756222562,2025-08-26 15:36:02,0.5
bitcoin-up-or-down-august-27-8am-et,DOWN,111234870655832851046306569564620313764956595816823469854808434172379633830354,1756222622,2025-08-26 15:37:02,0.5
bitcoin-up-or-down-august-27-8am-et,DOWN,111234870655832851046306569564620313764956595816823469854808434172379633830354,1756222683,2025-08-26 15:38:03,0.5
bitcoin-up-or-down-august-27-8am-et,DOWN,111234870655832851046306569564620313764956595816823469854808434172379633830354,1756222743,2025-08-26 15:39:03,0.5
bitcoin-up-or-down-august-27-8am-et,DOWN,111234870655832851046306569564620313764956595816823469854808434172379633830354,1756222803,2025-08-26 15:40:03,0.5
bitcoin-up-or-down-august-27-8am-et,DOWN,111234870655832851046306569564620313764956595816823469854808434172379633830354,1756222862,2025-08-26 15:41:02,0.5
bitcoin-up-or-down-august-27-8am-et,DOWN,111234870655832851046306569564620313764956595816823469854808434172379633830354,1756222923,2025-08-26 15:42:03,0.5
bitcoin-up-or-down-august-27-8am-et,DOWN,111234870655832851046306569564620313764956595816823469854808434172379633830354,1756222983,2025-08-26 15:43:03,0.5
bitcoin-up-or-down-august-27-8am-et,DOWN,111234870655832851046306569564620313764956595816823469854808434172379633830354,1756223043,2025-08-26 15:44:03,0.5
bitcoin-up-or-down-august-27-8am-et,DOWN,111234870655832851046306569564620313764956595816823469854808434172379633830354,1756223103,2025-08-26 15:45:03,0.5
bitcoin-up-or-down-august-27-8am-et,DOWN,111234870655832851046306569564620313764956595816823469854808434172379633830354,1756223163,2025-08-26 15:46:03,0.5
bitcoin-up-or-down-august-27-8am-et,DOWN,111234870655832851046306569564620313764956595816823469854808434172379633830354,1756223223,2025-08-26 15:47:03,0.5
bitcoin-up-or-down-august-27-8am-et,DOWN,111234870655832851046306569564620313764956595816823469854808434172379633830354,1756223283,2025-08-26 15:48:03,0.5
bitcoin-up-or-down-august-27-8am-et,DOWN,111234870655832851046306569564620313764956595816823469854808434172379633830354,1756223342,2025-08-26 15:49:02,0.5
bitcoin-up-or-down-august-27-8am-et,DOWN,111234870655832851046306569564620313764956595816823469854808434172379633830354,1756223402,2025-08-26 15:50:02,0.5
bitcoin-up-or-down-august-27-8am-et,DOWN,111234870655832851046306569564620313764956595816823469854808434172379633830354,1756223463,2025-08-26 15:51:03,0.5
bitcoin-up-or-down-august-27-8am-et,DOWN,111234870655832851046306569564620313764956595816823469854808434172379633830354,1756223527,2025-08-26 15:52:07,0.5
bitcoin-up-or-down-august-27-8am-et,DOWN,111234870655832851046306569564620313764956595816823469854808434172379633830354,1756223583,2025-08-26 15:53:03,0.5
bitcoin-up-or-down-august-27-8am-et,DOWN,111234870655832851046306569564620313764956595816823469854808434172379633830354,1756223642,2025-08-26 15:54:02,0.5
bitcoin-up-or-down-august-27-8am-et,DOWN,111234870655832851046306569564620313764956595816823469854808434172379633830354,1756223705,2025-08-26 15:55:05,0.5
bitcoin-up-or-down-august-27-8am-et,DOWN,111234870655832851046306569564620313764956595816823469854808434172379633830354,1756223763,2025-08-26 15:56:03,0.5
bitcoin-up-or-down-august-27-8am-et,DOWN,111234870655832851046306569564620313764956595816823469854808434172379633830354,1756223822,2025-08-26 15:57:02,0.5
bitcoin-up-or-down-august-27-8am-et,DOWN,111234870655832851046306569564620313764956595816823469854808434172379633830354,1756223883,2025-08-26 15:58:03,0.5
bitcoin-up-or-down-august-27-8am-et,DOWN,111234870655832851046306569564620313764956595816823469854808434172379633830354,1756223943,2025-08-26 15:59:03,0.5
bitcoin-up-or-down-august-27-8am-et,DOWN,111234870655832851046306569564620313764956595816823469854808434172379633830354,1756224005,2025-08-26 16:00:05,0.5
bitcoin-up-or-down-august-27-8am-et,DOWN,111234870655832851046306569564620313764956595816823469854808434172379633830354,1756224062,2025-08-26 16:01:02,0.5
bitcoin-up-or-down-august-27-8am-et,DOWN,111234870655832851046306569564620313764956595816823469854808434172379633830354,1756224123,2025-08-26 16:02:03,0.5
bitcoin-up-or-down-august-27-8am-et,DOWN,111234870655832851046306569564620313764956595816823469854808434172379633830354,1756224183,2025-08-26 16:03:03,0.5
bitcoin-up-or-down-august-27-8am-et,DOWN,111234870655832851046306569564620313764956595816823469854808434172379633830354,1756224243,2025-08-26 16:04:03,0.5
bitcoin-up-or-down-august-27-8am-et,DOWN,111234870655832851046306569564620313764956595816823469854808434172379633830354,1756224302,2025-08-26 16:05:02,0.5
bitcoin-up-or-down-august-27-8am-et,DOWN,111234870655832851046306569564620313764956595816823469854808434172379633830354,1756224362,2025-08-26 16:06:02,0.5
bitcoin-up-or-down-august-27-8am-et,DOWN,111234870655832851046306569564620313764956595816823469854808434172379633830354,1756224422,2025-08-26 16:07:02,0.5
bitcoin-up-or-down-august-27-8am-et,DOWN,111234870655832851046306569564620313764956595816823469854808434172379633830354,1756224482,2025-08-26 16:08:02,0.5
bitcoin-up-or-down-august-27-8am-et,DOWN,111234870655832851046306569564620313764956595816823469854808434172379633830354,1756224543,2025-08-26 16:09:03,0.5
bitcoin-up-or-down-august-27-8am-et,DOWN,111234870655832851046306569564620313764956595816823469854808434172379633830354,1756224604,2025-08-26 16:10:04,0.5
bitcoin-up-or-down-august-27-8am-et,DOWN,111234870655832851046306569564620313764956595816823469854808434172379633830354,1756224663,2025-08-26 16:11:03,0.5
bitcoin-up-or-down-august-27-8am-et,DOWN,111234870655832851046306569564620313764956595816823469854808434172379633830354,1756224723,2025-08-26 16:12:03,0.5
bitcoin-up-or-down-august-27-8am-et,DOWN,111234870655832851046306569564620313764956595816823469854808434172379633830354,1756224783,2025-08-26 16:13:03,0.5
bitcoin-up-or-down-august-27-8am-et,DOWN,111234870655832851046306569564620313764956595816823469854808434172379633830354,1756224843,2025-08-26 16:14:03,0.5
bitcoin-up-or-down-august-27-8am-et,DOWN,111234870655832851046306569564620313764956595816823469854808434172379633830354,1756224904,2025-08-26 16:15:04,0.5
bitcoin-up-or-down-august-27-8am-et,DOWN,111234870655832851046306569564620313764956595816823469854808434172379633830354,1756224963,2025-08-26 16:16:03,0.5
bitcoin-up-or-down-august-27-8am-et,DOWN,111234870655832851046306569564620313764956595816823469854808434172379633830354,1756225022,2025-08-26 16:17:02,0.5
bitcoin-up-or-down-august-27-8am-et,DOWN,111234870655832851046306569564620313764956595816823469854808434172379633830354,1756225083,2025-08-26 16:18:03,0.5
bitcoin-up-or-down-august-27-8am-et,DOWN,111234870655832851046306569564620313764956595816823469854808434172379633830354,1756225144,2025-08-26 16:19:04,0.5
bitcoin-up-or-down-august-27-8am-et,DOWN,111234870655832851046306569564620313764956595816823469854808434172379633830354,1756225202,2025-08-26 16:20:02,0.5
bitcoin-up-or-down-august-27-8am-et,DOWN,111234870655832851046306569564620313764956595816823469854808434172379633830354,1756225263,2025-08-26 16:21:03,0.5
bitcoin-up-or-down-august-27-8am-et,DOWN,111234870655832851046306569564620313764956595816823469854808434172379633830354,1756225323,2025-08-26 16:22:03,0.5
bitcoin-up-or-down-august-27-8am-et,DOWN,111234870655832851046306569564620313764956595816823469854808434172379633830354,1756225383,2025-08-26 16:23:03,0.5
bitcoin-up-or-down-august-27-8am-et,DOWN,111234870655832851046306569564620313764956595816823469854808434172379633830354,1756225443,2025-08-26 16:24:03,0.5
bitcoin-up-or-down-august-27-8am-et,DOWN,111234870655832851046306569564620313764956595816823469854808434172379633830354,1756225502,2025-08-26 16:25:02,0.5
bitcoin-up-or-down-august-27-8am-et,DOWN,111234870655832851046306569564620313764956595816823469854808434172379633830354,1756225570,2025-08-26 16:26:10,0.5
bitcoin-up-or-down-august-27-8am-et,DOWN,111234870655832851046306569564620313764956595816823469854808434172379633830354,1756225623,2025-08-26 16:27:03,0.5
bitcoin-up-or-down-august-27-8am-et,DOWN,111234870655832851046306569564620313764956595816823469854808434172379633830354,1756225684,2025-08-26 16:28:04,0.5
bitcoin-up-or-down-august-27-8am-et,DOWN,111234870655832851046306569564620313764956595816823469854808434172379633830354,1756225743,2025-08-26 16:29:03,0.5
bitcoin-up-or-down-august-27-8am-et,DOWN,111234870655832851046306569564620313764956595816823469854808434172379633830354,1756225804,2025-08-26 16:30:04,0.5
bitcoin-up-or-down-august-27-8am-et,DOWN,111234870655832851046306569564620313764956595816823469854808434172379633830354,1756225862,2025-08-26 16:31:02,0.5
bitcoin-up-or-down-august-27-8am-et,DOWN,111234870655832851046306569564620313764956595816823469854808434172379633830354,1756225922,2025-08-26 16:32:02,0.5
bitcoin-up-or-down-august-27-8am-et,DOWN,111234870655832851046306569564620313764956595816823469854808434172379633830354,1756225983,2025-08-26 16:33:03,0.5
bitcoin-up-or-down-august-27-8am-et,DOWN,111234870655832851046306569564620313764956595816823469854808434172379633830354,1756226043,2025-08-26 16:34:03,0.5
bitcoin-up-or-down-august-27-8am-et,DOWN,111234870655832851046306569564620313764956595816823469854808434172379633830354,1756226102,2025-08-26 16:35:02,0.5
bitcoin-up-or-down-august-27-8am-et,DOWN,111234870655832851046306569564620313764956595816823469854808434172379633830354,1756226163,2025-08-26 16:36:03,0.5
bitcoin-up-or-down-august-27-8am-et,DOWN,111234870655832851046306569564620313764956595816823469854808434172379633830354,1756226222,2025-08-26 16:37:02,0.5
bitcoin-up-or-down-august-27-8am-et,DOWN,111234870655832851046306569564620313764956595816823469854808434172379633830354,1756226282,2025-08-26 16:38:02,0.5
bitcoin-up-or-down-august-27-8am-et,DOWN,111234870655832851046306569564620313764956595816823469854808434172379633830354,1756226344,2025-08-26 16:39:04,0.5
bitcoin-up-or-down-august-27-8am-et,DOWN,111234870655832851046306569564620313764956595816823469854808434172379633830354,1756226402,2025-08-26 16:40:02,0.5
bitcoin-up-or-down-august-27-8am-et,DOWN,111234870655832851046306569564620313764956595816823469854808434172379633830354,1756226463,2025-08-26 16:41:03,0.5
bitcoin-up-or-down-august-27-8am-et,DOWN,111234870655832851046306569564620313764956595816823469854808434172379633830354,1756226522,2025-08-26 16:42:02,0.5
bitcoin-up-or-down-august-27-8am-et,DOWN,111234870655832851046306569564620313764956595816823469854808434172379633830354,1756226582,2025-08-26 16:43:02,0.5
bitcoin-up-or-down-august-27-8am-et,DOWN,111234870655832851046306569564620313764956595816823469854808434172379633830354,1756226644,2025-08-26 16:44:04,0.5
bitcoin-up-or-down-august-27-8am-et,DOWN,111234870655832851046306569564620313764956595816823469854808434172379633830354,1756226704,2025-08-26 16:45:04,0.5
bitcoin-up-or-down-august-27-8am-et,DOWN,111234870655832851046306569564620313764956595816823469854808434172379633830354,1756226763,2025-08-26 16:46:03,0.5
bitcoin-up-or-down-august-27-8am-et,DOWN,111234870655832851046306569564620313764956595816823469854808434172379633830354,1756226822,2025-08-26 16:47:02,0.5
bitcoin-up-or-down-august-27-8am-et,DOWN,111234870655832851046306569564620313764956595816823469854808434172379633830354,1756226883,2025-08-26 16:48:03,0.5
bitcoin-up-or-down-august-27-8am-et,DOWN,111234870655832851046306569564620313764956595816823469854808434172379633830354,1756226943,2025-08-26 16:49:03,0.5
bitcoin-up-or-down-august-27-8am-et,DOWN,111234870655832851046306569564620313764956595816823469854808434172379633830354,1756227004,2025-08-26 16:50:04,0.5
bitcoin-up-or-down-august-27-8am-et,DOWN,111234870655832851046306569564620313764956595816823469854808434172379633830354,1756227062,2025-08-26 16:51:02,0.5
bitcoin-up-or-down-august-27-8am-et,DOWN,111234870655832851046306569564620313764956595816823469854808434172379633830354,1756227122,2025-08-26 16:52:02,0.5
bitcoin-up-or-down-august-27-8am-et,DOWN,111234870655832851046306569564620313764956595816823469854808434172379633830354,1756227182,2025-08-26 16:53:02,0.5
bitcoin-up-or-down-august-27-8am-et,DOWN,111234870655832851046306569564620313764956595816823469854808434172379633830354,1756227242,2025-08-26 16:54:02,0.5
bitcoin-up-or-down-august-27-8am-et,DOWN,111234870655832851046306569564620313764956595816823469854808434172379633830354,1756227308,2025-08-26 16:55:08,0.5
bitcoin-up-or-down-august-27-8am-et,DOWN,111234870655832851046306569564620313764956595816823469854808434172379633830354,1756227362,2025-08-26 16:56:02,0.5
bitcoin-up-or-down-august-27-8am-et,DOWN,111234870655832851046306569564620313764956595816823469854808434172379633830354,1756227422,2025-08-26 16:57:02,0.5
bitcoin-up-or-down-august-27-8am-et,DOWN,111234870655832851046306569564620313764956595816823469854808434172379633830354,1756227483,2025-08-26 16:58:03,0.5
bitcoin-up-or-down-august-27-8am-et,DOWN,111234870655832851046306569564620313764956595816823469854808434172379633830354,1756227543,2025-08-26 16:59:03,0.5
bitcoin-up-or-down-august-27-8am-et,DOWN,111234870655832851046306569564620313764956595816823469854808434172379633830354,1756227606,2025-08-26 17:00:06,0.5
bitcoin-up-or-down-august-27-8am-et,DOWN,111234870655832851046306569564620313764956595816823469854808434172379633830354,1756227662,2025-08-26 17:01:02,0.5
bitcoin-up-or-down-august-27-8am-et,DOWN,111234870655832851046306569564620313764956595816823469854808434172379633830354,1756227722,2025-08-26 17:02:02,0.5
bitcoin-up-or-down-august-27-8am-et,DOWN,111234870655832851046306569564620313764956595816823469854808434172379633830354,1756227782,2025-08-26 17:03:02,0.5
bitcoin-up-or-down-august-27-8am-et,DOWN,111234870655832851046306569564620313764956595816823469854808434172379633830354,1756227844,2025-08-26 17:04:04,0.5
bitcoin-up-or-down-august-27-8am-et,DOWN,111234870655832851046306569564620313764956595816823469854808434172379633830354,1756227914,2025-08-26 17:05:14,0.5
bitcoin-up-or-down-august-27-8am-et,DOWN,111234870655832851046306569564620313764956595816823469854808434172379633830354,1756227962,2025-08-26 17:06:02,0.5
bitcoin-up-or-down-august-27-8am-et,DOWN,111234870655832851046306569564620313764956595816823469854808434172379633830354,1756228022,2025-08-26 17:07:02,0.5
bitcoin-up-or-down-august-27-8am-et,DOWN,111234870655832851046306569564620313764956595816823469854808434172379633830354,1756228083,2025-08-26 17:08:03,0.5
bitcoin-up-or-down-august-27-8am-et,DOWN,111234870655832851046306569564620313764956595816823469854808434172379633830354,1756228142,2025-08-26 17:09:02,0.5
bitcoin-up-or-down-august-27-8am-et,DOWN,111234870655832851046306569564620313764956595816823469854808434172379633830354,1756228203,2025-08-26 17:10:03,0.5
bitcoin-up-or-down-august-27-8am-et,DOWN,111234870655832851046306569564620313764956595816823469854808434172379633830354,1756228263,2025-08-26 17:11:03,0.5
bitcoin-up-or-down-august-27-8am-et,DOWN,111234870655832851046306569564620313764956595816823469854808434172379633830354,1756228323,2025-08-26 17:12:03,0.5
bitcoin-up-or-down-august-27-8am-et,DOWN,111234870655832851046306569564620313764956595816823469854808434172379633830354,1756228382,2025-08-26 17:13:02,0.5
bitcoin-up-or-down-august-27-8am-et,DOWN,111234870655832851046306569564620313764956595816823469854808434172379633830354,1756228442,2025-08-26 17:14:02,0.5
bitcoin-up-or-down-august-27-8am-et,DOWN,111234870655832851046306569564620313764956595816823469854808434172379633830354,1756228504,2025-08-26 17:15:04,0.5
bitcoin-up-or-down-august-27-8am-et,DOWN,111234870655832851046306569564620313764956595816823469854808434172379633830354,1756228563,2025-08-26 17:16:03,0.5
bitcoin-up-or-down-august-27-8am-et,DOWN,111234870655832851046306569564620313764956595816823469854808434172379633830354,1756228622,2025-08-26 17:17:02,0.5
bitcoin-up-or-down-august-27-8am-et,DOWN,111234870655832851046306569564620313764956595816823469854808434172379633830354,1756228683,2025-08-26 17:18:03,0.5
bitcoin-up-or-down-august-27-8am-et,DOWN,111234870655832851046306569564620313764956595816823469854808434172379633830354,1756228743,2025-08-26 17:19:03,0.5
bitcoin-up-or-down-august-27-8am-et,DOWN,111234870655832851046306569564620313764956595816823469854808434172379633830354,1756228803,2025-08-26 17:20:03,0.5
bitcoin-up-or-down-august-27-8am-et,DOWN,111234870655832851046306569564620313764956595816823469854808434172379633830354,1756228863,2025-08-26 17:21:03,0.5
bitcoin-up-or-down-august-27-8am-et,DOWN,111234870655832851046306569564620313764956595816823469854808434172379633830354,1756228923,2025-08-26 17:22:03,0.5
bitcoin-up-or-down-august-27-8am-et,DOWN,111234870655832851046306569564620313764956595816823469854808434172379633830354,1756228982,2025-08-26 17:23:02,0.5
bitcoin-up-or-down-august-27-8am-et,DOWN,111234870655832851046306569564620313764956595816823469854808434172379633830354,1756229042,2025-08-26 17:24:02,0.5
bitcoin-up-or-down-august-27-8am-et,DOWN,111234870655832851046306569564620313764956595816823469854808434172379633830354,1756229107,2025-08-26 17:25:07,0.5
bitcoin-up-or-down-august-27-8am-et,DOWN,111234870655832851046306569564620313764956595816823469854808434172379633830354,1756229162,2025-08-26 17:26:02,0.5
bitcoin-up-or-down-august-27-8am-et,DOWN,111234870655832851046306569564620313764956595816823469854808434172379633830354,1756229223,2025-08-26 17:27:03,0.5
bitcoin-up-or-down-august-27-8am-et,DOWN,111234870655832851046306569564620313764956595816823469854808434172379633830354,1756229283,2025-08-26 17:28:03,0.5
bitcoin-up-or-down-august-27-8am-et,DOWN,111234870655832851046306569564620313764956595816823469854808434172379633830354,1756229343,2025-08-26 17:29:03,0.5
bitcoin-up-or-down-august-27-8am-et,DOWN,111234870655832851046306569564620313764956595816823469854808434172379633830354,1756229402,2025-08-26 17:30:02,0.5
bitcoin-up-or-down-august-27-8am-et,DOWN,111234870655832851046306569564620313764956595816823469854808434172379633830354,1756229462,2025-08-26 17:31:02,0.5
bitcoin-up-or-down-august-27-8am-et,DOWN,111234870655832851046306569564620313764956595816823469854808434172379633830354,1756229523,2025-08-26 17:32:03,0.5
bitcoin-up-or-down-august-27-8am-et,DOWN,111234870655832851046306569564620313764956595816823469854808434172379633830354,1756229583,2025-08-26 17:33:03,0.5
bitcoin-up-or-down-august-27-8am-et,DOWN,111234870655832851046306569564620313764956595816823469854808434172379633830354,1756229644,2025-08-26 17:34:04,0.5
bitcoin-up-or-down-august-27-8am-et,DOWN,111234870655832851046306569564620313764956595816823469854808434172379633830354,1756229703,2025-08-26 17:35:03,0.5
bitcoin-up-or-down-august-27-8am-et,DOWN,111234870655832851046306569564620313764956595816823469854808434172379633830354,1756229762,2025-08-26 17:36:02,0.5
bitcoin-up-or-down-august-27-8am-et,DOWN,111234870655832851046306569564620313764956595816823469854808434172379633830354,1756229824,2025-08-26 17:37:04,0.5
bitcoin-up-or-down-august-27-8am-et,DOWN,111234870655832851046306569564620313764956595816823469854808434172379633830354,1756229883,2025-08-26 17:38:03,0.5
bitcoin-up-or-down-august-27-8am-et,DOWN,111234870655832851046306569564620313764956595816823469854808434172379633830354,1756229943,2025-08-26 17:39:03,0.5
bitcoin-up-or-down-august-27-8am-et,DOWN,111234870655832851046306569564620313764956595816823469854808434172379633830354,1756230003,2025-08-26 17:40:03,0.5
bitcoin-up-or-down-august-27-8am-et,DOWN,111234870655832851046306569564620313764956595816823469854808434172379633830354,1756230062,2025-08-26 17:41:02,0.5
bitcoin-up-or-down-august-27-8am-et,DOWN,111234870655832851046306569564620313764956595816823469854808434172379633830354,1756230123,2025-08-26 17:42:03,0.5
bitcoin-up-or-down-august-27-8am-et,DOWN,111234870655832851046306569564620313764956595816823469854808434172379633830354,1756230182,2025-08-26 17:43:02,0.5
bitcoin-up-or-down-august-27-8am-et,DOWN,111234870655832851046306569564620313764956595816823469854808434172379633830354,1756230243,2025-08-26 17:44:03,0.5
bitcoin-up-or-down-august-27-8am-et,DOWN,111234870655832851046306569564620313764956595816823469854808434172379633830354,1756230302,2025-08-26 17:45:02,0.5
bitcoin-up-or-down-august-27-8am-et,DOWN,111234870655832851046306569564620313764956595816823469854808434172379633830354,1756230362,2025-08-26 17:46:02,0.5
bitcoin-up-or-down-august-27-8am-et,DOWN,111234870655832851046306569564620313764956595816823469854808434172379633830354,1756230422,2025-08-26 17:47:02,0.5
bitcoin-up-or-down-august-27-8am-et,DOWN,111234870655832851046306569564620313764956595816823469854808434172379633830354,1756230482,2025-08-26 17:48:02,0.5
bitcoin-up-or-down-august-27-8am-et,DOWN,111234870655832851046306569564620313764956595816823469854808434172379633830354,1756230542,2025-08-26 17:49:02,0.5
bitcoin-up-or-down-august-27-8am-et,DOWN,111234870655832851046306569564620313764956595816823469854808434172379633830354,1756230611,2025-08-26 17:50:11,0.5
bitcoin-up-or-down-august-27-8am-et,DOWN,111234870655832851046306569564620313764956595816823469854808434172379633830354,1756230663,2025-08-26 17:51:03,0.5
bitcoin-up-or-down-august-27-8am-et,DOWN,111234870655832851046306569564620313764956595816823469854808434172379633830354,1756230723,2025-08-26 17:52:03,0.5
bitcoin-up-or-down-august-27-8am-et,DOWN,111234870655832851046306569564620313764956595816823469854808434172379633830354,1756230782,2025-08-26 17:53:02,0.5
bitcoin-up-or-down-august-27-8am-et,DOWN,111234870655832851046306569564620313764956595816823469854808434172379633830354,1756230842,2025-08-26 17:54:02,0.5
bitcoin-up-or-down-august-27-8am-et,DOWN,111234870655832851046306569564620313764956595816823469854808434172379633830354,1756230902,2025-08-26 17:55:02,0.5
bitcoin-up-or-down-august-27-8am-et,DOWN,111234870655832851046306569564620313764956595816823469854808434172379633830354,1756230963,2025-08-26 17:56:03,0.5
bitcoin-up-or-down-august-27-8am-et,DOWN,111234870655832851046306569564620313764956595816823469854808434172379633830354,1756231022,2025-08-26 17:57:02,0.5
bitcoin-up-or-down-august-27-8am-et,DOWN,111234870655832851046306569564620313764956595816823469854808434172379633830354,1756231082,2025-08-26 17:58:02,0.5
bitcoin-up-or-down-august-27-8am-et,DOWN,111234870655832851046306569564620313764956595816823469854808434172379633830354,1756231143,2025-08-26 17:59:03,0.5
bitcoin-up-or-down-august-27-8am-et,DOWN,111234870655832851046306569564620313764956595816823469854808434172379633830354,1756231212,2025-08-26 18:00:12,0.5
bitcoin-up-or-down-august-27-8am-et,DOWN,111234870655832851046306569564620313764956595816823469854808434172379633830354,1756231263,2025-08-26 18:01:03,0.5
bitcoin-up-or-down-august-27-8am-et,DOWN,111234870655832851046306569564620313764956595816823469854808434172379633830354,1756231322,2025-08-26 18:02:02,0.5
bitcoin-up-or-down-august-27-8am-et,DOWN,111234870655832851046306569564620313764956595816823469854808434172379633830354,1756231383,2025-08-26 18:03:03,0.5
bitcoin-up-or-down-august-27-8am-et,DOWN,111234870655832851046306569564620313764956595816823469854808434172379633830354,1756231442,2025-08-26 18:04:02,0.5
bitcoin-up-or-down-august-27-8am-et,DOWN,111234870655832851046306569564620313764956595816823469854808434172379633830354,1756231508,2025-08-26 18:05:08,0.5
bitcoin-up-or-down-august-27-8am-et,DOWN,111234870655832851046306569564620313764956595816823469854808434172379633830354,1756231563,2025-08-26 18:06:03,0.5
bitcoin-up-or-down-august-27-8am-et,DOWN,111234870655832851046306569564620313764956595816823469854808434172379633830354,1756231622,2025-08-26 18:07:02,0.5
bitcoin-up-or-down-august-27-8am-et,DOWN,111234870655832851046306569564620313764956595816823469854808434172379633830354,1756231682,2025-08-26 18:08:02,0.5
bitcoin-up-or-down-august-27-8am-et,DOWN,111234870655832851046306569564620313764956595816823469854808434172379633830354,1756231742,2025-08-26 18:09:02,0.5
bitcoin-up-or-down-august-27-8am-et,DOWN,111234870655832851046306569564620313764956595816823469854808434172379633830354,1756231804,2025-08-26 18:10:04,0.5
bitcoin-up-or-down-august-27-8am-et,DOWN,111234870655832851046306569564620313764956595816823469854808434172379633830354,1756231864,2025-08-26 18:11:04,0.5
bitcoin-up-or-down-august-27-8am-et,DOWN,111234870655832851046306569564620313764956595816823469854808434172379633830354,1756231923,2025-08-26 18:12:03,0.5
bitcoin-up-or-down-august-27-8am-et,DOWN,111234870655832851046306569564620313764956595816823469854808434172379633830354,1756231982,2025-08-26 18:13:02,0.5
bitcoin-up-or-down-august-27-8am-et,DOWN,111234870655832851046306569564620313764956595816823469854808434172379633830354,1756232043,2025-08-26 18:14:03,0.5
bitcoin-up-or-down-august-27-8am-et,DOWN,111234870655832851046306569564620313764956595816823469854808434172379633830354,1756232111,2025-08-26 18:15:11,0.5
bitcoin-up-or-down-august-27-8am-et,DOWN,111234870655832851046306569564620313764956595816823469854808434172379633830354,1756232162,2025-08-26 18:16:02,0.5
bitcoin-up-or-down-august-27-8am-et,DOWN,111234870655832851046306569564620313764956595816823469854808434172379633830354,1756232223,2025-08-26 18:17:03,0.5
bitcoin-up-or-down-august-27-8am-et,DOWN,111234870655832851046306569564620313764956595816823469854808434172379633830354,1756232283,2025-08-26 18:18:03,0.5
bitcoin-up-or-down-august-27-8am-et,DOWN,111234870655832851046306569564620313764956595816823469854808434172379633830354,1756232342,2025-08-26 18:19:02,0.5
bitcoin-up-or-down-august-27-8am-et,DOWN,111234870655832851046306569564620313764956595816823469854808434172379633830354,1756232415,2025-08-26 18:20:15,0.5
bitcoin-up-or-down-august-27-8am-et,DOWN,111234870655832851046306569564620313764956595816823469854808434172379633830354,1756232463,2025-08-26 18:21:03,0.5
bitcoin-up-or-down-august-27-8am-et,DOWN,111234870655832851046306569564620313764956595816823469854808434172379633830354,1756232522,2025-08-26 18:22:02,0.5
bitcoin-up-or-down-august-27-8am-et,DOWN,111234870655832851046306569564620313764956595816823469854808434172379633830354,1756232583,2025-08-26 18:23:03,0.5
bitcoin-up-or-down-august-27-8am-et,DOWN,111234870655832851046306569564620313764956595816823469854808434172379633830354,1756232643,2025-08-26 18:24:03,0.5
bitcoin-up-or-down-august-27-8am-et,DOWN,111234870655832851046306569564620313764956595816823469854808434172379633830354,1756232703,2025-08-26 18:25:03,0.5
bitcoin-up-or-down-august-27-8am-et,DOWN,111234870655832851046306569564620313764956595816823469854808434172379633830354,1756232762,2025-08-26 18:26:02,0.5
bitcoin-up-or-down-august-27-8am-et,DOWN,111234870655832851046306569564620313764956595816823469854808434172379633830354,1756232823,2025-08-26 18:27:03,0.5
bitcoin-up-or-down-august-27-8am-et,DOWN,111234870655832851046306569564620313764956595816823469854808434172379633830354,1756232883,2025-08-26 18:28:03,0.5
bitcoin-up-or-down-august-27-8am-et,DOWN,111234870655832851046306569564620313764956595816823469854808434172379633830354,1756232943,2025-08-26 18:29:03,0.5
bitcoin-up-or-down-august-27-8am-et,DOWN,111234870655832851046306569564620313764956595816823469854808434172379633830354,1756233017,2025-08-26 18:30:17,0.5
bitcoin-up-or-down-august-27-8am-et,DOWN,111234870655832851046306569564620313764956595816823469854808434172379633830354,1756233063,2025-08-26 18:31:03,0.5
bitcoin-up-or-down-august-27-8am-et,DOWN,111234870655832851046306569564620313764956595816823469854808434172379633830354,1756233122,2025-08-26 18:32:02,0.5
bitcoin-up-or-down-august-27-8am-et,DOWN,111234870655832851046306569564620313764956595816823469854808434172379633830354,1756233182,2025-08-26 18:33:02,0.5
bitcoin-up-or-down-august-27-8am-et,DOWN,111234870655832851046306569564620313764956595816823469854808434172379633830354,1756233243,2025-08-26 18:34:03,0.5
bitcoin-up-or-down-august-27-8am-et,DOWN,111234870655832851046306569564620313764956595816823469854808434172379633830354,1756233303,2025-08-26 18:35:03,0.5
bitcoin-up-or-down-august-27-8am-et,DOWN,111234870655832851046306569564620313764956595816823469854808434172379633830354,1756233363,2025-08-26 18:36:03,0.5
bitcoin-up-or-down-august-27-8am-et,DOWN,111234870655832851046306569564620313764956595816823469854808434172379633830354,1756233424,2025-08-26 18:37:04,0.5
bitcoin-up-or-down-august-27-8am-et,DOWN,111234870655832851046306569564620313764956595816823469854808434172379633830354,1756233483,2025-08-26 18:38:03,0.5
bitcoin-up-or-down-august-27-8am-et,DOWN,111234870655832851046306569564620313764956595816823469854808434172379633830354,1756233543,2025-08-26 18:39:03,0.5
bitcoin-up-or-down-august-27-8am-et,DOWN,111234870655832851046306569564620313764956595816823469854808434172379633830354,1756233610,2025-08-26 18:40:10,0.5
bitcoin-up-or-down-august-27-8am-et,DOWN,111234870655832851046306569564620313764956595816823469854808434172379633830354,1756233662,2025-08-26 18:41:02,0.5
bitcoin-up-or-down-august-27-8am-et,DOWN,111234870655832851046306569564620313764956595816823469854808434172379633830354,1756233723,2025-08-26 18:42:03,0.5
bitcoin-up-or-down-august-27-8am-et,DOWN,111234870655832851046306569564620313764956595816823469854808434172379633830354,1756233783,2025-08-26 18:43:03,0.5
bitcoin-up-or-down-august-27-8am-et,DOWN,111234870655832851046306569564620313764956595816823469854808434172379633830354,1756233842,2025-08-26 18:44:02,0.5
bitcoin-up-or-down-august-27-8am-et,DOWN,111234870655832851046306569564620313764956595816823469854808434172379633830354,1756233903,2025-08-26 18:45:03,0.5
bitcoin-up-or-down-august-27-8am-et,DOWN,111234870655832851046306569564620313764956595816823469854808434172379633830354,1756233963,2025-08-26 18:46:03,0.5
bitcoin-up-or-down-august-27-8am-et,DOWN,111234870655832851046306569564620313764956595816823469854808434172379633830354,1756234022,2025-08-26 18:47:02,0.5
bitcoin-up-or-down-august-27-8am-et,DOWN,111234870655832851046306569564620313764956595816823469854808434172379633830354,1756234082,2025-08-26 18:48:02,0.5
bitcoin-up-or-down-august-27-8am-et,DOWN,111234870655832851046306569564620313764956595816823469854808434172379633830354,1756234143,2025-08-26 18:49:03,0.5
bitcoin-up-or-down-august-27-8am-et,DOWN,111234870655832851046306569564620313764956595816823469854808434172379633830354,1756234211,2025-08-26 18:50:11,0.5
bitcoin-up-or-down-august-27-8am-et,DOWN,111234870655832851046306569564620313764956595816823469854808434172379633830354,1756234263,2025-08-26 18:51:03,0.5
bitcoin-up-or-down-august-27-8am-et,DOWN,111234870655832851046306569564620313764956595816823469854808434172379633830354,1756234323,2025-08-26 18:52:03,0.5
bitcoin-up-or-down-august-27-8am-et,DOWN,111234870655832851046306569564620313764956595816823469854808434172379633830354,1756234383,2025-08-26 18:53:03,0.5
bitcoin-up-or-down-august-27-8am-et,DOWN,111234870655832851046306569564620313764956595816823469854808434172379633830354,1756234442,2025-08-26 18:54:02,0.5
bitcoin-up-or-down-august-27-8am-et,DOWN,111234870655832851046306569564620313764956595816823469854808434172379633830354,1756234503,2025-08-26 18:55:03,0.5
bitcoin-up-or-down-august-27-8am-et,DOWN,111234870655832851046306569564620313764956595816823469854808434172379633830354,1756234562,2025-08-26 18:56:02,0.5
bitcoin-up-or-down-august-27-8am-et,DOWN,111234870655832851046306569564620313764956595816823469854808434172379633830354,1756234622,2025-08-26 18:57:02,0.5
bitcoin-up-or-down-august-27-8am-et,DOWN,111234870655832851046306569564620313764956595816823469854808434172379633830354,1756234683,2025-08-26 18:58:03,0.5
bitcoin-up-or-down-august-27-8am-et,DOWN,111234870655832851046306569564620313764956595816823469854808434172379633830354,1756234743,2025-08-26 18:59:03,0.5
bitcoin-up-or-down-august-27-8am-et,DOWN,111234870655832851046306569564620313764956595816823469854808434172379633830354,1756234813,2025-08-26 19:00:13,0.5
bitcoin-up-or-down-august-27-8am-et,DOWN,111234870655832851046306569564620313764956595816823469854808434172379633830354,1756234862,2025-08-26 19:01:02,0.5
bitcoin-up-or-down-august-27-8am-et,DOWN,111234870655832851046306569564620313764956595816823469854808434172379633830354,1756234923,2025-08-26 19:02:03,0.5
bitcoin-up-or-down-august-27-8am-et,DOWN,111234870655832851046306569564620313764956595816823469854808434172379633830354,1756234983,2025-08-26 19:03:03,0.5
bitcoin-up-or-down-august-27-8am-et,DOWN,111234870655832851046306569564620313764956595816823469854808434172379633830354,1756235042,2025-08-26 19:04:02,0.5
bitcoin-up-or-down-august-27-8am-et,DOWN,111234870655832851046306569564620313764956595816823469854808434172379633830354,1756235111,2025-08-26 19:05:11,0.5
bitcoin-up-or-down-august-27-8am-et,DOWN,111234870655832851046306569564620313764956595816823469854808434172379633830354,1756235163,2025-08-26 19:06:03,0.5
bitcoin-up-or-down-august-27-8am-et,DOWN,111234870655832851046306569564620313764956595816823469854808434172379633830354,1756235223,2025-08-26 19:07:03,0.5
bitcoin-up-or-down-august-27-8am-et,DOWN,111234870655832851046306569564620313764956595816823469854808434172379633830354,1756235282,2025-08-26 19:08:02,0.5
bitcoin-up-or-down-august-27-8am-et,DOWN,111234870655832851046306569564620313764956595816823469854808434172379633830354,1756235343,2025-08-26 19:09:03,0.5
bitcoin-up-or-down-august-27-8am-et,DOWN,111234870655832851046306569564620313764956595816823469854808434172379633830354,1756235410,2025-08-26 19:10:10,0.5
bitcoin-up-or-down-august-27-8am-et,DOWN,111234870655832851046306569564620313764956595816823469854808434172379633830354,1756235462,2025-08-26 19:11:02,0.5
bitcoin-up-or-down-august-27-8am-et,DOWN,111234870655832851046306569564620313764956595816823469854808434172379633830354,1756235523,2025-08-26 19:12:03,0.5
bitcoin-up-or-down-august-27-8am-et,DOWN,111234870655832851046306569564620313764956595816823469854808434172379633830354,1756235582,2025-08-26 19:13:02,0.5
bitcoin-up-or-down-august-27-8am-et,DOWN,111234870655832851046306569564620313764956595816823469854808434172379633830354,1756235643,2025-08-26 19:14:03,0.5
bitcoin-up-or-down-august-27-8am-et,DOWN,111234870655832851046306569564620313764956595816823469854808434172379633830354,1756235706,2025-08-26 19:15:06,0.5
bitcoin-up-or-down-august-27-8am-et,DOWN,111234870655832851046306569564620313764956595816823469854808434172379633830354,1756235763,2025-08-26 19:16:03,0.5
bitcoin-up-or-down-august-27-8am-et,DOWN,111234870655832851046306569564620313764956595816823469854808434172379633830354,1756235822,2025-08-26 19:17:02,0.5
bitcoin-up-or-down-august-27-8am-et,DOWN,111234870655832851046306569564620313764956595816823469854808434172379633830354,1756235883,2025-08-26 19:18:03,0.5
bitcoin-up-or-down-august-27-8am-et,DOWN,111234870655832851046306569564620313764956595816823469854808434172379633830354,1756235942,2025-08-26 19:19:02,0.5
bitcoin-up-or-down-august-27-8am-et,DOWN,111234870655832851046306569564620313764956595816823469854808434172379633830354,1756236012,2025-08-26 19:20:12,0.5
bitcoin-up-or-down-august-27-8am-et,DOWN,111234870655832851046306569564620313764956595816823469854808434172379633830354,1756236063,2025-08-26 19:21:03,0.5
bitcoin-up-or-down-august-27-8am-et,DOWN,111234870655832851046306569564620313764956595816823469854808434172379633830354,1756236122,2025-08-26 19:22:02,0.5
bitcoin-up-or-down-august-27-8am-et,DOWN,111234870655832851046306569564620313764956595816823469854808434172379633830354,1756236183,2025-08-26 19:23:03,0.5
bitcoin-up-or-down-august-27-8am-et,DOWN,111234870655832851046306569564620313764956595816823469854808434172379633830354,1756236243,2025-08-26 19:24:03,0.5
bitcoin-up-or-down-august-27-8am-et,DOWN,111234870655832851046306569564620313764956595816823469854808434172379633830354,1756236307,2025-08-26 19:25:07,0.5
bitcoin-up-or-down-august-27-8am-et,DOWN,111234870655832851046306569564620313764956595816823469854808434172379633830354,1756236363,2025-08-26 19:26:03,0.5
bitcoin-up-or-down-august-27-8am-et,DOWN,111234870655832851046306569564620313764956595816823469854808434172379633830354,1756236422,2025-08-26 19:27:02,0.5
bitcoin-up-or-down-august-27-8am-et,DOWN,111234870655832851046306569564620313764956595816823469854808434172379633830354,1756236483,2025-08-26 19:28:03,0.5
bitcoin-up-or-down-august-27-8am-et,DOWN,111234870655832851046306569564620313764956595816823469854808434172379633830354,1756236543,2025-08-26 19:29:03,0.5
bitcoin-up-or-down-august-27-8am-et,DOWN,111234870655832851046306569564620313764956595816823469854808434172379633830354,1756236604,2025-08-26 19:30:04,0.5
bitcoin-up-or-down-august-27-8am-et,DOWN,111234870655832851046306569564620313764956595816823469854808434172379633830354,1756236662,2025-08-26 19:31:02,0.5
bitcoin-up-or-down-august-27-8am-et,DOWN,111234870655832851046306569564620313764956595816823469854808434172379633830354,1756236722,2025-08-26 19:32:02,0.5
bitcoin-up-or-down-august-27-8am-et,DOWN,111234870655832851046306569564620313764956595816823469854808434172379633830354,1756236783,2025-08-26 19:33:03,0.5
bitcoin-up-or-down-august-27-8am-et,DOWN,111234870655832851046306569564620313764956595816823469854808434172379633830354,1756236842,2025-08-26 19:34:02,0.5
bitcoin-up-or-down-august-27-8am-et,DOWN,111234870655832851046306569564620313764956595816823469854808434172379633830354,1756236915,2025-08-26 19:35:15,0.5
bitcoin-up-or-down-august-27-8am-et,DOWN,111234870655832851046306569564620313764956595816823469854808434172379633830354,1756236963,2025-08-26 19:36:03,0.5
bitcoin-up-or-down-august-27-8am-et,DOWN,111234870655832851046306569564620313764956595816823469854808434172379633830354,1756237023,2025-08-26 19:37:03,0.5
bitcoin-up-or-down-august-27-8am-et,DOWN,111234870655832851046306569564620313764956595816823469854808434172379633830354,1756237083,2025-08-26 19:38:03,0.5
bitcoin-up-or-down-august-27-8am-et,DOWN,111234870655832851046306569564620313764956595816823469854808434172379633830354,1756237142,2025-08-26 19:39:02,0.5
bitcoin-up-or-down-august-27-8am-et,DOWN,111234870655832851046306569564620313764956595816823469854808434172379633830354,1756237203,2025-08-26 19:40:03,0.5
bitcoin-up-or-down-august-27-8am-et,DOWN,111234870655832851046306569564620313764956595816823469854808434172379633830354,1756237263,2025-08-26 19:41:03,0.5
bitcoin-up-or-down-august-27-8am-et,DOWN,111234870655832851046306569564620313764956595816823469854808434172379633830354,1756237323,2025-08-26 19:42:03,0.5
bitcoin-up-or-down-august-27-8am-et,DOWN,111234870655832851046306569564620313764956595816823469854808434172379633830354,1756237384,2025-08-26 19:43:04,0.5
bitcoin-up-or-down-august-27-8am-et,DOWN,111234870655832851046306569564620313764956595816823469854808434172379633830354,1756237443,2025-08-26 19:44:03,0.5
bitcoin-up-or-down-august-27-8am-et,DOWN,111234870655832851046306569564620313764956595816823469854808434172379633830354,1756237505,2025-08-26 19:45:05,0.5
bitcoin-up-or-down-august-27-8am-et,DOWN,111234870655832851046306569564620313764956595816823469854808434172379633830354,1756237563,2025-08-26 19:46:03,0.5
bitcoin-up-or-down-august-27-8am-et,DOWN,111234870655832851046306569564620313764956595816823469854808434172379633830354,1756237623,2025-08-26 19:47:03,0.5
bitcoin-up-or-down-august-27-8am-et,DOWN,111234870655832851046306569564620313764956595816823469854808434172379633830354,1756237682,2025-08-26 19:48:02,0.5
bitcoin-up-or-down-august-27-8am-et,DOWN,111234870655832851046306569564620313764956595816823469854808434172379633830354,1756237742,2025-08-26 19:49:02,0.5
bitcoin-up-or-down-august-27-8am-et,DOWN,111234870655832851046306569564620313764956595816823469854808434172379633830354,1756237811,2025-08-26 19:50:11,0.5
bitcoin-up-or-down-august-27-8am-et,DOWN,111234870655832851046306569564620313764956595816823469854808434172379633830354,1756237864,2025-08-26 19:51:04,0.5
bitcoin-up-or-down-august-27-8am-et,DOWN,111234870655832851046306569564620313764956595816823469854808434172379633830354,1756237922,2025-08-26 19:52:02,0.5
bitcoin-up-or-down-august-27-8am-et,DOWN,111234870655832851046306569564620313764956595816823469854808434172379633830354,1756237983,2025-08-26 19:53:03,0.5
bitcoin-up-or-down-august-27-8am-et,DOWN,111234870655832851046306569564620313764956595816823469854808434172379633830354,1756238042,2025-08-26 19:54:02,0.5
bitcoin-up-or-down-august-27-8am-et,DOWN,111234870655832851046306569564620313764956595816823469854808434172379633830354,1756238103,2025-08-26 19:55:03,0.5
bitcoin-up-or-down-august-27-8am-et,DOWN,111234870655832851046306569564620313764956595816823469854808434172379633830354,1756238163,2025-08-26 19:56:03,0.5
bitcoin-up-or-down-august-27-8am-et,DOWN,111234870655832851046306569564620313764956595816823469854808434172379633830354,1756238222,2025-08-26 19:57:02,0.5
bitcoin-up-or-down-august-27-8am-et,DOWN,111234870655832851046306569564620313764956595816823469854808434172379633830354,1756238283,2025-08-26 19:58:03,0.5
bitcoin-up-or-down-august-27-8am-et,DOWN,111234870655832851046306569564620313764956595816823469854808434172379633830354,1756238343,2025-08-26 19:59:03,0.5
bitcoin-up-or-down-august-27-8am-et,DOWN,111234870655832851046306569564620313764956595816823469854808434172379633830354,1756238405,2025-08-26 20:00:05,0.5
bitcoin-up-or-down-august-27-8am-et,DOWN,111234870655832851046306569564620313764956595816823469854808434172379633830354,1756238462,2025-08-26 20:01:02,0.5
bitcoin-up-or-down-august-27-8am-et,DOWN,111234870655832851046306569564620313764956595816823469854808434172379633830354,1756238522,2025-08-26 20:02:02,0.5
bitcoin-up-or-down-august-27-8am-et,DOWN,111234870655832851046306569564620313764956595816823469854808434172379633830354,1756238582,2025-08-26 20:03:02,0.5
bitcoin-up-or-down-august-27-8am-et,DOWN,111234870655832851046306569564620313764956595816823469854808434172379633830354,1756238643,2025-08-26 20:04:03,0.5
bitcoin-up-or-down-august-27-8am-et,DOWN,111234870655832851046306569564620313764956595816823469854808434172379633830354,1756238713,2025-08-26 20:05:13,0.5
bitcoin-up-or-down-august-27-8am-et,DOWN,111234870655832851046306569564620313764956595816823469854808434172379633830354,1756238762,2025-08-26 20:06:02,0.5
bitcoin-up-or-down-august-27-8am-et,DOWN,111234870655832851046306569564620313764956595816823469854808434172379633830354,1756238823,2025-08-26 20:07:03,0.5
bitcoin-up-or-down-august-27-8am-et,DOWN,111234870655832851046306569564620313764956595816823469854808434172379633830354,1756238882,2025-08-26 20:08:02,0.5
bitcoin-up-or-down-august-27-8am-et,DOWN,111234870655832851046306569564620313764956595816823469854808434172379633830354,1756238943,2025-08-26 20:09:03,0.5
bitcoin-up-or-down-august-27-8am-et,DOWN,111234870655832851046306569564620313764956595816823469854808434172379633830354,1756239013,2025-08-26 20:10:13,0.5
bitcoin-up-or-down-august-27-8am-et,DOWN,111234870655832851046306569564620313764956595816823469854808434172379633830354,1756239063,2025-08-26 20:11:03,0.5
bitcoin-up-or-down-august-27-8am-et,DOWN,111234870655832851046306569564620313764956595816823469854808434172379633830354,1756239123,2025-08-26 20:12:03,0.5
bitcoin-up-or-down-august-27-8am-et,DOWN,111234870655832851046306569564620313764956595816823469854808434172379633830354,1756239183,2025-08-26 20:13:03,0.5
bitcoin-up-or-down-august-27-8am-et,DOWN,111234870655832851046306569564620313764956595816823469854808434172379633830354,1756239243,2025-08-26 20:14:03,0.5
bitcoin-up-or-down-august-27-8am-et,DOWN,111234870655832851046306569564620313764956595816823469854808434172379633830354,1756239307,2025-08-26 20:15:07,0.5
bitcoin-up-or-down-august-27-8am-et,DOWN,111234870655832851046306569564620313764956595816823469854808434172379633830354,1756239364,2025-08-26 20:16:04,0.5
bitcoin-up-or-down-august-27-8am-et,DOWN,111234870655832851046306569564620313764956595816823469854808434172379633830354,1756239423,2025-08-26 20:17:03,0.5
bitcoin-up-or-down-august-27-8am-et,DOWN,111234870655832851046306569564620313764956595816823469854808434172379633830354,1756239482,2025-08-26 20:18:02,0.5
bitcoin-up-or-down-august-27-8am-et,DOWN,111234870655832851046306569564620313764956595816823469854808434172379633830354,1756239542,2025-08-26 20:19:02,0.5
bitcoin-up-or-down-august-27-8am-et,DOWN,111234870655832851046306569564620313764956595816823469854808434172379633830354,1756239602,2025-08-26 20:20:02,0.5
bitcoin-up-or-down-august-27-8am-et,DOWN,111234870655832851046306569564620313764956595816823469854808434172379633830354,1756239662,2025-08-26 20:21:02,0.5
bitcoin-up-or-down-august-27-8am-et,DOWN,111234870655832851046306569564620313764956595816823469854808434172379633830354,1756239722,2025-08-26 20:22:02,0.5
bitcoin-up-or-down-august-27-8am-et,DOWN,111234870655832851046306569564620313764956595816823469854808434172379633830354,1756239782,2025-08-26 20:23:02,0.5
bitcoin-up-or-down-august-27-8am-et,DOWN,111234870655832851046306569564620313764956595816823469854808434172379633830354,1756239842,2025-08-26 20:24:02,0.5
bitcoin-up-or-down-august-27-8am-et,DOWN,111234870655832851046306569564620313764956595816823469854808434172379633830354,1756239903,2025-08-26 20:25:03,0.5
bitcoin-up-or-down-august-27-8am-et,DOWN,111234870655832851046306569564620313764956595816823469854808434172379633830354,1756239962,2025-08-26 20:26:02,0.5
bitcoin-up-or-down-august-27-8am-et,DOWN,111234870655832851046306569564620313764956595816823469854808434172379633830354,1756240023,2025-08-26 20:27:03,0.5
bitcoin-up-or-down-august-27-8am-et,DOWN,111234870655832851046306569564620313764956595816823469854808434172379633830354,1756240083,2025-08-26 20:28:03,0.5
bitcoin-up-or-down-august-27-8am-et,DOWN,111234870655832851046306569564620313764956595816823469854808434172379633830354,1756240142,2025-08-26 20:29:02,0.5
bitcoin-up-or-down-august-27-8am-et,DOWN,111234870655832851046306569564620313764956595816823469854808434172379633830354,1756240206,2025-08-26 20:30:06,0.5
bitcoin-up-or-down-august-27-8am-et,DOWN,111234870655832851046306569564620313764956595816823469854808434172379633830354,1756240263,2025-08-26 20:31:03,0.5
bitcoin-up-or-down-august-27-8am-et,DOWN,111234870655832851046306569564620313764956595816823469854808434172379633830354,1756240323,2025-08-26 20:32:03,0.5
bitcoin-up-or-down-august-27-8am-et,DOWN,111234870655832851046306569564620313764956595816823469854808434172379633830354,1756240382,2025-08-26 20:33:02,0.5
bitcoin-up-or-down-august-27-8am-et,DOWN,111234870655832851046306569564620313764956595816823469854808434172379633830354,1756240442,2025-08-26 20:34:02,0.5
bitcoin-up-or-down-august-27-8am-et,DOWN,111234870655832851046306569564620313764956595816823469854808434172379633830354,1756240503,2025-08-26 20:35:03,0.5
bitcoin-up-or-down-august-27-8am-et,DOWN,111234870655832851046306569564620313764956595816823469854808434172379633830354,1756240563,2025-08-26 20:36:03,0.5
bitcoin-up-or-down-august-27-8am-et,DOWN,111234870655832851046306569564620313764956595816823469854808434172379633830354,1756240623,2025-08-26 20:37:03,0.5
bitcoin-up-or-down-august-27-8am-et,DOWN,111234870655832851046306569564620313764956595816823469854808434172379633830354,1756240682,2025-08-26 20:38:02,0.5
bitcoin-up-or-down-august-27-8am-et,DOWN,111234870655832851046306569564620313764956595816823469854808434172379633830354,1756240743,2025-08-26 20:39:03,0.5
bitcoin-up-or-down-august-27-8am-et,DOWN,111234870655832851046306569564620313764956595816823469854808434172379633830354,1756240810,2025-08-26 20:40:10,0.5
bitcoin-up-or-down-august-27-8am-et,DOWN,111234870655832851046306569564620313764956595816823469854808434172379633830354,1756240863,2025-08-26 20:41:03,0.5
bitcoin-up-or-down-august-27-8am-et,DOWN,111234870655832851046306569564620313764956595816823469854808434172379633830354,1756240922,2025-08-26 20:42:02,0.5
bitcoin-up-or-down-august-27-8am-et,DOWN,111234870655832851046306569564620313764956595816823469854808434172379633830354,1756240984,2025-08-26 20:43:04,0.5
bitcoin-up-or-down-august-27-8am-et,DOWN,111234870655832851046306569564620313764956595816823469854808434172379633830354,1756241043,2025-08-26 20:44:03,0.5
bitcoin-up-or-down-august-27-8am-et,DOWN,111234870655832851046306569564620313764956595816823469854808434172379633830354,1756241104,2025-08-26 20:45:04,0.5
bitcoin-up-or-down-august-27-8am-et,DOWN,111234870655832851046306569564620313764956595816823469854808434172379633830354,1756241163,2025-08-26 20:46:03,0.5
bitcoin-up-or-down-august-27-8am-et,DOWN,111234870655832851046306569564620313764956595816823469854808434172379633830354,1756241223,2025-08-26 20:47:03,0.5
bitcoin-up-or-down-august-27-8am-et,DOWN,111234870655832851046306569564620313764956595816823469854808434172379633830354,1756241282,2025-08-26 20:48:02,0.5
bitcoin-up-or-down-august-27-8am-et,DOWN,111234870655832851046306569564620313764956595816823469854808434172379633830354,1756241343,2025-08-26 20:49:03,0.5
bitcoin-up-or-down-august-27-8am-et,DOWN,111234870655832851046306569564620313764956595816823469854808434172379633830354,1756241410,2025-08-26 20:50:10,0.5
bitcoin-up-or-down-august-27-8am-et,DOWN,111234870655832851046306569564620313764956595816823469854808434172379633830354,1756241463,2025-08-26 20:51:03,0.5
bitcoin-up-or-down-august-27-8am-et,DOWN,111234870655832851046306569564620313764956595816823469854808434172379633830354,1756241522,2025-08-26 20:52:02,0.5
bitcoin-up-or-down-august-27-8am-et,DOWN,111234870655832851046306569564620313764956595816823469854808434172379633830354,1756241582,2025-08-26 20:53:02,0.5
bitcoin-up-or-down-august-27-8am-et,DOWN,111234870655832851046306569564620313764956595816823469854808434172379633830354,1756241643,2025-08-26 20:54:03,0.5
bitcoin-up-or-down-august-27-8am-et,DOWN,111234870655832851046306569564620313764956595816823469854808434172379633830354,1756241704,2025-08-26 20:55:04,0.5
bitcoin-up-or-down-august-27-8am-et,DOWN,111234870655832851046306569564620313764956595816823469854808434172379633830354,1756241763,2025-08-26 20:56:03,0.5
bitcoin-up-or-down-august-27-8am-et,DOWN,111234870655832851046306569564620313764956595816823469854808434172379633830354,1756241822,2025-08-26 20:57:02,0.5
bitcoin-up-or-down-august-27-8am-et,DOWN,111234870655832851046306569564620313764956595816823469854808434172379633830354,1756241883,2025-08-26 20:58:03,0.5
bitcoin-up-or-down-august-27-8am-et,DOWN,111234870655832851046306569564620313764956595816823469854808434172379633830354,1756241943,2025-08-26 20:59:03,0.5
bitcoin-up-or-down-august-27-8am-et,DOWN,111234870655832851046306569564620313764956595816823469854808434172379633830354,1756242011,2025-08-26 21:00:11,0.5
bitcoin-up-or-down-august-27-8am-et,DOWN,111234870655832851046306569564620313764956595816823469854808434172379633830354,1756242062,2025-08-26 21:01:02,0.5
bitcoin-up-or-down-august-27-8am-et,DOWN,111234870655832851046306569564620313764956595816823469854808434172379633830354,1756242123,2025-08-26 21:02:03,0.5
bitcoin-up-or-down-august-27-8am-et,DOWN,111234870655832851046306569564620313764956595816823469854808434172379633830354,1756242183,2025-08-26 21:03:03,0.5
bitcoin-up-or-down-august-27-8am-et,DOWN,111234870655832851046306569564620313764956595816823469854808434172379633830354,1756242242,2025-08-26 21:04:02,0.5
bitcoin-up-or-down-august-27-8am-et,DOWN,111234870655832851046306569564620313764956595816823469854808434172379633830354,1756242302,2025-08-26 21:05:02,0.5
bitcoin-up-or-down-august-27-8am-et,DOWN,111234870655832851046306569564620313764956595816823469854808434172379633830354,1756242364,2025-08-26 21:06:04,0.5
bitcoin-up-or-down-august-27-8am-et,DOWN,111234870655832851046306569564620313764956595816823469854808434172379633830354,1756242424,2025-08-26 21:07:04,0.5
bitcoin-up-or-down-august-27-8am-et,DOWN,111234870655832851046306569564620313764956595816823469854808434172379633830354,1756242483,2025-08-26 21:08:03,0.5
bitcoin-up-or-down-august-27-8am-et,DOWN,111234870655832851046306569564620313764956595816823469854808434172379633830354,1756242543,2025-08-26 21:09:03,0.5
bitcoin-up-or-down-august-27-8am-et,DOWN,111234870655832851046306569564620313764956595816823469854808434172379633830354,1756242610,2025-08-26 21:10:10,0.5
bitcoin-up-or-down-august-27-8am-et,DOWN,111234870655832851046306569564620313764956595816823469854808434172379633830354,1756242662,2025-08-26 21:11:02,0.5
bitcoin-up-or-down-august-27-8am-et,DOWN,111234870655832851046306569564620313764956595816823469854808434172379633830354,1756242723,2025-08-26 21:12:03,0.5
bitcoin-up-or-down-august-27-8am-et,DOWN,111234870655832851046306569564620313764956595816823469854808434172379633830354,1756242783,2025-08-26 21:13:03,0.5
bitcoin-up-or-down-august-27-8am-et,DOWN,111234870655832851046306569564620313764956595816823469854808434172379633830354,1756242842,2025-08-26 21:14:02,0.5
bitcoin-up-or-down-august-27-8am-et,DOWN,111234870655832851046306569564620313764956595816823469854808434172379633830354,1756242903,2025-08-26 21:15:03,0.5
bitcoin-up-or-down-august-27-8am-et,DOWN,111234870655832851046306569564620313764956595816823469854808434172379633830354,1756242965,2025-08-26 21:16:05,0.5
bitcoin-up-or-down-august-27-8am-et,DOWN,111234870655832851046306569564620313764956595816823469854808434172379633830354,1756243022,2025-08-26 21:17:02,0.5
bitcoin-up-or-down-august-27-8am-et,DOWN,111234870655832851046306569564620313764956595816823469854808434172379633830354,1756243082,2025-08-26 21:18:02,0.5
bitcoin-up-or-down-august-27-8am-et,DOWN,111234870655832851046306569564620313764956595816823469854808434172379633830354,1756243143,2025-08-26 21:19:03,0.5
bitcoin-up-or-down-august-27-8am-et,DOWN,111234870655832851046306569564620313764956595816823469854808434172379633830354,1756243205,2025-08-26 21:20:05,0.5
bitcoin-up-or-down-august-27-8am-et,DOWN,111234870655832851046306569564620313764956595816823469854808434172379633830354,1756243263,2025-08-26 21:21:03,0.5
bitcoin-up-or-down-august-27-8am-et,DOWN,111234870655832851046306569564620313764956595816823469854808434172379633830354,1756243322,2025-08-26 21:22:02,0.5
bitcoin-up-or-down-august-27-8am-et,DOWN,111234870655832851046306569564620313764956595816823469854808434172379633830354,1756243383,2025-08-26 21:23:03,0.5
bitcoin-up-or-down-august-27-8am-et,DOWN,111234870655832851046306569564620313764956595816823469854808434172379633830354,1756243443,2025-08-26 21:24:03,0.5
bitcoin-up-or-down-august-27-8am-et,DOWN,111234870655832851046306569564620313764956595816823469854808434172379633830354,1756243514,2025-08-26 21:25:14,0.5
bitcoin-up-or-down-august-27-8am-et,DOWN,111234870655832851046306569564620313764956595816823469854808434172379633830354,1756243562,2025-08-26 21:26:02,0.5
bitcoin-up-or-down-august-27-8am-et,DOWN,111234870655832851046306569564620313764956595816823469854808434172379633830354,1756243623,2025-08-26 21:27:03,0.5
bitcoin-up-or-down-august-27-8am-et,DOWN,111234870655832851046306569564620313764956595816823469854808434172379633830354,1756243682,2025-08-26 21:28:02,0.5
bitcoin-up-or-down-august-27-8am-et,DOWN,111234870655832851046306569564620313764956595816823469854808434172379633830354,1756243742,2025-08-26 21:29:02,0.5
bitcoin-up-or-down-august-27-8am-et,DOWN,111234870655832851046306569564620313764956595816823469854808434172379633830354,1756243810,2025-08-26 21:30:10,0.5
bitcoin-up-or-down-august-27-8am-et,DOWN,111234870655832851046306569564620313764956595816823469854808434172379633830354,1756243862,2025-08-26 21:31:02,0.5
bitcoin-up-or-down-august-27-8am-et,DOWN,111234870655832851046306569564620313764956595816823469854808434172379633830354,1756243922,2025-08-26 21:32:02,0.5
bitcoin-up-or-down-august-27-8am-et,DOWN,111234870655832851046306569564620313764956595816823469854808434172379633830354,1756243983,2025-08-26 21:33:03,0.5
bitcoin-up-or-down-august-27-8am-et,DOWN,111234870655832851046306569564620313764956595816823469854808434172379633830354,1756244043,2025-08-26 21:34:03,0.5
bitcoin-up-or-down-august-27-8am-et,DOWN,111234870655832851046306569564620313764956595816823469854808434172379633830354,1756244109,2025-08-26 21:35:09,0.5
bitcoin-up-or-down-august-27-8am-et,DOWN,111234870655832851046306569564620313764956595816823469854808434172379633830354,1756244163,2025-08-26 21:36:03,0.5
bitcoin-up-or-down-august-27-8am-et,DOWN,111234870655832851046306569564620313764956595816823469854808434172379633830354,1756244222,2025-08-26 21:37:02,0.5
bitcoin-up-or-down-august-27-8am-et,DOWN,111234870655832851046306569564620313764956595816823469854808434172379633830354,1756244282,2025-08-26 21:38:02,0.5
bitcoin-up-or-down-august-27-8am-et,DOWN,111234870655832851046306569564620313764956595816823469854808434172379633830354,1756244342,2025-08-26 21:39:02,0.5
bitcoin-up-or-down-august-27-8am-et,DOWN,111234870655832851046306569564620313764956595816823469854808434172379633830354,1756244411,2025-08-26 21:40:11,0.5
bitcoin-up-or-down-august-27-8am-et,DOWN,111234870655832851046306569564620313764956595816823469854808434172379633830354,1756244463,2025-08-26 21:41:03,0.5
bitcoin-up-or-down-august-27-8am-et,DOWN,111234870655832851046306569564620313764956595816823469854808434172379633830354,1756244523,2025-08-26 21:42:03,0.5
bitcoin-up-or-down-august-27-8am-et,DOWN,111234870655832851046306569564620313764956595816823469854808434172379633830354,1756244582,2025-08-26 21:43:02,0.5
bitcoin-up-or-down-august-27-8am-et,DOWN,111234870655832851046306569564620313764956595816823469854808434172379633830354,1756244643,2025-08-26 21:44:03,0.5
bitcoin-up-or-down-august-27-8am-et,DOWN,111234870655832851046306569564620313764956595816823469854808434172379633830354,1756244703,2025-08-26 21:45:03,0.5
bitcoin-up-or-down-august-27-8am-et,DOWN,111234870655832851046306569564620313764956595816823469854808434172379633830354,1756244762,2025-08-26 21:46:02,0.5
bitcoin-up-or-down-august-27-8am-et,DOWN,111234870655832851046306569564620313764956595816823469854808434172379633830354,1756244823,2025-08-26 21:47:03,0.5
bitcoin-up-or-down-august-27-8am-et,DOWN,111234870655832851046306569564620313764956595816823469854808434172379633830354,1756244882,2025-08-26 21:48:02,0.5
bitcoin-up-or-down-august-27-8am-et,DOWN,111234870655832851046306569564620313764956595816823469854808434172379633830354,1756244943,2025-08-26 21:49:03,0.5
bitcoin-up-or-down-august-27-8am-et,DOWN,111234870655832851046306569564620313764956595816823469854808434172379633830354,1756245002,2025-08-26 21:50:02,0.5
bitcoin-up-or-down-august-27-8am-et,DOWN,111234870655832851046306569564620313764956595816823469854808434172379633830354,1756245064,2025-08-26 21:51:04,0.5
bitcoin-up-or-down-august-27-8am-et,DOWN,111234870655832851046306569564620313764956595816823469854808434172379633830354,1756245122,2025-08-26 21:52:02,0.5
bitcoin-up-or-down-august-27-8am-et,DOWN,111234870655832851046306569564620313764956595816823469854808434172379633830354,1756245183,2025-08-26 21:53:03,0.5
bitcoin-up-or-down-august-27-8am-et,DOWN,111234870655832851046306569564620313764956595816823469854808434172379633830354,1756245242,2025-08-26 21:54:02,0.5
bitcoin-up-or-down-august-27-8am-et,DOWN,111234870655832851046306569564620313764956595816823469854808434172379633830354,1756245302,2025-08-26 21:55:02,0.5
bitcoin-up-or-down-august-27-8am-et,DOWN,111234870655832851046306569564620313764956595816823469854808434172379633830354,1756245362,2025-08-26 21:56:02,0.5
bitcoin-up-or-down-august-27-8am-et,DOWN,111234870655832851046306569564620313764956595816823469854808434172379633830354,1756245423,2025-08-26 21:57:03,0.5
bitcoin-up-or-down-august-27-8am-et,DOWN,111234870655832851046306569564620313764956595816823469854808434172379633830354,1756245483,2025-08-26 21:58:03,0.5
bitcoin-up-or-down-august-27-8am-et,DOWN,111234870655832851046306569564620313764956595816823469854808434172379633830354,1756245543,2025-08-26 21:59:03,0.5
bitcoin-up-or-down-august-27-8am-et,DOWN,111234870655832851046306569564620313764956595816823469854808434172379633830354,1756245609,2025-08-26 22:00:09,0.5
bitcoin-up-or-down-august-27-8am-et,DOWN,111234870655832851046306569564620313764956595816823469854808434172379633830354,1756245662,2025-08-26 22:01:02,0.5
bitcoin-up-or-down-august-27-8am-et,DOWN,111234870655832851046306569564620313764956595816823469854808434172379633830354,1756245722,2025-08-26 22:02:02,0.5
bitcoin-up-or-down-august-27-8am-et,DOWN,111234870655832851046306569564620313764956595816823469854808434172379633830354,1756245782,2025-08-26 22:03:02,0.5
bitcoin-up-or-down-august-27-8am-et,DOWN,111234870655832851046306569564620313764956595816823469854808434172379633830354,1756245844,2025-08-26 22:04:04,0.5
bitcoin-up-or-down-august-27-8am-et,DOWN,111234870655832851046306569564620313764956595816823469854808434172379633830354,1756245902,2025-08-26 22:05:02,0.5
bitcoin-up-or-down-august-27-8am-et,DOWN,111234870655832851046306569564620313764956595816823469854808434172379633830354,1756245963,2025-08-26 22:06:03,0.5
bitcoin-up-or-down-august-27-8am-et,DOWN,111234870655832851046306569564620313764956595816823469854808434172379633830354,1756246022,2025-08-26 22:07:02,0.5
bitcoin-up-or-down-august-27-8am-et,DOWN,111234870655832851046306569564620313764956595816823469854808434172379633830354,1756246083,2025-08-26 22:08:03,0.5
bitcoin-up-or-down-august-27-8am-et,DOWN,111234870655832851046306569564620313764956595816823469854808434172379633830354,1756246143,2025-08-26 22:09:03,0.5
bitcoin-up-or-down-august-27-8am-et,DOWN,111234870655832851046306569564620313764956595816823469854808434172379633830354,1756246211,2025-08-26 22:10:11,0.5
bitcoin-up-or-down-august-27-8am-et,DOWN,111234870655832851046306569564620313764956595816823469854808434172379633830354,1756246263,2025-08-26 22:11:03,0.5
bitcoin-up-or-down-august-27-8am-et,DOWN,111234870655832851046306569564620313764956595816823469854808434172379633830354,1756246323,2025-08-26 22:12:03,0.5
bitcoin-up-or-down-august-27-8am-et,DOWN,111234870655832851046306569564620313764956595816823469854808434172379633830354,1756246383,2025-08-26 22:13:03,0.5
bitcoin-up-or-down-august-27-8am-et,DOWN,111234870655832851046306569564620313764956595816823469854808434172379633830354,1756246443,2025-08-26 22:14:03,0.5
bitcoin-up-or-down-august-27-8am-et,DOWN,111234870655832851046306569564620313764956595816823469854808434172379633830354,1756246504,2025-08-26 22:15:04,0.5
bitcoin-up-or-down-august-27-8am-et,DOWN,111234870655832851046306569564620313764956595816823469854808434172379633830354,1756246562,2025-08-26 22:16:02,0.5
bitcoin-up-or-down-august-27-8am-et,DOWN,111234870655832851046306569564620313764956595816823469854808434172379633830354,1756246623,2025-08-26 22:17:03,0.5
bitcoin-up-or-down-august-27-8am-et,DOWN,111234870655832851046306569564620313764956595816823469854808434172379633830354,1756246684,2025-08-26 22:18:04,0.5
bitcoin-up-or-down-august-27-8am-et,DOWN,111234870655832851046306569564620313764956595816823469854808434172379633830354,1756246743,2025-08-26 22:19:03,0.5
bitcoin-up-or-down-august-27-8am-et,DOWN,111234870655832851046306569564620313764956595816823469854808434172379633830354,1756246806,2025-08-26 22:20:06,0.5
bitcoin-up-or-down-august-27-8am-et,DOWN,111234870655832851046306569564620313764956595816823469854808434172379633830354,1756246863,2025-08-26 22:21:03,0.5
bitcoin-up-or-down-august-27-8am-et,DOWN,111234870655832851046306569564620313764956595816823469854808434172379633830354,1756246922,2025-08-26 22:22:02,0.5
bitcoin-up-or-down-august-27-8am-et,DOWN,111234870655832851046306569564620313764956595816823469854808434172379633830354,1756246982,2025-08-26 22:23:02,0.5
bitcoin-up-or-down-august-27-8am-et,DOWN,111234870655832851046306569564620313764956595816823469854808434172379633830354,1756247043,2025-08-26 22:24:03,0.5
bitcoin-up-or-down-august-27-8am-et,DOWN,111234870655832851046306569564620313764956595816823469854808434172379633830354,1756247107,2025-08-26 22:25:07,0.5
bitcoin-up-or-down-august-27-8am-et,DOWN,111234870655832851046306569564620313764956595816823469854808434172379633830354,1756247165,2025-08-26 22:26:05,0.5
bitcoin-up-or-down-august-27-8am-et,DOWN,111234870655832851046306569564620313764956595816823469854808434172379633830354,1756247222,2025-08-26 22:27:02,0.5
bitcoin-up-or-down-august-27-8am-et,DOWN,111234870655832851046306569564620313764956595816823469854808434172379633830354,1756247283,2025-08-26 22:28:03,0.5
bitcoin-up-or-down-august-27-8am-et,DOWN,111234870655832851046306569564620313764956595816823469854808434172379633830354,1756247343,2025-08-26 22:29:03,0.5
bitcoin-up-or-down-august-27-8am-et,DOWN,111234870655832851046306569564620313764956595816823469854808434172379633830354,1756247414,2025-08-26 22:30:14,0.5
bitcoin-up-or-down-august-27-8am-et,DOWN,111234870655832851046306569564620313764956595816823469854808434172379633830354,1756247464,2025-08-26 22:31:04,0.5
bitcoin-up-or-down-august-27-8am-et,DOWN,111234870655832851046306569564620313764956595816823469854808434172379633830354,1756247522,2025-08-26 22:32:02,0.5
bitcoin-up-or-down-august-27-8am-et,DOWN,111234870655832851046306569564620313764956595816823469854808434172379633830354,1756247583,2025-08-26 22:33:03,0.5
bitcoin-up-or-down-august-27-8am-et,DOWN,111234870655832851046306569564620313764956595816823469854808434172379633830354,1756247642,2025-08-26 22:34:02,0.5
bitcoin-up-or-down-august-27-8am-et,DOWN,111234870655832851046306569564620313764956595816823469854808434172379633830354,1756247711,2025-08-26 22:35:11,0.5
bitcoin-up-or-down-august-27-8am-et,DOWN,111234870655832851046306569564620313764956595816823469854808434172379633830354,1756247763,2025-08-26 22:36:03,0.5
bitcoin-up-or-down-august-27-8am-et,DOWN,111234870655832851046306569564620313764956595816823469854808434172379633830354,1756247822,2025-08-26 22:37:02,0.5
bitcoin-up-or-down-august-27-8am-et,DOWN,111234870655832851046306569564620313764956595816823469854808434172379633830354,1756247882,2025-08-26 22:38:02,0.5
bitcoin-up-or-down-august-27-8am-et,DOWN,111234870655832851046306569564620313764956595816823469854808434172379633830354,1756247942,2025-08-26 22:39:02,0.5
bitcoin-up-or-down-august-27-8am-et,DOWN,111234870655832851046306569564620313764956595816823469854808434172379633830354,1756248003,2025-08-26 22:40:03,0.5
bitcoin-up-or-down-august-27-8am-et,DOWN,111234870655832851046306569564620313764956595816823469854808434172379633830354,1756248064,2025-08-26 22:41:04,0.5
bitcoin-up-or-down-august-27-8am-et,DOWN,111234870655832851046306569564620313764956595816823469854808434172379633830354,1756248122,2025-08-26 22:42:02,0.5
bitcoin-up-or-down-august-27-8am-et,DOWN,111234870655832851046306569564620313764956595816823469854808434172379633830354,1756248182,2025-08-26 22:43:02,0.5
bitcoin-up-or-down-august-27-8am-et,DOWN,111234870655832851046306569564620313764956595816823469854808434172379633830354,1756248242,2025-08-26 22:44:02,0.5
bitcoin-up-or-down-august-27-8am-et,DOWN,111234870655832851046306569564620313764956595816823469854808434172379633830354,1756248310,2025-08-26 22:45:10,0.5
bitcoin-up-or-down-august-27-8am-et,DOWN,111234870655832851046306569564620313764956595816823469854808434172379633830354,1756248363,2025-08-26 22:46:03,0.5
bitcoin-up-or-down-august-27-8am-et,DOWN,111234870655832851046306569564620313764956595816823469854808434172379633830354,1756248423,2025-08-26 22:47:03,0.5
bitcoin-up-or-down-august-27-8am-et,DOWN,111234870655832851046306569564620313764956595816823469854808434172379633830354,1756248482,2025-08-26 22:48:02,0.5
bitcoin-up-or-down-august-27-8am-et,DOWN,111234870655832851046306569564620313764956595816823469854808434172379633830354,1756248543,2025-08-26 22:49:03,0.5
bitcoin-up-or-down-august-27-8am-et,DOWN,111234870655832851046306569564620313764956595816823469854808434172379633830354,1756248611,2025-08-26 22:50:11,0.5
bitcoin-up-or-down-august-27-8am-et,DOWN,111234870655832851046306569564620313764956595816823469854808434172379633830354,1756248663,2025-08-26 22:51:03,0.5
bitcoin-up-or-down-august-27-8am-et,DOWN,111234870655832851046306569564620313764956595816823469854808434172379633830354,1756248723,2025-08-26 22:52:03,0.5
bitcoin-up-or-down-august-27-8am-et,DOWN,111234870655832851046306569564620313764956595816823469854808434172379633830354,1756248783,2025-08-26 22:53:03,0.5
bitcoin-up-or-down-august-27-8am-et,DOWN,111234870655832851046306569564620313764956595816823469854808434172379633830354,1756248842,2025-08-26 22:54:02,0.5
bitcoin-up-or-down-august-27-8am-et,DOWN,111234870655832851046306569564620313764956595816823469854808434172379633830354,1756248906,2025-08-26 22:55:06,0.5
bitcoin-up-or-down-august-27-8am-et,DOWN,111234870655832851046306569564620313764956595816823469854808434172379633830354,1756248964,2025-08-26 22:56:04,0.5
bitcoin-up-or-down-august-27-8am-et,DOWN,111234870655832851046306569564620313764956595816823469854808434172379633830354,1756249023,2025-08-26 22:57:03,0.5
bitcoin-up-or-down-august-27-8am-et,DOWN,111234870655832851046306569564620313764956595816823469854808434172379633830354,1756249082,2025-08-26 22:58:02,0.5
bitcoin-up-or-down-august-27-8am-et,DOWN,111234870655832851046306569564620313764956595816823469854808434172379633830354,1756249143,2025-08-26 22:59:03,0.5
bitcoin-up-or-down-august-27-8am-et,DOWN,111234870655832851046306569564620313764956595816823469854808434172379633830354,1756249217,2025-08-26 23:00:17,0.5
bitcoin-up-or-down-august-27-8am-et,DOWN,111234870655832851046306569564620313764956595816823469854808434172379633830354,1756249263,2025-08-26 23:01:03,0.5
bitcoin-up-or-down-august-27-8am-et,DOWN,111234870655832851046306569564620313764956595816823469854808434172379633830354,1756249323,2025-08-26 23:02:03,0.5
bitcoin-up-or-down-august-27-8am-et,DOWN,111234870655832851046306569564620313764956595816823469854808434172379633830354,1756249383,2025-08-26 23:03:03,0.5
bitcoin-up-or-down-august-27-8am-et,DOWN,111234870655832851046306569564620313764956595816823469854808434172379633830354,1756249442,2025-08-26 23:04:02,0.5
bitcoin-up-or-down-august-27-8am-et,DOWN,111234870655832851046306569564620313764956595816823469854808434172379633830354,1756249514,2025-08-26 23:05:14,0.5
bitcoin-up-or-down-august-27-8am-et,DOWN,111234870655832851046306569564620313764956595816823469854808434172379633830354,1756249562,2025-08-26 23:06:02,0.5
bitcoin-up-or-down-august-27-8am-et,DOWN,111234870655832851046306569564620313764956595816823469854808434172379633830354,1756249622,2025-08-26 23:07:02,0.5
bitcoin-up-or-down-august-27-8am-et,DOWN,111234870655832851046306569564620313764956595816823469854808434172379633830354,1756249682,2025-08-26 23:08:02,0.5
bitcoin-up-or-down-august-27-8am-et,DOWN,111234870655832851046306569564620313764956595816823469854808434172379633830354,1756249742,2025-08-26 23:09:02,0.5
bitcoin-up-or-down-august-27-8am-et,DOWN,111234870655832851046306569564620313764956595816823469854808434172379633830354,1756249815,2025-08-26 23:10:15,0.5
bitcoin-up-or-down-august-27-8am-et,DOWN,111234870655832851046306569564620313764956595816823469854808434172379633830354,1756249863,2025-08-26 23:11:03,0.5
bitcoin-up-or-down-august-27-8am-et,DOWN,111234870655832851046306569564620313764956595816823469854808434172379633830354,1756249923,2025-08-26 23:12:03,0.5
bitcoin-up-or-down-august-27-8am-et,DOWN,111234870655832851046306569564620313764956595816823469854808434172379633830354,1756249983,2025-08-26 23:13:03,0.5
bitcoin-up-or-down-august-27-8am-et,DOWN,111234870655832851046306569564620313764956595816823469854808434172379633830354,1756250042,2025-08-26 23:14:02,0.5
bitcoin-up-or-down-august-27-8am-et,DOWN,111234870655832851046306569564620313764956595816823469854808434172379633830354,1756250103,2025-08-26 23:15:03,0.5
bitcoin-up-or-down-august-27-8am-et,DOWN,111234870655832851046306569564620313764956595816823469854808434172379633830354,1756250164,2025-08-26 23:16:04,0.5
bitcoin-up-or-down-august-27-8am-et,DOWN,111234870655832851046306569564620313764956595816823469854808434172379633830354,1756250224,2025-08-26 23:17:04,0.5
bitcoin-up-or-down-august-27-8am-et,DOWN,111234870655832851046306569564620313764956595816823469854808434172379633830354,1756250282,2025-08-26 23:18:02,0.5
bitcoin-up-or-down-august-27-8am-et,DOWN,111234870655832851046306569564620313764956595816823469854808434172379633830354,1756250342,2025-08-26 23:19:02,0.5
bitcoin-up-or-down-august-27-8am-et,DOWN,111234870655832851046306569564620313764956595816823469854808434172379633830354,1756250411,2025-08-26 23:20:11,0.5
bitcoin-up-or-down-august-27-8am-et,DOWN,111234870655832851046306569564620313764956595816823469854808434172379633830354,1756250462,2025-08-26 23:21:02,0.5
bitcoin-up-or-down-august-27-8am-et,DOWN,111234870655832851046306569564620313764956595816823469854808434172379633830354,1756250522,2025-08-26 23:22:02,0.5
bitcoin-up-or-down-august-27-8am-et,DOWN,111234870655832851046306569564620313764956595816823469854808434172379633830354,1756250583,2025-08-26 23:23:03,0.5
bitcoin-up-or-down-august-27-8am-et,DOWN,111234870655832851046306569564620313764956595816823469854808434172379633830354,1756250643,2025-08-26 23:24:03,0.5
bitcoin-up-or-down-august-27-8am-et,DOWN,111234870655832851046306569564620313764956595816823469854808434172379633830354,1756250703,2025-08-26 23:25:03,0.5
bitcoin-up-or-down-august-27-8am-et,DOWN,111234870655832851046306569564620313764956595816823469854808434172379633830354,1756250762,2025-08-26 23:26:02,0.5
bitcoin-up-or-down-august-27-8am-et,DOWN,111234870655832851046306569564620313764956595816823469854808434172379633830354,1756250822,2025-08-26 23:27:02,0.5
bitcoin-up-or-down-august-27-8am-et,DOWN,111234870655832851046306569564620313764956595816823469854808434172379633830354,1756250884,2025-08-26 23:28:04,0.5
bitcoin-up-or-down-august-27-8am-et,DOWN,111234870655832851046306569564620313764956595816823469854808434172379633830354,1756250944,2025-08-26 23:29:04,0.5
bitcoin-up-or-down-august-27-8am-et,DOWN,111234870655832851046306569564620313764956595816823469854808434172379633830354,1756251012,2025-08-26 23:30:12,0.5
bitcoin-up-or-down-august-27-8am-et,DOWN,111234870655832851046306569564620313764956595816823469854808434172379633830354,1756251062,2025-08-26 23:31:02,0.5
bitcoin-up-or-down-august-27-8am-et,DOWN,111234870655832851046306569564620313764956595816823469854808434172379633830354,1756251123,2025-08-26 23:32:03,0.5
bitcoin-up-or-down-august-27-8am-et,DOWN,111234870655832851046306569564620313764956595816823469854808434172379633830354,1756251182,2025-08-26 23:33:02,0.5
bitcoin-up-or-down-august-27-8am-et,DOWN,111234870655832851046306569564620313764956595816823469854808434172379633830354,1756251242,2025-08-26 23:34:02,0.5
bitcoin-up-or-down-august-27-8am-et,DOWN,111234870655832851046306569564620313764956595816823469854808434172379633830354,1756251304,2025-08-26 23:35:04,0.5
bitcoin-up-or-down-august-27-8am-et,DOWN,111234870655832851046306569564620313764956595816823469854808434172379633830354,1756251362,2025-08-26 23:36:02,0.5
bitcoin-up-or-down-august-27-8am-et,DOWN,111234870655832851046306569564620313764956595816823469854808434172379633830354,1756251423,2025-08-26 23:37:03,0.5
bitcoin-up-or-down-august-27-8am-et,DOWN,111234870655832851046306569564620313764956595816823469854808434172379633830354,1756251483,2025-08-26 23:38:03,0.5
bitcoin-up-or-down-august-27-8am-et,DOWN,111234870655832851046306569564620313764956595816823469854808434172379633830354,1756251542,2025-08-26 23:39:02,0.5
bitcoin-up-or-down-august-27-8am-et,DOWN,111234870655832851046306569564620313764956595816823469854808434172379633830354,1756251639,2025-08-26 23:40:39,0.5
bitcoin-up-or-down-august-27-8am-et,DOWN,111234870655832851046306569564620313764956595816823469854808434172379633830354,1756251663,2025-08-26 23:41:03,0.5
bitcoin-up-or-down-august-27-8am-et,DOWN,111234870655832851046306569564620313764956595816823469854808434172379633830354,1756251722,2025-08-26 23:42:02,0.5
bitcoin-up-or-down-august-27-8am-et,DOWN,111234870655832851046306569564620313764956595816823469854808434172379633830354,1756251783,2025-08-26 23:43:03,0.5
bitcoin-up-or-down-august-27-8am-et,DOWN,111234870655832851046306569564620313764956595816823469854808434172379633830354,1756251843,2025-08-26 23:44:03,0.5
bitcoin-up-or-down-august-27-8am-et,DOWN,111234870655832851046306569564620313764956595816823469854808434172379633830354,1756251912,2025-08-26 23:45:12,0.5
bitcoin-up-or-down-august-27-8am-et,DOWN,111234870655832851046306569564620313764956595816823469854808434172379633830354,1756251963,2025-08-26 23:46:03,0.5
bitcoin-up-or-down-august-27-8am-et,DOWN,111234870655832851046306569564620313764956595816823469854808434172379633830354,1756252024,2025-08-26 23:47:04,0.5
bitcoin-up-or-down-august-27-8am-et,DOWN,111234870655832851046306569564620313764956595816823469854808434172379633830354,1756252084,2025-08-26 23:48:04,0.5
bitcoin-up-or-down-august-27-8am-et,DOWN,111234870655832851046306569564620313764956595816823469854808434172379633830354,1756252143,2025-08-26 23:49:03,0.5
bitcoin-up-or-down-august-27-8am-et,DOWN,111234870655832851046306569564620313764956595816823469854808434172379633830354,1756252203,2025-08-26 23:50:03,0.5
bitcoin-up-or-down-august-27-8am-et,DOWN,111234870655832851046306569564620313764956595816823469854808434172379633830354,1756252264,2025-08-26 23:51:04,0.5
bitcoin-up-or-down-august-27-8am-et,DOWN,111234870655832851046306569564620313764956595816823469854808434172379633830354,1756252322,2025-08-26 23:52:02,0.5
bitcoin-up-or-down-august-27-8am-et,DOWN,111234870655832851046306569564620313764956595816823469854808434172379633830354,1756252382,2025-08-26 23:53:02,0.5
bitcoin-up-or-down-august-27-8am-et,DOWN,111234870655832851046306569564620313764956595816823469854808434172379633830354,1756252443,2025-08-26 23:54:03,0.5
bitcoin-up-or-down-august-27-8am-et,DOWN,111234870655832851046306569564620313764956595816823469854808434172379633830354,1756252503,2025-08-26 23:55:03,0.5
bitcoin-up-or-down-august-27-8am-et,DOWN,111234870655832851046306569564620313764956595816823469854808434172379633830354,1756252563,2025-08-26 23:56:03,0.5
bitcoin-up-or-down-august-27-8am-et,DOWN,111234870655832851046306569564620313764956595816823469854808434172379633830354,1756252622,2025-08-26 23:57:02,0.5
bitcoin-up-or-down-august-27-8am-et,DOWN,111234870655832851046306569564620313764956595816823469854808434172379633830354,1756252682,2025-08-26 23:58:02,0.5
bitcoin-up-or-down-august-27-8am-et,DOWN,111234870655832851046306569564620313764956595816823469854808434172379633830354,1756252742,2025-08-26 23:59:02,0.5
bitcoin-up-or-down-august-27-8am-et,DOWN,111234870655832851046306569564620313764956595816823469854808434172379633830354,1756252809,2025-08-27 00:00:09,0.5
bitcoin-up-or-down-august-27-8am-et,DOWN,111234870655832851046306569564620313764956595816823469854808434172379633830354,1756252863,2025-08-27 00:01:03,0.5
bitcoin-up-or-down-august-27-8am-et,DOWN,111234870655832851046306569564620313764956595816823469854808434172379633830354,1756252922,2025-08-27 00:02:02,0.5
bitcoin-up-or-down-august-27-8am-et,DOWN,111234870655832851046306569564620313764956595816823469854808434172379633830354,1756252982,2025-08-27 00:03:02,0.5
bitcoin-up-or-down-august-27-8am-et,DOWN,111234870655832851046306569564620313764956595816823469854808434172379633830354,1756253042,2025-08-27 00:04:02,0.5
bitcoin-up-or-down-august-27-8am-et,DOWN,111234870655832851046306569564620313764956595816823469854808434172379633830354,1756253108,2025-08-27 00:05:08,0.5
bitcoin-up-or-down-august-27-8am-et,DOWN,111234870655832851046306569564620313764956595816823469854808434172379633830354,1756253162,2025-08-27 00:06:02,0.5
bitcoin-up-or-down-august-27-8am-et,DOWN,111234870655832851046306569564620313764956595816823469854808434172379633830354,1756253223,2025-08-27 00:07:03,0.5
bitcoin-up-or-down-august-27-8am-et,DOWN,111234870655832851046306569564620313764956595816823469854808434172379633830354,1756253283,2025-08-27 00:08:03,0.5
bitcoin-up-or-down-august-27-8am-et,DOWN,111234870655832851046306569564620313764956595816823469854808434172379633830354,1756253342,2025-08-27 00:09:02,0.5
bitcoin-up-or-down-august-27-8am-et,DOWN,111234870655832851046306569564620313764956595816823469854808434172379633830354,1756253404,2025-08-27 00:10:04,0.5
bitcoin-up-or-down-august-27-8am-et,DOWN,111234870655832851046306569564620313764956595816823469854808434172379633830354,1756253464,2025-08-27 00:11:04,0.5
bitcoin-up-or-down-august-27-8am-et,DOWN,111234870655832851046306569564620313764956595816823469854808434172379633830354,1756253523,2025-08-27 00:12:03,0.5
bitcoin-up-or-down-august-27-8am-et,DOWN,111234870655832851046306569564620313764956595816823469854808434172379633830354,1756253583,2025-08-27 00:13:03,0.5
bitcoin-up-or-down-august-27-8am-et,DOWN,111234870655832851046306569564620313764956595816823469854808434172379633830354,1756253642,2025-08-27 00:14:02,0.5
bitcoin-up-or-down-august-27-8am-et,DOWN,111234870655832851046306569564620313764956595816823469854808434172379633830354,1756253703,2025-08-27 00:15:03,0.5
bitcoin-up-or-down-august-27-8am-et,DOWN,111234870655832851046306569564620313764956595816823469854808434172379633830354,1756253763,2025-08-27 00:16:03,0.5
bitcoin-up-or-down-august-27-8am-et,DOWN,111234870655832851046306569564620313764956595816823469854808434172379633830354,1756253823,2025-08-27 00:17:03,0.5
bitcoin-up-or-down-august-27-8am-et,DOWN,111234870655832851046306569564620313764956595816823469854808434172379633830354,1756253882,2025-08-27 00:18:02,0.5
bitcoin-up-or-down-august-27-8am-et,DOWN,111234870655832851046306569564620313764956595816823469854808434172379633830354,1756253943,2025-08-27 00:19:03,0.5
bitcoin-up-or-down-august-27-8am-et,DOWN,111234870655832851046306569564620313764956595816823469854808434172379633830354,1756254005,2025-08-27 00:20:05,0.5
bitcoin-up-or-down-august-27-8am-et,DOWN,111234870655832851046306569564620313764956595816823469854808434172379633830354,1756254064,2025-08-27 00:21:04,0.5
bitcoin-up-or-down-august-27-8am-et,DOWN,111234870655832851046306569564620313764956595816823469854808434172379633830354,1756254123,2025-08-27 00:22:03,0.5
bitcoin-up-or-down-august-27-8am-et,DOWN,111234870655832851046306569564620313764956595816823469854808434172379633830354,1756254183,2025-08-27 00:23:03,0.5
bitcoin-up-or-down-august-27-8am-et,DOWN,111234870655832851046306569564620313764956595816823469854808434172379633830354,1756254243,2025-08-27 00:24:03,0.5
bitcoin-up-or-down-august-27-8am-et,DOWN,111234870655832851046306569564620313764956595816823469854808434172379633830354,1756254304,2025-08-27 00:25:04,0.5
bitcoin-up-or-down-august-27-8am-et,DOWN,111234870655832851046306569564620313764956595816823469854808434172379633830354,1756254362,2025-08-27 00:26:02,0.5
bitcoin-up-or-down-august-27-8am-et,DOWN,111234870655832851046306569564620313764956595816823469854808434172379633830354,1756254422,2025-08-27 00:27:02,0.5
bitcoin-up-or-down-august-27-8am-et,DOWN,111234870655832851046306569564620313764956595816823469854808434172379633830354,1756254483,2025-08-27 00:28:03,0.5
bitcoin-up-or-down-august-27-8am-et,DOWN,111234870655832851046306569564620313764956595816823469854808434172379633830354,1756254543,2025-08-27 00:29:03,0.5
bitcoin-up-or-down-august-27-8am-et,DOWN,111234870655832851046306569564620313764956595816823469854808434172379633830354,1756254604,2025-08-27 00:30:04,0.5
bitcoin-up-or-down-august-27-8am-et,DOWN,111234870655832851046306569564620313764956595816823469854808434172379633830354,1756254664,2025-08-27 00:31:04,0.5
bitcoin-up-or-down-august-27-8am-et,DOWN,111234870655832851046306569564620313764956595816823469854808434172379633830354,1756254723,2025-08-27 00:32:03,0.5
bitcoin-up-or-down-august-27-8am-et,DOWN,111234870655832851046306569564620313764956595816823469854808434172379633830354,1756254782,2025-08-27 00:33:02,0.5
bitcoin-up-or-down-august-27-8am-et,DOWN,111234870655832851046306569564620313764956595816823469854808434172379633830354,1756254842,2025-08-27 00:34:02,0.5
bitcoin-up-or-down-august-27-8am-et,DOWN,111234870655832851046306569564620313764956595816823469854808434172379633830354,1756254903,2025-08-27 00:35:03,0.5
bitcoin-up-or-down-august-27-8am-et,DOWN,111234870655832851046306569564620313764956595816823469854808434172379633830354,1756254963,2025-08-27 00:36:03,0.5
bitcoin-up-or-down-august-27-8am-et,DOWN,111234870655832851046306569564620313764956595816823469854808434172379633830354,1756255022,2025-08-27 00:37:02,0.5
bitcoin-up-or-down-august-27-8am-et,DOWN,111234870655832851046306569564620313764956595816823469854808434172379633830354,1756255082,2025-08-27 00:38:02,0.5
bitcoin-up-or-down-august-27-8am-et,DOWN,111234870655832851046306569564620313764956595816823469854808434172379633830354,1756255142,2025-08-27 00:39:02,0.5
bitcoin-up-or-down-august-27-8am-et,DOWN,111234870655832851046306569564620313764956595816823469854808434172379633830354,1756255205,2025-08-27 00:40:05,0.5
bitcoin-up-or-down-august-27-8am-et,DOWN,111234870655832851046306569564620313764956595816823469854808434172379633830354,1756255262,2025-08-27 00:41:02,0.5
bitcoin-up-or-down-august-27-8am-et,DOWN,111234870655832851046306569564620313764956595816823469854808434172379633830354,1756255324,2025-08-27 00:42:04,0.5
bitcoin-up-or-down-august-27-8am-et,DOWN,111234870655832851046306569564620313764956595816823469854808434172379633830354,1756255383,2025-08-27 00:43:03,0.5
bitcoin-up-or-down-august-27-8am-et,DOWN,111234870655832851046306569564620313764956595816823469854808434172379633830354,1756255443,2025-08-27 00:44:03,0.5
bitcoin-up-or-down-august-27-8am-et,DOWN,111234870655832851046306569564620313764956595816823469854808434172379633830354,1756255508,2025-08-27 00:45:08,0.5
bitcoin-up-or-down-august-27-8am-et,DOWN,111234870655832851046306569564620313764956595816823469854808434172379633830354,1756255563,2025-08-27 00:46:03,0.5
bitcoin-up-or-down-august-27-8am-et,DOWN,111234870655832851046306569564620313764956595816823469854808434172379633830354,1756255623,2025-08-27 00:47:03,0.5
bitcoin-up-or-down-august-27-8am-et,DOWN,111234870655832851046306569564620313764956595816823469854808434172379633830354,1756255682,2025-08-27 00:48:02,0.5
bitcoin-up-or-down-august-27-8am-et,DOWN,111234870655832851046306569564620313764956595816823469854808434172379633830354,1756255742,2025-08-27 00:49:02,0.5
bitcoin-up-or-down-august-27-8am-et,DOWN,111234870655832851046306569564620313764956595816823469854808434172379633830354,1756255810,2025-08-27 00:50:10,0.5
bitcoin-up-or-down-august-27-8am-et,DOWN,111234870655832851046306569564620313764956595816823469854808434172379633830354,1756255863,2025-08-27 00:51:03,0.5
bitcoin-up-or-down-august-27-8am-et,DOWN,111234870655832851046306569564620313764956595816823469854808434172379633830354,1756255923,2025-08-27 00:52:03,0.5
bitcoin-up-or-down-august-27-8am-et,DOWN,111234870655832851046306569564620313764956595816823469854808434172379633830354,1756255982,2025-08-27 00:53:02,0.5
bitcoin-up-or-down-august-27-8am-et,DOWN,111234870655832851046306569564620313764956595816823469854808434172379633830354,1756256043,2025-08-27 00:54:03,0.5
bitcoin-up-or-down-august-27-8am-et,DOWN,111234870655832851046306569564620313764956595816823469854808434172379633830354,1756256103,2025-08-27 00:55:03,0.5
bitcoin-up-or-down-august-27-8am-et,DOWN,111234870655832851046306569564620313764956595816823469854808434172379633830354,1756256163,2025-08-27 00:56:03,0.5
bitcoin-up-or-down-august-27-8am-et,DOWN,111234870655832851046306569564620313764956595816823469854808434172379633830354,1756256223,2025-08-27 00:57:03,0.5
bitcoin-up-or-down-august-27-8am-et,DOWN,111234870655832851046306569564620313764956595816823469854808434172379633830354,1756256283,2025-08-27 00:58:03,0.5
bitcoin-up-or-down-august-27-8am-et,DOWN,111234870655832851046306569564620313764956595816823469854808434172379633830354,1756256343,2025-08-27 00:59:03,0.5
bitcoin-up-or-down-august-27-8am-et,DOWN,111234870655832851046306569564620313764956595816823469854808434172379633830354,1756256403,2025-08-27 01:00:03,0.5
bitcoin-up-or-down-august-27-8am-et,DOWN,111234870655832851046306569564620313764956595816823469854808434172379633830354,1756256462,2025-08-27 01:01:02,0.5
bitcoin-up-or-down-august-27-8am-et,DOWN,111234870655832851046306569564620313764956595816823469854808434172379633830354,1756256522,2025-08-27 01:02:02,0.5
bitcoin-up-or-down-august-27-8am-et,DOWN,111234870655832851046306569564620313764956595816823469854808434172379633830354,1756256582,2025-08-27 01:03:02,0.5
bitcoin-up-or-down-august-27-8am-et,DOWN,111234870655832851046306569564620313764956595816823469854808434172379633830354,1756256643,2025-08-27 01:04:03,0.5
bitcoin-up-or-down-august-27-8am-et,DOWN,111234870655832851046306569564620313764956595816823469854808434172379633830354,1756256711,2025-08-27 01:05:11,0.5
bitcoin-up-or-down-august-27-8am-et,DOWN,111234870655832851046306569564620313764956595816823469854808434172379633830354,1756256762,2025-08-27 01:06:02,0.5
bitcoin-up-or-down-august-27-8am-et,DOWN,111234870655832851046306569564620313764956595816823469854808434172379633830354,1756256823,2025-08-27 01:07:03,0.5
bitcoin-up-or-down-august-27-8am-et,DOWN,111234870655832851046306569564620313764956595816823469854808434172379633830354,1756256883,2025-08-27 01:08:03,0.5
bitcoin-up-or-down-august-27-8am-et,DOWN,111234870655832851046306569564620313764956595816823469854808434172379633830354,1756256943,2025-08-27 01:09:03,0.5
bitcoin-up-or-down-august-27-8am-et,DOWN,111234870655832851046306569564620313764956595816823469854808434172379633830354,1756257002,2025-08-27 01:10:02,0.5
bitcoin-up-or-down-august-27-8am-et,DOWN,111234870655832851046306569564620313764956595816823469854808434172379633830354,1756257062,2025-08-27 01:11:02,0.5
bitcoin-up-or-down-august-27-8am-et,DOWN,111234870655832851046306569564620313764956595816823469854808434172379633830354,1756257123,2025-08-27 01:12:03,0.5
bitcoin-up-or-down-august-27-8am-et,DOWN,111234870655832851046306569564620313764956595816823469854808434172379633830354,1756257183,2025-08-27 01:13:03,0.5
bitcoin-up-or-down-august-27-8am-et,DOWN,111234870655832851046306569564620313764956595816823469854808434172379633830354,1756257242,2025-08-27 01:14:02,0.5
bitcoin-up-or-down-august-27-8am-et,DOWN,111234870655832851046306569564620313764956595816823469854808434172379633830354,1756257312,2025-08-27 01:15:12,0.5
bitcoin-up-or-down-august-27-8am-et,DOWN,111234870655832851046306569564620313764956595816823469854808434172379633830354,1756257362,2025-08-27 01:16:02,0.5
bitcoin-up-or-down-august-27-8am-et,DOWN,111234870655832851046306569564620313764956595816823469854808434172379633830354,1756257423,2025-08-27 01:17:03,0.5
bitcoin-up-or-down-august-27-8am-et,DOWN,111234870655832851046306569564620313764956595816823469854808434172379633830354,1756257483,2025-08-27 01:18:03,0.5
bitcoin-up-or-down-august-27-8am-et,DOWN,111234870655832851046306569564620313764956595816823469854808434172379633830354,1756257542,2025-08-27 01:19:02,0.5
bitcoin-up-or-down-august-27-8am-et,DOWN,111234870655832851046306569564620313764956595816823469854808434172379633830354,1756257603,2025-08-27 01:20:03,0.5
bitcoin-up-or-down-august-27-8am-et,DOWN,111234870655832851046306569564620313764956595816823469854808434172379633830354,1756257663,2025-08-27 01:21:03,0.5
bitcoin-up-or-down-august-27-8am-et,DOWN,111234870655832851046306569564620313764956595816823469854808434172379633830354,1756257723,2025-08-27 01:22:03,0.5
bitcoin-up-or-down-august-27-8am-et,DOWN,111234870655832851046306569564620313764956595816823469854808434172379633830354,1756257783,2025-08-27 01:23:03,0.5
bitcoin-up-or-down-august-27-8am-et,DOWN,111234870655832851046306569564620313764956595816823469854808434172379633830354,1756257842,2025-08-27 01:24:02,0.5
bitcoin-up-or-down-august-27-8am-et,DOWN,111234870655832851046306569564620313764956595816823469854808434172379633830354,1756257909,2025-08-27 01:25:09,0.5
bitcoin-up-or-down-august-27-8am-et,DOWN,111234870655832851046306569564620313764956595816823469854808434172379633830354,1756257962,2025-08-27 01:26:02,0.5
bitcoin-up-or-down-august-27-8am-et,DOWN,111234870655832851046306569564620313764956595816823469854808434172379633830354,1756258022,2025-08-27 01:27:02,0.5
bitcoin-up-or-down-august-27-8am-et,DOWN,111234870655832851046306569564620313764956595816823469854808434172379633830354,1756258083,2025-08-27 01:28:03,0.5
bitcoin-up-or-down-august-27-8am-et,DOWN,111234870655832851046306569564620313764956595816823469854808434172379633830354,1756258143,2025-08-27 01:29:03,0.5
bitcoin-up-or-down-august-27-8am-et,DOWN,111234870655832851046306569564620313764956595816823469854808434172379633830354,1756258202,2025-08-27 01:30:02,0.5
bitcoin-up-or-down-august-27-8am-et,DOWN,111234870655832851046306569564620313764956595816823469854808434172379633830354,1756258263,2025-08-27 01:31:03,0.5
bitcoin-up-or-down-august-27-8am-et,DOWN,111234870655832851046306569564620313764956595816823469854808434172379633830354,1756258322,2025-08-27 01:32:02,0.5
bitcoin-up-or-down-august-27-8am-et,DOWN,111234870655832851046306569564620313764956595816823469854808434172379633830354,1756258382,2025-08-27 01:33:02,0.5
bitcoin-up-or-down-august-27-8am-et,DOWN,111234870655832851046306569564620313764956595816823469854808434172379633830354,1756258442,2025-08-27 01:34:02,0.5
bitcoin-up-or-down-august-27-8am-et,DOWN,111234870655832851046306569564620313764956595816823469854808434172379633830354,1756258512,2025-08-27 01:35:12,0.5
bitcoin-up-or-down-august-27-8am-et,DOWN,111234870655832851046306569564620313764956595816823469854808434172379633830354,1756258562,2025-08-27 01:36:02,0.5
bitcoin-up-or-down-august-27-8am-et,DOWN,111234870655832851046306569564620313764956595816823469854808434172379633830354,1756258623,2025-08-27 01:37:03,0.5
bitcoin-up-or-down-august-27-8am-et,DOWN,111234870655832851046306569564620313764956595816823469854808434172379633830354,1756258682,2025-08-27 01:38:02,0.5
bitcoin-up-or-down-august-27-8am-et,DOWN,111234870655832851046306569564620313764956595816823469854808434172379633830354,1756258742,2025-08-27 01:39:02,0.5
bitcoin-up-or-down-august-27-8am-et,DOWN,111234870655832851046306569564620313764956595816823469854808434172379633830354,1756258804,2025-08-27 01:40:04,0.5
bitcoin-up-or-down-august-27-8am-et,DOWN,111234870655832851046306569564620313764956595816823469854808434172379633830354,1756258863,2025-08-27 01:41:03,0.5
bitcoin-up-or-down-august-27-8am-et,DOWN,111234870655832851046306569564620313764956595816823469854808434172379633830354,1756258923,2025-08-27 01:42:03,0.5
bitcoin-up-or-down-august-27-8am-et,DOWN,111234870655832851046306569564620313764956595816823469854808434172379633830354,1756258983,2025-08-27 01:43:03,0.5
bitcoin-up-or-down-august-27-8am-et,DOWN,111234870655832851046306569564620313764956595816823469854808434172379633830354,1756259043,2025-08-27 01:44:03,0.5
bitcoin-up-or-down-august-27-8am-et,DOWN,111234870655832851046306569564620313764956595816823469854808434172379633830354,1756259111,2025-08-27 01:45:11,0.5
bitcoin-up-or-down-august-27-8am-et,DOWN,111234870655832851046306569564620313764956595816823469854808434172379633830354,1756259164,2025-08-27 01:46:04,0.5
bitcoin-up-or-down-august-27-8am-et,DOWN,111234870655832851046306569564620313764956595816823469854808434172379633830354,1756259224,2025-08-27 01:47:04,0.5
bitcoin-up-or-down-august-27-8am-et,DOWN,111234870655832851046306569564620313764956595816823469854808434172379633830354,1756259282,2025-08-27 01:48:02,0.5
bitcoin-up-or-down-august-27-8am-et,DOWN,111234870655832851046306569564620313764956595816823469854808434172379633830354,1756259343,2025-08-27 01:49:03,0.5
bitcoin-up-or-down-august-27-8am-et,DOWN,111234870655832851046306569564620313764956595816823469854808434172379633830354,1756259403,2025-08-27 01:50:03,0.5
bitcoin-up-or-down-august-27-8am-et,DOWN,111234870655832851046306569564620313764956595816823469854808434172379633830354,1756259462,2025-08-27 01:51:02,0.5
bitcoin-up-or-down-august-27-8am-et,DOWN,111234870655832851046306569564620313764956595816823469854808434172379633830354,1756259522,2025-08-27 01:52:02,0.5
bitcoin-up-or-down-august-27-8am-et,DOWN,111234870655832851046306569564620313764956595816823469854808434172379633830354,1756259582,2025-08-27 01:53:02,0.5
bitcoin-up-or-down-august-27-8am-et,DOWN,111234870655832851046306569564620313764956595816823469854808434172379633830354,1756259643,2025-08-27 01:54:03,0.5
bitcoin-up-or-down-august-27-8am-et,DOWN,111234870655832851046306569564620313764956595816823469854808434172379633830354,1756259710,2025-08-27 01:55:10,0.5
bitcoin-up-or-down-august-27-8am-et,DOWN,111234870655832851046306569564620313764956595816823469854808434172379633830354,1756259762,2025-08-27 01:56:02,0.5
bitcoin-up-or-down-august-27-8am-et,DOWN,111234870655832851046306569564620313764956595816823469854808434172379633830354,1756259823,2025-08-27 01:57:03,0.5
bitcoin-up-or-down-august-27-8am-et,DOWN,111234870655832851046306569564620313764956595816823469854808434172379633830354,1756259882,2025-08-27 01:58:02,0.5
bitcoin-up-or-down-august-27-8am-et,DOWN,111234870655832851046306569564620313764956595816823469854808434172379633830354,1756259944,2025-08-27 01:59:04,0.5
bitcoin-up-or-down-august-27-8am-et,DOWN,111234870655832851046306569564620313764956595816823469854808434172379633830354,1756260003,2025-08-27 02:00:03,0.5
bitcoin-up-or-down-august-27-8am-et,DOWN,111234870655832851046306569564620313764956595816823469854808434172379633830354,1756260062,2025-08-27 02:01:02,0.5
bitcoin-up-or-down-august-27-8am-et,DOWN,111234870655832851046306569564620313764956595816823469854808434172379633830354,1756260123,2025-08-27 02:02:03,0.5
bitcoin-up-or-down-august-27-8am-et,DOWN,111234870655832851046306569564620313764956595816823469854808434172379633830354,1756260183,2025-08-27 02:03:03,0.5
bitcoin-up-or-down-august-27-8am-et,DOWN,111234870655832851046306569564620313764956595816823469854808434172379633830354,1756260244,2025-08-27 02:04:04,0.5
bitcoin-up-or-down-august-27-8am-et,DOWN,111234870655832851046306569564620313764956595816823469854808434172379633830354,1756260302,2025-08-27 02:05:02,0.5
bitcoin-up-or-down-august-27-8am-et,DOWN,111234870655832851046306569564620313764956595816823469854808434172379633830354,1756260364,2025-08-27 02:06:04,0.5
bitcoin-up-or-down-august-27-8am-et,DOWN,111234870655832851046306569564620313764956595816823469854808434172379633830354,1756260423,2025-08-27 02:07:03,0.5
bitcoin-up-or-down-august-27-8am-et,DOWN,111234870655832851046306569564620313764956595816823469854808434172379633830354,1756260484,2025-08-27 02:08:04,0.5
bitcoin-up-or-down-august-27-8am-et,DOWN,111234870655832851046306569564620313764956595816823469854808434172379633830354,1756260542,2025-08-27 02:09:02,0.5
bitcoin-up-or-down-august-27-8am-et,DOWN,111234870655832851046306569564620313764956595816823469854808434172379633830354,1756260611,2025-08-27 02:10:11,0.5
bitcoin-up-or-down-august-27-8am-et,DOWN,111234870655832851046306569564620313764956595816823469854808434172379633830354,1756260663,2025-08-27 02:11:03,0.5
bitcoin-up-or-down-august-27-8am-et,DOWN,111234870655832851046306569564620313764956595816823469854808434172379633830354,1756260723,2025-08-27 02:12:03,0.5
bitcoin-up-or-down-august-27-8am-et,DOWN,111234870655832851046306569564620313764956595816823469854808434172379633830354,1756260783,2025-08-27 02:13:03,0.5
bitcoin-up-or-down-august-27-8am-et,DOWN,111234870655832851046306569564620313764956595816823469854808434172379633830354,1756260843,2025-08-27 02:14:03,0.5
bitcoin-up-or-down-august-27-8am-et,DOWN,111234870655832851046306569564620313764956595816823469854808434172379633830354,1756260913,2025-08-27 02:15:13,0.5
bitcoin-up-or-down-august-27-8am-et,DOWN,111234870655832851046306569564620313764956595816823469854808434172379633830354,1756260962,2025-08-27 02:16:02,0.5
bitcoin-up-or-down-august-27-8am-et,DOWN,111234870655832851046306569564620313764956595816823469854808434172379633830354,1756261022,2025-08-27 02:17:02,0.5
bitcoin-up-or-down-august-27-8am-et,DOWN,111234870655832851046306569564620313764956595816823469854808434172379633830354,1756261082,2025-08-27 02:18:02,0.5
bitcoin-up-or-down-august-27-8am-et,DOWN,111234870655832851046306569564620313764956595816823469854808434172379633830354,1756261143,2025-08-27 02:19:03,0.5
bitcoin-up-or-down-august-27-8am-et,DOWN,111234870655832851046306569564620313764956595816823469854808434172379633830354,1756261205,2025-08-27 02:20:05,0.5
bitcoin-up-or-down-august-27-8am-et,DOWN,111234870655832851046306569564620313764956595816823469854808434172379633830354,1756261262,2025-08-27 02:21:02,0.5
bitcoin-up-or-down-august-27-8am-et,DOWN,111234870655832851046306569564620313764956595816823469854808434172379633830354,1756261324,2025-08-27 02:22:04,0.5
bitcoin-up-or-down-august-27-8am-et,DOWN,111234870655832851046306569564620313764956595816823469854808434172379633830354,1756261383,2025-08-27 02:23:03,0.5
bitcoin-up-or-down-august-27-8am-et,DOWN,111234870655832851046306569564620313764956595816823469854808434172379633830354,1756261442,2025-08-27 02:24:02,0.5
bitcoin-up-or-down-august-27-8am-et,DOWN,111234870655832851046306569564620313764956595816823469854808434172379633830354,1756261509,2025-08-27 02:25:09,0.5
bitcoin-up-or-down-august-27-8am-et,DOWN,111234870655832851046306569564620313764956595816823469854808434172379633830354,1756261562,2025-08-27 02:26:02,0.5
bitcoin-up-or-down-august-27-8am-et,DOWN,111234870655832851046306569564620313764956595816823469854808434172379633830354,1756261622,2025-08-27 02:27:02,0.5
bitcoin-up-or-down-august-27-8am-et,DOWN,111234870655832851046306569564620313764956595816823469854808434172379633830354,1756261683,2025-08-27 02:28:03,0.5
bitcoin-up-or-down-august-27-8am-et,DOWN,111234870655832851046306569564620313764956595816823469854808434172379633830354,1756261742,2025-08-27 02:29:02,0.5
bitcoin-up-or-down-august-27-8am-et,DOWN,111234870655832851046306569564620313764956595816823469854808434172379633830354,1756261808,2025-08-27 02:30:08,0.5
bitcoin-up-or-down-august-27-8am-et,DOWN,111234870655832851046306569564620313764956595816823469854808434172379633830354,1756261863,2025-08-27 02:31:03,0.5
bitcoin-up-or-down-august-27-8am-et,DOWN,111234870655832851046306569564620313764956595816823469854808434172379633830354,1756261923,2025-08-27 02:32:03,0.5
bitcoin-up-or-down-august-27-8am-et,DOWN,111234870655832851046306569564620313764956595816823469854808434172379633830354,1756261983,2025-08-27 02:33:03,0.5
bitcoin-up-or-down-august-27-8am-et,DOWN,111234870655832851046306569564620313764956595816823469854808434172379633830354,1756262043,2025-08-27 02:34:03,0.5
bitcoin-up-or-down-august-27-8am-et,DOWN,111234870655832851046306569564620313764956595816823469854808434172379633830354,1756262110,2025-08-27 02:35:10,0.5
bitcoin-up-or-down-august-27-8am-et,DOWN,111234870655832851046306569564620313764956595816823469854808434172379633830354,1756262163,2025-08-27 02:36:03,0.5
bitcoin-up-or-down-august-27-8am-et,DOWN,111234870655832851046306569564620313764956595816823469854808434172379633830354,1756262223,2025-08-27 02:37:03,0.5
bitcoin-up-or-down-august-27-8am-et,DOWN,111234870655832851046306569564620313764956595816823469854808434172379633830354,1756262282,2025-08-27 02:38:02,0.5
bitcoin-up-or-down-august-27-8am-et,DOWN,111234870655832851046306569564620313764956595816823469854808434172379633830354,1756262343,2025-08-27 02:39:03,0.5
bitcoin-up-or-down-august-27-8am-et,DOWN,111234870655832851046306569564620313764956595816823469854808434172379633830354,1756262408,2025-08-27 02:40:08,0.5
bitcoin-up-or-down-august-27-8am-et,DOWN,111234870655832851046306569564620313764956595816823469854808434172379633830354,1756262464,2025-08-27 02:41:04,0.5
bitcoin-up-or-down-august-27-8am-et,DOWN,111234870655832851046306569564620313764956595816823469854808434172379633830354,1756262522,2025-08-27 02:42:02,0.5
bitcoin-up-or-down-august-27-8am-et,DOWN,111234870655832851046306569564620313764956595816823469854808434172379633830354,1756262582,2025-08-27 02:43:02,0.5
bitcoin-up-or-down-august-27-8am-et,DOWN,111234870655832851046306569564620313764956595816823469854808434172379633830354,1756262643,2025-08-27 02:44:03,0.5
bitcoin-up-or-down-august-27-8am-et,DOWN,111234870655832851046306569564620313764956595816823469854808434172379633830354,1756262704,2025-08-27 02:45:04,0.5
bitcoin-up-or-down-august-27-8am-et,DOWN,111234870655832851046306569564620313764956595816823469854808434172379633830354,1756262764,2025-08-27 02:46:04,0.5
bitcoin-up-or-down-august-27-8am-et,DOWN,111234870655832851046306569564620313764956595816823469854808434172379633830354,1756262822,2025-08-27 02:47:02,0.5
bitcoin-up-or-down-august-27-8am-et,DOWN,111234870655832851046306569564620313764956595816823469854808434172379633830354,1756262882,2025-08-27 02:48:02,0.5
bitcoin-up-or-down-august-27-8am-et,DOWN,111234870655832851046306569564620313764956595816823469854808434172379633830354,1756262943,2025-08-27 02:49:03,0.5
bitcoin-up-or-down-august-27-8am-et,DOWN,111234870655832851046306569564620313764956595816823469854808434172379633830354,1756263012,2025-08-27 02:50:12,0.5
bitcoin-up-or-down-august-27-8am-et,DOWN,111234870655832851046306569564620313764956595816823469854808434172379633830354,1756263063,2025-08-27 02:51:03,0.5
bitcoin-up-or-down-august-27-8am-et,DOWN,111234870655832851046306569564620313764956595816823469854808434172379633830354,1756263123,2025-08-27 02:52:03,0.5
bitcoin-up-or-down-august-27-8am-et,DOWN,111234870655832851046306569564620313764956595816823469854808434172379633830354,1756263183,2025-08-27 02:53:03,0.5
bitcoin-up-or-down-august-27-8am-et,DOWN,111234870655832851046306569564620313764956595816823469854808434172379633830354,1756263242,2025-08-27 02:54:02,0.5
bitcoin-up-or-down-august-27-8am-et,DOWN,111234870655832851046306569564620313764956595816823469854808434172379633830354,1756263307,2025-08-27 02:55:07,0.5
bitcoin-up-or-down-august-27-8am-et,DOWN,111234870655832851046306569564620313764956595816823469854808434172379633830354,1756263364,2025-08-27 02:56:04,0.5
bitcoin-up-or-down-august-27-8am-et,DOWN,111234870655832851046306569564620313764956595816823469854808434172379633830354,1756263422,2025-08-27 02:57:02,0.5
bitcoin-up-or-down-august-27-8am-et,DOWN,111234870655832851046306569564620313764956595816823469854808434172379633830354,1756263482,2025-08-27 02:58:02,0.5
bitcoin-up-or-down-august-27-8am-et,DOWN,111234870655832851046306569564620313764956595816823469854808434172379633830354,1756263543,2025-08-27 02:59:03,0.5
bitcoin-up-or-down-august-27-8am-et,DOWN,111234870655832851046306569564620313764956595816823469854808434172379633830354,1756263609,2025-08-27 03:00:09,0.5
bitcoin-up-or-down-august-27-8am-et,DOWN,111234870655832851046306569564620313764956595816823469854808434172379633830354,1756263663,2025-08-27 03:01:03,0.5
bitcoin-up-or-down-august-27-8am-et,DOWN,111234870655832851046306569564620313764956595816823469854808434172379633830354,1756263722,2025-08-27 03:02:02,0.5
bitcoin-up-or-down-august-27-8am-et,DOWN,111234870655832851046306569564620313764956595816823469854808434172379633830354,1756263783,2025-08-27 03:03:03,0.5
bitcoin-up-or-down-august-27-8am-et,DOWN,111234870655832851046306569564620313764956595816823469854808434172379633830354,1756263844,2025-08-27 03:04:04,0.5
bitcoin-up-or-down-august-27-8am-et,DOWN,111234870655832851046306569564620313764956595816823469854808434172379633830354,1756263902,2025-08-27 03:05:02,0.5
bitcoin-up-or-down-august-27-8am-et,DOWN,111234870655832851046306569564620313764956595816823469854808434172379633830354,1756263963,2025-08-27 03:06:03,0.5
bitcoin-up-or-down-august-27-8am-et,DOWN,111234870655832851046306569564620313764956595816823469854808434172379633830354,1756264022,2025-08-27 03:07:02,0.5
bitcoin-up-or-down-august-27-8am-et,DOWN,111234870655832851046306569564620313764956595816823469854808434172379633830354,1756264084,2025-08-27 03:08:04,0.5
bitcoin-up-or-down-august-27-8am-et,DOWN,111234870655832851046306569564620313764956595816823469854808434172379633830354,1756264144,2025-08-27 03:09:04,0.5
bitcoin-up-or-down-august-27-8am-et,DOWN,111234870655832851046306569564620313764956595816823469854808434172379633830354,1756264210,2025-08-27 03:10:10,0.5
bitcoin-up-or-down-august-27-8am-et,DOWN,111234870655832851046306569564620313764956595816823469854808434172379633830354,1756264262,2025-08-27 03:11:02,0.5
bitcoin-up-or-down-august-27-8am-et,DOWN,111234870655832851046306569564620313764956595816823469854808434172379633830354,1756264323,2025-08-27 03:12:03,0.5
bitcoin-up-or-down-august-27-8am-et,DOWN,111234870655832851046306569564620313764956595816823469854808434172379633830354,1756264383,2025-08-27 03:13:03,0.5
bitcoin-up-or-down-august-27-8am-et,DOWN,111234870655832851046306569564620313764956595816823469854808434172379633830354,1756264442,2025-08-27 03:14:02,0.5
bitcoin-up-or-down-august-27-8am-et,DOWN,111234870655832851046306569564620313764956595816823469854808434172379633830354,1756264502,2025-08-27 03:15:02,0.5
bitcoin-up-or-down-august-27-8am-et,DOWN,111234870655832851046306569564620313764956595816823469854808434172379633830354,1756264562,2025-08-27 03:16:02,0.5
bitcoin-up-or-down-august-27-8am-et,DOWN,111234870655832851046306569564620313764956595816823469854808434172379633830354,1756264622,2025-08-27 03:17:02,0.5
bitcoin-up-or-down-august-27-8am-et,DOWN,111234870655832851046306569564620313764956595816823469854808434172379633830354,1756264682,2025-08-27 03:18:02,0.5
bitcoin-up-or-down-august-27-8am-et,DOWN,111234870655832851046306569564620313764956595816823469854808434172379633830354,1756264742,2025-08-27 03:19:02,0.5
bitcoin-up-or-down-august-27-8am-et,DOWN,111234870655832851046306569564620313764956595816823469854808434172379633830354,1756264804,2025-08-27 03:20:04,0.5
bitcoin-up-or-down-august-27-8am-et,DOWN,111234870655832851046306569564620313764956595816823469854808434172379633830354,1756264862,2025-08-27 03:21:02,0.5
bitcoin-up-or-down-august-27-8am-et,DOWN,111234870655832851046306569564620313764956595816823469854808434172379633830354,1756264922,2025-08-27 03:22:02,0.5
bitcoin-up-or-down-august-27-8am-et,DOWN,111234870655832851046306569564620313764956595816823469854808434172379633830354,1756264983,2025-08-27 03:23:03,0.5
bitcoin-up-or-down-august-27-8am-et,DOWN,111234870655832851046306569564620313764956595816823469854808434172379633830354,1756265042,2025-08-27 03:24:02,0.5
bitcoin-up-or-down-august-27-8am-et,DOWN,111234870655832851046306569564620313764956595816823469854808434172379633830354,1756265115,2025-08-27 03:25:15,0.5
bitcoin-up-or-down-august-27-8am-et,DOWN,111234870655832851046306569564620313764956595816823469854808434172379633830354,1756265164,2025-08-27 03:26:04,0.5
bitcoin-up-or-down-august-27-8am-et,DOWN,111234870655832851046306569564620313764956595816823469854808434172379633830354,1756265223,2025-08-27 03:27:03,0.5
bitcoin-up-or-down-august-27-8am-et,DOWN,111234870655832851046306569564620313764956595816823469854808434172379633830354,1756265282,2025-08-27 03:28:02,0.5
bitcoin-up-or-down-august-27-8am-et,DOWN,111234870655832851046306569564620313764956595816823469854808434172379633830354,1756265343,2025-08-27 03:29:03,0.5
bitcoin-up-or-down-august-27-8am-et,DOWN,111234870655832851046306569564620313764956595816823469854808434172379633830354,1756265403,2025-08-27 03:30:03,0.5
bitcoin-up-or-down-august-27-8am-et,DOWN,111234870655832851046306569564620313764956595816823469854808434172379633830354,1756265462,2025-08-27 03:31:02,0.5
bitcoin-up-or-down-august-27-8am-et,DOWN,111234870655832851046306569564620313764956595816823469854808434172379633830354,1756265522,2025-08-27 03:32:02,0.5
bitcoin-up-or-down-august-27-8am-et,DOWN,111234870655832851046306569564620313764956595816823469854808434172379633830354,1756265583,2025-08-27 03:33:03,0.5
bitcoin-up-or-down-august-27-8am-et,DOWN,111234870655832851046306569564620313764956595816823469854808434172379633830354,1756265642,2025-08-27 03:34:02,0.5
bitcoin-up-or-down-august-27-8am-et,DOWN,111234870655832851046306569564620313764956595816823469854808434172379633830354,1756265714,2025-08-27 03:35:14,0.5
bitcoin-up-or-down-august-27-8am-et,DOWN,111234870655832851046306569564620313764956595816823469854808434172379633830354,1756265763,2025-08-27 03:36:03,0.5
bitcoin-up-or-down-august-27-8am-et,DOWN,111234870655832851046306569564620313764956595816823469854808434172379633830354,1756265823,2025-08-27 03:37:03,0.5
bitcoin-up-or-down-august-27-8am-et,DOWN,111234870655832851046306569564620313764956595816823469854808434172379633830354,1756265883,2025-08-27 03:38:03,0.5
bitcoin-up-or-down-august-27-8am-et,DOWN,111234870655832851046306569564620313764956595816823469854808434172379633830354,1756265943,2025-08-27 03:39:03,0.5
bitcoin-up-or-down-august-27-8am-et,DOWN,111234870655832851046306569564620313764956595816823469854808434172379633830354,1756266007,2025-08-27 03:40:07,0.5
bitcoin-up-or-down-august-27-8am-et,DOWN,111234870655832851046306569564620313764956595816823469854808434172379633830354,1756266063,2025-08-27 03:41:03,0.5
bitcoin-up-or-down-august-27-8am-et,DOWN,111234870655832851046306569564620313764956595816823469854808434172379633830354,1756266122,2025-08-27 03:42:02,0.5
bitcoin-up-or-down-august-27-8am-et,DOWN,111234870655832851046306569564620313764956595816823469854808434172379633830354,1756266182,2025-08-27 03:43:02,0.5
bitcoin-up-or-down-august-27-8am-et,DOWN,111234870655832851046306569564620313764956595816823469854808434172379633830354,1756266243,2025-08-27 03:44:03,0.5
bitcoin-up-or-down-august-27-8am-et,DOWN,111234870655832851046306569564620313764956595816823469854808434172379633830354,1756266311,2025-08-27 03:45:11,0.5
bitcoin-up-or-down-august-27-8am-et,DOWN,111234870655832851046306569564620313764956595816823469854808434172379633830354,1756266362,2025-08-27 03:46:02,0.5
bitcoin-up-or-down-august-27-8am-et,DOWN,111234870655832851046306569564620313764956595816823469854808434172379633830354,1756266423,2025-08-27 03:47:03,0.5
bitcoin-up-or-down-august-27-8am-et,DOWN,111234870655832851046306569564620313764956595816823469854808434172379633830354,1756266482,2025-08-27 03:48:02,0.5
bitcoin-up-or-down-august-27-8am-et,DOWN,111234870655832851046306569564620313764956595816823469854808434172379633830354,1756266543,2025-08-27 03:49:03,0.5
bitcoin-up-or-down-august-27-8am-et,DOWN,111234870655832851046306569564620313764956595816823469854808434172379633830354,1756266603,2025-08-27 03:50:03,0.5
bitcoin-up-or-down-august-27-8am-et,DOWN,111234870655832851046306569564620313764956595816823469854808434172379633830354,1756266662,2025-08-27 03:51:02,0.5
bitcoin-up-or-down-august-27-8am-et,DOWN,111234870655832851046306569564620313764956595816823469854808434172379633830354,1756266722,2025-08-27 03:52:02,0.5
bitcoin-up-or-down-august-27-8am-et,DOWN,111234870655832851046306569564620313764956595816823469854808434172379633830354,1756266783,2025-08-27 03:53:03,0.5
bitcoin-up-or-down-august-27-8am-et,DOWN,111234870655832851046306569564620313764956595816823469854808434172379633830354,1756266842,2025-08-27 03:54:02,0.5
bitcoin-up-or-down-august-27-8am-et,DOWN,111234870655832851046306569564620313764956595816823469854808434172379633830354,1756266912,2025-08-27 03:55:12,0.5
bitcoin-up-or-down-august-27-8am-et,DOWN,111234870655832851046306569564620313764956595816823469854808434172379633830354,1756266962,2025-08-27 03:56:02,0.5
bitcoin-up-or-down-august-27-8am-et,DOWN,111234870655832851046306569564620313764956595816823469854808434172379633830354,1756267022,2025-08-27 03:57:02,0.5
bitcoin-up-or-down-august-27-8am-et,DOWN,111234870655832851046306569564620313764956595816823469854808434172379633830354,1756267083,2025-08-27 03:58:03,0.5
bitcoin-up-or-down-august-27-8am-et,DOWN,111234870655832851046306569564620313764956595816823469854808434172379633830354,1756267142,2025-08-27 03:59:02,0.5
bitcoin-up-or-down-august-27-8am-et,DOWN,111234870655832851046306569564620313764956595816823469854808434172379633830354,1756267214,2025-08-27 04:00:14,0.5
bitcoin-up-or-down-august-27-8am-et,DOWN,111234870655832851046306569564620313764956595816823469854808434172379633830354,1756267263,2025-08-27 04:01:03,0.5
bitcoin-up-or-down-august-27-8am-et,DOWN,111234870655832851046306569564620313764956595816823469854808434172379633830354,1756267323,2025-08-27 04:02:03,0.5
bitcoin-up-or-down-august-27-8am-et,DOWN,111234870655832851046306569564620313764956595816823469854808434172379633830354,1756267382,2025-08-27 04:03:02,0.5
bitcoin-up-or-down-august-27-8am-et,DOWN,111234870655832851046306569564620313764956595816823469854808434172379633830354,1756267444,2025-08-27 04:04:04,0.5
bitcoin-up-or-down-august-27-8am-et,DOWN,111234870655832851046306569564620313764956595816823469854808434172379633830354,1756267511,2025-08-27 04:05:11,0.5
bitcoin-up-or-down-august-27-8am-et,DOWN,111234870655832851046306569564620313764956595816823469854808434172379633830354,1756267563,2025-08-27 04:06:03,0.5
bitcoin-up-or-down-august-27-8am-et,DOWN,111234870655832851046306569564620313764956595816823469854808434172379633830354,1756267623,2025-08-27 04:07:03,0.5
bitcoin-up-or-down-august-27-8am-et,DOWN,111234870655832851046306569564620313764956595816823469854808434172379633830354,1756267682,2025-08-27 04:08:02,0.5
bitcoin-up-or-down-august-27-8am-et,DOWN,111234870655832851046306569564620313764956595816823469854808434172379633830354,1756267743,2025-08-27 04:09:03,0.5
bitcoin-up-or-down-august-27-8am-et,DOWN,111234870655832851046306569564620313764956595816823469854808434172379633830354,1756267807,2025-08-27 04:10:07,0.5
bitcoin-up-or-down-august-27-8am-et,DOWN,111234870655832851046306569564620313764956595816823469854808434172379633830354,1756267862,2025-08-27 04:11:02,0.5
bitcoin-up-or-down-august-27-8am-et,DOWN,111234870655832851046306569564620313764956595816823469854808434172379633830354,1756267922,2025-08-27 04:12:02,0.5
bitcoin-up-or-down-august-27-8am-et,DOWN,111234870655832851046306569564620313764956595816823469854808434172379633830354,1756267983,2025-08-27 04:13:03,0.5
bitcoin-up-or-down-august-27-8am-et,DOWN,111234870655832851046306569564620313764956595816823469854808434172379633830354,1756268043,2025-08-27 04:14:03,0.5
bitcoin-up-or-down-august-27-8am-et,DOWN,111234870655832851046306569564620313764956595816823469854808434172379633830354,1756268104,2025-08-27 04:15:04,0.5
bitcoin-up-or-down-august-27-8am-et,DOWN,111234870655832851046306569564620313764956595816823469854808434172379633830354,1756268162,2025-08-27 04:16:02,0.5
bitcoin-up-or-down-august-27-8am-et,DOWN,111234870655832851046306569564620313764956595816823469854808434172379633830354,1756268223,2025-08-27 04:17:03,0.5
bitcoin-up-or-down-august-27-8am-et,DOWN,111234870655832851046306569564620313764956595816823469854808434172379633830354,1756268283,2025-08-27 04:18:03,0.5
bitcoin-up-or-down-august-27-8am-et,DOWN,111234870655832851046306569564620313764956595816823469854808434172379633830354,1756268343,2025-08-27 04:19:03,0.5
bitcoin-up-or-down-august-27-8am-et,DOWN,111234870655832851046306569564620313764956595816823469854808434172379633830354,1756268411,2025-08-27 04:20:11,0.5
bitcoin-up-or-down-august-27-8am-et,DOWN,111234870655832851046306569564620313764956595816823469854808434172379633830354,1756268463,2025-08-27 04:21:03,0.5
bitcoin-up-or-down-august-27-8am-et,DOWN,111234870655832851046306569564620313764956595816823469854808434172379633830354,1756268522,2025-08-27 04:22:02,0.5
bitcoin-up-or-down-august-27-8am-et,DOWN,111234870655832851046306569564620313764956595816823469854808434172379633830354,1756268582,2025-08-27 04:23:02,0.5
bitcoin-up-or-down-august-27-8am-et,DOWN,111234870655832851046306569564620313764956595816823469854808434172379633830354,1756268642,2025-08-27 04:24:02,0.5
bitcoin-up-or-down-august-27-8am-et,DOWN,111234870655832851046306569564620313764956595816823469854808434172379633830354,1756268706,2025-08-27 04:25:06,0.5
bitcoin-up-or-down-august-27-8am-et,DOWN,111234870655832851046306569564620313764956595816823469854808434172379633830354,1756268763,2025-08-27 04:26:03,0.5
bitcoin-up-or-down-august-27-8am-et,DOWN,111234870655832851046306569564620313764956595816823469854808434172379633830354,1756268822,2025-08-27 04:27:02,0.5
bitcoin-up-or-down-august-27-8am-et,DOWN,111234870655832851046306569564620313764956595816823469854808434172379633830354,1756268883,2025-08-27 04:28:03,0.5
bitcoin-up-or-down-august-27-8am-et,DOWN,111234870655832851046306569564620313764956595816823469854808434172379633830354,1756268942,2025-08-27 04:29:02,0.5
bitcoin-up-or-down-august-27-8am-et,DOWN,111234870655832851046306569564620313764956595816823469854808434172379633830354,1756269005,2025-08-27 04:30:05,0.5
bitcoin-up-or-down-august-27-8am-et,DOWN,111234870655832851046306569564620313764956595816823469854808434172379633830354,1756269063,2025-08-27 04:31:03,0.5
bitcoin-up-or-down-august-27-8am-et,DOWN,111234870655832851046306569564620313764956595816823469854808434172379633830354,1756269122,2025-08-27 04:32:02,0.5
bitcoin-up-or-down-august-27-8am-et,DOWN,111234870655832851046306569564620313764956595816823469854808434172379633830354,1756269183,2025-08-27 04:33:03,0.5
bitcoin-up-or-down-august-27-8am-et,DOWN,111234870655832851046306569564620313764956595816823469854808434172379633830354,1756269243,2025-08-27 04:34:03,0.5
bitcoin-up-or-down-august-27-8am-et,DOWN,111234870655832851046306569564620313764956595816823469854808434172379633830354,1756269315,2025-08-27 04:35:15,0.5
bitcoin-up-or-down-august-27-8am-et,DOWN,111234870655832851046306569564620313764956595816823469854808434172379633830354,1756269363,2025-08-27 04:36:03,0.5
bitcoin-up-or-down-august-27-8am-et,DOWN,111234870655832851046306569564620313764956595816823469854808434172379633830354,1756269422,2025-08-27 04:37:02,0.5
bitcoin-up-or-down-august-27-8am-et,DOWN,111234870655832851046306569564620313764956595816823469854808434172379633830354,1756269482,2025-08-27 04:38:02,0.5
bitcoin-up-or-down-august-27-8am-et,DOWN,111234870655832851046306569564620313764956595816823469854808434172379633830354,1756269543,2025-08-27 04:39:03,0.5
bitcoin-up-or-down-august-27-8am-et,DOWN,111234870655832851046306569564620313764956595816823469854808434172379633830354,1756269616,2025-08-27 04:40:16,0.5
bitcoin-up-or-down-august-27-8am-et,DOWN,111234870655832851046306569564620313764956595816823469854808434172379633830354,1756269663,2025-08-27 04:41:03,0.5
bitcoin-up-or-down-august-27-8am-et,DOWN,111234870655832851046306569564620313764956595816823469854808434172379633830354,1756269722,2025-08-27 04:42:02,0.5
bitcoin-up-or-down-august-27-8am-et,DOWN,111234870655832851046306569564620313764956595816823469854808434172379633830354,1756269782,2025-08-27 04:43:02,0.5
bitcoin-up-or-down-august-27-8am-et,DOWN,111234870655832851046306569564620313764956595816823469854808434172379633830354,1756269843,2025-08-27 04:44:03,0.5
bitcoin-up-or-down-august-27-8am-et,DOWN,111234870655832851046306569564620313764956595816823469854808434172379633830354,1756269915,2025-08-27 04:45:15,0.5
bitcoin-up-or-down-august-27-8am-et,DOWN,111234870655832851046306569564620313764956595816823469854808434172379633830354,1756269963,2025-08-27 04:46:03,0.5
bitcoin-up-or-down-august-27-8am-et,DOWN,111234870655832851046306569564620313764956595816823469854808434172379633830354,1756270022,2025-08-27 04:47:02,0.5
bitcoin-up-or-down-august-27-8am-et,DOWN,111234870655832851046306569564620313764956595816823469854808434172379633830354,1756270082,2025-08-27 04:48:02,0.5
bitcoin-up-or-down-august-27-8am-et,DOWN,111234870655832851046306569564620313764956595816823469854808434172379633830354,1756270143,2025-08-27 04:49:03,0.5
bitcoin-up-or-down-august-27-8am-et,DOWN,111234870655832851046306569564620313764956595816823469854808434172379633830354,1756270203,2025-08-27 04:50:03,0.5
bitcoin-up-or-down-august-27-8am-et,DOWN,111234870655832851046306569564620313764956595816823469854808434172379633830354,1756270263,2025-08-27 04:51:03,0.5
bitcoin-up-or-down-august-27-8am-et,DOWN,111234870655832851046306569564620313764956595816823469854808434172379633830354,1756270322,2025-08-27 04:52:02,0.5
bitcoin-up-or-down-august-27-8am-et,DOWN,111234870655832851046306569564620313764956595816823469854808434172379633830354,1756270383,2025-08-27 04:53:03,0.5
bitcoin-up-or-down-august-27-8am-et,DOWN,111234870655832851046306569564620313764956595816823469854808434172379633830354,1756270443,2025-08-27 04:54:03,0.5
bitcoin-up-or-down-august-27-8am-et,DOWN,111234870655832851046306569564620313764956595816823469854808434172379633830354,1756270504,2025-08-27 04:55:04,0.5
bitcoin-up-or-down-august-27-8am-et,DOWN,111234870655832851046306569564620313764956595816823469854808434172379633830354,1756270563,2025-08-27 04:56:03,0.5
bitcoin-up-or-down-august-27-8am-et,DOWN,111234870655832851046306569564620313764956595816823469854808434172379633830354,1756270622,2025-08-27 04:57:02,0.5
bitcoin-up-or-down-august-27-8am-et,DOWN,111234870655832851046306569564620313764956595816823469854808434172379633830354,1756270682,2025-08-27 04:58:02,0.5
bitcoin-up-or-down-august-27-8am-et,DOWN,111234870655832851046306569564620313764956595816823469854808434172379633830354,1756270742,2025-08-27 04:59:02,0.5
bitcoin-up-or-down-august-27-8am-et,DOWN,111234870655832851046306569564620313764956595816823469854808434172379633830354,1756270806,2025-08-27 05:00:06,0.5
bitcoin-up-or-down-august-27-8am-et,DOWN,111234870655832851046306569564620313764956595816823469854808434172379633830354,1756270862,2025-08-27 05:01:02,0.5
bitcoin-up-or-down-august-27-8am-et,DOWN,111234870655832851046306569564620313764956595816823469854808434172379633830354,1756270923,2025-08-27 05:02:03,0.5
bitcoin-up-or-down-august-27-8am-et,DOWN,111234870655832851046306569564620313764956595816823469854808434172379633830354,1756270982,2025-08-27 05:03:02,0.5
bitcoin-up-or-down-august-27-8am-et,DOWN,111234870655832851046306569564620313764956595816823469854808434172379633830354,1756271043,2025-08-27 05:04:03,0.5
bitcoin-up-or-down-august-27-8am-et,DOWN,111234870655832851046306569564620313764956595816823469854808434172379633830354,1756271108,2025-08-27 05:05:08,0.5
bitcoin-up-or-down-august-27-8am-et,DOWN,111234870655832851046306569564620313764956595816823469854808434172379633830354,1756271165,2025-08-27 05:06:05,0.5
bitcoin-up-or-down-august-27-8am-et,DOWN,111234870655832851046306569564620313764956595816823469854808434172379633830354,1756271223,2025-08-27 05:07:03,0.5
bitcoin-up-or-down-august-27-8am-et,DOWN,111234870655832851046306569564620313764956595816823469854808434172379633830354,1756271282,2025-08-27 05:08:02,0.5
bitcoin-up-or-down-august-27-8am-et,DOWN,111234870655832851046306569564620313764956595816823469854808434172379633830354,1756271342,2025-08-27 05:09:02,0.5
bitcoin-up-or-down-august-27-8am-et,DOWN,111234870655832851046306569564620313764956595816823469854808434172379633830354,1756271409,2025-08-27 05:10:09,0.5
bitcoin-up-or-down-august-27-8am-et,DOWN,111234870655832851046306569564620313764956595816823469854808434172379633830354,1756271463,2025-08-27 05:11:03,0.5
bitcoin-up-or-down-august-27-8am-et,DOWN,111234870655832851046306569564620313764956595816823469854808434172379633830354,1756271523,2025-08-27 05:12:03,0.5
bitcoin-up-or-down-august-27-8am-et,DOWN,111234870655832851046306569564620313764956595816823469854808434172379633830354,1756271583,2025-08-27 05:13:03,0.5
bitcoin-up-or-down-august-27-8am-et,DOWN,111234870655832851046306569564620313764956595816823469854808434172379633830354,1756271643,2025-08-27 05:14:03,0.5
bitcoin-up-or-down-august-27-8am-et,DOWN,111234870655832851046306569564620313764956595816823469854808434172379633830354,1756271710,2025-08-27 05:15:10,0.5
bitcoin-up-or-down-august-27-8am-et,DOWN,111234870655832851046306569564620313764956595816823469854808434172379633830354,1756271764,2025-08-27 05:16:04,0.5
bitcoin-up-or-down-august-27-8am-et,DOWN,111234870655832851046306569564620313764956595816823469854808434172379633830354,1756271824,2025-08-27 05:17:04,0.5
bitcoin-up-or-down-august-27-8am-et,DOWN,111234870655832851046306569564620313764956595816823469854808434172379633830354,1756271883,2025-08-27 05:18:03,0.5
bitcoin-up-or-down-august-27-8am-et,DOWN,111234870655832851046306569564620313764956595816823469854808434172379633830354,1756271943,2025-08-27 05:19:03,0.5
bitcoin-up-or-down-august-27-8am-et,DOWN,111234870655832851046306569564620313764956595816823469854808434172379633830354,1756272008,2025-08-27 05:20:08,0.5
bitcoin-up-or-down-august-27-8am-et,DOWN,111234870655832851046306569564620313764956595816823469854808434172379633830354,1756272064,2025-08-27 05:21:04,0.5
bitcoin-up-or-down-august-27-8am-et,DOWN,111234870655832851046306569564620313764956595816823469854808434172379633830354,1756272123,2025-08-27 05:22:03,0.5
bitcoin-up-or-down-august-27-8am-et,DOWN,111234870655832851046306569564620313764956595816823469854808434172379633830354,1756272182,2025-08-27 05:23:02,0.5
bitcoin-up-or-down-august-27-8am-et,DOWN,111234870655832851046306569564620313764956595816823469854808434172379633830354,1756272244,2025-08-27 05:24:04,0.5
bitcoin-up-or-down-august-27-8am-et,DOWN,111234870655832851046306569564620313764956595816823469854808434172379633830354,1756272302,2025-08-27 05:25:02,0.5
bitcoin-up-or-down-august-27-8am-et,DOWN,111234870655832851046306569564620313764956595816823469854808434172379633830354,1756272364,2025-08-27 05:26:04,0.5
bitcoin-up-or-down-august-27-8am-et,DOWN,111234870655832851046306569564620313764956595816823469854808434172379633830354,1756272423,2025-08-27 05:27:03,0.5
bitcoin-up-or-down-august-27-8am-et,DOWN,111234870655832851046306569564620313764956595816823469854808434172379633830354,1756272483,2025-08-27 05:28:03,0.5
bitcoin-up-or-down-august-27-8am-et,DOWN,111234870655832851046306569564620313764956595816823469854808434172379633830354,1756272542,2025-08-27 05:29:02,0.5
bitcoin-up-or-down-august-27-8am-et,DOWN,111234870655832851046306569564620313764956595816823469854808434172379633830354,1756272610,2025-08-27 05:30:10,0.5
bitcoin-up-or-down-august-27-8am-et,DOWN,111234870655832851046306569564620313764956595816823469854808434172379633830354,1756272662,2025-08-27 05:31:02,0.5
bitcoin-up-or-down-august-27-8am-et,DOWN,111234870655832851046306569564620313764956595816823469854808434172379633830354,1756272723,2025-08-27 05:32:03,0.5
bitcoin-up-or-down-august-27-8am-et,DOWN,111234870655832851046306569564620313764956595816823469854808434172379633830354,1756272783,2025-08-27 05:33:03,0.5
bitcoin-up-or-down-august-27-8am-et,DOWN,111234870655832851046306569564620313764956595816823469854808434172379633830354,1756272844,2025-08-27 05:34:04,0.5
bitcoin-up-or-down-august-27-8am-et,DOWN,111234870655832851046306569564620313764956595816823469854808434172379633830354,1756272910,2025-08-27 05:35:10,0.5
bitcoin-up-or-down-august-27-8am-et,DOWN,111234870655832851046306569564620313764956595816823469854808434172379633830354,1756272964,2025-08-27 05:36:04,0.5
bitcoin-up-or-down-august-27-8am-et,DOWN,111234870655832851046306569564620313764956595816823469854808434172379633830354,1756273023,2025-08-27 05:37:03,0.5
bitcoin-up-or-down-august-27-8am-et,DOWN,111234870655832851046306569564620313764956595816823469854808434172379633830354,1756273083,2025-08-27 05:38:03,0.5
bitcoin-up-or-down-august-27-8am-et,DOWN,111234870655832851046306569564620313764956595816823469854808434172379633830354,1756273143,2025-08-27 05:39:03,0.5
bitcoin-up-or-down-august-27-8am-et,DOWN,111234870655832851046306569564620313764956595816823469854808434172379633830354,1756273207,2025-08-27 05:40:07,0.5
bitcoin-up-or-down-august-27-8am-et,DOWN,111234870655832851046306569564620313764956595816823469854808434172379633830354,1756273264,2025-08-27 05:41:04,0.5
bitcoin-up-or-down-august-27-8am-et,DOWN,111234870655832851046306569564620313764956595816823469854808434172379633830354,1756273323,2025-08-27 05:42:03,0.5
bitcoin-up-or-down-august-27-8am-et,DOWN,111234870655832851046306569564620313764956595816823469854808434172379633830354,1756273383,2025-08-27 05:43:03,0.5
bitcoin-up-or-down-august-27-8am-et,DOWN,111234870655832851046306569564620313764956595816823469854808434172379633830354,1756273443,2025-08-27 05:44:03,0.5
bitcoin-up-or-down-august-27-8am-et,DOWN,111234870655832851046306569564620313764956595816823469854808434172379633830354,1756273504,2025-08-27 05:45:04,0.5
bitcoin-up-or-down-august-27-8am-et,DOWN,111234870655832851046306569564620313764956595816823469854808434172379633830354,1756273563,2025-08-27 05:46:03,0.5
bitcoin-up-or-down-august-27-8am-et,DOWN,111234870655832851046306569564620313764956595816823469854808434172379633830354,1756273622,2025-08-27 05:47:02,0.5
bitcoin-up-or-down-august-27-8am-et,DOWN,111234870655832851046306569564620313764956595816823469854808434172379633830354,1756273683,2025-08-27 05:48:03,0.5
bitcoin-up-or-down-august-27-8am-et,DOWN,111234870655832851046306569564620313764956595816823469854808434172379633830354,1756273742,2025-08-27 05:49:02,0.5
bitcoin-up-or-down-august-27-8am-et,DOWN,111234870655832851046306569564620313764956595816823469854808434172379633830354,1756273808,2025-08-27 05:50:08,0.5
bitcoin-up-or-down-august-27-8am-et,DOWN,111234870655832851046306569564620313764956595816823469854808434172379633830354,1756273862,2025-08-27 05:51:02,0.5
bitcoin-up-or-down-august-27-8am-et,DOWN,111234870655832851046306569564620313764956595816823469854808434172379633830354,1756273922,2025-08-27 05:52:02,0.5
bitcoin-up-or-down-august-27-8am-et,DOWN,111234870655832851046306569564620313764956595816823469854808434172379633830354,1756273983,2025-08-27 05:53:03,0.5
bitcoin-up-or-down-august-27-8am-et,DOWN,111234870655832851046306569564620313764956595816823469854808434172379633830354,1756274043,2025-08-27 05:54:03,0.5
bitcoin-up-or-down-august-27-8am-et,DOWN,111234870655832851046306569564620313764956595816823469854808434172379633830354,1756274102,2025-08-27 05:55:02,0.5
bitcoin-up-or-down-august-27-8am-et,DOWN,111234870655832851046306569564620313764956595816823469854808434172379633830354,1756274164,2025-08-27 05:56:04,0.5
bitcoin-up-or-down-august-27-8am-et,DOWN,111234870655832851046306569564620313764956595816823469854808434172379633830354,1756274223,2025-08-27 05:57:03,0.5
bitcoin-up-or-down-august-27-8am-et,DOWN,111234870655832851046306569564620313764956595816823469854808434172379633830354,1756274283,2025-08-27 05:58:03,0.5
bitcoin-up-or-down-august-27-8am-et,DOWN,111234870655832851046306569564620313764956595816823469854808434172379633830354,1756274343,2025-08-27 05:59:03,0.5
bitcoin-up-or-down-august-27-8am-et,DOWN,111234870655832851046306569564620313764956595816823469854808434172379633830354,1756274402,2025-08-27 06:00:02,0.5
bitcoin-up-or-down-august-27-8am-et,DOWN,111234870655832851046306569564620313764956595816823469854808434172379633830354,1756274462,2025-08-27 06:01:02,0.5
bitcoin-up-or-down-august-27-8am-et,DOWN,111234870655832851046306569564620313764956595816823469854808434172379633830354,1756274523,2025-08-27 06:02:03,0.5
bitcoin-up-or-down-august-27-8am-et,DOWN,111234870655832851046306569564620313764956595816823469854808434172379633830354,1756274583,2025-08-27 06:03:03,0.5
bitcoin-up-or-down-august-27-8am-et,DOWN,111234870655832851046306569564620313764956595816823469854808434172379633830354,1756274643,2025-08-27 06:04:03,0.5
bitcoin-up-or-down-august-27-8am-et,DOWN,111234870655832851046306569564620313764956595816823469854808434172379633830354,1756274711,2025-08-27 06:05:11,0.5
bitcoin-up-or-down-august-27-8am-et,DOWN,111234870655832851046306569564620313764956595816823469854808434172379633830354,1756274762,2025-08-27 06:06:02,0.5
bitcoin-up-or-down-august-27-8am-et,DOWN,111234870655832851046306569564620313764956595816823469854808434172379633830354,1756274822,2025-08-27 06:07:02,0.5
bitcoin-up-or-down-august-27-8am-et,DOWN,111234870655832851046306569564620313764956595816823469854808434172379633830354,1756274883,2025-08-27 06:08:03,0.5
bitcoin-up-or-down-august-27-8am-et,DOWN,111234870655832851046306569564620313764956595816823469854808434172379633830354,1756274943,2025-08-27 06:09:03,0.5
bitcoin-up-or-down-august-27-8am-et,DOWN,111234870655832851046306569564620313764956595816823469854808434172379633830354,1756275011,2025-08-27 06:10:11,0.5
bitcoin-up-or-down-august-27-8am-et,DOWN,111234870655832851046306569564620313764956595816823469854808434172379633830354,1756275063,2025-08-27 06:11:03,0.5
bitcoin-up-or-down-august-27-8am-et,DOWN,111234870655832851046306569564620313764956595816823469854808434172379633830354,1756275123,2025-08-27 06:12:03,0.5
bitcoin-up-or-down-august-27-8am-et,DOWN,111234870655832851046306569564620313764956595816823469854808434172379633830354,1756275182,2025-08-27 06:13:02,0.5
bitcoin-up-or-down-august-27-8am-et,DOWN,111234870655832851046306569564620313764956595816823469854808434172379633830354,1756275242,2025-08-27 06:14:02,0.5
bitcoin-up-or-down-august-27-8am-et,DOWN,111234870655832851046306569564620313764956595816823469854808434172379633830354,1756275302,2025-08-27 06:15:02,0.5
bitcoin-up-or-down-august-27-8am-et,DOWN,111234870655832851046306569564620313764956595816823469854808434172379633830354,1756275362,2025-08-27 06:16:02,0.5
bitcoin-up-or-down-august-27-8am-et,DOWN,111234870655832851046306569564620313764956595816823469854808434172379633830354,1756275422,2025-08-27 06:17:02,0.5
bitcoin-up-or-down-august-27-8am-et,DOWN,111234870655832851046306569564620313764956595816823469854808434172379633830354,1756275483,2025-08-27 06:18:03,0.5
bitcoin-up-or-down-august-27-8am-et,DOWN,111234870655832851046306569564620313764956595816823469854808434172379633830354,1756275543,2025-08-27 06:19:03,0.5
bitcoin-up-or-down-august-27-8am-et,DOWN,111234870655832851046306569564620313764956595816823469854808434172379633830354,1756275610,2025-08-27 06:20:10,0.5
bitcoin-up-or-down-august-27-8am-et,DOWN,111234870655832851046306569564620313764956595816823469854808434172379633830354,1756275662,2025-08-27 06:21:02,0.5
bitcoin-up-or-down-august-27-8am-et,DOWN,111234870655832851046306569564620313764956595816823469854808434172379633830354,1756275722,2025-08-27 06:22:02,0.5
bitcoin-up-or-down-august-27-8am-et,DOWN,111234870655832851046306569564620313764956595816823469854808434172379633830354,1756275782,2025-08-27 06:23:02,0.5
bitcoin-up-or-down-august-27-8am-et,DOWN,111234870655832851046306569564620313764956595816823469854808434172379633830354,1756275842,2025-08-27 06:24:02,0.5
bitcoin-up-or-down-august-27-8am-et,DOWN,111234870655832851046306569564620313764956595816823469854808434172379633830354,1756275909,2025-08-27 06:25:09,0.5
bitcoin-up-or-down-august-27-8am-et,DOWN,111234870655832851046306569564620313764956595816823469854808434172379633830354,1756275962,2025-08-27 06:26:02,0.5
bitcoin-up-or-down-august-27-8am-et,DOWN,111234870655832851046306569564620313764956595816823469854808434172379633830354,1756276022,2025-08-27 06:27:02,0.5
bitcoin-up-or-down-august-27-8am-et,DOWN,111234870655832851046306569564620313764956595816823469854808434172379633830354,1756276082,2025-08-27 06:28:02,0.5
bitcoin-up-or-down-august-27-8am-et,DOWN,111234870655832851046306569564620313764956595816823469854808434172379633830354,1756276143,2025-08-27 06:29:03,0.5
bitcoin-up-or-down-august-27-8am-et,DOWN,111234870655832851046306569564620313764956595816823469854808434172379633830354,1756276204,2025-08-27 06:30:04,0.5
bitcoin-up-or-down-august-27-8am-et,DOWN,111234870655832851046306569564620313764956595816823469854808434172379633830354,1756276262,2025-08-27 06:31:02,0.5
bitcoin-up-or-down-august-27-8am-et,DOWN,111234870655832851046306569564620313764956595816823469854808434172379633830354,1756276323,2025-08-27 06:32:03,0.5
bitcoin-up-or-down-august-27-8am-et,DOWN,111234870655832851046306569564620313764956595816823469854808434172379633830354,1756276382,2025-08-27 06:33:02,0.5
bitcoin-up-or-down-august-27-8am-et,DOWN,111234870655832851046306569564620313764956595816823469854808434172379633830354,1756276445,2025-08-27 06:34:05,0.5
bitcoin-up-or-down-august-27-8am-et,DOWN,111234870655832851046306569564620313764956595816823469854808434172379633830354,1756276505,2025-08-27 06:35:05,0.5
bitcoin-up-or-down-august-27-8am-et,DOWN,111234870655832851046306569564620313764956595816823469854808434172379633830354,1756276564,2025-08-27 06:36:04,0.5
bitcoin-up-or-down-august-27-8am-et,DOWN,111234870655832851046306569564620313764956595816823469854808434172379633830354,1756276624,2025-08-27 06:37:04,0.5
bitcoin-up-or-down-august-27-8am-et,DOWN,111234870655832851046306569564620313764956595816823469854808434172379633830354,1756276683,2025-08-27 06:38:03,0.5
bitcoin-up-or-down-august-27-8am-et,DOWN,111234870655832851046306569564620313764956595816823469854808434172379633830354,1756276753,2025-08-27 06:39:13,0.5
bitcoin-up-or-down-august-27-8am-et,DOWN,111234870655832851046306569564620313764956595816823469854808434172379633830354,1756276805,2025-08-27 06:40:05,0.5
bitcoin-up-or-down-august-27-8am-et,DOWN,111234870655832851046306569564620313764956595816823469854808434172379633830354,1756276863,2025-08-27 06:41:03,0.5
bitcoin-up-or-down-august-27-8am-et,DOWN,111234870655832851046306569564620313764956595816823469854808434172379633830354,1756276922,2025-08-27 06:42:02,0.5
bitcoin-up-or-down-august-27-8am-et,DOWN,111234870655832851046306569564620313764956595816823469854808434172379633830354,1756276982,2025-08-27 06:43:02,0.5
bitcoin-up-or-down-august-27-8am-et,DOWN,111234870655832851046306569564620313764956595816823469854808434172379633830354,1756277048,2025-08-27 06:44:08,0.5
bitcoin-up-or-down-august-27-8am-et,DOWN,111234870655832851046306569564620313764956595816823469854808434172379633830354,1756277106,2025-08-27 06:45:06,0.5
bitcoin-up-or-down-august-27-8am-et,DOWN,111234870655832851046306569564620313764956595816823469854808434172379633830354,1756277162,2025-08-27 06:46:02,0.5
bitcoin-up-or-down-august-27-8am-et,DOWN,111234870655832851046306569564620313764956595816823469854808434172379633830354,1756277223,2025-08-27 06:47:03,0.5
bitcoin-up-or-down-august-27-8am-et,DOWN,111234870655832851046306569564620313764956595816823469854808434172379633830354,1756277283,2025-08-27 06:48:03,0.5
bitcoin-up-or-down-august-27-8am-et,DOWN,111234870655832851046306569564620313764956595816823469854808434172379633830354,1756277348,2025-08-27 06:49:08,0.5
bitcoin-up-or-down-august-27-8am-et,DOWN,111234870655832851046306569564620313764956595816823469854808434172379633830354,1756277404,2025-08-27 06:50:04,0.5
bitcoin-up-or-down-august-27-8am-et,DOWN,111234870655832851046306569564620313764956595816823469854808434172379633830354,1756277463,2025-08-27 06:51:03,0.5
bitcoin-up-or-down-august-27-8am-et,DOWN,111234870655832851046306569564620313764956595816823469854808434172379633830354,1756277523,2025-08-27 06:52:03,0.5
bitcoin-up-or-down-august-27-8am-et,DOWN,111234870655832851046306569564620313764956595816823469854808434172379633830354,1756277582,2025-08-27 06:53:02,0.5
bitcoin-up-or-down-august-27-8am-et,DOWN,111234870655832851046306569564620313764956595816823469854808434172379633830354,1756277642,2025-08-27 06:54:02,0.5
bitcoin-up-or-down-august-27-8am-et,DOWN,111234870655832851046306569564620313764956595816823469854808434172379633830354,1756277702,2025-08-27 06:55:02,0.5
bitcoin-up-or-down-august-27-8am-et,DOWN,111234870655832851046306569564620313764956595816823469854808434172379633830354,1756277762,2025-08-27 06:56:02,0.5
bitcoin-up-or-down-august-27-8am-et,DOWN,111234870655832851046306569564620313764956595816823469854808434172379633830354,1756277823,2025-08-27 06:57:03,0.5
bitcoin-up-or-down-august-27-8am-et,DOWN,111234870655832851046306569564620313764956595816823469854808434172379633830354,1756277882,2025-08-27 06:58:02,0.5
bitcoin-up-or-down-august-27-8am-et,DOWN,111234870655832851046306569564620313764956595816823469854808434172379633830354,1756277944,2025-08-27 06:59:04,0.5
bitcoin-up-or-down-august-27-8am-et,DOWN,111234870655832851046306569564620313764956595816823469854808434172379633830354,1756278009,2025-08-27 07:00:09,0.5
bitcoin-up-or-down-august-27-8am-et,DOWN,111234870655832851046306569564620313764956595816823469854808434172379633830354,1756278062,2025-08-27 07:01:02,0.5
bitcoin-up-or-down-august-27-8am-et,DOWN,111234870655832851046306569564620313764956595816823469854808434172379633830354,1756278122,2025-08-27 07:02:02,0.5
bitcoin-up-or-down-august-27-8am-et,DOWN,111234870655832851046306569564620313764956595816823469854808434172379633830354,1756278182,2025-08-27 07:03:02,0.5
bitcoin-up-or-down-august-27-8am-et,DOWN,111234870655832851046306569564620313764956595816823469854808434172379633830354,1756278243,2025-08-27 07:04:03,0.5
bitcoin-up-or-down-august-27-8am-et,DOWN,111234870655832851046306569564620313764956595816823469854808434172379633830354,1756278309,2025-08-27 07:05:09,0.5
bitcoin-up-or-down-august-27-8am-et,DOWN,111234870655832851046306569564620313764956595816823469854808434172379633830354,1756278362,2025-08-27 07:06:02,0.5
bitcoin-up-or-down-august-27-8am-et,DOWN,111234870655832851046306569564620313764956595816823469854808434172379633830354,1756278423,2025-08-27 07:07:03,0.5
bitcoin-up-or-down-august-27-8am-et,DOWN,111234870655832851046306569564620313764956595816823469854808434172379633830354,1756278483,2025-08-27 07:08:03,0.5
bitcoin-up-or-down-august-27-8am-et,DOWN,111234870655832851046306569564620313764956595816823469854808434172379633830354,1756278543,2025-08-27 07:09:03,0.5
bitcoin-up-or-down-august-27-8am-et,DOWN,111234870655832851046306569564620313764956595816823469854808434172379633830354,1756278602,2025-08-27 07:10:02,0.5
bitcoin-up-or-down-august-27-8am-et,DOWN,111234870655832851046306569564620313764956595816823469854808434172379633830354,1756278662,2025-08-27 07:11:02,0.5
bitcoin-up-or-down-august-27-8am-et,DOWN,111234870655832851046306569564620313764956595816823469854808434172379633830354,1756278722,2025-08-27 07:12:02,0.5
bitcoin-up-or-down-august-27-8am-et,DOWN,111234870655832851046306569564620313764956595816823469854808434172379633830354,1756278784,2025-08-27 07:13:04,0.5
bitcoin-up-or-down-august-27-8am-et,DOWN,111234870655832851046306569564620313764956595816823469854808434172379633830354,1756278842,2025-08-27 07:14:02,0.5
bitcoin-up-or-down-august-27-8am-et,DOWN,111234870655832851046306569564620313764956595816823469854808434172379633830354,1756278906,2025-08-27 07:15:06,0.5
bitcoin-up-or-down-august-27-8am-et,DOWN,111234870655832851046306569564620313764956595816823469854808434172379633830354,1756278964,2025-08-27 07:16:04,0.5
bitcoin-up-or-down-august-27-8am-et,DOWN,111234870655832851046306569564620313764956595816823469854808434172379633830354,1756279022,2025-08-27 07:17:02,0.5
bitcoin-up-or-down-august-27-8am-et,DOWN,111234870655832851046306569564620313764956595816823469854808434172379633830354,1756279083,2025-08-27 07:18:03,0.5
bitcoin-up-or-down-august-27-8am-et,DOWN,111234870655832851046306569564620313764956595816823469854808434172379633830354,1756279142,2025-08-27 07:19:02,0.5
bitcoin-up-or-down-august-27-8am-et,DOWN,111234870655832851046306569564620313764956595816823469854808434172379633830354,1756279213,2025-08-27 07:20:13,0.5
bitcoin-up-or-down-august-27-8am-et,DOWN,111234870655832851046306569564620313764956595816823469854808434172379633830354,1756279263,2025-08-27 07:21:03,0.5
bitcoin-up-or-down-august-27-8am-et,DOWN,111234870655832851046306569564620313764956595816823469854808434172379633830354,1756279322,2025-08-27 07:22:02,0.5
bitcoin-up-or-down-august-27-8am-et,DOWN,111234870655832851046306569564620313764956595816823469854808434172379633830354,1756279383,2025-08-27 07:23:03,0.5
bitcoin-up-or-down-august-27-8am-et,DOWN,111234870655832851046306569564620313764956595816823469854808434172379633830354,1756279443,2025-08-27 07:24:03,0.5
bitcoin-up-or-down-august-27-8am-et,DOWN,111234870655832851046306569564620313764956595816823469854808434172379633830354,1756279502,2025-08-27 07:25:02,0.5
bitcoin-up-or-down-august-27-8am-et,DOWN,111234870655832851046306569564620313764956595816823469854808434172379633830354,1756279564,2025-08-27 07:26:04,0.5
bitcoin-up-or-down-august-27-8am-et,DOWN,111234870655832851046306569564620313764956595816823469854808434172379633830354,1756279623,2025-08-27 07:27:03,0.5
bitcoin-up-or-down-august-27-8am-et,DOWN,111234870655832851046306569564620313764956595816823469854808434172379633830354,1756279683,2025-08-27 07:28:03,0.5
bitcoin-up-or-down-august-27-8am-et,DOWN,111234870655832851046306569564620313764956595816823469854808434172379633830354,1756279743,2025-08-27 07:29:03,0.5
bitcoin-up-or-down-august-27-8am-et,DOWN,111234870655832851046306569564620313764956595816823469854808434172379633830354,1756279806,2025-08-27 07:30:06,0.5
bitcoin-up-or-down-august-27-8am-et,DOWN,111234870655832851046306569564620313764956595816823469854808434172379633830354,1756279862,2025-08-27 07:31:02,0.5
bitcoin-up-or-down-august-27-8am-et,DOWN,111234870655832851046306569564620313764956595816823469854808434172379633830354,1756279923,2025-08-27 07:32:03,0.5
bitcoin-up-or-down-august-27-8am-et,DOWN,111234870655832851046306569564620313764956595816823469854808434172379633830354,1756279983,2025-08-27 07:33:03,0.5
bitcoin-up-or-down-august-27-8am-et,DOWN,111234870655832851046306569564620313764956595816823469854808434172379633830354,1756280043,2025-08-27 07:34:03,0.5
bitcoin-up-or-down-august-27-8am-et,DOWN,111234870655832851046306569564620313764956595816823469854808434172379633830354,1756280102,2025-08-27 07:35:02,0.5
bitcoin-up-or-down-august-27-8am-et,DOWN,111234870655832851046306569564620313764956595816823469854808434172379633830354,1756280163,2025-08-27 07:36:03,0.5
bitcoin-up-or-down-august-27-8am-et,DOWN,111234870655832851046306569564620313764956595816823469854808434172379633830354,1756280222,2025-08-27 07:37:02,0.5
bitcoin-up-or-down-august-27-8am-et,DOWN,111234870655832851046306569564620313764956595816823469854808434172379633830354,1756280283,2025-08-27 07:38:03,0.5
bitcoin-up-or-down-august-27-8am-et,DOWN,111234870655832851046306569564620313764956595816823469854808434172379633830354,1756280342,2025-08-27 07:39:02,0.5
bitcoin-up-or-down-august-27-8am-et,DOWN,111234870655832851046306569564620313764956595816823469854808434172379633830354,1756280409,2025-08-27 07:40:09,0.5
bitcoin-up-or-down-august-27-8am-et,DOWN,111234870655832851046306569564620313764956595816823469854808434172379633830354,1756280462,2025-08-27 07:41:02,0.5
bitcoin-up-or-down-august-27-8am-et,DOWN,111234870655832851046306569564620313764956595816823469854808434172379633830354,1756280522,2025-08-27 07:42:02,0.5
bitcoin-up-or-down-august-27-8am-et,DOWN,111234870655832851046306569564620313764956595816823469854808434172379633830354,1756280582,2025-08-27 07:43:02,0.5
bitcoin-up-or-down-august-27-8am-et,DOWN,111234870655832851046306569564620313764956595816823469854808434172379633830354,1756280642,2025-08-27 07:44:02,0.5
bitcoin-up-or-down-august-27-8am-et,DOWN,111234870655832851046306569564620313764956595816823469854808434172379633830354,1756280703,2025-08-27 07:45:03,0.5
bitcoin-up-or-down-august-27-8am-et,DOWN,111234870655832851046306569564620313764956595816823469854808434172379633830354,1756280763,2025-08-27 07:46:03,0.5
bitcoin-up-or-down-august-27-8am-et,DOWN,111234870655832851046306569564620313764956595816823469854808434172379633830354,1756280822,2025-08-27 07:47:02,0.5
bitcoin-up-or-down-august-27-8am-et,DOWN,111234870655832851046306569564620313764956595816823469854808434172379633830354,1756280883,2025-08-27 07:48:03,0.5
bitcoin-up-or-down-august-27-8am-et,DOWN,111234870655832851046306569564620313764956595816823469854808434172379633830354,1756280943,2025-08-27 07:49:03,0.5
bitcoin-up-or-down-august-27-8am-et,DOWN,111234870655832851046306569564620313764956595816823469854808434172379633830354,1756281011,2025-08-27 07:50:11,0.5
bitcoin-up-or-down-august-27-8am-et,DOWN,111234870655832851046306569564620313764956595816823469854808434172379633830354,1756281062,2025-08-27 07:51:02,0.5
bitcoin-up-or-down-august-27-8am-et,DOWN,111234870655832851046306569564620313764956595816823469854808434172379633830354,1756281123,2025-08-27 07:52:03,0.5
bitcoin-up-or-down-august-27-8am-et,DOWN,111234870655832851046306569564620313764956595816823469854808434172379633830354,1756281183,2025-08-27 07:53:03,0.5
bitcoin-up-or-down-august-27-8am-et,DOWN,111234870655832851046306569564620313764956595816823469854808434172379633830354,1756281242,2025-08-27 07:54:02,0.5
bitcoin-up-or-down-august-27-8am-et,DOWN,111234870655832851046306569564620313764956595816823469854808434172379633830354,1756281305,2025-08-27 07:55:05,0.5
bitcoin-up-or-down-august-27-8am-et,DOWN,111234870655832851046306569564620313764956595816823469854808434172379633830354,1756281362,2025-08-27 07:56:02,0.5
bitcoin-up-or-down-august-27-8am-et,DOWN,111234870655832851046306569564620313764956595816823469854808434172379633830354,1756281423,2025-08-27 07:57:03,0.5
bitcoin-up-or-down-august-27-8am-et,DOWN,111234870655832851046306569564620313764956595816823469854808434172379633830354,1756281482,2025-08-27 07:58:02,0.5
bitcoin-up-or-down-august-27-8am-et,DOWN,111234870655832851046306569564620313764956595816823469854808434172379633830354,1756281542,2025-08-27 07:59:02,0.5
bitcoin-up-or-down-august-27-8am-et,DOWN,111234870655832851046306569564620313764956595816823469854808434172379633830354,1756281602,2025-08-27 08:00:02,0.5
bitcoin-up-or-down-august-27-8am-et,DOWN,111234870655832851046306569564620313764956595816823469854808434172379633830354,1756281662,2025-08-27 08:01:02,0.5
bitcoin-up-or-down-august-27-8am-et,DOWN,111234870655832851046306569564620313764956595816823469854808434172379633830354,1756281722,2025-08-27 08:02:02,0.5
bitcoin-up-or-down-august-27-8am-et,DOWN,111234870655832851046306569564620313764956595816823469854808434172379633830354,1756281782,2025-08-27 08:03:02,0.5
bitcoin-up-or-down-august-27-8am-et,DOWN,111234870655832851046306569564620313764956595816823469854808434172379633830354,1756281842,2025-08-27 08:04:02,0.5
bitcoin-up-or-down-august-27-8am-et,DOWN,111234870655832851046306569564620313764956595816823469854808434172379633830354,1756281907,2025-08-27 08:05:07,0.5
bitcoin-up-or-down-august-27-8am-et,DOWN,111234870655832851046306569564620313764956595816823469854808434172379633830354,1756281963,2025-08-27 08:06:03,0.5
bitcoin-up-or-down-august-27-8am-et,DOWN,111234870655832851046306569564620313764956595816823469854808434172379633830354,1756282022,2025-08-27 08:07:02,0.5
bitcoin-up-or-down-august-27-8am-et,DOWN,111234870655832851046306569564620313764956595816823469854808434172379633830354,1756282098,2025-08-27 08:08:18,0.5
bitcoin-up-or-down-august-27-8am-et,DOWN,111234870655832851046306569564620313764956595816823469854808434172379633830354,1756282143,2025-08-27 08:09:03,0.5
bitcoin-up-or-down-august-27-8am-et,DOWN,111234870655832851046306569564620313764956595816823469854808434172379633830354,1756282208,2025-08-27 08:10:08,0.5
bitcoin-up-or-down-august-27-8am-et,DOWN,111234870655832851046306569564620313764956595816823469854808434172379633830354,1756282264,2025-08-27 08:11:04,0.5
bitcoin-up-or-down-august-27-8am-et,DOWN,111234870655832851046306569564620313764956595816823469854808434172379633830354,1756282322,2025-08-27 08:12:02,0.5
bitcoin-up-or-down-august-27-8am-et,DOWN,111234870655832851046306569564620313764956595816823469854808434172379633830354,1756282383,2025-08-27 08:13:03,0.5
bitcoin-up-or-down-august-27-8am-et,DOWN,111234870655832851046306569564620313764956595816823469854808434172379633830354,1756282444,2025-08-27 08:14:04,0.5
bitcoin-up-or-down-august-27-8am-et,DOWN,111234870655832851046306569564620313764956595816823469854808434172379633830354,1756282509,2025-08-27 08:15:09,0.5
bitcoin-up-or-down-august-27-8am-et,DOWN,111234870655832851046306569564620313764956595816823469854808434172379633830354,1756282563,2025-08-27 08:16:03,0.5
bitcoin-up-or-down-august-27-8am-et,DOWN,111234870655832851046306569564620313764956595816823469854808434172379633830354,1756282623,2025-08-27 08:17:03,0.5
bitcoin-up-or-down-august-27-8am-et,DOWN,111234870655832851046306569564620313764956595816823469854808434172379633830354,1756282683,2025-08-27 08:18:03,0.5
bitcoin-up-or-down-august-27-8am-et,DOWN,111234870655832851046306569564620313764956595816823469854808434172379633830354,1756282743,2025-08-27 08:19:03,0.5
bitcoin-up-or-down-august-27-8am-et,DOWN,111234870655832851046306569564620313764956595816823469854808434172379633830354,1756282806,2025-08-27 08:20:06,0.5
bitcoin-up-or-down-august-27-8am-et,DOWN,111234870655832851046306569564620313764956595816823469854808434172379633830354,1756282863,2025-08-27 08:21:03,0.5
bitcoin-up-or-down-august-27-8am-et,DOWN,111234870655832851046306569564620313764956595816823469854808434172379633830354,1756282923,2025-08-27 08:22:03,0.5
bitcoin-up-or-down-august-27-8am-et,DOWN,111234870655832851046306569564620313764956595816823469854808434172379633830354,1756282982,2025-08-27 08:23:02,0.5
bitcoin-up-or-down-august-27-8am-et,DOWN,111234870655832851046306569564620313764956595816823469854808434172379633830354,1756283043,2025-08-27 08:24:03,0.5
bitcoin-up-or-down-august-27-8am-et,DOWN,111234870655832851046306569564620313764956595816823469854808434172379633830354,1756283103,2025-08-27 08:25:03,0.5
bitcoin-up-or-down-august-27-8am-et,DOWN,111234870655832851046306569564620313764956595816823469854808434172379633830354,1756283162,2025-08-27 08:26:02,0.5
bitcoin-up-or-down-august-27-8am-et,DOWN,111234870655832851046306569564620313764956595816823469854808434172379633830354,1756283223,2025-08-27 08:27:03,0.5
bitcoin-up-or-down-august-27-8am-et,DOWN,111234870655832851046306569564620313764956595816823469854808434172379633830354,1756283283,2025-08-27 08:28:03,0.5
bitcoin-up-or-down-august-27-8am-et,DOWN,111234870655832851046306569564620313764956595816823469854808434172379633830354,1756283344,2025-08-27 08:29:04,0.5
bitcoin-up-or-down-august-27-8am-et,DOWN,111234870655832851046306569564620313764956595816823469854808434172379633830354,1756283413,2025-08-27 08:30:13,0.5
bitcoin-up-or-down-august-27-8am-et,DOWN,111234870655832851046306569564620313764956595816823469854808434172379633830354,1756283462,2025-08-27 08:31:02,0.5
bitcoin-up-or-down-august-27-8am-et,DOWN,111234870655832851046306569564620313764956595816823469854808434172379633830354,1756283523,2025-08-27 08:32:03,0.5
bitcoin-up-or-down-august-27-8am-et,DOWN,111234870655832851046306569564620313764956595816823469854808434172379633830354,1756283582,2025-08-27 08:33:02,0.5
bitcoin-up-or-down-august-27-8am-et,DOWN,111234870655832851046306569564620313764956595816823469854808434172379633830354,1756283643,2025-08-27 08:34:03,0.5
bitcoin-up-or-down-august-27-8am-et,DOWN,111234870655832851046306569564620313764956595816823469854808434172379633830354,1756283711,2025-08-27 08:35:11,0.5
bitcoin-up-or-down-august-27-8am-et,DOWN,111234870655832851046306569564620313764956595816823469854808434172379633830354,1756283762,2025-08-27 08:36:02,0.5
bitcoin-up-or-down-august-27-8am-et,DOWN,111234870655832851046306569564620313764956595816823469854808434172379633830354,1756283822,2025-08-27 08:37:02,0.5
bitcoin-up-or-down-august-27-8am-et,DOWN,111234870655832851046306569564620313764956595816823469854808434172379633830354,1756283882,2025-08-27 08:38:02,0.5
bitcoin-up-or-down-august-27-8am-et,DOWN,111234870655832851046306569564620313764956595816823469854808434172379633830354,1756283942,2025-08-27 08:39:02,0.5
bitcoin-up-or-down-august-27-8am-et,DOWN,111234870655832851046306569564620313764956595816823469854808434172379633830354,1756284009,2025-08-27 08:40:09,0.5
bitcoin-up-or-down-august-27-8am-et,DOWN,111234870655832851046306569564620313764956595816823469854808434172379633830354,1756284062,2025-08-27 08:41:02,0.5
bitcoin-up-or-down-august-27-8am-et,DOWN,111234870655832851046306569564620313764956595816823469854808434172379633830354,1756284122,2025-08-27 08:42:02,0.5
bitcoin-up-or-down-august-27-8am-et,DOWN,111234870655832851046306569564620313764956595816823469854808434172379633830354,1756284183,2025-08-27 08:43:03,0.5
bitcoin-up-or-down-august-27-8am-et,DOWN,111234870655832851046306569564620313764956595816823469854808434172379633830354,1756284242,2025-08-27 08:44:02,0.5
bitcoin-up-or-down-august-27-8am-et,DOWN,111234870655832851046306569564620313764956595816823469854808434172379633830354,1756284314,2025-08-27 08:45:14,0.5
bitcoin-up-or-down-august-27-8am-et,DOWN,111234870655832851046306569564620313764956595816823469854808434172379633830354,1756284363,2025-08-27 08:46:03,0.5
bitcoin-up-or-down-august-27-8am-et,DOWN,111234870655832851046306569564620313764956595816823469854808434172379633830354,1756284422,2025-08-27 08:47:02,0.5
bitcoin-up-or-down-august-27-8am-et,DOWN,111234870655832851046306569564620313764956595816823469854808434172379633830354,1756284484,2025-08-27 08:48:04,0.5
bitcoin-up-or-down-august-27-8am-et,DOWN,111234870655832851046306569564620313764956595816823469854808434172379633830354,1756284543,2025-08-27 08:49:03,0.5
bitcoin-up-or-down-august-27-8am-et,DOWN,111234870655832851046306569564620313764956595816823469854808434172379633830354,1756284605,2025-08-27 08:50:05,0.5
bitcoin-up-or-down-august-27-8am-et,DOWN,111234870655832851046306569564620313764956595816823469854808434172379633830354,1756284664,2025-08-27 08:51:04,0.5
bitcoin-up-or-down-august-27-8am-et,DOWN,111234870655832851046306569564620313764956595816823469854808434172379633830354,1756284723,2025-08-27 08:52:03,0.5
bitcoin-up-or-down-august-27-8am-et,DOWN,111234870655832851046306569564620313764956595816823469854808434172379633830354,1756284782,2025-08-27 08:53:02,0.5
bitcoin-up-or-down-august-27-8am-et,DOWN,111234870655832851046306569564620313764956595816823469854808434172379633830354,1756284843,2025-08-27 08:54:03,0.5
bitcoin-up-or-down-august-27-8am-et,DOWN,111234870655832851046306569564620313764956595816823469854808434172379633830354,1756284903,2025-08-27 08:55:03,0.5
bitcoin-up-or-down-august-27-8am-et,DOWN,111234870655832851046306569564620313764956595816823469854808434172379633830354,1756284962,2025-08-27 08:56:02,0.5
bitcoin-up-or-down-august-27-8am-et,DOWN,111234870655832851046306569564620313764956595816823469854808434172379633830354,1756285022,2025-08-27 08:57:02,0.5
bitcoin-up-or-down-august-27-8am-et,DOWN,111234870655832851046306569564620313764956595816823469854808434172379633830354,1756285082,2025-08-27 08:58:02,0.5
bitcoin-up-or-down-august-27-8am-et,DOWN,111234870655832851046306569564620313764956595816823469854808434172379633830354,1756285143,2025-08-27 08:59:03,0.5
bitcoin-up-or-down-august-27-8am-et,DOWN,111234870655832851046306569564620313764956595816823469854808434172379633830354,1756285204,2025-08-27 09:00:04,0.5
bitcoin-up-or-down-august-27-8am-et,DOWN,111234870655832851046306569564620313764956595816823469854808434172379633830354,1756285270,2025-08-27 09:01:10,0.5
bitcoin-up-or-down-august-27-8am-et,DOWN,111234870655832851046306569564620313764956595816823469854808434172379633830354,1756285323,2025-08-27 09:02:03,0.5
bitcoin-up-or-down-august-27-8am-et,DOWN,111234870655832851046306569564620313764956595816823469854808434172379633830354,1756285395,2025-08-27 09:03:15,0.5
bitcoin-up-or-down-august-27-8am-et,DOWN,111234870655832851046306569564620313764956595816823469854808434172379633830354,1756285442,2025-08-27 09:04:02,0.5
bitcoin-up-or-down-august-27-8am-et,DOWN,111234870655832851046306569564620313764956595816823469854808434172379633830354,1756285816,2025-08-27 09:10:16,0.5
bitcoin-up-or-down-august-27-8am-et,DOWN,111234870655832851046306569564620313764956595816823469854808434172379633830354,1756285841,2025-08-27 09:10:41,0.5
bitcoin-up-or-down-august-27-8am-et,DOWN,111234870655832851046306569564620313764956595816823469854808434172379633830354,1756285863,2025-08-27 09:11:03,0.5
bitcoin-up-or-down-august-27-8am-et,DOWN,111234870655832851046306569564620313764956595816823469854808434172379633830354,1756285923,2025-08-27 09:12:03,0.5
bitcoin-up-or-down-august-27-8am-et,DOWN,111234870655832851046306569564620313764956595816823469854808434172379633830354,1756285983,2025-08-27 09:13:03,0.5
bitcoin-up-or-down-august-27-8am-et,DOWN,111234870655832851046306569564620313764956595816823469854808434172379633830354,1756286042,2025-08-27 09:14:02,0.5
bitcoin-up-or-down-august-27-8am-et,DOWN,111234870655832851046306569564620313764956595816823469854808434172379633830354,1756286104,2025-08-27 09:15:04,0.5
bitcoin-up-or-down-august-27-8am-et,DOWN,111234870655832851046306569564620313764956595816823469854808434172379633830354,1756286163,2025-08-27 09:16:03,0.5
bitcoin-up-or-down-august-27-8am-et,DOWN,111234870655832851046306569564620313764956595816823469854808434172379633830354,1756286225,2025-08-27 09:17:05,0.5
bitcoin-up-or-down-august-27-8am-et,DOWN,111234870655832851046306569564620313764956595816823469854808434172379633830354,1756286283,2025-08-27 09:18:03,0.5
bitcoin-up-or-down-august-27-8am-et,DOWN,111234870655832851046306569564620313764956595816823469854808434172379633830354,1756286342,2025-08-27 09:19:02,0.5
bitcoin-up-or-down-august-27-8am-et,DOWN,111234870655832851046306569564620313764956595816823469854808434172379633830354,1756286404,2025-08-27 09:20:04,0.5
bitcoin-up-or-down-august-27-8am-et,DOWN,111234870655832851046306569564620313764956595816823469854808434172379633830354,1756286468,2025-08-27 09:21:08,0.5
bitcoin-up-or-down-august-27-8am-et,DOWN,111234870655832851046306569564620313764956595816823469854808434172379633830354,1756286523,2025-08-27 09:22:03,0.5
bitcoin-up-or-down-august-27-8am-et,DOWN,111234870655832851046306569564620313764956595816823469854808434172379633830354,1756286583,2025-08-27 09:23:03,0.5
bitcoin-up-or-down-august-27-8am-et,DOWN,111234870655832851046306569564620313764956595816823469854808434172379633830354,1756286642,2025-08-27 09:24:02,0.5
bitcoin-up-or-down-august-27-8am-et,DOWN,111234870655832851046306569564620313764956595816823469854808434172379633830354,1756286707,2025-08-27 09:25:07,0.5
bitcoin-up-or-down-august-27-8am-et,DOWN,111234870655832851046306569564620313764956595816823469854808434172379633830354,1756286770,2025-08-27 09:26:10,0.5
bitcoin-up-or-down-august-27-8am-et,DOWN,111234870655832851046306569564620313764956595816823469854808434172379633830354,1756286823,2025-08-27 09:27:03,0.5
bitcoin-up-or-down-august-27-8am-et,DOWN,111234870655832851046306569564620313764956595816823469854808434172379633830354,1756286882,2025-08-27 09:28:02,0.5
bitcoin-up-or-down-august-27-8am-et,DOWN,111234870655832851046306569564620313764956595816823469854808434172379633830354,1756286944,2025-08-27 09:29:04,0.5
bitcoin-up-or-down-august-27-8am-et,DOWN,111234870655832851046306569564620313764956595816823469854808434172379633830354,1756287006,2025-08-27 09:30:06,0.5
bitcoin-up-or-down-august-27-8am-et,DOWN,111234870655832851046306569564620313764956595816823469854808434172379633830354,1756287068,2025-08-27 09:31:08,0.5
bitcoin-up-or-down-august-27-8am-et,DOWN,111234870655832851046306569564620313764956595816823469854808434172379633830354,1756287124,2025-08-27 09:32:04,0.505
bitcoin-up-or-down-august-27-8am-et,DOWN,111234870655832851046306569564620313764956595816823469854808434172379633830354,1756287182,2025-08-27 09:33:02,0.505
bitcoin-up-or-down-august-27-8am-et,DOWN,111234870655832851046306569564620313764956595816823469854808434172379633830354,1756287243,2025-08-27 09:34:03,0.505
bitcoin-up-or-down-august-27-8am-et,DOWN,111234870655832851046306569564620313764956595816823469854808434172379633830354,1756287303,2025-08-27 09:35:03,0.505
bitcoin-up-or-down-august-27-8am-et,DOWN,111234870655832851046306569564620313764956595816823469854808434172379633830354,1756287367,2025-08-27 09:36:07,0.505
bitcoin-up-or-down-august-27-8am-et,DOWN,111234870655832851046306569564620313764956595816823469854808434172379633830354,1756287423,2025-08-27 09:37:03,0.505
bitcoin-up-or-down-august-27-8am-et,DOWN,111234870655832851046306569564620313764956595816823469854808434172379633830354,1756287484,2025-08-27 09:38:04,0.505
bitcoin-up-or-down-august-27-8am-et,DOWN,111234870655832851046306569564620313764956595816823469854808434172379633830354,1756287543,2025-08-27 09:39:03,0.505
bitcoin-up-or-down-august-27-8am-et,DOWN,111234870655832851046306569564620313764956595816823469854808434172379633830354,1756287604,2025-08-27 09:40:04,0.505
bitcoin-up-or-down-august-27-8am-et,DOWN,111234870655832851046306569564620313764956595816823469854808434172379633830354,1756287666,2025-08-27 09:41:06,0.505
bitcoin-up-or-down-august-27-8am-et,DOWN,111234870655832851046306569564620313764956595816823469854808434172379633830354,1756287723,2025-08-27 09:42:03,0.505
bitcoin-up-or-down-august-27-8am-et,DOWN,111234870655832851046306569564620313764956595816823469854808434172379633830354,1756287782,2025-08-27 09:43:02,0.505
bitcoin-up-or-down-august-27-8am-et,DOWN,111234870655832851046306569564620313764956595816823469854808434172379633830354,1756287843,2025-08-27 09:44:03,0.505
bitcoin-up-or-down-august-27-8am-et,DOWN,111234870655832851046306569564620313764956595816823469854808434172379633830354,1756287905,2025-08-27 09:45:05,0.505
bitcoin-up-or-down-august-27-8am-et,DOWN,111234870655832851046306569564620313764956595816823469854808434172379633830354,1756287966,2025-08-27 09:46:06,0.505
bitcoin-up-or-down-august-27-8am-et,DOWN,111234870655832851046306569564620313764956595816823469854808434172379633830354,1756288024,2025-08-27 09:47:04,0.505
bitcoin-up-or-down-august-27-8am-et,DOWN,111234870655832851046306569564620313764956595816823469854808434172379633830354,1756288082,2025-08-27 09:48:02,0.505
bitcoin-up-or-down-august-27-8am-et,DOWN,111234870655832851046306569564620313764956595816823469854808434172379633830354,1756288142,2025-08-27 09:49:02,0.505
bitcoin-up-or-down-august-27-8am-et,DOWN,111234870655832851046306569564620313764956595816823469854808434172379633830354,1756288202,2025-08-27 09:50:02,0.505
bitcoin-up-or-down-august-27-8am-et,DOWN,111234870655832851046306569564620313764956595816823469854808434172379633830354,1756288263,2025-08-27 09:51:03,0.505
bitcoin-up-or-down-august-27-8am-et,DOWN,111234870655832851046306569564620313764956595816823469854808434172379633830354,1756288322,2025-08-27 09:52:02,0.505
bitcoin-up-or-down-august-27-8am-et,DOWN,111234870655832851046306569564620313764956595816823469854808434172379633830354,1756288383,2025-08-27 09:53:03,0.505
bitcoin-up-or-down-august-27-8am-et,DOWN,111234870655832851046306569564620313764956595816823469854808434172379633830354,1756288443,2025-08-27 09:54:03,0.505
bitcoin-up-or-down-august-27-8am-et,DOWN,111234870655832851046306569564620313764956595816823469854808434172379633830354,1756288505,2025-08-27 09:55:05,0.505
bitcoin-up-or-down-august-27-8am-et,DOWN,111234870655832851046306569564620313764956595816823469854808434172379633830354,1756288567,2025-08-27 09:56:07,0.505
bitcoin-up-or-down-august-27-8am-et,DOWN,111234870655832851046306569564620313764956595816823469854808434172379633830354,1756288623,2025-08-27 09:57:03,0.505
bitcoin-up-or-down-august-27-8am-et,DOWN,111234870655832851046306569564620313764956595816823469854808434172379633830354,1756288683,2025-08-27 09:58:03,0.505
bitcoin-up-or-down-august-27-8am-et,DOWN,111234870655832851046306569564620313764956595816823469854808434172379633830354,1756288743,2025-08-27 09:59:03,0.505
bitcoin-up-or-down-august-27-8am-et,DOWN,111234870655832851046306569564620313764956595816823469854808434172379633830354,1756288813,2025-08-27 10:00:13,0.505
bitcoin-up-or-down-august-27-8am-et,DOWN,111234870655832851046306569564620313764956595816823469854808434172379633830354,1756288862,2025-08-27 10:01:02,0.505
bitcoin-up-or-down-august-27-8am-et,DOWN,111234870655832851046306569564620313764956595816823469854808434172379633830354,1756288924,2025-08-27 10:02:04,0.505
bitcoin-up-or-down-august-27-8am-et,DOWN,111234870655832851046306569564620313764956595816823469854808434172379633830354,1756288984,2025-08-27 10:03:04,0.505
bitcoin-up-or-down-august-27-8am-et,DOWN,111234870655832851046306569564620313764956595816823469854808434172379633830354,1756289042,2025-08-27 10:04:02,0.505
bitcoin-up-or-down-august-27-8am-et,DOWN,111234870655832851046306569564620313764956595816823469854808434172379633830354,1756289105,2025-08-27 10:05:05,0.505
bitcoin-up-or-down-august-27-8am-et,DOWN,111234870655832851046306569564620313764956595816823469854808434172379633830354,1756289165,2025-08-27 10:06:05,0.505
bitcoin-up-or-down-august-27-8am-et,DOWN,111234870655832851046306569564620313764956595816823469854808434172379633830354,1756289222,2025-08-27 10:07:02,0.505
bitcoin-up-or-down-august-27-8am-et,DOWN,111234870655832851046306569564620313764956595816823469854808434172379633830354,1756289282,2025-08-27 10:08:02,0.505
bitcoin-up-or-down-august-27-8am-et,DOWN,111234870655832851046306569564620313764956595816823469854808434172379633830354,1756289342,2025-08-27 10:09:02,0.505
bitcoin-up-or-down-august-27-8am-et,DOWN,111234870655832851046306569564620313764956595816823469854808434172379633830354,1756289414,2025-08-27 10:10:14,0.505
bitcoin-up-or-down-august-27-8am-et,DOWN,111234870655832851046306569564620313764956595816823469854808434172379633830354,1756289462,2025-08-27 10:11:02,0.505
bitcoin-up-or-down-august-27-8am-et,DOWN,111234870655832851046306569564620313764956595816823469854808434172379633830354,1756289524,2025-08-27 10:12:04,0.505
bitcoin-up-or-down-august-27-8am-et,DOWN,111234870655832851046306569564620313764956595816823469854808434172379633830354,1756289582,2025-08-27 10:13:02,0.505
bitcoin-up-or-down-august-27-8am-et,DOWN,111234870655832851046306569564620313764956595816823469854808434172379633830354,1756289644,2025-08-27 10:14:04,0.505
bitcoin-up-or-down-august-27-8am-et,DOWN,111234870655832851046306569564620313764956595816823469854808434172379633830354,1756289703,2025-08-27 10:15:03,0.505
bitcoin-up-or-down-august-27-8am-et,DOWN,111234870655832851046306569564620313764956595816823469854808434172379633830354,1756289762,2025-08-27 10:16:02,0.505
bitcoin-up-or-down-august-27-8am-et,DOWN,111234870655832851046306569564620313764956595816823469854808434172379633830354,1756289823,2025-08-27 10:17:03,0.505
bitcoin-up-or-down-august-27-8am-et,DOWN,111234870655832851046306569564620313764956595816823469854808434172379633830354,1756289882,2025-08-27 10:18:02,0.505
bitcoin-up-or-down-august-27-8am-et,DOWN,111234870655832851046306569564620313764956595816823469854808434172379633830354,1756289943,2025-08-27 10:19:03,0.505
bitcoin-up-or-down-august-27-8am-et,DOWN,111234870655832851046306569564620313764956595816823469854808434172379633830354,1756290004,2025-08-27 10:20:04,0.505
bitcoin-up-or-down-august-27-8am-et,DOWN,111234870655832851046306569564620313764956595816823469854808434172379633830354,1756290064,2025-08-27 10:21:04,0.505
bitcoin-up-or-down-august-27-8am-et,DOWN,111234870655832851046306569564620313764956595816823469854808434172379633830354,1756290122,2025-08-27 10:22:02,0.505
bitcoin-up-or-down-august-27-8am-et,DOWN,111234870655832851046306569564620313764956595816823469854808434172379633830354,1756290184,2025-08-27 10:23:04,0.505
bitcoin-up-or-down-august-27-8am-et,DOWN,111234870655832851046306569564620313764956595816823469854808434172379633830354,1756290243,2025-08-27 10:24:03,0.505
bitcoin-up-or-down-august-27-8am-et,DOWN,111234870655832851046306569564620313764956595816823469854808434172379633830354,1756290310,2025-08-27 10:25:10,0.505
bitcoin-up-or-down-august-27-8am-et,DOWN,111234870655832851046306569564620313764956595816823469854808434172379633830354,1756290363,2025-08-27 10:26:03,0.505
bitcoin-up-or-down-august-27-8am-et,DOWN,111234870655832851046306569564620313764956595816823469854808434172379633830354,1756290422,2025-08-27 10:27:02,0.505
bitcoin-up-or-down-august-27-8am-et,DOWN,111234870655832851046306569564620313764956595816823469854808434172379633830354,1756290483,2025-08-27 10:28:03,0.505
bitcoin-up-or-down-august-27-8am-et,DOWN,111234870655832851046306569564620313764956595816823469854808434172379633830354,1756290543,2025-08-27 10:29:03,0.505
bitcoin-up-or-down-august-27-8am-et,DOWN,111234870655832851046306569564620313764956595816823469854808434172379633830354,1756290614,2025-08-27 10:30:14,0.505
bitcoin-up-or-down-august-27-8am-et,DOWN,111234870655832851046306569564620313764956595816823469854808434172379633830354,1756290663,2025-08-27 10:31:03,0.505
bitcoin-up-or-down-august-27-8am-et,DOWN,111234870655832851046306569564620313764956595816823469854808434172379633830354,1756290724,2025-08-27 10:32:04,0.505
bitcoin-up-or-down-august-27-8am-et,DOWN,111234870655832851046306569564620313764956595816823469854808434172379633830354,1756290784,2025-08-27 10:33:04,0.505
bitcoin-up-or-down-august-27-8am-et,DOWN,111234870655832851046306569564620313764956595816823469854808434172379633830354,1756290842,2025-08-27 10:34:02,0.505
bitcoin-up-or-down-august-27-8am-et,DOWN,111234870655832851046306569564620313764956595816823469854808434172379633830354,1756290915,2025-08-27 10:35:15,0.505
bitcoin-up-or-down-august-27-8am-et,DOWN,111234870655832851046306569564620313764956595816823469854808434172379633830354,1756290962,2025-08-27 10:36:02,0.505
bitcoin-up-or-down-august-27-8am-et,DOWN,111234870655832851046306569564620313764956595816823469854808434172379633830354,1756291023,2025-08-27 10:37:03,0.505
bitcoin-up-or-down-august-27-8am-et,DOWN,111234870655832851046306569564620313764956595816823469854808434172379633830354,1756291082,2025-08-27 10:38:02,0.505
bitcoin-up-or-down-august-27-8am-et,DOWN,111234870655832851046306569564620313764956595816823469854808434172379633830354,1756291144,2025-08-27 10:39:04,0.505
bitcoin-up-or-down-august-27-8am-et,DOWN,111234870655832851046306569564620313764956595816823469854808434172379633830354,1756291210,2025-08-27 10:40:10,0.505
bitcoin-up-or-down-august-27-8am-et,DOWN,111234870655832851046306569564620313764956595816823469854808434172379633830354,1756291263,2025-08-27 10:41:03,0.505
bitcoin-up-or-down-august-27-8am-et,DOWN,111234870655832851046306569564620313764956595816823469854808434172379633830354,1756291323,2025-08-27 10:42:03,0.505
bitcoin-up-or-down-august-27-8am-et,DOWN,111234870655832851046306569564620313764956595816823469854808434172379633830354,1756291383,2025-08-27 10:43:03,0.505
bitcoin-up-or-down-august-27-8am-et,DOWN,111234870655832851046306569564620313764956595816823469854808434172379633830354,1756291442,2025-08-27 10:44:02,0.505
bitcoin-up-or-down-august-27-8am-et,DOWN,111234870655832851046306569564620313764956595816823469854808434172379633830354,1756291512,2025-08-27 10:45:12,0.505
bitcoin-up-or-down-august-27-8am-et,DOWN,111234870655832851046306569564620313764956595816823469854808434172379633830354,1756291564,2025-08-27 10:46:04,0.505
bitcoin-up-or-down-august-27-8am-et,DOWN,111234870655832851046306569564620313764956595816823469854808434172379633830354,1756291624,2025-08-27 10:47:04,0.505
bitcoin-up-or-down-august-27-8am-et,DOWN,111234870655832851046306569564620313764956595816823469854808434172379633830354,1756291682,2025-08-27 10:48:02,0.505
bitcoin-up-or-down-august-27-8am-et,DOWN,111234870655832851046306569564620313764956595816823469854808434172379633830354,1756291742,2025-08-27 10:49:02,0.505
bitcoin-up-or-down-august-27-8am-et,DOWN,111234870655832851046306569564620313764956595816823469854808434172379633830354,1756291804,2025-08-27 10:50:04,0.505
bitcoin-up-or-down-august-27-8am-et,DOWN,111234870655832851046306569564620313764956595816823469854808434172379633830354,1756291864,2025-08-27 10:51:04,0.505
bitcoin-up-or-down-august-27-8am-et,DOWN,111234870655832851046306569564620313764956595816823469854808434172379633830354,1756291923,2025-08-27 10:52:03,0.505
bitcoin-up-or-down-august-27-8am-et,DOWN,111234870655832851046306569564620313764956595816823469854808434172379633830354,1756291982,2025-08-27 10:53:02,0.505
bitcoin-up-or-down-august-27-8am-et,DOWN,111234870655832851046306569564620313764956595816823469854808434172379633830354,1756292043,2025-08-27 10:54:03,0.505
bitcoin-up-or-down-august-27-8am-et,DOWN,111234870655832851046306569564620313764956595816823469854808434172379633830354,1756292102,2025-08-27 10:55:02,0.505
bitcoin-up-or-down-august-27-8am-et,DOWN,111234870655832851046306569564620313764956595816823469854808434172379633830354,1756292163,2025-08-27 10:56:03,0.505
bitcoin-up-or-down-august-27-8am-et,DOWN,111234870655832851046306569564620313764956595816823469854808434172379633830354,1756292222,2025-08-27 10:57:02,0.505
bitcoin-up-or-down-august-27-8am-et,DOWN,111234870655832851046306569564620313764956595816823469854808434172379633830354,1756292282,2025-08-27 10:58:02,0.505
bitcoin-up-or-down-august-27-8am-et,DOWN,111234870655832851046306569564620313764956595816823469854808434172379633830354,1756292344,2025-08-27 10:59:04,0.505
bitcoin-up-or-down-august-27-8am-et,DOWN,111234870655832851046306569564620313764956595816823469854808434172379633830354,1756292402,2025-08-27 11:00:02,0.505
bitcoin-up-or-down-august-27-8am-et,DOWN,111234870655832851046306569564620313764956595816823469854808434172379633830354,1756292463,2025-08-27 11:01:03,0.505
bitcoin-up-or-down-august-27-8am-et,DOWN,111234870655832851046306569564620313764956595816823469854808434172379633830354,1756292522,2025-08-27 11:02:02,0.505
bitcoin-up-or-down-august-27-8am-et,DOWN,111234870655832851046306569564620313764956595816823469854808434172379633830354,1756292583,2025-08-27 11:03:03,0.505
bitcoin-up-or-down-august-27-8am-et,DOWN,111234870655832851046306569564620313764956595816823469854808434172379633830354,1756292643,2025-08-27 11:04:03,0.505
bitcoin-up-or-down-august-27-8am-et,DOWN,111234870655832851046306569564620313764956595816823469854808434172379633830354,1756292715,2025-08-27 11:05:15,0.505
bitcoin-up-or-down-august-27-8am-et,DOWN,111234870655832851046306569564620313764956595816823469854808434172379633830354,1756292762,2025-08-27 11:06:02,0.505
bitcoin-up-or-down-august-27-8am-et,DOWN,111234870655832851046306569564620313764956595816823469854808434172379633830354,1756292823,2025-08-27 11:07:03,0.505
bitcoin-up-or-down-august-27-8am-et,DOWN,111234870655832851046306569564620313764956595816823469854808434172379633830354,1756292883,2025-08-27 11:08:03,0.505
bitcoin-up-or-down-august-27-8am-et,DOWN,111234870655832851046306569564620313764956595816823469854808434172379633830354,1756292942,2025-08-27 11:09:02,0.505
bitcoin-up-or-down-august-27-8am-et,DOWN,111234870655832851046306569564620313764956595816823469854808434172379633830354,1756293003,2025-08-27 11:10:03,0.51
bitcoin-up-or-down-august-27-8am-et,DOWN,111234870655832851046306569564620313764956595816823469854808434172379633830354,1756293062,2025-08-27 11:11:02,0.51
bitcoin-up-or-down-august-27-8am-et,DOWN,111234870655832851046306569564620313764956595816823469854808434172379633830354,1756293123,2025-08-27 11:12:03,0.51
bitcoin-up-or-down-august-27-8am-et,DOWN,111234870655832851046306569564620313764956595816823469854808434172379633830354,1756293183,2025-08-27 11:13:03,0.51
bitcoin-up-or-down-august-27-8am-et,DOWN,111234870655832851046306569564620313764956595816823469854808434172379633830354,1756293243,2025-08-27 11:14:03,0.51
bitcoin-up-or-down-august-27-8am-et,DOWN,111234870655832851046306569564620313764956595816823469854808434172379633830354,1756293309,2025-08-27 11:15:09,0.51
bitcoin-up-or-down-august-27-8am-et,DOWN,111234870655832851046306569564620313764956595816823469854808434172379633830354,1756293363,2025-08-27 11:16:03,0.51
bitcoin-up-or-down-august-27-8am-et,DOWN,111234870655832851046306569564620313764956595816823469854808434172379633830354,1756293422,2025-08-27 11:17:02,0.51
bitcoin-up-or-down-august-27-8am-et,DOWN,111234870655832851046306569564620313764956595816823469854808434172379633830354,1756293483,2025-08-27 11:18:03,0.51
bitcoin-up-or-down-august-27-8am-et,DOWN,111234870655832851046306569564620313764956595816823469854808434172379633830354,1756293544,2025-08-27 11:19:04,0.51
bitcoin-up-or-down-august-27-8am-et,DOWN,111234870655832851046306569564620313764956595816823469854808434172379633830354,1756293607,2025-08-27 11:20:07,0.51
bitcoin-up-or-down-august-27-8am-et,DOWN,111234870655832851046306569564620313764956595816823469854808434172379633830354,1756293663,2025-08-27 11:21:03,0.51
bitcoin-up-or-down-august-27-8am-et,DOWN,111234870655832851046306569564620313764956595816823469854808434172379633830354,1756293724,2025-08-27 11:22:04,0.51
bitcoin-up-or-down-august-27-8am-et,DOWN,111234870655832851046306569564620313764956595816823469854808434172379633830354,1756293784,2025-08-27 11:23:04,0.51
bitcoin-up-or-down-august-27-8am-et,DOWN,111234870655832851046306569564620313764956595816823469854808434172379633830354,1756293843,2025-08-27 11:24:03,0.51
bitcoin-up-or-down-august-27-8am-et,DOWN,111234870655832851046306569564620313764956595816823469854808434172379633830354,1756293902,2025-08-27 11:25:02,0.51
bitcoin-up-or-down-august-27-8am-et,DOWN,111234870655832851046306569564620313764956595816823469854808434172379633830354,1756293963,2025-08-27 11:26:03,0.51
bitcoin-up-or-down-august-27-8am-et,DOWN,111234870655832851046306569564620313764956595816823469854808434172379633830354,1756294024,2025-08-27 11:27:04,0.51
bitcoin-up-or-down-august-27-8am-et,DOWN,111234870655832851046306569564620313764956595816823469854808434172379633830354,1756294084,2025-08-27 11:28:04,0.51
bitcoin-up-or-down-august-27-8am-et,DOWN,111234870655832851046306569564620313764956595816823469854808434172379633830354,1756294143,2025-08-27 11:29:03,0.51
bitcoin-up-or-down-august-27-8am-et,DOWN,111234870655832851046306569564620313764956595816823469854808434172379633830354,1756294207,2025-08-27 11:30:07,0.51
bitcoin-up-or-down-august-27-8am-et,DOWN,111234870655832851046306569564620313764956595816823469854808434172379633830354,1756294262,2025-08-27 11:31:02,0.515
bitcoin-up-or-down-august-27-8am-et,DOWN,111234870655832851046306569564620313764956595816823469854808434172379633830354,1756294324,2025-08-27 11:32:04,0.515
bitcoin-up-or-down-august-27-8am-et,DOWN,111234870655832851046306569564620313764956595816823469854808434172379633830354,1756294383,2025-08-27 11:33:03,0.515
bitcoin-up-or-down-august-27-8am-et,DOWN,111234870655832851046306569564620313764956595816823469854808434172379633830354,1756294444,2025-08-27 11:34:04,0.515
bitcoin-up-or-down-august-27-8am-et,DOWN,111234870655832851046306569564620313764956595816823469854808434172379633830354,1756294508,2025-08-27 11:35:08,0.515
bitcoin-up-or-down-august-27-8am-et,DOWN,111234870655832851046306569564620313764956595816823469854808434172379633830354,1756294564,2025-08-27 11:36:04,0.515
bitcoin-up-or-down-august-27-8am-et,DOWN,111234870655832851046306569564620313764956595816823469854808434172379633830354,1756294622,2025-08-27 11:37:02,0.515
bitcoin-up-or-down-august-27-8am-et,DOWN,111234870655832851046306569564620313764956595816823469854808434172379633830354,1756294683,2025-08-27 11:38:03,0.515
bitcoin-up-or-down-august-27-8am-et,DOWN,111234870655832851046306569564620313764956595816823469854808434172379633830354,1756294744,2025-08-27 11:39:04,0.515
bitcoin-up-or-down-august-27-8am-et,DOWN,111234870655832851046306569564620313764956595816823469854808434172379633830354,1756294802,2025-08-27 11:40:02,0.515
bitcoin-up-or-down-august-27-8am-et,DOWN,111234870655832851046306569564620313764956595816823469854808434172379633830354,1756294864,2025-08-27 11:41:04,0.515
bitcoin-up-or-down-august-27-8am-et,DOWN,111234870655832851046306569564620313764956595816823469854808434172379633830354,1756294924,2025-08-27 11:42:04,0.515
bitcoin-up-or-down-august-27-8am-et,DOWN,111234870655832851046306569564620313764956595816823469854808434172379633830354,1756294983,2025-08-27 11:43:03,0.515
bitcoin-up-or-down-august-27-8am-et,DOWN,111234870655832851046306569564620313764956595816823469854808434172379633830354,1756295042,2025-08-27 11:44:02,0.51
bitcoin-up-or-down-august-27-8am-et,DOWN,111234870655832851046306569564620313764956595816823469854808434172379633830354,1756295109,2025-08-27 11:45:09,0.51
bitcoin-up-or-down-august-27-8am-et,DOWN,111234870655832851046306569564620313764956595816823469854808434172379633830354,1756295163,2025-08-27 11:46:03,0.51
bitcoin-up-or-down-august-27-8am-et,DOWN,111234870655832851046306569564620313764956595816823469854808434172379633830354,1756295223,2025-08-27 11:47:03,0.51
bitcoin-up-or-down-august-27-8am-et,DOWN,111234870655832851046306569564620313764956595816823469854808434172379633830354,1756295282,2025-08-27 11:48:02,0.51
bitcoin-up-or-down-august-27-8am-et,DOWN,111234870655832851046306569564620313764956595816823469854808434172379633830354,1756295344,2025-08-27 11:49:04,0.51
bitcoin-up-or-down-august-27-8am-et,DOWN,111234870655832851046306569564620313764956595816823469854808434172379633830354,1756295411,2025-08-27 11:50:11,0.515
bitcoin-up-or-down-august-27-8am-et,DOWN,111234870655832851046306569564620313764956595816823469854808434172379633830354,1756295463,2025-08-27 11:51:03,0.515
bitcoin-up-or-down-august-27-8am-et,DOWN,111234870655832851046306569564620313764956595816823469854808434172379633830354,1756295523,2025-08-27 11:52:03,0.515
bitcoin-up-or-down-august-27-8am-et,DOWN,111234870655832851046306569564620313764956595816823469854808434172379633830354,1756295583,2025-08-27 11:53:03,0.515
bitcoin-up-or-down-august-27-8am-et,DOWN,111234870655832851046306569564620313764956595816823469854808434172379633830354,1756295644,2025-08-27 11:54:04,0.515
bitcoin-up-or-down-august-27-8am-et,DOWN,111234870655832851046306569564620313764956595816823469854808434172379633830354,1756295712,2025-08-27 11:55:12,0.515
bitcoin-up-or-down-august-27-8am-et,DOWN,111234870655832851046306569564620313764956595816823469854808434172379633830354,1756295764,2025-08-27 11:56:04,0.515
bitcoin-up-or-down-august-27-8am-et,DOWN,111234870655832851046306569564620313764956595816823469854808434172379633830354,1756295823,2025-08-27 11:57:03,0.51
bitcoin-up-or-down-august-27-8am-et,DOWN,111234870655832851046306569564620313764956595816823469854808434172379633830354,1756295882,2025-08-27 11:58:02,0.505
bitcoin-up-or-down-august-27-8am-et,DOWN,111234870655832851046306569564620313764956595816823469854808434172379633830354,1756295943,2025-08-27 11:59:03,0.525
bitcoin-up-or-down-august-27-8am-et,DOWN,111234870655832851046306569564620313764956595816823469854808434172379633830354,1756296021,2025-08-27 12:00:21,0.535
bitcoin-up-or-down-august-27-8am-et,DOWN,111234870655832851046306569564620313764956595816823469854808434172379633830354,1756296063,2025-08-27 12:01:03,0.535
bitcoin-up-or-down-august-27-8am-et,DOWN,111234870655832851046306569564620313764956595816823469854808434172379633830354,1756296123,2025-08-27 12:02:03,0.53
bitcoin-up-or-down-august-27-8am-et,DOWN,111234870655832851046306569564620313764956595816823469854808434172379633830354,1756296183,2025-08-27 12:03:03,0.58
bitcoin-up-or-down-august-27-8am-et,DOWN,111234870655832851046306569564620313764956595816823469854808434172379633830354,1756296243,2025-08-27 12:04:03,0.515
bitcoin-up-or-down-august-27-8am-et,DOWN,111234870655832851046306569564620313764956595816823469854808434172379633830354,1756296307,2025-08-27 12:05:07,0.525
bitcoin-up-or-down-august-27-8am-et,DOWN,111234870655832851046306569564620313764956595816823469854808434172379633830354,1756296363,2025-08-27 12:06:03,0.415
bitcoin-up-or-down-august-27-8am-et,DOWN,111234870655832851046306569564620313764956595816823469854808434172379633830354,1756296424,2025-08-27 12:07:04,0.44
bitcoin-up-or-down-august-27-8am-et,DOWN,111234870655832851046306569564620313764956595816823469854808434172379633830354,1756296482,2025-08-27 12:08:02,0.56
bitcoin-up-or-down-august-27-8am-et,DOWN,111234870655832851046306569564620313764956595816823469854808434172379633830354,1756296542,2025-08-27 12:09:02,0.485
bitcoin-up-or-down-august-27-8am-et,DOWN,111234870655832851046306569564620313764956595816823469854808434172379633830354,1756296616,2025-08-27 12:10:16,0.585
bitcoin-up-or-down-august-27-8am-et,DOWN,111234870655832851046306569564620313764956595816823469854808434172379633830354,1756296664,2025-08-27 12:11:04,0.725
bitcoin-up-or-down-august-27-8am-et,DOWN,111234870655832851046306569564620313764956595816823469854808434172379633830354,1756296722,2025-08-27 12:12:02,0.61
bitcoin-up-or-down-august-27-8am-et,DOWN,111234870655832851046306569564620313764956595816823469854808434172379633830354,1756296782,2025-08-27 12:13:02,0.555
bitcoin-up-or-down-august-27-8am-et,DOWN,111234870655832851046306569564620313764956595816823469854808434172379633830354,1756296843,2025-08-27 12:14:03,0.54
bitcoin-up-or-down-august-27-8am-et,DOWN,111234870655832851046306569564620313764956595816823469854808434172379633830354,1756296917,2025-08-27 12:15:17,0.495
bitcoin-up-or-down-august-27-8am-et,DOWN,111234870655832851046306569564620313764956595816823469854808434172379633830354,1756296964,2025-08-27 12:16:04,0.52
bitcoin-up-or-down-august-27-8am-et,DOWN,111234870655832851046306569564620313764956595816823469854808434172379633830354,1756297023,2025-08-27 12:17:03,0.495
bitcoin-up-or-down-august-27-8am-et,DOWN,111234870655832851046306569564620313764956595816823469854808434172379633830354,1756297082,2025-08-27 12:18:02,0.59
bitcoin-up-or-down-august-27-8am-et,DOWN,111234870655832851046306569564620313764956595816823469854808434172379633830354,1756297144,2025-08-27 12:19:04,0.655
bitcoin-up-or-down-august-27-8am-et,DOWN,111234870655832851046306569564620313764956595816823469854808434172379633830354,1756297214,2025-08-27 12:20:14,0.595
bitcoin-up-or-down-august-27-8am-et,DOWN,111234870655832851046306569564620313764956595816823469854808434172379633830354,1756297264,2025-08-27 12:21:04,0.67
bitcoin-up-or-down-august-27-8am-et,DOWN,111234870655832851046306569564620313764956595816823469854808434172379633830354,1756297323,2025-08-27 12:22:03,0.695
bitcoin-up-or-down-august-27-8am-et,DOWN,111234870655832851046306569564620313764956595816823469854808434172379633830354,1756297384,2025-08-27 12:23:04,0.655
bitcoin-up-or-down-august-27-8am-et,DOWN,111234870655832851046306569564620313764956595816823469854808434172379633830354,1756297444,2025-08-27 12:24:04,0.595
bitcoin-up-or-down-august-27-8am-et,DOWN,111234870655832851046306569564620313764956595816823469854808434172379633830354,1756297507,2025-08-27 12:25:07,0.57
bitcoin-up-or-down-august-27-8am-et,DOWN,111234870655832851046306569564620313764956595816823469854808434172379633830354,1756297563,2025-08-27 12:26:03,0.695
bitcoin-up-or-down-august-27-8am-et,DOWN,111234870655832851046306569564620313764956595816823469854808434172379633830354,1756297623,2025-08-27 12:27:03,0.63
bitcoin-up-or-down-august-27-8am-et,DOWN,111234870655832851046306569564620313764956595816823469854808434172379633830354,1756297683,2025-08-27 12:28:03,0.64
bitcoin-up-or-down-august-27-8am-et,DOWN,111234870655832851046306569564620313764956595816823469854808434172379633830354,1756297743,2025-08-27 12:29:03,0.715
bitcoin-up-or-down-august-27-8am-et,DOWN,111234870655832851046306569564620313764956595816823469854808434172379633830354,1756297812,2025-08-27 12:30:12,0.77
bitcoin-up-or-down-august-27-8am-et,DOWN,111234870655832851046306569564620313764956595816823469854808434172379633830354,1756297863,2025-08-27 12:31:03,0.77
bitcoin-up-or-down-august-27-8am-et,DOWN,111234870655832851046306569564620313764956595816823469854808434172379633830354,1756297924,2025-08-27 12:32:04,0.8
bitcoin-up-or-down-august-27-8am-et,DOWN,111234870655832851046306569564620313764956595816823469854808434172379633830354,1756297983,2025-08-27 12:33:03,0.77
bitcoin-up-or-down-august-27-8am-et,DOWN,111234870655832851046306569564620313764956595816823469854808434172379633830354,1756298042,2025-08-27 12:34:02,0.795
bitcoin-up-or-down-august-27-8am-et,DOWN,111234870655832851046306569564620313764956595816823469854808434172379633830354,1756298114,2025-08-27 12:35:14,0.8
bitcoin-up-or-down-august-27-8am-et,DOWN,111234870655832851046306569564620313764956595816823469854808434172379633830354,1756298162,2025-08-27 12:36:02,0.775
bitcoin-up-or-down-august-27-8am-et,DOWN,111234870655832851046306569564620313764956595816823469854808434172379633830354,1756298225,2025-08-27 12:37:05,0.81
bitcoin-up-or-down-august-27-8am-et,DOWN,111234870655832851046306569564620313764956595816823469854808434172379633830354,1756298283,2025-08-27 12:38:03,0.8
bitcoin-up-or-down-august-27-8am-et,DOWN,111234870655832851046306569564620313764956595816823469854808434172379633830354,1756298343,2025-08-27 12:39:03,0.81
bitcoin-up-or-down-august-27-8am-et,DOWN,111234870655832851046306569564620313764956595816823469854808434172379633830354,1756298406,2025-08-27 12:40:06,0.815
bitcoin-up-or-down-august-27-8am-et,DOWN,111234870655832851046306569564620313764956595816823469854808434172379633830354,1756298463,2025-08-27 12:41:03,0.82
bitcoin-up-or-down-august-27-8am-et,DOWN,111234870655832851046306569564620313764956595816823469854808434172379633830354,1756298523,2025-08-27 12:42:03,0.895
bitcoin-up-or-down-august-27-8am-et,DOWN,111234870655832851046306569564620313764956595816823469854808434172379633830354,1756298582,2025-08-27 12:43:02,0.88
bitcoin-up-or-down-august-27-8am-et,DOWN,111234870655832851046306569564620313764956595816823469854808434172379633830354,1756298644,2025-08-27 12:44:04,0.86
bitcoin-up-or-down-august-27-8am-et,DOWN,111234870655832851046306569564620313764956595816823469854808434172379633830354,1756298710,2025-08-27 12:45:10,0.925
bitcoin-up-or-down-august-27-8am-et,DOWN,111234870655832851046306569564620313764956595816823469854808434172379633830354,1756298762,2025-08-27 12:46:02,0.93
bitcoin-up-or-down-august-27-8am-et,DOWN,111234870655832851046306569564620313764956595816823469854808434172379633830354,1756298824,2025-08-27 12:47:04,0.88
bitcoin-up-or-down-august-27-8am-et,DOWN,111234870655832851046306569564620313764956595816823469854808434172379633830354,1756298883,2025-08-27 12:48:03,0.945
bitcoin-up-or-down-august-27-8am-et,DOWN,111234870655832851046306569564620313764956595816823469854808434172379633830354,1756298942,2025-08-27 12:49:02,0.955
bitcoin-up-or-down-august-27-8am-et,DOWN,111234870655832851046306569564620313764956595816823469854808434172379633830354,1756299006,2025-08-27 12:50:06,0.89
bitcoin-up-or-down-august-27-8am-et,DOWN,111234870655832851046306569564620313764956595816823469854808434172379633830354,1756299064,2025-08-27 12:51:04,0.875
bitcoin-up-or-down-august-27-8am-et,DOWN,111234870655832851046306569564620313764956595816823469854808434172379633830354,1756299122,2025-08-27 12:52:02,0.9
bitcoin-up-or-down-august-27-8am-et,DOWN,111234870655832851046306569564620313764956595816823469854808434172379633830354,1756299184,2025-08-27 12:53:04,0.925
bitcoin-up-or-down-august-27-8am-et,DOWN,111234870655832851046306569564620313764956595816823469854808434172379633830354,1756299243,2025-08-27 12:54:03,0.89
bitcoin-up-or-down-august-27-8am-et,DOWN,111234870655832851046306569564620313764956595816823469854808434172379633830354,1756299303,2025-08-27 12:55:03,0.895
bitcoin-up-or-down-august-27-8am-et,DOWN,111234870655832851046306569564620313764956595816823469854808434172379633830354,1756299362,2025-08-27 12:56:02,0.91
bitcoin-up-or-down-august-27-8am-et,DOWN,111234870655832851046306569564620313764956595816823469854808434172379633830354,1756299423,2025-08-27 12:57:03,0.72
bitcoin-up-or-down-august-27-8am-et,DOWN,111234870655832851046306569564620313764956595816823469854808434172379633830354,1756299483,2025-08-27 12:58:03,0.355
bitcoin-up-or-down-august-27-8am-et,DOWN,111234870655832851046306569564620313764956595816823469854808434172379633830354,1756299543,2025-08-27 12:59:03,0.225
