event_slug,leg,token_id,timestamp,iso_time_utc,midpoint
bitcoin-up-or-down-august-27-8pm-et,UP,52663723472189837019282878320519686971007473994421038773533328330378617408514,1756113902,2025-08-25 09:25:02,0.5
bitcoin-up-or-down-august-27-8pm-et,UP,52663723472189837019282878320519686971007473994421038773533328330378617408514,1756113969,2025-08-25 09:26:09,0.5
bitcoin-up-or-down-august-27-8pm-et,UP,52663723472189837019282878320519686971007473994421038773533328330378617408514,1756114022,2025-08-25 09:27:02,0.5
bitcoin-up-or-down-august-27-8pm-et,UP,52663723472189837019282878320519686971007473994421038773533328330378617408514,1756114083,2025-08-25 09:28:03,0.5
bitcoin-up-or-down-august-27-8pm-et,UP,52663723472189837019282878320519686971007473994421038773533328330378617408514,1756114143,2025-08-25 09:29:03,0.5
bitcoin-up-or-down-august-27-8pm-et,UP,52663723472189837019282878320519686971007473994421038773533328330378617408514,1756114203,2025-08-25 09:30:03,0.5
bitcoin-up-or-down-august-27-8pm-et,UP,52663723472189837019282878320519686971007473994421038773533328330378617408514,1756114262,2025-08-25 09:31:02,0.5
bitcoin-up-or-down-august-27-8pm-et,UP,52663723472189837019282878320519686971007473994421038773533328330378617408514,1756114323,2025-08-25 09:32:03,0.5
bitcoin-up-or-down-august-27-8pm-et,UP,52663723472189837019282878320519686971007473994421038773533328330378617408514,1756114382,2025-08-25 09:33:02,0.5
bitcoin-up-or-down-august-27-8pm-et,UP,52663723472189837019282878320519686971007473994421038773533328330378617408514,1756114442,2025-08-25 09:34:02,0.5
bitcoin-up-or-down-august-27-8pm-et,UP,52663723472189837019282878320519686971007473994421038773533328330378617408514,1756114504,2025-08-25 09:35:04,0.5
bitcoin-up-or-down-august-27-8pm-et,UP,52663723472189837019282878320519686971007473994421038773533328330378617408514,1756114563,2025-08-25 09:36:03,0.5
bitcoin-up-or-down-august-27-8pm-et,UP,52663723472189837019282878320519686971007473994421038773533328330378617408514,1756114623,2025-08-25 09:37:03,0.5
bitcoin-up-or-down-august-27-8pm-et,UP,52663723472189837019282878320519686971007473994421038773533328330378617408514,1756114682,2025-08-25 09:38:02,0.5
bitcoin-up-or-down-august-27-8pm-et,UP,52663723472189837019282878320519686971007473994421038773533328330378617408514,1756114743,2025-08-25 09:39:03,0.5
bitcoin-up-or-down-august-27-8pm-et,UP,52663723472189837019282878320519686971007473994421038773533328330378617408514,1756114803,2025-08-25 09:40:03,0.5
bitcoin-up-or-down-august-27-8pm-et,UP,52663723472189837019282878320519686971007473994421038773533328330378617408514,1756114863,2025-08-25 09:41:03,0.5
bitcoin-up-or-down-august-27-8pm-et,UP,52663723472189837019282878320519686971007473994421038773533328330378617408514,1756114922,2025-08-25 09:42:02,0.5
bitcoin-up-or-down-august-27-8pm-et,UP,52663723472189837019282878320519686971007473994421038773533328330378617408514,1756114983,2025-08-25 09:43:03,0.5
bitcoin-up-or-down-august-27-8pm-et,UP,52663723472189837019282878320519686971007473994421038773533328330378617408514,1756115043,2025-08-25 09:44:03,0.5
bitcoin-up-or-down-august-27-8pm-et,UP,52663723472189837019282878320519686971007473994421038773533328330378617408514,1756115104,2025-08-25 09:45:04,0.5
bitcoin-up-or-down-august-27-8pm-et,UP,52663723472189837019282878320519686971007473994421038773533328330378617408514,1756115163,2025-08-25 09:46:03,0.5
bitcoin-up-or-down-august-27-8pm-et,UP,52663723472189837019282878320519686971007473994421038773533328330378617408514,1756115223,2025-08-25 09:47:03,0.5
bitcoin-up-or-down-august-27-8pm-et,UP,52663723472189837019282878320519686971007473994421038773533328330378617408514,1756115282,2025-08-25 09:48:02,0.5
bitcoin-up-or-down-august-27-8pm-et,UP,52663723472189837019282878320519686971007473994421038773533328330378617408514,1756115342,2025-08-25 09:49:02,0.5
bitcoin-up-or-down-august-27-8pm-et,UP,52663723472189837019282878320519686971007473994421038773533328330378617408514,1756115402,2025-08-25 09:50:02,0.5
bitcoin-up-or-down-august-27-8pm-et,UP,52663723472189837019282878320519686971007473994421038773533328330378617408514,1756115463,2025-08-25 09:51:03,0.5
bitcoin-up-or-down-august-27-8pm-et,UP,52663723472189837019282878320519686971007473994421038773533328330378617408514,1756115522,2025-08-25 09:52:02,0.5
bitcoin-up-or-down-august-27-8pm-et,UP,52663723472189837019282878320519686971007473994421038773533328330378617408514,1756115584,2025-08-25 09:53:04,0.5
bitcoin-up-or-down-august-27-8pm-et,UP,52663723472189837019282878320519686971007473994421038773533328330378617408514,1756115642,2025-08-25 09:54:02,0.5
bitcoin-up-or-down-august-27-8pm-et,UP,52663723472189837019282878320519686971007473994421038773533328330378617408514,1756115706,2025-08-25 09:55:06,0.5
bitcoin-up-or-down-august-27-8pm-et,UP,52663723472189837019282878320519686971007473994421038773533328330378617408514,1756115762,2025-08-25 09:56:02,0.5
bitcoin-up-or-down-august-27-8pm-et,UP,52663723472189837019282878320519686971007473994421038773533328330378617408514,1756115822,2025-08-25 09:57:02,0.5
bitcoin-up-or-down-august-27-8pm-et,UP,52663723472189837019282878320519686971007473994421038773533328330378617408514,1756115882,2025-08-25 09:58:02,0.5
bitcoin-up-or-down-august-27-8pm-et,UP,52663723472189837019282878320519686971007473994421038773533328330378617408514,1756115942,2025-08-25 09:59:02,0.5
bitcoin-up-or-down-august-27-8pm-et,UP,52663723472189837019282878320519686971007473994421038773533328330378617408514,1756116002,2025-08-25 10:00:02,0.5
bitcoin-up-or-down-august-27-8pm-et,UP,52663723472189837019282878320519686971007473994421038773533328330378617408514,1756116062,2025-08-25 10:01:02,0.5
bitcoin-up-or-down-august-27-8pm-et,UP,52663723472189837019282878320519686971007473994421038773533328330378617408514,1756116122,2025-08-25 10:02:02,0.5
bitcoin-up-or-down-august-27-8pm-et,UP,52663723472189837019282878320519686971007473994421038773533328330378617408514,1756116182,2025-08-25 10:03:02,0.5
bitcoin-up-or-down-august-27-8pm-et,UP,52663723472189837019282878320519686971007473994421038773533328330378617408514,1756116243,2025-08-25 10:04:03,0.5
bitcoin-up-or-down-august-27-8pm-et,UP,52663723472189837019282878320519686971007473994421038773533328330378617408514,1756116304,2025-08-25 10:05:04,0.5
bitcoin-up-or-down-august-27-8pm-et,UP,52663723472189837019282878320519686971007473994421038773533328330378617408514,1756116362,2025-08-25 10:06:02,0.5
bitcoin-up-or-down-august-27-8pm-et,UP,52663723472189837019282878320519686971007473994421038773533328330378617408514,1756116424,2025-08-25 10:07:04,0.5
bitcoin-up-or-down-august-27-8pm-et,UP,52663723472189837019282878320519686971007473994421038773533328330378617408514,1756116483,2025-08-25 10:08:03,0.5
bitcoin-up-or-down-august-27-8pm-et,UP,52663723472189837019282878320519686971007473994421038773533328330378617408514,1756116543,2025-08-25 10:09:03,0.5
bitcoin-up-or-down-august-27-8pm-et,UP,52663723472189837019282878320519686971007473994421038773533328330378617408514,1756116604,2025-08-25 10:10:04,0.5
bitcoin-up-or-down-august-27-8pm-et,UP,52663723472189837019282878320519686971007473994421038773533328330378617408514,1756116663,2025-08-25 10:11:03,0.5
bitcoin-up-or-down-august-27-8pm-et,UP,52663723472189837019282878320519686971007473994421038773533328330378617408514,1756116723,2025-08-25 10:12:03,0.5
bitcoin-up-or-down-august-27-8pm-et,UP,52663723472189837019282878320519686971007473994421038773533328330378617408514,1756116783,2025-08-25 10:13:03,0.5
bitcoin-up-or-down-august-27-8pm-et,UP,52663723472189837019282878320519686971007473994421038773533328330378617408514,1756116843,2025-08-25 10:14:03,0.5
bitcoin-up-or-down-august-27-8pm-et,UP,52663723472189837019282878320519686971007473994421038773533328330378617408514,1756116903,2025-08-25 10:15:03,0.5
bitcoin-up-or-down-august-27-8pm-et,UP,52663723472189837019282878320519686971007473994421038773533328330378617408514,1756116963,2025-08-25 10:16:03,0.5
bitcoin-up-or-down-august-27-8pm-et,UP,52663723472189837019282878320519686971007473994421038773533328330378617408514,1756117022,2025-08-25 10:17:02,0.5
bitcoin-up-or-down-august-27-8pm-et,UP,52663723472189837019282878320519686971007473994421038773533328330378617408514,1756117082,2025-08-25 10:18:02,0.5
bitcoin-up-or-down-august-27-8pm-et,UP,52663723472189837019282878320519686971007473994421038773533328330378617408514,1756117142,2025-08-25 10:19:02,0.5
bitcoin-up-or-down-august-27-8pm-et,UP,52663723472189837019282878320519686971007473994421038773533328330378617408514,1756117204,2025-08-25 10:20:04,0.5
bitcoin-up-or-down-august-27-8pm-et,UP,52663723472189837019282878320519686971007473994421038773533328330378617408514,1756117262,2025-08-25 10:21:02,0.5
bitcoin-up-or-down-august-27-8pm-et,UP,52663723472189837019282878320519686971007473994421038773533328330378617408514,1756117323,2025-08-25 10:22:03,0.5
bitcoin-up-or-down-august-27-8pm-et,UP,52663723472189837019282878320519686971007473994421038773533328330378617408514,1756117383,2025-08-25 10:23:03,0.5
bitcoin-up-or-down-august-27-8pm-et,UP,52663723472189837019282878320519686971007473994421038773533328330378617408514,1756117443,2025-08-25 10:24:03,0.5
bitcoin-up-or-down-august-27-8pm-et,UP,52663723472189837019282878320519686971007473994421038773533328330378617408514,1756117504,2025-08-25 10:25:04,0.5
bitcoin-up-or-down-august-27-8pm-et,UP,52663723472189837019282878320519686971007473994421038773533328330378617408514,1756117562,2025-08-25 10:26:02,0.5
bitcoin-up-or-down-august-27-8pm-et,UP,52663723472189837019282878320519686971007473994421038773533328330378617408514,1756117624,2025-08-25 10:27:04,0.5
bitcoin-up-or-down-august-27-8pm-et,UP,52663723472189837019282878320519686971007473994421038773533328330378617408514,1756117684,2025-08-25 10:28:04,0.5
bitcoin-up-or-down-august-27-8pm-et,UP,52663723472189837019282878320519686971007473994421038773533328330378617408514,1756117743,2025-08-25 10:29:03,0.5
bitcoin-up-or-down-august-27-8pm-et,UP,52663723472189837019282878320519686971007473994421038773533328330378617408514,1756117802,2025-08-25 10:30:02,0.5
bitcoin-up-or-down-august-27-8pm-et,UP,52663723472189837019282878320519686971007473994421038773533328330378617408514,1756117863,2025-08-25 10:31:03,0.5
bitcoin-up-or-down-august-27-8pm-et,UP,52663723472189837019282878320519686971007473994421038773533328330378617408514,1756117922,2025-08-25 10:32:02,0.5
bitcoin-up-or-down-august-27-8pm-et,UP,52663723472189837019282878320519686971007473994421038773533328330378617408514,1756117983,2025-08-25 10:33:03,0.5
bitcoin-up-or-down-august-27-8pm-et,UP,52663723472189837019282878320519686971007473994421038773533328330378617408514,1756118042,2025-08-25 10:34:02,0.5
bitcoin-up-or-down-august-27-8pm-et,UP,52663723472189837019282878320519686971007473994421038773533328330378617408514,1756118103,2025-08-25 10:35:03,0.5
bitcoin-up-or-down-august-27-8pm-et,UP,52663723472189837019282878320519686971007473994421038773533328330378617408514,1756118163,2025-08-25 10:36:03,0.5
bitcoin-up-or-down-august-27-8pm-et,UP,52663723472189837019282878320519686971007473994421038773533328330378617408514,1756118223,2025-08-25 10:37:03,0.5
bitcoin-up-or-down-august-27-8pm-et,UP,52663723472189837019282878320519686971007473994421038773533328330378617408514,1756118282,2025-08-25 10:38:02,0.5
bitcoin-up-or-down-august-27-8pm-et,UP,52663723472189837019282878320519686971007473994421038773533328330378617408514,1756118342,2025-08-25 10:39:02,0.5
bitcoin-up-or-down-august-27-8pm-et,UP,52663723472189837019282878320519686971007473994421038773533328330378617408514,1756118403,2025-08-25 10:40:03,0.5
bitcoin-up-or-down-august-27-8pm-et,UP,52663723472189837019282878320519686971007473994421038773533328330378617408514,1756118462,2025-08-25 10:41:02,0.5
bitcoin-up-or-down-august-27-8pm-et,UP,52663723472189837019282878320519686971007473994421038773533328330378617408514,1756118524,2025-08-25 10:42:04,0.5
bitcoin-up-or-down-august-27-8pm-et,UP,52663723472189837019282878320519686971007473994421038773533328330378617408514,1756118583,2025-08-25 10:43:03,0.5
bitcoin-up-or-down-august-27-8pm-et,UP,52663723472189837019282878320519686971007473994421038773533328330378617408514,1756118643,2025-08-25 10:44:03,0.5
bitcoin-up-or-down-august-27-8pm-et,UP,52663723472189837019282878320519686971007473994421038773533328330378617408514,1756118703,2025-08-25 10:45:03,0.5
bitcoin-up-or-down-august-27-8pm-et,UP,52663723472189837019282878320519686971007473994421038773533328330378617408514,1756118764,2025-08-25 10:46:04,0.5
bitcoin-up-or-down-august-27-8pm-et,UP,52663723472189837019282878320519686971007473994421038773533328330378617408514,1756118823,2025-08-25 10:47:03,0.5
bitcoin-up-or-down-august-27-8pm-et,UP,52663723472189837019282878320519686971007473994421038773533328330378617408514,1756118883,2025-08-25 10:48:03,0.5
bitcoin-up-or-down-august-27-8pm-et,UP,52663723472189837019282878320519686971007473994421038773533328330378617408514,1756118943,2025-08-25 10:49:03,0.5
bitcoin-up-or-down-august-27-8pm-et,UP,52663723472189837019282878320519686971007473994421038773533328330378617408514,1756119002,2025-08-25 10:50:02,0.5
bitcoin-up-or-down-august-27-8pm-et,UP,52663723472189837019282878320519686971007473994421038773533328330378617408514,1756119063,2025-08-25 10:51:03,0.5
bitcoin-up-or-down-august-27-8pm-et,UP,52663723472189837019282878320519686971007473994421038773533328330378617408514,1756119122,2025-08-25 10:52:02,0.5
bitcoin-up-or-down-august-27-8pm-et,UP,52663723472189837019282878320519686971007473994421038773533328330378617408514,1756119182,2025-08-25 10:53:02,0.5
bitcoin-up-or-down-august-27-8pm-et,UP,52663723472189837019282878320519686971007473994421038773533328330378617408514,1756119242,2025-08-25 10:54:02,0.5
bitcoin-up-or-down-august-27-8pm-et,UP,52663723472189837019282878320519686971007473994421038773533328330378617408514,1756119303,2025-08-25 10:55:03,0.5
bitcoin-up-or-down-august-27-8pm-et,UP,52663723472189837019282878320519686971007473994421038773533328330378617408514,1756119363,2025-08-25 10:56:03,0.5
bitcoin-up-or-down-august-27-8pm-et,UP,52663723472189837019282878320519686971007473994421038773533328330378617408514,1756119423,2025-08-25 10:57:03,0.5
bitcoin-up-or-down-august-27-8pm-et,UP,52663723472189837019282878320519686971007473994421038773533328330378617408514,1756119483,2025-08-25 10:58:03,0.5
bitcoin-up-or-down-august-27-8pm-et,UP,52663723472189837019282878320519686971007473994421038773533328330378617408514,1756119542,2025-08-25 10:59:02,0.5
bitcoin-up-or-down-august-27-8pm-et,UP,52663723472189837019282878320519686971007473994421038773533328330378617408514,1756119616,2025-08-25 11:00:16,0.5
bitcoin-up-or-down-august-27-8pm-et,UP,52663723472189837019282878320519686971007473994421038773533328330378617408514,1756119663,2025-08-25 11:01:03,0.5
bitcoin-up-or-down-august-27-8pm-et,UP,52663723472189837019282878320519686971007473994421038773533328330378617408514,1756119723,2025-08-25 11:02:03,0.5
bitcoin-up-or-down-august-27-8pm-et,UP,52663723472189837019282878320519686971007473994421038773533328330378617408514,1756119783,2025-08-25 11:03:03,0.5
bitcoin-up-or-down-august-27-8pm-et,UP,52663723472189837019282878320519686971007473994421038773533328330378617408514,1756119843,2025-08-25 11:04:03,0.5
bitcoin-up-or-down-august-27-8pm-et,UP,52663723472189837019282878320519686971007473994421038773533328330378617408514,1756119902,2025-08-25 11:05:02,0.5
bitcoin-up-or-down-august-27-8pm-et,UP,52663723472189837019282878320519686971007473994421038773533328330378617408514,1756119963,2025-08-25 11:06:03,0.5
bitcoin-up-or-down-august-27-8pm-et,UP,52663723472189837019282878320519686971007473994421038773533328330378617408514,1756120023,2025-08-25 11:07:03,0.5
bitcoin-up-or-down-august-27-8pm-et,UP,52663723472189837019282878320519686971007473994421038773533328330378617408514,1756120082,2025-08-25 11:08:02,0.5
bitcoin-up-or-down-august-27-8pm-et,UP,52663723472189837019282878320519686971007473994421038773533328330378617408514,1756120142,2025-08-25 11:09:02,0.5
bitcoin-up-or-down-august-27-8pm-et,UP,52663723472189837019282878320519686971007473994421038773533328330378617408514,1756120204,2025-08-25 11:10:04,0.5
bitcoin-up-or-down-august-27-8pm-et,UP,52663723472189837019282878320519686971007473994421038773533328330378617408514,1756120263,2025-08-25 11:11:03,0.5
bitcoin-up-or-down-august-27-8pm-et,UP,52663723472189837019282878320519686971007473994421038773533328330378617408514,1756120322,2025-08-25 11:12:02,0.5
bitcoin-up-or-down-august-27-8pm-et,UP,52663723472189837019282878320519686971007473994421038773533328330378617408514,1756120382,2025-08-25 11:13:02,0.5
bitcoin-up-or-down-august-27-8pm-et,UP,52663723472189837019282878320519686971007473994421038773533328330378617408514,1756120442,2025-08-25 11:14:02,0.5
bitcoin-up-or-down-august-27-8pm-et,UP,52663723472189837019282878320519686971007473994421038773533328330378617408514,1756120502,2025-08-25 11:15:02,0.5
bitcoin-up-or-down-august-27-8pm-et,UP,52663723472189837019282878320519686971007473994421038773533328330378617408514,1756120563,2025-08-25 11:16:03,0.5
bitcoin-up-or-down-august-27-8pm-et,UP,52663723472189837019282878320519686971007473994421038773533328330378617408514,1756120622,2025-08-25 11:17:02,0.5
bitcoin-up-or-down-august-27-8pm-et,UP,52663723472189837019282878320519686971007473994421038773533328330378617408514,1756120682,2025-08-25 11:18:02,0.5
bitcoin-up-or-down-august-27-8pm-et,UP,52663723472189837019282878320519686971007473994421038773533328330378617408514,1756120744,2025-08-25 11:19:04,0.5
bitcoin-up-or-down-august-27-8pm-et,UP,52663723472189837019282878320519686971007473994421038773533328330378617408514,1756120804,2025-08-25 11:20:04,0.5
bitcoin-up-or-down-august-27-8pm-et,UP,52663723472189837019282878320519686971007473994421038773533328330378617408514,1756120862,2025-08-25 11:21:02,0.5
bitcoin-up-or-down-august-27-8pm-et,UP,52663723472189837019282878320519686971007473994421038773533328330378617408514,1756120922,2025-08-25 11:22:02,0.5
bitcoin-up-or-down-august-27-8pm-et,UP,52663723472189837019282878320519686971007473994421038773533328330378617408514,1756120983,2025-08-25 11:23:03,0.5
bitcoin-up-or-down-august-27-8pm-et,UP,52663723472189837019282878320519686971007473994421038773533328330378617408514,1756121042,2025-08-25 11:24:02,0.5
bitcoin-up-or-down-august-27-8pm-et,UP,52663723472189837019282878320519686971007473994421038773533328330378617408514,1756121103,2025-08-25 11:25:03,0.5
bitcoin-up-or-down-august-27-8pm-et,UP,52663723472189837019282878320519686971007473994421038773533328330378617408514,1756121163,2025-08-25 11:26:03,0.5
bitcoin-up-or-down-august-27-8pm-et,UP,52663723472189837019282878320519686971007473994421038773533328330378617408514,1756121226,2025-08-25 11:27:06,0.5
bitcoin-up-or-down-august-27-8pm-et,UP,52663723472189837019282878320519686971007473994421038773533328330378617408514,1756121282,2025-08-25 11:28:02,0.5
bitcoin-up-or-down-august-27-8pm-et,UP,52663723472189837019282878320519686971007473994421038773533328330378617408514,1756121343,2025-08-25 11:29:03,0.5
bitcoin-up-or-down-august-27-8pm-et,UP,52663723472189837019282878320519686971007473994421038773533328330378617408514,1756121407,2025-08-25 11:30:07,0.5
bitcoin-up-or-down-august-27-8pm-et,UP,52663723472189837019282878320519686971007473994421038773533328330378617408514,1756121462,2025-08-25 11:31:02,0.5
bitcoin-up-or-down-august-27-8pm-et,UP,52663723472189837019282878320519686971007473994421038773533328330378617408514,1756121523,2025-08-25 11:32:03,0.5
bitcoin-up-or-down-august-27-8pm-et,UP,52663723472189837019282878320519686971007473994421038773533328330378617408514,1756121583,2025-08-25 11:33:03,0.5
bitcoin-up-or-down-august-27-8pm-et,UP,52663723472189837019282878320519686971007473994421038773533328330378617408514,1756121642,2025-08-25 11:34:02,0.5
bitcoin-up-or-down-august-27-8pm-et,UP,52663723472189837019282878320519686971007473994421038773533328330378617408514,1756121703,2025-08-25 11:35:03,0.5
bitcoin-up-or-down-august-27-8pm-et,UP,52663723472189837019282878320519686971007473994421038773533328330378617408514,1756121763,2025-08-25 11:36:03,0.5
bitcoin-up-or-down-august-27-8pm-et,UP,52663723472189837019282878320519686971007473994421038773533328330378617408514,1756121822,2025-08-25 11:37:02,0.5
bitcoin-up-or-down-august-27-8pm-et,UP,52663723472189837019282878320519686971007473994421038773533328330378617408514,1756121882,2025-08-25 11:38:02,0.5
bitcoin-up-or-down-august-27-8pm-et,UP,52663723472189837019282878320519686971007473994421038773533328330378617408514,1756121943,2025-08-25 11:39:03,0.5
bitcoin-up-or-down-august-27-8pm-et,UP,52663723472189837019282878320519686971007473994421038773533328330378617408514,1756122004,2025-08-25 11:40:04,0.5
bitcoin-up-or-down-august-27-8pm-et,UP,52663723472189837019282878320519686971007473994421038773533328330378617408514,1756122063,2025-08-25 11:41:03,0.5
bitcoin-up-or-down-august-27-8pm-et,UP,52663723472189837019282878320519686971007473994421038773533328330378617408514,1756122124,2025-08-25 11:42:04,0.5
bitcoin-up-or-down-august-27-8pm-et,UP,52663723472189837019282878320519686971007473994421038773533328330378617408514,1756122183,2025-08-25 11:43:03,0.5
bitcoin-up-or-down-august-27-8pm-et,UP,52663723472189837019282878320519686971007473994421038773533328330378617408514,1756122244,2025-08-25 11:44:04,0.5
bitcoin-up-or-down-august-27-8pm-et,UP,52663723472189837019282878320519686971007473994421038773533328330378617408514,1756122304,2025-08-25 11:45:04,0.5
bitcoin-up-or-down-august-27-8pm-et,UP,52663723472189837019282878320519686971007473994421038773533328330378617408514,1756122363,2025-08-25 11:46:03,0.5
bitcoin-up-or-down-august-27-8pm-et,UP,52663723472189837019282878320519686971007473994421038773533328330378617408514,1756122422,2025-08-25 11:47:02,0.5
bitcoin-up-or-down-august-27-8pm-et,UP,52663723472189837019282878320519686971007473994421038773533328330378617408514,1756122483,2025-08-25 11:48:03,0.5
bitcoin-up-or-down-august-27-8pm-et,UP,52663723472189837019282878320519686971007473994421038773533328330378617408514,1756122542,2025-08-25 11:49:02,0.5
bitcoin-up-or-down-august-27-8pm-et,UP,52663723472189837019282878320519686971007473994421038773533328330378617408514,1756122603,2025-08-25 11:50:03,0.5
bitcoin-up-or-down-august-27-8pm-et,UP,52663723472189837019282878320519686971007473994421038773533328330378617408514,1756122662,2025-08-25 11:51:02,0.5
bitcoin-up-or-down-august-27-8pm-et,UP,52663723472189837019282878320519686971007473994421038773533328330378617408514,1756122723,2025-08-25 11:52:03,0.5
bitcoin-up-or-down-august-27-8pm-et,UP,52663723472189837019282878320519686971007473994421038773533328330378617408514,1756122793,2025-08-25 11:53:13,0.5
bitcoin-up-or-down-august-27-8pm-et,UP,52663723472189837019282878320519686971007473994421038773533328330378617408514,1756122843,2025-08-25 11:54:03,0.5
bitcoin-up-or-down-august-27-8pm-et,UP,52663723472189837019282878320519686971007473994421038773533328330378617408514,1756122904,2025-08-25 11:55:04,0.5
bitcoin-up-or-down-august-27-8pm-et,UP,52663723472189837019282878320519686971007473994421038773533328330378617408514,1756122963,2025-08-25 11:56:03,0.5
bitcoin-up-or-down-august-27-8pm-et,UP,52663723472189837019282878320519686971007473994421038773533328330378617408514,1756123023,2025-08-25 11:57:03,0.5
bitcoin-up-or-down-august-27-8pm-et,UP,52663723472189837019282878320519686971007473994421038773533328330378617408514,1756123082,2025-08-25 11:58:02,0.5
bitcoin-up-or-down-august-27-8pm-et,UP,52663723472189837019282878320519686971007473994421038773533328330378617408514,1756123142,2025-08-25 11:59:02,0.5
bitcoin-up-or-down-august-27-8pm-et,UP,52663723472189837019282878320519686971007473994421038773533328330378617408514,1756123206,2025-08-25 12:00:06,0.5
bitcoin-up-or-down-august-27-8pm-et,UP,52663723472189837019282878320519686971007473994421038773533328330378617408514,1756123263,2025-08-25 12:01:03,0.5
bitcoin-up-or-down-august-27-8pm-et,UP,52663723472189837019282878320519686971007473994421038773533328330378617408514,1756123323,2025-08-25 12:02:03,0.5
bitcoin-up-or-down-august-27-8pm-et,UP,52663723472189837019282878320519686971007473994421038773533328330378617408514,1756123382,2025-08-25 12:03:02,0.5
bitcoin-up-or-down-august-27-8pm-et,UP,52663723472189837019282878320519686971007473994421038773533328330378617408514,1756123442,2025-08-25 12:04:02,0.5
bitcoin-up-or-down-august-27-8pm-et,UP,52663723472189837019282878320519686971007473994421038773533328330378617408514,1756123502,2025-08-25 12:05:02,0.5
bitcoin-up-or-down-august-27-8pm-et,UP,52663723472189837019282878320519686971007473994421038773533328330378617408514,1756123562,2025-08-25 12:06:02,0.5
bitcoin-up-or-down-august-27-8pm-et,UP,52663723472189837019282878320519686971007473994421038773533328330378617408514,1756123622,2025-08-25 12:07:02,0.5
bitcoin-up-or-down-august-27-8pm-et,UP,52663723472189837019282878320519686971007473994421038773533328330378617408514,1756123683,2025-08-25 12:08:03,0.5
bitcoin-up-or-down-august-27-8pm-et,UP,52663723472189837019282878320519686971007473994421038773533328330378617408514,1756123742,2025-08-25 12:09:02,0.5
bitcoin-up-or-down-august-27-8pm-et,UP,52663723472189837019282878320519686971007473994421038773533328330378617408514,1756123803,2025-08-25 12:10:03,0.5
bitcoin-up-or-down-august-27-8pm-et,UP,52663723472189837019282878320519686971007473994421038773533328330378617408514,1756123863,2025-08-25 12:11:03,0.5
bitcoin-up-or-down-august-27-8pm-et,UP,52663723472189837019282878320519686971007473994421038773533328330378617408514,1756123922,2025-08-25 12:12:02,0.5
bitcoin-up-or-down-august-27-8pm-et,UP,52663723472189837019282878320519686971007473994421038773533328330378617408514,1756123983,2025-08-25 12:13:03,0.5
bitcoin-up-or-down-august-27-8pm-et,UP,52663723472189837019282878320519686971007473994421038773533328330378617408514,1756124043,2025-08-25 12:14:03,0.5
bitcoin-up-or-down-august-27-8pm-et,UP,52663723472189837019282878320519686971007473994421038773533328330378617408514,1756124102,2025-08-25 12:15:02,0.5
bitcoin-up-or-down-august-27-8pm-et,UP,52663723472189837019282878320519686971007473994421038773533328330378617408514,1756124163,2025-08-25 12:16:03,0.5
bitcoin-up-or-down-august-27-8pm-et,UP,52663723472189837019282878320519686971007473994421038773533328330378617408514,1756124223,2025-08-25 12:17:03,0.5
bitcoin-up-or-down-august-27-8pm-et,UP,52663723472189837019282878320519686971007473994421038773533328330378617408514,1756124282,2025-08-25 12:18:02,0.5
bitcoin-up-or-down-august-27-8pm-et,UP,52663723472189837019282878320519686971007473994421038773533328330378617408514,1756124342,2025-08-25 12:19:02,0.5
bitcoin-up-or-down-august-27-8pm-et,UP,52663723472189837019282878320519686971007473994421038773533328330378617408514,1756124404,2025-08-25 12:20:04,0.5
bitcoin-up-or-down-august-27-8pm-et,UP,52663723472189837019282878320519686971007473994421038773533328330378617408514,1756124463,2025-08-25 12:21:03,0.5
bitcoin-up-or-down-august-27-8pm-et,UP,52663723472189837019282878320519686971007473994421038773533328330378617408514,1756124522,2025-08-25 12:22:02,0.5
bitcoin-up-or-down-august-27-8pm-et,UP,52663723472189837019282878320519686971007473994421038773533328330378617408514,1756124582,2025-08-25 12:23:02,0.5
bitcoin-up-or-down-august-27-8pm-et,UP,52663723472189837019282878320519686971007473994421038773533328330378617408514,1756124642,2025-08-25 12:24:02,0.5
bitcoin-up-or-down-august-27-8pm-et,UP,52663723472189837019282878320519686971007473994421038773533328330378617408514,1756124704,2025-08-25 12:25:04,0.5
bitcoin-up-or-down-august-27-8pm-et,UP,52663723472189837019282878320519686971007473994421038773533328330378617408514,1756124762,2025-08-25 12:26:02,0.5
bitcoin-up-or-down-august-27-8pm-et,UP,52663723472189837019282878320519686971007473994421038773533328330378617408514,1756124825,2025-08-25 12:27:05,0.5
bitcoin-up-or-down-august-27-8pm-et,UP,52663723472189837019282878320519686971007473994421038773533328330378617408514,1756124883,2025-08-25 12:28:03,0.5
bitcoin-up-or-down-august-27-8pm-et,UP,52663723472189837019282878320519686971007473994421038773533328330378617408514,1756124942,2025-08-25 12:29:02,0.5
bitcoin-up-or-down-august-27-8pm-et,UP,52663723472189837019282878320519686971007473994421038773533328330378617408514,1756125004,2025-08-25 12:30:04,0.5
bitcoin-up-or-down-august-27-8pm-et,UP,52663723472189837019282878320519686971007473994421038773533328330378617408514,1756125063,2025-08-25 12:31:03,0.5
bitcoin-up-or-down-august-27-8pm-et,UP,52663723472189837019282878320519686971007473994421038773533328330378617408514,1756125122,2025-08-25 12:32:02,0.5
bitcoin-up-or-down-august-27-8pm-et,UP,52663723472189837019282878320519686971007473994421038773533328330378617408514,1756125182,2025-08-25 12:33:02,0.5
bitcoin-up-or-down-august-27-8pm-et,UP,52663723472189837019282878320519686971007473994421038773533328330378617408514,1756125242,2025-08-25 12:34:02,0.5
bitcoin-up-or-down-august-27-8pm-et,UP,52663723472189837019282878320519686971007473994421038773533328330378617408514,1756125303,2025-08-25 12:35:03,0.5
bitcoin-up-or-down-august-27-8pm-et,UP,52663723472189837019282878320519686971007473994421038773533328330378617408514,1756125363,2025-08-25 12:36:03,0.5
bitcoin-up-or-down-august-27-8pm-et,UP,52663723472189837019282878320519686971007473994421038773533328330378617408514,1756125423,2025-08-25 12:37:03,0.5
bitcoin-up-or-down-august-27-8pm-et,UP,52663723472189837019282878320519686971007473994421038773533328330378617408514,1756125483,2025-08-25 12:38:03,0.5
bitcoin-up-or-down-august-27-8pm-et,UP,52663723472189837019282878320519686971007473994421038773533328330378617408514,1756125543,2025-08-25 12:39:03,0.5
bitcoin-up-or-down-august-27-8pm-et,UP,52663723472189837019282878320519686971007473994421038773533328330378617408514,1756125603,2025-08-25 12:40:03,0.5
bitcoin-up-or-down-august-27-8pm-et,UP,52663723472189837019282878320519686971007473994421038773533328330378617408514,1756125663,2025-08-25 12:41:03,0.5
bitcoin-up-or-down-august-27-8pm-et,UP,52663723472189837019282878320519686971007473994421038773533328330378617408514,1756125723,2025-08-25 12:42:03,0.5
bitcoin-up-or-down-august-27-8pm-et,UP,52663723472189837019282878320519686971007473994421038773533328330378617408514,1756125782,2025-08-25 12:43:02,0.5
bitcoin-up-or-down-august-27-8pm-et,UP,52663723472189837019282878320519686971007473994421038773533328330378617408514,1756125842,2025-08-25 12:44:02,0.5
bitcoin-up-or-down-august-27-8pm-et,UP,52663723472189837019282878320519686971007473994421038773533328330378617408514,1756125902,2025-08-25 12:45:02,0.5
bitcoin-up-or-down-august-27-8pm-et,UP,52663723472189837019282878320519686971007473994421038773533328330378617408514,1756125962,2025-08-25 12:46:02,0.5
bitcoin-up-or-down-august-27-8pm-et,UP,52663723472189837019282878320519686971007473994421038773533328330378617408514,1756126023,2025-08-25 12:47:03,0.5
bitcoin-up-or-down-august-27-8pm-et,UP,52663723472189837019282878320519686971007473994421038773533328330378617408514,1756126082,2025-08-25 12:48:02,0.5
bitcoin-up-or-down-august-27-8pm-et,UP,52663723472189837019282878320519686971007473994421038773533328330378617408514,1756126142,2025-08-25 12:49:02,0.5
bitcoin-up-or-down-august-27-8pm-et,UP,52663723472189837019282878320519686971007473994421038773533328330378617408514,1756126203,2025-08-25 12:50:03,0.5
bitcoin-up-or-down-august-27-8pm-et,UP,52663723472189837019282878320519686971007473994421038773533328330378617408514,1756126263,2025-08-25 12:51:03,0.5
bitcoin-up-or-down-august-27-8pm-et,UP,52663723472189837019282878320519686971007473994421038773533328330378617408514,1756126325,2025-08-25 12:52:05,0.5
bitcoin-up-or-down-august-27-8pm-et,UP,52663723472189837019282878320519686971007473994421038773533328330378617408514,1756126385,2025-08-25 12:53:05,0.5
bitcoin-up-or-down-august-27-8pm-et,UP,52663723472189837019282878320519686971007473994421038773533328330378617408514,1756126442,2025-08-25 12:54:02,0.5
bitcoin-up-or-down-august-27-8pm-et,UP,52663723472189837019282878320519686971007473994421038773533328330378617408514,1756126505,2025-08-25 12:55:05,0.5
bitcoin-up-or-down-august-27-8pm-et,UP,52663723472189837019282878320519686971007473994421038773533328330378617408514,1756126563,2025-08-25 12:56:03,0.5
bitcoin-up-or-down-august-27-8pm-et,UP,52663723472189837019282878320519686971007473994421038773533328330378617408514,1756126623,2025-08-25 12:57:03,0.5
bitcoin-up-or-down-august-27-8pm-et,UP,52663723472189837019282878320519686971007473994421038773533328330378617408514,1756126683,2025-08-25 12:58:03,0.5
bitcoin-up-or-down-august-27-8pm-et,UP,52663723472189837019282878320519686971007473994421038773533328330378617408514,1756126743,2025-08-25 12:59:03,0.5
bitcoin-up-or-down-august-27-8pm-et,UP,52663723472189837019282878320519686971007473994421038773533328330378617408514,1756126815,2025-08-25 13:00:15,0.5
bitcoin-up-or-down-august-27-8pm-et,UP,52663723472189837019282878320519686971007473994421038773533328330378617408514,1756126863,2025-08-25 13:01:03,0.5
bitcoin-up-or-down-august-27-8pm-et,UP,52663723472189837019282878320519686971007473994421038773533328330378617408514,1756126922,2025-08-25 13:02:02,0.5
bitcoin-up-or-down-august-27-8pm-et,UP,52663723472189837019282878320519686971007473994421038773533328330378617408514,1756126982,2025-08-25 13:03:02,0.5
bitcoin-up-or-down-august-27-8pm-et,UP,52663723472189837019282878320519686971007473994421038773533328330378617408514,1756127042,2025-08-25 13:04:02,0.5
bitcoin-up-or-down-august-27-8pm-et,UP,52663723472189837019282878320519686971007473994421038773533328330378617408514,1756127103,2025-08-25 13:05:03,0.5
bitcoin-up-or-down-august-27-8pm-et,UP,52663723472189837019282878320519686971007473994421038773533328330378617408514,1756127162,2025-08-25 13:06:02,0.5
bitcoin-up-or-down-august-27-8pm-et,UP,52663723472189837019282878320519686971007473994421038773533328330378617408514,1756127223,2025-08-25 13:07:03,0.5
bitcoin-up-or-down-august-27-8pm-et,UP,52663723472189837019282878320519686971007473994421038773533328330378617408514,1756127283,2025-08-25 13:08:03,0.5
bitcoin-up-or-down-august-27-8pm-et,UP,52663723472189837019282878320519686971007473994421038773533328330378617408514,1756127344,2025-08-25 13:09:04,0.5
bitcoin-up-or-down-august-27-8pm-et,UP,52663723472189837019282878320519686971007473994421038773533328330378617408514,1756127403,2025-08-25 13:10:03,0.5
bitcoin-up-or-down-august-27-8pm-et,UP,52663723472189837019282878320519686971007473994421038773533328330378617408514,1756127462,2025-08-25 13:11:02,0.5
bitcoin-up-or-down-august-27-8pm-et,UP,52663723472189837019282878320519686971007473994421038773533328330378617408514,1756127522,2025-08-25 13:12:02,0.5
bitcoin-up-or-down-august-27-8pm-et,UP,52663723472189837019282878320519686971007473994421038773533328330378617408514,1756127582,2025-08-25 13:13:02,0.5
bitcoin-up-or-down-august-27-8pm-et,UP,52663723472189837019282878320519686971007473994421038773533328330378617408514,1756127643,2025-08-25 13:14:03,0.5
bitcoin-up-or-down-august-27-8pm-et,UP,52663723472189837019282878320519686971007473994421038773533328330378617408514,1756127703,2025-08-25 13:15:03,0.5
bitcoin-up-or-down-august-27-8pm-et,UP,52663723472189837019282878320519686971007473994421038773533328330378617408514,1756127763,2025-08-25 13:16:03,0.5
bitcoin-up-or-down-august-27-8pm-et,UP,52663723472189837019282878320519686971007473994421038773533328330378617408514,1756127823,2025-08-25 13:17:03,0.5
bitcoin-up-or-down-august-27-8pm-et,UP,52663723472189837019282878320519686971007473994421038773533328330378617408514,1756127882,2025-08-25 13:18:02,0.5
bitcoin-up-or-down-august-27-8pm-et,UP,52663723472189837019282878320519686971007473994421038773533328330378617408514,1756127943,2025-08-25 13:19:03,0.5
bitcoin-up-or-down-august-27-8pm-et,UP,52663723472189837019282878320519686971007473994421038773533328330378617408514,1756128002,2025-08-25 13:20:02,0.5
bitcoin-up-or-down-august-27-8pm-et,UP,52663723472189837019282878320519686971007473994421038773533328330378617408514,1756128063,2025-08-25 13:21:03,0.5
bitcoin-up-or-down-august-27-8pm-et,UP,52663723472189837019282878320519686971007473994421038773533328330378617408514,1756128122,2025-08-25 13:22:02,0.5
bitcoin-up-or-down-august-27-8pm-et,UP,52663723472189837019282878320519686971007473994421038773533328330378617408514,1756128183,2025-08-25 13:23:03,0.5
bitcoin-up-or-down-august-27-8pm-et,UP,52663723472189837019282878320519686971007473994421038773533328330378617408514,1756128243,2025-08-25 13:24:03,0.5
bitcoin-up-or-down-august-27-8pm-et,UP,52663723472189837019282878320519686971007473994421038773533328330378617408514,1756128303,2025-08-25 13:25:03,0.5
bitcoin-up-or-down-august-27-8pm-et,UP,52663723472189837019282878320519686971007473994421038773533328330378617408514,1756128368,2025-08-25 13:26:08,0.5
bitcoin-up-or-down-august-27-8pm-et,UP,52663723472189837019282878320519686971007473994421038773533328330378617408514,1756128423,2025-08-25 13:27:03,0.5
bitcoin-up-or-down-august-27-8pm-et,UP,52663723472189837019282878320519686971007473994421038773533328330378617408514,1756128482,2025-08-25 13:28:02,0.5
bitcoin-up-or-down-august-27-8pm-et,UP,52663723472189837019282878320519686971007473994421038773533328330378617408514,1756128543,2025-08-25 13:29:03,0.5
bitcoin-up-or-down-august-27-8pm-et,UP,52663723472189837019282878320519686971007473994421038773533328330378617408514,1756128607,2025-08-25 13:30:07,0.5
bitcoin-up-or-down-august-27-8pm-et,UP,52663723472189837019282878320519686971007473994421038773533328330378617408514,1756128662,2025-08-25 13:31:02,0.5
bitcoin-up-or-down-august-27-8pm-et,UP,52663723472189837019282878320519686971007473994421038773533328330378617408514,1756128722,2025-08-25 13:32:02,0.5
bitcoin-up-or-down-august-27-8pm-et,UP,52663723472189837019282878320519686971007473994421038773533328330378617408514,1756128782,2025-08-25 13:33:02,0.5
bitcoin-up-or-down-august-27-8pm-et,UP,52663723472189837019282878320519686971007473994421038773533328330378617408514,1756128842,2025-08-25 13:34:02,0.5
bitcoin-up-or-down-august-27-8pm-et,UP,52663723472189837019282878320519686971007473994421038773533328330378617408514,1756128903,2025-08-25 13:35:03,0.5
bitcoin-up-or-down-august-27-8pm-et,UP,52663723472189837019282878320519686971007473994421038773533328330378617408514,1756128962,2025-08-25 13:36:02,0.5
bitcoin-up-or-down-august-27-8pm-et,UP,52663723472189837019282878320519686971007473994421038773533328330378617408514,1756129023,2025-08-25 13:37:03,0.5
bitcoin-up-or-down-august-27-8pm-et,UP,52663723472189837019282878320519686971007473994421038773533328330378617408514,1756129083,2025-08-25 13:38:03,0.5
bitcoin-up-or-down-august-27-8pm-et,UP,52663723472189837019282878320519686971007473994421038773533328330378617408514,1756129143,2025-08-25 13:39:03,0.5
bitcoin-up-or-down-august-27-8pm-et,UP,52663723472189837019282878320519686971007473994421038773533328330378617408514,1756129204,2025-08-25 13:40:04,0.5
bitcoin-up-or-down-august-27-8pm-et,UP,52663723472189837019282878320519686971007473994421038773533328330378617408514,1756129262,2025-08-25 13:41:02,0.5
bitcoin-up-or-down-august-27-8pm-et,UP,52663723472189837019282878320519686971007473994421038773533328330378617408514,1756129324,2025-08-25 13:42:04,0.5
bitcoin-up-or-down-august-27-8pm-et,UP,52663723472189837019282878320519686971007473994421038773533328330378617408514,1756129382,2025-08-25 13:43:02,0.5
bitcoin-up-or-down-august-27-8pm-et,UP,52663723472189837019282878320519686971007473994421038773533328330378617408514,1756129442,2025-08-25 13:44:02,0.5
bitcoin-up-or-down-august-27-8pm-et,UP,52663723472189837019282878320519686971007473994421038773533328330378617408514,1756129503,2025-08-25 13:45:03,0.5
bitcoin-up-or-down-august-27-8pm-et,UP,52663723472189837019282878320519686971007473994421038773533328330378617408514,1756129563,2025-08-25 13:46:03,0.5
bitcoin-up-or-down-august-27-8pm-et,UP,52663723472189837019282878320519686971007473994421038773533328330378617408514,1756129623,2025-08-25 13:47:03,0.5
bitcoin-up-or-down-august-27-8pm-et,UP,52663723472189837019282878320519686971007473994421038773533328330378617408514,1756129683,2025-08-25 13:48:03,0.5
bitcoin-up-or-down-august-27-8pm-et,UP,52663723472189837019282878320519686971007473994421038773533328330378617408514,1756129742,2025-08-25 13:49:02,0.5
bitcoin-up-or-down-august-27-8pm-et,UP,52663723472189837019282878320519686971007473994421038773533328330378617408514,1756129803,2025-08-25 13:50:03,0.5
bitcoin-up-or-down-august-27-8pm-et,UP,52663723472189837019282878320519686971007473994421038773533328330378617408514,1756129862,2025-08-25 13:51:02,0.5
bitcoin-up-or-down-august-27-8pm-et,UP,52663723472189837019282878320519686971007473994421038773533328330378617408514,1756129931,2025-08-25 13:52:11,0.5
bitcoin-up-or-down-august-27-8pm-et,UP,52663723472189837019282878320519686971007473994421038773533328330378617408514,1756129982,2025-08-25 13:53:02,0.5
bitcoin-up-or-down-august-27-8pm-et,UP,52663723472189837019282878320519686971007473994421038773533328330378617408514,1756130043,2025-08-25 13:54:03,0.5
bitcoin-up-or-down-august-27-8pm-et,UP,52663723472189837019282878320519686971007473994421038773533328330378617408514,1756130106,2025-08-25 13:55:06,0.5
bitcoin-up-or-down-august-27-8pm-et,UP,52663723472189837019282878320519686971007473994421038773533328330378617408514,1756130162,2025-08-25 13:56:02,0.5
bitcoin-up-or-down-august-27-8pm-et,UP,52663723472189837019282878320519686971007473994421038773533328330378617408514,1756130223,2025-08-25 13:57:03,0.5
bitcoin-up-or-down-august-27-8pm-et,UP,52663723472189837019282878320519686971007473994421038773533328330378617408514,1756130283,2025-08-25 13:58:03,0.5
bitcoin-up-or-down-august-27-8pm-et,UP,52663723472189837019282878320519686971007473994421038773533328330378617408514,1756130343,2025-08-25 13:59:03,0.5
bitcoin-up-or-down-august-27-8pm-et,UP,52663723472189837019282878320519686971007473994421038773533328330378617408514,1756130402,2025-08-25 14:00:02,0.5
bitcoin-up-or-down-august-27-8pm-et,UP,52663723472189837019282878320519686971007473994421038773533328330378617408514,1756130464,2025-08-25 14:01:04,0.5
bitcoin-up-or-down-august-27-8pm-et,UP,52663723472189837019282878320519686971007473994421038773533328330378617408514,1756130523,2025-08-25 14:02:03,0.5
bitcoin-up-or-down-august-27-8pm-et,UP,52663723472189837019282878320519686971007473994421038773533328330378617408514,1756130583,2025-08-25 14:03:03,0.5
bitcoin-up-or-down-august-27-8pm-et,UP,52663723472189837019282878320519686971007473994421038773533328330378617408514,1756130643,2025-08-25 14:04:03,0.5
bitcoin-up-or-down-august-27-8pm-et,UP,52663723472189837019282878320519686971007473994421038773533328330378617408514,1756130703,2025-08-25 14:05:03,0.5
bitcoin-up-or-down-august-27-8pm-et,UP,52663723472189837019282878320519686971007473994421038773533328330378617408514,1756130762,2025-08-25 14:06:02,0.5
bitcoin-up-or-down-august-27-8pm-et,UP,52663723472189837019282878320519686971007473994421038773533328330378617408514,1756130823,2025-08-25 14:07:03,0.5
bitcoin-up-or-down-august-27-8pm-et,UP,52663723472189837019282878320519686971007473994421038773533328330378617408514,1756130883,2025-08-25 14:08:03,0.5
bitcoin-up-or-down-august-27-8pm-et,UP,52663723472189837019282878320519686971007473994421038773533328330378617408514,1756130943,2025-08-25 14:09:03,0.5
bitcoin-up-or-down-august-27-8pm-et,UP,52663723472189837019282878320519686971007473994421038773533328330378617408514,1756131003,2025-08-25 14:10:03,0.5
bitcoin-up-or-down-august-27-8pm-et,UP,52663723472189837019282878320519686971007473994421038773533328330378617408514,1756131062,2025-08-25 14:11:02,0.5
bitcoin-up-or-down-august-27-8pm-et,UP,52663723472189837019282878320519686971007473994421038773533328330378617408514,1756131123,2025-08-25 14:12:03,0.5
bitcoin-up-or-down-august-27-8pm-et,UP,52663723472189837019282878320519686971007473994421038773533328330378617408514,1756131182,2025-08-25 14:13:02,0.5
bitcoin-up-or-down-august-27-8pm-et,UP,52663723472189837019282878320519686971007473994421038773533328330378617408514,1756131243,2025-08-25 14:14:03,0.5
bitcoin-up-or-down-august-27-8pm-et,UP,52663723472189837019282878320519686971007473994421038773533328330378617408514,1756131303,2025-08-25 14:15:03,0.5
bitcoin-up-or-down-august-27-8pm-et,UP,52663723472189837019282878320519686971007473994421038773533328330378617408514,1756131363,2025-08-25 14:16:03,0.5
bitcoin-up-or-down-august-27-8pm-et,UP,52663723472189837019282878320519686971007473994421038773533328330378617408514,1756131422,2025-08-25 14:17:02,0.5
bitcoin-up-or-down-august-27-8pm-et,UP,52663723472189837019282878320519686971007473994421038773533328330378617408514,1756131483,2025-08-25 14:18:03,0.5
bitcoin-up-or-down-august-27-8pm-et,UP,52663723472189837019282878320519686971007473994421038773533328330378617408514,1756131543,2025-08-25 14:19:03,0.5
bitcoin-up-or-down-august-27-8pm-et,UP,52663723472189837019282878320519686971007473994421038773533328330378617408514,1756131605,2025-08-25 14:20:05,0.5
bitcoin-up-or-down-august-27-8pm-et,UP,52663723472189837019282878320519686971007473994421038773533328330378617408514,1756131662,2025-08-25 14:21:02,0.5
bitcoin-up-or-down-august-27-8pm-et,UP,52663723472189837019282878320519686971007473994421038773533328330378617408514,1756131723,2025-08-25 14:22:03,0.5
bitcoin-up-or-down-august-27-8pm-et,UP,52663723472189837019282878320519686971007473994421038773533328330378617408514,1756131782,2025-08-25 14:23:02,0.5
bitcoin-up-or-down-august-27-8pm-et,UP,52663723472189837019282878320519686971007473994421038773533328330378617408514,1756131842,2025-08-25 14:24:02,0.5
bitcoin-up-or-down-august-27-8pm-et,UP,52663723472189837019282878320519686971007473994421038773533328330378617408514,1756131904,2025-08-25 14:25:04,0.5
bitcoin-up-or-down-august-27-8pm-et,UP,52663723472189837019282878320519686971007473994421038773533328330378617408514,1756131965,2025-08-25 14:26:05,0.5
bitcoin-up-or-down-august-27-8pm-et,UP,52663723472189837019282878320519686971007473994421038773533328330378617408514,1756132029,2025-08-25 14:27:09,0.5
bitcoin-up-or-down-august-27-8pm-et,UP,52663723472189837019282878320519686971007473994421038773533328330378617408514,1756132083,2025-08-25 14:28:03,0.5
bitcoin-up-or-down-august-27-8pm-et,UP,52663723472189837019282878320519686971007473994421038773533328330378617408514,1756132142,2025-08-25 14:29:02,0.5
bitcoin-up-or-down-august-27-8pm-et,UP,52663723472189837019282878320519686971007473994421038773533328330378617408514,1756132204,2025-08-25 14:30:04,0.5
bitcoin-up-or-down-august-27-8pm-et,UP,52663723472189837019282878320519686971007473994421038773533328330378617408514,1756132263,2025-08-25 14:31:03,0.5
bitcoin-up-or-down-august-27-8pm-et,UP,52663723472189837019282878320519686971007473994421038773533328330378617408514,1756132322,2025-08-25 14:32:02,0.5
bitcoin-up-or-down-august-27-8pm-et,UP,52663723472189837019282878320519686971007473994421038773533328330378617408514,1756132382,2025-08-25 14:33:02,0.5
bitcoin-up-or-down-august-27-8pm-et,UP,52663723472189837019282878320519686971007473994421038773533328330378617408514,1756132443,2025-08-25 14:34:03,0.5
bitcoin-up-or-down-august-27-8pm-et,UP,52663723472189837019282878320519686971007473994421038773533328330378617408514,1756132502,2025-08-25 14:35:02,0.5
bitcoin-up-or-down-august-27-8pm-et,UP,52663723472189837019282878320519686971007473994421038773533328330378617408514,1756132563,2025-08-25 14:36:03,0.5
bitcoin-up-or-down-august-27-8pm-et,UP,52663723472189837019282878320519686971007473994421038773533328330378617408514,1756132622,2025-08-25 14:37:02,0.5
bitcoin-up-or-down-august-27-8pm-et,UP,52663723472189837019282878320519686971007473994421038773533328330378617408514,1756132683,2025-08-25 14:38:03,0.5
bitcoin-up-or-down-august-27-8pm-et,UP,52663723472189837019282878320519686971007473994421038773533328330378617408514,1756132742,2025-08-25 14:39:02,0.5
bitcoin-up-or-down-august-27-8pm-et,UP,52663723472189837019282878320519686971007473994421038773533328330378617408514,1756132803,2025-08-25 14:40:03,0.5
bitcoin-up-or-down-august-27-8pm-et,UP,52663723472189837019282878320519686971007473994421038773533328330378617408514,1756132862,2025-08-25 14:41:02,0.5
bitcoin-up-or-down-august-27-8pm-et,UP,52663723472189837019282878320519686971007473994421038773533328330378617408514,1756132922,2025-08-25 14:42:02,0.5
bitcoin-up-or-down-august-27-8pm-et,UP,52663723472189837019282878320519686971007473994421038773533328330378617408514,1756132982,2025-08-25 14:43:02,0.5
bitcoin-up-or-down-august-27-8pm-et,UP,52663723472189837019282878320519686971007473994421038773533328330378617408514,1756133042,2025-08-25 14:44:02,0.5
bitcoin-up-or-down-august-27-8pm-et,UP,52663723472189837019282878320519686971007473994421038773533328330378617408514,1756133103,2025-08-25 14:45:03,0.5
bitcoin-up-or-down-august-27-8pm-et,UP,52663723472189837019282878320519686971007473994421038773533328330378617408514,1756133162,2025-08-25 14:46:02,0.5
bitcoin-up-or-down-august-27-8pm-et,UP,52663723472189837019282878320519686971007473994421038773533328330378617408514,1756133222,2025-08-25 14:47:02,0.5
bitcoin-up-or-down-august-27-8pm-et,UP,52663723472189837019282878320519686971007473994421038773533328330378617408514,1756133282,2025-08-25 14:48:02,0.5
bitcoin-up-or-down-august-27-8pm-et,UP,52663723472189837019282878320519686971007473994421038773533328330378617408514,1756133342,2025-08-25 14:49:02,0.5
bitcoin-up-or-down-august-27-8pm-et,UP,52663723472189837019282878320519686971007473994421038773533328330378617408514,1756133403,2025-08-25 14:50:03,0.5
bitcoin-up-or-down-august-27-8pm-et,UP,52663723472189837019282878320519686971007473994421038773533328330378617408514,1756133463,2025-08-25 14:51:03,0.5
bitcoin-up-or-down-august-27-8pm-et,UP,52663723472189837019282878320519686971007473994421038773533328330378617408514,1756133522,2025-08-25 14:52:02,0.5
bitcoin-up-or-down-august-27-8pm-et,UP,52663723472189837019282878320519686971007473994421038773533328330378617408514,1756133585,2025-08-25 14:53:05,0.5
bitcoin-up-or-down-august-27-8pm-et,UP,52663723472189837019282878320519686971007473994421038773533328330378617408514,1756133644,2025-08-25 14:54:04,0.5
bitcoin-up-or-down-august-27-8pm-et,UP,52663723472189837019282878320519686971007473994421038773533328330378617408514,1756133705,2025-08-25 14:55:05,0.5
bitcoin-up-or-down-august-27-8pm-et,UP,52663723472189837019282878320519686971007473994421038773533328330378617408514,1756133763,2025-08-25 14:56:03,0.5
bitcoin-up-or-down-august-27-8pm-et,UP,52663723472189837019282878320519686971007473994421038773533328330378617408514,1756133823,2025-08-25 14:57:03,0.5
bitcoin-up-or-down-august-27-8pm-et,UP,52663723472189837019282878320519686971007473994421038773533328330378617408514,1756133883,2025-08-25 14:58:03,0.5
bitcoin-up-or-down-august-27-8pm-et,UP,52663723472189837019282878320519686971007473994421038773533328330378617408514,1756133943,2025-08-25 14:59:03,0.5
bitcoin-up-or-down-august-27-8pm-et,UP,52663723472189837019282878320519686971007473994421038773533328330378617408514,1756134006,2025-08-25 15:00:06,0.5
bitcoin-up-or-down-august-27-8pm-et,UP,52663723472189837019282878320519686971007473994421038773533328330378617408514,1756134062,2025-08-25 15:01:02,0.5
bitcoin-up-or-down-august-27-8pm-et,UP,52663723472189837019282878320519686971007473994421038773533328330378617408514,1756134123,2025-08-25 15:02:03,0.5
bitcoin-up-or-down-august-27-8pm-et,UP,52663723472189837019282878320519686971007473994421038773533328330378617408514,1756134182,2025-08-25 15:03:02,0.5
bitcoin-up-or-down-august-27-8pm-et,UP,52663723472189837019282878320519686971007473994421038773533328330378617408514,1756134243,2025-08-25 15:04:03,0.5
bitcoin-up-or-down-august-27-8pm-et,UP,52663723472189837019282878320519686971007473994421038773533328330378617408514,1756134303,2025-08-25 15:05:03,0.5
bitcoin-up-or-down-august-27-8pm-et,UP,52663723472189837019282878320519686971007473994421038773533328330378617408514,1756134363,2025-08-25 15:06:03,0.5
bitcoin-up-or-down-august-27-8pm-et,UP,52663723472189837019282878320519686971007473994421038773533328330378617408514,1756134422,2025-08-25 15:07:02,0.5
bitcoin-up-or-down-august-27-8pm-et,UP,52663723472189837019282878320519686971007473994421038773533328330378617408514,1756134483,2025-08-25 15:08:03,0.5
bitcoin-up-or-down-august-27-8pm-et,UP,52663723472189837019282878320519686971007473994421038773533328330378617408514,1756134542,2025-08-25 15:09:02,0.5
bitcoin-up-or-down-august-27-8pm-et,UP,52663723472189837019282878320519686971007473994421038773533328330378617408514,1756134602,2025-08-25 15:10:02,0.5
bitcoin-up-or-down-august-27-8pm-et,UP,52663723472189837019282878320519686971007473994421038773533328330378617408514,1756134662,2025-08-25 15:11:02,0.5
bitcoin-up-or-down-august-27-8pm-et,UP,52663723472189837019282878320519686971007473994421038773533328330378617408514,1756134723,2025-08-25 15:12:03,0.5
bitcoin-up-or-down-august-27-8pm-et,UP,52663723472189837019282878320519686971007473994421038773533328330378617408514,1756134782,2025-08-25 15:13:02,0.5
bitcoin-up-or-down-august-27-8pm-et,UP,52663723472189837019282878320519686971007473994421038773533328330378617408514,1756134842,2025-08-25 15:14:02,0.5
bitcoin-up-or-down-august-27-8pm-et,UP,52663723472189837019282878320519686971007473994421038773533328330378617408514,1756134903,2025-08-25 15:15:03,0.5
bitcoin-up-or-down-august-27-8pm-et,UP,52663723472189837019282878320519686971007473994421038773533328330378617408514,1756134962,2025-08-25 15:16:02,0.5
bitcoin-up-or-down-august-27-8pm-et,UP,52663723472189837019282878320519686971007473994421038773533328330378617408514,1756135022,2025-08-25 15:17:02,0.5
bitcoin-up-or-down-august-27-8pm-et,UP,52663723472189837019282878320519686971007473994421038773533328330378617408514,1756135084,2025-08-25 15:18:04,0.5
bitcoin-up-or-down-august-27-8pm-et,UP,52663723472189837019282878320519686971007473994421038773533328330378617408514,1756135144,2025-08-25 15:19:04,0.5
bitcoin-up-or-down-august-27-8pm-et,UP,52663723472189837019282878320519686971007473994421038773533328330378617408514,1756135203,2025-08-25 15:20:03,0.5
bitcoin-up-or-down-august-27-8pm-et,UP,52663723472189837019282878320519686971007473994421038773533328330378617408514,1756135262,2025-08-25 15:21:02,0.5
bitcoin-up-or-down-august-27-8pm-et,UP,52663723472189837019282878320519686971007473994421038773533328330378617408514,1756135322,2025-08-25 15:22:02,0.5
bitcoin-up-or-down-august-27-8pm-et,UP,52663723472189837019282878320519686971007473994421038773533328330378617408514,1756135383,2025-08-25 15:23:03,0.5
bitcoin-up-or-down-august-27-8pm-et,UP,52663723472189837019282878320519686971007473994421038773533328330378617408514,1756135442,2025-08-25 15:24:02,0.5
bitcoin-up-or-down-august-27-8pm-et,UP,52663723472189837019282878320519686971007473994421038773533328330378617408514,1756135504,2025-08-25 15:25:04,0.5
bitcoin-up-or-down-august-27-8pm-et,UP,52663723472189837019282878320519686971007473994421038773533328330378617408514,1756135568,2025-08-25 15:26:08,0.5
bitcoin-up-or-down-august-27-8pm-et,UP,52663723472189837019282878320519686971007473994421038773533328330378617408514,1756135623,2025-08-25 15:27:03,0.5
bitcoin-up-or-down-august-27-8pm-et,UP,52663723472189837019282878320519686971007473994421038773533328330378617408514,1756135684,2025-08-25 15:28:04,0.5
bitcoin-up-or-down-august-27-8pm-et,UP,52663723472189837019282878320519686971007473994421038773533328330378617408514,1756135743,2025-08-25 15:29:03,0.5
bitcoin-up-or-down-august-27-8pm-et,UP,52663723472189837019282878320519686971007473994421038773533328330378617408514,1756135803,2025-08-25 15:30:03,0.5
bitcoin-up-or-down-august-27-8pm-et,UP,52663723472189837019282878320519686971007473994421038773533328330378617408514,1756135863,2025-08-25 15:31:03,0.5
bitcoin-up-or-down-august-27-8pm-et,UP,52663723472189837019282878320519686971007473994421038773533328330378617408514,1756135923,2025-08-25 15:32:03,0.5
bitcoin-up-or-down-august-27-8pm-et,UP,52663723472189837019282878320519686971007473994421038773533328330378617408514,1756135983,2025-08-25 15:33:03,0.5
bitcoin-up-or-down-august-27-8pm-et,UP,52663723472189837019282878320519686971007473994421038773533328330378617408514,1756136042,2025-08-25 15:34:02,0.5
bitcoin-up-or-down-august-27-8pm-et,UP,52663723472189837019282878320519686971007473994421038773533328330378617408514,1756136102,2025-08-25 15:35:02,0.5
bitcoin-up-or-down-august-27-8pm-et,UP,52663723472189837019282878320519686971007473994421038773533328330378617408514,1756136162,2025-08-25 15:36:02,0.5
bitcoin-up-or-down-august-27-8pm-et,UP,52663723472189837019282878320519686971007473994421038773533328330378617408514,1756136223,2025-08-25 15:37:03,0.5
bitcoin-up-or-down-august-27-8pm-et,UP,52663723472189837019282878320519686971007473994421038773533328330378617408514,1756136283,2025-08-25 15:38:03,0.5
bitcoin-up-or-down-august-27-8pm-et,UP,52663723472189837019282878320519686971007473994421038773533328330378617408514,1756136343,2025-08-25 15:39:03,0.5
bitcoin-up-or-down-august-27-8pm-et,UP,52663723472189837019282878320519686971007473994421038773533328330378617408514,1756136404,2025-08-25 15:40:04,0.5
bitcoin-up-or-down-august-27-8pm-et,UP,52663723472189837019282878320519686971007473994421038773533328330378617408514,1756136463,2025-08-25 15:41:03,0.5
bitcoin-up-or-down-august-27-8pm-et,UP,52663723472189837019282878320519686971007473994421038773533328330378617408514,1756136523,2025-08-25 15:42:03,0.5
bitcoin-up-or-down-august-27-8pm-et,UP,52663723472189837019282878320519686971007473994421038773533328330378617408514,1756136583,2025-08-25 15:43:03,0.5
bitcoin-up-or-down-august-27-8pm-et,UP,52663723472189837019282878320519686971007473994421038773533328330378617408514,1756136642,2025-08-25 15:44:02,0.5
bitcoin-up-or-down-august-27-8pm-et,UP,52663723472189837019282878320519686971007473994421038773533328330378617408514,1756136703,2025-08-25 15:45:03,0.5
bitcoin-up-or-down-august-27-8pm-et,UP,52663723472189837019282878320519686971007473994421038773533328330378617408514,1756136763,2025-08-25 15:46:03,0.5
bitcoin-up-or-down-august-27-8pm-et,UP,52663723472189837019282878320519686971007473994421038773533328330378617408514,1756136823,2025-08-25 15:47:03,0.5
bitcoin-up-or-down-august-27-8pm-et,UP,52663723472189837019282878320519686971007473994421038773533328330378617408514,1756136883,2025-08-25 15:48:03,0.5
bitcoin-up-or-down-august-27-8pm-et,UP,52663723472189837019282878320519686971007473994421038773533328330378617408514,1756136943,2025-08-25 15:49:03,0.5
bitcoin-up-or-down-august-27-8pm-et,UP,52663723472189837019282878320519686971007473994421038773533328330378617408514,1756137004,2025-08-25 15:50:04,0.5
bitcoin-up-or-down-august-27-8pm-et,UP,52663723472189837019282878320519686971007473994421038773533328330378617408514,1756137062,2025-08-25 15:51:02,0.5
bitcoin-up-or-down-august-27-8pm-et,UP,52663723472189837019282878320519686971007473994421038773533328330378617408514,1756137122,2025-08-25 15:52:02,0.5
bitcoin-up-or-down-august-27-8pm-et,UP,52663723472189837019282878320519686971007473994421038773533328330378617408514,1756137183,2025-08-25 15:53:03,0.5
bitcoin-up-or-down-august-27-8pm-et,UP,52663723472189837019282878320519686971007473994421038773533328330378617408514,1756137242,2025-08-25 15:54:02,0.5
bitcoin-up-or-down-august-27-8pm-et,UP,52663723472189837019282878320519686971007473994421038773533328330378617408514,1756137303,2025-08-25 15:55:03,0.5
bitcoin-up-or-down-august-27-8pm-et,UP,52663723472189837019282878320519686971007473994421038773533328330378617408514,1756137363,2025-08-25 15:56:03,0.5
bitcoin-up-or-down-august-27-8pm-et,UP,52663723472189837019282878320519686971007473994421038773533328330378617408514,1756137423,2025-08-25 15:57:03,0.5
bitcoin-up-or-down-august-27-8pm-et,UP,52663723472189837019282878320519686971007473994421038773533328330378617408514,1756137483,2025-08-25 15:58:03,0.5
bitcoin-up-or-down-august-27-8pm-et,UP,52663723472189837019282878320519686971007473994421038773533328330378617408514,1756137542,2025-08-25 15:59:02,0.5
bitcoin-up-or-down-august-27-8pm-et,UP,52663723472189837019282878320519686971007473994421038773533328330378617408514,1756137603,2025-08-25 16:00:03,0.5
bitcoin-up-or-down-august-27-8pm-et,UP,52663723472189837019282878320519686971007473994421038773533328330378617408514,1756137663,2025-08-25 16:01:03,0.5
bitcoin-up-or-down-august-27-8pm-et,UP,52663723472189837019282878320519686971007473994421038773533328330378617408514,1756137723,2025-08-25 16:02:03,0.5
bitcoin-up-or-down-august-27-8pm-et,UP,52663723472189837019282878320519686971007473994421038773533328330378617408514,1756137782,2025-08-25 16:03:02,0.5
bitcoin-up-or-down-august-27-8pm-et,UP,52663723472189837019282878320519686971007473994421038773533328330378617408514,1756137842,2025-08-25 16:04:02,0.5
bitcoin-up-or-down-august-27-8pm-et,UP,52663723472189837019282878320519686971007473994421038773533328330378617408514,1756137903,2025-08-25 16:05:03,0.5
bitcoin-up-or-down-august-27-8pm-et,UP,52663723472189837019282878320519686971007473994421038773533328330378617408514,1756137963,2025-08-25 16:06:03,0.5
bitcoin-up-or-down-august-27-8pm-et,UP,52663723472189837019282878320519686971007473994421038773533328330378617408514,1756138022,2025-08-25 16:07:02,0.5
bitcoin-up-or-down-august-27-8pm-et,UP,52663723472189837019282878320519686971007473994421038773533328330378617408514,1756138083,2025-08-25 16:08:03,0.5
bitcoin-up-or-down-august-27-8pm-et,UP,52663723472189837019282878320519686971007473994421038773533328330378617408514,1756138142,2025-08-25 16:09:02,0.5
bitcoin-up-or-down-august-27-8pm-et,UP,52663723472189837019282878320519686971007473994421038773533328330378617408514,1756138203,2025-08-25 16:10:03,0.5
bitcoin-up-or-down-august-27-8pm-et,UP,52663723472189837019282878320519686971007473994421038773533328330378617408514,1756138263,2025-08-25 16:11:03,0.5
bitcoin-up-or-down-august-27-8pm-et,UP,52663723472189837019282878320519686971007473994421038773533328330378617408514,1756138323,2025-08-25 16:12:03,0.5
bitcoin-up-or-down-august-27-8pm-et,UP,52663723472189837019282878320519686971007473994421038773533328330378617408514,1756138382,2025-08-25 16:13:02,0.5
bitcoin-up-or-down-august-27-8pm-et,UP,52663723472189837019282878320519686971007473994421038773533328330378617408514,1756138443,2025-08-25 16:14:03,0.5
bitcoin-up-or-down-august-27-8pm-et,UP,52663723472189837019282878320519686971007473994421038773533328330378617408514,1756138504,2025-08-25 16:15:04,0.5
bitcoin-up-or-down-august-27-8pm-et,UP,52663723472189837019282878320519686971007473994421038773533328330378617408514,1756138562,2025-08-25 16:16:02,0.5
bitcoin-up-or-down-august-27-8pm-et,UP,52663723472189837019282878320519686971007473994421038773533328330378617408514,1756138623,2025-08-25 16:17:03,0.5
bitcoin-up-or-down-august-27-8pm-et,UP,52663723472189837019282878320519686971007473994421038773533328330378617408514,1756138683,2025-08-25 16:18:03,0.5
bitcoin-up-or-down-august-27-8pm-et,UP,52663723472189837019282878320519686971007473994421038773533328330378617408514,1756138742,2025-08-25 16:19:02,0.5
bitcoin-up-or-down-august-27-8pm-et,UP,52663723472189837019282878320519686971007473994421038773533328330378617408514,1756138803,2025-08-25 16:20:03,0.5
bitcoin-up-or-down-august-27-8pm-et,UP,52663723472189837019282878320519686971007473994421038773533328330378617408514,1756138862,2025-08-25 16:21:02,0.5
bitcoin-up-or-down-august-27-8pm-et,UP,52663723472189837019282878320519686971007473994421038773533328330378617408514,1756138922,2025-08-25 16:22:02,0.5
bitcoin-up-or-down-august-27-8pm-et,UP,52663723472189837019282878320519686971007473994421038773533328330378617408514,1756138983,2025-08-25 16:23:03,0.5
bitcoin-up-or-down-august-27-8pm-et,UP,52663723472189837019282878320519686971007473994421038773533328330378617408514,1756139043,2025-08-25 16:24:03,0.5
bitcoin-up-or-down-august-27-8pm-et,UP,52663723472189837019282878320519686971007473994421038773533328330378617408514,1756139102,2025-08-25 16:25:02,0.5
bitcoin-up-or-down-august-27-8pm-et,UP,52663723472189837019282878320519686971007473994421038773533328330378617408514,1756139171,2025-08-25 16:26:11,0.5
bitcoin-up-or-down-august-27-8pm-et,UP,52663723472189837019282878320519686971007473994421038773533328330378617408514,1756139222,2025-08-25 16:27:02,0.5
bitcoin-up-or-down-august-27-8pm-et,UP,52663723472189837019282878320519686971007473994421038773533328330378617408514,1756139283,2025-08-25 16:28:03,0.5
bitcoin-up-or-down-august-27-8pm-et,UP,52663723472189837019282878320519686971007473994421038773533328330378617408514,1756139342,2025-08-25 16:29:02,0.5
bitcoin-up-or-down-august-27-8pm-et,UP,52663723472189837019282878320519686971007473994421038773533328330378617408514,1756139403,2025-08-25 16:30:03,0.5
bitcoin-up-or-down-august-27-8pm-et,UP,52663723472189837019282878320519686971007473994421038773533328330378617408514,1756139462,2025-08-25 16:31:02,0.5
bitcoin-up-or-down-august-27-8pm-et,UP,52663723472189837019282878320519686971007473994421038773533328330378617408514,1756139522,2025-08-25 16:32:02,0.5
bitcoin-up-or-down-august-27-8pm-et,UP,52663723472189837019282878320519686971007473994421038773533328330378617408514,1756139583,2025-08-25 16:33:03,0.5
bitcoin-up-or-down-august-27-8pm-et,UP,52663723472189837019282878320519686971007473994421038773533328330378617408514,1756139643,2025-08-25 16:34:03,0.5
bitcoin-up-or-down-august-27-8pm-et,UP,52663723472189837019282878320519686971007473994421038773533328330378617408514,1756139703,2025-08-25 16:35:03,0.5
bitcoin-up-or-down-august-27-8pm-et,UP,52663723472189837019282878320519686971007473994421038773533328330378617408514,1756139762,2025-08-25 16:36:02,0.5
bitcoin-up-or-down-august-27-8pm-et,UP,52663723472189837019282878320519686971007473994421038773533328330378617408514,1756139823,2025-08-25 16:37:03,0.5
bitcoin-up-or-down-august-27-8pm-et,UP,52663723472189837019282878320519686971007473994421038773533328330378617408514,1756139883,2025-08-25 16:38:03,0.5
bitcoin-up-or-down-august-27-8pm-et,UP,52663723472189837019282878320519686971007473994421038773533328330378617408514,1756139943,2025-08-25 16:39:03,0.5
bitcoin-up-or-down-august-27-8pm-et,UP,52663723472189837019282878320519686971007473994421038773533328330378617408514,1756140002,2025-08-25 16:40:02,0.5
bitcoin-up-or-down-august-27-8pm-et,UP,52663723472189837019282878320519686971007473994421038773533328330378617408514,1756140064,2025-08-25 16:41:04,0.5
bitcoin-up-or-down-august-27-8pm-et,UP,52663723472189837019282878320519686971007473994421038773533328330378617408514,1756140122,2025-08-25 16:42:02,0.5
bitcoin-up-or-down-august-27-8pm-et,UP,52663723472189837019282878320519686971007473994421038773533328330378617408514,1756140183,2025-08-25 16:43:03,0.5
bitcoin-up-or-down-august-27-8pm-et,UP,52663723472189837019282878320519686971007473994421038773533328330378617408514,1756140243,2025-08-25 16:44:03,0.5
bitcoin-up-or-down-august-27-8pm-et,UP,52663723472189837019282878320519686971007473994421038773533328330378617408514,1756140303,2025-08-25 16:45:03,0.5
bitcoin-up-or-down-august-27-8pm-et,UP,52663723472189837019282878320519686971007473994421038773533328330378617408514,1756140362,2025-08-25 16:46:02,0.5
bitcoin-up-or-down-august-27-8pm-et,UP,52663723472189837019282878320519686971007473994421038773533328330378617408514,1756140422,2025-08-25 16:47:02,0.5
bitcoin-up-or-down-august-27-8pm-et,UP,52663723472189837019282878320519686971007473994421038773533328330378617408514,1756140482,2025-08-25 16:48:02,0.5
bitcoin-up-or-down-august-27-8pm-et,UP,52663723472189837019282878320519686971007473994421038773533328330378617408514,1756140542,2025-08-25 16:49:02,0.5
bitcoin-up-or-down-august-27-8pm-et,UP,52663723472189837019282878320519686971007473994421038773533328330378617408514,1756140604,2025-08-25 16:50:04,0.5
bitcoin-up-or-down-august-27-8pm-et,UP,52663723472189837019282878320519686971007473994421038773533328330378617408514,1756140663,2025-08-25 16:51:03,0.5
bitcoin-up-or-down-august-27-8pm-et,UP,52663723472189837019282878320519686971007473994421038773533328330378617408514,1756140730,2025-08-25 16:52:10,0.5
bitcoin-up-or-down-august-27-8pm-et,UP,52663723472189837019282878320519686971007473994421038773533328330378617408514,1756140782,2025-08-25 16:53:02,0.5
bitcoin-up-or-down-august-27-8pm-et,UP,52663723472189837019282878320519686971007473994421038773533328330378617408514,1756140842,2025-08-25 16:54:02,0.5
bitcoin-up-or-down-august-27-8pm-et,UP,52663723472189837019282878320519686971007473994421038773533328330378617408514,1756140903,2025-08-25 16:55:03,0.5
bitcoin-up-or-down-august-27-8pm-et,UP,52663723472189837019282878320519686971007473994421038773533328330378617408514,1756140963,2025-08-25 16:56:03,0.5
bitcoin-up-or-down-august-27-8pm-et,UP,52663723472189837019282878320519686971007473994421038773533328330378617408514,1756141023,2025-08-25 16:57:03,0.5
bitcoin-up-or-down-august-27-8pm-et,UP,52663723472189837019282878320519686971007473994421038773533328330378617408514,1756141083,2025-08-25 16:58:03,0.5
bitcoin-up-or-down-august-27-8pm-et,UP,52663723472189837019282878320519686971007473994421038773533328330378617408514,1756141143,2025-08-25 16:59:03,0.5
bitcoin-up-or-down-august-27-8pm-et,UP,52663723472189837019282878320519686971007473994421038773533328330378617408514,1756141203,2025-08-25 17:00:03,0.5
bitcoin-up-or-down-august-27-8pm-et,UP,52663723472189837019282878320519686971007473994421038773533328330378617408514,1756141262,2025-08-25 17:01:02,0.5
bitcoin-up-or-down-august-27-8pm-et,UP,52663723472189837019282878320519686971007473994421038773533328330378617408514,1756141323,2025-08-25 17:02:03,0.5
bitcoin-up-or-down-august-27-8pm-et,UP,52663723472189837019282878320519686971007473994421038773533328330378617408514,1756141383,2025-08-25 17:03:03,0.5
bitcoin-up-or-down-august-27-8pm-et,UP,52663723472189837019282878320519686971007473994421038773533328330378617408514,1756141443,2025-08-25 17:04:03,0.5
bitcoin-up-or-down-august-27-8pm-et,UP,52663723472189837019282878320519686971007473994421038773533328330378617408514,1756141502,2025-08-25 17:05:02,0.5
bitcoin-up-or-down-august-27-8pm-et,UP,52663723472189837019282878320519686971007473994421038773533328330378617408514,1756141563,2025-08-25 17:06:03,0.5
bitcoin-up-or-down-august-27-8pm-et,UP,52663723472189837019282878320519686971007473994421038773533328330378617408514,1756141623,2025-08-25 17:07:03,0.5
bitcoin-up-or-down-august-27-8pm-et,UP,52663723472189837019282878320519686971007473994421038773533328330378617408514,1756141682,2025-08-25 17:08:02,0.5
bitcoin-up-or-down-august-27-8pm-et,UP,52663723472189837019282878320519686971007473994421038773533328330378617408514,1756141742,2025-08-25 17:09:02,0.5
bitcoin-up-or-down-august-27-8pm-et,UP,52663723472189837019282878320519686971007473994421038773533328330378617408514,1756141802,2025-08-25 17:10:02,0.5
bitcoin-up-or-down-august-27-8pm-et,UP,52663723472189837019282878320519686971007473994421038773533328330378617408514,1756141862,2025-08-25 17:11:02,0.5
bitcoin-up-or-down-august-27-8pm-et,UP,52663723472189837019282878320519686971007473994421038773533328330378617408514,1756141923,2025-08-25 17:12:03,0.5
bitcoin-up-or-down-august-27-8pm-et,UP,52663723472189837019282878320519686971007473994421038773533328330378617408514,1756141982,2025-08-25 17:13:02,0.5
bitcoin-up-or-down-august-27-8pm-et,UP,52663723472189837019282878320519686971007473994421038773533328330378617408514,1756142042,2025-08-25 17:14:02,0.5
bitcoin-up-or-down-august-27-8pm-et,UP,52663723472189837019282878320519686971007473994421038773533328330378617408514,1756142102,2025-08-25 17:15:02,0.5
bitcoin-up-or-down-august-27-8pm-et,UP,52663723472189837019282878320519686971007473994421038773533328330378617408514,1756142162,2025-08-25 17:16:02,0.5
bitcoin-up-or-down-august-27-8pm-et,UP,52663723472189837019282878320519686971007473994421038773533328330378617408514,1756142223,2025-08-25 17:17:03,0.5
bitcoin-up-or-down-august-27-8pm-et,UP,52663723472189837019282878320519686971007473994421038773533328330378617408514,1756142283,2025-08-25 17:18:03,0.5
bitcoin-up-or-down-august-27-8pm-et,UP,52663723472189837019282878320519686971007473994421038773533328330378617408514,1756142343,2025-08-25 17:19:03,0.5
bitcoin-up-or-down-august-27-8pm-et,UP,52663723472189837019282878320519686971007473994421038773533328330378617408514,1756142403,2025-08-25 17:20:03,0.5
bitcoin-up-or-down-august-27-8pm-et,UP,52663723472189837019282878320519686971007473994421038773533328330378617408514,1756142462,2025-08-25 17:21:02,0.5
bitcoin-up-or-down-august-27-8pm-et,UP,52663723472189837019282878320519686971007473994421038773533328330378617408514,1756142522,2025-08-25 17:22:02,0.5
bitcoin-up-or-down-august-27-8pm-et,UP,52663723472189837019282878320519686971007473994421038773533328330378617408514,1756142583,2025-08-25 17:23:03,0.5
bitcoin-up-or-down-august-27-8pm-et,UP,52663723472189837019282878320519686971007473994421038773533328330378617408514,1756142644,2025-08-25 17:24:04,0.5
bitcoin-up-or-down-august-27-8pm-et,UP,52663723472189837019282878320519686971007473994421038773533328330378617408514,1756142703,2025-08-25 17:25:03,0.5
bitcoin-up-or-down-august-27-8pm-et,UP,52663723472189837019282878320519686971007473994421038773533328330378617408514,1756142764,2025-08-25 17:26:04,0.5
bitcoin-up-or-down-august-27-8pm-et,UP,52663723472189837019282878320519686971007473994421038773533328330378617408514,1756142822,2025-08-25 17:27:02,0.5
bitcoin-up-or-down-august-27-8pm-et,UP,52663723472189837019282878320519686971007473994421038773533328330378617408514,1756142882,2025-08-25 17:28:02,0.5
bitcoin-up-or-down-august-27-8pm-et,UP,52663723472189837019282878320519686971007473994421038773533328330378617408514,1756142942,2025-08-25 17:29:02,0.5
bitcoin-up-or-down-august-27-8pm-et,UP,52663723472189837019282878320519686971007473994421038773533328330378617408514,1756143004,2025-08-25 17:30:04,0.5
bitcoin-up-or-down-august-27-8pm-et,UP,52663723472189837019282878320519686971007473994421038773533328330378617408514,1756143063,2025-08-25 17:31:03,0.5
bitcoin-up-or-down-august-27-8pm-et,UP,52663723472189837019282878320519686971007473994421038773533328330378617408514,1756143123,2025-08-25 17:32:03,0.5
bitcoin-up-or-down-august-27-8pm-et,UP,52663723472189837019282878320519686971007473994421038773533328330378617408514,1756143183,2025-08-25 17:33:03,0.5
bitcoin-up-or-down-august-27-8pm-et,UP,52663723472189837019282878320519686971007473994421038773533328330378617408514,1756143244,2025-08-25 17:34:04,0.5
bitcoin-up-or-down-august-27-8pm-et,UP,52663723472189837019282878320519686971007473994421038773533328330378617408514,1756143302,2025-08-25 17:35:02,0.5
bitcoin-up-or-down-august-27-8pm-et,UP,52663723472189837019282878320519686971007473994421038773533328330378617408514,1756143363,2025-08-25 17:36:03,0.5
bitcoin-up-or-down-august-27-8pm-et,UP,52663723472189837019282878320519686971007473994421038773533328330378617408514,1756143423,2025-08-25 17:37:03,0.5
bitcoin-up-or-down-august-27-8pm-et,UP,52663723472189837019282878320519686971007473994421038773533328330378617408514,1756143483,2025-08-25 17:38:03,0.5
bitcoin-up-or-down-august-27-8pm-et,UP,52663723472189837019282878320519686971007473994421038773533328330378617408514,1756143543,2025-08-25 17:39:03,0.5
bitcoin-up-or-down-august-27-8pm-et,UP,52663723472189837019282878320519686971007473994421038773533328330378617408514,1756143602,2025-08-25 17:40:02,0.5
bitcoin-up-or-down-august-27-8pm-et,UP,52663723472189837019282878320519686971007473994421038773533328330378617408514,1756143663,2025-08-25 17:41:03,0.5
bitcoin-up-or-down-august-27-8pm-et,UP,52663723472189837019282878320519686971007473994421038773533328330378617408514,1756143722,2025-08-25 17:42:02,0.5
bitcoin-up-or-down-august-27-8pm-et,UP,52663723472189837019282878320519686971007473994421038773533328330378617408514,1756143783,2025-08-25 17:43:03,0.5
bitcoin-up-or-down-august-27-8pm-et,UP,52663723472189837019282878320519686971007473994421038773533328330378617408514,1756143843,2025-08-25 17:44:03,0.5
bitcoin-up-or-down-august-27-8pm-et,UP,52663723472189837019282878320519686971007473994421038773533328330378617408514,1756143902,2025-08-25 17:45:02,0.5
bitcoin-up-or-down-august-27-8pm-et,UP,52663723472189837019282878320519686971007473994421038773533328330378617408514,1756143963,2025-08-25 17:46:03,0.5
bitcoin-up-or-down-august-27-8pm-et,UP,52663723472189837019282878320519686971007473994421038773533328330378617408514,1756144022,2025-08-25 17:47:02,0.5
bitcoin-up-or-down-august-27-8pm-et,UP,52663723472189837019282878320519686971007473994421038773533328330378617408514,1756144082,2025-08-25 17:48:02,0.5
bitcoin-up-or-down-august-27-8pm-et,UP,52663723472189837019282878320519686971007473994421038773533328330378617408514,1756144143,2025-08-25 17:49:03,0.5
bitcoin-up-or-down-august-27-8pm-et,UP,52663723472189837019282878320519686971007473994421038773533328330378617408514,1756144202,2025-08-25 17:50:02,0.5
bitcoin-up-or-down-august-27-8pm-et,UP,52663723472189837019282878320519686971007473994421038773533328330378617408514,1756144263,2025-08-25 17:51:03,0.5
bitcoin-up-or-down-august-27-8pm-et,UP,52663723472189837019282878320519686971007473994421038773533328330378617408514,1756144322,2025-08-25 17:52:02,0.5
bitcoin-up-or-down-august-27-8pm-et,UP,52663723472189837019282878320519686971007473994421038773533328330378617408514,1756144385,2025-08-25 17:53:05,0.5
bitcoin-up-or-down-august-27-8pm-et,UP,52663723472189837019282878320519686971007473994421038773533328330378617408514,1756144444,2025-08-25 17:54:04,0.5
bitcoin-up-or-down-august-27-8pm-et,UP,52663723472189837019282878320519686971007473994421038773533328330378617408514,1756144504,2025-08-25 17:55:04,0.5
bitcoin-up-or-down-august-27-8pm-et,UP,52663723472189837019282878320519686971007473994421038773533328330378617408514,1756144563,2025-08-25 17:56:03,0.5
bitcoin-up-or-down-august-27-8pm-et,UP,52663723472189837019282878320519686971007473994421038773533328330378617408514,1756144623,2025-08-25 17:57:03,0.5
bitcoin-up-or-down-august-27-8pm-et,UP,52663723472189837019282878320519686971007473994421038773533328330378617408514,1756144682,2025-08-25 17:58:02,0.5
bitcoin-up-or-down-august-27-8pm-et,UP,52663723472189837019282878320519686971007473994421038773533328330378617408514,1756144742,2025-08-25 17:59:02,0.5
bitcoin-up-or-down-august-27-8pm-et,UP,52663723472189837019282878320519686971007473994421038773533328330378617408514,1756144810,2025-08-25 18:00:10,0.5
bitcoin-up-or-down-august-27-8pm-et,UP,52663723472189837019282878320519686971007473994421038773533328330378617408514,1756144862,2025-08-25 18:01:02,0.5
bitcoin-up-or-down-august-27-8pm-et,UP,52663723472189837019282878320519686971007473994421038773533328330378617408514,1756144922,2025-08-25 18:02:02,0.5
bitcoin-up-or-down-august-27-8pm-et,UP,52663723472189837019282878320519686971007473994421038773533328330378617408514,1756144982,2025-08-25 18:03:02,0.5
bitcoin-up-or-down-august-27-8pm-et,UP,52663723472189837019282878320519686971007473994421038773533328330378617408514,1756145043,2025-08-25 18:04:03,0.5
bitcoin-up-or-down-august-27-8pm-et,UP,52663723472189837019282878320519686971007473994421038773533328330378617408514,1756145103,2025-08-25 18:05:03,0.5
bitcoin-up-or-down-august-27-8pm-et,UP,52663723472189837019282878320519686971007473994421038773533328330378617408514,1756145163,2025-08-25 18:06:03,0.5
bitcoin-up-or-down-august-27-8pm-et,UP,52663723472189837019282878320519686971007473994421038773533328330378617408514,1756145222,2025-08-25 18:07:02,0.5
bitcoin-up-or-down-august-27-8pm-et,UP,52663723472189837019282878320519686971007473994421038773533328330378617408514,1756145282,2025-08-25 18:08:02,0.5
bitcoin-up-or-down-august-27-8pm-et,UP,52663723472189837019282878320519686971007473994421038773533328330378617408514,1756145342,2025-08-25 18:09:02,0.5
bitcoin-up-or-down-august-27-8pm-et,UP,52663723472189837019282878320519686971007473994421038773533328330378617408514,1756145403,2025-08-25 18:10:03,0.5
bitcoin-up-or-down-august-27-8pm-et,UP,52663723472189837019282878320519686971007473994421038773533328330378617408514,1756145463,2025-08-25 18:11:03,0.5
bitcoin-up-or-down-august-27-8pm-et,UP,52663723472189837019282878320519686971007473994421038773533328330378617408514,1756145522,2025-08-25 18:12:02,0.5
bitcoin-up-or-down-august-27-8pm-et,UP,52663723472189837019282878320519686971007473994421038773533328330378617408514,1756145582,2025-08-25 18:13:02,0.5
bitcoin-up-or-down-august-27-8pm-et,UP,52663723472189837019282878320519686971007473994421038773533328330378617408514,1756145643,2025-08-25 18:14:03,0.5
bitcoin-up-or-down-august-27-8pm-et,UP,52663723472189837019282878320519686971007473994421038773533328330378617408514,1756145702,2025-08-25 18:15:02,0.5
bitcoin-up-or-down-august-27-8pm-et,UP,52663723472189837019282878320519686971007473994421038773533328330378617408514,1756145763,2025-08-25 18:16:03,0.5
bitcoin-up-or-down-august-27-8pm-et,UP,52663723472189837019282878320519686971007473994421038773533328330378617408514,1756145822,2025-08-25 18:17:02,0.5
bitcoin-up-or-down-august-27-8pm-et,UP,52663723472189837019282878320519686971007473994421038773533328330378617408514,1756145882,2025-08-25 18:18:02,0.5
bitcoin-up-or-down-august-27-8pm-et,UP,52663723472189837019282878320519686971007473994421038773533328330378617408514,1756145942,2025-08-25 18:19:02,0.5
bitcoin-up-or-down-august-27-8pm-et,UP,52663723472189837019282878320519686971007473994421038773533328330378617408514,1756146002,2025-08-25 18:20:02,0.5
bitcoin-up-or-down-august-27-8pm-et,UP,52663723472189837019282878320519686971007473994421038773533328330378617408514,1756146062,2025-08-25 18:21:02,0.5
bitcoin-up-or-down-august-27-8pm-et,UP,52663723472189837019282878320519686971007473994421038773533328330378617408514,1756146123,2025-08-25 18:22:03,0.5
bitcoin-up-or-down-august-27-8pm-et,UP,52663723472189837019282878320519686971007473994421038773533328330378617408514,1756146182,2025-08-25 18:23:02,0.5
bitcoin-up-or-down-august-27-8pm-et,UP,52663723472189837019282878320519686971007473994421038773533328330378617408514,1756146242,2025-08-25 18:24:02,0.5
bitcoin-up-or-down-august-27-8pm-et,UP,52663723472189837019282878320519686971007473994421038773533328330378617408514,1756146302,2025-08-25 18:25:02,0.5
bitcoin-up-or-down-august-27-8pm-et,UP,52663723472189837019282878320519686971007473994421038773533328330378617408514,1756146370,2025-08-25 18:26:10,0.5
bitcoin-up-or-down-august-27-8pm-et,UP,52663723472189837019282878320519686971007473994421038773533328330378617408514,1756146422,2025-08-25 18:27:02,0.5
bitcoin-up-or-down-august-27-8pm-et,UP,52663723472189837019282878320519686971007473994421038773533328330378617408514,1756146483,2025-08-25 18:28:03,0.5
bitcoin-up-or-down-august-27-8pm-et,UP,52663723472189837019282878320519686971007473994421038773533328330378617408514,1756146543,2025-08-25 18:29:03,0.5
bitcoin-up-or-down-august-27-8pm-et,UP,52663723472189837019282878320519686971007473994421038773533328330378617408514,1756146604,2025-08-25 18:30:04,0.5
bitcoin-up-or-down-august-27-8pm-et,UP,52663723472189837019282878320519686971007473994421038773533328330378617408514,1756146662,2025-08-25 18:31:02,0.5
bitcoin-up-or-down-august-27-8pm-et,UP,52663723472189837019282878320519686971007473994421038773533328330378617408514,1756146722,2025-08-25 18:32:02,0.5
bitcoin-up-or-down-august-27-8pm-et,UP,52663723472189837019282878320519686971007473994421038773533328330378617408514,1756146783,2025-08-25 18:33:03,0.5
bitcoin-up-or-down-august-27-8pm-et,UP,52663723472189837019282878320519686971007473994421038773533328330378617408514,1756146842,2025-08-25 18:34:02,0.5
bitcoin-up-or-down-august-27-8pm-et,UP,52663723472189837019282878320519686971007473994421038773533328330378617408514,1756146904,2025-08-25 18:35:04,0.5
bitcoin-up-or-down-august-27-8pm-et,UP,52663723472189837019282878320519686971007473994421038773533328330378617408514,1756146963,2025-08-25 18:36:03,0.5
bitcoin-up-or-down-august-27-8pm-et,UP,52663723472189837019282878320519686971007473994421038773533328330378617408514,1756147024,2025-08-25 18:37:04,0.5
bitcoin-up-or-down-august-27-8pm-et,UP,52663723472189837019282878320519686971007473994421038773533328330378617408514,1756147083,2025-08-25 18:38:03,0.5
bitcoin-up-or-down-august-27-8pm-et,UP,52663723472189837019282878320519686971007473994421038773533328330378617408514,1756147144,2025-08-25 18:39:04,0.5
bitcoin-up-or-down-august-27-8pm-et,UP,52663723472189837019282878320519686971007473994421038773533328330378617408514,1756147204,2025-08-25 18:40:04,0.5
bitcoin-up-or-down-august-27-8pm-et,UP,52663723472189837019282878320519686971007473994421038773533328330378617408514,1756147262,2025-08-25 18:41:02,0.5
bitcoin-up-or-down-august-27-8pm-et,UP,52663723472189837019282878320519686971007473994421038773533328330378617408514,1756147322,2025-08-25 18:42:02,0.5
bitcoin-up-or-down-august-27-8pm-et,UP,52663723472189837019282878320519686971007473994421038773533328330378617408514,1756147382,2025-08-25 18:43:02,0.5
bitcoin-up-or-down-august-27-8pm-et,UP,52663723472189837019282878320519686971007473994421038773533328330378617408514,1756147443,2025-08-25 18:44:03,0.5
bitcoin-up-or-down-august-27-8pm-et,UP,52663723472189837019282878320519686971007473994421038773533328330378617408514,1756147504,2025-08-25 18:45:04,0.5
bitcoin-up-or-down-august-27-8pm-et,UP,52663723472189837019282878320519686971007473994421038773533328330378617408514,1756147562,2025-08-25 18:46:02,0.5
bitcoin-up-or-down-august-27-8pm-et,UP,52663723472189837019282878320519686971007473994421038773533328330378617408514,1756147623,2025-08-25 18:47:03,0.5
bitcoin-up-or-down-august-27-8pm-et,UP,52663723472189837019282878320519686971007473994421038773533328330378617408514,1756147684,2025-08-25 18:48:04,0.5
bitcoin-up-or-down-august-27-8pm-et,UP,52663723472189837019282878320519686971007473994421038773533328330378617408514,1756147743,2025-08-25 18:49:03,0.5
bitcoin-up-or-down-august-27-8pm-et,UP,52663723472189837019282878320519686971007473994421038773533328330378617408514,1756147804,2025-08-25 18:50:04,0.5
bitcoin-up-or-down-august-27-8pm-et,UP,52663723472189837019282878320519686971007473994421038773533328330378617408514,1756147863,2025-08-25 18:51:03,0.5
bitcoin-up-or-down-august-27-8pm-et,UP,52663723472189837019282878320519686971007473994421038773533328330378617408514,1756147928,2025-08-25 18:52:08,0.5
bitcoin-up-or-down-august-27-8pm-et,UP,52663723472189837019282878320519686971007473994421038773533328330378617408514,1756147982,2025-08-25 18:53:02,0.5
bitcoin-up-or-down-august-27-8pm-et,UP,52663723472189837019282878320519686971007473994421038773533328330378617408514,1756148043,2025-08-25 18:54:03,0.5
bitcoin-up-or-down-august-27-8pm-et,UP,52663723472189837019282878320519686971007473994421038773533328330378617408514,1756148106,2025-08-25 18:55:06,0.5
bitcoin-up-or-down-august-27-8pm-et,UP,52663723472189837019282878320519686971007473994421038773533328330378617408514,1756148162,2025-08-25 18:56:02,0.5
bitcoin-up-or-down-august-27-8pm-et,UP,52663723472189837019282878320519686971007473994421038773533328330378617408514,1756148222,2025-08-25 18:57:02,0.5
bitcoin-up-or-down-august-27-8pm-et,UP,52663723472189837019282878320519686971007473994421038773533328330378617408514,1756148283,2025-08-25 18:58:03,0.5
bitcoin-up-or-down-august-27-8pm-et,UP,52663723472189837019282878320519686971007473994421038773533328330378617408514,1756148343,2025-08-25 18:59:03,0.5
bitcoin-up-or-down-august-27-8pm-et,UP,52663723472189837019282878320519686971007473994421038773533328330378617408514,1756148409,2025-08-25 19:00:09,0.5
bitcoin-up-or-down-august-27-8pm-et,UP,52663723472189837019282878320519686971007473994421038773533328330378617408514,1756148462,2025-08-25 19:01:02,0.5
bitcoin-up-or-down-august-27-8pm-et,UP,52663723472189837019282878320519686971007473994421038773533328330378617408514,1756148522,2025-08-25 19:02:02,0.5
bitcoin-up-or-down-august-27-8pm-et,UP,52663723472189837019282878320519686971007473994421038773533328330378617408514,1756148582,2025-08-25 19:03:02,0.5
bitcoin-up-or-down-august-27-8pm-et,UP,52663723472189837019282878320519686971007473994421038773533328330378617408514,1756148643,2025-08-25 19:04:03,0.5
bitcoin-up-or-down-august-27-8pm-et,UP,52663723472189837019282878320519686971007473994421038773533328330378617408514,1756148704,2025-08-25 19:05:04,0.5
bitcoin-up-or-down-august-27-8pm-et,UP,52663723472189837019282878320519686971007473994421038773533328330378617408514,1756148762,2025-08-25 19:06:02,0.5
bitcoin-up-or-down-august-27-8pm-et,UP,52663723472189837019282878320519686971007473994421038773533328330378617408514,1756148823,2025-08-25 19:07:03,0.5
bitcoin-up-or-down-august-27-8pm-et,UP,52663723472189837019282878320519686971007473994421038773533328330378617408514,1756148882,2025-08-25 19:08:02,0.5
bitcoin-up-or-down-august-27-8pm-et,UP,52663723472189837019282878320519686971007473994421038773533328330378617408514,1756148942,2025-08-25 19:09:02,0.5
bitcoin-up-or-down-august-27-8pm-et,UP,52663723472189837019282878320519686971007473994421038773533328330378617408514,1756149002,2025-08-25 19:10:02,0.5
bitcoin-up-or-down-august-27-8pm-et,UP,52663723472189837019282878320519686971007473994421038773533328330378617408514,1756149062,2025-08-25 19:11:02,0.5
bitcoin-up-or-down-august-27-8pm-et,UP,52663723472189837019282878320519686971007473994421038773533328330378617408514,1756149123,2025-08-25 19:12:03,0.5
bitcoin-up-or-down-august-27-8pm-et,UP,52663723472189837019282878320519686971007473994421038773533328330378617408514,1756149182,2025-08-25 19:13:02,0.5
bitcoin-up-or-down-august-27-8pm-et,UP,52663723472189837019282878320519686971007473994421038773533328330378617408514,1756149242,2025-08-25 19:14:02,0.5
bitcoin-up-or-down-august-27-8pm-et,UP,52663723472189837019282878320519686971007473994421038773533328330378617408514,1756149303,2025-08-25 19:15:03,0.5
bitcoin-up-or-down-august-27-8pm-et,UP,52663723472189837019282878320519686971007473994421038773533328330378617408514,1756149362,2025-08-25 19:16:02,0.5
bitcoin-up-or-down-august-27-8pm-et,UP,52663723472189837019282878320519686971007473994421038773533328330378617408514,1756149423,2025-08-25 19:17:03,0.5
bitcoin-up-or-down-august-27-8pm-et,UP,52663723472189837019282878320519686971007473994421038773533328330378617408514,1756149483,2025-08-25 19:18:03,0.5
bitcoin-up-or-down-august-27-8pm-et,UP,52663723472189837019282878320519686971007473994421038773533328330378617408514,1756149542,2025-08-25 19:19:02,0.5
bitcoin-up-or-down-august-27-8pm-et,UP,52663723472189837019282878320519686971007473994421038773533328330378617408514,1756149603,2025-08-25 19:20:03,0.5
bitcoin-up-or-down-august-27-8pm-et,UP,52663723472189837019282878320519686971007473994421038773533328330378617408514,1756149662,2025-08-25 19:21:02,0.5
bitcoin-up-or-down-august-27-8pm-et,UP,52663723472189837019282878320519686971007473994421038773533328330378617408514,1756149722,2025-08-25 19:22:02,0.5
bitcoin-up-or-down-august-27-8pm-et,UP,52663723472189837019282878320519686971007473994421038773533328330378617408514,1756149782,2025-08-25 19:23:02,0.5
bitcoin-up-or-down-august-27-8pm-et,UP,52663723472189837019282878320519686971007473994421038773533328330378617408514,1756149843,2025-08-25 19:24:03,0.5
bitcoin-up-or-down-august-27-8pm-et,UP,52663723472189837019282878320519686971007473994421038773533328330378617408514,1756149902,2025-08-25 19:25:02,0.5
bitcoin-up-or-down-august-27-8pm-et,UP,52663723472189837019282878320519686971007473994421038773533328330378617408514,1756149971,2025-08-25 19:26:11,0.5
bitcoin-up-or-down-august-27-8pm-et,UP,52663723472189837019282878320519686971007473994421038773533328330378617408514,1756150025,2025-08-25 19:27:05,0.5
bitcoin-up-or-down-august-27-8pm-et,UP,52663723472189837019282878320519686971007473994421038773533328330378617408514,1756150082,2025-08-25 19:28:02,0.5
bitcoin-up-or-down-august-27-8pm-et,UP,52663723472189837019282878320519686971007473994421038773533328330378617408514,1756150142,2025-08-25 19:29:02,0.5
bitcoin-up-or-down-august-27-8pm-et,UP,52663723472189837019282878320519686971007473994421038773533328330378617408514,1756150202,2025-08-25 19:30:02,0.5
bitcoin-up-or-down-august-27-8pm-et,UP,52663723472189837019282878320519686971007473994421038773533328330378617408514,1756150264,2025-08-25 19:31:04,0.5
bitcoin-up-or-down-august-27-8pm-et,UP,52663723472189837019282878320519686971007473994421038773533328330378617408514,1756150323,2025-08-25 19:32:03,0.5
bitcoin-up-or-down-august-27-8pm-et,UP,52663723472189837019282878320519686971007473994421038773533328330378617408514,1756150382,2025-08-25 19:33:02,0.5
bitcoin-up-or-down-august-27-8pm-et,UP,52663723472189837019282878320519686971007473994421038773533328330378617408514,1756150442,2025-08-25 19:34:02,0.5
bitcoin-up-or-down-august-27-8pm-et,UP,52663723472189837019282878320519686971007473994421038773533328330378617408514,1756150503,2025-08-25 19:35:03,0.5
bitcoin-up-or-down-august-27-8pm-et,UP,52663723472189837019282878320519686971007473994421038773533328330378617408514,1756150562,2025-08-25 19:36:02,0.5
bitcoin-up-or-down-august-27-8pm-et,UP,52663723472189837019282878320519686971007473994421038773533328330378617408514,1756150623,2025-08-25 19:37:03,0.5
bitcoin-up-or-down-august-27-8pm-et,UP,52663723472189837019282878320519686971007473994421038773533328330378617408514,1756150683,2025-08-25 19:38:03,0.5
bitcoin-up-or-down-august-27-8pm-et,UP,52663723472189837019282878320519686971007473994421038773533328330378617408514,1756150743,2025-08-25 19:39:03,0.5
bitcoin-up-or-down-august-27-8pm-et,UP,52663723472189837019282878320519686971007473994421038773533328330378617408514,1756150804,2025-08-25 19:40:04,0.5
bitcoin-up-or-down-august-27-8pm-et,UP,52663723472189837019282878320519686971007473994421038773533328330378617408514,1756150863,2025-08-25 19:41:03,0.5
bitcoin-up-or-down-august-27-8pm-et,UP,52663723472189837019282878320519686971007473994421038773533328330378617408514,1756150922,2025-08-25 19:42:02,0.5
bitcoin-up-or-down-august-27-8pm-et,UP,52663723472189837019282878320519686971007473994421038773533328330378617408514,1756150982,2025-08-25 19:43:02,0.5
bitcoin-up-or-down-august-27-8pm-et,UP,52663723472189837019282878320519686971007473994421038773533328330378617408514,1756151043,2025-08-25 19:44:03,0.5
bitcoin-up-or-down-august-27-8pm-et,UP,52663723472189837019282878320519686971007473994421038773533328330378617408514,1756151102,2025-08-25 19:45:02,0.5
bitcoin-up-or-down-august-27-8pm-et,UP,52663723472189837019282878320519686971007473994421038773533328330378617408514,1756151162,2025-08-25 19:46:02,0.5
bitcoin-up-or-down-august-27-8pm-et,UP,52663723472189837019282878320519686971007473994421038773533328330378617408514,1756151222,2025-08-25 19:47:02,0.5
bitcoin-up-or-down-august-27-8pm-et,UP,52663723472189837019282878320519686971007473994421038773533328330378617408514,1756151282,2025-08-25 19:48:02,0.5
bitcoin-up-or-down-august-27-8pm-et,UP,52663723472189837019282878320519686971007473994421038773533328330378617408514,1756151343,2025-08-25 19:49:03,0.5
bitcoin-up-or-down-august-27-8pm-et,UP,52663723472189837019282878320519686971007473994421038773533328330378617408514,1756151402,2025-08-25 19:50:02,0.5
bitcoin-up-or-down-august-27-8pm-et,UP,52663723472189837019282878320519686971007473994421038773533328330378617408514,1756151464,2025-08-25 19:51:04,0.5
bitcoin-up-or-down-august-27-8pm-et,UP,52663723472189837019282878320519686971007473994421038773533328330378617408514,1756151522,2025-08-25 19:52:02,0.5
bitcoin-up-or-down-august-27-8pm-et,UP,52663723472189837019282878320519686971007473994421038773533328330378617408514,1756151585,2025-08-25 19:53:05,0.5
bitcoin-up-or-down-august-27-8pm-et,UP,52663723472189837019282878320519686971007473994421038773533328330378617408514,1756151642,2025-08-25 19:54:02,0.5
bitcoin-up-or-down-august-27-8pm-et,UP,52663723472189837019282878320519686971007473994421038773533328330378617408514,1756151704,2025-08-25 19:55:04,0.5
bitcoin-up-or-down-august-27-8pm-et,UP,52663723472189837019282878320519686971007473994421038773533328330378617408514,1756151762,2025-08-25 19:56:02,0.5
bitcoin-up-or-down-august-27-8pm-et,UP,52663723472189837019282878320519686971007473994421038773533328330378617408514,1756151823,2025-08-25 19:57:03,0.5
bitcoin-up-or-down-august-27-8pm-et,UP,52663723472189837019282878320519686971007473994421038773533328330378617408514,1756151882,2025-08-25 19:58:02,0.5
bitcoin-up-or-down-august-27-8pm-et,UP,52663723472189837019282878320519686971007473994421038773533328330378617408514,1756151943,2025-08-25 19:59:03,0.5
bitcoin-up-or-down-august-27-8pm-et,UP,52663723472189837019282878320519686971007473994421038773533328330378617408514,1756152002,2025-08-25 20:00:02,0.5
bitcoin-up-or-down-august-27-8pm-et,UP,52663723472189837019282878320519686971007473994421038773533328330378617408514,1756152062,2025-08-25 20:01:02,0.5
bitcoin-up-or-down-august-27-8pm-et,UP,52663723472189837019282878320519686971007473994421038773533328330378617408514,1756152123,2025-08-25 20:02:03,0.5
bitcoin-up-or-down-august-27-8pm-et,UP,52663723472189837019282878320519686971007473994421038773533328330378617408514,1756152183,2025-08-25 20:03:03,0.5
bitcoin-up-or-down-august-27-8pm-et,UP,52663723472189837019282878320519686971007473994421038773533328330378617408514,1756152243,2025-08-25 20:04:03,0.5
bitcoin-up-or-down-august-27-8pm-et,UP,52663723472189837019282878320519686971007473994421038773533328330378617408514,1756152303,2025-08-25 20:05:03,0.5
bitcoin-up-or-down-august-27-8pm-et,UP,52663723472189837019282878320519686971007473994421038773533328330378617408514,1756152362,2025-08-25 20:06:02,0.5
bitcoin-up-or-down-august-27-8pm-et,UP,52663723472189837019282878320519686971007473994421038773533328330378617408514,1756152423,2025-08-25 20:07:03,0.5
bitcoin-up-or-down-august-27-8pm-et,UP,52663723472189837019282878320519686971007473994421038773533328330378617408514,1756152482,2025-08-25 20:08:02,0.5
bitcoin-up-or-down-august-27-8pm-et,UP,52663723472189837019282878320519686971007473994421038773533328330378617408514,1756152543,2025-08-25 20:09:03,0.5
bitcoin-up-or-down-august-27-8pm-et,UP,52663723472189837019282878320519686971007473994421038773533328330378617408514,1756152605,2025-08-25 20:10:05,0.5
bitcoin-up-or-down-august-27-8pm-et,UP,52663723472189837019282878320519686971007473994421038773533328330378617408514,1756152663,2025-08-25 20:11:03,0.5
bitcoin-up-or-down-august-27-8pm-et,UP,52663723472189837019282878320519686971007473994421038773533328330378617408514,1756152722,2025-08-25 20:12:02,0.5
bitcoin-up-or-down-august-27-8pm-et,UP,52663723472189837019282878320519686971007473994421038773533328330378617408514,1756152782,2025-08-25 20:13:02,0.5
bitcoin-up-or-down-august-27-8pm-et,UP,52663723472189837019282878320519686971007473994421038773533328330378617408514,1756152843,2025-08-25 20:14:03,0.5
bitcoin-up-or-down-august-27-8pm-et,UP,52663723472189837019282878320519686971007473994421038773533328330378617408514,1756152904,2025-08-25 20:15:04,0.5
bitcoin-up-or-down-august-27-8pm-et,UP,52663723472189837019282878320519686971007473994421038773533328330378617408514,1756152962,2025-08-25 20:16:02,0.5
bitcoin-up-or-down-august-27-8pm-et,UP,52663723472189837019282878320519686971007473994421038773533328330378617408514,1756153023,2025-08-25 20:17:03,0.5
bitcoin-up-or-down-august-27-8pm-et,UP,52663723472189837019282878320519686971007473994421038773533328330378617408514,1756153082,2025-08-25 20:18:02,0.5
bitcoin-up-or-down-august-27-8pm-et,UP,52663723472189837019282878320519686971007473994421038773533328330378617408514,1756153142,2025-08-25 20:19:02,0.5
bitcoin-up-or-down-august-27-8pm-et,UP,52663723472189837019282878320519686971007473994421038773533328330378617408514,1756153204,2025-08-25 20:20:04,0.5
bitcoin-up-or-down-august-27-8pm-et,UP,52663723472189837019282878320519686971007473994421038773533328330378617408514,1756153263,2025-08-25 20:21:03,0.5
bitcoin-up-or-down-august-27-8pm-et,UP,52663723472189837019282878320519686971007473994421038773533328330378617408514,1756153323,2025-08-25 20:22:03,0.5
bitcoin-up-or-down-august-27-8pm-et,UP,52663723472189837019282878320519686971007473994421038773533328330378617408514,1756153383,2025-08-25 20:23:03,0.5
bitcoin-up-or-down-august-27-8pm-et,UP,52663723472189837019282878320519686971007473994421038773533328330378617408514,1756153443,2025-08-25 20:24:03,0.5
bitcoin-up-or-down-august-27-8pm-et,UP,52663723472189837019282878320519686971007473994421038773533328330378617408514,1756153504,2025-08-25 20:25:04,0.5
bitcoin-up-or-down-august-27-8pm-et,UP,52663723472189837019282878320519686971007473994421038773533328330378617408514,1756153562,2025-08-25 20:26:02,0.5
bitcoin-up-or-down-august-27-8pm-et,UP,52663723472189837019282878320519686971007473994421038773533328330378617408514,1756153626,2025-08-25 20:27:06,0.5
bitcoin-up-or-down-august-27-8pm-et,UP,52663723472189837019282878320519686971007473994421038773533328330378617408514,1756153683,2025-08-25 20:28:03,0.5
bitcoin-up-or-down-august-27-8pm-et,UP,52663723472189837019282878320519686971007473994421038773533328330378617408514,1756153743,2025-08-25 20:29:03,0.5
bitcoin-up-or-down-august-27-8pm-et,UP,52663723472189837019282878320519686971007473994421038773533328330378617408514,1756153807,2025-08-25 20:30:07,0.5
bitcoin-up-or-down-august-27-8pm-et,UP,52663723472189837019282878320519686971007473994421038773533328330378617408514,1756153862,2025-08-25 20:31:02,0.5
bitcoin-up-or-down-august-27-8pm-et,UP,52663723472189837019282878320519686971007473994421038773533328330378617408514,1756153923,2025-08-25 20:32:03,0.5
bitcoin-up-or-down-august-27-8pm-et,UP,52663723472189837019282878320519686971007473994421038773533328330378617408514,1756153982,2025-08-25 20:33:02,0.5
bitcoin-up-or-down-august-27-8pm-et,UP,52663723472189837019282878320519686971007473994421038773533328330378617408514,1756154043,2025-08-25 20:34:03,0.5
bitcoin-up-or-down-august-27-8pm-et,UP,52663723472189837019282878320519686971007473994421038773533328330378617408514,1756154103,2025-08-25 20:35:03,0.5
bitcoin-up-or-down-august-27-8pm-et,UP,52663723472189837019282878320519686971007473994421038773533328330378617408514,1756154162,2025-08-25 20:36:02,0.5
bitcoin-up-or-down-august-27-8pm-et,UP,52663723472189837019282878320519686971007473994421038773533328330378617408514,1756154223,2025-08-25 20:37:03,0.5
bitcoin-up-or-down-august-27-8pm-et,UP,52663723472189837019282878320519686971007473994421038773533328330378617408514,1756154282,2025-08-25 20:38:02,0.5
bitcoin-up-or-down-august-27-8pm-et,UP,52663723472189837019282878320519686971007473994421038773533328330378617408514,1756154343,2025-08-25 20:39:03,0.5
bitcoin-up-or-down-august-27-8pm-et,UP,52663723472189837019282878320519686971007473994421038773533328330378617408514,1756154404,2025-08-25 20:40:04,0.5
bitcoin-up-or-down-august-27-8pm-et,UP,52663723472189837019282878320519686971007473994421038773533328330378617408514,1756154463,2025-08-25 20:41:03,0.5
bitcoin-up-or-down-august-27-8pm-et,UP,52663723472189837019282878320519686971007473994421038773533328330378617408514,1756154522,2025-08-25 20:42:02,0.5
bitcoin-up-or-down-august-27-8pm-et,UP,52663723472189837019282878320519686971007473994421038773533328330378617408514,1756154582,2025-08-25 20:43:02,0.5
bitcoin-up-or-down-august-27-8pm-et,UP,52663723472189837019282878320519686971007473994421038773533328330378617408514,1756154643,2025-08-25 20:44:03,0.5
bitcoin-up-or-down-august-27-8pm-et,UP,52663723472189837019282878320519686971007473994421038773533328330378617408514,1756154704,2025-08-25 20:45:04,0.5
bitcoin-up-or-down-august-27-8pm-et,UP,52663723472189837019282878320519686971007473994421038773533328330378617408514,1756154762,2025-08-25 20:46:02,0.5
bitcoin-up-or-down-august-27-8pm-et,UP,52663723472189837019282878320519686971007473994421038773533328330378617408514,1756154823,2025-08-25 20:47:03,0.5
bitcoin-up-or-down-august-27-8pm-et,UP,52663723472189837019282878320519686971007473994421038773533328330378617408514,1756154882,2025-08-25 20:48:02,0.5
bitcoin-up-or-down-august-27-8pm-et,UP,52663723472189837019282878320519686971007473994421038773533328330378617408514,1756154942,2025-08-25 20:49:02,0.5
bitcoin-up-or-down-august-27-8pm-et,UP,52663723472189837019282878320519686971007473994421038773533328330378617408514,1756155003,2025-08-25 20:50:03,0.5
bitcoin-up-or-down-august-27-8pm-et,UP,52663723472189837019282878320519686971007473994421038773533328330378617408514,1756155062,2025-08-25 20:51:02,0.5
bitcoin-up-or-down-august-27-8pm-et,UP,52663723472189837019282878320519686971007473994421038773533328330378617408514,1756155122,2025-08-25 20:52:02,0.5
bitcoin-up-or-down-august-27-8pm-et,UP,52663723472189837019282878320519686971007473994421038773533328330378617408514,1756155187,2025-08-25 20:53:07,0.5
bitcoin-up-or-down-august-27-8pm-et,UP,52663723472189837019282878320519686971007473994421038773533328330378617408514,1756155243,2025-08-25 20:54:03,0.5
bitcoin-up-or-down-august-27-8pm-et,UP,52663723472189837019282878320519686971007473994421038773533328330378617408514,1756155303,2025-08-25 20:55:03,0.5
bitcoin-up-or-down-august-27-8pm-et,UP,52663723472189837019282878320519686971007473994421038773533328330378617408514,1756155362,2025-08-25 20:56:02,0.5
bitcoin-up-or-down-august-27-8pm-et,UP,52663723472189837019282878320519686971007473994421038773533328330378617408514,1756155422,2025-08-25 20:57:02,0.5
bitcoin-up-or-down-august-27-8pm-et,UP,52663723472189837019282878320519686971007473994421038773533328330378617408514,1756155484,2025-08-25 20:58:04,0.5
bitcoin-up-or-down-august-27-8pm-et,UP,52663723472189837019282878320519686971007473994421038773533328330378617408514,1756155542,2025-08-25 20:59:02,0.5
bitcoin-up-or-down-august-27-8pm-et,UP,52663723472189837019282878320519686971007473994421038773533328330378617408514,1756155617,2025-08-25 21:00:17,0.5
bitcoin-up-or-down-august-27-8pm-et,UP,52663723472189837019282878320519686971007473994421038773533328330378617408514,1756155663,2025-08-25 21:01:03,0.5
bitcoin-up-or-down-august-27-8pm-et,UP,52663723472189837019282878320519686971007473994421038773533328330378617408514,1756155723,2025-08-25 21:02:03,0.5
bitcoin-up-or-down-august-27-8pm-et,UP,52663723472189837019282878320519686971007473994421038773533328330378617408514,1756155785,2025-08-25 21:03:05,0.5
bitcoin-up-or-down-august-27-8pm-et,UP,52663723472189837019282878320519686971007473994421038773533328330378617408514,1756155842,2025-08-25 21:04:02,0.5
bitcoin-up-or-down-august-27-8pm-et,UP,52663723472189837019282878320519686971007473994421038773533328330378617408514,1756155902,2025-08-25 21:05:02,0.5
bitcoin-up-or-down-august-27-8pm-et,UP,52663723472189837019282878320519686971007473994421038773533328330378617408514,1756155963,2025-08-25 21:06:03,0.5
bitcoin-up-or-down-august-27-8pm-et,UP,52663723472189837019282878320519686971007473994421038773533328330378617408514,1756156023,2025-08-25 21:07:03,0.5
bitcoin-up-or-down-august-27-8pm-et,UP,52663723472189837019282878320519686971007473994421038773533328330378617408514,1756156083,2025-08-25 21:08:03,0.5
bitcoin-up-or-down-august-27-8pm-et,UP,52663723472189837019282878320519686971007473994421038773533328330378617408514,1756156143,2025-08-25 21:09:03,0.5
bitcoin-up-or-down-august-27-8pm-et,UP,52663723472189837019282878320519686971007473994421038773533328330378617408514,1756156204,2025-08-25 21:10:04,0.5
bitcoin-up-or-down-august-27-8pm-et,UP,52663723472189837019282878320519686971007473994421038773533328330378617408514,1756156264,2025-08-25 21:11:04,0.5
bitcoin-up-or-down-august-27-8pm-et,UP,52663723472189837019282878320519686971007473994421038773533328330378617408514,1756156322,2025-08-25 21:12:02,0.5
bitcoin-up-or-down-august-27-8pm-et,UP,52663723472189837019282878320519686971007473994421038773533328330378617408514,1756156383,2025-08-25 21:13:03,0.5
bitcoin-up-or-down-august-27-8pm-et,UP,52663723472189837019282878320519686971007473994421038773533328330378617408514,1756156443,2025-08-25 21:14:03,0.5
bitcoin-up-or-down-august-27-8pm-et,UP,52663723472189837019282878320519686971007473994421038773533328330378617408514,1756156504,2025-08-25 21:15:04,0.5
bitcoin-up-or-down-august-27-8pm-et,UP,52663723472189837019282878320519686971007473994421038773533328330378617408514,1756156564,2025-08-25 21:16:04,0.5
bitcoin-up-or-down-august-27-8pm-et,UP,52663723472189837019282878320519686971007473994421038773533328330378617408514,1756156624,2025-08-25 21:17:04,0.5
bitcoin-up-or-down-august-27-8pm-et,UP,52663723472189837019282878320519686971007473994421038773533328330378617408514,1756156683,2025-08-25 21:18:03,0.5
bitcoin-up-or-down-august-27-8pm-et,UP,52663723472189837019282878320519686971007473994421038773533328330378617408514,1756156743,2025-08-25 21:19:03,0.5
bitcoin-up-or-down-august-27-8pm-et,UP,52663723472189837019282878320519686971007473994421038773533328330378617408514,1756156804,2025-08-25 21:20:04,0.5
bitcoin-up-or-down-august-27-8pm-et,UP,52663723472189837019282878320519686971007473994421038773533328330378617408514,1756156862,2025-08-25 21:21:02,0.5
bitcoin-up-or-down-august-27-8pm-et,UP,52663723472189837019282878320519686971007473994421038773533328330378617408514,1756156922,2025-08-25 21:22:02,0.5
bitcoin-up-or-down-august-27-8pm-et,UP,52663723472189837019282878320519686971007473994421038773533328330378617408514,1756156982,2025-08-25 21:23:02,0.5
bitcoin-up-or-down-august-27-8pm-et,UP,52663723472189837019282878320519686971007473994421038773533328330378617408514,1756157043,2025-08-25 21:24:03,0.5
bitcoin-up-or-down-august-27-8pm-et,UP,52663723472189837019282878320519686971007473994421038773533328330378617408514,1756157103,2025-08-25 21:25:03,0.5
bitcoin-up-or-down-august-27-8pm-et,UP,52663723472189837019282878320519686971007473994421038773533328330378617408514,1756157162,2025-08-25 21:26:02,0.5
bitcoin-up-or-down-august-27-8pm-et,UP,52663723472189837019282878320519686971007473994421038773533328330378617408514,1756157222,2025-08-25 21:27:02,0.5
bitcoin-up-or-down-august-27-8pm-et,UP,52663723472189837019282878320519686971007473994421038773533328330378617408514,1756157282,2025-08-25 21:28:02,0.5
bitcoin-up-or-down-august-27-8pm-et,UP,52663723472189837019282878320519686971007473994421038773533328330378617408514,1756157343,2025-08-25 21:29:03,0.5
bitcoin-up-or-down-august-27-8pm-et,UP,52663723472189837019282878320519686971007473994421038773533328330378617408514,1756157406,2025-08-25 21:30:06,0.5
bitcoin-up-or-down-august-27-8pm-et,UP,52663723472189837019282878320519686971007473994421038773533328330378617408514,1756157462,2025-08-25 21:31:02,0.5
bitcoin-up-or-down-august-27-8pm-et,UP,52663723472189837019282878320519686971007473994421038773533328330378617408514,1756157523,2025-08-25 21:32:03,0.5
bitcoin-up-or-down-august-27-8pm-et,UP,52663723472189837019282878320519686971007473994421038773533328330378617408514,1756157583,2025-08-25 21:33:03,0.5
bitcoin-up-or-down-august-27-8pm-et,UP,52663723472189837019282878320519686971007473994421038773533328330378617408514,1756157642,2025-08-25 21:34:02,0.5
bitcoin-up-or-down-august-27-8pm-et,UP,52663723472189837019282878320519686971007473994421038773533328330378617408514,1756157702,2025-08-25 21:35:02,0.5
bitcoin-up-or-down-august-27-8pm-et,UP,52663723472189837019282878320519686971007473994421038773533328330378617408514,1756157763,2025-08-25 21:36:03,0.5
bitcoin-up-or-down-august-27-8pm-et,UP,52663723472189837019282878320519686971007473994421038773533328330378617408514,1756157822,2025-08-25 21:37:02,0.5
bitcoin-up-or-down-august-27-8pm-et,UP,52663723472189837019282878320519686971007473994421038773533328330378617408514,1756157882,2025-08-25 21:38:02,0.5
bitcoin-up-or-down-august-27-8pm-et,UP,52663723472189837019282878320519686971007473994421038773533328330378617408514,1756157942,2025-08-25 21:39:02,0.5
bitcoin-up-or-down-august-27-8pm-et,UP,52663723472189837019282878320519686971007473994421038773533328330378617408514,1756158004,2025-08-25 21:40:04,0.5
bitcoin-up-or-down-august-27-8pm-et,UP,52663723472189837019282878320519686971007473994421038773533328330378617408514,1756158062,2025-08-25 21:41:02,0.5
bitcoin-up-or-down-august-27-8pm-et,UP,52663723472189837019282878320519686971007473994421038773533328330378617408514,1756158122,2025-08-25 21:42:02,0.5
bitcoin-up-or-down-august-27-8pm-et,UP,52663723472189837019282878320519686971007473994421038773533328330378617408514,1756158182,2025-08-25 21:43:02,0.5
bitcoin-up-or-down-august-27-8pm-et,UP,52663723472189837019282878320519686971007473994421038773533328330378617408514,1756158243,2025-08-25 21:44:03,0.5
bitcoin-up-or-down-august-27-8pm-et,UP,52663723472189837019282878320519686971007473994421038773533328330378617408514,1756158304,2025-08-25 21:45:04,0.5
bitcoin-up-or-down-august-27-8pm-et,UP,52663723472189837019282878320519686971007473994421038773533328330378617408514,1756158363,2025-08-25 21:46:03,0.5
bitcoin-up-or-down-august-27-8pm-et,UP,52663723472189837019282878320519686971007473994421038773533328330378617408514,1756158423,2025-08-25 21:47:03,0.5
bitcoin-up-or-down-august-27-8pm-et,UP,52663723472189837019282878320519686971007473994421038773533328330378617408514,1756158483,2025-08-25 21:48:03,0.5
bitcoin-up-or-down-august-27-8pm-et,UP,52663723472189837019282878320519686971007473994421038773533328330378617408514,1756158543,2025-08-25 21:49:03,0.5
bitcoin-up-or-down-august-27-8pm-et,UP,52663723472189837019282878320519686971007473994421038773533328330378617408514,1756158603,2025-08-25 21:50:03,0.5
bitcoin-up-or-down-august-27-8pm-et,UP,52663723472189837019282878320519686971007473994421038773533328330378617408514,1756158662,2025-08-25 21:51:02,0.5
bitcoin-up-or-down-august-27-8pm-et,UP,52663723472189837019282878320519686971007473994421038773533328330378617408514,1756158722,2025-08-25 21:52:02,0.5
bitcoin-up-or-down-august-27-8pm-et,UP,52663723472189837019282878320519686971007473994421038773533328330378617408514,1756158784,2025-08-25 21:53:04,0.5
bitcoin-up-or-down-august-27-8pm-et,UP,52663723472189837019282878320519686971007473994421038773533328330378617408514,1756158843,2025-08-25 21:54:03,0.5
bitcoin-up-or-down-august-27-8pm-et,UP,52663723472189837019282878320519686971007473994421038773533328330378617408514,1756158903,2025-08-25 21:55:03,0.5
bitcoin-up-or-down-august-27-8pm-et,UP,52663723472189837019282878320519686971007473994421038773533328330378617408514,1756158962,2025-08-25 21:56:02,0.5
bitcoin-up-or-down-august-27-8pm-et,UP,52663723472189837019282878320519686971007473994421038773533328330378617408514,1756159022,2025-08-25 21:57:02,0.5
bitcoin-up-or-down-august-27-8pm-et,UP,52663723472189837019282878320519686971007473994421038773533328330378617408514,1756159084,2025-08-25 21:58:04,0.5
bitcoin-up-or-down-august-27-8pm-et,UP,52663723472189837019282878320519686971007473994421038773533328330378617408514,1756159142,2025-08-25 21:59:02,0.5
bitcoin-up-or-down-august-27-8pm-et,UP,52663723472189837019282878320519686971007473994421038773533328330378617408514,1756159208,2025-08-25 22:00:08,0.5
bitcoin-up-or-down-august-27-8pm-et,UP,52663723472189837019282878320519686971007473994421038773533328330378617408514,1756159262,2025-08-25 22:01:02,0.5
bitcoin-up-or-down-august-27-8pm-et,UP,52663723472189837019282878320519686971007473994421038773533328330378617408514,1756159323,2025-08-25 22:02:03,0.5
bitcoin-up-or-down-august-27-8pm-et,UP,52663723472189837019282878320519686971007473994421038773533328330378617408514,1756159384,2025-08-25 22:03:04,0.5
bitcoin-up-or-down-august-27-8pm-et,UP,52663723472189837019282878320519686971007473994421038773533328330378617408514,1756159443,2025-08-25 22:04:03,0.5
bitcoin-up-or-down-august-27-8pm-et,UP,52663723472189837019282878320519686971007473994421038773533328330378617408514,1756159503,2025-08-25 22:05:03,0.5
bitcoin-up-or-down-august-27-8pm-et,UP,52663723472189837019282878320519686971007473994421038773533328330378617408514,1756159563,2025-08-25 22:06:03,0.5
bitcoin-up-or-down-august-27-8pm-et,UP,52663723472189837019282878320519686971007473994421038773533328330378617408514,1756159623,2025-08-25 22:07:03,0.5
bitcoin-up-or-down-august-27-8pm-et,UP,52663723472189837019282878320519686971007473994421038773533328330378617408514,1756159682,2025-08-25 22:08:02,0.5
bitcoin-up-or-down-august-27-8pm-et,UP,52663723472189837019282878320519686971007473994421038773533328330378617408514,1756159743,2025-08-25 22:09:03,0.5
bitcoin-up-or-down-august-27-8pm-et,UP,52663723472189837019282878320519686971007473994421038773533328330378617408514,1756159804,2025-08-25 22:10:04,0.5
bitcoin-up-or-down-august-27-8pm-et,UP,52663723472189837019282878320519686971007473994421038773533328330378617408514,1756159862,2025-08-25 22:11:02,0.5
bitcoin-up-or-down-august-27-8pm-et,UP,52663723472189837019282878320519686971007473994421038773533328330378617408514,1756159923,2025-08-25 22:12:03,0.5
bitcoin-up-or-down-august-27-8pm-et,UP,52663723472189837019282878320519686971007473994421038773533328330378617408514,1756159982,2025-08-25 22:13:02,0.5
bitcoin-up-or-down-august-27-8pm-et,UP,52663723472189837019282878320519686971007473994421038773533328330378617408514,1756160042,2025-08-25 22:14:02,0.5
bitcoin-up-or-down-august-27-8pm-et,UP,52663723472189837019282878320519686971007473994421038773533328330378617408514,1756160103,2025-08-25 22:15:03,0.5
bitcoin-up-or-down-august-27-8pm-et,UP,52663723472189837019282878320519686971007473994421038773533328330378617408514,1756160163,2025-08-25 22:16:03,0.5
bitcoin-up-or-down-august-27-8pm-et,UP,52663723472189837019282878320519686971007473994421038773533328330378617408514,1756160223,2025-08-25 22:17:03,0.5
bitcoin-up-or-down-august-27-8pm-et,UP,52663723472189837019282878320519686971007473994421038773533328330378617408514,1756160283,2025-08-25 22:18:03,0.5
bitcoin-up-or-down-august-27-8pm-et,UP,52663723472189837019282878320519686971007473994421038773533328330378617408514,1756160343,2025-08-25 22:19:03,0.5
bitcoin-up-or-down-august-27-8pm-et,UP,52663723472189837019282878320519686971007473994421038773533328330378617408514,1756160404,2025-08-25 22:20:04,0.5
bitcoin-up-or-down-august-27-8pm-et,UP,52663723472189837019282878320519686971007473994421038773533328330378617408514,1756160462,2025-08-25 22:21:02,0.5
bitcoin-up-or-down-august-27-8pm-et,UP,52663723472189837019282878320519686971007473994421038773533328330378617408514,1756160522,2025-08-25 22:22:02,0.5
bitcoin-up-or-down-august-27-8pm-et,UP,52663723472189837019282878320519686971007473994421038773533328330378617408514,1756160583,2025-08-25 22:23:03,0.5
bitcoin-up-or-down-august-27-8pm-et,UP,52663723472189837019282878320519686971007473994421038773533328330378617408514,1756160642,2025-08-25 22:24:02,0.5
bitcoin-up-or-down-august-27-8pm-et,UP,52663723472189837019282878320519686971007473994421038773533328330378617408514,1756160703,2025-08-25 22:25:03,0.5
bitcoin-up-or-down-august-27-8pm-et,UP,52663723472189837019282878320519686971007473994421038773533328330378617408514,1756160766,2025-08-25 22:26:06,0.5
bitcoin-up-or-down-august-27-8pm-et,UP,52663723472189837019282878320519686971007473994421038773533328330378617408514,1756160822,2025-08-25 22:27:02,0.5
bitcoin-up-or-down-august-27-8pm-et,UP,52663723472189837019282878320519686971007473994421038773533328330378617408514,1756160883,2025-08-25 22:28:03,0.5
bitcoin-up-or-down-august-27-8pm-et,UP,52663723472189837019282878320519686971007473994421038773533328330378617408514,1756160943,2025-08-25 22:29:03,0.5
bitcoin-up-or-down-august-27-8pm-et,UP,52663723472189837019282878320519686971007473994421038773533328330378617408514,1756161004,2025-08-25 22:30:04,0.5
bitcoin-up-or-down-august-27-8pm-et,UP,52663723472189837019282878320519686971007473994421038773533328330378617408514,1756161062,2025-08-25 22:31:02,0.5
bitcoin-up-or-down-august-27-8pm-et,UP,52663723472189837019282878320519686971007473994421038773533328330378617408514,1756161122,2025-08-25 22:32:02,0.5
bitcoin-up-or-down-august-27-8pm-et,UP,52663723472189837019282878320519686971007473994421038773533328330378617408514,1756161182,2025-08-25 22:33:02,0.5
bitcoin-up-or-down-august-27-8pm-et,UP,52663723472189837019282878320519686971007473994421038773533328330378617408514,1756161243,2025-08-25 22:34:03,0.5
bitcoin-up-or-down-august-27-8pm-et,UP,52663723472189837019282878320519686971007473994421038773533328330378617408514,1756161302,2025-08-25 22:35:02,0.5
bitcoin-up-or-down-august-27-8pm-et,UP,52663723472189837019282878320519686971007473994421038773533328330378617408514,1756161362,2025-08-25 22:36:02,0.5
bitcoin-up-or-down-august-27-8pm-et,UP,52663723472189837019282878320519686971007473994421038773533328330378617408514,1756161422,2025-08-25 22:37:02,0.5
bitcoin-up-or-down-august-27-8pm-et,UP,52663723472189837019282878320519686971007473994421038773533328330378617408514,1756161482,2025-08-25 22:38:02,0.5
bitcoin-up-or-down-august-27-8pm-et,UP,52663723472189837019282878320519686971007473994421038773533328330378617408514,1756161542,2025-08-25 22:39:02,0.5
bitcoin-up-or-down-august-27-8pm-et,UP,52663723472189837019282878320519686971007473994421038773533328330378617408514,1756161602,2025-08-25 22:40:02,0.5
bitcoin-up-or-down-august-27-8pm-et,UP,52663723472189837019282878320519686971007473994421038773533328330378617408514,1756161663,2025-08-25 22:41:03,0.5
bitcoin-up-or-down-august-27-8pm-et,UP,52663723472189837019282878320519686971007473994421038773533328330378617408514,1756161722,2025-08-25 22:42:02,0.5
bitcoin-up-or-down-august-27-8pm-et,UP,52663723472189837019282878320519686971007473994421038773533328330378617408514,1756161783,2025-08-25 22:43:03,0.5
bitcoin-up-or-down-august-27-8pm-et,UP,52663723472189837019282878320519686971007473994421038773533328330378617408514,1756161843,2025-08-25 22:44:03,0.5
bitcoin-up-or-down-august-27-8pm-et,UP,52663723472189837019282878320519686971007473994421038773533328330378617408514,1756161903,2025-08-25 22:45:03,0.5
bitcoin-up-or-down-august-27-8pm-et,UP,52663723472189837019282878320519686971007473994421038773533328330378617408514,1756161963,2025-08-25 22:46:03,0.5
bitcoin-up-or-down-august-27-8pm-et,UP,52663723472189837019282878320519686971007473994421038773533328330378617408514,1756162024,2025-08-25 22:47:04,0.5
bitcoin-up-or-down-august-27-8pm-et,UP,52663723472189837019282878320519686971007473994421038773533328330378617408514,1756162083,2025-08-25 22:48:03,0.5
bitcoin-up-or-down-august-27-8pm-et,UP,52663723472189837019282878320519686971007473994421038773533328330378617408514,1756162142,2025-08-25 22:49:02,0.5
bitcoin-up-or-down-august-27-8pm-et,UP,52663723472189837019282878320519686971007473994421038773533328330378617408514,1756162202,2025-08-25 22:50:02,0.5
bitcoin-up-or-down-august-27-8pm-et,UP,52663723472189837019282878320519686971007473994421038773533328330378617408514,1756162262,2025-08-25 22:51:02,0.5
bitcoin-up-or-down-august-27-8pm-et,UP,52663723472189837019282878320519686971007473994421038773533328330378617408514,1756162332,2025-08-25 22:52:12,0.5
bitcoin-up-or-down-august-27-8pm-et,UP,52663723472189837019282878320519686971007473994421038773533328330378617408514,1756162383,2025-08-25 22:53:03,0.5
bitcoin-up-or-down-august-27-8pm-et,UP,52663723472189837019282878320519686971007473994421038773533328330378617408514,1756162443,2025-08-25 22:54:03,0.5
bitcoin-up-or-down-august-27-8pm-et,UP,52663723472189837019282878320519686971007473994421038773533328330378617408514,1756162504,2025-08-25 22:55:04,0.5
bitcoin-up-or-down-august-27-8pm-et,UP,52663723472189837019282878320519686971007473994421038773533328330378617408514,1756162562,2025-08-25 22:56:02,0.5
bitcoin-up-or-down-august-27-8pm-et,UP,52663723472189837019282878320519686971007473994421038773533328330378617408514,1756162623,2025-08-25 22:57:03,0.5
bitcoin-up-or-down-august-27-8pm-et,UP,52663723472189837019282878320519686971007473994421038773533328330378617408514,1756162683,2025-08-25 22:58:03,0.5
bitcoin-up-or-down-august-27-8pm-et,UP,52663723472189837019282878320519686971007473994421038773533328330378617408514,1756162743,2025-08-25 22:59:03,0.5
bitcoin-up-or-down-august-27-8pm-et,UP,52663723472189837019282878320519686971007473994421038773533328330378617408514,1756162810,2025-08-25 23:00:10,0.5
bitcoin-up-or-down-august-27-8pm-et,UP,52663723472189837019282878320519686971007473994421038773533328330378617408514,1756162863,2025-08-25 23:01:03,0.5
bitcoin-up-or-down-august-27-8pm-et,UP,52663723472189837019282878320519686971007473994421038773533328330378617408514,1756162922,2025-08-25 23:02:02,0.5
bitcoin-up-or-down-august-27-8pm-et,UP,52663723472189837019282878320519686971007473994421038773533328330378617408514,1756162982,2025-08-25 23:03:02,0.5
bitcoin-up-or-down-august-27-8pm-et,UP,52663723472189837019282878320519686971007473994421038773533328330378617408514,1756163042,2025-08-25 23:04:02,0.5
bitcoin-up-or-down-august-27-8pm-et,UP,52663723472189837019282878320519686971007473994421038773533328330378617408514,1756163104,2025-08-25 23:05:04,0.5
bitcoin-up-or-down-august-27-8pm-et,UP,52663723472189837019282878320519686971007473994421038773533328330378617408514,1756163163,2025-08-25 23:06:03,0.5
bitcoin-up-or-down-august-27-8pm-et,UP,52663723472189837019282878320519686971007473994421038773533328330378617408514,1756163222,2025-08-25 23:07:02,0.5
bitcoin-up-or-down-august-27-8pm-et,UP,52663723472189837019282878320519686971007473994421038773533328330378617408514,1756163282,2025-08-25 23:08:02,0.5
bitcoin-up-or-down-august-27-8pm-et,UP,52663723472189837019282878320519686971007473994421038773533328330378617408514,1756163342,2025-08-25 23:09:02,0.5
bitcoin-up-or-down-august-27-8pm-et,UP,52663723472189837019282878320519686971007473994421038773533328330378617408514,1756163403,2025-08-25 23:10:03,0.5
bitcoin-up-or-down-august-27-8pm-et,UP,52663723472189837019282878320519686971007473994421038773533328330378617408514,1756163463,2025-08-25 23:11:03,0.5
bitcoin-up-or-down-august-27-8pm-et,UP,52663723472189837019282878320519686971007473994421038773533328330378617408514,1756163523,2025-08-25 23:12:03,0.5
bitcoin-up-or-down-august-27-8pm-et,UP,52663723472189837019282878320519686971007473994421038773533328330378617408514,1756163582,2025-08-25 23:13:02,0.5
bitcoin-up-or-down-august-27-8pm-et,UP,52663723472189837019282878320519686971007473994421038773533328330378617408514,1756163643,2025-08-25 23:14:03,0.5
bitcoin-up-or-down-august-27-8pm-et,UP,52663723472189837019282878320519686971007473994421038773533328330378617408514,1756163702,2025-08-25 23:15:02,0.5
bitcoin-up-or-down-august-27-8pm-et,UP,52663723472189837019282878320519686971007473994421038773533328330378617408514,1756163763,2025-08-25 23:16:03,0.5
bitcoin-up-or-down-august-27-8pm-et,UP,52663723472189837019282878320519686971007473994421038773533328330378617408514,1756163823,2025-08-25 23:17:03,0.5
bitcoin-up-or-down-august-27-8pm-et,UP,52663723472189837019282878320519686971007473994421038773533328330378617408514,1756163882,2025-08-25 23:18:02,0.5
bitcoin-up-or-down-august-27-8pm-et,UP,52663723472189837019282878320519686971007473994421038773533328330378617408514,1756163942,2025-08-25 23:19:02,0.5
bitcoin-up-or-down-august-27-8pm-et,UP,52663723472189837019282878320519686971007473994421038773533328330378617408514,1756164005,2025-08-25 23:20:05,0.5
bitcoin-up-or-down-august-27-8pm-et,UP,52663723472189837019282878320519686971007473994421038773533328330378617408514,1756164063,2025-08-25 23:21:03,0.5
bitcoin-up-or-down-august-27-8pm-et,UP,52663723472189837019282878320519686971007473994421038773533328330378617408514,1756164122,2025-08-25 23:22:02,0.5
bitcoin-up-or-down-august-27-8pm-et,UP,52663723472189837019282878320519686971007473994421038773533328330378617408514,1756164183,2025-08-25 23:23:03,0.5
bitcoin-up-or-down-august-27-8pm-et,UP,52663723472189837019282878320519686971007473994421038773533328330378617408514,1756164242,2025-08-25 23:24:02,0.5
bitcoin-up-or-down-august-27-8pm-et,UP,52663723472189837019282878320519686971007473994421038773533328330378617408514,1756164303,2025-08-25 23:25:03,0.5
bitcoin-up-or-down-august-27-8pm-et,UP,52663723472189837019282878320519686971007473994421038773533328330378617408514,1756164365,2025-08-25 23:26:05,0.5
bitcoin-up-or-down-august-27-8pm-et,UP,52663723472189837019282878320519686971007473994421038773533328330378617408514,1756164422,2025-08-25 23:27:02,0.5
bitcoin-up-or-down-august-27-8pm-et,UP,52663723472189837019282878320519686971007473994421038773533328330378617408514,1756164482,2025-08-25 23:28:02,0.5
bitcoin-up-or-down-august-27-8pm-et,UP,52663723472189837019282878320519686971007473994421038773533328330378617408514,1756164543,2025-08-25 23:29:03,0.5
bitcoin-up-or-down-august-27-8pm-et,UP,52663723472189837019282878320519686971007473994421038773533328330378617408514,1756164602,2025-08-25 23:30:02,0.5
bitcoin-up-or-down-august-27-8pm-et,UP,52663723472189837019282878320519686971007473994421038773533328330378617408514,1756164663,2025-08-25 23:31:03,0.5
bitcoin-up-or-down-august-27-8pm-et,UP,52663723472189837019282878320519686971007473994421038773533328330378617408514,1756164722,2025-08-25 23:32:02,0.5
bitcoin-up-or-down-august-27-8pm-et,UP,52663723472189837019282878320519686971007473994421038773533328330378617408514,1756164783,2025-08-25 23:33:03,0.5
bitcoin-up-or-down-august-27-8pm-et,UP,52663723472189837019282878320519686971007473994421038773533328330378617408514,1756164842,2025-08-25 23:34:02,0.5
bitcoin-up-or-down-august-27-8pm-et,UP,52663723472189837019282878320519686971007473994421038773533328330378617408514,1756164903,2025-08-25 23:35:03,0.5
bitcoin-up-or-down-august-27-8pm-et,UP,52663723472189837019282878320519686971007473994421038773533328330378617408514,1756164964,2025-08-25 23:36:04,0.5
bitcoin-up-or-down-august-27-8pm-et,UP,52663723472189837019282878320519686971007473994421038773533328330378617408514,1756165023,2025-08-25 23:37:03,0.5
bitcoin-up-or-down-august-27-8pm-et,UP,52663723472189837019282878320519686971007473994421038773533328330378617408514,1756165082,2025-08-25 23:38:02,0.5
bitcoin-up-or-down-august-27-8pm-et,UP,52663723472189837019282878320519686971007473994421038773533328330378617408514,1756165143,2025-08-25 23:39:03,0.5
bitcoin-up-or-down-august-27-8pm-et,UP,52663723472189837019282878320519686971007473994421038773533328330378617408514,1756165204,2025-08-25 23:40:04,0.5
bitcoin-up-or-down-august-27-8pm-et,UP,52663723472189837019282878320519686971007473994421038773533328330378617408514,1756165263,2025-08-25 23:41:03,0.5
bitcoin-up-or-down-august-27-8pm-et,UP,52663723472189837019282878320519686971007473994421038773533328330378617408514,1756165322,2025-08-25 23:42:02,0.5
bitcoin-up-or-down-august-27-8pm-et,UP,52663723472189837019282878320519686971007473994421038773533328330378617408514,1756165383,2025-08-25 23:43:03,0.5
bitcoin-up-or-down-august-27-8pm-et,UP,52663723472189837019282878320519686971007473994421038773533328330378617408514,1756165443,2025-08-25 23:44:03,0.5
bitcoin-up-or-down-august-27-8pm-et,UP,52663723472189837019282878320519686971007473994421038773533328330378617408514,1756165503,2025-08-25 23:45:03,0.5
bitcoin-up-or-down-august-27-8pm-et,UP,52663723472189837019282878320519686971007473994421038773533328330378617408514,1756165563,2025-08-25 23:46:03,0.5
bitcoin-up-or-down-august-27-8pm-et,UP,52663723472189837019282878320519686971007473994421038773533328330378617408514,1756165623,2025-08-25 23:47:03,0.5
bitcoin-up-or-down-august-27-8pm-et,UP,52663723472189837019282878320519686971007473994421038773533328330378617408514,1756165683,2025-08-25 23:48:03,0.5
bitcoin-up-or-down-august-27-8pm-et,UP,52663723472189837019282878320519686971007473994421038773533328330378617408514,1756165743,2025-08-25 23:49:03,0.5
bitcoin-up-or-down-august-27-8pm-et,UP,52663723472189837019282878320519686971007473994421038773533328330378617408514,1756165804,2025-08-25 23:50:04,0.5
bitcoin-up-or-down-august-27-8pm-et,UP,52663723472189837019282878320519686971007473994421038773533328330378617408514,1756165863,2025-08-25 23:51:03,0.5
bitcoin-up-or-down-august-27-8pm-et,UP,52663723472189837019282878320519686971007473994421038773533328330378617408514,1756165926,2025-08-25 23:52:06,0.5
bitcoin-up-or-down-august-27-8pm-et,UP,52663723472189837019282878320519686971007473994421038773533328330378617408514,1756165983,2025-08-25 23:53:03,0.5
bitcoin-up-or-down-august-27-8pm-et,UP,52663723472189837019282878320519686971007473994421038773533328330378617408514,1756166043,2025-08-25 23:54:03,0.5
bitcoin-up-or-down-august-27-8pm-et,UP,52663723472189837019282878320519686971007473994421038773533328330378617408514,1756166104,2025-08-25 23:55:04,0.5
bitcoin-up-or-down-august-27-8pm-et,UP,52663723472189837019282878320519686971007473994421038773533328330378617408514,1756166164,2025-08-25 23:56:04,0.5
bitcoin-up-or-down-august-27-8pm-et,UP,52663723472189837019282878320519686971007473994421038773533328330378617408514,1756166223,2025-08-25 23:57:03,0.5
bitcoin-up-or-down-august-27-8pm-et,UP,52663723472189837019282878320519686971007473994421038773533328330378617408514,1756166283,2025-08-25 23:58:03,0.5
bitcoin-up-or-down-august-27-8pm-et,UP,52663723472189837019282878320519686971007473994421038773533328330378617408514,1756166343,2025-08-25 23:59:03,0.5
bitcoin-up-or-down-august-27-8pm-et,UP,52663723472189837019282878320519686971007473994421038773533328330378617408514,1756166406,2025-08-26 00:00:06,0.5
bitcoin-up-or-down-august-27-8pm-et,UP,52663723472189837019282878320519686971007473994421038773533328330378617408514,1756166462,2025-08-26 00:01:02,0.5
bitcoin-up-or-down-august-27-8pm-et,UP,52663723472189837019282878320519686971007473994421038773533328330378617408514,1756166523,2025-08-26 00:02:03,0.5
bitcoin-up-or-down-august-27-8pm-et,UP,52663723472189837019282878320519686971007473994421038773533328330378617408514,1756166583,2025-08-26 00:03:03,0.5
bitcoin-up-or-down-august-27-8pm-et,UP,52663723472189837019282878320519686971007473994421038773533328330378617408514,1756166642,2025-08-26 00:04:02,0.5
bitcoin-up-or-down-august-27-8pm-et,UP,52663723472189837019282878320519686971007473994421038773533328330378617408514,1756166703,2025-08-26 00:05:03,0.5
bitcoin-up-or-down-august-27-8pm-et,UP,52663723472189837019282878320519686971007473994421038773533328330378617408514,1756166762,2025-08-26 00:06:02,0.5
bitcoin-up-or-down-august-27-8pm-et,UP,52663723472189837019282878320519686971007473994421038773533328330378617408514,1756166823,2025-08-26 00:07:03,0.5
bitcoin-up-or-down-august-27-8pm-et,UP,52663723472189837019282878320519686971007473994421038773533328330378617408514,1756166883,2025-08-26 00:08:03,0.5
bitcoin-up-or-down-august-27-8pm-et,UP,52663723472189837019282878320519686971007473994421038773533328330378617408514,1756166943,2025-08-26 00:09:03,0.5
bitcoin-up-or-down-august-27-8pm-et,UP,52663723472189837019282878320519686971007473994421038773533328330378617408514,1756167002,2025-08-26 00:10:02,0.5
bitcoin-up-or-down-august-27-8pm-et,UP,52663723472189837019282878320519686971007473994421038773533328330378617408514,1756167063,2025-08-26 00:11:03,0.5
bitcoin-up-or-down-august-27-8pm-et,UP,52663723472189837019282878320519686971007473994421038773533328330378617408514,1756167123,2025-08-26 00:12:03,0.5
bitcoin-up-or-down-august-27-8pm-et,UP,52663723472189837019282878320519686971007473994421038773533328330378617408514,1756167183,2025-08-26 00:13:03,0.5
bitcoin-up-or-down-august-27-8pm-et,UP,52663723472189837019282878320519686971007473994421038773533328330378617408514,1756167242,2025-08-26 00:14:02,0.5
bitcoin-up-or-down-august-27-8pm-et,UP,52663723472189837019282878320519686971007473994421038773533328330378617408514,1756167303,2025-08-26 00:15:03,0.5
bitcoin-up-or-down-august-27-8pm-et,UP,52663723472189837019282878320519686971007473994421038773533328330378617408514,1756167362,2025-08-26 00:16:02,0.5
bitcoin-up-or-down-august-27-8pm-et,UP,52663723472189837019282878320519686971007473994421038773533328330378617408514,1756167422,2025-08-26 00:17:02,0.5
bitcoin-up-or-down-august-27-8pm-et,UP,52663723472189837019282878320519686971007473994421038773533328330378617408514,1756167482,2025-08-26 00:18:02,0.5
bitcoin-up-or-down-august-27-8pm-et,UP,52663723472189837019282878320519686971007473994421038773533328330378617408514,1756167542,2025-08-26 00:19:02,0.5
bitcoin-up-or-down-august-27-8pm-et,UP,52663723472189837019282878320519686971007473994421038773533328330378617408514,1756167603,2025-08-26 00:20:03,0.5
bitcoin-up-or-down-august-27-8pm-et,UP,52663723472189837019282878320519686971007473994421038773533328330378617408514,1756167662,2025-08-26 00:21:02,0.5
bitcoin-up-or-down-august-27-8pm-et,UP,52663723472189837019282878320519686971007473994421038773533328330378617408514,1756167723,2025-08-26 00:22:03,0.5
bitcoin-up-or-down-august-27-8pm-et,UP,52663723472189837019282878320519686971007473994421038773533328330378617408514,1756167783,2025-08-26 00:23:03,0.5
bitcoin-up-or-down-august-27-8pm-et,UP,52663723472189837019282878320519686971007473994421038773533328330378617408514,1756167842,2025-08-26 00:24:02,0.5
bitcoin-up-or-down-august-27-8pm-et,UP,52663723472189837019282878320519686971007473994421038773533328330378617408514,1756167903,2025-08-26 00:25:03,0.5
bitcoin-up-or-down-august-27-8pm-et,UP,52663723472189837019282878320519686971007473994421038773533328330378617408514,1756167966,2025-08-26 00:26:06,0.5
bitcoin-up-or-down-august-27-8pm-et,UP,52663723472189837019282878320519686971007473994421038773533328330378617408514,1756168022,2025-08-26 00:27:02,0.5
bitcoin-up-or-down-august-27-8pm-et,UP,52663723472189837019282878320519686971007473994421038773533328330378617408514,1756168082,2025-08-26 00:28:02,0.5
bitcoin-up-or-down-august-27-8pm-et,UP,52663723472189837019282878320519686971007473994421038773533328330378617408514,1756168142,2025-08-26 00:29:02,0.5
bitcoin-up-or-down-august-27-8pm-et,UP,52663723472189837019282878320519686971007473994421038773533328330378617408514,1756168203,2025-08-26 00:30:03,0.5
bitcoin-up-or-down-august-27-8pm-et,UP,52663723472189837019282878320519686971007473994421038773533328330378617408514,1756168263,2025-08-26 00:31:03,0.5
bitcoin-up-or-down-august-27-8pm-et,UP,52663723472189837019282878320519686971007473994421038773533328330378617408514,1756168323,2025-08-26 00:32:03,0.5
bitcoin-up-or-down-august-27-8pm-et,UP,52663723472189837019282878320519686971007473994421038773533328330378617408514,1756168382,2025-08-26 00:33:02,0.5
bitcoin-up-or-down-august-27-8pm-et,UP,52663723472189837019282878320519686971007473994421038773533328330378617408514,1756168442,2025-08-26 00:34:02,0.5
bitcoin-up-or-down-august-27-8pm-et,UP,52663723472189837019282878320519686971007473994421038773533328330378617408514,1756168502,2025-08-26 00:35:02,0.5
bitcoin-up-or-down-august-27-8pm-et,UP,52663723472189837019282878320519686971007473994421038773533328330378617408514,1756168563,2025-08-26 00:36:03,0.5
bitcoin-up-or-down-august-27-8pm-et,UP,52663723472189837019282878320519686971007473994421038773533328330378617408514,1756168622,2025-08-26 00:37:02,0.5
bitcoin-up-or-down-august-27-8pm-et,UP,52663723472189837019282878320519686971007473994421038773533328330378617408514,1756168682,2025-08-26 00:38:02,0.5
bitcoin-up-or-down-august-27-8pm-et,UP,52663723472189837019282878320519686971007473994421038773533328330378617408514,1756168742,2025-08-26 00:39:02,0.5
bitcoin-up-or-down-august-27-8pm-et,UP,52663723472189837019282878320519686971007473994421038773533328330378617408514,1756168802,2025-08-26 00:40:02,0.5
bitcoin-up-or-down-august-27-8pm-et,UP,52663723472189837019282878320519686971007473994421038773533328330378617408514,1756168862,2025-08-26 00:41:02,0.5
bitcoin-up-or-down-august-27-8pm-et,UP,52663723472189837019282878320519686971007473994421038773533328330378617408514,1756168922,2025-08-26 00:42:02,0.5
bitcoin-up-or-down-august-27-8pm-et,UP,52663723472189837019282878320519686971007473994421038773533328330378617408514,1756168983,2025-08-26 00:43:03,0.5
bitcoin-up-or-down-august-27-8pm-et,UP,52663723472189837019282878320519686971007473994421038773533328330378617408514,1756169043,2025-08-26 00:44:03,0.5
bitcoin-up-or-down-august-27-8pm-et,UP,52663723472189837019282878320519686971007473994421038773533328330378617408514,1756169104,2025-08-26 00:45:04,0.5
bitcoin-up-or-down-august-27-8pm-et,UP,52663723472189837019282878320519686971007473994421038773533328330378617408514,1756169162,2025-08-26 00:46:02,0.5
bitcoin-up-or-down-august-27-8pm-et,UP,52663723472189837019282878320519686971007473994421038773533328330378617408514,1756169223,2025-08-26 00:47:03,0.5
bitcoin-up-or-down-august-27-8pm-et,UP,52663723472189837019282878320519686971007473994421038773533328330378617408514,1756169283,2025-08-26 00:48:03,0.5
bitcoin-up-or-down-august-27-8pm-et,UP,52663723472189837019282878320519686971007473994421038773533328330378617408514,1756169344,2025-08-26 00:49:04,0.5
bitcoin-up-or-down-august-27-8pm-et,UP,52663723472189837019282878320519686971007473994421038773533328330378617408514,1756169403,2025-08-26 00:50:03,0.5
bitcoin-up-or-down-august-27-8pm-et,UP,52663723472189837019282878320519686971007473994421038773533328330378617408514,1756169463,2025-08-26 00:51:03,0.5
bitcoin-up-or-down-august-27-8pm-et,UP,52663723472189837019282878320519686971007473994421038773533328330378617408514,1756169523,2025-08-26 00:52:03,0.5
bitcoin-up-or-down-august-27-8pm-et,UP,52663723472189837019282878320519686971007473994421038773533328330378617408514,1756169583,2025-08-26 00:53:03,0.5
bitcoin-up-or-down-august-27-8pm-et,UP,52663723472189837019282878320519686971007473994421038773533328330378617408514,1756169642,2025-08-26 00:54:02,0.5
bitcoin-up-or-down-august-27-8pm-et,UP,52663723472189837019282878320519686971007473994421038773533328330378617408514,1756169702,2025-08-26 00:55:02,0.5
bitcoin-up-or-down-august-27-8pm-et,UP,52663723472189837019282878320519686971007473994421038773533328330378617408514,1756169762,2025-08-26 00:56:02,0.5
bitcoin-up-or-down-august-27-8pm-et,UP,52663723472189837019282878320519686971007473994421038773533328330378617408514,1756169823,2025-08-26 00:57:03,0.5
bitcoin-up-or-down-august-27-8pm-et,UP,52663723472189837019282878320519686971007473994421038773533328330378617408514,1756169883,2025-08-26 00:58:03,0.5
bitcoin-up-or-down-august-27-8pm-et,UP,52663723472189837019282878320519686971007473994421038773533328330378617408514,1756169943,2025-08-26 00:59:03,0.5
bitcoin-up-or-down-august-27-8pm-et,UP,52663723472189837019282878320519686971007473994421038773533328330378617408514,1756170004,2025-08-26 01:00:04,0.5
bitcoin-up-or-down-august-27-8pm-et,UP,52663723472189837019282878320519686971007473994421038773533328330378617408514,1756170063,2025-08-26 01:01:03,0.5
bitcoin-up-or-down-august-27-8pm-et,UP,52663723472189837019282878320519686971007473994421038773533328330378617408514,1756170123,2025-08-26 01:02:03,0.5
bitcoin-up-or-down-august-27-8pm-et,UP,52663723472189837019282878320519686971007473994421038773533328330378617408514,1756170183,2025-08-26 01:03:03,0.5
bitcoin-up-or-down-august-27-8pm-et,UP,52663723472189837019282878320519686971007473994421038773533328330378617408514,1756170242,2025-08-26 01:04:02,0.5
bitcoin-up-or-down-august-27-8pm-et,UP,52663723472189837019282878320519686971007473994421038773533328330378617408514,1756170303,2025-08-26 01:05:03,0.5
bitcoin-up-or-down-august-27-8pm-et,UP,52663723472189837019282878320519686971007473994421038773533328330378617408514,1756170363,2025-08-26 01:06:03,0.5
bitcoin-up-or-down-august-27-8pm-et,UP,52663723472189837019282878320519686971007473994421038773533328330378617408514,1756170423,2025-08-26 01:07:03,0.5
bitcoin-up-or-down-august-27-8pm-et,UP,52663723472189837019282878320519686971007473994421038773533328330378617408514,1756170482,2025-08-26 01:08:02,0.5
bitcoin-up-or-down-august-27-8pm-et,UP,52663723472189837019282878320519686971007473994421038773533328330378617408514,1756170542,2025-08-26 01:09:02,0.5
bitcoin-up-or-down-august-27-8pm-et,UP,52663723472189837019282878320519686971007473994421038773533328330378617408514,1756170604,2025-08-26 01:10:04,0.5
bitcoin-up-or-down-august-27-8pm-et,UP,52663723472189837019282878320519686971007473994421038773533328330378617408514,1756170663,2025-08-26 01:11:03,0.5
bitcoin-up-or-down-august-27-8pm-et,UP,52663723472189837019282878320519686971007473994421038773533328330378617408514,1756170723,2025-08-26 01:12:03,0.5
bitcoin-up-or-down-august-27-8pm-et,UP,52663723472189837019282878320519686971007473994421038773533328330378617408514,1756170783,2025-08-26 01:13:03,0.5
bitcoin-up-or-down-august-27-8pm-et,UP,52663723472189837019282878320519686971007473994421038773533328330378617408514,1756170842,2025-08-26 01:14:02,0.5
bitcoin-up-or-down-august-27-8pm-et,UP,52663723472189837019282878320519686971007473994421038773533328330378617408514,1756170903,2025-08-26 01:15:03,0.5
bitcoin-up-or-down-august-27-8pm-et,UP,52663723472189837019282878320519686971007473994421038773533328330378617408514,1756170963,2025-08-26 01:16:03,0.5
bitcoin-up-or-down-august-27-8pm-et,UP,52663723472189837019282878320519686971007473994421038773533328330378617408514,1756171023,2025-08-26 01:17:03,0.5
bitcoin-up-or-down-august-27-8pm-et,UP,52663723472189837019282878320519686971007473994421038773533328330378617408514,1756171082,2025-08-26 01:18:02,0.5
bitcoin-up-or-down-august-27-8pm-et,UP,52663723472189837019282878320519686971007473994421038773533328330378617408514,1756171142,2025-08-26 01:19:02,0.5
bitcoin-up-or-down-august-27-8pm-et,UP,52663723472189837019282878320519686971007473994421038773533328330378617408514,1756171202,2025-08-26 01:20:02,0.5
bitcoin-up-or-down-august-27-8pm-et,UP,52663723472189837019282878320519686971007473994421038773533328330378617408514,1756171263,2025-08-26 01:21:03,0.5
bitcoin-up-or-down-august-27-8pm-et,UP,52663723472189837019282878320519686971007473994421038773533328330378617408514,1756171322,2025-08-26 01:22:02,0.5
bitcoin-up-or-down-august-27-8pm-et,UP,52663723472189837019282878320519686971007473994421038773533328330378617408514,1756171382,2025-08-26 01:23:02,0.5
bitcoin-up-or-down-august-27-8pm-et,UP,52663723472189837019282878320519686971007473994421038773533328330378617408514,1756171443,2025-08-26 01:24:03,0.5
bitcoin-up-or-down-august-27-8pm-et,UP,52663723472189837019282878320519686971007473994421038773533328330378617408514,1756171503,2025-08-26 01:25:03,0.5
bitcoin-up-or-down-august-27-8pm-et,UP,52663723472189837019282878320519686971007473994421038773533328330378617408514,1756171563,2025-08-26 01:26:03,0.5
bitcoin-up-or-down-august-27-8pm-et,UP,52663723472189837019282878320519686971007473994421038773533328330378617408514,1756171627,2025-08-26 01:27:07,0.5
bitcoin-up-or-down-august-27-8pm-et,UP,52663723472189837019282878320519686971007473994421038773533328330378617408514,1756171682,2025-08-26 01:28:02,0.5
bitcoin-up-or-down-august-27-8pm-et,UP,52663723472189837019282878320519686971007473994421038773533328330378617408514,1756171742,2025-08-26 01:29:02,0.5
bitcoin-up-or-down-august-27-8pm-et,UP,52663723472189837019282878320519686971007473994421038773533328330378617408514,1756171805,2025-08-26 01:30:05,0.5
bitcoin-up-or-down-august-27-8pm-et,UP,52663723472189837019282878320519686971007473994421038773533328330378617408514,1756171863,2025-08-26 01:31:03,0.5
bitcoin-up-or-down-august-27-8pm-et,UP,52663723472189837019282878320519686971007473994421038773533328330378617408514,1756171923,2025-08-26 01:32:03,0.5
bitcoin-up-or-down-august-27-8pm-et,UP,52663723472189837019282878320519686971007473994421038773533328330378617408514,1756171982,2025-08-26 01:33:02,0.5
bitcoin-up-or-down-august-27-8pm-et,UP,52663723472189837019282878320519686971007473994421038773533328330378617408514,1756172042,2025-08-26 01:34:02,0.5
bitcoin-up-or-down-august-27-8pm-et,UP,52663723472189837019282878320519686971007473994421038773533328330378617408514,1756172102,2025-08-26 01:35:02,0.5
bitcoin-up-or-down-august-27-8pm-et,UP,52663723472189837019282878320519686971007473994421038773533328330378617408514,1756172163,2025-08-26 01:36:03,0.5
bitcoin-up-or-down-august-27-8pm-et,UP,52663723472189837019282878320519686971007473994421038773533328330378617408514,1756172223,2025-08-26 01:37:03,0.5
bitcoin-up-or-down-august-27-8pm-et,UP,52663723472189837019282878320519686971007473994421038773533328330378617408514,1756172282,2025-08-26 01:38:02,0.5
bitcoin-up-or-down-august-27-8pm-et,UP,52663723472189837019282878320519686971007473994421038773533328330378617408514,1756172342,2025-08-26 01:39:02,0.5
bitcoin-up-or-down-august-27-8pm-et,UP,52663723472189837019282878320519686971007473994421038773533328330378617408514,1756172403,2025-08-26 01:40:03,0.5
bitcoin-up-or-down-august-27-8pm-et,UP,52663723472189837019282878320519686971007473994421038773533328330378617408514,1756172462,2025-08-26 01:41:02,0.5
bitcoin-up-or-down-august-27-8pm-et,UP,52663723472189837019282878320519686971007473994421038773533328330378617408514,1756172522,2025-08-26 01:42:02,0.5
bitcoin-up-or-down-august-27-8pm-et,UP,52663723472189837019282878320519686971007473994421038773533328330378617408514,1756172582,2025-08-26 01:43:02,0.5
bitcoin-up-or-down-august-27-8pm-et,UP,52663723472189837019282878320519686971007473994421038773533328330378617408514,1756172643,2025-08-26 01:44:03,0.5
bitcoin-up-or-down-august-27-8pm-et,UP,52663723472189837019282878320519686971007473994421038773533328330378617408514,1756172703,2025-08-26 01:45:03,0.5
bitcoin-up-or-down-august-27-8pm-et,UP,52663723472189837019282878320519686971007473994421038773533328330378617408514,1756172763,2025-08-26 01:46:03,0.5
bitcoin-up-or-down-august-27-8pm-et,UP,52663723472189837019282878320519686971007473994421038773533328330378617408514,1756172823,2025-08-26 01:47:03,0.5
bitcoin-up-or-down-august-27-8pm-et,UP,52663723472189837019282878320519686971007473994421038773533328330378617408514,1756172882,2025-08-26 01:48:02,0.5
bitcoin-up-or-down-august-27-8pm-et,UP,52663723472189837019282878320519686971007473994421038773533328330378617408514,1756172943,2025-08-26 01:49:03,0.5
bitcoin-up-or-down-august-27-8pm-et,UP,52663723472189837019282878320519686971007473994421038773533328330378617408514,1756173004,2025-08-26 01:50:04,0.5
bitcoin-up-or-down-august-27-8pm-et,UP,52663723472189837019282878320519686971007473994421038773533328330378617408514,1756173062,2025-08-26 01:51:02,0.5
bitcoin-up-or-down-august-27-8pm-et,UP,52663723472189837019282878320519686971007473994421038773533328330378617408514,1756173122,2025-08-26 01:52:02,0.5
bitcoin-up-or-down-august-27-8pm-et,UP,52663723472189837019282878320519686971007473994421038773533328330378617408514,1756173190,2025-08-26 01:53:10,0.5
bitcoin-up-or-down-august-27-8pm-et,UP,52663723472189837019282878320519686971007473994421038773533328330378617408514,1756173243,2025-08-26 01:54:03,0.5
bitcoin-up-or-down-august-27-8pm-et,UP,52663723472189837019282878320519686971007473994421038773533328330378617408514,1756173302,2025-08-26 01:55:02,0.5
bitcoin-up-or-down-august-27-8pm-et,UP,52663723472189837019282878320519686971007473994421038773533328330378617408514,1756173362,2025-08-26 01:56:02,0.5
bitcoin-up-or-down-august-27-8pm-et,UP,52663723472189837019282878320519686971007473994421038773533328330378617408514,1756173423,2025-08-26 01:57:03,0.5
bitcoin-up-or-down-august-27-8pm-et,UP,52663723472189837019282878320519686971007473994421038773533328330378617408514,1756173482,2025-08-26 01:58:02,0.5
bitcoin-up-or-down-august-27-8pm-et,UP,52663723472189837019282878320519686971007473994421038773533328330378617408514,1756173542,2025-08-26 01:59:02,0.5
bitcoin-up-or-down-august-27-8pm-et,UP,52663723472189837019282878320519686971007473994421038773533328330378617408514,1756173609,2025-08-26 02:00:09,0.5
bitcoin-up-or-down-august-27-8pm-et,UP,52663723472189837019282878320519686971007473994421038773533328330378617408514,1756173662,2025-08-26 02:01:02,0.5
bitcoin-up-or-down-august-27-8pm-et,UP,52663723472189837019282878320519686971007473994421038773533328330378617408514,1756173722,2025-08-26 02:02:02,0.5
bitcoin-up-or-down-august-27-8pm-et,UP,52663723472189837019282878320519686971007473994421038773533328330378617408514,1756173784,2025-08-26 02:03:04,0.5
bitcoin-up-or-down-august-27-8pm-et,UP,52663723472189837019282878320519686971007473994421038773533328330378617408514,1756173842,2025-08-26 02:04:02,0.5
bitcoin-up-or-down-august-27-8pm-et,UP,52663723472189837019282878320519686971007473994421038773533328330378617408514,1756173903,2025-08-26 02:05:03,0.5
bitcoin-up-or-down-august-27-8pm-et,UP,52663723472189837019282878320519686971007473994421038773533328330378617408514,1756173963,2025-08-26 02:06:03,0.5
bitcoin-up-or-down-august-27-8pm-et,UP,52663723472189837019282878320519686971007473994421038773533328330378617408514,1756174023,2025-08-26 02:07:03,0.5
bitcoin-up-or-down-august-27-8pm-et,UP,52663723472189837019282878320519686971007473994421038773533328330378617408514,1756174082,2025-08-26 02:08:02,0.5
bitcoin-up-or-down-august-27-8pm-et,UP,52663723472189837019282878320519686971007473994421038773533328330378617408514,1756174143,2025-08-26 02:09:03,0.5
bitcoin-up-or-down-august-27-8pm-et,UP,52663723472189837019282878320519686971007473994421038773533328330378617408514,1756174203,2025-08-26 02:10:03,0.5
bitcoin-up-or-down-august-27-8pm-et,UP,52663723472189837019282878320519686971007473994421038773533328330378617408514,1756174262,2025-08-26 02:11:02,0.5
bitcoin-up-or-down-august-27-8pm-et,UP,52663723472189837019282878320519686971007473994421038773533328330378617408514,1756174324,2025-08-26 02:12:04,0.5
bitcoin-up-or-down-august-27-8pm-et,UP,52663723472189837019282878320519686971007473994421038773533328330378617408514,1756174383,2025-08-26 02:13:03,0.5
bitcoin-up-or-down-august-27-8pm-et,UP,52663723472189837019282878320519686971007473994421038773533328330378617408514,1756174443,2025-08-26 02:14:03,0.5
bitcoin-up-or-down-august-27-8pm-et,UP,52663723472189837019282878320519686971007473994421038773533328330378617408514,1756174504,2025-08-26 02:15:04,0.5
bitcoin-up-or-down-august-27-8pm-et,UP,52663723472189837019282878320519686971007473994421038773533328330378617408514,1756174563,2025-08-26 02:16:03,0.5
bitcoin-up-or-down-august-27-8pm-et,UP,52663723472189837019282878320519686971007473994421038773533328330378617408514,1756174623,2025-08-26 02:17:03,0.5
bitcoin-up-or-down-august-27-8pm-et,UP,52663723472189837019282878320519686971007473994421038773533328330378617408514,1756174683,2025-08-26 02:18:03,0.5
bitcoin-up-or-down-august-27-8pm-et,UP,52663723472189837019282878320519686971007473994421038773533328330378617408514,1756174743,2025-08-26 02:19:03,0.5
bitcoin-up-or-down-august-27-8pm-et,UP,52663723472189837019282878320519686971007473994421038773533328330378617408514,1756174804,2025-08-26 02:20:04,0.5
bitcoin-up-or-down-august-27-8pm-et,UP,52663723472189837019282878320519686971007473994421038773533328330378617408514,1756174862,2025-08-26 02:21:02,0.5
bitcoin-up-or-down-august-27-8pm-et,UP,52663723472189837019282878320519686971007473994421038773533328330378617408514,1756174922,2025-08-26 02:22:02,0.5
bitcoin-up-or-down-august-27-8pm-et,UP,52663723472189837019282878320519686971007473994421038773533328330378617408514,1756174982,2025-08-26 02:23:02,0.5
bitcoin-up-or-down-august-27-8pm-et,UP,52663723472189837019282878320519686971007473994421038773533328330378617408514,1756175042,2025-08-26 02:24:02,0.5
bitcoin-up-or-down-august-27-8pm-et,UP,52663723472189837019282878320519686971007473994421038773533328330378617408514,1756175103,2025-08-26 02:25:03,0.5
bitcoin-up-or-down-august-27-8pm-et,UP,52663723472189837019282878320519686971007473994421038773533328330378617408514,1756175163,2025-08-26 02:26:03,0.5
bitcoin-up-or-down-august-27-8pm-et,UP,52663723472189837019282878320519686971007473994421038773533328330378617408514,1756175222,2025-08-26 02:27:02,0.5
bitcoin-up-or-down-august-27-8pm-et,UP,52663723472189837019282878320519686971007473994421038773533328330378617408514,1756175282,2025-08-26 02:28:02,0.5
bitcoin-up-or-down-august-27-8pm-et,UP,52663723472189837019282878320519686971007473994421038773533328330378617408514,1756175342,2025-08-26 02:29:02,0.5
bitcoin-up-or-down-august-27-8pm-et,UP,52663723472189837019282878320519686971007473994421038773533328330378617408514,1756175403,2025-08-26 02:30:03,0.5
bitcoin-up-or-down-august-27-8pm-et,UP,52663723472189837019282878320519686971007473994421038773533328330378617408514,1756175462,2025-08-26 02:31:02,0.5
bitcoin-up-or-down-august-27-8pm-et,UP,52663723472189837019282878320519686971007473994421038773533328330378617408514,1756175522,2025-08-26 02:32:02,0.5
bitcoin-up-or-down-august-27-8pm-et,UP,52663723472189837019282878320519686971007473994421038773533328330378617408514,1756175582,2025-08-26 02:33:02,0.5
bitcoin-up-or-down-august-27-8pm-et,UP,52663723472189837019282878320519686971007473994421038773533328330378617408514,1756175642,2025-08-26 02:34:02,0.5
bitcoin-up-or-down-august-27-8pm-et,UP,52663723472189837019282878320519686971007473994421038773533328330378617408514,1756175702,2025-08-26 02:35:02,0.5
bitcoin-up-or-down-august-27-8pm-et,UP,52663723472189837019282878320519686971007473994421038773533328330378617408514,1756175762,2025-08-26 02:36:02,0.5
bitcoin-up-or-down-august-27-8pm-et,UP,52663723472189837019282878320519686971007473994421038773533328330378617408514,1756175823,2025-08-26 02:37:03,0.5
bitcoin-up-or-down-august-27-8pm-et,UP,52663723472189837019282878320519686971007473994421038773533328330378617408514,1756175883,2025-08-26 02:38:03,0.5
bitcoin-up-or-down-august-27-8pm-et,UP,52663723472189837019282878320519686971007473994421038773533328330378617408514,1756175943,2025-08-26 02:39:03,0.5
bitcoin-up-or-down-august-27-8pm-et,UP,52663723472189837019282878320519686971007473994421038773533328330378617408514,1756176002,2025-08-26 02:40:02,0.5
bitcoin-up-or-down-august-27-8pm-et,UP,52663723472189837019282878320519686971007473994421038773533328330378617408514,1756176062,2025-08-26 02:41:02,0.5
bitcoin-up-or-down-august-27-8pm-et,UP,52663723472189837019282878320519686971007473994421038773533328330378617408514,1756176123,2025-08-26 02:42:03,0.5
bitcoin-up-or-down-august-27-8pm-et,UP,52663723472189837019282878320519686971007473994421038773533328330378617408514,1756176182,2025-08-26 02:43:02,0.5
bitcoin-up-or-down-august-27-8pm-et,UP,52663723472189837019282878320519686971007473994421038773533328330378617408514,1756176242,2025-08-26 02:44:02,0.5
bitcoin-up-or-down-august-27-8pm-et,UP,52663723472189837019282878320519686971007473994421038773533328330378617408514,1756176302,2025-08-26 02:45:02,0.5
bitcoin-up-or-down-august-27-8pm-et,UP,52663723472189837019282878320519686971007473994421038773533328330378617408514,1756176362,2025-08-26 02:46:02,0.5
bitcoin-up-or-down-august-27-8pm-et,UP,52663723472189837019282878320519686971007473994421038773533328330378617408514,1756176422,2025-08-26 02:47:02,0.5
bitcoin-up-or-down-august-27-8pm-et,UP,52663723472189837019282878320519686971007473994421038773533328330378617408514,1756176482,2025-08-26 02:48:02,0.5
bitcoin-up-or-down-august-27-8pm-et,UP,52663723472189837019282878320519686971007473994421038773533328330378617408514,1756176544,2025-08-26 02:49:04,0.5
bitcoin-up-or-down-august-27-8pm-et,UP,52663723472189837019282878320519686971007473994421038773533328330378617408514,1756176602,2025-08-26 02:50:02,0.5
bitcoin-up-or-down-august-27-8pm-et,UP,52663723472189837019282878320519686971007473994421038773533328330378617408514,1756176663,2025-08-26 02:51:03,0.5
bitcoin-up-or-down-august-27-8pm-et,UP,52663723472189837019282878320519686971007473994421038773533328330378617408514,1756176727,2025-08-26 02:52:07,0.5
bitcoin-up-or-down-august-27-8pm-et,UP,52663723472189837019282878320519686971007473994421038773533328330378617408514,1756176782,2025-08-26 02:53:02,0.5
bitcoin-up-or-down-august-27-8pm-et,UP,52663723472189837019282878320519686971007473994421038773533328330378617408514,1756176842,2025-08-26 02:54:02,0.5
bitcoin-up-or-down-august-27-8pm-et,UP,52663723472189837019282878320519686971007473994421038773533328330378617408514,1756176903,2025-08-26 02:55:03,0.5
bitcoin-up-or-down-august-27-8pm-et,UP,52663723472189837019282878320519686971007473994421038773533328330378617408514,1756176963,2025-08-26 02:56:03,0.5
bitcoin-up-or-down-august-27-8pm-et,UP,52663723472189837019282878320519686971007473994421038773533328330378617408514,1756177022,2025-08-26 02:57:02,0.5
bitcoin-up-or-down-august-27-8pm-et,UP,52663723472189837019282878320519686971007473994421038773533328330378617408514,1756177083,2025-08-26 02:58:03,0.5
bitcoin-up-or-down-august-27-8pm-et,UP,52663723472189837019282878320519686971007473994421038773533328330378617408514,1756177207,2025-08-26 03:00:07,0.5
bitcoin-up-or-down-august-27-8pm-et,UP,52663723472189837019282878320519686971007473994421038773533328330378617408514,1756177225,2025-08-26 03:00:25,0.5
bitcoin-up-or-down-august-27-8pm-et,UP,52663723472189837019282878320519686971007473994421038773533328330378617408514,1756177262,2025-08-26 03:01:02,0.5
bitcoin-up-or-down-august-27-8pm-et,UP,52663723472189837019282878320519686971007473994421038773533328330378617408514,1756177322,2025-08-26 03:02:02,0.5
bitcoin-up-or-down-august-27-8pm-et,UP,52663723472189837019282878320519686971007473994421038773533328330378617408514,1756177382,2025-08-26 03:03:02,0.5
bitcoin-up-or-down-august-27-8pm-et,UP,52663723472189837019282878320519686971007473994421038773533328330378617408514,1756177443,2025-08-26 03:04:03,0.5
bitcoin-up-or-down-august-27-8pm-et,UP,52663723472189837019282878320519686971007473994421038773533328330378617408514,1756177503,2025-08-26 03:05:03,0.5
bitcoin-up-or-down-august-27-8pm-et,UP,52663723472189837019282878320519686971007473994421038773533328330378617408514,1756177563,2025-08-26 03:06:03,0.5
bitcoin-up-or-down-august-27-8pm-et,UP,52663723472189837019282878320519686971007473994421038773533328330378617408514,1756177623,2025-08-26 03:07:03,0.5
bitcoin-up-or-down-august-27-8pm-et,UP,52663723472189837019282878320519686971007473994421038773533328330378617408514,1756177682,2025-08-26 03:08:02,0.5
bitcoin-up-or-down-august-27-8pm-et,UP,52663723472189837019282878320519686971007473994421038773533328330378617408514,1756177743,2025-08-26 03:09:03,0.5
bitcoin-up-or-down-august-27-8pm-et,UP,52663723472189837019282878320519686971007473994421038773533328330378617408514,1756177803,2025-08-26 03:10:03,0.5
bitcoin-up-or-down-august-27-8pm-et,UP,52663723472189837019282878320519686971007473994421038773533328330378617408514,1756177862,2025-08-26 03:11:02,0.5
bitcoin-up-or-down-august-27-8pm-et,UP,52663723472189837019282878320519686971007473994421038773533328330378617408514,1756177922,2025-08-26 03:12:02,0.5
bitcoin-up-or-down-august-27-8pm-et,UP,52663723472189837019282878320519686971007473994421038773533328330378617408514,1756177982,2025-08-26 03:13:02,0.5
bitcoin-up-or-down-august-27-8pm-et,UP,52663723472189837019282878320519686971007473994421038773533328330378617408514,1756178042,2025-08-26 03:14:02,0.5
bitcoin-up-or-down-august-27-8pm-et,UP,52663723472189837019282878320519686971007473994421038773533328330378617408514,1756178102,2025-08-26 03:15:02,0.5
bitcoin-up-or-down-august-27-8pm-et,UP,52663723472189837019282878320519686971007473994421038773533328330378617408514,1756178162,2025-08-26 03:16:02,0.5
bitcoin-up-or-down-august-27-8pm-et,UP,52663723472189837019282878320519686971007473994421038773533328330378617408514,1756178222,2025-08-26 03:17:02,0.5
bitcoin-up-or-down-august-27-8pm-et,UP,52663723472189837019282878320519686971007473994421038773533328330378617408514,1756178283,2025-08-26 03:18:03,0.5
bitcoin-up-or-down-august-27-8pm-et,UP,52663723472189837019282878320519686971007473994421038773533328330378617408514,1756178343,2025-08-26 03:19:03,0.5
bitcoin-up-or-down-august-27-8pm-et,UP,52663723472189837019282878320519686971007473994421038773533328330378617408514,1756178404,2025-08-26 03:20:04,0.5
bitcoin-up-or-down-august-27-8pm-et,UP,52663723472189837019282878320519686971007473994421038773533328330378617408514,1756178463,2025-08-26 03:21:03,0.5
bitcoin-up-or-down-august-27-8pm-et,UP,52663723472189837019282878320519686971007473994421038773533328330378617408514,1756178522,2025-08-26 03:22:02,0.5
bitcoin-up-or-down-august-27-8pm-et,UP,52663723472189837019282878320519686971007473994421038773533328330378617408514,1756178582,2025-08-26 03:23:02,0.5
bitcoin-up-or-down-august-27-8pm-et,UP,52663723472189837019282878320519686971007473994421038773533328330378617408514,1756178642,2025-08-26 03:24:02,0.5
bitcoin-up-or-down-august-27-8pm-et,UP,52663723472189837019282878320519686971007473994421038773533328330378617408514,1756178703,2025-08-26 03:25:03,0.5
bitcoin-up-or-down-august-27-8pm-et,UP,52663723472189837019282878320519686971007473994421038773533328330378617408514,1756178766,2025-08-26 03:26:06,0.5
bitcoin-up-or-down-august-27-8pm-et,UP,52663723472189837019282878320519686971007473994421038773533328330378617408514,1756178823,2025-08-26 03:27:03,0.5
bitcoin-up-or-down-august-27-8pm-et,UP,52663723472189837019282878320519686971007473994421038773533328330378617408514,1756178883,2025-08-26 03:28:03,0.5
bitcoin-up-or-down-august-27-8pm-et,UP,52663723472189837019282878320519686971007473994421038773533328330378617408514,1756178943,2025-08-26 03:29:03,0.5
bitcoin-up-or-down-august-27-8pm-et,UP,52663723472189837019282878320519686971007473994421038773533328330378617408514,1756179006,2025-08-26 03:30:06,0.5
bitcoin-up-or-down-august-27-8pm-et,UP,52663723472189837019282878320519686971007473994421038773533328330378617408514,1756179063,2025-08-26 03:31:03,0.5
bitcoin-up-or-down-august-27-8pm-et,UP,52663723472189837019282878320519686971007473994421038773533328330378617408514,1756179122,2025-08-26 03:32:02,0.5
bitcoin-up-or-down-august-27-8pm-et,UP,52663723472189837019282878320519686971007473994421038773533328330378617408514,1756179184,2025-08-26 03:33:04,0.5
bitcoin-up-or-down-august-27-8pm-et,UP,52663723472189837019282878320519686971007473994421038773533328330378617408514,1756179243,2025-08-26 03:34:03,0.5
bitcoin-up-or-down-august-27-8pm-et,UP,52663723472189837019282878320519686971007473994421038773533328330378617408514,1756179303,2025-08-26 03:35:03,0.5
bitcoin-up-or-down-august-27-8pm-et,UP,52663723472189837019282878320519686971007473994421038773533328330378617408514,1756179363,2025-08-26 03:36:03,0.5
bitcoin-up-or-down-august-27-8pm-et,UP,52663723472189837019282878320519686971007473994421038773533328330378617408514,1756179422,2025-08-26 03:37:02,0.5
bitcoin-up-or-down-august-27-8pm-et,UP,52663723472189837019282878320519686971007473994421038773533328330378617408514,1756179482,2025-08-26 03:38:02,0.5
bitcoin-up-or-down-august-27-8pm-et,UP,52663723472189837019282878320519686971007473994421038773533328330378617408514,1756179543,2025-08-26 03:39:03,0.5
bitcoin-up-or-down-august-27-8pm-et,UP,52663723472189837019282878320519686971007473994421038773533328330378617408514,1756179604,2025-08-26 03:40:04,0.5
bitcoin-up-or-down-august-27-8pm-et,UP,52663723472189837019282878320519686971007473994421038773533328330378617408514,1756179662,2025-08-26 03:41:02,0.5
bitcoin-up-or-down-august-27-8pm-et,UP,52663723472189837019282878320519686971007473994421038773533328330378617408514,1756179723,2025-08-26 03:42:03,0.5
bitcoin-up-or-down-august-27-8pm-et,UP,52663723472189837019282878320519686971007473994421038773533328330378617408514,1756179783,2025-08-26 03:43:03,0.5
bitcoin-up-or-down-august-27-8pm-et,UP,52663723472189837019282878320519686971007473994421038773533328330378617408514,1756179843,2025-08-26 03:44:03,0.5
bitcoin-up-or-down-august-27-8pm-et,UP,52663723472189837019282878320519686971007473994421038773533328330378617408514,1756179904,2025-08-26 03:45:04,0.5
bitcoin-up-or-down-august-27-8pm-et,UP,52663723472189837019282878320519686971007473994421038773533328330378617408514,1756179963,2025-08-26 03:46:03,0.5
bitcoin-up-or-down-august-27-8pm-et,UP,52663723472189837019282878320519686971007473994421038773533328330378617408514,1756180022,2025-08-26 03:47:02,0.5
bitcoin-up-or-down-august-27-8pm-et,UP,52663723472189837019282878320519686971007473994421038773533328330378617408514,1756180082,2025-08-26 03:48:02,0.5
bitcoin-up-or-down-august-27-8pm-et,UP,52663723472189837019282878320519686971007473994421038773533328330378617408514,1756180142,2025-08-26 03:49:02,0.5
bitcoin-up-or-down-august-27-8pm-et,UP,52663723472189837019282878320519686971007473994421038773533328330378617408514,1756180202,2025-08-26 03:50:02,0.5
bitcoin-up-or-down-august-27-8pm-et,UP,52663723472189837019282878320519686971007473994421038773533328330378617408514,1756180263,2025-08-26 03:51:03,0.5
bitcoin-up-or-down-august-27-8pm-et,UP,52663723472189837019282878320519686971007473994421038773533328330378617408514,1756180330,2025-08-26 03:52:10,0.5
bitcoin-up-or-down-august-27-8pm-et,UP,52663723472189837019282878320519686971007473994421038773533328330378617408514,1756180382,2025-08-26 03:53:02,0.5
bitcoin-up-or-down-august-27-8pm-et,UP,52663723472189837019282878320519686971007473994421038773533328330378617408514,1756180442,2025-08-26 03:54:02,0.5
bitcoin-up-or-down-august-27-8pm-et,UP,52663723472189837019282878320519686971007473994421038773533328330378617408514,1756180504,2025-08-26 03:55:04,0.5
bitcoin-up-or-down-august-27-8pm-et,UP,52663723472189837019282878320519686971007473994421038773533328330378617408514,1756180563,2025-08-26 03:56:03,0.5
bitcoin-up-or-down-august-27-8pm-et,UP,52663723472189837019282878320519686971007473994421038773533328330378617408514,1756180622,2025-08-26 03:57:02,0.5
bitcoin-up-or-down-august-27-8pm-et,UP,52663723472189837019282878320519686971007473994421038773533328330378617408514,1756180683,2025-08-26 03:58:03,0.5
bitcoin-up-or-down-august-27-8pm-et,UP,52663723472189837019282878320519686971007473994421038773533328330378617408514,1756180742,2025-08-26 03:59:02,0.5
bitcoin-up-or-down-august-27-8pm-et,UP,52663723472189837019282878320519686971007473994421038773533328330378617408514,1756180815,2025-08-26 04:00:15,0.5
bitcoin-up-or-down-august-27-8pm-et,UP,52663723472189837019282878320519686971007473994421038773533328330378617408514,1756180863,2025-08-26 04:01:03,0.5
bitcoin-up-or-down-august-27-8pm-et,UP,52663723472189837019282878320519686971007473994421038773533328330378617408514,1756180923,2025-08-26 04:02:03,0.5
bitcoin-up-or-down-august-27-8pm-et,UP,52663723472189837019282878320519686971007473994421038773533328330378617408514,1756180983,2025-08-26 04:03:03,0.5
bitcoin-up-or-down-august-27-8pm-et,UP,52663723472189837019282878320519686971007473994421038773533328330378617408514,1756181043,2025-08-26 04:04:03,0.5
bitcoin-up-or-down-august-27-8pm-et,UP,52663723472189837019282878320519686971007473994421038773533328330378617408514,1756181103,2025-08-26 04:05:03,0.5
bitcoin-up-or-down-august-27-8pm-et,UP,52663723472189837019282878320519686971007473994421038773533328330378617408514,1756181162,2025-08-26 04:06:02,0.5
bitcoin-up-or-down-august-27-8pm-et,UP,52663723472189837019282878320519686971007473994421038773533328330378617408514,1756181222,2025-08-26 04:07:02,0.5
bitcoin-up-or-down-august-27-8pm-et,UP,52663723472189837019282878320519686971007473994421038773533328330378617408514,1756181282,2025-08-26 04:08:02,0.5
bitcoin-up-or-down-august-27-8pm-et,UP,52663723472189837019282878320519686971007473994421038773533328330378617408514,1756181343,2025-08-26 04:09:03,0.5
bitcoin-up-or-down-august-27-8pm-et,UP,52663723472189837019282878320519686971007473994421038773533328330378617408514,1756181403,2025-08-26 04:10:03,0.5
bitcoin-up-or-down-august-27-8pm-et,UP,52663723472189837019282878320519686971007473994421038773533328330378617408514,1756181463,2025-08-26 04:11:03,0.5
bitcoin-up-or-down-august-27-8pm-et,UP,52663723472189837019282878320519686971007473994421038773533328330378617408514,1756181522,2025-08-26 04:12:02,0.5
bitcoin-up-or-down-august-27-8pm-et,UP,52663723472189837019282878320519686971007473994421038773533328330378617408514,1756181583,2025-08-26 04:13:03,0.5
bitcoin-up-or-down-august-27-8pm-et,UP,52663723472189837019282878320519686971007473994421038773533328330378617408514,1756181643,2025-08-26 04:14:03,0.5
bitcoin-up-or-down-august-27-8pm-et,UP,52663723472189837019282878320519686971007473994421038773533328330378617408514,1756181703,2025-08-26 04:15:03,0.5
bitcoin-up-or-down-august-27-8pm-et,UP,52663723472189837019282878320519686971007473994421038773533328330378617408514,1756181762,2025-08-26 04:16:02,0.5
bitcoin-up-or-down-august-27-8pm-et,UP,52663723472189837019282878320519686971007473994421038773533328330378617408514,1756181822,2025-08-26 04:17:02,0.5
bitcoin-up-or-down-august-27-8pm-et,UP,52663723472189837019282878320519686971007473994421038773533328330378617408514,1756181883,2025-08-26 04:18:03,0.5
bitcoin-up-or-down-august-27-8pm-et,UP,52663723472189837019282878320519686971007473994421038773533328330378617408514,1756181942,2025-08-26 04:19:02,0.5
bitcoin-up-or-down-august-27-8pm-et,UP,52663723472189837019282878320519686971007473994421038773533328330378617408514,1756182003,2025-08-26 04:20:03,0.5
bitcoin-up-or-down-august-27-8pm-et,UP,52663723472189837019282878320519686971007473994421038773533328330378617408514,1756182062,2025-08-26 04:21:02,0.5
bitcoin-up-or-down-august-27-8pm-et,UP,52663723472189837019282878320519686971007473994421038773533328330378617408514,1756182123,2025-08-26 04:22:03,0.5
bitcoin-up-or-down-august-27-8pm-et,UP,52663723472189837019282878320519686971007473994421038773533328330378617408514,1756182182,2025-08-26 04:23:02,0.5
bitcoin-up-or-down-august-27-8pm-et,UP,52663723472189837019282878320519686971007473994421038773533328330378617408514,1756182243,2025-08-26 04:24:03,0.5
bitcoin-up-or-down-august-27-8pm-et,UP,52663723472189837019282878320519686971007473994421038773533328330378617408514,1756182304,2025-08-26 04:25:04,0.5
bitcoin-up-or-down-august-27-8pm-et,UP,52663723472189837019282878320519686971007473994421038773533328330378617408514,1756182369,2025-08-26 04:26:09,0.5
bitcoin-up-or-down-august-27-8pm-et,UP,52663723472189837019282878320519686971007473994421038773533328330378617408514,1756182422,2025-08-26 04:27:02,0.5
bitcoin-up-or-down-august-27-8pm-et,UP,52663723472189837019282878320519686971007473994421038773533328330378617408514,1756182483,2025-08-26 04:28:03,0.5
bitcoin-up-or-down-august-27-8pm-et,UP,52663723472189837019282878320519686971007473994421038773533328330378617408514,1756182543,2025-08-26 04:29:03,0.5
bitcoin-up-or-down-august-27-8pm-et,UP,52663723472189837019282878320519686971007473994421038773533328330378617408514,1756182604,2025-08-26 04:30:04,0.5
bitcoin-up-or-down-august-27-8pm-et,UP,52663723472189837019282878320519686971007473994421038773533328330378617408514,1756182663,2025-08-26 04:31:03,0.5
bitcoin-up-or-down-august-27-8pm-et,UP,52663723472189837019282878320519686971007473994421038773533328330378617408514,1756182722,2025-08-26 04:32:02,0.5
bitcoin-up-or-down-august-27-8pm-et,UP,52663723472189837019282878320519686971007473994421038773533328330378617408514,1756182783,2025-08-26 04:33:03,0.5
bitcoin-up-or-down-august-27-8pm-et,UP,52663723472189837019282878320519686971007473994421038773533328330378617408514,1756182843,2025-08-26 04:34:03,0.5
bitcoin-up-or-down-august-27-8pm-et,UP,52663723472189837019282878320519686971007473994421038773533328330378617408514,1756182903,2025-08-26 04:35:03,0.5
bitcoin-up-or-down-august-27-8pm-et,UP,52663723472189837019282878320519686971007473994421038773533328330378617408514,1756182964,2025-08-26 04:36:04,0.5
bitcoin-up-or-down-august-27-8pm-et,UP,52663723472189837019282878320519686971007473994421038773533328330378617408514,1756183023,2025-08-26 04:37:03,0.5
bitcoin-up-or-down-august-27-8pm-et,UP,52663723472189837019282878320519686971007473994421038773533328330378617408514,1756183082,2025-08-26 04:38:02,0.5
bitcoin-up-or-down-august-27-8pm-et,UP,52663723472189837019282878320519686971007473994421038773533328330378617408514,1756183143,2025-08-26 04:39:03,0.5
bitcoin-up-or-down-august-27-8pm-et,UP,52663723472189837019282878320519686971007473994421038773533328330378617408514,1756183203,2025-08-26 04:40:03,0.5
bitcoin-up-or-down-august-27-8pm-et,UP,52663723472189837019282878320519686971007473994421038773533328330378617408514,1756183262,2025-08-26 04:41:02,0.5
bitcoin-up-or-down-august-27-8pm-et,UP,52663723472189837019282878320519686971007473994421038773533328330378617408514,1756183322,2025-08-26 04:42:02,0.5
bitcoin-up-or-down-august-27-8pm-et,UP,52663723472189837019282878320519686971007473994421038773533328330378617408514,1756183382,2025-08-26 04:43:02,0.5
bitcoin-up-or-down-august-27-8pm-et,UP,52663723472189837019282878320519686971007473994421038773533328330378617408514,1756183443,2025-08-26 04:44:03,0.5
bitcoin-up-or-down-august-27-8pm-et,UP,52663723472189837019282878320519686971007473994421038773533328330378617408514,1756183503,2025-08-26 04:45:03,0.5
bitcoin-up-or-down-august-27-8pm-et,UP,52663723472189837019282878320519686971007473994421038773533328330378617408514,1756183563,2025-08-26 04:46:03,0.5
bitcoin-up-or-down-august-27-8pm-et,UP,52663723472189837019282878320519686971007473994421038773533328330378617408514,1756183622,2025-08-26 04:47:02,0.5
bitcoin-up-or-down-august-27-8pm-et,UP,52663723472189837019282878320519686971007473994421038773533328330378617408514,1756183683,2025-08-26 04:48:03,0.5
bitcoin-up-or-down-august-27-8pm-et,UP,52663723472189837019282878320519686971007473994421038773533328330378617408514,1756183742,2025-08-26 04:49:02,0.5
bitcoin-up-or-down-august-27-8pm-et,UP,52663723472189837019282878320519686971007473994421038773533328330378617408514,1756183804,2025-08-26 04:50:04,0.5
bitcoin-up-or-down-august-27-8pm-et,UP,52663723472189837019282878320519686971007473994421038773533328330378617408514,1756183863,2025-08-26 04:51:03,0.5
bitcoin-up-or-down-august-27-8pm-et,UP,52663723472189837019282878320519686971007473994421038773533328330378617408514,1756183927,2025-08-26 04:52:07,0.5
bitcoin-up-or-down-august-27-8pm-et,UP,52663723472189837019282878320519686971007473994421038773533328330378617408514,1756183987,2025-08-26 04:53:07,0.5
bitcoin-up-or-down-august-27-8pm-et,UP,52663723472189837019282878320519686971007473994421038773533328330378617408514,1756184042,2025-08-26 04:54:02,0.5
bitcoin-up-or-down-august-27-8pm-et,UP,52663723472189837019282878320519686971007473994421038773533328330378617408514,1756184103,2025-08-26 04:55:03,0.5
bitcoin-up-or-down-august-27-8pm-et,UP,52663723472189837019282878320519686971007473994421038773533328330378617408514,1756184162,2025-08-26 04:56:02,0.5
bitcoin-up-or-down-august-27-8pm-et,UP,52663723472189837019282878320519686971007473994421038773533328330378617408514,1756184224,2025-08-26 04:57:04,0.5
bitcoin-up-or-down-august-27-8pm-et,UP,52663723472189837019282878320519686971007473994421038773533328330378617408514,1756184282,2025-08-26 04:58:02,0.5
bitcoin-up-or-down-august-27-8pm-et,UP,52663723472189837019282878320519686971007473994421038773533328330378617408514,1756184343,2025-08-26 04:59:03,0.5
bitcoin-up-or-down-august-27-8pm-et,UP,52663723472189837019282878320519686971007473994421038773533328330378617408514,1756184410,2025-08-26 05:00:10,0.5
bitcoin-up-or-down-august-27-8pm-et,UP,52663723472189837019282878320519686971007473994421038773533328330378617408514,1756184462,2025-08-26 05:01:02,0.5
bitcoin-up-or-down-august-27-8pm-et,UP,52663723472189837019282878320519686971007473994421038773533328330378617408514,1756184522,2025-08-26 05:02:02,0.5
bitcoin-up-or-down-august-27-8pm-et,UP,52663723472189837019282878320519686971007473994421038773533328330378617408514,1756184584,2025-08-26 05:03:04,0.5
bitcoin-up-or-down-august-27-8pm-et,UP,52663723472189837019282878320519686971007473994421038773533328330378617408514,1756184643,2025-08-26 05:04:03,0.5
bitcoin-up-or-down-august-27-8pm-et,UP,52663723472189837019282878320519686971007473994421038773533328330378617408514,1756184702,2025-08-26 05:05:02,0.5
bitcoin-up-or-down-august-27-8pm-et,UP,52663723472189837019282878320519686971007473994421038773533328330378617408514,1756184762,2025-08-26 05:06:02,0.5
bitcoin-up-or-down-august-27-8pm-et,UP,52663723472189837019282878320519686971007473994421038773533328330378617408514,1756184822,2025-08-26 05:07:02,0.5
bitcoin-up-or-down-august-27-8pm-et,UP,52663723472189837019282878320519686971007473994421038773533328330378617408514,1756184883,2025-08-26 05:08:03,0.5
bitcoin-up-or-down-august-27-8pm-et,UP,52663723472189837019282878320519686971007473994421038773533328330378617408514,1756184942,2025-08-26 05:09:02,0.5
bitcoin-up-or-down-august-27-8pm-et,UP,52663723472189837019282878320519686971007473994421038773533328330378617408514,1756185002,2025-08-26 05:10:02,0.5
bitcoin-up-or-down-august-27-8pm-et,UP,52663723472189837019282878320519686971007473994421038773533328330378617408514,1756185063,2025-08-26 05:11:03,0.5
bitcoin-up-or-down-august-27-8pm-et,UP,52663723472189837019282878320519686971007473994421038773533328330378617408514,1756185122,2025-08-26 05:12:02,0.5
bitcoin-up-or-down-august-27-8pm-et,UP,52663723472189837019282878320519686971007473994421038773533328330378617408514,1756185182,2025-08-26 05:13:02,0.5
bitcoin-up-or-down-august-27-8pm-et,UP,52663723472189837019282878320519686971007473994421038773533328330378617408514,1756185242,2025-08-26 05:14:02,0.5
bitcoin-up-or-down-august-27-8pm-et,UP,52663723472189837019282878320519686971007473994421038773533328330378617408514,1756185302,2025-08-26 05:15:02,0.5
bitcoin-up-or-down-august-27-8pm-et,UP,52663723472189837019282878320519686971007473994421038773533328330378617408514,1756185363,2025-08-26 05:16:03,0.5
bitcoin-up-or-down-august-27-8pm-et,UP,52663723472189837019282878320519686971007473994421038773533328330378617408514,1756185422,2025-08-26 05:17:02,0.5
bitcoin-up-or-down-august-27-8pm-et,UP,52663723472189837019282878320519686971007473994421038773533328330378617408514,1756185482,2025-08-26 05:18:02,0.5
bitcoin-up-or-down-august-27-8pm-et,UP,52663723472189837019282878320519686971007473994421038773533328330378617408514,1756185543,2025-08-26 05:19:03,0.5
bitcoin-up-or-down-august-27-8pm-et,UP,52663723472189837019282878320519686971007473994421038773533328330378617408514,1756185603,2025-08-26 05:20:03,0.5
bitcoin-up-or-down-august-27-8pm-et,UP,52663723472189837019282878320519686971007473994421038773533328330378617408514,1756185662,2025-08-26 05:21:02,0.5
bitcoin-up-or-down-august-27-8pm-et,UP,52663723472189837019282878320519686971007473994421038773533328330378617408514,1756185723,2025-08-26 05:22:03,0.5
bitcoin-up-or-down-august-27-8pm-et,UP,52663723472189837019282878320519686971007473994421038773533328330378617408514,1756185782,2025-08-26 05:23:02,0.5
bitcoin-up-or-down-august-27-8pm-et,UP,52663723472189837019282878320519686971007473994421038773533328330378617408514,1756185843,2025-08-26 05:24:03,0.5
bitcoin-up-or-down-august-27-8pm-et,UP,52663723472189837019282878320519686971007473994421038773533328330378617408514,1756185903,2025-08-26 05:25:03,0.5
bitcoin-up-or-down-august-27-8pm-et,UP,52663723472189837019282878320519686971007473994421038773533328330378617408514,1756185968,2025-08-26 05:26:08,0.5
bitcoin-up-or-down-august-27-8pm-et,UP,52663723472189837019282878320519686971007473994421038773533328330378617408514,1756186025,2025-08-26 05:27:05,0.5
bitcoin-up-or-down-august-27-8pm-et,UP,52663723472189837019282878320519686971007473994421038773533328330378617408514,1756186083,2025-08-26 05:28:03,0.5
bitcoin-up-or-down-august-27-8pm-et,UP,52663723472189837019282878320519686971007473994421038773533328330378617408514,1756186143,2025-08-26 05:29:03,0.5
bitcoin-up-or-down-august-27-8pm-et,UP,52663723472189837019282878320519686971007473994421038773533328330378617408514,1756186205,2025-08-26 05:30:05,0.5
bitcoin-up-or-down-august-27-8pm-et,UP,52663723472189837019282878320519686971007473994421038773533328330378617408514,1756186263,2025-08-26 05:31:03,0.5
bitcoin-up-or-down-august-27-8pm-et,UP,52663723472189837019282878320519686971007473994421038773533328330378617408514,1756186322,2025-08-26 05:32:02,0.5
bitcoin-up-or-down-august-27-8pm-et,UP,52663723472189837019282878320519686971007473994421038773533328330378617408514,1756186382,2025-08-26 05:33:02,0.5
bitcoin-up-or-down-august-27-8pm-et,UP,52663723472189837019282878320519686971007473994421038773533328330378617408514,1756186444,2025-08-26 05:34:04,0.5
bitcoin-up-or-down-august-27-8pm-et,UP,52663723472189837019282878320519686971007473994421038773533328330378617408514,1756186503,2025-08-26 05:35:03,0.5
bitcoin-up-or-down-august-27-8pm-et,UP,52663723472189837019282878320519686971007473994421038773533328330378617408514,1756186562,2025-08-26 05:36:02,0.5
bitcoin-up-or-down-august-27-8pm-et,UP,52663723472189837019282878320519686971007473994421038773533328330378617408514,1756186622,2025-08-26 05:37:02,0.5
bitcoin-up-or-down-august-27-8pm-et,UP,52663723472189837019282878320519686971007473994421038773533328330378617408514,1756186682,2025-08-26 05:38:02,0.5
bitcoin-up-or-down-august-27-8pm-et,UP,52663723472189837019282878320519686971007473994421038773533328330378617408514,1756186743,2025-08-26 05:39:03,0.5
bitcoin-up-or-down-august-27-8pm-et,UP,52663723472189837019282878320519686971007473994421038773533328330378617408514,1756186803,2025-08-26 05:40:03,0.5
bitcoin-up-or-down-august-27-8pm-et,UP,52663723472189837019282878320519686971007473994421038773533328330378617408514,1756186864,2025-08-26 05:41:04,0.5
bitcoin-up-or-down-august-27-8pm-et,UP,52663723472189837019282878320519686971007473994421038773533328330378617408514,1756186923,2025-08-26 05:42:03,0.5
bitcoin-up-or-down-august-27-8pm-et,UP,52663723472189837019282878320519686971007473994421038773533328330378617408514,1756186982,2025-08-26 05:43:02,0.5
bitcoin-up-or-down-august-27-8pm-et,UP,52663723472189837019282878320519686971007473994421038773533328330378617408514,1756187042,2025-08-26 05:44:02,0.5
bitcoin-up-or-down-august-27-8pm-et,UP,52663723472189837019282878320519686971007473994421038773533328330378617408514,1756187102,2025-08-26 05:45:02,0.5
bitcoin-up-or-down-august-27-8pm-et,UP,52663723472189837019282878320519686971007473994421038773533328330378617408514,1756187163,2025-08-26 05:46:03,0.5
bitcoin-up-or-down-august-27-8pm-et,UP,52663723472189837019282878320519686971007473994421038773533328330378617408514,1756187224,2025-08-26 05:47:04,0.5
bitcoin-up-or-down-august-27-8pm-et,UP,52663723472189837019282878320519686971007473994421038773533328330378617408514,1756187283,2025-08-26 05:48:03,0.5
bitcoin-up-or-down-august-27-8pm-et,UP,52663723472189837019282878320519686971007473994421038773533328330378617408514,1756187342,2025-08-26 05:49:02,0.5
bitcoin-up-or-down-august-27-8pm-et,UP,52663723472189837019282878320519686971007473994421038773533328330378617408514,1756187402,2025-08-26 05:50:02,0.5
bitcoin-up-or-down-august-27-8pm-et,UP,52663723472189837019282878320519686971007473994421038773533328330378617408514,1756187462,2025-08-26 05:51:02,0.5
bitcoin-up-or-down-august-27-8pm-et,UP,52663723472189837019282878320519686971007473994421038773533328330378617408514,1756187527,2025-08-26 05:52:07,0.5
bitcoin-up-or-down-august-27-8pm-et,UP,52663723472189837019282878320519686971007473994421038773533328330378617408514,1756187582,2025-08-26 05:53:02,0.5
bitcoin-up-or-down-august-27-8pm-et,UP,52663723472189837019282878320519686971007473994421038773533328330378617408514,1756187642,2025-08-26 05:54:02,0.5
bitcoin-up-or-down-august-27-8pm-et,UP,52663723472189837019282878320519686971007473994421038773533328330378617408514,1756187703,2025-08-26 05:55:03,0.5
bitcoin-up-or-down-august-27-8pm-et,UP,52663723472189837019282878320519686971007473994421038773533328330378617408514,1756187763,2025-08-26 05:56:03,0.5
bitcoin-up-or-down-august-27-8pm-et,UP,52663723472189837019282878320519686971007473994421038773533328330378617408514,1756187823,2025-08-26 05:57:03,0.5
bitcoin-up-or-down-august-27-8pm-et,UP,52663723472189837019282878320519686971007473994421038773533328330378617408514,1756187883,2025-08-26 05:58:03,0.5
bitcoin-up-or-down-august-27-8pm-et,UP,52663723472189837019282878320519686971007473994421038773533328330378617408514,1756187944,2025-08-26 05:59:04,0.5
bitcoin-up-or-down-august-27-8pm-et,UP,52663723472189837019282878320519686971007473994421038773533328330378617408514,1756188018,2025-08-26 06:00:18,0.5
bitcoin-up-or-down-august-27-8pm-et,UP,52663723472189837019282878320519686971007473994421038773533328330378617408514,1756188063,2025-08-26 06:01:03,0.5
bitcoin-up-or-down-august-27-8pm-et,UP,52663723472189837019282878320519686971007473994421038773533328330378617408514,1756188123,2025-08-26 06:02:03,0.5
bitcoin-up-or-down-august-27-8pm-et,UP,52663723472189837019282878320519686971007473994421038773533328330378617408514,1756188183,2025-08-26 06:03:03,0.5
bitcoin-up-or-down-august-27-8pm-et,UP,52663723472189837019282878320519686971007473994421038773533328330378617408514,1756188243,2025-08-26 06:04:03,0.5
bitcoin-up-or-down-august-27-8pm-et,UP,52663723472189837019282878320519686971007473994421038773533328330378617408514,1756188302,2025-08-26 06:05:02,0.5
bitcoin-up-or-down-august-27-8pm-et,UP,52663723472189837019282878320519686971007473994421038773533328330378617408514,1756188362,2025-08-26 06:06:02,0.5
bitcoin-up-or-down-august-27-8pm-et,UP,52663723472189837019282878320519686971007473994421038773533328330378617408514,1756188423,2025-08-26 06:07:03,0.5
bitcoin-up-or-down-august-27-8pm-et,UP,52663723472189837019282878320519686971007473994421038773533328330378617408514,1756188482,2025-08-26 06:08:02,0.5
bitcoin-up-or-down-august-27-8pm-et,UP,52663723472189837019282878320519686971007473994421038773533328330378617408514,1756188543,2025-08-26 06:09:03,0.5
bitcoin-up-or-down-august-27-8pm-et,UP,52663723472189837019282878320519686971007473994421038773533328330378617408514,1756188603,2025-08-26 06:10:03,0.5
bitcoin-up-or-down-august-27-8pm-et,UP,52663723472189837019282878320519686971007473994421038773533328330378617408514,1756188662,2025-08-26 06:11:02,0.5
bitcoin-up-or-down-august-27-8pm-et,UP,52663723472189837019282878320519686971007473994421038773533328330378617408514,1756188722,2025-08-26 06:12:02,0.5
bitcoin-up-or-down-august-27-8pm-et,UP,52663723472189837019282878320519686971007473994421038773533328330378617408514,1756188783,2025-08-26 06:13:03,0.5
bitcoin-up-or-down-august-27-8pm-et,UP,52663723472189837019282878320519686971007473994421038773533328330378617408514,1756188842,2025-08-26 06:14:02,0.5
bitcoin-up-or-down-august-27-8pm-et,UP,52663723472189837019282878320519686971007473994421038773533328330378617408514,1756188903,2025-08-26 06:15:03,0.5
bitcoin-up-or-down-august-27-8pm-et,UP,52663723472189837019282878320519686971007473994421038773533328330378617408514,1756188962,2025-08-26 06:16:02,0.5
bitcoin-up-or-down-august-27-8pm-et,UP,52663723472189837019282878320519686971007473994421038773533328330378617408514,1756189023,2025-08-26 06:17:03,0.5
bitcoin-up-or-down-august-27-8pm-et,UP,52663723472189837019282878320519686971007473994421038773533328330378617408514,1756189082,2025-08-26 06:18:02,0.5
bitcoin-up-or-down-august-27-8pm-et,UP,52663723472189837019282878320519686971007473994421038773533328330378617408514,1756189142,2025-08-26 06:19:02,0.5
bitcoin-up-or-down-august-27-8pm-et,UP,52663723472189837019282878320519686971007473994421038773533328330378617408514,1756189203,2025-08-26 06:20:03,0.5
bitcoin-up-or-down-august-27-8pm-et,UP,52663723472189837019282878320519686971007473994421038773533328330378617408514,1756189262,2025-08-26 06:21:02,0.5
bitcoin-up-or-down-august-27-8pm-et,UP,52663723472189837019282878320519686971007473994421038773533328330378617408514,1756189322,2025-08-26 06:22:02,0.5
bitcoin-up-or-down-august-27-8pm-et,UP,52663723472189837019282878320519686971007473994421038773533328330378617408514,1756189383,2025-08-26 06:23:03,0.5
bitcoin-up-or-down-august-27-8pm-et,UP,52663723472189837019282878320519686971007473994421038773533328330378617408514,1756189442,2025-08-26 06:24:02,0.5
bitcoin-up-or-down-august-27-8pm-et,UP,52663723472189837019282878320519686971007473994421038773533328330378617408514,1756189502,2025-08-26 06:25:02,0.5
bitcoin-up-or-down-august-27-8pm-et,UP,52663723472189837019282878320519686971007473994421038773533328330378617408514,1756189562,2025-08-26 06:26:02,0.5
bitcoin-up-or-down-august-27-8pm-et,UP,52663723472189837019282878320519686971007473994421038773533328330378617408514,1756189622,2025-08-26 06:27:02,0.5
bitcoin-up-or-down-august-27-8pm-et,UP,52663723472189837019282878320519686971007473994421038773533328330378617408514,1756189683,2025-08-26 06:28:03,0.5
bitcoin-up-or-down-august-27-8pm-et,UP,52663723472189837019282878320519686971007473994421038773533328330378617408514,1756189742,2025-08-26 06:29:02,0.5
bitcoin-up-or-down-august-27-8pm-et,UP,52663723472189837019282878320519686971007473994421038773533328330378617408514,1756189806,2025-08-26 06:30:06,0.5
bitcoin-up-or-down-august-27-8pm-et,UP,52663723472189837019282878320519686971007473994421038773533328330378617408514,1756189862,2025-08-26 06:31:02,0.5
bitcoin-up-or-down-august-27-8pm-et,UP,52663723472189837019282878320519686971007473994421038773533328330378617408514,1756189923,2025-08-26 06:32:03,0.5
bitcoin-up-or-down-august-27-8pm-et,UP,52663723472189837019282878320519686971007473994421038773533328330378617408514,1756189983,2025-08-26 06:33:03,0.5
bitcoin-up-or-down-august-27-8pm-et,UP,52663723472189837019282878320519686971007473994421038773533328330378617408514,1756190052,2025-08-26 06:34:12,0.5
bitcoin-up-or-down-august-27-8pm-et,UP,52663723472189837019282878320519686971007473994421038773533328330378617408514,1756190104,2025-08-26 06:35:04,0.5
bitcoin-up-or-down-august-27-8pm-et,UP,52663723472189837019282878320519686971007473994421038773533328330378617408514,1756190162,2025-08-26 06:36:02,0.5
bitcoin-up-or-down-august-27-8pm-et,UP,52663723472189837019282878320519686971007473994421038773533328330378617408514,1756190224,2025-08-26 06:37:04,0.5
bitcoin-up-or-down-august-27-8pm-et,UP,52663723472189837019282878320519686971007473994421038773533328330378617408514,1756190283,2025-08-26 06:38:03,0.5
bitcoin-up-or-down-august-27-8pm-et,UP,52663723472189837019282878320519686971007473994421038773533328330378617408514,1756190343,2025-08-26 06:39:03,0.5
bitcoin-up-or-down-august-27-8pm-et,UP,52663723472189837019282878320519686971007473994421038773533328330378617408514,1756190404,2025-08-26 06:40:04,0.5
bitcoin-up-or-down-august-27-8pm-et,UP,52663723472189837019282878320519686971007473994421038773533328330378617408514,1756190463,2025-08-26 06:41:03,0.5
bitcoin-up-or-down-august-27-8pm-et,UP,52663723472189837019282878320519686971007473994421038773533328330378617408514,1756190523,2025-08-26 06:42:03,0.5
bitcoin-up-or-down-august-27-8pm-et,UP,52663723472189837019282878320519686971007473994421038773533328330378617408514,1756190583,2025-08-26 06:43:03,0.5
bitcoin-up-or-down-august-27-8pm-et,UP,52663723472189837019282878320519686971007473994421038773533328330378617408514,1756190643,2025-08-26 06:44:03,0.5
bitcoin-up-or-down-august-27-8pm-et,UP,52663723472189837019282878320519686971007473994421038773533328330378617408514,1756190703,2025-08-26 06:45:03,0.5
bitcoin-up-or-down-august-27-8pm-et,UP,52663723472189837019282878320519686971007473994421038773533328330378617408514,1756190762,2025-08-26 06:46:02,0.5
bitcoin-up-or-down-august-27-8pm-et,UP,52663723472189837019282878320519686971007473994421038773533328330378617408514,1756190822,2025-08-26 06:47:02,0.5
bitcoin-up-or-down-august-27-8pm-et,UP,52663723472189837019282878320519686971007473994421038773533328330378617408514,1756190882,2025-08-26 06:48:02,0.5
bitcoin-up-or-down-august-27-8pm-et,UP,52663723472189837019282878320519686971007473994421038773533328330378617408514,1756190942,2025-08-26 06:49:02,0.5
bitcoin-up-or-down-august-27-8pm-et,UP,52663723472189837019282878320519686971007473994421038773533328330378617408514,1756191004,2025-08-26 06:50:04,0.5
bitcoin-up-or-down-august-27-8pm-et,UP,52663723472189837019282878320519686971007473994421038773533328330378617408514,1756191063,2025-08-26 06:51:03,0.5
bitcoin-up-or-down-august-27-8pm-et,UP,52663723472189837019282878320519686971007473994421038773533328330378617408514,1756191123,2025-08-26 06:52:03,0.5
bitcoin-up-or-down-august-27-8pm-et,UP,52663723472189837019282878320519686971007473994421038773533328330378617408514,1756191183,2025-08-26 06:53:03,0.5
bitcoin-up-or-down-august-27-8pm-et,UP,52663723472189837019282878320519686971007473994421038773533328330378617408514,1756191243,2025-08-26 06:54:03,0.5
bitcoin-up-or-down-august-27-8pm-et,UP,52663723472189837019282878320519686971007473994421038773533328330378617408514,1756191302,2025-08-26 06:55:02,0.5
bitcoin-up-or-down-august-27-8pm-et,UP,52663723472189837019282878320519686971007473994421038773533328330378617408514,1756191362,2025-08-26 06:56:02,0.5
bitcoin-up-or-down-august-27-8pm-et,UP,52663723472189837019282878320519686971007473994421038773533328330378617408514,1756191422,2025-08-26 06:57:02,0.5
bitcoin-up-or-down-august-27-8pm-et,UP,52663723472189837019282878320519686971007473994421038773533328330378617408514,1756191483,2025-08-26 06:58:03,0.5
bitcoin-up-or-down-august-27-8pm-et,UP,52663723472189837019282878320519686971007473994421038773533328330378617408514,1756191543,2025-08-26 06:59:03,0.5
bitcoin-up-or-down-august-27-8pm-et,UP,52663723472189837019282878320519686971007473994421038773533328330378617408514,1756191617,2025-08-26 07:00:17,0.5
bitcoin-up-or-down-august-27-8pm-et,UP,52663723472189837019282878320519686971007473994421038773533328330378617408514,1756191663,2025-08-26 07:01:03,0.5
bitcoin-up-or-down-august-27-8pm-et,UP,52663723472189837019282878320519686971007473994421038773533328330378617408514,1756191722,2025-08-26 07:02:02,0.5
bitcoin-up-or-down-august-27-8pm-et,UP,52663723472189837019282878320519686971007473994421038773533328330378617408514,1756191783,2025-08-26 07:03:03,0.5
bitcoin-up-or-down-august-27-8pm-et,UP,52663723472189837019282878320519686971007473994421038773533328330378617408514,1756191843,2025-08-26 07:04:03,0.5
bitcoin-up-or-down-august-27-8pm-et,UP,52663723472189837019282878320519686971007473994421038773533328330378617408514,1756191903,2025-08-26 07:05:03,0.5
bitcoin-up-or-down-august-27-8pm-et,UP,52663723472189837019282878320519686971007473994421038773533328330378617408514,1756191963,2025-08-26 07:06:03,0.5
bitcoin-up-or-down-august-27-8pm-et,UP,52663723472189837019282878320519686971007473994421038773533328330378617408514,1756192022,2025-08-26 07:07:02,0.5
bitcoin-up-or-down-august-27-8pm-et,UP,52663723472189837019282878320519686971007473994421038773533328330378617408514,1756192082,2025-08-26 07:08:02,0.5
bitcoin-up-or-down-august-27-8pm-et,UP,52663723472189837019282878320519686971007473994421038773533328330378617408514,1756192144,2025-08-26 07:09:04,0.5
bitcoin-up-or-down-august-27-8pm-et,UP,52663723472189837019282878320519686971007473994421038773533328330378617408514,1756192202,2025-08-26 07:10:02,0.5
bitcoin-up-or-down-august-27-8pm-et,UP,52663723472189837019282878320519686971007473994421038773533328330378617408514,1756192262,2025-08-26 07:11:02,0.5
bitcoin-up-or-down-august-27-8pm-et,UP,52663723472189837019282878320519686971007473994421038773533328330378617408514,1756192322,2025-08-26 07:12:02,0.5
bitcoin-up-or-down-august-27-8pm-et,UP,52663723472189837019282878320519686971007473994421038773533328330378617408514,1756192383,2025-08-26 07:13:03,0.5
bitcoin-up-or-down-august-27-8pm-et,UP,52663723472189837019282878320519686971007473994421038773533328330378617408514,1756192443,2025-08-26 07:14:03,0.5
bitcoin-up-or-down-august-27-8pm-et,UP,52663723472189837019282878320519686971007473994421038773533328330378617408514,1756192504,2025-08-26 07:15:04,0.5
bitcoin-up-or-down-august-27-8pm-et,UP,52663723472189837019282878320519686971007473994421038773533328330378617408514,1756192563,2025-08-26 07:16:03,0.5
bitcoin-up-or-down-august-27-8pm-et,UP,52663723472189837019282878320519686971007473994421038773533328330378617408514,1756192623,2025-08-26 07:17:03,0.5
bitcoin-up-or-down-august-27-8pm-et,UP,52663723472189837019282878320519686971007473994421038773533328330378617408514,1756192683,2025-08-26 07:18:03,0.5
bitcoin-up-or-down-august-27-8pm-et,UP,52663723472189837019282878320519686971007473994421038773533328330378617408514,1756192743,2025-08-26 07:19:03,0.5
bitcoin-up-or-down-august-27-8pm-et,UP,52663723472189837019282878320519686971007473994421038773533328330378617408514,1756192804,2025-08-26 07:20:04,0.5
bitcoin-up-or-down-august-27-8pm-et,UP,52663723472189837019282878320519686971007473994421038773533328330378617408514,1756192863,2025-08-26 07:21:03,0.5
bitcoin-up-or-down-august-27-8pm-et,UP,52663723472189837019282878320519686971007473994421038773533328330378617408514,1756192923,2025-08-26 07:22:03,0.5
bitcoin-up-or-down-august-27-8pm-et,UP,52663723472189837019282878320519686971007473994421038773533328330378617408514,1756192983,2025-08-26 07:23:03,0.5
bitcoin-up-or-down-august-27-8pm-et,UP,52663723472189837019282878320519686971007473994421038773533328330378617408514,1756193042,2025-08-26 07:24:02,0.5
bitcoin-up-or-down-august-27-8pm-et,UP,52663723472189837019282878320519686971007473994421038773533328330378617408514,1756193102,2025-08-26 07:25:02,0.5
bitcoin-up-or-down-august-27-8pm-et,UP,52663723472189837019282878320519686971007473994421038773533328330378617408514,1756193162,2025-08-26 07:26:02,0.5
bitcoin-up-or-down-august-27-8pm-et,UP,52663723472189837019282878320519686971007473994421038773533328330378617408514,1756193225,2025-08-26 07:27:05,0.5
bitcoin-up-or-down-august-27-8pm-et,UP,52663723472189837019282878320519686971007473994421038773533328330378617408514,1756193282,2025-08-26 07:28:02,0.5
bitcoin-up-or-down-august-27-8pm-et,UP,52663723472189837019282878320519686971007473994421038773533328330378617408514,1756193343,2025-08-26 07:29:03,0.5
bitcoin-up-or-down-august-27-8pm-et,UP,52663723472189837019282878320519686971007473994421038773533328330378617408514,1756193403,2025-08-26 07:30:03,0.5
bitcoin-up-or-down-august-27-8pm-et,UP,52663723472189837019282878320519686971007473994421038773533328330378617408514,1756193463,2025-08-26 07:31:03,0.5
bitcoin-up-or-down-august-27-8pm-et,UP,52663723472189837019282878320519686971007473994421038773533328330378617408514,1756193523,2025-08-26 07:32:03,0.5
bitcoin-up-or-down-august-27-8pm-et,UP,52663723472189837019282878320519686971007473994421038773533328330378617408514,1756193583,2025-08-26 07:33:03,0.5
bitcoin-up-or-down-august-27-8pm-et,UP,52663723472189837019282878320519686971007473994421038773533328330378617408514,1756193643,2025-08-26 07:34:03,0.5
bitcoin-up-or-down-august-27-8pm-et,UP,52663723472189837019282878320519686971007473994421038773533328330378617408514,1756193703,2025-08-26 07:35:03,0.5
bitcoin-up-or-down-august-27-8pm-et,UP,52663723472189837019282878320519686971007473994421038773533328330378617408514,1756193762,2025-08-26 07:36:02,0.5
bitcoin-up-or-down-august-27-8pm-et,UP,52663723472189837019282878320519686971007473994421038773533328330378617408514,1756193823,2025-08-26 07:37:03,0.5
bitcoin-up-or-down-august-27-8pm-et,UP,52663723472189837019282878320519686971007473994421038773533328330378617408514,1756193883,2025-08-26 07:38:03,0.5
bitcoin-up-or-down-august-27-8pm-et,UP,52663723472189837019282878320519686971007473994421038773533328330378617408514,1756193943,2025-08-26 07:39:03,0.5
bitcoin-up-or-down-august-27-8pm-et,UP,52663723472189837019282878320519686971007473994421038773533328330378617408514,1756194003,2025-08-26 07:40:03,0.5
bitcoin-up-or-down-august-27-8pm-et,UP,52663723472189837019282878320519686971007473994421038773533328330378617408514,1756194064,2025-08-26 07:41:04,0.5
bitcoin-up-or-down-august-27-8pm-et,UP,52663723472189837019282878320519686971007473994421038773533328330378617408514,1756194122,2025-08-26 07:42:02,0.5
bitcoin-up-or-down-august-27-8pm-et,UP,52663723472189837019282878320519686971007473994421038773533328330378617408514,1756194181,2025-08-26 07:43:01,0.5
bitcoin-up-or-down-august-27-8pm-et,UP,52663723472189837019282878320519686971007473994421038773533328330378617408514,1756194243,2025-08-26 07:44:03,0.5
bitcoin-up-or-down-august-27-8pm-et,UP,52663723472189837019282878320519686971007473994421038773533328330378617408514,1756194303,2025-08-26 07:45:03,0.5
bitcoin-up-or-down-august-27-8pm-et,UP,52663723472189837019282878320519686971007473994421038773533328330378617408514,1756194363,2025-08-26 07:46:03,0.5
bitcoin-up-or-down-august-27-8pm-et,UP,52663723472189837019282878320519686971007473994421038773533328330378617408514,1756194423,2025-08-26 07:47:03,0.5
bitcoin-up-or-down-august-27-8pm-et,UP,52663723472189837019282878320519686971007473994421038773533328330378617408514,1756194483,2025-08-26 07:48:03,0.5
bitcoin-up-or-down-august-27-8pm-et,UP,52663723472189837019282878320519686971007473994421038773533328330378617408514,1756194543,2025-08-26 07:49:03,0.5
bitcoin-up-or-down-august-27-8pm-et,UP,52663723472189837019282878320519686971007473994421038773533328330378617408514,1756194604,2025-08-26 07:50:04,0.5
bitcoin-up-or-down-august-27-8pm-et,UP,52663723472189837019282878320519686971007473994421038773533328330378617408514,1756194663,2025-08-26 07:51:03,0.5
bitcoin-up-or-down-august-27-8pm-et,UP,52663723472189837019282878320519686971007473994421038773533328330378617408514,1756194724,2025-08-26 07:52:04,0.5
bitcoin-up-or-down-august-27-8pm-et,UP,52663723472189837019282878320519686971007473994421038773533328330378617408514,1756194784,2025-08-26 07:53:04,0.5
bitcoin-up-or-down-august-27-8pm-et,UP,52663723472189837019282878320519686971007473994421038773533328330378617408514,1756194843,2025-08-26 07:54:03,0.5
bitcoin-up-or-down-august-27-8pm-et,UP,52663723472189837019282878320519686971007473994421038773533328330378617408514,1756194903,2025-08-26 07:55:03,0.5
bitcoin-up-or-down-august-27-8pm-et,UP,52663723472189837019282878320519686971007473994421038773533328330378617408514,1756194962,2025-08-26 07:56:02,0.5
bitcoin-up-or-down-august-27-8pm-et,UP,52663723472189837019282878320519686971007473994421038773533328330378617408514,1756195023,2025-08-26 07:57:03,0.5
bitcoin-up-or-down-august-27-8pm-et,UP,52663723472189837019282878320519686971007473994421038773533328330378617408514,1756195082,2025-08-26 07:58:02,0.5
bitcoin-up-or-down-august-27-8pm-et,UP,52663723472189837019282878320519686971007473994421038773533328330378617408514,1756195143,2025-08-26 07:59:03,0.5
bitcoin-up-or-down-august-27-8pm-et,UP,52663723472189837019282878320519686971007473994421038773533328330378617408514,1756195202,2025-08-26 08:00:02,0.5
bitcoin-up-or-down-august-27-8pm-et,UP,52663723472189837019282878320519686971007473994421038773533328330378617408514,1756195262,2025-08-26 08:01:02,0.5
bitcoin-up-or-down-august-27-8pm-et,UP,52663723472189837019282878320519686971007473994421038773533328330378617408514,1756195324,2025-08-26 08:02:04,0.5
bitcoin-up-or-down-august-27-8pm-et,UP,52663723472189837019282878320519686971007473994421038773533328330378617408514,1756195382,2025-08-26 08:03:02,0.5
bitcoin-up-or-down-august-27-8pm-et,UP,52663723472189837019282878320519686971007473994421038773533328330378617408514,1756195442,2025-08-26 08:04:02,0.5
bitcoin-up-or-down-august-27-8pm-et,UP,52663723472189837019282878320519686971007473994421038773533328330378617408514,1756195504,2025-08-26 08:05:04,0.5
bitcoin-up-or-down-august-27-8pm-et,UP,52663723472189837019282878320519686971007473994421038773533328330378617408514,1756195563,2025-08-26 08:06:03,0.5
bitcoin-up-or-down-august-27-8pm-et,UP,52663723472189837019282878320519686971007473994421038773533328330378617408514,1756195622,2025-08-26 08:07:02,0.5
bitcoin-up-or-down-august-27-8pm-et,UP,52663723472189837019282878320519686971007473994421038773533328330378617408514,1756195702,2025-08-26 08:08:22,0.5
bitcoin-up-or-down-august-27-8pm-et,UP,52663723472189837019282878320519686971007473994421038773533328330378617408514,1756195743,2025-08-26 08:09:03,0.5
bitcoin-up-or-down-august-27-8pm-et,UP,52663723472189837019282878320519686971007473994421038773533328330378617408514,1756195803,2025-08-26 08:10:03,0.5
bitcoin-up-or-down-august-27-8pm-et,UP,52663723472189837019282878320519686971007473994421038773533328330378617408514,1756195862,2025-08-26 08:11:02,0.5
bitcoin-up-or-down-august-27-8pm-et,UP,52663723472189837019282878320519686971007473994421038773533328330378617408514,1756195923,2025-08-26 08:12:03,0.5
bitcoin-up-or-down-august-27-8pm-et,UP,52663723472189837019282878320519686971007473994421038773533328330378617408514,1756195982,2025-08-26 08:13:02,0.5
bitcoin-up-or-down-august-27-8pm-et,UP,52663723472189837019282878320519686971007473994421038773533328330378617408514,1756196042,2025-08-26 08:14:02,0.5
bitcoin-up-or-down-august-27-8pm-et,UP,52663723472189837019282878320519686971007473994421038773533328330378617408514,1756196103,2025-08-26 08:15:03,0.5
bitcoin-up-or-down-august-27-8pm-et,UP,52663723472189837019282878320519686971007473994421038773533328330378617408514,1756196162,2025-08-26 08:16:02,0.5
bitcoin-up-or-down-august-27-8pm-et,UP,52663723472189837019282878320519686971007473994421038773533328330378617408514,1756196223,2025-08-26 08:17:03,0.5
bitcoin-up-or-down-august-27-8pm-et,UP,52663723472189837019282878320519686971007473994421038773533328330378617408514,1756196282,2025-08-26 08:18:02,0.5
bitcoin-up-or-down-august-27-8pm-et,UP,52663723472189837019282878320519686971007473994421038773533328330378617408514,1756196343,2025-08-26 08:19:03,0.5
bitcoin-up-or-down-august-27-8pm-et,UP,52663723472189837019282878320519686971007473994421038773533328330378617408514,1756196403,2025-08-26 08:20:03,0.5
bitcoin-up-or-down-august-27-8pm-et,UP,52663723472189837019282878320519686971007473994421038773533328330378617408514,1756196462,2025-08-26 08:21:02,0.5
bitcoin-up-or-down-august-27-8pm-et,UP,52663723472189837019282878320519686971007473994421038773533328330378617408514,1756196522,2025-08-26 08:22:02,0.5
bitcoin-up-or-down-august-27-8pm-et,UP,52663723472189837019282878320519686971007473994421038773533328330378617408514,1756196582,2025-08-26 08:23:02,0.5
bitcoin-up-or-down-august-27-8pm-et,UP,52663723472189837019282878320519686971007473994421038773533328330378617408514,1756196643,2025-08-26 08:24:03,0.5
bitcoin-up-or-down-august-27-8pm-et,UP,52663723472189837019282878320519686971007473994421038773533328330378617408514,1756196702,2025-08-26 08:25:02,0.5
bitcoin-up-or-down-august-27-8pm-et,UP,52663723472189837019282878320519686971007473994421038773533328330378617408514,1756196768,2025-08-26 08:26:08,0.5
bitcoin-up-or-down-august-27-8pm-et,UP,52663723472189837019282878320519686971007473994421038773533328330378617408514,1756196822,2025-08-26 08:27:02,0.5
bitcoin-up-or-down-august-27-8pm-et,UP,52663723472189837019282878320519686971007473994421038773533328330378617408514,1756196882,2025-08-26 08:28:02,0.5
bitcoin-up-or-down-august-27-8pm-et,UP,52663723472189837019282878320519686971007473994421038773533328330378617408514,1756196942,2025-08-26 08:29:02,0.5
bitcoin-up-or-down-august-27-8pm-et,UP,52663723472189837019282878320519686971007473994421038773533328330378617408514,1756197004,2025-08-26 08:30:04,0.5
bitcoin-up-or-down-august-27-8pm-et,UP,52663723472189837019282878320519686971007473994421038773533328330378617408514,1756197063,2025-08-26 08:31:03,0.5
bitcoin-up-or-down-august-27-8pm-et,UP,52663723472189837019282878320519686971007473994421038773533328330378617408514,1756197123,2025-08-26 08:32:03,0.5
bitcoin-up-or-down-august-27-8pm-et,UP,52663723472189837019282878320519686971007473994421038773533328330378617408514,1756197183,2025-08-26 08:33:03,0.5
bitcoin-up-or-down-august-27-8pm-et,UP,52663723472189837019282878320519686971007473994421038773533328330378617408514,1756197243,2025-08-26 08:34:03,0.5
bitcoin-up-or-down-august-27-8pm-et,UP,52663723472189837019282878320519686971007473994421038773533328330378617408514,1756197302,2025-08-26 08:35:02,0.5
bitcoin-up-or-down-august-27-8pm-et,UP,52663723472189837019282878320519686971007473994421038773533328330378617408514,1756197363,2025-08-26 08:36:03,0.5
bitcoin-up-or-down-august-27-8pm-et,UP,52663723472189837019282878320519686971007473994421038773533328330378617408514,1756197422,2025-08-26 08:37:02,0.5
bitcoin-up-or-down-august-27-8pm-et,UP,52663723472189837019282878320519686971007473994421038773533328330378617408514,1756197483,2025-08-26 08:38:03,0.5
bitcoin-up-or-down-august-27-8pm-et,UP,52663723472189837019282878320519686971007473994421038773533328330378617408514,1756197543,2025-08-26 08:39:03,0.5
bitcoin-up-or-down-august-27-8pm-et,UP,52663723472189837019282878320519686971007473994421038773533328330378617408514,1756197604,2025-08-26 08:40:04,0.5
bitcoin-up-or-down-august-27-8pm-et,UP,52663723472189837019282878320519686971007473994421038773533328330378617408514,1756197663,2025-08-26 08:41:03,0.5
bitcoin-up-or-down-august-27-8pm-et,UP,52663723472189837019282878320519686971007473994421038773533328330378617408514,1756197723,2025-08-26 08:42:03,0.5
bitcoin-up-or-down-august-27-8pm-et,UP,52663723472189837019282878320519686971007473994421038773533328330378617408514,1756197783,2025-08-26 08:43:03,0.5
bitcoin-up-or-down-august-27-8pm-et,UP,52663723472189837019282878320519686971007473994421038773533328330378617408514,1756197843,2025-08-26 08:44:03,0.5
bitcoin-up-or-down-august-27-8pm-et,UP,52663723472189837019282878320519686971007473994421038773533328330378617408514,1756197902,2025-08-26 08:45:02,0.5
bitcoin-up-or-down-august-27-8pm-et,UP,52663723472189837019282878320519686971007473994421038773533328330378617408514,1756197962,2025-08-26 08:46:02,0.5
bitcoin-up-or-down-august-27-8pm-et,UP,52663723472189837019282878320519686971007473994421038773533328330378617408514,1756198022,2025-08-26 08:47:02,0.5
bitcoin-up-or-down-august-27-8pm-et,UP,52663723472189837019282878320519686971007473994421038773533328330378617408514,1756198082,2025-08-26 08:48:02,0.5
bitcoin-up-or-down-august-27-8pm-et,UP,52663723472189837019282878320519686971007473994421038773533328330378617408514,1756198142,2025-08-26 08:49:02,0.5
bitcoin-up-or-down-august-27-8pm-et,UP,52663723472189837019282878320519686971007473994421038773533328330378617408514,1756198204,2025-08-26 08:50:04,0.5
bitcoin-up-or-down-august-27-8pm-et,UP,52663723472189837019282878320519686971007473994421038773533328330378617408514,1756198262,2025-08-26 08:51:02,0.5
bitcoin-up-or-down-august-27-8pm-et,UP,52663723472189837019282878320519686971007473994421038773533328330378617408514,1756198331,2025-08-26 08:52:11,0.5
bitcoin-up-or-down-august-27-8pm-et,UP,52663723472189837019282878320519686971007473994421038773533328330378617408514,1756198383,2025-08-26 08:53:03,0.5
bitcoin-up-or-down-august-27-8pm-et,UP,52663723472189837019282878320519686971007473994421038773533328330378617408514,1756198443,2025-08-26 08:54:03,0.5
bitcoin-up-or-down-august-27-8pm-et,UP,52663723472189837019282878320519686971007473994421038773533328330378617408514,1756198505,2025-08-26 08:55:05,0.5
bitcoin-up-or-down-august-27-8pm-et,UP,52663723472189837019282878320519686971007473994421038773533328330378617408514,1756198563,2025-08-26 08:56:03,0.5
bitcoin-up-or-down-august-27-8pm-et,UP,52663723472189837019282878320519686971007473994421038773533328330378617408514,1756198622,2025-08-26 08:57:02,0.5
bitcoin-up-or-down-august-27-8pm-et,UP,52663723472189837019282878320519686971007473994421038773533328330378617408514,1756198682,2025-08-26 08:58:02,0.5
bitcoin-up-or-down-august-27-8pm-et,UP,52663723472189837019282878320519686971007473994421038773533328330378617408514,1756198742,2025-08-26 08:59:02,0.5
bitcoin-up-or-down-august-27-8pm-et,UP,52663723472189837019282878320519686971007473994421038773533328330378617408514,1756198808,2025-08-26 09:00:08,0.5
bitcoin-up-or-down-august-27-8pm-et,UP,52663723472189837019282878320519686971007473994421038773533328330378617408514,1756198862,2025-08-26 09:01:02,0.5
bitcoin-up-or-down-august-27-8pm-et,UP,52663723472189837019282878320519686971007473994421038773533328330378617408514,1756198923,2025-08-26 09:02:03,0.5
bitcoin-up-or-down-august-27-8pm-et,UP,52663723472189837019282878320519686971007473994421038773533328330378617408514,1756198984,2025-08-26 09:03:04,0.5
bitcoin-up-or-down-august-27-8pm-et,UP,52663723472189837019282878320519686971007473994421038773533328330378617408514,1756199042,2025-08-26 09:04:02,0.5
bitcoin-up-or-down-august-27-8pm-et,UP,52663723472189837019282878320519686971007473994421038773533328330378617408514,1756199102,2025-08-26 09:05:02,0.5
bitcoin-up-or-down-august-27-8pm-et,UP,52663723472189837019282878320519686971007473994421038773533328330378617408514,1756199163,2025-08-26 09:06:03,0.5
bitcoin-up-or-down-august-27-8pm-et,UP,52663723472189837019282878320519686971007473994421038773533328330378617408514,1756199222,2025-08-26 09:07:02,0.5
bitcoin-up-or-down-august-27-8pm-et,UP,52663723472189837019282878320519686971007473994421038773533328330378617408514,1756199282,2025-08-26 09:08:02,0.5
bitcoin-up-or-down-august-27-8pm-et,UP,52663723472189837019282878320519686971007473994421038773533328330378617408514,1756199342,2025-08-26 09:09:02,0.5
bitcoin-up-or-down-august-27-8pm-et,UP,52663723472189837019282878320519686971007473994421038773533328330378617408514,1756199403,2025-08-26 09:10:03,0.5
bitcoin-up-or-down-august-27-8pm-et,UP,52663723472189837019282878320519686971007473994421038773533328330378617408514,1756199463,2025-08-26 09:11:03,0.5
bitcoin-up-or-down-august-27-8pm-et,UP,52663723472189837019282878320519686971007473994421038773533328330378617408514,1756199523,2025-08-26 09:12:03,0.5
bitcoin-up-or-down-august-27-8pm-et,UP,52663723472189837019282878320519686971007473994421038773533328330378617408514,1756199583,2025-08-26 09:13:03,0.5
bitcoin-up-or-down-august-27-8pm-et,UP,52663723472189837019282878320519686971007473994421038773533328330378617408514,1756199642,2025-08-26 09:14:02,0.5
bitcoin-up-or-down-august-27-8pm-et,UP,52663723472189837019282878320519686971007473994421038773533328330378617408514,1756199703,2025-08-26 09:15:03,0.5
bitcoin-up-or-down-august-27-8pm-et,UP,52663723472189837019282878320519686971007473994421038773533328330378617408514,1756199762,2025-08-26 09:16:02,0.5
bitcoin-up-or-down-august-27-8pm-et,UP,52663723472189837019282878320519686971007473994421038773533328330378617408514,1756199823,2025-08-26 09:17:03,0.5
bitcoin-up-or-down-august-27-8pm-et,UP,52663723472189837019282878320519686971007473994421038773533328330378617408514,1756199883,2025-08-26 09:18:03,0.5
bitcoin-up-or-down-august-27-8pm-et,UP,52663723472189837019282878320519686971007473994421038773533328330378617408514,1756199942,2025-08-26 09:19:02,0.5
bitcoin-up-or-down-august-27-8pm-et,UP,52663723472189837019282878320519686971007473994421038773533328330378617408514,1756200003,2025-08-26 09:20:03,0.5
bitcoin-up-or-down-august-27-8pm-et,UP,52663723472189837019282878320519686971007473994421038773533328330378617408514,1756200063,2025-08-26 09:21:03,0.5
bitcoin-up-or-down-august-27-8pm-et,UP,52663723472189837019282878320519686971007473994421038773533328330378617408514,1756200122,2025-08-26 09:22:02,0.5
bitcoin-up-or-down-august-27-8pm-et,UP,52663723472189837019282878320519686971007473994421038773533328330378617408514,1756200182,2025-08-26 09:23:02,0.5
bitcoin-up-or-down-august-27-8pm-et,UP,52663723472189837019282878320519686971007473994421038773533328330378617408514,1756200243,2025-08-26 09:24:03,0.5
bitcoin-up-or-down-august-27-8pm-et,UP,52663723472189837019282878320519686971007473994421038773533328330378617408514,1756200304,2025-08-26 09:25:04,0.5
bitcoin-up-or-down-august-27-8pm-et,UP,52663723472189837019282878320519686971007473994421038773533328330378617408514,1756200364,2025-08-26 09:26:04,0.5
bitcoin-up-or-down-august-27-8pm-et,UP,52663723472189837019282878320519686971007473994421038773533328330378617408514,1756200423,2025-08-26 09:27:03,0.5
bitcoin-up-or-down-august-27-8pm-et,UP,52663723472189837019282878320519686971007473994421038773533328330378617408514,1756200483,2025-08-26 09:28:03,0.5
bitcoin-up-or-down-august-27-8pm-et,UP,52663723472189837019282878320519686971007473994421038773533328330378617408514,1756200543,2025-08-26 09:29:03,0.5
bitcoin-up-or-down-august-27-8pm-et,UP,52663723472189837019282878320519686971007473994421038773533328330378617408514,1756200602,2025-08-26 09:30:02,0.5
bitcoin-up-or-down-august-27-8pm-et,UP,52663723472189837019282878320519686971007473994421038773533328330378617408514,1756200662,2025-08-26 09:31:02,0.5
bitcoin-up-or-down-august-27-8pm-et,UP,52663723472189837019282878320519686971007473994421038773533328330378617408514,1756200723,2025-08-26 09:32:03,0.5
bitcoin-up-or-down-august-27-8pm-et,UP,52663723472189837019282878320519686971007473994421038773533328330378617408514,1756200782,2025-08-26 09:33:02,0.5
bitcoin-up-or-down-august-27-8pm-et,UP,52663723472189837019282878320519686971007473994421038773533328330378617408514,1756200842,2025-08-26 09:34:02,0.5
bitcoin-up-or-down-august-27-8pm-et,UP,52663723472189837019282878320519686971007473994421038773533328330378617408514,1756200902,2025-08-26 09:35:02,0.5
bitcoin-up-or-down-august-27-8pm-et,UP,52663723472189837019282878320519686971007473994421038773533328330378617408514,1756200963,2025-08-26 09:36:03,0.5
bitcoin-up-or-down-august-27-8pm-et,UP,52663723472189837019282878320519686971007473994421038773533328330378617408514,1756201022,2025-08-26 09:37:02,0.5
bitcoin-up-or-down-august-27-8pm-et,UP,52663723472189837019282878320519686971007473994421038773533328330378617408514,1756201082,2025-08-26 09:38:02,0.5
bitcoin-up-or-down-august-27-8pm-et,UP,52663723472189837019282878320519686971007473994421038773533328330378617408514,1756201142,2025-08-26 09:39:02,0.5
bitcoin-up-or-down-august-27-8pm-et,UP,52663723472189837019282878320519686971007473994421038773533328330378617408514,1756201204,2025-08-26 09:40:04,0.5
bitcoin-up-or-down-august-27-8pm-et,UP,52663723472189837019282878320519686971007473994421038773533328330378617408514,1756201262,2025-08-26 09:41:02,0.5
bitcoin-up-or-down-august-27-8pm-et,UP,52663723472189837019282878320519686971007473994421038773533328330378617408514,1756201323,2025-08-26 09:42:03,0.5
bitcoin-up-or-down-august-27-8pm-et,UP,52663723472189837019282878320519686971007473994421038773533328330378617408514,1756201383,2025-08-26 09:43:03,0.5
bitcoin-up-or-down-august-27-8pm-et,UP,52663723472189837019282878320519686971007473994421038773533328330378617408514,1756201442,2025-08-26 09:44:02,0.5
bitcoin-up-or-down-august-27-8pm-et,UP,52663723472189837019282878320519686971007473994421038773533328330378617408514,1756201503,2025-08-26 09:45:03,0.5
bitcoin-up-or-down-august-27-8pm-et,UP,52663723472189837019282878320519686971007473994421038773533328330378617408514,1756201563,2025-08-26 09:46:03,0.5
bitcoin-up-or-down-august-27-8pm-et,UP,52663723472189837019282878320519686971007473994421038773533328330378617408514,1756201623,2025-08-26 09:47:03,0.5
bitcoin-up-or-down-august-27-8pm-et,UP,52663723472189837019282878320519686971007473994421038773533328330378617408514,1756201682,2025-08-26 09:48:02,0.5
bitcoin-up-or-down-august-27-8pm-et,UP,52663723472189837019282878320519686971007473994421038773533328330378617408514,1756201743,2025-08-26 09:49:03,0.5
bitcoin-up-or-down-august-27-8pm-et,UP,52663723472189837019282878320519686971007473994421038773533328330378617408514,1756201802,2025-08-26 09:50:02,0.5
bitcoin-up-or-down-august-27-8pm-et,UP,52663723472189837019282878320519686971007473994421038773533328330378617408514,1756201863,2025-08-26 09:51:03,0.5
bitcoin-up-or-down-august-27-8pm-et,UP,52663723472189837019282878320519686971007473994421038773533328330378617408514,1756201922,2025-08-26 09:52:02,0.5
bitcoin-up-or-down-august-27-8pm-et,UP,52663723472189837019282878320519686971007473994421038773533328330378617408514,1756201982,2025-08-26 09:53:02,0.5
bitcoin-up-or-down-august-27-8pm-et,UP,52663723472189837019282878320519686971007473994421038773533328330378617408514,1756202044,2025-08-26 09:54:04,0.5
bitcoin-up-or-down-august-27-8pm-et,UP,52663723472189837019282878320519686971007473994421038773533328330378617408514,1756202103,2025-08-26 09:55:03,0.5
bitcoin-up-or-down-august-27-8pm-et,UP,52663723472189837019282878320519686971007473994421038773533328330378617408514,1756202162,2025-08-26 09:56:02,0.5
bitcoin-up-or-down-august-27-8pm-et,UP,52663723472189837019282878320519686971007473994421038773533328330378617408514,1756202223,2025-08-26 09:57:03,0.5
bitcoin-up-or-down-august-27-8pm-et,UP,52663723472189837019282878320519686971007473994421038773533328330378617408514,1756202284,2025-08-26 09:58:04,0.5
bitcoin-up-or-down-august-27-8pm-et,UP,52663723472189837019282878320519686971007473994421038773533328330378617408514,1756202343,2025-08-26 09:59:03,0.5
bitcoin-up-or-down-august-27-8pm-et,UP,52663723472189837019282878320519686971007473994421038773533328330378617408514,1756202406,2025-08-26 10:00:06,0.5
bitcoin-up-or-down-august-27-8pm-et,UP,52663723472189837019282878320519686971007473994421038773533328330378617408514,1756202462,2025-08-26 10:01:02,0.5
bitcoin-up-or-down-august-27-8pm-et,UP,52663723472189837019282878320519686971007473994421038773533328330378617408514,1756202523,2025-08-26 10:02:03,0.5
bitcoin-up-or-down-august-27-8pm-et,UP,52663723472189837019282878320519686971007473994421038773533328330378617408514,1756202582,2025-08-26 10:03:02,0.5
bitcoin-up-or-down-august-27-8pm-et,UP,52663723472189837019282878320519686971007473994421038773533328330378617408514,1756202644,2025-08-26 10:04:04,0.5
bitcoin-up-or-down-august-27-8pm-et,UP,52663723472189837019282878320519686971007473994421038773533328330378617408514,1756202702,2025-08-26 10:05:02,0.5
bitcoin-up-or-down-august-27-8pm-et,UP,52663723472189837019282878320519686971007473994421038773533328330378617408514,1756202764,2025-08-26 10:06:04,0.5
bitcoin-up-or-down-august-27-8pm-et,UP,52663723472189837019282878320519686971007473994421038773533328330378617408514,1756202823,2025-08-26 10:07:03,0.5
bitcoin-up-or-down-august-27-8pm-et,UP,52663723472189837019282878320519686971007473994421038773533328330378617408514,1756202883,2025-08-26 10:08:03,0.5
bitcoin-up-or-down-august-27-8pm-et,UP,52663723472189837019282878320519686971007473994421038773533328330378617408514,1756202942,2025-08-26 10:09:02,0.5
bitcoin-up-or-down-august-27-8pm-et,UP,52663723472189837019282878320519686971007473994421038773533328330378617408514,1756203003,2025-08-26 10:10:03,0.5
bitcoin-up-or-down-august-27-8pm-et,UP,52663723472189837019282878320519686971007473994421038773533328330378617408514,1756203063,2025-08-26 10:11:03,0.5
bitcoin-up-or-down-august-27-8pm-et,UP,52663723472189837019282878320519686971007473994421038773533328330378617408514,1756203123,2025-08-26 10:12:03,0.5
bitcoin-up-or-down-august-27-8pm-et,UP,52663723472189837019282878320519686971007473994421038773533328330378617408514,1756203183,2025-08-26 10:13:03,0.5
bitcoin-up-or-down-august-27-8pm-et,UP,52663723472189837019282878320519686971007473994421038773533328330378617408514,1756203242,2025-08-26 10:14:02,0.5
bitcoin-up-or-down-august-27-8pm-et,UP,52663723472189837019282878320519686971007473994421038773533328330378617408514,1756203304,2025-08-26 10:15:04,0.5
bitcoin-up-or-down-august-27-8pm-et,UP,52663723472189837019282878320519686971007473994421038773533328330378617408514,1756203362,2025-08-26 10:16:02,0.5
bitcoin-up-or-down-august-27-8pm-et,UP,52663723472189837019282878320519686971007473994421038773533328330378617408514,1756203422,2025-08-26 10:17:02,0.5
bitcoin-up-or-down-august-27-8pm-et,UP,52663723472189837019282878320519686971007473994421038773533328330378617408514,1756203486,2025-08-26 10:18:06,0.5
bitcoin-up-or-down-august-27-8pm-et,UP,52663723472189837019282878320519686971007473994421038773533328330378617408514,1756203543,2025-08-26 10:19:03,0.5
bitcoin-up-or-down-august-27-8pm-et,UP,52663723472189837019282878320519686971007473994421038773533328330378617408514,1756203603,2025-08-26 10:20:03,0.5
bitcoin-up-or-down-august-27-8pm-et,UP,52663723472189837019282878320519686971007473994421038773533328330378617408514,1756203663,2025-08-26 10:21:03,0.5
bitcoin-up-or-down-august-27-8pm-et,UP,52663723472189837019282878320519686971007473994421038773533328330378617408514,1756203723,2025-08-26 10:22:03,0.5
bitcoin-up-or-down-august-27-8pm-et,UP,52663723472189837019282878320519686971007473994421038773533328330378617408514,1756203783,2025-08-26 10:23:03,0.5
bitcoin-up-or-down-august-27-8pm-et,UP,52663723472189837019282878320519686971007473994421038773533328330378617408514,1756203843,2025-08-26 10:24:03,0.5
bitcoin-up-or-down-august-27-8pm-et,UP,52663723472189837019282878320519686971007473994421038773533328330378617408514,1756203904,2025-08-26 10:25:04,0.5
bitcoin-up-or-down-august-27-8pm-et,UP,52663723472189837019282878320519686971007473994421038773533328330378617408514,1756203963,2025-08-26 10:26:03,0.5
bitcoin-up-or-down-august-27-8pm-et,UP,52663723472189837019282878320519686971007473994421038773533328330378617408514,1756204022,2025-08-26 10:27:02,0.5
bitcoin-up-or-down-august-27-8pm-et,UP,52663723472189837019282878320519686971007473994421038773533328330378617408514,1756204083,2025-08-26 10:28:03,0.5
bitcoin-up-or-down-august-27-8pm-et,UP,52663723472189837019282878320519686971007473994421038773533328330378617408514,1756204143,2025-08-26 10:29:03,0.5
bitcoin-up-or-down-august-27-8pm-et,UP,52663723472189837019282878320519686971007473994421038773533328330378617408514,1756204202,2025-08-26 10:30:02,0.5
bitcoin-up-or-down-august-27-8pm-et,UP,52663723472189837019282878320519686971007473994421038773533328330378617408514,1756204263,2025-08-26 10:31:03,0.5
bitcoin-up-or-down-august-27-8pm-et,UP,52663723472189837019282878320519686971007473994421038773533328330378617408514,1756204322,2025-08-26 10:32:02,0.5
bitcoin-up-or-down-august-27-8pm-et,UP,52663723472189837019282878320519686971007473994421038773533328330378617408514,1756204382,2025-08-26 10:33:02,0.5
bitcoin-up-or-down-august-27-8pm-et,UP,52663723472189837019282878320519686971007473994421038773533328330378617408514,1756204442,2025-08-26 10:34:02,0.5
bitcoin-up-or-down-august-27-8pm-et,UP,52663723472189837019282878320519686971007473994421038773533328330378617408514,1756204502,2025-08-26 10:35:02,0.5
bitcoin-up-or-down-august-27-8pm-et,UP,52663723472189837019282878320519686971007473994421038773533328330378617408514,1756204563,2025-08-26 10:36:03,0.5
bitcoin-up-or-down-august-27-8pm-et,UP,52663723472189837019282878320519686971007473994421038773533328330378617408514,1756204622,2025-08-26 10:37:02,0.5
bitcoin-up-or-down-august-27-8pm-et,UP,52663723472189837019282878320519686971007473994421038773533328330378617408514,1756204682,2025-08-26 10:38:02,0.5
bitcoin-up-or-down-august-27-8pm-et,UP,52663723472189837019282878320519686971007473994421038773533328330378617408514,1756204742,2025-08-26 10:39:02,0.5
bitcoin-up-or-down-august-27-8pm-et,UP,52663723472189837019282878320519686971007473994421038773533328330378617408514,1756204802,2025-08-26 10:40:02,0.5
bitcoin-up-or-down-august-27-8pm-et,UP,52663723472189837019282878320519686971007473994421038773533328330378617408514,1756204863,2025-08-26 10:41:03,0.5
bitcoin-up-or-down-august-27-8pm-et,UP,52663723472189837019282878320519686971007473994421038773533328330378617408514,1756204923,2025-08-26 10:42:03,0.5
bitcoin-up-or-down-august-27-8pm-et,UP,52663723472189837019282878320519686971007473994421038773533328330378617408514,1756204984,2025-08-26 10:43:04,0.5
bitcoin-up-or-down-august-27-8pm-et,UP,52663723472189837019282878320519686971007473994421038773533328330378617408514,1756205051,2025-08-26 10:44:11,0.5
bitcoin-up-or-down-august-27-8pm-et,UP,52663723472189837019282878320519686971007473994421038773533328330378617408514,1756205105,2025-08-26 10:45:05,0.5
bitcoin-up-or-down-august-27-8pm-et,UP,52663723472189837019282878320519686971007473994421038773533328330378617408514,1756205162,2025-08-26 10:46:02,0.5
bitcoin-up-or-down-august-27-8pm-et,UP,52663723472189837019282878320519686971007473994421038773533328330378617408514,1756205223,2025-08-26 10:47:03,0.5
bitcoin-up-or-down-august-27-8pm-et,UP,52663723472189837019282878320519686971007473994421038773533328330378617408514,1756205283,2025-08-26 10:48:03,0.5
bitcoin-up-or-down-august-27-8pm-et,UP,52663723472189837019282878320519686971007473994421038773533328330378617408514,1756205343,2025-08-26 10:49:03,0.5
bitcoin-up-or-down-august-27-8pm-et,UP,52663723472189837019282878320519686971007473994421038773533328330378617408514,1756205402,2025-08-26 10:50:02,0.5
bitcoin-up-or-down-august-27-8pm-et,UP,52663723472189837019282878320519686971007473994421038773533328330378617408514,1756205464,2025-08-26 10:51:04,0.5
bitcoin-up-or-down-august-27-8pm-et,UP,52663723472189837019282878320519686971007473994421038773533328330378617408514,1756205523,2025-08-26 10:52:03,0.5
bitcoin-up-or-down-august-27-8pm-et,UP,52663723472189837019282878320519686971007473994421038773533328330378617408514,1756205582,2025-08-26 10:53:02,0.5
bitcoin-up-or-down-august-27-8pm-et,UP,52663723472189837019282878320519686971007473994421038773533328330378617408514,1756205644,2025-08-26 10:54:04,0.5
bitcoin-up-or-down-august-27-8pm-et,UP,52663723472189837019282878320519686971007473994421038773533328330378617408514,1756205703,2025-08-26 10:55:03,0.5
bitcoin-up-or-down-august-27-8pm-et,UP,52663723472189837019282878320519686971007473994421038773533328330378617408514,1756205762,2025-08-26 10:56:02,0.5
bitcoin-up-or-down-august-27-8pm-et,UP,52663723472189837019282878320519686971007473994421038773533328330378617408514,1756205823,2025-08-26 10:57:03,0.5
bitcoin-up-or-down-august-27-8pm-et,UP,52663723472189837019282878320519686971007473994421038773533328330378617408514,1756205882,2025-08-26 10:58:02,0.5
bitcoin-up-or-down-august-27-8pm-et,UP,52663723472189837019282878320519686971007473994421038773533328330378617408514,1756205942,2025-08-26 10:59:02,0.5
bitcoin-up-or-down-august-27-8pm-et,UP,52663723472189837019282878320519686971007473994421038773533328330378617408514,1756206016,2025-08-26 11:00:16,0.5
bitcoin-up-or-down-august-27-8pm-et,UP,52663723472189837019282878320519686971007473994421038773533328330378617408514,1756206062,2025-08-26 11:01:02,0.5
bitcoin-up-or-down-august-27-8pm-et,UP,52663723472189837019282878320519686971007473994421038773533328330378617408514,1756206122,2025-08-26 11:02:02,0.5
bitcoin-up-or-down-august-27-8pm-et,UP,52663723472189837019282878320519686971007473994421038773533328330378617408514,1756206182,2025-08-26 11:03:02,0.5
bitcoin-up-or-down-august-27-8pm-et,UP,52663723472189837019282878320519686971007473994421038773533328330378617408514,1756206243,2025-08-26 11:04:03,0.5
bitcoin-up-or-down-august-27-8pm-et,UP,52663723472189837019282878320519686971007473994421038773533328330378617408514,1756206302,2025-08-26 11:05:02,0.5
bitcoin-up-or-down-august-27-8pm-et,UP,52663723472189837019282878320519686971007473994421038773533328330378617408514,1756206362,2025-08-26 11:06:02,0.5
bitcoin-up-or-down-august-27-8pm-et,UP,52663723472189837019282878320519686971007473994421038773533328330378617408514,1756206424,2025-08-26 11:07:04,0.5
bitcoin-up-or-down-august-27-8pm-et,UP,52663723472189837019282878320519686971007473994421038773533328330378617408514,1756206483,2025-08-26 11:08:03,0.5
bitcoin-up-or-down-august-27-8pm-et,UP,52663723472189837019282878320519686971007473994421038773533328330378617408514,1756206543,2025-08-26 11:09:03,0.5
bitcoin-up-or-down-august-27-8pm-et,UP,52663723472189837019282878320519686971007473994421038773533328330378617408514,1756206603,2025-08-26 11:10:03,0.5
bitcoin-up-or-down-august-27-8pm-et,UP,52663723472189837019282878320519686971007473994421038773533328330378617408514,1756206663,2025-08-26 11:11:03,0.5
bitcoin-up-or-down-august-27-8pm-et,UP,52663723472189837019282878320519686971007473994421038773533328330378617408514,1756206724,2025-08-26 11:12:04,0.5
bitcoin-up-or-down-august-27-8pm-et,UP,52663723472189837019282878320519686971007473994421038773533328330378617408514,1756206783,2025-08-26 11:13:03,0.5
bitcoin-up-or-down-august-27-8pm-et,UP,52663723472189837019282878320519686971007473994421038773533328330378617408514,1756206843,2025-08-26 11:14:03,0.5
bitcoin-up-or-down-august-27-8pm-et,UP,52663723472189837019282878320519686971007473994421038773533328330378617408514,1756206903,2025-08-26 11:15:03,0.5
bitcoin-up-or-down-august-27-8pm-et,UP,52663723472189837019282878320519686971007473994421038773533328330378617408514,1756206963,2025-08-26 11:16:03,0.5
bitcoin-up-or-down-august-27-8pm-et,UP,52663723472189837019282878320519686971007473994421038773533328330378617408514,1756207022,2025-08-26 11:17:02,0.5
bitcoin-up-or-down-august-27-8pm-et,UP,52663723472189837019282878320519686971007473994421038773533328330378617408514,1756207082,2025-08-26 11:18:02,0.5
bitcoin-up-or-down-august-27-8pm-et,UP,52663723472189837019282878320519686971007473994421038773533328330378617408514,1756207144,2025-08-26 11:19:04,0.5
bitcoin-up-or-down-august-27-8pm-et,UP,52663723472189837019282878320519686971007473994421038773533328330378617408514,1756207203,2025-08-26 11:20:03,0.5
bitcoin-up-or-down-august-27-8pm-et,UP,52663723472189837019282878320519686971007473994421038773533328330378617408514,1756207263,2025-08-26 11:21:03,0.5
bitcoin-up-or-down-august-27-8pm-et,UP,52663723472189837019282878320519686971007473994421038773533328330378617408514,1756207323,2025-08-26 11:22:03,0.5
bitcoin-up-or-down-august-27-8pm-et,UP,52663723472189837019282878320519686971007473994421038773533328330378617408514,1756207382,2025-08-26 11:23:02,0.5
bitcoin-up-or-down-august-27-8pm-et,UP,52663723472189837019282878320519686971007473994421038773533328330378617408514,1756207442,2025-08-26 11:24:02,0.5
bitcoin-up-or-down-august-27-8pm-et,UP,52663723472189837019282878320519686971007473994421038773533328330378617408514,1756207504,2025-08-26 11:25:04,0.5
bitcoin-up-or-down-august-27-8pm-et,UP,52663723472189837019282878320519686971007473994421038773533328330378617408514,1756207568,2025-08-26 11:26:08,0.5
bitcoin-up-or-down-august-27-8pm-et,UP,52663723472189837019282878320519686971007473994421038773533328330378617408514,1756207623,2025-08-26 11:27:03,0.5
bitcoin-up-or-down-august-27-8pm-et,UP,52663723472189837019282878320519686971007473994421038773533328330378617408514,1756207682,2025-08-26 11:28:02,0.5
bitcoin-up-or-down-august-27-8pm-et,UP,52663723472189837019282878320519686971007473994421038773533328330378617408514,1756207743,2025-08-26 11:29:03,0.5
bitcoin-up-or-down-august-27-8pm-et,UP,52663723472189837019282878320519686971007473994421038773533328330378617408514,1756207804,2025-08-26 11:30:04,0.5
bitcoin-up-or-down-august-27-8pm-et,UP,52663723472189837019282878320519686971007473994421038773533328330378617408514,1756207863,2025-08-26 11:31:03,0.5
bitcoin-up-or-down-august-27-8pm-et,UP,52663723472189837019282878320519686971007473994421038773533328330378617408514,1756207923,2025-08-26 11:32:03,0.5
bitcoin-up-or-down-august-27-8pm-et,UP,52663723472189837019282878320519686971007473994421038773533328330378617408514,1756207982,2025-08-26 11:33:02,0.5
bitcoin-up-or-down-august-27-8pm-et,UP,52663723472189837019282878320519686971007473994421038773533328330378617408514,1756208043,2025-08-26 11:34:03,0.5
bitcoin-up-or-down-august-27-8pm-et,UP,52663723472189837019282878320519686971007473994421038773533328330378617408514,1756208103,2025-08-26 11:35:03,0.5
bitcoin-up-or-down-august-27-8pm-et,UP,52663723472189837019282878320519686971007473994421038773533328330378617408514,1756208162,2025-08-26 11:36:02,0.5
bitcoin-up-or-down-august-27-8pm-et,UP,52663723472189837019282878320519686971007473994421038773533328330378617408514,1756208222,2025-08-26 11:37:02,0.5
bitcoin-up-or-down-august-27-8pm-et,UP,52663723472189837019282878320519686971007473994421038773533328330378617408514,1756208283,2025-08-26 11:38:03,0.5
bitcoin-up-or-down-august-27-8pm-et,UP,52663723472189837019282878320519686971007473994421038773533328330378617408514,1756208343,2025-08-26 11:39:03,0.5
bitcoin-up-or-down-august-27-8pm-et,UP,52663723472189837019282878320519686971007473994421038773533328330378617408514,1756208403,2025-08-26 11:40:03,0.5
bitcoin-up-or-down-august-27-8pm-et,UP,52663723472189837019282878320519686971007473994421038773533328330378617408514,1756208463,2025-08-26 11:41:03,0.5
bitcoin-up-or-down-august-27-8pm-et,UP,52663723472189837019282878320519686971007473994421038773533328330378617408514,1756208523,2025-08-26 11:42:03,0.5
bitcoin-up-or-down-august-27-8pm-et,UP,52663723472189837019282878320519686971007473994421038773533328330378617408514,1756208583,2025-08-26 11:43:03,0.5
bitcoin-up-or-down-august-27-8pm-et,UP,52663723472189837019282878320519686971007473994421038773533328330378617408514,1756208643,2025-08-26 11:44:03,0.5
bitcoin-up-or-down-august-27-8pm-et,UP,52663723472189837019282878320519686971007473994421038773533328330378617408514,1756208702,2025-08-26 11:45:02,0.5
bitcoin-up-or-down-august-27-8pm-et,UP,52663723472189837019282878320519686971007473994421038773533328330378617408514,1756208763,2025-08-26 11:46:03,0.5
bitcoin-up-or-down-august-27-8pm-et,UP,52663723472189837019282878320519686971007473994421038773533328330378617408514,1756208824,2025-08-26 11:47:04,0.5
bitcoin-up-or-down-august-27-8pm-et,UP,52663723472189837019282878320519686971007473994421038773533328330378617408514,1756208882,2025-08-26 11:48:02,0.5
bitcoin-up-or-down-august-27-8pm-et,UP,52663723472189837019282878320519686971007473994421038773533328330378617408514,1756208942,2025-08-26 11:49:02,0.5
bitcoin-up-or-down-august-27-8pm-et,UP,52663723472189837019282878320519686971007473994421038773533328330378617408514,1756209003,2025-08-26 11:50:03,0.5
bitcoin-up-or-down-august-27-8pm-et,UP,52663723472189837019282878320519686971007473994421038773533328330378617408514,1756209064,2025-08-26 11:51:04,0.5
bitcoin-up-or-down-august-27-8pm-et,UP,52663723472189837019282878320519686971007473994421038773533328330378617408514,1756209126,2025-08-26 11:52:06,0.5
bitcoin-up-or-down-august-27-8pm-et,UP,52663723472189837019282878320519686971007473994421038773533328330378617408514,1756209182,2025-08-26 11:53:02,0.5
bitcoin-up-or-down-august-27-8pm-et,UP,52663723472189837019282878320519686971007473994421038773533328330378617408514,1756209243,2025-08-26 11:54:03,0.5
bitcoin-up-or-down-august-27-8pm-et,UP,52663723472189837019282878320519686971007473994421038773533328330378617408514,1756209304,2025-08-26 11:55:04,0.5
bitcoin-up-or-down-august-27-8pm-et,UP,52663723472189837019282878320519686971007473994421038773533328330378617408514,1756209363,2025-08-26 11:56:03,0.5
bitcoin-up-or-down-august-27-8pm-et,UP,52663723472189837019282878320519686971007473994421038773533328330378617408514,1756209423,2025-08-26 11:57:03,0.5
bitcoin-up-or-down-august-27-8pm-et,UP,52663723472189837019282878320519686971007473994421038773533328330378617408514,1756209482,2025-08-26 11:58:02,0.5
bitcoin-up-or-down-august-27-8pm-et,UP,52663723472189837019282878320519686971007473994421038773533328330378617408514,1756209542,2025-08-26 11:59:02,0.5
bitcoin-up-or-down-august-27-8pm-et,UP,52663723472189837019282878320519686971007473994421038773533328330378617408514,1756209615,2025-08-26 12:00:15,0.5
bitcoin-up-or-down-august-27-8pm-et,UP,52663723472189837019282878320519686971007473994421038773533328330378617408514,1756209662,2025-08-26 12:01:02,0.5
bitcoin-up-or-down-august-27-8pm-et,UP,52663723472189837019282878320519686971007473994421038773533328330378617408514,1756209723,2025-08-26 12:02:03,0.5
bitcoin-up-or-down-august-27-8pm-et,UP,52663723472189837019282878320519686971007473994421038773533328330378617408514,1756209782,2025-08-26 12:03:02,0.5
bitcoin-up-or-down-august-27-8pm-et,UP,52663723472189837019282878320519686971007473994421038773533328330378617408514,1756209842,2025-08-26 12:04:02,0.5
bitcoin-up-or-down-august-27-8pm-et,UP,52663723472189837019282878320519686971007473994421038773533328330378617408514,1756209903,2025-08-26 12:05:03,0.5
bitcoin-up-or-down-august-27-8pm-et,UP,52663723472189837019282878320519686971007473994421038773533328330378617408514,1756209963,2025-08-26 12:06:03,0.5
bitcoin-up-or-down-august-27-8pm-et,UP,52663723472189837019282878320519686971007473994421038773533328330378617408514,1756210022,2025-08-26 12:07:02,0.5
bitcoin-up-or-down-august-27-8pm-et,UP,52663723472189837019282878320519686971007473994421038773533328330378617408514,1756210083,2025-08-26 12:08:03,0.5
bitcoin-up-or-down-august-27-8pm-et,UP,52663723472189837019282878320519686971007473994421038773533328330378617408514,1756210142,2025-08-26 12:09:02,0.5
bitcoin-up-or-down-august-27-8pm-et,UP,52663723472189837019282878320519686971007473994421038773533328330378617408514,1756210203,2025-08-26 12:10:03,0.5
bitcoin-up-or-down-august-27-8pm-et,UP,52663723472189837019282878320519686971007473994421038773533328330378617408514,1756210263,2025-08-26 12:11:03,0.5
bitcoin-up-or-down-august-27-8pm-et,UP,52663723472189837019282878320519686971007473994421038773533328330378617408514,1756210322,2025-08-26 12:12:02,0.5
bitcoin-up-or-down-august-27-8pm-et,UP,52663723472189837019282878320519686971007473994421038773533328330378617408514,1756210382,2025-08-26 12:13:02,0.5
bitcoin-up-or-down-august-27-8pm-et,UP,52663723472189837019282878320519686971007473994421038773533328330378617408514,1756210442,2025-08-26 12:14:02,0.5
bitcoin-up-or-down-august-27-8pm-et,UP,52663723472189837019282878320519686971007473994421038773533328330378617408514,1756210503,2025-08-26 12:15:03,0.5
bitcoin-up-or-down-august-27-8pm-et,UP,52663723472189837019282878320519686971007473994421038773533328330378617408514,1756210562,2025-08-26 12:16:02,0.5
bitcoin-up-or-down-august-27-8pm-et,UP,52663723472189837019282878320519686971007473994421038773533328330378617408514,1756210622,2025-08-26 12:17:02,0.5
bitcoin-up-or-down-august-27-8pm-et,UP,52663723472189837019282878320519686971007473994421038773533328330378617408514,1756210683,2025-08-26 12:18:03,0.5
bitcoin-up-or-down-august-27-8pm-et,UP,52663723472189837019282878320519686971007473994421038773533328330378617408514,1756210743,2025-08-26 12:19:03,0.5
bitcoin-up-or-down-august-27-8pm-et,UP,52663723472189837019282878320519686971007473994421038773533328330378617408514,1756210803,2025-08-26 12:20:03,0.5
bitcoin-up-or-down-august-27-8pm-et,UP,52663723472189837019282878320519686971007473994421038773533328330378617408514,1756210862,2025-08-26 12:21:02,0.5
bitcoin-up-or-down-august-27-8pm-et,UP,52663723472189837019282878320519686971007473994421038773533328330378617408514,1756210923,2025-08-26 12:22:03,0.5
bitcoin-up-or-down-august-27-8pm-et,UP,52663723472189837019282878320519686971007473994421038773533328330378617408514,1756210982,2025-08-26 12:23:02,0.5
bitcoin-up-or-down-august-27-8pm-et,UP,52663723472189837019282878320519686971007473994421038773533328330378617408514,1756211042,2025-08-26 12:24:02,0.5
bitcoin-up-or-down-august-27-8pm-et,UP,52663723472189837019282878320519686971007473994421038773533328330378617408514,1756211104,2025-08-26 12:25:04,0.5
bitcoin-up-or-down-august-27-8pm-et,UP,52663723472189837019282878320519686971007473994421038773533328330378617408514,1756211162,2025-08-26 12:26:02,0.5
bitcoin-up-or-down-august-27-8pm-et,UP,52663723472189837019282878320519686971007473994421038773533328330378617408514,1756211222,2025-08-26 12:27:02,0.5
bitcoin-up-or-down-august-27-8pm-et,UP,52663723472189837019282878320519686971007473994421038773533328330378617408514,1756211283,2025-08-26 12:28:03,0.5
bitcoin-up-or-down-august-27-8pm-et,UP,52663723472189837019282878320519686971007473994421038773533328330378617408514,1756211342,2025-08-26 12:29:02,0.5
bitcoin-up-or-down-august-27-8pm-et,UP,52663723472189837019282878320519686971007473994421038773533328330378617408514,1756211407,2025-08-26 12:30:07,0.5
bitcoin-up-or-down-august-27-8pm-et,UP,52663723472189837019282878320519686971007473994421038773533328330378617408514,1756211463,2025-08-26 12:31:03,0.5
bitcoin-up-or-down-august-27-8pm-et,UP,52663723472189837019282878320519686971007473994421038773533328330378617408514,1756211523,2025-08-26 12:32:03,0.5
bitcoin-up-or-down-august-27-8pm-et,UP,52663723472189837019282878320519686971007473994421038773533328330378617408514,1756211582,2025-08-26 12:33:02,0.5
bitcoin-up-or-down-august-27-8pm-et,UP,52663723472189837019282878320519686971007473994421038773533328330378617408514,1756211643,2025-08-26 12:34:03,0.5
bitcoin-up-or-down-august-27-8pm-et,UP,52663723472189837019282878320519686971007473994421038773533328330378617408514,1756211702,2025-08-26 12:35:02,0.5
bitcoin-up-or-down-august-27-8pm-et,UP,52663723472189837019282878320519686971007473994421038773533328330378617408514,1756211763,2025-08-26 12:36:03,0.5
bitcoin-up-or-down-august-27-8pm-et,UP,52663723472189837019282878320519686971007473994421038773533328330378617408514,1756211823,2025-08-26 12:37:03,0.5
bitcoin-up-or-down-august-27-8pm-et,UP,52663723472189837019282878320519686971007473994421038773533328330378617408514,1756211882,2025-08-26 12:38:02,0.5
bitcoin-up-or-down-august-27-8pm-et,UP,52663723472189837019282878320519686971007473994421038773533328330378617408514,1756211942,2025-08-26 12:39:02,0.5
bitcoin-up-or-down-august-27-8pm-et,UP,52663723472189837019282878320519686971007473994421038773533328330378617408514,1756212002,2025-08-26 12:40:02,0.5
bitcoin-up-or-down-august-27-8pm-et,UP,52663723472189837019282878320519686971007473994421038773533328330378617408514,1756212062,2025-08-26 12:41:02,0.5
bitcoin-up-or-down-august-27-8pm-et,UP,52663723472189837019282878320519686971007473994421038773533328330378617408514,1756212122,2025-08-26 12:42:02,0.5
bitcoin-up-or-down-august-27-8pm-et,UP,52663723472189837019282878320519686971007473994421038773533328330378617408514,1756212183,2025-08-26 12:43:03,0.5
bitcoin-up-or-down-august-27-8pm-et,UP,52663723472189837019282878320519686971007473994421038773533328330378617408514,1756212242,2025-08-26 12:44:02,0.5
bitcoin-up-or-down-august-27-8pm-et,UP,52663723472189837019282878320519686971007473994421038773533328330378617408514,1756212303,2025-08-26 12:45:03,0.5
bitcoin-up-or-down-august-27-8pm-et,UP,52663723472189837019282878320519686971007473994421038773533328330378617408514,1756212362,2025-08-26 12:46:02,0.5
bitcoin-up-or-down-august-27-8pm-et,UP,52663723472189837019282878320519686971007473994421038773533328330378617408514,1756212423,2025-08-26 12:47:03,0.5
bitcoin-up-or-down-august-27-8pm-et,UP,52663723472189837019282878320519686971007473994421038773533328330378617408514,1756212483,2025-08-26 12:48:03,0.5
bitcoin-up-or-down-august-27-8pm-et,UP,52663723472189837019282878320519686971007473994421038773533328330378617408514,1756212542,2025-08-26 12:49:02,0.5
bitcoin-up-or-down-august-27-8pm-et,UP,52663723472189837019282878320519686971007473994421038773533328330378617408514,1756212602,2025-08-26 12:50:02,0.5
bitcoin-up-or-down-august-27-8pm-et,UP,52663723472189837019282878320519686971007473994421038773533328330378617408514,1756212662,2025-08-26 12:51:02,0.5
bitcoin-up-or-down-august-27-8pm-et,UP,52663723472189837019282878320519686971007473994421038773533328330378617408514,1756212725,2025-08-26 12:52:05,0.5
bitcoin-up-or-down-august-27-8pm-et,UP,52663723472189837019282878320519686971007473994421038773533328330378617408514,1756212783,2025-08-26 12:53:03,0.5
bitcoin-up-or-down-august-27-8pm-et,UP,52663723472189837019282878320519686971007473994421038773533328330378617408514,1756212842,2025-08-26 12:54:02,0.5
bitcoin-up-or-down-august-27-8pm-et,UP,52663723472189837019282878320519686971007473994421038773533328330378617408514,1756212904,2025-08-26 12:55:04,0.5
bitcoin-up-or-down-august-27-8pm-et,UP,52663723472189837019282878320519686971007473994421038773533328330378617408514,1756212962,2025-08-26 12:56:02,0.5
bitcoin-up-or-down-august-27-8pm-et,UP,52663723472189837019282878320519686971007473994421038773533328330378617408514,1756213023,2025-08-26 12:57:03,0.5
bitcoin-up-or-down-august-27-8pm-et,UP,52663723472189837019282878320519686971007473994421038773533328330378617408514,1756213082,2025-08-26 12:58:02,0.5
bitcoin-up-or-down-august-27-8pm-et,UP,52663723472189837019282878320519686971007473994421038773533328330378617408514,1756213143,2025-08-26 12:59:03,0.5
bitcoin-up-or-down-august-27-8pm-et,UP,52663723472189837019282878320519686971007473994421038773533328330378617408514,1756213215,2025-08-26 13:00:15,0.5
bitcoin-up-or-down-august-27-8pm-et,UP,52663723472189837019282878320519686971007473994421038773533328330378617408514,1756213263,2025-08-26 13:01:03,0.5
bitcoin-up-or-down-august-27-8pm-et,UP,52663723472189837019282878320519686971007473994421038773533328330378617408514,1756213323,2025-08-26 13:02:03,0.5
bitcoin-up-or-down-august-27-8pm-et,UP,52663723472189837019282878320519686971007473994421038773533328330378617408514,1756213384,2025-08-26 13:03:04,0.5
bitcoin-up-or-down-august-27-8pm-et,UP,52663723472189837019282878320519686971007473994421038773533328330378617408514,1756213443,2025-08-26 13:04:03,0.5
bitcoin-up-or-down-august-27-8pm-et,UP,52663723472189837019282878320519686971007473994421038773533328330378617408514,1756213503,2025-08-26 13:05:03,0.5
bitcoin-up-or-down-august-27-8pm-et,UP,52663723472189837019282878320519686971007473994421038773533328330378617408514,1756213563,2025-08-26 13:06:03,0.5
bitcoin-up-or-down-august-27-8pm-et,UP,52663723472189837019282878320519686971007473994421038773533328330378617408514,1756213622,2025-08-26 13:07:02,0.5
bitcoin-up-or-down-august-27-8pm-et,UP,52663723472189837019282878320519686971007473994421038773533328330378617408514,1756213682,2025-08-26 13:08:02,0.5
bitcoin-up-or-down-august-27-8pm-et,UP,52663723472189837019282878320519686971007473994421038773533328330378617408514,1756213743,2025-08-26 13:09:03,0.5
bitcoin-up-or-down-august-27-8pm-et,UP,52663723472189837019282878320519686971007473994421038773533328330378617408514,1756213803,2025-08-26 13:10:03,0.5
bitcoin-up-or-down-august-27-8pm-et,UP,52663723472189837019282878320519686971007473994421038773533328330378617408514,1756213863,2025-08-26 13:11:03,0.5
bitcoin-up-or-down-august-27-8pm-et,UP,52663723472189837019282878320519686971007473994421038773533328330378617408514,1756213922,2025-08-26 13:12:02,0.5
bitcoin-up-or-down-august-27-8pm-et,UP,52663723472189837019282878320519686971007473994421038773533328330378617408514,1756213982,2025-08-26 13:13:02,0.5
bitcoin-up-or-down-august-27-8pm-et,UP,52663723472189837019282878320519686971007473994421038773533328330378617408514,1756214043,2025-08-26 13:14:03,0.5
bitcoin-up-or-down-august-27-8pm-et,UP,52663723472189837019282878320519686971007473994421038773533328330378617408514,1756214103,2025-08-26 13:15:03,0.5
bitcoin-up-or-down-august-27-8pm-et,UP,52663723472189837019282878320519686971007473994421038773533328330378617408514,1756214163,2025-08-26 13:16:03,0.5
bitcoin-up-or-down-august-27-8pm-et,UP,52663723472189837019282878320519686971007473994421038773533328330378617408514,1756214223,2025-08-26 13:17:03,0.5
bitcoin-up-or-down-august-27-8pm-et,UP,52663723472189837019282878320519686971007473994421038773533328330378617408514,1756214283,2025-08-26 13:18:03,0.5
bitcoin-up-or-down-august-27-8pm-et,UP,52663723472189837019282878320519686971007473994421038773533328330378617408514,1756214342,2025-08-26 13:19:02,0.5
bitcoin-up-or-down-august-27-8pm-et,UP,52663723472189837019282878320519686971007473994421038773533328330378617408514,1756214403,2025-08-26 13:20:03,0.5
bitcoin-up-or-down-august-27-8pm-et,UP,52663723472189837019282878320519686971007473994421038773533328330378617408514,1756214462,2025-08-26 13:21:02,0.5
bitcoin-up-or-down-august-27-8pm-et,UP,52663723472189837019282878320519686971007473994421038773533328330378617408514,1756214522,2025-08-26 13:22:02,0.5
bitcoin-up-or-down-august-27-8pm-et,UP,52663723472189837019282878320519686971007473994421038773533328330378617408514,1756214582,2025-08-26 13:23:02,0.5
bitcoin-up-or-down-august-27-8pm-et,UP,52663723472189837019282878320519686971007473994421038773533328330378617408514,1756214642,2025-08-26 13:24:02,0.5
bitcoin-up-or-down-august-27-8pm-et,UP,52663723472189837019282878320519686971007473994421038773533328330378617408514,1756214703,2025-08-26 13:25:03,0.5
bitcoin-up-or-down-august-27-8pm-et,UP,52663723472189837019282878320519686971007473994421038773533328330378617408514,1756214771,2025-08-26 13:26:11,0.5
bitcoin-up-or-down-august-27-8pm-et,UP,52663723472189837019282878320519686971007473994421038773533328330378617408514,1756214823,2025-08-26 13:27:03,0.5
bitcoin-up-or-down-august-27-8pm-et,UP,52663723472189837019282878320519686971007473994421038773533328330378617408514,1756214882,2025-08-26 13:28:02,0.5
bitcoin-up-or-down-august-27-8pm-et,UP,52663723472189837019282878320519686971007473994421038773533328330378617408514,1756214942,2025-08-26 13:29:02,0.5
bitcoin-up-or-down-august-27-8pm-et,UP,52663723472189837019282878320519686971007473994421038773533328330378617408514,1756215003,2025-08-26 13:30:03,0.5
bitcoin-up-or-down-august-27-8pm-et,UP,52663723472189837019282878320519686971007473994421038773533328330378617408514,1756215063,2025-08-26 13:31:03,0.5
bitcoin-up-or-down-august-27-8pm-et,UP,52663723472189837019282878320519686971007473994421038773533328330378617408514,1756215122,2025-08-26 13:32:02,0.5
bitcoin-up-or-down-august-27-8pm-et,UP,52663723472189837019282878320519686971007473994421038773533328330378617408514,1756215183,2025-08-26 13:33:03,0.5
bitcoin-up-or-down-august-27-8pm-et,UP,52663723472189837019282878320519686971007473994421038773533328330378617408514,1756215242,2025-08-26 13:34:02,0.5
bitcoin-up-or-down-august-27-8pm-et,UP,52663723472189837019282878320519686971007473994421038773533328330378617408514,1756215304,2025-08-26 13:35:04,0.5
bitcoin-up-or-down-august-27-8pm-et,UP,52663723472189837019282878320519686971007473994421038773533328330378617408514,1756215362,2025-08-26 13:36:02,0.5
bitcoin-up-or-down-august-27-8pm-et,UP,52663723472189837019282878320519686971007473994421038773533328330378617408514,1756215423,2025-08-26 13:37:03,0.5
bitcoin-up-or-down-august-27-8pm-et,UP,52663723472189837019282878320519686971007473994421038773533328330378617408514,1756215482,2025-08-26 13:38:02,0.5
bitcoin-up-or-down-august-27-8pm-et,UP,52663723472189837019282878320519686971007473994421038773533328330378617408514,1756215542,2025-08-26 13:39:02,0.5
bitcoin-up-or-down-august-27-8pm-et,UP,52663723472189837019282878320519686971007473994421038773533328330378617408514,1756215603,2025-08-26 13:40:03,0.5
bitcoin-up-or-down-august-27-8pm-et,UP,52663723472189837019282878320519686971007473994421038773533328330378617408514,1756215663,2025-08-26 13:41:03,0.5
bitcoin-up-or-down-august-27-8pm-et,UP,52663723472189837019282878320519686971007473994421038773533328330378617408514,1756215723,2025-08-26 13:42:03,0.5
bitcoin-up-or-down-august-27-8pm-et,UP,52663723472189837019282878320519686971007473994421038773533328330378617408514,1756215782,2025-08-26 13:43:02,0.5
bitcoin-up-or-down-august-27-8pm-et,UP,52663723472189837019282878320519686971007473994421038773533328330378617408514,1756215844,2025-08-26 13:44:04,0.5
bitcoin-up-or-down-august-27-8pm-et,UP,52663723472189837019282878320519686971007473994421038773533328330378617408514,1756215903,2025-08-26 13:45:03,0.5
bitcoin-up-or-down-august-27-8pm-et,UP,52663723472189837019282878320519686971007473994421038773533328330378617408514,1756215963,2025-08-26 13:46:03,0.5
bitcoin-up-or-down-august-27-8pm-et,UP,52663723472189837019282878320519686971007473994421038773533328330378617408514,1756216023,2025-08-26 13:47:03,0.5
bitcoin-up-or-down-august-27-8pm-et,UP,52663723472189837019282878320519686971007473994421038773533328330378617408514,1756216083,2025-08-26 13:48:03,0.5
bitcoin-up-or-down-august-27-8pm-et,UP,52663723472189837019282878320519686971007473994421038773533328330378617408514,1756216142,2025-08-26 13:49:02,0.5
bitcoin-up-or-down-august-27-8pm-et,UP,52663723472189837019282878320519686971007473994421038773533328330378617408514,1756216204,2025-08-26 13:50:04,0.5
bitcoin-up-or-down-august-27-8pm-et,UP,52663723472189837019282878320519686971007473994421038773533328330378617408514,1756216263,2025-08-26 13:51:03,0.5
bitcoin-up-or-down-august-27-8pm-et,UP,52663723472189837019282878320519686971007473994421038773533328330378617408514,1756216329,2025-08-26 13:52:09,0.5
bitcoin-up-or-down-august-27-8pm-et,UP,52663723472189837019282878320519686971007473994421038773533328330378617408514,1756216382,2025-08-26 13:53:02,0.5
bitcoin-up-or-down-august-27-8pm-et,UP,52663723472189837019282878320519686971007473994421038773533328330378617408514,1756216444,2025-08-26 13:54:04,0.5
bitcoin-up-or-down-august-27-8pm-et,UP,52663723472189837019282878320519686971007473994421038773533328330378617408514,1756216505,2025-08-26 13:55:05,0.5
bitcoin-up-or-down-august-27-8pm-et,UP,52663723472189837019282878320519686971007473994421038773533328330378617408514,1756216563,2025-08-26 13:56:03,0.5
bitcoin-up-or-down-august-27-8pm-et,UP,52663723472189837019282878320519686971007473994421038773533328330378617408514,1756216623,2025-08-26 13:57:03,0.5
bitcoin-up-or-down-august-27-8pm-et,UP,52663723472189837019282878320519686971007473994421038773533328330378617408514,1756216683,2025-08-26 13:58:03,0.5
bitcoin-up-or-down-august-27-8pm-et,UP,52663723472189837019282878320519686971007473994421038773533328330378617408514,1756216742,2025-08-26 13:59:02,0.5
bitcoin-up-or-down-august-27-8pm-et,UP,52663723472189837019282878320519686971007473994421038773533328330378617408514,1756216808,2025-08-26 14:00:08,0.5
bitcoin-up-or-down-august-27-8pm-et,UP,52663723472189837019282878320519686971007473994421038773533328330378617408514,1756216862,2025-08-26 14:01:02,0.5
bitcoin-up-or-down-august-27-8pm-et,UP,52663723472189837019282878320519686971007473994421038773533328330378617408514,1756216924,2025-08-26 14:02:04,0.5
bitcoin-up-or-down-august-27-8pm-et,UP,52663723472189837019282878320519686971007473994421038773533328330378617408514,1756216982,2025-08-26 14:03:02,0.5
bitcoin-up-or-down-august-27-8pm-et,UP,52663723472189837019282878320519686971007473994421038773533328330378617408514,1756217043,2025-08-26 14:04:03,0.5
bitcoin-up-or-down-august-27-8pm-et,UP,52663723472189837019282878320519686971007473994421038773533328330378617408514,1756217103,2025-08-26 14:05:03,0.5
bitcoin-up-or-down-august-27-8pm-et,UP,52663723472189837019282878320519686971007473994421038773533328330378617408514,1756217163,2025-08-26 14:06:03,0.5
bitcoin-up-or-down-august-27-8pm-et,UP,52663723472189837019282878320519686971007473994421038773533328330378617408514,1756217223,2025-08-26 14:07:03,0.5
bitcoin-up-or-down-august-27-8pm-et,UP,52663723472189837019282878320519686971007473994421038773533328330378617408514,1756217284,2025-08-26 14:08:04,0.5
bitcoin-up-or-down-august-27-8pm-et,UP,52663723472189837019282878320519686971007473994421038773533328330378617408514,1756217342,2025-08-26 14:09:02,0.5
bitcoin-up-or-down-august-27-8pm-et,UP,52663723472189837019282878320519686971007473994421038773533328330378617408514,1756217404,2025-08-26 14:10:04,0.5
bitcoin-up-or-down-august-27-8pm-et,UP,52663723472189837019282878320519686971007473994421038773533328330378617408514,1756217463,2025-08-26 14:11:03,0.5
bitcoin-up-or-down-august-27-8pm-et,UP,52663723472189837019282878320519686971007473994421038773533328330378617408514,1756217522,2025-08-26 14:12:02,0.5
bitcoin-up-or-down-august-27-8pm-et,UP,52663723472189837019282878320519686971007473994421038773533328330378617408514,1756217583,2025-08-26 14:13:03,0.5
bitcoin-up-or-down-august-27-8pm-et,UP,52663723472189837019282878320519686971007473994421038773533328330378617408514,1756217642,2025-08-26 14:14:02,0.5
bitcoin-up-or-down-august-27-8pm-et,UP,52663723472189837019282878320519686971007473994421038773533328330378617408514,1756217704,2025-08-26 14:15:04,0.5
bitcoin-up-or-down-august-27-8pm-et,UP,52663723472189837019282878320519686971007473994421038773533328330378617408514,1756217764,2025-08-26 14:16:04,0.5
bitcoin-up-or-down-august-27-8pm-et,UP,52663723472189837019282878320519686971007473994421038773533328330378617408514,1756217823,2025-08-26 14:17:03,0.5
bitcoin-up-or-down-august-27-8pm-et,UP,52663723472189837019282878320519686971007473994421038773533328330378617408514,1756217883,2025-08-26 14:18:03,0.5
bitcoin-up-or-down-august-27-8pm-et,UP,52663723472189837019282878320519686971007473994421038773533328330378617408514,1756217942,2025-08-26 14:19:02,0.5
bitcoin-up-or-down-august-27-8pm-et,UP,52663723472189837019282878320519686971007473994421038773533328330378617408514,1756218003,2025-08-26 14:20:03,0.5
bitcoin-up-or-down-august-27-8pm-et,UP,52663723472189837019282878320519686971007473994421038773533328330378617408514,1756218063,2025-08-26 14:21:03,0.5
bitcoin-up-or-down-august-27-8pm-et,UP,52663723472189837019282878320519686971007473994421038773533328330378617408514,1756218122,2025-08-26 14:22:02,0.5
bitcoin-up-or-down-august-27-8pm-et,UP,52663723472189837019282878320519686971007473994421038773533328330378617408514,1756218182,2025-08-26 14:23:02,0.5
bitcoin-up-or-down-august-27-8pm-et,UP,52663723472189837019282878320519686971007473994421038773533328330378617408514,1756218243,2025-08-26 14:24:03,0.5
bitcoin-up-or-down-august-27-8pm-et,UP,52663723472189837019282878320519686971007473994421038773533328330378617408514,1756218303,2025-08-26 14:25:03,0.5
bitcoin-up-or-down-august-27-8pm-et,UP,52663723472189837019282878320519686971007473994421038773533328330378617408514,1756218365,2025-08-26 14:26:05,0.5
bitcoin-up-or-down-august-27-8pm-et,UP,52663723472189837019282878320519686971007473994421038773533328330378617408514,1756218423,2025-08-26 14:27:03,0.5
bitcoin-up-or-down-august-27-8pm-et,UP,52663723472189837019282878320519686971007473994421038773533328330378617408514,1756218483,2025-08-26 14:28:03,0.5
bitcoin-up-or-down-august-27-8pm-et,UP,52663723472189837019282878320519686971007473994421038773533328330378617408514,1756218543,2025-08-26 14:29:03,0.5
bitcoin-up-or-down-august-27-8pm-et,UP,52663723472189837019282878320519686971007473994421038773533328330378617408514,1756218604,2025-08-26 14:30:04,0.5
bitcoin-up-or-down-august-27-8pm-et,UP,52663723472189837019282878320519686971007473994421038773533328330378617408514,1756218663,2025-08-26 14:31:03,0.5
bitcoin-up-or-down-august-27-8pm-et,UP,52663723472189837019282878320519686971007473994421038773533328330378617408514,1756218722,2025-08-26 14:32:02,0.5
bitcoin-up-or-down-august-27-8pm-et,UP,52663723472189837019282878320519686971007473994421038773533328330378617408514,1756218782,2025-08-26 14:33:02,0.5
bitcoin-up-or-down-august-27-8pm-et,UP,52663723472189837019282878320519686971007473994421038773533328330378617408514,1756218843,2025-08-26 14:34:03,0.5
bitcoin-up-or-down-august-27-8pm-et,UP,52663723472189837019282878320519686971007473994421038773533328330378617408514,1756218904,2025-08-26 14:35:04,0.5
bitcoin-up-or-down-august-27-8pm-et,UP,52663723472189837019282878320519686971007473994421038773533328330378617408514,1756218963,2025-08-26 14:36:03,0.5
bitcoin-up-or-down-august-27-8pm-et,UP,52663723472189837019282878320519686971007473994421038773533328330378617408514,1756219023,2025-08-26 14:37:03,0.5
bitcoin-up-or-down-august-27-8pm-et,UP,52663723472189837019282878320519686971007473994421038773533328330378617408514,1756219084,2025-08-26 14:38:04,0.5
bitcoin-up-or-down-august-27-8pm-et,UP,52663723472189837019282878320519686971007473994421038773533328330378617408514,1756219143,2025-08-26 14:39:03,0.5
bitcoin-up-or-down-august-27-8pm-et,UP,52663723472189837019282878320519686971007473994421038773533328330378617408514,1756219203,2025-08-26 14:40:03,0.5
bitcoin-up-or-down-august-27-8pm-et,UP,52663723472189837019282878320519686971007473994421038773533328330378617408514,1756219263,2025-08-26 14:41:03,0.5
bitcoin-up-or-down-august-27-8pm-et,UP,52663723472189837019282878320519686971007473994421038773533328330378617408514,1756219323,2025-08-26 14:42:03,0.5
bitcoin-up-or-down-august-27-8pm-et,UP,52663723472189837019282878320519686971007473994421038773533328330378617408514,1756219382,2025-08-26 14:43:02,0.5
bitcoin-up-or-down-august-27-8pm-et,UP,52663723472189837019282878320519686971007473994421038773533328330378617408514,1756219442,2025-08-26 14:44:02,0.5
bitcoin-up-or-down-august-27-8pm-et,UP,52663723472189837019282878320519686971007473994421038773533328330378617408514,1756219504,2025-08-26 14:45:04,0.5
bitcoin-up-or-down-august-27-8pm-et,UP,52663723472189837019282878320519686971007473994421038773533328330378617408514,1756219563,2025-08-26 14:46:03,0.5
bitcoin-up-or-down-august-27-8pm-et,UP,52663723472189837019282878320519686971007473994421038773533328330378617408514,1756219622,2025-08-26 14:47:02,0.5
bitcoin-up-or-down-august-27-8pm-et,UP,52663723472189837019282878320519686971007473994421038773533328330378617408514,1756219682,2025-08-26 14:48:02,0.5
bitcoin-up-or-down-august-27-8pm-et,UP,52663723472189837019282878320519686971007473994421038773533328330378617408514,1756219742,2025-08-26 14:49:02,0.5
bitcoin-up-or-down-august-27-8pm-et,UP,52663723472189837019282878320519686971007473994421038773533328330378617408514,1756219804,2025-08-26 14:50:04,0.5
bitcoin-up-or-down-august-27-8pm-et,UP,52663723472189837019282878320519686971007473994421038773533328330378617408514,1756219863,2025-08-26 14:51:03,0.5
bitcoin-up-or-down-august-27-8pm-et,UP,52663723472189837019282878320519686971007473994421038773533328330378617408514,1756219930,2025-08-26 14:52:10,0.5
bitcoin-up-or-down-august-27-8pm-et,UP,52663723472189837019282878320519686971007473994421038773533328330378617408514,1756219983,2025-08-26 14:53:03,0.5
bitcoin-up-or-down-august-27-8pm-et,UP,52663723472189837019282878320519686971007473994421038773533328330378617408514,1756220042,2025-08-26 14:54:02,0.5
bitcoin-up-or-down-august-27-8pm-et,UP,52663723472189837019282878320519686971007473994421038773533328330378617408514,1756220102,2025-08-26 14:55:02,0.5
bitcoin-up-or-down-august-27-8pm-et,UP,52663723472189837019282878320519686971007473994421038773533328330378617408514,1756220163,2025-08-26 14:56:03,0.5
bitcoin-up-or-down-august-27-8pm-et,UP,52663723472189837019282878320519686971007473994421038773533328330378617408514,1756220223,2025-08-26 14:57:03,0.5
bitcoin-up-or-down-august-27-8pm-et,UP,52663723472189837019282878320519686971007473994421038773533328330378617408514,1756220285,2025-08-26 14:58:05,0.5
bitcoin-up-or-down-august-27-8pm-et,UP,52663723472189837019282878320519686971007473994421038773533328330378617408514,1756220345,2025-08-26 14:59:05,0.5
bitcoin-up-or-down-august-27-8pm-et,UP,52663723472189837019282878320519686971007473994421038773533328330378617408514,1756220406,2025-08-26 15:00:06,0.5
bitcoin-up-or-down-august-27-8pm-et,UP,52663723472189837019282878320519686971007473994421038773533328330378617408514,1756220464,2025-08-26 15:01:04,0.5
bitcoin-up-or-down-august-27-8pm-et,UP,52663723472189837019282878320519686971007473994421038773533328330378617408514,1756220522,2025-08-26 15:02:02,0.5
bitcoin-up-or-down-august-27-8pm-et,UP,52663723472189837019282878320519686971007473994421038773533328330378617408514,1756220582,2025-08-26 15:03:02,0.5
bitcoin-up-or-down-august-27-8pm-et,UP,52663723472189837019282878320519686971007473994421038773533328330378617408514,1756220643,2025-08-26 15:04:03,0.5
bitcoin-up-or-down-august-27-8pm-et,UP,52663723472189837019282878320519686971007473994421038773533328330378617408514,1756220703,2025-08-26 15:05:03,0.5
bitcoin-up-or-down-august-27-8pm-et,UP,52663723472189837019282878320519686971007473994421038773533328330378617408514,1756220762,2025-08-26 15:06:02,0.5
bitcoin-up-or-down-august-27-8pm-et,UP,52663723472189837019282878320519686971007473994421038773533328330378617408514,1756220822,2025-08-26 15:07:02,0.5
bitcoin-up-or-down-august-27-8pm-et,UP,52663723472189837019282878320519686971007473994421038773533328330378617408514,1756220883,2025-08-26 15:08:03,0.5
bitcoin-up-or-down-august-27-8pm-et,UP,52663723472189837019282878320519686971007473994421038773533328330378617408514,1756220943,2025-08-26 15:09:03,0.5
bitcoin-up-or-down-august-27-8pm-et,UP,52663723472189837019282878320519686971007473994421038773533328330378617408514,1756221003,2025-08-26 15:10:03,0.5
bitcoin-up-or-down-august-27-8pm-et,UP,52663723472189837019282878320519686971007473994421038773533328330378617408514,1756221063,2025-08-26 15:11:03,0.5
bitcoin-up-or-down-august-27-8pm-et,UP,52663723472189837019282878320519686971007473994421038773533328330378617408514,1756221123,2025-08-26 15:12:03,0.5
bitcoin-up-or-down-august-27-8pm-et,UP,52663723472189837019282878320519686971007473994421038773533328330378617408514,1756221182,2025-08-26 15:13:02,0.5
bitcoin-up-or-down-august-27-8pm-et,UP,52663723472189837019282878320519686971007473994421038773533328330378617408514,1756221242,2025-08-26 15:14:02,0.5
bitcoin-up-or-down-august-27-8pm-et,UP,52663723472189837019282878320519686971007473994421038773533328330378617408514,1756221303,2025-08-26 15:15:03,0.5
bitcoin-up-or-down-august-27-8pm-et,UP,52663723472189837019282878320519686971007473994421038773533328330378617408514,1756221363,2025-08-26 15:16:03,0.5
bitcoin-up-or-down-august-27-8pm-et,UP,52663723472189837019282878320519686971007473994421038773533328330378617408514,1756221423,2025-08-26 15:17:03,0.5
bitcoin-up-or-down-august-27-8pm-et,UP,52663723472189837019282878320519686971007473994421038773533328330378617408514,1756221482,2025-08-26 15:18:02,0.5
bitcoin-up-or-down-august-27-8pm-et,UP,52663723472189837019282878320519686971007473994421038773533328330378617408514,1756221542,2025-08-26 15:19:02,0.5
bitcoin-up-or-down-august-27-8pm-et,UP,52663723472189837019282878320519686971007473994421038773533328330378617408514,1756221604,2025-08-26 15:20:04,0.5
bitcoin-up-or-down-august-27-8pm-et,UP,52663723472189837019282878320519686971007473994421038773533328330378617408514,1756221663,2025-08-26 15:21:03,0.5
bitcoin-up-or-down-august-27-8pm-et,UP,52663723472189837019282878320519686971007473994421038773533328330378617408514,1756221723,2025-08-26 15:22:03,0.5
bitcoin-up-or-down-august-27-8pm-et,UP,52663723472189837019282878320519686971007473994421038773533328330378617408514,1756221782,2025-08-26 15:23:02,0.5
bitcoin-up-or-down-august-27-8pm-et,UP,52663723472189837019282878320519686971007473994421038773533328330378617408514,1756221842,2025-08-26 15:24:02,0.5
bitcoin-up-or-down-august-27-8pm-et,UP,52663723472189837019282878320519686971007473994421038773533328330378617408514,1756221903,2025-08-26 15:25:03,0.5
bitcoin-up-or-down-august-27-8pm-et,UP,52663723472189837019282878320519686971007473994421038773533328330378617408514,1756221968,2025-08-26 15:26:08,0.5
bitcoin-up-or-down-august-27-8pm-et,UP,52663723472189837019282878320519686971007473994421038773533328330378617408514,1756222022,2025-08-26 15:27:02,0.5
bitcoin-up-or-down-august-27-8pm-et,UP,52663723472189837019282878320519686971007473994421038773533328330378617408514,1756222083,2025-08-26 15:28:03,0.5
bitcoin-up-or-down-august-27-8pm-et,UP,52663723472189837019282878320519686971007473994421038773533328330378617408514,1756222143,2025-08-26 15:29:03,0.5
bitcoin-up-or-down-august-27-8pm-et,UP,52663723472189837019282878320519686971007473994421038773533328330378617408514,1756222205,2025-08-26 15:30:05,0.5
bitcoin-up-or-down-august-27-8pm-et,UP,52663723472189837019282878320519686971007473994421038773533328330378617408514,1756222262,2025-08-26 15:31:02,0.5
bitcoin-up-or-down-august-27-8pm-et,UP,52663723472189837019282878320519686971007473994421038773533328330378617408514,1756222323,2025-08-26 15:32:03,0.5
bitcoin-up-or-down-august-27-8pm-et,UP,52663723472189837019282878320519686971007473994421038773533328330378617408514,1756222383,2025-08-26 15:33:03,0.5
bitcoin-up-or-down-august-27-8pm-et,UP,52663723472189837019282878320519686971007473994421038773533328330378617408514,1756222442,2025-08-26 15:34:02,0.5
bitcoin-up-or-down-august-27-8pm-et,UP,52663723472189837019282878320519686971007473994421038773533328330378617408514,1756222502,2025-08-26 15:35:02,0.5
bitcoin-up-or-down-august-27-8pm-et,UP,52663723472189837019282878320519686971007473994421038773533328330378617408514,1756222563,2025-08-26 15:36:03,0.5
bitcoin-up-or-down-august-27-8pm-et,UP,52663723472189837019282878320519686971007473994421038773533328330378617408514,1756222623,2025-08-26 15:37:03,0.5
bitcoin-up-or-down-august-27-8pm-et,UP,52663723472189837019282878320519686971007473994421038773533328330378617408514,1756222683,2025-08-26 15:38:03,0.5
bitcoin-up-or-down-august-27-8pm-et,UP,52663723472189837019282878320519686971007473994421038773533328330378617408514,1756222742,2025-08-26 15:39:02,0.5
bitcoin-up-or-down-august-27-8pm-et,UP,52663723472189837019282878320519686971007473994421038773533328330378617408514,1756222803,2025-08-26 15:40:03,0.5
bitcoin-up-or-down-august-27-8pm-et,UP,52663723472189837019282878320519686971007473994421038773533328330378617408514,1756222863,2025-08-26 15:41:03,0.5
bitcoin-up-or-down-august-27-8pm-et,UP,52663723472189837019282878320519686971007473994421038773533328330378617408514,1756222923,2025-08-26 15:42:03,0.5
bitcoin-up-or-down-august-27-8pm-et,UP,52663723472189837019282878320519686971007473994421038773533328330378617408514,1756222982,2025-08-26 15:43:02,0.5
bitcoin-up-or-down-august-27-8pm-et,UP,52663723472189837019282878320519686971007473994421038773533328330378617408514,1756223042,2025-08-26 15:44:02,0.5
bitcoin-up-or-down-august-27-8pm-et,UP,52663723472189837019282878320519686971007473994421038773533328330378617408514,1756223102,2025-08-26 15:45:02,0.5
bitcoin-up-or-down-august-27-8pm-et,UP,52663723472189837019282878320519686971007473994421038773533328330378617408514,1756223162,2025-08-26 15:46:02,0.5
bitcoin-up-or-down-august-27-8pm-et,UP,52663723472189837019282878320519686971007473994421038773533328330378617408514,1756223222,2025-08-26 15:47:02,0.5
bitcoin-up-or-down-august-27-8pm-et,UP,52663723472189837019282878320519686971007473994421038773533328330378617408514,1756223282,2025-08-26 15:48:02,0.5
bitcoin-up-or-down-august-27-8pm-et,UP,52663723472189837019282878320519686971007473994421038773533328330378617408514,1756223343,2025-08-26 15:49:03,0.5
bitcoin-up-or-down-august-27-8pm-et,UP,52663723472189837019282878320519686971007473994421038773533328330378617408514,1756223403,2025-08-26 15:50:03,0.5
bitcoin-up-or-down-august-27-8pm-et,UP,52663723472189837019282878320519686971007473994421038773533328330378617408514,1756223462,2025-08-26 15:51:02,0.5
bitcoin-up-or-down-august-27-8pm-et,UP,52663723472189837019282878320519686971007473994421038773533328330378617408514,1756223522,2025-08-26 15:52:02,0.5
bitcoin-up-or-down-august-27-8pm-et,UP,52663723472189837019282878320519686971007473994421038773533328330378617408514,1756223582,2025-08-26 15:53:02,0.5
bitcoin-up-or-down-august-27-8pm-et,UP,52663723472189837019282878320519686971007473994421038773533328330378617408514,1756223643,2025-08-26 15:54:03,0.5
bitcoin-up-or-down-august-27-8pm-et,UP,52663723472189837019282878320519686971007473994421038773533328330378617408514,1756223704,2025-08-26 15:55:04,0.5
bitcoin-up-or-down-august-27-8pm-et,UP,52663723472189837019282878320519686971007473994421038773533328330378617408514,1756223762,2025-08-26 15:56:02,0.5
bitcoin-up-or-down-august-27-8pm-et,UP,52663723472189837019282878320519686971007473994421038773533328330378617408514,1756223822,2025-08-26 15:57:02,0.5
bitcoin-up-or-down-august-27-8pm-et,UP,52663723472189837019282878320519686971007473994421038773533328330378617408514,1756223883,2025-08-26 15:58:03,0.5
bitcoin-up-or-down-august-27-8pm-et,UP,52663723472189837019282878320519686971007473994421038773533328330378617408514,1756223943,2025-08-26 15:59:03,0.5
bitcoin-up-or-down-august-27-8pm-et,UP,52663723472189837019282878320519686971007473994421038773533328330378617408514,1756224016,2025-08-26 16:00:16,0.5
bitcoin-up-or-down-august-27-8pm-et,UP,52663723472189837019282878320519686971007473994421038773533328330378617408514,1756224063,2025-08-26 16:01:03,0.5
bitcoin-up-or-down-august-27-8pm-et,UP,52663723472189837019282878320519686971007473994421038773533328330378617408514,1756224123,2025-08-26 16:02:03,0.5
bitcoin-up-or-down-august-27-8pm-et,UP,52663723472189837019282878320519686971007473994421038773533328330378617408514,1756224182,2025-08-26 16:03:02,0.5
bitcoin-up-or-down-august-27-8pm-et,UP,52663723472189837019282878320519686971007473994421038773533328330378617408514,1756224242,2025-08-26 16:04:02,0.5
bitcoin-up-or-down-august-27-8pm-et,UP,52663723472189837019282878320519686971007473994421038773533328330378617408514,1756224304,2025-08-26 16:05:04,0.5
bitcoin-up-or-down-august-27-8pm-et,UP,52663723472189837019282878320519686971007473994421038773533328330378617408514,1756224363,2025-08-26 16:06:03,0.5
bitcoin-up-or-down-august-27-8pm-et,UP,52663723472189837019282878320519686971007473994421038773533328330378617408514,1756224423,2025-08-26 16:07:03,0.5
bitcoin-up-or-down-august-27-8pm-et,UP,52663723472189837019282878320519686971007473994421038773533328330378617408514,1756224483,2025-08-26 16:08:03,0.5
bitcoin-up-or-down-august-27-8pm-et,UP,52663723472189837019282878320519686971007473994421038773533328330378617408514,1756224542,2025-08-26 16:09:02,0.5
bitcoin-up-or-down-august-27-8pm-et,UP,52663723472189837019282878320519686971007473994421038773533328330378617408514,1756224603,2025-08-26 16:10:03,0.5
bitcoin-up-or-down-august-27-8pm-et,UP,52663723472189837019282878320519686971007473994421038773533328330378617408514,1756224662,2025-08-26 16:11:02,0.5
bitcoin-up-or-down-august-27-8pm-et,UP,52663723472189837019282878320519686971007473994421038773533328330378617408514,1756224722,2025-08-26 16:12:02,0.5
bitcoin-up-or-down-august-27-8pm-et,UP,52663723472189837019282878320519686971007473994421038773533328330378617408514,1756224782,2025-08-26 16:13:02,0.5
bitcoin-up-or-down-august-27-8pm-et,UP,52663723472189837019282878320519686971007473994421038773533328330378617408514,1756224842,2025-08-26 16:14:02,0.5
bitcoin-up-or-down-august-27-8pm-et,UP,52663723472189837019282878320519686971007473994421038773533328330378617408514,1756224903,2025-08-26 16:15:03,0.5
bitcoin-up-or-down-august-27-8pm-et,UP,52663723472189837019282878320519686971007473994421038773533328330378617408514,1756224962,2025-08-26 16:16:02,0.5
bitcoin-up-or-down-august-27-8pm-et,UP,52663723472189837019282878320519686971007473994421038773533328330378617408514,1756225022,2025-08-26 16:17:02,0.5
bitcoin-up-or-down-august-27-8pm-et,UP,52663723472189837019282878320519686971007473994421038773533328330378617408514,1756225083,2025-08-26 16:18:03,0.5
bitcoin-up-or-down-august-27-8pm-et,UP,52663723472189837019282878320519686971007473994421038773533328330378617408514,1756225143,2025-08-26 16:19:03,0.5
bitcoin-up-or-down-august-27-8pm-et,UP,52663723472189837019282878320519686971007473994421038773533328330378617408514,1756225204,2025-08-26 16:20:04,0.5
bitcoin-up-or-down-august-27-8pm-et,UP,52663723472189837019282878320519686971007473994421038773533328330378617408514,1756225263,2025-08-26 16:21:03,0.5
bitcoin-up-or-down-august-27-8pm-et,UP,52663723472189837019282878320519686971007473994421038773533328330378617408514,1756225323,2025-08-26 16:22:03,0.5
bitcoin-up-or-down-august-27-8pm-et,UP,52663723472189837019282878320519686971007473994421038773533328330378617408514,1756225383,2025-08-26 16:23:03,0.5
bitcoin-up-or-down-august-27-8pm-et,UP,52663723472189837019282878320519686971007473994421038773533328330378617408514,1756225443,2025-08-26 16:24:03,0.5
bitcoin-up-or-down-august-27-8pm-et,UP,52663723472189837019282878320519686971007473994421038773533328330378617408514,1756225504,2025-08-26 16:25:04,0.5
bitcoin-up-or-down-august-27-8pm-et,UP,52663723472189837019282878320519686971007473994421038773533328330378617408514,1756225566,2025-08-26 16:26:06,0.5
bitcoin-up-or-down-august-27-8pm-et,UP,52663723472189837019282878320519686971007473994421038773533328330378617408514,1756225622,2025-08-26 16:27:02,0.5
bitcoin-up-or-down-august-27-8pm-et,UP,52663723472189837019282878320519686971007473994421038773533328330378617408514,1756225683,2025-08-26 16:28:03,0.5
bitcoin-up-or-down-august-27-8pm-et,UP,52663723472189837019282878320519686971007473994421038773533328330378617408514,1756225742,2025-08-26 16:29:02,0.5
bitcoin-up-or-down-august-27-8pm-et,UP,52663723472189837019282878320519686971007473994421038773533328330378617408514,1756225808,2025-08-26 16:30:08,0.5
bitcoin-up-or-down-august-27-8pm-et,UP,52663723472189837019282878320519686971007473994421038773533328330378617408514,1756225864,2025-08-26 16:31:04,0.5
bitcoin-up-or-down-august-27-8pm-et,UP,52663723472189837019282878320519686971007473994421038773533328330378617408514,1756225922,2025-08-26 16:32:02,0.5
bitcoin-up-or-down-august-27-8pm-et,UP,52663723472189837019282878320519686971007473994421038773533328330378617408514,1756225982,2025-08-26 16:33:02,0.5
bitcoin-up-or-down-august-27-8pm-et,UP,52663723472189837019282878320519686971007473994421038773533328330378617408514,1756226042,2025-08-26 16:34:02,0.5
bitcoin-up-or-down-august-27-8pm-et,UP,52663723472189837019282878320519686971007473994421038773533328330378617408514,1756226103,2025-08-26 16:35:03,0.5
bitcoin-up-or-down-august-27-8pm-et,UP,52663723472189837019282878320519686971007473994421038773533328330378617408514,1756226163,2025-08-26 16:36:03,0.5
bitcoin-up-or-down-august-27-8pm-et,UP,52663723472189837019282878320519686971007473994421038773533328330378617408514,1756226222,2025-08-26 16:37:02,0.5
bitcoin-up-or-down-august-27-8pm-et,UP,52663723472189837019282878320519686971007473994421038773533328330378617408514,1756226284,2025-08-26 16:38:04,0.5
bitcoin-up-or-down-august-27-8pm-et,UP,52663723472189837019282878320519686971007473994421038773533328330378617408514,1756226343,2025-08-26 16:39:03,0.5
bitcoin-up-or-down-august-27-8pm-et,UP,52663723472189837019282878320519686971007473994421038773533328330378617408514,1756226403,2025-08-26 16:40:03,0.5
bitcoin-up-or-down-august-27-8pm-et,UP,52663723472189837019282878320519686971007473994421038773533328330378617408514,1756226462,2025-08-26 16:41:02,0.5
bitcoin-up-or-down-august-27-8pm-et,UP,52663723472189837019282878320519686971007473994421038773533328330378617408514,1756226523,2025-08-26 16:42:03,0.5
bitcoin-up-or-down-august-27-8pm-et,UP,52663723472189837019282878320519686971007473994421038773533328330378617408514,1756226584,2025-08-26 16:43:04,0.5
bitcoin-up-or-down-august-27-8pm-et,UP,52663723472189837019282878320519686971007473994421038773533328330378617408514,1756226643,2025-08-26 16:44:03,0.5
bitcoin-up-or-down-august-27-8pm-et,UP,52663723472189837019282878320519686971007473994421038773533328330378617408514,1756226703,2025-08-26 16:45:03,0.5
bitcoin-up-or-down-august-27-8pm-et,UP,52663723472189837019282878320519686971007473994421038773533328330378617408514,1756226762,2025-08-26 16:46:02,0.5
bitcoin-up-or-down-august-27-8pm-et,UP,52663723472189837019282878320519686971007473994421038773533328330378617408514,1756226823,2025-08-26 16:47:03,0.5
bitcoin-up-or-down-august-27-8pm-et,UP,52663723472189837019282878320519686971007473994421038773533328330378617408514,1756226882,2025-08-26 16:48:02,0.5
bitcoin-up-or-down-august-27-8pm-et,UP,52663723472189837019282878320519686971007473994421038773533328330378617408514,1756226942,2025-08-26 16:49:02,0.5
bitcoin-up-or-down-august-27-8pm-et,UP,52663723472189837019282878320519686971007473994421038773533328330378617408514,1756227013,2025-08-26 16:50:13,0.5
bitcoin-up-or-down-august-27-8pm-et,UP,52663723472189837019282878320519686971007473994421038773533328330378617408514,1756227062,2025-08-26 16:51:02,0.5
bitcoin-up-or-down-august-27-8pm-et,UP,52663723472189837019282878320519686971007473994421038773533328330378617408514,1756227123,2025-08-26 16:52:03,0.5
bitcoin-up-or-down-august-27-8pm-et,UP,52663723472189837019282878320519686971007473994421038773533328330378617408514,1756227183,2025-08-26 16:53:03,0.5
bitcoin-up-or-down-august-27-8pm-et,UP,52663723472189837019282878320519686971007473994421038773533328330378617408514,1756227243,2025-08-26 16:54:03,0.5
bitcoin-up-or-down-august-27-8pm-et,UP,52663723472189837019282878320519686971007473994421038773533328330378617408514,1756227304,2025-08-26 16:55:04,0.5
bitcoin-up-or-down-august-27-8pm-et,UP,52663723472189837019282878320519686971007473994421038773533328330378617408514,1756227363,2025-08-26 16:56:03,0.5
bitcoin-up-or-down-august-27-8pm-et,UP,52663723472189837019282878320519686971007473994421038773533328330378617408514,1756227422,2025-08-26 16:57:02,0.5
bitcoin-up-or-down-august-27-8pm-et,UP,52663723472189837019282878320519686971007473994421038773533328330378617408514,1756227482,2025-08-26 16:58:02,0.5
bitcoin-up-or-down-august-27-8pm-et,UP,52663723472189837019282878320519686971007473994421038773533328330378617408514,1756227542,2025-08-26 16:59:02,0.5
bitcoin-up-or-down-august-27-8pm-et,UP,52663723472189837019282878320519686971007473994421038773533328330378617408514,1756227617,2025-08-26 17:00:17,0.5
bitcoin-up-or-down-august-27-8pm-et,UP,52663723472189837019282878320519686971007473994421038773533328330378617408514,1756227663,2025-08-26 17:01:03,0.5
bitcoin-up-or-down-august-27-8pm-et,UP,52663723472189837019282878320519686971007473994421038773533328330378617408514,1756227723,2025-08-26 17:02:03,0.5
bitcoin-up-or-down-august-27-8pm-et,UP,52663723472189837019282878320519686971007473994421038773533328330378617408514,1756227783,2025-08-26 17:03:03,0.5
bitcoin-up-or-down-august-27-8pm-et,UP,52663723472189837019282878320519686971007473994421038773533328330378617408514,1756227843,2025-08-26 17:04:03,0.5
bitcoin-up-or-down-august-27-8pm-et,UP,52663723472189837019282878320519686971007473994421038773533328330378617408514,1756227910,2025-08-26 17:05:10,0.5
bitcoin-up-or-down-august-27-8pm-et,UP,52663723472189837019282878320519686971007473994421038773533328330378617408514,1756227962,2025-08-26 17:06:02,0.5
bitcoin-up-or-down-august-27-8pm-et,UP,52663723472189837019282878320519686971007473994421038773533328330378617408514,1756228023,2025-08-26 17:07:03,0.5
bitcoin-up-or-down-august-27-8pm-et,UP,52663723472189837019282878320519686971007473994421038773533328330378617408514,1756228083,2025-08-26 17:08:03,0.5
bitcoin-up-or-down-august-27-8pm-et,UP,52663723472189837019282878320519686971007473994421038773533328330378617408514,1756228143,2025-08-26 17:09:03,0.5
bitcoin-up-or-down-august-27-8pm-et,UP,52663723472189837019282878320519686971007473994421038773533328330378617408514,1756228212,2025-08-26 17:10:12,0.5
bitcoin-up-or-down-august-27-8pm-et,UP,52663723472189837019282878320519686971007473994421038773533328330378617408514,1756228263,2025-08-26 17:11:03,0.5
bitcoin-up-or-down-august-27-8pm-et,UP,52663723472189837019282878320519686971007473994421038773533328330378617408514,1756228322,2025-08-26 17:12:02,0.5
bitcoin-up-or-down-august-27-8pm-et,UP,52663723472189837019282878320519686971007473994421038773533328330378617408514,1756228383,2025-08-26 17:13:03,0.5
bitcoin-up-or-down-august-27-8pm-et,UP,52663723472189837019282878320519686971007473994421038773533328330378617408514,1756228443,2025-08-26 17:14:03,0.5
bitcoin-up-or-down-august-27-8pm-et,UP,52663723472189837019282878320519686971007473994421038773533328330378617408514,1756228513,2025-08-26 17:15:13,0.5
bitcoin-up-or-down-august-27-8pm-et,UP,52663723472189837019282878320519686971007473994421038773533328330378617408514,1756228562,2025-08-26 17:16:02,0.5
bitcoin-up-or-down-august-27-8pm-et,UP,52663723472189837019282878320519686971007473994421038773533328330378617408514,1756228623,2025-08-26 17:17:03,0.5
bitcoin-up-or-down-august-27-8pm-et,UP,52663723472189837019282878320519686971007473994421038773533328330378617408514,1756228683,2025-08-26 17:18:03,0.5
bitcoin-up-or-down-august-27-8pm-et,UP,52663723472189837019282878320519686971007473994421038773533328330378617408514,1756228742,2025-08-26 17:19:02,0.5
bitcoin-up-or-down-august-27-8pm-et,UP,52663723472189837019282878320519686971007473994421038773533328330378617408514,1756228812,2025-08-26 17:20:12,0.5
bitcoin-up-or-down-august-27-8pm-et,UP,52663723472189837019282878320519686971007473994421038773533328330378617408514,1756228862,2025-08-26 17:21:02,0.5
bitcoin-up-or-down-august-27-8pm-et,UP,52663723472189837019282878320519686971007473994421038773533328330378617408514,1756228923,2025-08-26 17:22:03,0.5
bitcoin-up-or-down-august-27-8pm-et,UP,52663723472189837019282878320519686971007473994421038773533328330378617408514,1756228983,2025-08-26 17:23:03,0.5
bitcoin-up-or-down-august-27-8pm-et,UP,52663723472189837019282878320519686971007473994421038773533328330378617408514,1756229044,2025-08-26 17:24:04,0.5
bitcoin-up-or-down-august-27-8pm-et,UP,52663723472189837019282878320519686971007473994421038773533328330378617408514,1756229102,2025-08-26 17:25:02,0.5
bitcoin-up-or-down-august-27-8pm-et,UP,52663723472189837019282878320519686971007473994421038773533328330378617408514,1756229163,2025-08-26 17:26:03,0.5
bitcoin-up-or-down-august-27-8pm-et,UP,52663723472189837019282878320519686971007473994421038773533328330378617408514,1756229222,2025-08-26 17:27:02,0.5
bitcoin-up-or-down-august-27-8pm-et,UP,52663723472189837019282878320519686971007473994421038773533328330378617408514,1756229282,2025-08-26 17:28:02,0.5
bitcoin-up-or-down-august-27-8pm-et,UP,52663723472189837019282878320519686971007473994421038773533328330378617408514,1756229343,2025-08-26 17:29:03,0.5
bitcoin-up-or-down-august-27-8pm-et,UP,52663723472189837019282878320519686971007473994421038773533328330378617408514,1756229411,2025-08-26 17:30:11,0.5
bitcoin-up-or-down-august-27-8pm-et,UP,52663723472189837019282878320519686971007473994421038773533328330378617408514,1756229463,2025-08-26 17:31:03,0.5
bitcoin-up-or-down-august-27-8pm-et,UP,52663723472189837019282878320519686971007473994421038773533328330378617408514,1756229522,2025-08-26 17:32:02,0.5
bitcoin-up-or-down-august-27-8pm-et,UP,52663723472189837019282878320519686971007473994421038773533328330378617408514,1756229583,2025-08-26 17:33:03,0.5
bitcoin-up-or-down-august-27-8pm-et,UP,52663723472189837019282878320519686971007473994421038773533328330378617408514,1756229643,2025-08-26 17:34:03,0.5
bitcoin-up-or-down-august-27-8pm-et,UP,52663723472189837019282878320519686971007473994421038773533328330378617408514,1756229702,2025-08-26 17:35:02,0.5
bitcoin-up-or-down-august-27-8pm-et,UP,52663723472189837019282878320519686971007473994421038773533328330378617408514,1756229763,2025-08-26 17:36:03,0.5
bitcoin-up-or-down-august-27-8pm-et,UP,52663723472189837019282878320519686971007473994421038773533328330378617408514,1756229823,2025-08-26 17:37:03,0.5
bitcoin-up-or-down-august-27-8pm-et,UP,52663723472189837019282878320519686971007473994421038773533328330378617408514,1756229882,2025-08-26 17:38:02,0.5
bitcoin-up-or-down-august-27-8pm-et,UP,52663723472189837019282878320519686971007473994421038773533328330378617408514,1756229942,2025-08-26 17:39:02,0.5
bitcoin-up-or-down-august-27-8pm-et,UP,52663723472189837019282878320519686971007473994421038773533328330378617408514,1756230011,2025-08-26 17:40:11,0.5
bitcoin-up-or-down-august-27-8pm-et,UP,52663723472189837019282878320519686971007473994421038773533328330378617408514,1756230063,2025-08-26 17:41:03,0.5
bitcoin-up-or-down-august-27-8pm-et,UP,52663723472189837019282878320519686971007473994421038773533328330378617408514,1756230122,2025-08-26 17:42:02,0.5
bitcoin-up-or-down-august-27-8pm-et,UP,52663723472189837019282878320519686971007473994421038773533328330378617408514,1756230183,2025-08-26 17:43:03,0.5
bitcoin-up-or-down-august-27-8pm-et,UP,52663723472189837019282878320519686971007473994421038773533328330378617408514,1756230244,2025-08-26 17:44:04,0.5
bitcoin-up-or-down-august-27-8pm-et,UP,52663723472189837019282878320519686971007473994421038773533328330378617408514,1756230303,2025-08-26 17:45:03,0.5
bitcoin-up-or-down-august-27-8pm-et,UP,52663723472189837019282878320519686971007473994421038773533328330378617408514,1756230363,2025-08-26 17:46:03,0.5
bitcoin-up-or-down-august-27-8pm-et,UP,52663723472189837019282878320519686971007473994421038773533328330378617408514,1756230422,2025-08-26 17:47:02,0.5
bitcoin-up-or-down-august-27-8pm-et,UP,52663723472189837019282878320519686971007473994421038773533328330378617408514,1756230483,2025-08-26 17:48:03,0.5
bitcoin-up-or-down-august-27-8pm-et,UP,52663723472189837019282878320519686971007473994421038773533328330378617408514,1756230543,2025-08-26 17:49:03,0.5
bitcoin-up-or-down-august-27-8pm-et,UP,52663723472189837019282878320519686971007473994421038773533328330378617408514,1756230607,2025-08-26 17:50:07,0.5
bitcoin-up-or-down-august-27-8pm-et,UP,52663723472189837019282878320519686971007473994421038773533328330378617408514,1756230662,2025-08-26 17:51:02,0.5
bitcoin-up-or-down-august-27-8pm-et,UP,52663723472189837019282878320519686971007473994421038773533328330378617408514,1756230722,2025-08-26 17:52:02,0.5
bitcoin-up-or-down-august-27-8pm-et,UP,52663723472189837019282878320519686971007473994421038773533328330378617408514,1756230782,2025-08-26 17:53:02,0.5
bitcoin-up-or-down-august-27-8pm-et,UP,52663723472189837019282878320519686971007473994421038773533328330378617408514,1756230844,2025-08-26 17:54:04,0.5
bitcoin-up-or-down-august-27-8pm-et,UP,52663723472189837019282878320519686971007473994421038773533328330378617408514,1756230903,2025-08-26 17:55:03,0.5
bitcoin-up-or-down-august-27-8pm-et,UP,52663723472189837019282878320519686971007473994421038773533328330378617408514,1756230962,2025-08-26 17:56:02,0.5
bitcoin-up-or-down-august-27-8pm-et,UP,52663723472189837019282878320519686971007473994421038773533328330378617408514,1756231023,2025-08-26 17:57:03,0.5
bitcoin-up-or-down-august-27-8pm-et,UP,52663723472189837019282878320519686971007473994421038773533328330378617408514,1756231083,2025-08-26 17:58:03,0.5
bitcoin-up-or-down-august-27-8pm-et,UP,52663723472189837019282878320519686971007473994421038773533328330378617408514,1756231143,2025-08-26 17:59:03,0.5
bitcoin-up-or-down-august-27-8pm-et,UP,52663723472189837019282878320519686971007473994421038773533328330378617408514,1756231205,2025-08-26 18:00:05,0.5
bitcoin-up-or-down-august-27-8pm-et,UP,52663723472189837019282878320519686971007473994421038773533328330378617408514,1756231263,2025-08-26 18:01:03,0.5
bitcoin-up-or-down-august-27-8pm-et,UP,52663723472189837019282878320519686971007473994421038773533328330378617408514,1756231323,2025-08-26 18:02:03,0.5
bitcoin-up-or-down-august-27-8pm-et,UP,52663723472189837019282878320519686971007473994421038773533328330378617408514,1756231382,2025-08-26 18:03:02,0.5
bitcoin-up-or-down-august-27-8pm-et,UP,52663723472189837019282878320519686971007473994421038773533328330378617408514,1756231443,2025-08-26 18:04:03,0.5
bitcoin-up-or-down-august-27-8pm-et,UP,52663723472189837019282878320519686971007473994421038773533328330378617408514,1756231503,2025-08-26 18:05:03,0.5
bitcoin-up-or-down-august-27-8pm-et,UP,52663723472189837019282878320519686971007473994421038773533328330378617408514,1756231562,2025-08-26 18:06:02,0.5
bitcoin-up-or-down-august-27-8pm-et,UP,52663723472189837019282878320519686971007473994421038773533328330378617408514,1756231623,2025-08-26 18:07:03,0.5
bitcoin-up-or-down-august-27-8pm-et,UP,52663723472189837019282878320519686971007473994421038773533328330378617408514,1756231683,2025-08-26 18:08:03,0.5
bitcoin-up-or-down-august-27-8pm-et,UP,52663723472189837019282878320519686971007473994421038773533328330378617408514,1756231743,2025-08-26 18:09:03,0.5
bitcoin-up-or-down-august-27-8pm-et,UP,52663723472189837019282878320519686971007473994421038773533328330378617408514,1756231805,2025-08-26 18:10:05,0.5
bitcoin-up-or-down-august-27-8pm-et,UP,52663723472189837019282878320519686971007473994421038773533328330378617408514,1756231863,2025-08-26 18:11:03,0.5
bitcoin-up-or-down-august-27-8pm-et,UP,52663723472189837019282878320519686971007473994421038773533328330378617408514,1756231923,2025-08-26 18:12:03,0.5
bitcoin-up-or-down-august-27-8pm-et,UP,52663723472189837019282878320519686971007473994421038773533328330378617408514,1756231983,2025-08-26 18:13:03,0.5
bitcoin-up-or-down-august-27-8pm-et,UP,52663723472189837019282878320519686971007473994421038773533328330378617408514,1756232042,2025-08-26 18:14:02,0.5
bitcoin-up-or-down-august-27-8pm-et,UP,52663723472189837019282878320519686971007473994421038773533328330378617408514,1756232106,2025-08-26 18:15:06,0.5
bitcoin-up-or-down-august-27-8pm-et,UP,52663723472189837019282878320519686971007473994421038773533328330378617408514,1756232163,2025-08-26 18:16:03,0.5
bitcoin-up-or-down-august-27-8pm-et,UP,52663723472189837019282878320519686971007473994421038773533328330378617408514,1756232223,2025-08-26 18:17:03,0.5
bitcoin-up-or-down-august-27-8pm-et,UP,52663723472189837019282878320519686971007473994421038773533328330378617408514,1756232282,2025-08-26 18:18:02,0.5
bitcoin-up-or-down-august-27-8pm-et,UP,52663723472189837019282878320519686971007473994421038773533328330378617408514,1756232343,2025-08-26 18:19:03,0.5
bitcoin-up-or-down-august-27-8pm-et,UP,52663723472189837019282878320519686971007473994421038773533328330378617408514,1756232410,2025-08-26 18:20:10,0.5
bitcoin-up-or-down-august-27-8pm-et,UP,52663723472189837019282878320519686971007473994421038773533328330378617408514,1756232462,2025-08-26 18:21:02,0.5
bitcoin-up-or-down-august-27-8pm-et,UP,52663723472189837019282878320519686971007473994421038773533328330378617408514,1756232523,2025-08-26 18:22:03,0.5
bitcoin-up-or-down-august-27-8pm-et,UP,52663723472189837019282878320519686971007473994421038773533328330378617408514,1756232582,2025-08-26 18:23:02,0.5
bitcoin-up-or-down-august-27-8pm-et,UP,52663723472189837019282878320519686971007473994421038773533328330378617408514,1756232642,2025-08-26 18:24:02,0.5
bitcoin-up-or-down-august-27-8pm-et,UP,52663723472189837019282878320519686971007473994421038773533328330378617408514,1756232702,2025-08-26 18:25:02,0.5
bitcoin-up-or-down-august-27-8pm-et,UP,52663723472189837019282878320519686971007473994421038773533328330378617408514,1756232763,2025-08-26 18:26:03,0.5
bitcoin-up-or-down-august-27-8pm-et,UP,52663723472189837019282878320519686971007473994421038773533328330378617408514,1756232822,2025-08-26 18:27:02,0.5
bitcoin-up-or-down-august-27-8pm-et,UP,52663723472189837019282878320519686971007473994421038773533328330378617408514,1756232882,2025-08-26 18:28:02,0.5
bitcoin-up-or-down-august-27-8pm-et,UP,52663723472189837019282878320519686971007473994421038773533328330378617408514,1756232942,2025-08-26 18:29:02,0.5
bitcoin-up-or-down-august-27-8pm-et,UP,52663723472189837019282878320519686971007473994421038773533328330378617408514,1756233011,2025-08-26 18:30:11,0.5
bitcoin-up-or-down-august-27-8pm-et,UP,52663723472189837019282878320519686971007473994421038773533328330378617408514,1756233063,2025-08-26 18:31:03,0.5
bitcoin-up-or-down-august-27-8pm-et,UP,52663723472189837019282878320519686971007473994421038773533328330378617408514,1756233123,2025-08-26 18:32:03,0.5
bitcoin-up-or-down-august-27-8pm-et,UP,52663723472189837019282878320519686971007473994421038773533328330378617408514,1756233182,2025-08-26 18:33:02,0.5
bitcoin-up-or-down-august-27-8pm-et,UP,52663723472189837019282878320519686971007473994421038773533328330378617408514,1756233243,2025-08-26 18:34:03,0.5
bitcoin-up-or-down-august-27-8pm-et,UP,52663723472189837019282878320519686971007473994421038773533328330378617408514,1756233302,2025-08-26 18:35:02,0.5
bitcoin-up-or-down-august-27-8pm-et,UP,52663723472189837019282878320519686971007473994421038773533328330378617408514,1756233363,2025-08-26 18:36:03,0.5
bitcoin-up-or-down-august-27-8pm-et,UP,52663723472189837019282878320519686971007473994421038773533328330378617408514,1756233423,2025-08-26 18:37:03,0.5
bitcoin-up-or-down-august-27-8pm-et,UP,52663723472189837019282878320519686971007473994421038773533328330378617408514,1756233483,2025-08-26 18:38:03,0.5
bitcoin-up-or-down-august-27-8pm-et,UP,52663723472189837019282878320519686971007473994421038773533328330378617408514,1756233542,2025-08-26 18:39:02,0.5
bitcoin-up-or-down-august-27-8pm-et,UP,52663723472189837019282878320519686971007473994421038773533328330378617408514,1756233604,2025-08-26 18:40:04,0.5
bitcoin-up-or-down-august-27-8pm-et,UP,52663723472189837019282878320519686971007473994421038773533328330378617408514,1756233662,2025-08-26 18:41:02,0.5
bitcoin-up-or-down-august-27-8pm-et,UP,52663723472189837019282878320519686971007473994421038773533328330378617408514,1756233722,2025-08-26 18:42:02,0.5
bitcoin-up-or-down-august-27-8pm-et,UP,52663723472189837019282878320519686971007473994421038773533328330378617408514,1756233782,2025-08-26 18:43:02,0.5
bitcoin-up-or-down-august-27-8pm-et,UP,52663723472189837019282878320519686971007473994421038773533328330378617408514,1756233843,2025-08-26 18:44:03,0.5
bitcoin-up-or-down-august-27-8pm-et,UP,52663723472189837019282878320519686971007473994421038773533328330378617408514,1756233902,2025-08-26 18:45:02,0.5
bitcoin-up-or-down-august-27-8pm-et,UP,52663723472189837019282878320519686971007473994421038773533328330378617408514,1756233962,2025-08-26 18:46:02,0.5
bitcoin-up-or-down-august-27-8pm-et,UP,52663723472189837019282878320519686971007473994421038773533328330378617408514,1756234024,2025-08-26 18:47:04,0.5
bitcoin-up-or-down-august-27-8pm-et,UP,52663723472189837019282878320519686971007473994421038773533328330378617408514,1756234083,2025-08-26 18:48:03,0.5
bitcoin-up-or-down-august-27-8pm-et,UP,52663723472189837019282878320519686971007473994421038773533328330378617408514,1756234143,2025-08-26 18:49:03,0.5
bitcoin-up-or-down-august-27-8pm-et,UP,52663723472189837019282878320519686971007473994421038773533328330378617408514,1756234206,2025-08-26 18:50:06,0.5
bitcoin-up-or-down-august-27-8pm-et,UP,52663723472189837019282878320519686971007473994421038773533328330378617408514,1756234263,2025-08-26 18:51:03,0.5
bitcoin-up-or-down-august-27-8pm-et,UP,52663723472189837019282878320519686971007473994421038773533328330378617408514,1756234323,2025-08-26 18:52:03,0.5
bitcoin-up-or-down-august-27-8pm-et,UP,52663723472189837019282878320519686971007473994421038773533328330378617408514,1756234382,2025-08-26 18:53:02,0.5
bitcoin-up-or-down-august-27-8pm-et,UP,52663723472189837019282878320519686971007473994421038773533328330378617408514,1756234443,2025-08-26 18:54:03,0.5
bitcoin-up-or-down-august-27-8pm-et,UP,52663723472189837019282878320519686971007473994421038773533328330378617408514,1756234502,2025-08-26 18:55:02,0.5
bitcoin-up-or-down-august-27-8pm-et,UP,52663723472189837019282878320519686971007473994421038773533328330378617408514,1756234562,2025-08-26 18:56:02,0.5
bitcoin-up-or-down-august-27-8pm-et,UP,52663723472189837019282878320519686971007473994421038773533328330378617408514,1756234623,2025-08-26 18:57:03,0.5
bitcoin-up-or-down-august-27-8pm-et,UP,52663723472189837019282878320519686971007473994421038773533328330378617408514,1756234682,2025-08-26 18:58:02,0.5
bitcoin-up-or-down-august-27-8pm-et,UP,52663723472189837019282878320519686971007473994421038773533328330378617408514,1756234742,2025-08-26 18:59:02,0.5
bitcoin-up-or-down-august-27-8pm-et,UP,52663723472189837019282878320519686971007473994421038773533328330378617408514,1756234807,2025-08-26 19:00:07,0.5
bitcoin-up-or-down-august-27-8pm-et,UP,52663723472189837019282878320519686971007473994421038773533328330378617408514,1756234863,2025-08-26 19:01:03,0.5
bitcoin-up-or-down-august-27-8pm-et,UP,52663723472189837019282878320519686971007473994421038773533328330378617408514,1756234923,2025-08-26 19:02:03,0.5
bitcoin-up-or-down-august-27-8pm-et,UP,52663723472189837019282878320519686971007473994421038773533328330378617408514,1756234982,2025-08-26 19:03:02,0.5
bitcoin-up-or-down-august-27-8pm-et,UP,52663723472189837019282878320519686971007473994421038773533328330378617408514,1756235042,2025-08-26 19:04:02,0.5
bitcoin-up-or-down-august-27-8pm-et,UP,52663723472189837019282878320519686971007473994421038773533328330378617408514,1756235104,2025-08-26 19:05:04,0.5
bitcoin-up-or-down-august-27-8pm-et,UP,52663723472189837019282878320519686971007473994421038773533328330378617408514,1756235162,2025-08-26 19:06:02,0.5
bitcoin-up-or-down-august-27-8pm-et,UP,52663723472189837019282878320519686971007473994421038773533328330378617408514,1756235222,2025-08-26 19:07:02,0.5
bitcoin-up-or-down-august-27-8pm-et,UP,52663723472189837019282878320519686971007473994421038773533328330378617408514,1756235283,2025-08-26 19:08:03,0.5
bitcoin-up-or-down-august-27-8pm-et,UP,52663723472189837019282878320519686971007473994421038773533328330378617408514,1756235343,2025-08-26 19:09:03,0.5
bitcoin-up-or-down-august-27-8pm-et,UP,52663723472189837019282878320519686971007473994421038773533328330378617408514,1756235404,2025-08-26 19:10:04,0.5
bitcoin-up-or-down-august-27-8pm-et,UP,52663723472189837019282878320519686971007473994421038773533328330378617408514,1756235463,2025-08-26 19:11:03,0.5
bitcoin-up-or-down-august-27-8pm-et,UP,52663723472189837019282878320519686971007473994421038773533328330378617408514,1756235523,2025-08-26 19:12:03,0.5
bitcoin-up-or-down-august-27-8pm-et,UP,52663723472189837019282878320519686971007473994421038773533328330378617408514,1756235583,2025-08-26 19:13:03,0.5
bitcoin-up-or-down-august-27-8pm-et,UP,52663723472189837019282878320519686971007473994421038773533328330378617408514,1756235642,2025-08-26 19:14:02,0.5
bitcoin-up-or-down-august-27-8pm-et,UP,52663723472189837019282878320519686971007473994421038773533328330378617408514,1756235715,2025-08-26 19:15:15,0.5
bitcoin-up-or-down-august-27-8pm-et,UP,52663723472189837019282878320519686971007473994421038773533328330378617408514,1756235763,2025-08-26 19:16:03,0.5
bitcoin-up-or-down-august-27-8pm-et,UP,52663723472189837019282878320519686971007473994421038773533328330378617408514,1756235823,2025-08-26 19:17:03,0.5
bitcoin-up-or-down-august-27-8pm-et,UP,52663723472189837019282878320519686971007473994421038773533328330378617408514,1756235882,2025-08-26 19:18:02,0.5
bitcoin-up-or-down-august-27-8pm-et,UP,52663723472189837019282878320519686971007473994421038773533328330378617408514,1756235943,2025-08-26 19:19:03,0.5
bitcoin-up-or-down-august-27-8pm-et,UP,52663723472189837019282878320519686971007473994421038773533328330378617408514,1756236008,2025-08-26 19:20:08,0.5
bitcoin-up-or-down-august-27-8pm-et,UP,52663723472189837019282878320519686971007473994421038773533328330378617408514,1756236063,2025-08-26 19:21:03,0.5
bitcoin-up-or-down-august-27-8pm-et,UP,52663723472189837019282878320519686971007473994421038773533328330378617408514,1756236123,2025-08-26 19:22:03,0.5
bitcoin-up-or-down-august-27-8pm-et,UP,52663723472189837019282878320519686971007473994421038773533328330378617408514,1756236182,2025-08-26 19:23:02,0.5
bitcoin-up-or-down-august-27-8pm-et,UP,52663723472189837019282878320519686971007473994421038773533328330378617408514,1756236242,2025-08-26 19:24:02,0.5
bitcoin-up-or-down-august-27-8pm-et,UP,52663723472189837019282878320519686971007473994421038773533328330378617408514,1756236302,2025-08-26 19:25:02,0.5
bitcoin-up-or-down-august-27-8pm-et,UP,52663723472189837019282878320519686971007473994421038773533328330378617408514,1756236365,2025-08-26 19:26:05,0.5
bitcoin-up-or-down-august-27-8pm-et,UP,52663723472189837019282878320519686971007473994421038773533328330378617408514,1756236423,2025-08-26 19:27:03,0.5
bitcoin-up-or-down-august-27-8pm-et,UP,52663723472189837019282878320519686971007473994421038773533328330378617408514,1756236483,2025-08-26 19:28:03,0.5
bitcoin-up-or-down-august-27-8pm-et,UP,52663723472189837019282878320519686971007473994421038773533328330378617408514,1756236542,2025-08-26 19:29:02,0.5
bitcoin-up-or-down-august-27-8pm-et,UP,52663723472189837019282878320519686971007473994421038773533328330378617408514,1756236603,2025-08-26 19:30:03,0.5
bitcoin-up-or-down-august-27-8pm-et,UP,52663723472189837019282878320519686971007473994421038773533328330378617408514,1756236663,2025-08-26 19:31:03,0.5
bitcoin-up-or-down-august-27-8pm-et,UP,52663723472189837019282878320519686971007473994421038773533328330378617408514,1756236723,2025-08-26 19:32:03,0.5
bitcoin-up-or-down-august-27-8pm-et,UP,52663723472189837019282878320519686971007473994421038773533328330378617408514,1756236783,2025-08-26 19:33:03,0.5
bitcoin-up-or-down-august-27-8pm-et,UP,52663723472189837019282878320519686971007473994421038773533328330378617408514,1756236843,2025-08-26 19:34:03,0.5
bitcoin-up-or-down-august-27-8pm-et,UP,52663723472189837019282878320519686971007473994421038773533328330378617408514,1756236910,2025-08-26 19:35:10,0.5
bitcoin-up-or-down-august-27-8pm-et,UP,52663723472189837019282878320519686971007473994421038773533328330378617408514,1756236962,2025-08-26 19:36:02,0.5
bitcoin-up-or-down-august-27-8pm-et,UP,52663723472189837019282878320519686971007473994421038773533328330378617408514,1756237022,2025-08-26 19:37:02,0.5
bitcoin-up-or-down-august-27-8pm-et,UP,52663723472189837019282878320519686971007473994421038773533328330378617408514,1756237082,2025-08-26 19:38:02,0.5
bitcoin-up-or-down-august-27-8pm-et,UP,52663723472189837019282878320519686971007473994421038773533328330378617408514,1756237142,2025-08-26 19:39:02,0.5
bitcoin-up-or-down-august-27-8pm-et,UP,52663723472189837019282878320519686971007473994421038773533328330378617408514,1756237202,2025-08-26 19:40:02,0.5
bitcoin-up-or-down-august-27-8pm-et,UP,52663723472189837019282878320519686971007473994421038773533328330378617408514,1756237262,2025-08-26 19:41:02,0.5
bitcoin-up-or-down-august-27-8pm-et,UP,52663723472189837019282878320519686971007473994421038773533328330378617408514,1756237322,2025-08-26 19:42:02,0.5
bitcoin-up-or-down-august-27-8pm-et,UP,52663723472189837019282878320519686971007473994421038773533328330378617408514,1756237383,2025-08-26 19:43:03,0.5
bitcoin-up-or-down-august-27-8pm-et,UP,52663723472189837019282878320519686971007473994421038773533328330378617408514,1756237442,2025-08-26 19:44:02,0.5
bitcoin-up-or-down-august-27-8pm-et,UP,52663723472189837019282878320519686971007473994421038773533328330378617408514,1756237514,2025-08-26 19:45:14,0.5
bitcoin-up-or-down-august-27-8pm-et,UP,52663723472189837019282878320519686971007473994421038773533328330378617408514,1756237562,2025-08-26 19:46:02,0.5
bitcoin-up-or-down-august-27-8pm-et,UP,52663723472189837019282878320519686971007473994421038773533328330378617408514,1756237623,2025-08-26 19:47:03,0.5
bitcoin-up-or-down-august-27-8pm-et,UP,52663723472189837019282878320519686971007473994421038773533328330378617408514,1756237683,2025-08-26 19:48:03,0.5
bitcoin-up-or-down-august-27-8pm-et,UP,52663723472189837019282878320519686971007473994421038773533328330378617408514,1756237743,2025-08-26 19:49:03,0.5
bitcoin-up-or-down-august-27-8pm-et,UP,52663723472189837019282878320519686971007473994421038773533328330378617408514,1756237805,2025-08-26 19:50:05,0.5
bitcoin-up-or-down-august-27-8pm-et,UP,52663723472189837019282878320519686971007473994421038773533328330378617408514,1756237863,2025-08-26 19:51:03,0.5
bitcoin-up-or-down-august-27-8pm-et,UP,52663723472189837019282878320519686971007473994421038773533328330378617408514,1756237923,2025-08-26 19:52:03,0.5
bitcoin-up-or-down-august-27-8pm-et,UP,52663723472189837019282878320519686971007473994421038773533328330378617408514,1756237982,2025-08-26 19:53:02,0.5
bitcoin-up-or-down-august-27-8pm-et,UP,52663723472189837019282878320519686971007473994421038773533328330378617408514,1756238044,2025-08-26 19:54:04,0.5
bitcoin-up-or-down-august-27-8pm-et,UP,52663723472189837019282878320519686971007473994421038773533328330378617408514,1756238105,2025-08-26 19:55:05,0.5
bitcoin-up-or-down-august-27-8pm-et,UP,52663723472189837019282878320519686971007473994421038773533328330378617408514,1756238163,2025-08-26 19:56:03,0.5
bitcoin-up-or-down-august-27-8pm-et,UP,52663723472189837019282878320519686971007473994421038773533328330378617408514,1756238223,2025-08-26 19:57:03,0.5
bitcoin-up-or-down-august-27-8pm-et,UP,52663723472189837019282878320519686971007473994421038773533328330378617408514,1756238283,2025-08-26 19:58:03,0.5
bitcoin-up-or-down-august-27-8pm-et,UP,52663723472189837019282878320519686971007473994421038773533328330378617408514,1756238342,2025-08-26 19:59:02,0.5
bitcoin-up-or-down-august-27-8pm-et,UP,52663723472189837019282878320519686971007473994421038773533328330378617408514,1756238415,2025-08-26 20:00:15,0.5
bitcoin-up-or-down-august-27-8pm-et,UP,52663723472189837019282878320519686971007473994421038773533328330378617408514,1756238463,2025-08-26 20:01:03,0.5
bitcoin-up-or-down-august-27-8pm-et,UP,52663723472189837019282878320519686971007473994421038773533328330378617408514,1756238523,2025-08-26 20:02:03,0.5
bitcoin-up-or-down-august-27-8pm-et,UP,52663723472189837019282878320519686971007473994421038773533328330378617408514,1756238582,2025-08-26 20:03:02,0.5
bitcoin-up-or-down-august-27-8pm-et,UP,52663723472189837019282878320519686971007473994421038773533328330378617408514,1756238642,2025-08-26 20:04:02,0.5
bitcoin-up-or-down-august-27-8pm-et,UP,52663723472189837019282878320519686971007473994421038773533328330378617408514,1756238708,2025-08-26 20:05:08,0.5
bitcoin-up-or-down-august-27-8pm-et,UP,52663723472189837019282878320519686971007473994421038773533328330378617408514,1756238764,2025-08-26 20:06:04,0.5
bitcoin-up-or-down-august-27-8pm-et,UP,52663723472189837019282878320519686971007473994421038773533328330378617408514,1756238822,2025-08-26 20:07:02,0.5
bitcoin-up-or-down-august-27-8pm-et,UP,52663723472189837019282878320519686971007473994421038773533328330378617408514,1756238883,2025-08-26 20:08:03,0.5
bitcoin-up-or-down-august-27-8pm-et,UP,52663723472189837019282878320519686971007473994421038773533328330378617408514,1756238943,2025-08-26 20:09:03,0.5
bitcoin-up-or-down-august-27-8pm-et,UP,52663723472189837019282878320519686971007473994421038773533328330378617408514,1756239008,2025-08-26 20:10:08,0.5
bitcoin-up-or-down-august-27-8pm-et,UP,52663723472189837019282878320519686971007473994421038773533328330378617408514,1756239062,2025-08-26 20:11:02,0.5
bitcoin-up-or-down-august-27-8pm-et,UP,52663723472189837019282878320519686971007473994421038773533328330378617408514,1756239123,2025-08-26 20:12:03,0.5
bitcoin-up-or-down-august-27-8pm-et,UP,52663723472189837019282878320519686971007473994421038773533328330378617408514,1756239183,2025-08-26 20:13:03,0.5
bitcoin-up-or-down-august-27-8pm-et,UP,52663723472189837019282878320519686971007473994421038773533328330378617408514,1756239242,2025-08-26 20:14:02,0.5
bitcoin-up-or-down-august-27-8pm-et,UP,52663723472189837019282878320519686971007473994421038773533328330378617408514,1756239302,2025-08-26 20:15:02,0.5
bitcoin-up-or-down-august-27-8pm-et,UP,52663723472189837019282878320519686971007473994421038773533328330378617408514,1756239363,2025-08-26 20:16:03,0.5
bitcoin-up-or-down-august-27-8pm-et,UP,52663723472189837019282878320519686971007473994421038773533328330378617408514,1756239422,2025-08-26 20:17:02,0.5
bitcoin-up-or-down-august-27-8pm-et,UP,52663723472189837019282878320519686971007473994421038773533328330378617408514,1756239483,2025-08-26 20:18:03,0.5
bitcoin-up-or-down-august-27-8pm-et,UP,52663723472189837019282878320519686971007473994421038773533328330378617408514,1756239544,2025-08-26 20:19:04,0.5
bitcoin-up-or-down-august-27-8pm-et,UP,52663723472189837019282878320519686971007473994421038773533328330378617408514,1756239610,2025-08-26 20:20:10,0.5
bitcoin-up-or-down-august-27-8pm-et,UP,52663723472189837019282878320519686971007473994421038773533328330378617408514,1756239663,2025-08-26 20:21:03,0.5
bitcoin-up-or-down-august-27-8pm-et,UP,52663723472189837019282878320519686971007473994421038773533328330378617408514,1756239723,2025-08-26 20:22:03,0.5
bitcoin-up-or-down-august-27-8pm-et,UP,52663723472189837019282878320519686971007473994421038773533328330378617408514,1756239783,2025-08-26 20:23:03,0.5
bitcoin-up-or-down-august-27-8pm-et,UP,52663723472189837019282878320519686971007473994421038773533328330378617408514,1756239842,2025-08-26 20:24:02,0.5
bitcoin-up-or-down-august-27-8pm-et,UP,52663723472189837019282878320519686971007473994421038773533328330378617408514,1756239902,2025-08-26 20:25:02,0.5
bitcoin-up-or-down-august-27-8pm-et,UP,52663723472189837019282878320519686971007473994421038773533328330378617408514,1756239963,2025-08-26 20:26:03,0.5
bitcoin-up-or-down-august-27-8pm-et,UP,52663723472189837019282878320519686971007473994421038773533328330378617408514,1756240022,2025-08-26 20:27:02,0.5
bitcoin-up-or-down-august-27-8pm-et,UP,52663723472189837019282878320519686971007473994421038773533328330378617408514,1756240082,2025-08-26 20:28:02,0.5
bitcoin-up-or-down-august-27-8pm-et,UP,52663723472189837019282878320519686971007473994421038773533328330378617408514,1756240143,2025-08-26 20:29:03,0.5
bitcoin-up-or-down-august-27-8pm-et,UP,52663723472189837019282878320519686971007473994421038773533328330378617408514,1756240216,2025-08-26 20:30:16,0.5
bitcoin-up-or-down-august-27-8pm-et,UP,52663723472189837019282878320519686971007473994421038773533328330378617408514,1756240262,2025-08-26 20:31:02,0.5
bitcoin-up-or-down-august-27-8pm-et,UP,52663723472189837019282878320519686971007473994421038773533328330378617408514,1756240322,2025-08-26 20:32:02,0.5
bitcoin-up-or-down-august-27-8pm-et,UP,52663723472189837019282878320519686971007473994421038773533328330378617408514,1756240383,2025-08-26 20:33:03,0.5
bitcoin-up-or-down-august-27-8pm-et,UP,52663723472189837019282878320519686971007473994421038773533328330378617408514,1756240442,2025-08-26 20:34:02,0.5
bitcoin-up-or-down-august-27-8pm-et,UP,52663723472189837019282878320519686971007473994421038773533328330378617408514,1756240504,2025-08-26 20:35:04,0.5
bitcoin-up-or-down-august-27-8pm-et,UP,52663723472189837019282878320519686971007473994421038773533328330378617408514,1756240562,2025-08-26 20:36:02,0.5
bitcoin-up-or-down-august-27-8pm-et,UP,52663723472189837019282878320519686971007473994421038773533328330378617408514,1756240623,2025-08-26 20:37:03,0.5
bitcoin-up-or-down-august-27-8pm-et,UP,52663723472189837019282878320519686971007473994421038773533328330378617408514,1756240684,2025-08-26 20:38:04,0.5
bitcoin-up-or-down-august-27-8pm-et,UP,52663723472189837019282878320519686971007473994421038773533328330378617408514,1756240742,2025-08-26 20:39:02,0.5
bitcoin-up-or-down-august-27-8pm-et,UP,52663723472189837019282878320519686971007473994421038773533328330378617408514,1756240805,2025-08-26 20:40:05,0.5
bitcoin-up-or-down-august-27-8pm-et,UP,52663723472189837019282878320519686971007473994421038773533328330378617408514,1756240862,2025-08-26 20:41:02,0.5
bitcoin-up-or-down-august-27-8pm-et,UP,52663723472189837019282878320519686971007473994421038773533328330378617408514,1756240923,2025-08-26 20:42:03,0.5
bitcoin-up-or-down-august-27-8pm-et,UP,52663723472189837019282878320519686971007473994421038773533328330378617408514,1756240983,2025-08-26 20:43:03,0.5
bitcoin-up-or-down-august-27-8pm-et,UP,52663723472189837019282878320519686971007473994421038773533328330378617408514,1756241043,2025-08-26 20:44:03,0.5
bitcoin-up-or-down-august-27-8pm-et,UP,52663723472189837019282878320519686971007473994421038773533328330378617408514,1756241103,2025-08-26 20:45:03,0.5
bitcoin-up-or-down-august-27-8pm-et,UP,52663723472189837019282878320519686971007473994421038773533328330378617408514,1756241162,2025-08-26 20:46:02,0.5
bitcoin-up-or-down-august-27-8pm-et,UP,52663723472189837019282878320519686971007473994421038773533328330378617408514,1756241222,2025-08-26 20:47:02,0.5
bitcoin-up-or-down-august-27-8pm-et,UP,52663723472189837019282878320519686971007473994421038773533328330378617408514,1756241283,2025-08-26 20:48:03,0.5
bitcoin-up-or-down-august-27-8pm-et,UP,52663723472189837019282878320519686971007473994421038773533328330378617408514,1756241343,2025-08-26 20:49:03,0.5
bitcoin-up-or-down-august-27-8pm-et,UP,52663723472189837019282878320519686971007473994421038773533328330378617408514,1756241404,2025-08-26 20:50:04,0.5
bitcoin-up-or-down-august-27-8pm-et,UP,52663723472189837019282878320519686971007473994421038773533328330378617408514,1756241462,2025-08-26 20:51:02,0.5
bitcoin-up-or-down-august-27-8pm-et,UP,52663723472189837019282878320519686971007473994421038773533328330378617408514,1756241523,2025-08-26 20:52:03,0.5
bitcoin-up-or-down-august-27-8pm-et,UP,52663723472189837019282878320519686971007473994421038773533328330378617408514,1756241583,2025-08-26 20:53:03,0.5
bitcoin-up-or-down-august-27-8pm-et,UP,52663723472189837019282878320519686971007473994421038773533328330378617408514,1756241642,2025-08-26 20:54:02,0.5
bitcoin-up-or-down-august-27-8pm-et,UP,52663723472189837019282878320519686971007473994421038773533328330378617408514,1756241703,2025-08-26 20:55:03,0.5
bitcoin-up-or-down-august-27-8pm-et,UP,52663723472189837019282878320519686971007473994421038773533328330378617408514,1756241762,2025-08-26 20:56:02,0.5
bitcoin-up-or-down-august-27-8pm-et,UP,52663723472189837019282878320519686971007473994421038773533328330378617408514,1756241823,2025-08-26 20:57:03,0.5
bitcoin-up-or-down-august-27-8pm-et,UP,52663723472189837019282878320519686971007473994421038773533328330378617408514,1756241882,2025-08-26 20:58:02,0.5
bitcoin-up-or-down-august-27-8pm-et,UP,52663723472189837019282878320519686971007473994421038773533328330378617408514,1756241943,2025-08-26 20:59:03,0.5
bitcoin-up-or-down-august-27-8pm-et,UP,52663723472189837019282878320519686971007473994421038773533328330378617408514,1756242004,2025-08-26 21:00:04,0.5
bitcoin-up-or-down-august-27-8pm-et,UP,52663723472189837019282878320519686971007473994421038773533328330378617408514,1756242064,2025-08-26 21:01:04,0.5
bitcoin-up-or-down-august-27-8pm-et,UP,52663723472189837019282878320519686971007473994421038773533328330378617408514,1756242123,2025-08-26 21:02:03,0.5
bitcoin-up-or-down-august-27-8pm-et,UP,52663723472189837019282878320519686971007473994421038773533328330378617408514,1756242185,2025-08-26 21:03:05,0.5
bitcoin-up-or-down-august-27-8pm-et,UP,52663723472189837019282878320519686971007473994421038773533328330378617408514,1756242243,2025-08-26 21:04:03,0.5
bitcoin-up-or-down-august-27-8pm-et,UP,52663723472189837019282878320519686971007473994421038773533328330378617408514,1756242309,2025-08-26 21:05:09,0.5
bitcoin-up-or-down-august-27-8pm-et,UP,52663723472189837019282878320519686971007473994421038773533328330378617408514,1756242363,2025-08-26 21:06:03,0.5
bitcoin-up-or-down-august-27-8pm-et,UP,52663723472189837019282878320519686971007473994421038773533328330378617408514,1756242423,2025-08-26 21:07:03,0.5
bitcoin-up-or-down-august-27-8pm-et,UP,52663723472189837019282878320519686971007473994421038773533328330378617408514,1756242483,2025-08-26 21:08:03,0.5
bitcoin-up-or-down-august-27-8pm-et,UP,52663723472189837019282878320519686971007473994421038773533328330378617408514,1756242542,2025-08-26 21:09:02,0.5
bitcoin-up-or-down-august-27-8pm-et,UP,52663723472189837019282878320519686971007473994421038773533328330378617408514,1756242605,2025-08-26 21:10:05,0.5
bitcoin-up-or-down-august-27-8pm-et,UP,52663723472189837019282878320519686971007473994421038773533328330378617408514,1756242665,2025-08-26 21:11:05,0.5
bitcoin-up-or-down-august-27-8pm-et,UP,52663723472189837019282878320519686971007473994421038773533328330378617408514,1756242722,2025-08-26 21:12:02,0.5
bitcoin-up-or-down-august-27-8pm-et,UP,52663723472189837019282878320519686971007473994421038773533328330378617408514,1756242782,2025-08-26 21:13:02,0.5
bitcoin-up-or-down-august-27-8pm-et,UP,52663723472189837019282878320519686971007473994421038773533328330378617408514,1756242842,2025-08-26 21:14:02,0.5
bitcoin-up-or-down-august-27-8pm-et,UP,52663723472189837019282878320519686971007473994421038773533328330378617408514,1756242911,2025-08-26 21:15:11,0.5
bitcoin-up-or-down-august-27-8pm-et,UP,52663723472189837019282878320519686971007473994421038773533328330378617408514,1756242962,2025-08-26 21:16:02,0.5
bitcoin-up-or-down-august-27-8pm-et,UP,52663723472189837019282878320519686971007473994421038773533328330378617408514,1756243023,2025-08-26 21:17:03,0.5
bitcoin-up-or-down-august-27-8pm-et,UP,52663723472189837019282878320519686971007473994421038773533328330378617408514,1756243083,2025-08-26 21:18:03,0.5
bitcoin-up-or-down-august-27-8pm-et,UP,52663723472189837019282878320519686971007473994421038773533328330378617408514,1756243142,2025-08-26 21:19:02,0.5
bitcoin-up-or-down-august-27-8pm-et,UP,52663723472189837019282878320519686971007473994421038773533328330378617408514,1756243214,2025-08-26 21:20:14,0.5
bitcoin-up-or-down-august-27-8pm-et,UP,52663723472189837019282878320519686971007473994421038773533328330378617408514,1756243264,2025-08-26 21:21:04,0.5
bitcoin-up-or-down-august-27-8pm-et,UP,52663723472189837019282878320519686971007473994421038773533328330378617408514,1756243322,2025-08-26 21:22:02,0.5
bitcoin-up-or-down-august-27-8pm-et,UP,52663723472189837019282878320519686971007473994421038773533328330378617408514,1756243382,2025-08-26 21:23:02,0.5
bitcoin-up-or-down-august-27-8pm-et,UP,52663723472189837019282878320519686971007473994421038773533328330378617408514,1756243443,2025-08-26 21:24:03,0.5
bitcoin-up-or-down-august-27-8pm-et,UP,52663723472189837019282878320519686971007473994421038773533328330378617408514,1756243508,2025-08-26 21:25:08,0.5
bitcoin-up-or-down-august-27-8pm-et,UP,52663723472189837019282878320519686971007473994421038773533328330378617408514,1756243562,2025-08-26 21:26:02,0.5
bitcoin-up-or-down-august-27-8pm-et,UP,52663723472189837019282878320519686971007473994421038773533328330378617408514,1756243622,2025-08-26 21:27:02,0.5
bitcoin-up-or-down-august-27-8pm-et,UP,52663723472189837019282878320519686971007473994421038773533328330378617408514,1756243683,2025-08-26 21:28:03,0.5
bitcoin-up-or-down-august-27-8pm-et,UP,52663723472189837019282878320519686971007473994421038773533328330378617408514,1756243743,2025-08-26 21:29:03,0.5
bitcoin-up-or-down-august-27-8pm-et,UP,52663723472189837019282878320519686971007473994421038773533328330378617408514,1756243804,2025-08-26 21:30:04,0.5
bitcoin-up-or-down-august-27-8pm-et,UP,52663723472189837019282878320519686971007473994421038773533328330378617408514,1756243863,2025-08-26 21:31:03,0.5
bitcoin-up-or-down-august-27-8pm-et,UP,52663723472189837019282878320519686971007473994421038773533328330378617408514,1756243923,2025-08-26 21:32:03,0.5
bitcoin-up-or-down-august-27-8pm-et,UP,52663723472189837019282878320519686971007473994421038773533328330378617408514,1756243982,2025-08-26 21:33:02,0.5
bitcoin-up-or-down-august-27-8pm-et,UP,52663723472189837019282878320519686971007473994421038773533328330378617408514,1756244042,2025-08-26 21:34:02,0.5
bitcoin-up-or-down-august-27-8pm-et,UP,52663723472189837019282878320519686971007473994421038773533328330378617408514,1756244104,2025-08-26 21:35:04,0.5
bitcoin-up-or-down-august-27-8pm-et,UP,52663723472189837019282878320519686971007473994421038773533328330378617408514,1756244162,2025-08-26 21:36:02,0.5
bitcoin-up-or-down-august-27-8pm-et,UP,52663723472189837019282878320519686971007473994421038773533328330378617408514,1756244224,2025-08-26 21:37:04,0.5
bitcoin-up-or-down-august-27-8pm-et,UP,52663723472189837019282878320519686971007473994421038773533328330378617408514,1756244283,2025-08-26 21:38:03,0.5
bitcoin-up-or-down-august-27-8pm-et,UP,52663723472189837019282878320519686971007473994421038773533328330378617408514,1756244344,2025-08-26 21:39:04,0.5
bitcoin-up-or-down-august-27-8pm-et,UP,52663723472189837019282878320519686971007473994421038773533328330378617408514,1756244406,2025-08-26 21:40:06,0.5
bitcoin-up-or-down-august-27-8pm-et,UP,52663723472189837019282878320519686971007473994421038773533328330378617408514,1756244463,2025-08-26 21:41:03,0.5
bitcoin-up-or-down-august-27-8pm-et,UP,52663723472189837019282878320519686971007473994421038773533328330378617408514,1756244522,2025-08-26 21:42:02,0.5
bitcoin-up-or-down-august-27-8pm-et,UP,52663723472189837019282878320519686971007473994421038773533328330378617408514,1756244583,2025-08-26 21:43:03,0.5
bitcoin-up-or-down-august-27-8pm-et,UP,52663723472189837019282878320519686971007473994421038773533328330378617408514,1756244643,2025-08-26 21:44:03,0.5
bitcoin-up-or-down-august-27-8pm-et,UP,52663723472189837019282878320519686971007473994421038773533328330378617408514,1756244704,2025-08-26 21:45:04,0.5
bitcoin-up-or-down-august-27-8pm-et,UP,52663723472189837019282878320519686971007473994421038773533328330378617408514,1756244763,2025-08-26 21:46:03,0.5
bitcoin-up-or-down-august-27-8pm-et,UP,52663723472189837019282878320519686971007473994421038773533328330378617408514,1756244822,2025-08-26 21:47:02,0.5
bitcoin-up-or-down-august-27-8pm-et,UP,52663723472189837019282878320519686971007473994421038773533328330378617408514,1756244883,2025-08-26 21:48:03,0.5
bitcoin-up-or-down-august-27-8pm-et,UP,52663723472189837019282878320519686971007473994421038773533328330378617408514,1756244942,2025-08-26 21:49:02,0.5
bitcoin-up-or-down-august-27-8pm-et,UP,52663723472189837019282878320519686971007473994421038773533328330378617408514,1756245010,2025-08-26 21:50:10,0.5
bitcoin-up-or-down-august-27-8pm-et,UP,52663723472189837019282878320519686971007473994421038773533328330378617408514,1756245065,2025-08-26 21:51:05,0.5
bitcoin-up-or-down-august-27-8pm-et,UP,52663723472189837019282878320519686971007473994421038773533328330378617408514,1756245124,2025-08-26 21:52:04,0.5
bitcoin-up-or-down-august-27-8pm-et,UP,52663723472189837019282878320519686971007473994421038773533328330378617408514,1756245183,2025-08-26 21:53:03,0.5
bitcoin-up-or-down-august-27-8pm-et,UP,52663723472189837019282878320519686971007473994421038773533328330378617408514,1756245243,2025-08-26 21:54:03,0.5
bitcoin-up-or-down-august-27-8pm-et,UP,52663723472189837019282878320519686971007473994421038773533328330378617408514,1756245308,2025-08-26 21:55:08,0.5
bitcoin-up-or-down-august-27-8pm-et,UP,52663723472189837019282878320519686971007473994421038773533328330378617408514,1756245365,2025-08-26 21:56:05,0.5
bitcoin-up-or-down-august-27-8pm-et,UP,52663723472189837019282878320519686971007473994421038773533328330378617408514,1756245422,2025-08-26 21:57:02,0.5
bitcoin-up-or-down-august-27-8pm-et,UP,52663723472189837019282878320519686971007473994421038773533328330378617408514,1756245482,2025-08-26 21:58:02,0.5
bitcoin-up-or-down-august-27-8pm-et,UP,52663723472189837019282878320519686971007473994421038773533328330378617408514,1756245542,2025-08-26 21:59:02,0.5
bitcoin-up-or-down-august-27-8pm-et,UP,52663723472189837019282878320519686971007473994421038773533328330378617408514,1756245603,2025-08-26 22:00:03,0.5
bitcoin-up-or-down-august-27-8pm-et,UP,52663723472189837019282878320519686971007473994421038773533328330378617408514,1756245663,2025-08-26 22:01:03,0.5
bitcoin-up-or-down-august-27-8pm-et,UP,52663723472189837019282878320519686971007473994421038773533328330378617408514,1756245723,2025-08-26 22:02:03,0.5
bitcoin-up-or-down-august-27-8pm-et,UP,52663723472189837019282878320519686971007473994421038773533328330378617408514,1756245783,2025-08-26 22:03:03,0.5
bitcoin-up-or-down-august-27-8pm-et,UP,52663723472189837019282878320519686971007473994421038773533328330378617408514,1756245843,2025-08-26 22:04:03,0.5
bitcoin-up-or-down-august-27-8pm-et,UP,52663723472189837019282878320519686971007473994421038773533328330378617408514,1756245910,2025-08-26 22:05:10,0.5
bitcoin-up-or-down-august-27-8pm-et,UP,52663723472189837019282878320519686971007473994421038773533328330378617408514,1756245965,2025-08-26 22:06:05,0.5
bitcoin-up-or-down-august-27-8pm-et,UP,52663723472189837019282878320519686971007473994421038773533328330378617408514,1756246023,2025-08-26 22:07:03,0.5
bitcoin-up-or-down-august-27-8pm-et,UP,52663723472189837019282878320519686971007473994421038773533328330378617408514,1756246083,2025-08-26 22:08:03,0.5
bitcoin-up-or-down-august-27-8pm-et,UP,52663723472189837019282878320519686971007473994421038773533328330378617408514,1756246142,2025-08-26 22:09:02,0.5
bitcoin-up-or-down-august-27-8pm-et,UP,52663723472189837019282878320519686971007473994421038773533328330378617408514,1756246206,2025-08-26 22:10:06,0.5
bitcoin-up-or-down-august-27-8pm-et,UP,52663723472189837019282878320519686971007473994421038773533328330378617408514,1756246264,2025-08-26 22:11:04,0.5
bitcoin-up-or-down-august-27-8pm-et,UP,52663723472189837019282878320519686971007473994421038773533328330378617408514,1756246322,2025-08-26 22:12:02,0.5
bitcoin-up-or-down-august-27-8pm-et,UP,52663723472189837019282878320519686971007473994421038773533328330378617408514,1756246382,2025-08-26 22:13:02,0.5
bitcoin-up-or-down-august-27-8pm-et,UP,52663723472189837019282878320519686971007473994421038773533328330378617408514,1756246443,2025-08-26 22:14:03,0.5
bitcoin-up-or-down-august-27-8pm-et,UP,52663723472189837019282878320519686971007473994421038773533328330378617408514,1756246514,2025-08-26 22:15:14,0.5
bitcoin-up-or-down-august-27-8pm-et,UP,52663723472189837019282878320519686971007473994421038773533328330378617408514,1756246564,2025-08-26 22:16:04,0.5
bitcoin-up-or-down-august-27-8pm-et,UP,52663723472189837019282878320519686971007473994421038773533328330378617408514,1756246622,2025-08-26 22:17:02,0.5
bitcoin-up-or-down-august-27-8pm-et,UP,52663723472189837019282878320519686971007473994421038773533328330378617408514,1756246683,2025-08-26 22:18:03,0.5
bitcoin-up-or-down-august-27-8pm-et,UP,52663723472189837019282878320519686971007473994421038773533328330378617408514,1756246743,2025-08-26 22:19:03,0.5
bitcoin-up-or-down-august-27-8pm-et,UP,52663723472189837019282878320519686971007473994421038773533328330378617408514,1756246814,2025-08-26 22:20:14,0.5
bitcoin-up-or-down-august-27-8pm-et,UP,52663723472189837019282878320519686971007473994421038773533328330378617408514,1756246862,2025-08-26 22:21:02,0.5
bitcoin-up-or-down-august-27-8pm-et,UP,52663723472189837019282878320519686971007473994421038773533328330378617408514,1756246922,2025-08-26 22:22:02,0.5
bitcoin-up-or-down-august-27-8pm-et,UP,52663723472189837019282878320519686971007473994421038773533328330378617408514,1756246982,2025-08-26 22:23:02,0.5
bitcoin-up-or-down-august-27-8pm-et,UP,52663723472189837019282878320519686971007473994421038773533328330378617408514,1756247043,2025-08-26 22:24:03,0.5
bitcoin-up-or-down-august-27-8pm-et,UP,52663723472189837019282878320519686971007473994421038773533328330378617408514,1756247102,2025-08-26 22:25:02,0.5
bitcoin-up-or-down-august-27-8pm-et,UP,52663723472189837019282878320519686971007473994421038773533328330378617408514,1756247164,2025-08-26 22:26:04,0.5
bitcoin-up-or-down-august-27-8pm-et,UP,52663723472189837019282878320519686971007473994421038773533328330378617408514,1756247224,2025-08-26 22:27:04,0.5
bitcoin-up-or-down-august-27-8pm-et,UP,52663723472189837019282878320519686971007473994421038773533328330378617408514,1756247283,2025-08-26 22:28:03,0.5
bitcoin-up-or-down-august-27-8pm-et,UP,52663723472189837019282878320519686971007473994421038773533328330378617408514,1756247342,2025-08-26 22:29:02,0.5
bitcoin-up-or-down-august-27-8pm-et,UP,52663723472189837019282878320519686971007473994421038773533328330378617408514,1756247409,2025-08-26 22:30:09,0.5
bitcoin-up-or-down-august-27-8pm-et,UP,52663723472189837019282878320519686971007473994421038773533328330378617408514,1756247463,2025-08-26 22:31:03,0.5
bitcoin-up-or-down-august-27-8pm-et,UP,52663723472189837019282878320519686971007473994421038773533328330378617408514,1756247523,2025-08-26 22:32:03,0.5
bitcoin-up-or-down-august-27-8pm-et,UP,52663723472189837019282878320519686971007473994421038773533328330378617408514,1756247582,2025-08-26 22:33:02,0.5
bitcoin-up-or-down-august-27-8pm-et,UP,52663723472189837019282878320519686971007473994421038773533328330378617408514,1756247643,2025-08-26 22:34:03,0.5
bitcoin-up-or-down-august-27-8pm-et,UP,52663723472189837019282878320519686971007473994421038773533328330378617408514,1756247707,2025-08-26 22:35:07,0.5
bitcoin-up-or-down-august-27-8pm-et,UP,52663723472189837019282878320519686971007473994421038773533328330378617408514,1756247762,2025-08-26 22:36:02,0.5
bitcoin-up-or-down-august-27-8pm-et,UP,52663723472189837019282878320519686971007473994421038773533328330378617408514,1756247823,2025-08-26 22:37:03,0.5
bitcoin-up-or-down-august-27-8pm-et,UP,52663723472189837019282878320519686971007473994421038773533328330378617408514,1756247882,2025-08-26 22:38:02,0.5
bitcoin-up-or-down-august-27-8pm-et,UP,52663723472189837019282878320519686971007473994421038773533328330378617408514,1756247943,2025-08-26 22:39:03,0.5
bitcoin-up-or-down-august-27-8pm-et,UP,52663723472189837019282878320519686971007473994421038773533328330378617408514,1756248012,2025-08-26 22:40:12,0.5
bitcoin-up-or-down-august-27-8pm-et,UP,52663723472189837019282878320519686971007473994421038773533328330378617408514,1756248062,2025-08-26 22:41:02,0.5
bitcoin-up-or-down-august-27-8pm-et,UP,52663723472189837019282878320519686971007473994421038773533328330378617408514,1756248123,2025-08-26 22:42:03,0.5
bitcoin-up-or-down-august-27-8pm-et,UP,52663723472189837019282878320519686971007473994421038773533328330378617408514,1756248184,2025-08-26 22:43:04,0.5
bitcoin-up-or-down-august-27-8pm-et,UP,52663723472189837019282878320519686971007473994421038773533328330378617408514,1756248243,2025-08-26 22:44:03,0.5
bitcoin-up-or-down-august-27-8pm-et,UP,52663723472189837019282878320519686971007473994421038773533328330378617408514,1756248305,2025-08-26 22:45:05,0.5
bitcoin-up-or-down-august-27-8pm-et,UP,52663723472189837019282878320519686971007473994421038773533328330378617408514,1756248362,2025-08-26 22:46:02,0.5
bitcoin-up-or-down-august-27-8pm-et,UP,52663723472189837019282878320519686971007473994421038773533328330378617408514,1756248423,2025-08-26 22:47:03,0.5
bitcoin-up-or-down-august-27-8pm-et,UP,52663723472189837019282878320519686971007473994421038773533328330378617408514,1756248483,2025-08-26 22:48:03,0.5
bitcoin-up-or-down-august-27-8pm-et,UP,52663723472189837019282878320519686971007473994421038773533328330378617408514,1756248542,2025-08-26 22:49:02,0.5
bitcoin-up-or-down-august-27-8pm-et,UP,52663723472189837019282878320519686971007473994421038773533328330378617408514,1756248606,2025-08-26 22:50:06,0.5
bitcoin-up-or-down-august-27-8pm-et,UP,52663723472189837019282878320519686971007473994421038773533328330378617408514,1756248662,2025-08-26 22:51:02,0.5
bitcoin-up-or-down-august-27-8pm-et,UP,52663723472189837019282878320519686971007473994421038773533328330378617408514,1756248722,2025-08-26 22:52:02,0.5
bitcoin-up-or-down-august-27-8pm-et,UP,52663723472189837019282878320519686971007473994421038773533328330378617408514,1756248782,2025-08-26 22:53:02,0.5
bitcoin-up-or-down-august-27-8pm-et,UP,52663723472189837019282878320519686971007473994421038773533328330378617408514,1756248843,2025-08-26 22:54:03,0.5
bitcoin-up-or-down-august-27-8pm-et,UP,52663723472189837019282878320519686971007473994421038773533328330378617408514,1756248902,2025-08-26 22:55:02,0.5
bitcoin-up-or-down-august-27-8pm-et,UP,52663723472189837019282878320519686971007473994421038773533328330378617408514,1756248963,2025-08-26 22:56:03,0.5
bitcoin-up-or-down-august-27-8pm-et,UP,52663723472189837019282878320519686971007473994421038773533328330378617408514,1756249023,2025-08-26 22:57:03,0.5
bitcoin-up-or-down-august-27-8pm-et,UP,52663723472189837019282878320519686971007473994421038773533328330378617408514,1756249083,2025-08-26 22:58:03,0.5
bitcoin-up-or-down-august-27-8pm-et,UP,52663723472189837019282878320519686971007473994421038773533328330378617408514,1756249142,2025-08-26 22:59:02,0.5
bitcoin-up-or-down-august-27-8pm-et,UP,52663723472189837019282878320519686971007473994421038773533328330378617408514,1756249211,2025-08-26 23:00:11,0.5
bitcoin-up-or-down-august-27-8pm-et,UP,52663723472189837019282878320519686971007473994421038773533328330378617408514,1756249262,2025-08-26 23:01:02,0.5
bitcoin-up-or-down-august-27-8pm-et,UP,52663723472189837019282878320519686971007473994421038773533328330378617408514,1756249323,2025-08-26 23:02:03,0.5
bitcoin-up-or-down-august-27-8pm-et,UP,52663723472189837019282878320519686971007473994421038773533328330378617408514,1756249382,2025-08-26 23:03:02,0.5
bitcoin-up-or-down-august-27-8pm-et,UP,52663723472189837019282878320519686971007473994421038773533328330378617408514,1756249443,2025-08-26 23:04:03,0.5
bitcoin-up-or-down-august-27-8pm-et,UP,52663723472189837019282878320519686971007473994421038773533328330378617408514,1756249509,2025-08-26 23:05:09,0.5
bitcoin-up-or-down-august-27-8pm-et,UP,52663723472189837019282878320519686971007473994421038773533328330378617408514,1756249563,2025-08-26 23:06:03,0.5
bitcoin-up-or-down-august-27-8pm-et,UP,52663723472189837019282878320519686971007473994421038773533328330378617408514,1756249623,2025-08-26 23:07:03,0.5
bitcoin-up-or-down-august-27-8pm-et,UP,52663723472189837019282878320519686971007473994421038773533328330378617408514,1756249683,2025-08-26 23:08:03,0.5
bitcoin-up-or-down-august-27-8pm-et,UP,52663723472189837019282878320519686971007473994421038773533328330378617408514,1756249743,2025-08-26 23:09:03,0.5
bitcoin-up-or-down-august-27-8pm-et,UP,52663723472189837019282878320519686971007473994421038773533328330378617408514,1756249809,2025-08-26 23:10:09,0.5
bitcoin-up-or-down-august-27-8pm-et,UP,52663723472189837019282878320519686971007473994421038773533328330378617408514,1756249862,2025-08-26 23:11:02,0.5
bitcoin-up-or-down-august-27-8pm-et,UP,52663723472189837019282878320519686971007473994421038773533328330378617408514,1756249923,2025-08-26 23:12:03,0.5
bitcoin-up-or-down-august-27-8pm-et,UP,52663723472189837019282878320519686971007473994421038773533328330378617408514,1756249982,2025-08-26 23:13:02,0.5
bitcoin-up-or-down-august-27-8pm-et,UP,52663723472189837019282878320519686971007473994421038773533328330378617408514,1756250043,2025-08-26 23:14:03,0.5
bitcoin-up-or-down-august-27-8pm-et,UP,52663723472189837019282878320519686971007473994421038773533328330378617408514,1756250105,2025-08-26 23:15:05,0.5
bitcoin-up-or-down-august-27-8pm-et,UP,52663723472189837019282878320519686971007473994421038773533328330378617408514,1756250163,2025-08-26 23:16:03,0.5
bitcoin-up-or-down-august-27-8pm-et,UP,52663723472189837019282878320519686971007473994421038773533328330378617408514,1756250223,2025-08-26 23:17:03,0.5
bitcoin-up-or-down-august-27-8pm-et,UP,52663723472189837019282878320519686971007473994421038773533328330378617408514,1756250283,2025-08-26 23:18:03,0.5
bitcoin-up-or-down-august-27-8pm-et,UP,52663723472189837019282878320519686971007473994421038773533328330378617408514,1756250342,2025-08-26 23:19:02,0.5
bitcoin-up-or-down-august-27-8pm-et,UP,52663723472189837019282878320519686971007473994421038773533328330378617408514,1756250405,2025-08-26 23:20:05,0.5
bitcoin-up-or-down-august-27-8pm-et,UP,52663723472189837019282878320519686971007473994421038773533328330378617408514,1756250464,2025-08-26 23:21:04,0.5
bitcoin-up-or-down-august-27-8pm-et,UP,52663723472189837019282878320519686971007473994421038773533328330378617408514,1756250524,2025-08-26 23:22:04,0.5
bitcoin-up-or-down-august-27-8pm-et,UP,52663723472189837019282878320519686971007473994421038773533328330378617408514,1756250583,2025-08-26 23:23:03,0.5
bitcoin-up-or-down-august-27-8pm-et,UP,52663723472189837019282878320519686971007473994421038773533328330378617408514,1756250643,2025-08-26 23:24:03,0.5
bitcoin-up-or-down-august-27-8pm-et,UP,52663723472189837019282878320519686971007473994421038773533328330378617408514,1756250702,2025-08-26 23:25:02,0.5
bitcoin-up-or-down-august-27-8pm-et,UP,52663723472189837019282878320519686971007473994421038773533328330378617408514,1756250763,2025-08-26 23:26:03,0.5
bitcoin-up-or-down-august-27-8pm-et,UP,52663723472189837019282878320519686971007473994421038773533328330378617408514,1756250823,2025-08-26 23:27:03,0.5
bitcoin-up-or-down-august-27-8pm-et,UP,52663723472189837019282878320519686971007473994421038773533328330378617408514,1756250883,2025-08-26 23:28:03,0.5
bitcoin-up-or-down-august-27-8pm-et,UP,52663723472189837019282878320519686971007473994421038773533328330378617408514,1756250943,2025-08-26 23:29:03,0.5
bitcoin-up-or-down-august-27-8pm-et,UP,52663723472189837019282878320519686971007473994421038773533328330378617408514,1756251006,2025-08-26 23:30:06,0.5
bitcoin-up-or-down-august-27-8pm-et,UP,52663723472189837019282878320519686971007473994421038773533328330378617408514,1756251063,2025-08-26 23:31:03,0.5
bitcoin-up-or-down-august-27-8pm-et,UP,52663723472189837019282878320519686971007473994421038773533328330378617408514,1756251122,2025-08-26 23:32:02,0.5
bitcoin-up-or-down-august-27-8pm-et,UP,52663723472189837019282878320519686971007473994421038773533328330378617408514,1756251183,2025-08-26 23:33:03,0.5
bitcoin-up-or-down-august-27-8pm-et,UP,52663723472189837019282878320519686971007473994421038773533328330378617408514,1756251244,2025-08-26 23:34:04,0.5
bitcoin-up-or-down-august-27-8pm-et,UP,52663723472189837019282878320519686971007473994421038773533328330378617408514,1756251303,2025-08-26 23:35:03,0.5
bitcoin-up-or-down-august-27-8pm-et,UP,52663723472189837019282878320519686971007473994421038773533328330378617408514,1756251363,2025-08-26 23:36:03,0.5
bitcoin-up-or-down-august-27-8pm-et,UP,52663723472189837019282878320519686971007473994421038773533328330378617408514,1756251422,2025-08-26 23:37:02,0.5
bitcoin-up-or-down-august-27-8pm-et,UP,52663723472189837019282878320519686971007473994421038773533328330378617408514,1756251482,2025-08-26 23:38:02,0.5
bitcoin-up-or-down-august-27-8pm-et,UP,52663723472189837019282878320519686971007473994421038773533328330378617408514,1756251543,2025-08-26 23:39:03,0.5
bitcoin-up-or-down-august-27-8pm-et,UP,52663723472189837019282878320519686971007473994421038773533328330378617408514,1756251635,2025-08-26 23:40:35,0.5
bitcoin-up-or-down-august-27-8pm-et,UP,52663723472189837019282878320519686971007473994421038773533328330378617408514,1756251663,2025-08-26 23:41:03,0.5
bitcoin-up-or-down-august-27-8pm-et,UP,52663723472189837019282878320519686971007473994421038773533328330378617408514,1756251723,2025-08-26 23:42:03,0.5
bitcoin-up-or-down-august-27-8pm-et,UP,52663723472189837019282878320519686971007473994421038773533328330378617408514,1756251783,2025-08-26 23:43:03,0.5
bitcoin-up-or-down-august-27-8pm-et,UP,52663723472189837019282878320519686971007473994421038773533328330378617408514,1756251843,2025-08-26 23:44:03,0.5
bitcoin-up-or-down-august-27-8pm-et,UP,52663723472189837019282878320519686971007473994421038773533328330378617408514,1756251908,2025-08-26 23:45:08,0.5
bitcoin-up-or-down-august-27-8pm-et,UP,52663723472189837019282878320519686971007473994421038773533328330378617408514,1756251962,2025-08-26 23:46:02,0.5
bitcoin-up-or-down-august-27-8pm-et,UP,52663723472189837019282878320519686971007473994421038773533328330378617408514,1756252023,2025-08-26 23:47:03,0.5
bitcoin-up-or-down-august-27-8pm-et,UP,52663723472189837019282878320519686971007473994421038773533328330378617408514,1756252083,2025-08-26 23:48:03,0.5
bitcoin-up-or-down-august-27-8pm-et,UP,52663723472189837019282878320519686971007473994421038773533328330378617408514,1756252142,2025-08-26 23:49:02,0.5
bitcoin-up-or-down-august-27-8pm-et,UP,52663723472189837019282878320519686971007473994421038773533328330378617408514,1756252203,2025-08-26 23:50:03,0.5
bitcoin-up-or-down-august-27-8pm-et,UP,52663723472189837019282878320519686971007473994421038773533328330378617408514,1756252263,2025-08-26 23:51:03,0.5
bitcoin-up-or-down-august-27-8pm-et,UP,52663723472189837019282878320519686971007473994421038773533328330378617408514,1756252323,2025-08-26 23:52:03,0.5
bitcoin-up-or-down-august-27-8pm-et,UP,52663723472189837019282878320519686971007473994421038773533328330378617408514,1756252384,2025-08-26 23:53:04,0.5
bitcoin-up-or-down-august-27-8pm-et,UP,52663723472189837019282878320519686971007473994421038773533328330378617408514,1756252443,2025-08-26 23:54:03,0.5
bitcoin-up-or-down-august-27-8pm-et,UP,52663723472189837019282878320519686971007473994421038773533328330378617408514,1756252513,2025-08-26 23:55:13,0.5
bitcoin-up-or-down-august-27-8pm-et,UP,52663723472189837019282878320519686971007473994421038773533328330378617408514,1756252563,2025-08-26 23:56:03,0.5
bitcoin-up-or-down-august-27-8pm-et,UP,52663723472189837019282878320519686971007473994421038773533328330378617408514,1756252622,2025-08-26 23:57:02,0.5
bitcoin-up-or-down-august-27-8pm-et,UP,52663723472189837019282878320519686971007473994421038773533328330378617408514,1756252683,2025-08-26 23:58:03,0.5
bitcoin-up-or-down-august-27-8pm-et,UP,52663723472189837019282878320519686971007473994421038773533328330378617408514,1756252743,2025-08-26 23:59:03,0.5
bitcoin-up-or-down-august-27-8pm-et,UP,52663723472189837019282878320519686971007473994421038773533328330378617408514,1756252806,2025-08-27 00:00:06,0.5
bitcoin-up-or-down-august-27-8pm-et,UP,52663723472189837019282878320519686971007473994421038773533328330378617408514,1756252862,2025-08-27 00:01:02,0.5
bitcoin-up-or-down-august-27-8pm-et,UP,52663723472189837019282878320519686971007473994421038773533328330378617408514,1756252923,2025-08-27 00:02:03,0.5
bitcoin-up-or-down-august-27-8pm-et,UP,52663723472189837019282878320519686971007473994421038773533328330378617408514,1756252982,2025-08-27 00:03:02,0.5
bitcoin-up-or-down-august-27-8pm-et,UP,52663723472189837019282878320519686971007473994421038773533328330378617408514,1756253043,2025-08-27 00:04:03,0.5
bitcoin-up-or-down-august-27-8pm-et,UP,52663723472189837019282878320519686971007473994421038773533328330378617408514,1756253105,2025-08-27 00:05:05,0.5
bitcoin-up-or-down-august-27-8pm-et,UP,52663723472189837019282878320519686971007473994421038773533328330378617408514,1756253164,2025-08-27 00:06:04,0.5
bitcoin-up-or-down-august-27-8pm-et,UP,52663723472189837019282878320519686971007473994421038773533328330378617408514,1756253222,2025-08-27 00:07:02,0.5
bitcoin-up-or-down-august-27-8pm-et,UP,52663723472189837019282878320519686971007473994421038773533328330378617408514,1756253282,2025-08-27 00:08:02,0.5
bitcoin-up-or-down-august-27-8pm-et,UP,52663723472189837019282878320519686971007473994421038773533328330378617408514,1756253342,2025-08-27 00:09:02,0.5
bitcoin-up-or-down-august-27-8pm-et,UP,52663723472189837019282878320519686971007473994421038773533328330378617408514,1756253404,2025-08-27 00:10:04,0.5
bitcoin-up-or-down-august-27-8pm-et,UP,52663723472189837019282878320519686971007473994421038773533328330378617408514,1756253463,2025-08-27 00:11:03,0.5
bitcoin-up-or-down-august-27-8pm-et,UP,52663723472189837019282878320519686971007473994421038773533328330378617408514,1756253522,2025-08-27 00:12:02,0.5
bitcoin-up-or-down-august-27-8pm-et,UP,52663723472189837019282878320519686971007473994421038773533328330378617408514,1756253582,2025-08-27 00:13:02,0.5
bitcoin-up-or-down-august-27-8pm-et,UP,52663723472189837019282878320519686971007473994421038773533328330378617408514,1756253643,2025-08-27 00:14:03,0.5
bitcoin-up-or-down-august-27-8pm-et,UP,52663723472189837019282878320519686971007473994421038773533328330378617408514,1756253709,2025-08-27 00:15:09,0.5
bitcoin-up-or-down-august-27-8pm-et,UP,52663723472189837019282878320519686971007473994421038773533328330378617408514,1756253762,2025-08-27 00:16:02,0.5
bitcoin-up-or-down-august-27-8pm-et,UP,52663723472189837019282878320519686971007473994421038773533328330378617408514,1756253823,2025-08-27 00:17:03,0.5
bitcoin-up-or-down-august-27-8pm-et,UP,52663723472189837019282878320519686971007473994421038773533328330378617408514,1756253882,2025-08-27 00:18:02,0.5
bitcoin-up-or-down-august-27-8pm-et,UP,52663723472189837019282878320519686971007473994421038773533328330378617408514,1756253943,2025-08-27 00:19:03,0.5
bitcoin-up-or-down-august-27-8pm-et,UP,52663723472189837019282878320519686971007473994421038773533328330378617408514,1756254003,2025-08-27 00:20:03,0.5
bitcoin-up-or-down-august-27-8pm-et,UP,52663723472189837019282878320519686971007473994421038773533328330378617408514,1756254064,2025-08-27 00:21:04,0.5
bitcoin-up-or-down-august-27-8pm-et,UP,52663723472189837019282878320519686971007473994421038773533328330378617408514,1756254123,2025-08-27 00:22:03,0.5
bitcoin-up-or-down-august-27-8pm-et,UP,52663723472189837019282878320519686971007473994421038773533328330378617408514,1756254182,2025-08-27 00:23:02,0.5
bitcoin-up-or-down-august-27-8pm-et,UP,52663723472189837019282878320519686971007473994421038773533328330378617408514,1756254243,2025-08-27 00:24:03,0.5
bitcoin-up-or-down-august-27-8pm-et,UP,52663723472189837019282878320519686971007473994421038773533328330378617408514,1756254303,2025-08-27 00:25:03,0.5
bitcoin-up-or-down-august-27-8pm-et,UP,52663723472189837019282878320519686971007473994421038773533328330378617408514,1756254363,2025-08-27 00:26:03,0.5
bitcoin-up-or-down-august-27-8pm-et,UP,52663723472189837019282878320519686971007473994421038773533328330378617408514,1756254422,2025-08-27 00:27:02,0.5
bitcoin-up-or-down-august-27-8pm-et,UP,52663723472189837019282878320519686971007473994421038773533328330378617408514,1756254482,2025-08-27 00:28:02,0.5
bitcoin-up-or-down-august-27-8pm-et,UP,52663723472189837019282878320519686971007473994421038773533328330378617408514,1756254543,2025-08-27 00:29:03,0.5
bitcoin-up-or-down-august-27-8pm-et,UP,52663723472189837019282878320519686971007473994421038773533328330378617408514,1756254612,2025-08-27 00:30:12,0.5
bitcoin-up-or-down-august-27-8pm-et,UP,52663723472189837019282878320519686971007473994421038773533328330378617408514,1756254663,2025-08-27 00:31:03,0.5
bitcoin-up-or-down-august-27-8pm-et,UP,52663723472189837019282878320519686971007473994421038773533328330378617408514,1756254722,2025-08-27 00:32:02,0.5
bitcoin-up-or-down-august-27-8pm-et,UP,52663723472189837019282878320519686971007473994421038773533328330378617408514,1756254783,2025-08-27 00:33:03,0.5
bitcoin-up-or-down-august-27-8pm-et,UP,52663723472189837019282878320519686971007473994421038773533328330378617408514,1756254844,2025-08-27 00:34:04,0.5
bitcoin-up-or-down-august-27-8pm-et,UP,52663723472189837019282878320519686971007473994421038773533328330378617408514,1756254902,2025-08-27 00:35:02,0.5
bitcoin-up-or-down-august-27-8pm-et,UP,52663723472189837019282878320519686971007473994421038773533328330378617408514,1756254962,2025-08-27 00:36:02,0.5
bitcoin-up-or-down-august-27-8pm-et,UP,52663723472189837019282878320519686971007473994421038773533328330378617408514,1756255023,2025-08-27 00:37:03,0.5
bitcoin-up-or-down-august-27-8pm-et,UP,52663723472189837019282878320519686971007473994421038773533328330378617408514,1756255082,2025-08-27 00:38:02,0.5
bitcoin-up-or-down-august-27-8pm-et,UP,52663723472189837019282878320519686971007473994421038773533328330378617408514,1756255143,2025-08-27 00:39:03,0.5
bitcoin-up-or-down-august-27-8pm-et,UP,52663723472189837019282878320519686971007473994421038773533328330378617408514,1756255212,2025-08-27 00:40:12,0.5
bitcoin-up-or-down-august-27-8pm-et,UP,52663723472189837019282878320519686971007473994421038773533328330378617408514,1756255262,2025-08-27 00:41:02,0.5
bitcoin-up-or-down-august-27-8pm-et,UP,52663723472189837019282878320519686971007473994421038773533328330378617408514,1756255323,2025-08-27 00:42:03,0.5
bitcoin-up-or-down-august-27-8pm-et,UP,52663723472189837019282878320519686971007473994421038773533328330378617408514,1756255383,2025-08-27 00:43:03,0.5
bitcoin-up-or-down-august-27-8pm-et,UP,52663723472189837019282878320519686971007473994421038773533328330378617408514,1756255443,2025-08-27 00:44:03,0.5
bitcoin-up-or-down-august-27-8pm-et,UP,52663723472189837019282878320519686971007473994421038773533328330378617408514,1756255506,2025-08-27 00:45:06,0.5
bitcoin-up-or-down-august-27-8pm-et,UP,52663723472189837019282878320519686971007473994421038773533328330378617408514,1756255562,2025-08-27 00:46:02,0.5
bitcoin-up-or-down-august-27-8pm-et,UP,52663723472189837019282878320519686971007473994421038773533328330378617408514,1756255623,2025-08-27 00:47:03,0.5
bitcoin-up-or-down-august-27-8pm-et,UP,52663723472189837019282878320519686971007473994421038773533328330378617408514,1756255682,2025-08-27 00:48:02,0.5
bitcoin-up-or-down-august-27-8pm-et,UP,52663723472189837019282878320519686971007473994421038773533328330378617408514,1756255744,2025-08-27 00:49:04,0.5
bitcoin-up-or-down-august-27-8pm-et,UP,52663723472189837019282878320519686971007473994421038773533328330378617408514,1756255810,2025-08-27 00:50:10,0.5
bitcoin-up-or-down-august-27-8pm-et,UP,52663723472189837019282878320519686971007473994421038773533328330378617408514,1756255863,2025-08-27 00:51:03,0.5
bitcoin-up-or-down-august-27-8pm-et,UP,52663723472189837019282878320519686971007473994421038773533328330378617408514,1756255923,2025-08-27 00:52:03,0.5
bitcoin-up-or-down-august-27-8pm-et,UP,52663723472189837019282878320519686971007473994421038773533328330378617408514,1756255982,2025-08-27 00:53:02,0.5
bitcoin-up-or-down-august-27-8pm-et,UP,52663723472189837019282878320519686971007473994421038773533328330378617408514,1756256043,2025-08-27 00:54:03,0.5
bitcoin-up-or-down-august-27-8pm-et,UP,52663723472189837019282878320519686971007473994421038773533328330378617408514,1756256103,2025-08-27 00:55:03,0.5
bitcoin-up-or-down-august-27-8pm-et,UP,52663723472189837019282878320519686971007473994421038773533328330378617408514,1756256163,2025-08-27 00:56:03,0.5
bitcoin-up-or-down-august-27-8pm-et,UP,52663723472189837019282878320519686971007473994421038773533328330378617408514,1756256223,2025-08-27 00:57:03,0.5
bitcoin-up-or-down-august-27-8pm-et,UP,52663723472189837019282878320519686971007473994421038773533328330378617408514,1756256283,2025-08-27 00:58:03,0.5
bitcoin-up-or-down-august-27-8pm-et,UP,52663723472189837019282878320519686971007473994421038773533328330378617408514,1756256343,2025-08-27 00:59:03,0.5
bitcoin-up-or-down-august-27-8pm-et,UP,52663723472189837019282878320519686971007473994421038773533328330378617408514,1756256402,2025-08-27 01:00:02,0.5
bitcoin-up-or-down-august-27-8pm-et,UP,52663723472189837019282878320519686971007473994421038773533328330378617408514,1756256462,2025-08-27 01:01:02,0.5
bitcoin-up-or-down-august-27-8pm-et,UP,52663723472189837019282878320519686971007473994421038773533328330378617408514,1756256522,2025-08-27 01:02:02,0.5
bitcoin-up-or-down-august-27-8pm-et,UP,52663723472189837019282878320519686971007473994421038773533328330378617408514,1756256583,2025-08-27 01:03:03,0.5
bitcoin-up-or-down-august-27-8pm-et,UP,52663723472189837019282878320519686971007473994421038773533328330378617408514,1756256642,2025-08-27 01:04:02,0.5
bitcoin-up-or-down-august-27-8pm-et,UP,52663723472189837019282878320519686971007473994421038773533328330378617408514,1756256710,2025-08-27 01:05:10,0.5
bitcoin-up-or-down-august-27-8pm-et,UP,52663723472189837019282878320519686971007473994421038773533328330378617408514,1756256764,2025-08-27 01:06:04,0.5
bitcoin-up-or-down-august-27-8pm-et,UP,52663723472189837019282878320519686971007473994421038773533328330378617408514,1756256823,2025-08-27 01:07:03,0.5
bitcoin-up-or-down-august-27-8pm-et,UP,52663723472189837019282878320519686971007473994421038773533328330378617408514,1756256883,2025-08-27 01:08:03,0.5
bitcoin-up-or-down-august-27-8pm-et,UP,52663723472189837019282878320519686971007473994421038773533328330378617408514,1756256943,2025-08-27 01:09:03,0.5
bitcoin-up-or-down-august-27-8pm-et,UP,52663723472189837019282878320519686971007473994421038773533328330378617408514,1756257002,2025-08-27 01:10:02,0.5
bitcoin-up-or-down-august-27-8pm-et,UP,52663723472189837019282878320519686971007473994421038773533328330378617408514,1756257062,2025-08-27 01:11:02,0.5
bitcoin-up-or-down-august-27-8pm-et,UP,52663723472189837019282878320519686971007473994421038773533328330378617408514,1756257123,2025-08-27 01:12:03,0.5
bitcoin-up-or-down-august-27-8pm-et,UP,52663723472189837019282878320519686971007473994421038773533328330378617408514,1756257182,2025-08-27 01:13:02,0.5
bitcoin-up-or-down-august-27-8pm-et,UP,52663723472189837019282878320519686971007473994421038773533328330378617408514,1756257242,2025-08-27 01:14:02,0.5
bitcoin-up-or-down-august-27-8pm-et,UP,52663723472189837019282878320519686971007473994421038773533328330378617408514,1756257311,2025-08-27 01:15:11,0.5
bitcoin-up-or-down-august-27-8pm-et,UP,52663723472189837019282878320519686971007473994421038773533328330378617408514,1756257362,2025-08-27 01:16:02,0.5
bitcoin-up-or-down-august-27-8pm-et,UP,52663723472189837019282878320519686971007473994421038773533328330378617408514,1756257423,2025-08-27 01:17:03,0.5
bitcoin-up-or-down-august-27-8pm-et,UP,52663723472189837019282878320519686971007473994421038773533328330378617408514,1756257482,2025-08-27 01:18:02,0.5
bitcoin-up-or-down-august-27-8pm-et,UP,52663723472189837019282878320519686971007473994421038773533328330378617408514,1756257542,2025-08-27 01:19:02,0.5
bitcoin-up-or-down-august-27-8pm-et,UP,52663723472189837019282878320519686971007473994421038773533328330378617408514,1756257603,2025-08-27 01:20:03,0.5
bitcoin-up-or-down-august-27-8pm-et,UP,52663723472189837019282878320519686971007473994421038773533328330378617408514,1756257663,2025-08-27 01:21:03,0.5
bitcoin-up-or-down-august-27-8pm-et,UP,52663723472189837019282878320519686971007473994421038773533328330378617408514,1756257723,2025-08-27 01:22:03,0.5
bitcoin-up-or-down-august-27-8pm-et,UP,52663723472189837019282878320519686971007473994421038773533328330378617408514,1756257783,2025-08-27 01:23:03,0.5
bitcoin-up-or-down-august-27-8pm-et,UP,52663723472189837019282878320519686971007473994421038773533328330378617408514,1756257842,2025-08-27 01:24:02,0.5
bitcoin-up-or-down-august-27-8pm-et,UP,52663723472189837019282878320519686971007473994421038773533328330378617408514,1756257908,2025-08-27 01:25:08,0.5
bitcoin-up-or-down-august-27-8pm-et,UP,52663723472189837019282878320519686971007473994421038773533328330378617408514,1756257962,2025-08-27 01:26:02,0.5
bitcoin-up-or-down-august-27-8pm-et,UP,52663723472189837019282878320519686971007473994421038773533328330378617408514,1756258022,2025-08-27 01:27:02,0.5
bitcoin-up-or-down-august-27-8pm-et,UP,52663723472189837019282878320519686971007473994421038773533328330378617408514,1756258083,2025-08-27 01:28:03,0.5
bitcoin-up-or-down-august-27-8pm-et,UP,52663723472189837019282878320519686971007473994421038773533328330378617408514,1756258142,2025-08-27 01:29:02,0.5
bitcoin-up-or-down-august-27-8pm-et,UP,52663723472189837019282878320519686971007473994421038773533328330378617408514,1756258202,2025-08-27 01:30:02,0.5
bitcoin-up-or-down-august-27-8pm-et,UP,52663723472189837019282878320519686971007473994421038773533328330378617408514,1756258263,2025-08-27 01:31:03,0.5
bitcoin-up-or-down-august-27-8pm-et,UP,52663723472189837019282878320519686971007473994421038773533328330378617408514,1756258322,2025-08-27 01:32:02,0.5
bitcoin-up-or-down-august-27-8pm-et,UP,52663723472189837019282878320519686971007473994421038773533328330378617408514,1756258383,2025-08-27 01:33:03,0.5
bitcoin-up-or-down-august-27-8pm-et,UP,52663723472189837019282878320519686971007473994421038773533328330378617408514,1756258442,2025-08-27 01:34:02,0.5
bitcoin-up-or-down-august-27-8pm-et,UP,52663723472189837019282878320519686971007473994421038773533328330378617408514,1756258511,2025-08-27 01:35:11,0.5
bitcoin-up-or-down-august-27-8pm-et,UP,52663723472189837019282878320519686971007473994421038773533328330378617408514,1756258562,2025-08-27 01:36:02,0.5
bitcoin-up-or-down-august-27-8pm-et,UP,52663723472189837019282878320519686971007473994421038773533328330378617408514,1756258623,2025-08-27 01:37:03,0.5
bitcoin-up-or-down-august-27-8pm-et,UP,52663723472189837019282878320519686971007473994421038773533328330378617408514,1756258682,2025-08-27 01:38:02,0.5
bitcoin-up-or-down-august-27-8pm-et,UP,52663723472189837019282878320519686971007473994421038773533328330378617408514,1756258742,2025-08-27 01:39:02,0.5
bitcoin-up-or-down-august-27-8pm-et,UP,52663723472189837019282878320519686971007473994421038773533328330378617408514,1756258804,2025-08-27 01:40:04,0.5
bitcoin-up-or-down-august-27-8pm-et,UP,52663723472189837019282878320519686971007473994421038773533328330378617408514,1756258863,2025-08-27 01:41:03,0.5
bitcoin-up-or-down-august-27-8pm-et,UP,52663723472189837019282878320519686971007473994421038773533328330378617408514,1756258923,2025-08-27 01:42:03,0.5
bitcoin-up-or-down-august-27-8pm-et,UP,52663723472189837019282878320519686971007473994421038773533328330378617408514,1756258982,2025-08-27 01:43:02,0.5
bitcoin-up-or-down-august-27-8pm-et,UP,52663723472189837019282878320519686971007473994421038773533328330378617408514,1756259043,2025-08-27 01:44:03,0.5
bitcoin-up-or-down-august-27-8pm-et,UP,52663723472189837019282878320519686971007473994421038773533328330378617408514,1756259110,2025-08-27 01:45:10,0.5
bitcoin-up-or-down-august-27-8pm-et,UP,52663723472189837019282878320519686971007473994421038773533328330378617408514,1756259163,2025-08-27 01:46:03,0.5
bitcoin-up-or-down-august-27-8pm-et,UP,52663723472189837019282878320519686971007473994421038773533328330378617408514,1756259223,2025-08-27 01:47:03,0.5
bitcoin-up-or-down-august-27-8pm-et,UP,52663723472189837019282878320519686971007473994421038773533328330378617408514,1756259282,2025-08-27 01:48:02,0.5
bitcoin-up-or-down-august-27-8pm-et,UP,52663723472189837019282878320519686971007473994421038773533328330378617408514,1756259342,2025-08-27 01:49:02,0.5
bitcoin-up-or-down-august-27-8pm-et,UP,52663723472189837019282878320519686971007473994421038773533328330378617408514,1756259402,2025-08-27 01:50:02,0.5
bitcoin-up-or-down-august-27-8pm-et,UP,52663723472189837019282878320519686971007473994421038773533328330378617408514,1756259462,2025-08-27 01:51:02,0.5
bitcoin-up-or-down-august-27-8pm-et,UP,52663723472189837019282878320519686971007473994421038773533328330378617408514,1756259522,2025-08-27 01:52:02,0.5
bitcoin-up-or-down-august-27-8pm-et,UP,52663723472189837019282878320519686971007473994421038773533328330378617408514,1756259583,2025-08-27 01:53:03,0.5
bitcoin-up-or-down-august-27-8pm-et,UP,52663723472189837019282878320519686971007473994421038773533328330378617408514,1756259643,2025-08-27 01:54:03,0.5
bitcoin-up-or-down-august-27-8pm-et,UP,52663723472189837019282878320519686971007473994421038773533328330378617408514,1756259708,2025-08-27 01:55:08,0.5
bitcoin-up-or-down-august-27-8pm-et,UP,52663723472189837019282878320519686971007473994421038773533328330378617408514,1756259762,2025-08-27 01:56:02,0.5
bitcoin-up-or-down-august-27-8pm-et,UP,52663723472189837019282878320519686971007473994421038773533328330378617408514,1756259823,2025-08-27 01:57:03,0.5
bitcoin-up-or-down-august-27-8pm-et,UP,52663723472189837019282878320519686971007473994421038773533328330378617408514,1756259882,2025-08-27 01:58:02,0.5
bitcoin-up-or-down-august-27-8pm-et,UP,52663723472189837019282878320519686971007473994421038773533328330378617408514,1756259943,2025-08-27 01:59:03,0.5
bitcoin-up-or-down-august-27-8pm-et,UP,52663723472189837019282878320519686971007473994421038773533328330378617408514,1756260002,2025-08-27 02:00:02,0.5
bitcoin-up-or-down-august-27-8pm-et,UP,52663723472189837019282878320519686971007473994421038773533328330378617408514,1756260064,2025-08-27 02:01:04,0.5
bitcoin-up-or-down-august-27-8pm-et,UP,52663723472189837019282878320519686971007473994421038773533328330378617408514,1756260123,2025-08-27 02:02:03,0.5
bitcoin-up-or-down-august-27-8pm-et,UP,52663723472189837019282878320519686971007473994421038773533328330378617408514,1756260183,2025-08-27 02:03:03,0.5
bitcoin-up-or-down-august-27-8pm-et,UP,52663723472189837019282878320519686971007473994421038773533328330378617408514,1756260243,2025-08-27 02:04:03,0.5
bitcoin-up-or-down-august-27-8pm-et,UP,52663723472189837019282878320519686971007473994421038773533328330378617408514,1756260302,2025-08-27 02:05:02,0.5
bitcoin-up-or-down-august-27-8pm-et,UP,52663723472189837019282878320519686971007473994421038773533328330378617408514,1756260363,2025-08-27 02:06:03,0.5
bitcoin-up-or-down-august-27-8pm-et,UP,52663723472189837019282878320519686971007473994421038773533328330378617408514,1756260423,2025-08-27 02:07:03,0.5
bitcoin-up-or-down-august-27-8pm-et,UP,52663723472189837019282878320519686971007473994421038773533328330378617408514,1756260483,2025-08-27 02:08:03,0.5
bitcoin-up-or-down-august-27-8pm-et,UP,52663723472189837019282878320519686971007473994421038773533328330378617408514,1756260543,2025-08-27 02:09:03,0.5
bitcoin-up-or-down-august-27-8pm-et,UP,52663723472189837019282878320519686971007473994421038773533328330378617408514,1756260610,2025-08-27 02:10:10,0.5
bitcoin-up-or-down-august-27-8pm-et,UP,52663723472189837019282878320519686971007473994421038773533328330378617408514,1756260663,2025-08-27 02:11:03,0.5
bitcoin-up-or-down-august-27-8pm-et,UP,52663723472189837019282878320519686971007473994421038773533328330378617408514,1756260723,2025-08-27 02:12:03,0.5
bitcoin-up-or-down-august-27-8pm-et,UP,52663723472189837019282878320519686971007473994421038773533328330378617408514,1756260783,2025-08-27 02:13:03,0.5
bitcoin-up-or-down-august-27-8pm-et,UP,52663723472189837019282878320519686971007473994421038773533328330378617408514,1756260842,2025-08-27 02:14:02,0.5
bitcoin-up-or-down-august-27-8pm-et,UP,52663723472189837019282878320519686971007473994421038773533328330378617408514,1756260912,2025-08-27 02:15:12,0.5
bitcoin-up-or-down-august-27-8pm-et,UP,52663723472189837019282878320519686971007473994421038773533328330378617408514,1756260965,2025-08-27 02:16:05,0.5
bitcoin-up-or-down-august-27-8pm-et,UP,52663723472189837019282878320519686971007473994421038773533328330378617408514,1756261023,2025-08-27 02:17:03,0.5
bitcoin-up-or-down-august-27-8pm-et,UP,52663723472189837019282878320519686971007473994421038773533328330378617408514,1756261084,2025-08-27 02:18:04,0.5
bitcoin-up-or-down-august-27-8pm-et,UP,52663723472189837019282878320519686971007473994421038773533328330378617408514,1756261142,2025-08-27 02:19:02,0.5
bitcoin-up-or-down-august-27-8pm-et,UP,52663723472189837019282878320519686971007473994421038773533328330378617408514,1756261203,2025-08-27 02:20:03,0.5
bitcoin-up-or-down-august-27-8pm-et,UP,52663723472189837019282878320519686971007473994421038773533328330378617408514,1756261265,2025-08-27 02:21:05,0.5
bitcoin-up-or-down-august-27-8pm-et,UP,52663723472189837019282878320519686971007473994421038773533328330378617408514,1756261324,2025-08-27 02:22:04,0.5
bitcoin-up-or-down-august-27-8pm-et,UP,52663723472189837019282878320519686971007473994421038773533328330378617408514,1756261383,2025-08-27 02:23:03,0.5
bitcoin-up-or-down-august-27-8pm-et,UP,52663723472189837019282878320519686971007473994421038773533328330378617408514,1756261442,2025-08-27 02:24:02,0.5
bitcoin-up-or-down-august-27-8pm-et,UP,52663723472189837019282878320519686971007473994421038773533328330378617408514,1756261507,2025-08-27 02:25:07,0.5
bitcoin-up-or-down-august-27-8pm-et,UP,52663723472189837019282878320519686971007473994421038773533328330378617408514,1756261562,2025-08-27 02:26:02,0.5
bitcoin-up-or-down-august-27-8pm-et,UP,52663723472189837019282878320519686971007473994421038773533328330378617408514,1756261622,2025-08-27 02:27:02,0.5
bitcoin-up-or-down-august-27-8pm-et,UP,52663723472189837019282878320519686971007473994421038773533328330378617408514,1756261683,2025-08-27 02:28:03,0.5
bitcoin-up-or-down-august-27-8pm-et,UP,52663723472189837019282878320519686971007473994421038773533328330378617408514,1756261742,2025-08-27 02:29:02,0.5
bitcoin-up-or-down-august-27-8pm-et,UP,52663723472189837019282878320519686971007473994421038773533328330378617408514,1756261805,2025-08-27 02:30:05,0.5
bitcoin-up-or-down-august-27-8pm-et,UP,52663723472189837019282878320519686971007473994421038773533328330378617408514,1756261862,2025-08-27 02:31:02,0.5
bitcoin-up-or-down-august-27-8pm-et,UP,52663723472189837019282878320519686971007473994421038773533328330378617408514,1756261923,2025-08-27 02:32:03,0.5
bitcoin-up-or-down-august-27-8pm-et,UP,52663723472189837019282878320519686971007473994421038773533328330378617408514,1756261983,2025-08-27 02:33:03,0.5
bitcoin-up-or-down-august-27-8pm-et,UP,52663723472189837019282878320519686971007473994421038773533328330378617408514,1756262043,2025-08-27 02:34:03,0.5
bitcoin-up-or-down-august-27-8pm-et,UP,52663723472189837019282878320519686971007473994421038773533328330378617408514,1756262109,2025-08-27 02:35:09,0.5
bitcoin-up-or-down-august-27-8pm-et,UP,52663723472189837019282878320519686971007473994421038773533328330378617408514,1756262162,2025-08-27 02:36:02,0.5
bitcoin-up-or-down-august-27-8pm-et,UP,52663723472189837019282878320519686971007473994421038773533328330378617408514,1756262223,2025-08-27 02:37:03,0.5
bitcoin-up-or-down-august-27-8pm-et,UP,52663723472189837019282878320519686971007473994421038773533328330378617408514,1756262284,2025-08-27 02:38:04,0.5
bitcoin-up-or-down-august-27-8pm-et,UP,52663723472189837019282878320519686971007473994421038773533328330378617408514,1756262342,2025-08-27 02:39:02,0.5
bitcoin-up-or-down-august-27-8pm-et,UP,52663723472189837019282878320519686971007473994421038773533328330378617408514,1756262406,2025-08-27 02:40:06,0.5
bitcoin-up-or-down-august-27-8pm-et,UP,52663723472189837019282878320519686971007473994421038773533328330378617408514,1756262464,2025-08-27 02:41:04,0.5
bitcoin-up-or-down-august-27-8pm-et,UP,52663723472189837019282878320519686971007473994421038773533328330378617408514,1756262523,2025-08-27 02:42:03,0.5
bitcoin-up-or-down-august-27-8pm-et,UP,52663723472189837019282878320519686971007473994421038773533328330378617408514,1756262582,2025-08-27 02:43:02,0.5
bitcoin-up-or-down-august-27-8pm-et,UP,52663723472189837019282878320519686971007473994421038773533328330378617408514,1756262643,2025-08-27 02:44:03,0.5
bitcoin-up-or-down-august-27-8pm-et,UP,52663723472189837019282878320519686971007473994421038773533328330378617408514,1756262702,2025-08-27 02:45:02,0.5
bitcoin-up-or-down-august-27-8pm-et,UP,52663723472189837019282878320519686971007473994421038773533328330378617408514,1756262764,2025-08-27 02:46:04,0.5
bitcoin-up-or-down-august-27-8pm-et,UP,52663723472189837019282878320519686971007473994421038773533328330378617408514,1756262822,2025-08-27 02:47:02,0.5
bitcoin-up-or-down-august-27-8pm-et,UP,52663723472189837019282878320519686971007473994421038773533328330378617408514,1756262882,2025-08-27 02:48:02,0.5
bitcoin-up-or-down-august-27-8pm-et,UP,52663723472189837019282878320519686971007473994421038773533328330378617408514,1756262942,2025-08-27 02:49:02,0.5
bitcoin-up-or-down-august-27-8pm-et,UP,52663723472189837019282878320519686971007473994421038773533328330378617408514,1756263010,2025-08-27 02:50:10,0.5
bitcoin-up-or-down-august-27-8pm-et,UP,52663723472189837019282878320519686971007473994421038773533328330378617408514,1756263063,2025-08-27 02:51:03,0.5
bitcoin-up-or-down-august-27-8pm-et,UP,52663723472189837019282878320519686971007473994421038773533328330378617408514,1756263123,2025-08-27 02:52:03,0.5
bitcoin-up-or-down-august-27-8pm-et,UP,52663723472189837019282878320519686971007473994421038773533328330378617408514,1756263183,2025-08-27 02:53:03,0.5
bitcoin-up-or-down-august-27-8pm-et,UP,52663723472189837019282878320519686971007473994421038773533328330378617408514,1756263243,2025-08-27 02:54:03,0.5
bitcoin-up-or-down-august-27-8pm-et,UP,52663723472189837019282878320519686971007473994421038773533328330378617408514,1756263305,2025-08-27 02:55:05,0.5
bitcoin-up-or-down-august-27-8pm-et,UP,52663723472189837019282878320519686971007473994421038773533328330378617408514,1756263364,2025-08-27 02:56:04,0.5
bitcoin-up-or-down-august-27-8pm-et,UP,52663723472189837019282878320519686971007473994421038773533328330378617408514,1756263422,2025-08-27 02:57:02,0.5
bitcoin-up-or-down-august-27-8pm-et,UP,52663723472189837019282878320519686971007473994421038773533328330378617408514,1756263482,2025-08-27 02:58:02,0.5
bitcoin-up-or-down-august-27-8pm-et,UP,52663723472189837019282878320519686971007473994421038773533328330378617408514,1756263543,2025-08-27 02:59:03,0.5
bitcoin-up-or-down-august-27-8pm-et,UP,52663723472189837019282878320519686971007473994421038773533328330378617408514,1756263606,2025-08-27 03:00:06,0.5
bitcoin-up-or-down-august-27-8pm-et,UP,52663723472189837019282878320519686971007473994421038773533328330378617408514,1756263662,2025-08-27 03:01:02,0.5
bitcoin-up-or-down-august-27-8pm-et,UP,52663723472189837019282878320519686971007473994421038773533328330378617408514,1756263723,2025-08-27 03:02:03,0.5
bitcoin-up-or-down-august-27-8pm-et,UP,52663723472189837019282878320519686971007473994421038773533328330378617408514,1756263783,2025-08-27 03:03:03,0.5
bitcoin-up-or-down-august-27-8pm-et,UP,52663723472189837019282878320519686971007473994421038773533328330378617408514,1756263843,2025-08-27 03:04:03,0.5
bitcoin-up-or-down-august-27-8pm-et,UP,52663723472189837019282878320519686971007473994421038773533328330378617408514,1756263914,2025-08-27 03:05:14,0.5
bitcoin-up-or-down-august-27-8pm-et,UP,52663723472189837019282878320519686971007473994421038773533328330378617408514,1756263962,2025-08-27 03:06:02,0.5
bitcoin-up-or-down-august-27-8pm-et,UP,52663723472189837019282878320519686971007473994421038773533328330378617408514,1756264024,2025-08-27 03:07:04,0.5
bitcoin-up-or-down-august-27-8pm-et,UP,52663723472189837019282878320519686971007473994421038773533328330378617408514,1756264083,2025-08-27 03:08:03,0.5
bitcoin-up-or-down-august-27-8pm-et,UP,52663723472189837019282878320519686971007473994421038773533328330378617408514,1756264144,2025-08-27 03:09:04,0.5
bitcoin-up-or-down-august-27-8pm-et,UP,52663723472189837019282878320519686971007473994421038773533328330378617408514,1756264208,2025-08-27 03:10:08,0.5
bitcoin-up-or-down-august-27-8pm-et,UP,52663723472189837019282878320519686971007473994421038773533328330378617408514,1756264263,2025-08-27 03:11:03,0.5
bitcoin-up-or-down-august-27-8pm-et,UP,52663723472189837019282878320519686971007473994421038773533328330378617408514,1756264323,2025-08-27 03:12:03,0.5
bitcoin-up-or-down-august-27-8pm-et,UP,52663723472189837019282878320519686971007473994421038773533328330378617408514,1756264383,2025-08-27 03:13:03,0.5
bitcoin-up-or-down-august-27-8pm-et,UP,52663723472189837019282878320519686971007473994421038773533328330378617408514,1756264442,2025-08-27 03:14:02,0.5
bitcoin-up-or-down-august-27-8pm-et,UP,52663723472189837019282878320519686971007473994421038773533328330378617408514,1756264515,2025-08-27 03:15:15,0.5
bitcoin-up-or-down-august-27-8pm-et,UP,52663723472189837019282878320519686971007473994421038773533328330378617408514,1756264562,2025-08-27 03:16:02,0.5
bitcoin-up-or-down-august-27-8pm-et,UP,52663723472189837019282878320519686971007473994421038773533328330378617408514,1756264623,2025-08-27 03:17:03,0.5
bitcoin-up-or-down-august-27-8pm-et,UP,52663723472189837019282878320519686971007473994421038773533328330378617408514,1756264682,2025-08-27 03:18:02,0.5
bitcoin-up-or-down-august-27-8pm-et,UP,52663723472189837019282878320519686971007473994421038773533328330378617408514,1756264742,2025-08-27 03:19:02,0.5
bitcoin-up-or-down-august-27-8pm-et,UP,52663723472189837019282878320519686971007473994421038773533328330378617408514,1756264803,2025-08-27 03:20:03,0.5
bitcoin-up-or-down-august-27-8pm-et,UP,52663723472189837019282878320519686971007473994421038773533328330378617408514,1756264864,2025-08-27 03:21:04,0.5
bitcoin-up-or-down-august-27-8pm-et,UP,52663723472189837019282878320519686971007473994421038773533328330378617408514,1756264922,2025-08-27 03:22:02,0.5
bitcoin-up-or-down-august-27-8pm-et,UP,52663723472189837019282878320519686971007473994421038773533328330378617408514,1756264982,2025-08-27 03:23:02,0.5
bitcoin-up-or-down-august-27-8pm-et,UP,52663723472189837019282878320519686971007473994421038773533328330378617408514,1756265042,2025-08-27 03:24:02,0.5
bitcoin-up-or-down-august-27-8pm-et,UP,52663723472189837019282878320519686971007473994421038773533328330378617408514,1756265113,2025-08-27 03:25:13,0.5
bitcoin-up-or-down-august-27-8pm-et,UP,52663723472189837019282878320519686971007473994421038773533328330378617408514,1756265163,2025-08-27 03:26:03,0.5
bitcoin-up-or-down-august-27-8pm-et,UP,52663723472189837019282878320519686971007473994421038773533328330378617408514,1756265223,2025-08-27 03:27:03,0.5
bitcoin-up-or-down-august-27-8pm-et,UP,52663723472189837019282878320519686971007473994421038773533328330378617408514,1756265282,2025-08-27 03:28:02,0.5
bitcoin-up-or-down-august-27-8pm-et,UP,52663723472189837019282878320519686971007473994421038773533328330378617408514,1756265343,2025-08-27 03:29:03,0.5
bitcoin-up-or-down-august-27-8pm-et,UP,52663723472189837019282878320519686971007473994421038773533328330378617408514,1756265403,2025-08-27 03:30:03,0.5
bitcoin-up-or-down-august-27-8pm-et,UP,52663723472189837019282878320519686971007473994421038773533328330378617408514,1756265463,2025-08-27 03:31:03,0.5
bitcoin-up-or-down-august-27-8pm-et,UP,52663723472189837019282878320519686971007473994421038773533328330378617408514,1756265522,2025-08-27 03:32:02,0.5
bitcoin-up-or-down-august-27-8pm-et,UP,52663723472189837019282878320519686971007473994421038773533328330378617408514,1756265583,2025-08-27 03:33:03,0.5
bitcoin-up-or-down-august-27-8pm-et,UP,52663723472189837019282878320519686971007473994421038773533328330378617408514,1756265642,2025-08-27 03:34:02,0.5
bitcoin-up-or-down-august-27-8pm-et,UP,52663723472189837019282878320519686971007473994421038773533328330378617408514,1756265713,2025-08-27 03:35:13,0.5
bitcoin-up-or-down-august-27-8pm-et,UP,52663723472189837019282878320519686971007473994421038773533328330378617408514,1756265763,2025-08-27 03:36:03,0.5
bitcoin-up-or-down-august-27-8pm-et,UP,52663723472189837019282878320519686971007473994421038773533328330378617408514,1756265822,2025-08-27 03:37:02,0.5
bitcoin-up-or-down-august-27-8pm-et,UP,52663723472189837019282878320519686971007473994421038773533328330378617408514,1756265883,2025-08-27 03:38:03,0.5
bitcoin-up-or-down-august-27-8pm-et,UP,52663723472189837019282878320519686971007473994421038773533328330378617408514,1756265943,2025-08-27 03:39:03,0.5
bitcoin-up-or-down-august-27-8pm-et,UP,52663723472189837019282878320519686971007473994421038773533328330378617408514,1756266005,2025-08-27 03:40:05,0.5
bitcoin-up-or-down-august-27-8pm-et,UP,52663723472189837019282878320519686971007473994421038773533328330378617408514,1756266062,2025-08-27 03:41:02,0.5
bitcoin-up-or-down-august-27-8pm-et,UP,52663723472189837019282878320519686971007473994421038773533328330378617408514,1756266122,2025-08-27 03:42:02,0.5
bitcoin-up-or-down-august-27-8pm-et,UP,52663723472189837019282878320519686971007473994421038773533328330378617408514,1756266182,2025-08-27 03:43:02,0.5
bitcoin-up-or-down-august-27-8pm-et,UP,52663723472189837019282878320519686971007473994421038773533328330378617408514,1756266243,2025-08-27 03:44:03,0.5
bitcoin-up-or-down-august-27-8pm-et,UP,52663723472189837019282878320519686971007473994421038773533328330378617408514,1756266310,2025-08-27 03:45:10,0.5
bitcoin-up-or-down-august-27-8pm-et,UP,52663723472189837019282878320519686971007473994421038773533328330378617408514,1756266362,2025-08-27 03:46:02,0.5
bitcoin-up-or-down-august-27-8pm-et,UP,52663723472189837019282878320519686971007473994421038773533328330378617408514,1756266422,2025-08-27 03:47:02,0.5
bitcoin-up-or-down-august-27-8pm-et,UP,52663723472189837019282878320519686971007473994421038773533328330378617408514,1756266482,2025-08-27 03:48:02,0.5
bitcoin-up-or-down-august-27-8pm-et,UP,52663723472189837019282878320519686971007473994421038773533328330378617408514,1756266543,2025-08-27 03:49:03,0.5
bitcoin-up-or-down-august-27-8pm-et,UP,52663723472189837019282878320519686971007473994421038773533328330378617408514,1756266602,2025-08-27 03:50:02,0.5
bitcoin-up-or-down-august-27-8pm-et,UP,52663723472189837019282878320519686971007473994421038773533328330378617408514,1756266662,2025-08-27 03:51:02,0.5
bitcoin-up-or-down-august-27-8pm-et,UP,52663723472189837019282878320519686971007473994421038773533328330378617408514,1756266722,2025-08-27 03:52:02,0.5
bitcoin-up-or-down-august-27-8pm-et,UP,52663723472189837019282878320519686971007473994421038773533328330378617408514,1756266783,2025-08-27 03:53:03,0.5
bitcoin-up-or-down-august-27-8pm-et,UP,52663723472189837019282878320519686971007473994421038773533328330378617408514,1756266843,2025-08-27 03:54:03,0.5
bitcoin-up-or-down-august-27-8pm-et,UP,52663723472189837019282878320519686971007473994421038773533328330378617408514,1756266911,2025-08-27 03:55:11,0.5
bitcoin-up-or-down-august-27-8pm-et,UP,52663723472189837019282878320519686971007473994421038773533328330378617408514,1756266962,2025-08-27 03:56:02,0.5
bitcoin-up-or-down-august-27-8pm-et,UP,52663723472189837019282878320519686971007473994421038773533328330378617408514,1756267022,2025-08-27 03:57:02,0.5
bitcoin-up-or-down-august-27-8pm-et,UP,52663723472189837019282878320519686971007473994421038773533328330378617408514,1756267083,2025-08-27 03:58:03,0.5
bitcoin-up-or-down-august-27-8pm-et,UP,52663723472189837019282878320519686971007473994421038773533328330378617408514,1756267144,2025-08-27 03:59:04,0.5
bitcoin-up-or-down-august-27-8pm-et,UP,52663723472189837019282878320519686971007473994421038773533328330378617408514,1756267211,2025-08-27 04:00:11,0.5
bitcoin-up-or-down-august-27-8pm-et,UP,52663723472189837019282878320519686971007473994421038773533328330378617408514,1756267263,2025-08-27 04:01:03,0.5
bitcoin-up-or-down-august-27-8pm-et,UP,52663723472189837019282878320519686971007473994421038773533328330378617408514,1756267323,2025-08-27 04:02:03,0.5
bitcoin-up-or-down-august-27-8pm-et,UP,52663723472189837019282878320519686971007473994421038773533328330378617408514,1756267384,2025-08-27 04:03:04,0.5
bitcoin-up-or-down-august-27-8pm-et,UP,52663723472189837019282878320519686971007473994421038773533328330378617408514,1756267443,2025-08-27 04:04:03,0.5
bitcoin-up-or-down-august-27-8pm-et,UP,52663723472189837019282878320519686971007473994421038773533328330378617408514,1756267509,2025-08-27 04:05:09,0.5
bitcoin-up-or-down-august-27-8pm-et,UP,52663723472189837019282878320519686971007473994421038773533328330378617408514,1756267563,2025-08-27 04:06:03,0.5
bitcoin-up-or-down-august-27-8pm-et,UP,52663723472189837019282878320519686971007473994421038773533328330378617408514,1756267623,2025-08-27 04:07:03,0.5
bitcoin-up-or-down-august-27-8pm-et,UP,52663723472189837019282878320519686971007473994421038773533328330378617408514,1756267684,2025-08-27 04:08:04,0.5
bitcoin-up-or-down-august-27-8pm-et,UP,52663723472189837019282878320519686971007473994421038773533328330378617408514,1756267743,2025-08-27 04:09:03,0.5
bitcoin-up-or-down-august-27-8pm-et,UP,52663723472189837019282878320519686971007473994421038773533328330378617408514,1756267805,2025-08-27 04:10:05,0.5
bitcoin-up-or-down-august-27-8pm-et,UP,52663723472189837019282878320519686971007473994421038773533328330378617408514,1756267862,2025-08-27 04:11:02,0.5
bitcoin-up-or-down-august-27-8pm-et,UP,52663723472189837019282878320519686971007473994421038773533328330378617408514,1756267923,2025-08-27 04:12:03,0.5
bitcoin-up-or-down-august-27-8pm-et,UP,52663723472189837019282878320519686971007473994421038773533328330378617408514,1756267983,2025-08-27 04:13:03,0.5
bitcoin-up-or-down-august-27-8pm-et,UP,52663723472189837019282878320519686971007473994421038773533328330378617408514,1756268043,2025-08-27 04:14:03,0.5
bitcoin-up-or-down-august-27-8pm-et,UP,52663723472189837019282878320519686971007473994421038773533328330378617408514,1756268102,2025-08-27 04:15:02,0.5
bitcoin-up-or-down-august-27-8pm-et,UP,52663723472189837019282878320519686971007473994421038773533328330378617408514,1756268162,2025-08-27 04:16:02,0.5
bitcoin-up-or-down-august-27-8pm-et,UP,52663723472189837019282878320519686971007473994421038773533328330378617408514,1756268223,2025-08-27 04:17:03,0.5
bitcoin-up-or-down-august-27-8pm-et,UP,52663723472189837019282878320519686971007473994421038773533328330378617408514,1756268283,2025-08-27 04:18:03,0.5
bitcoin-up-or-down-august-27-8pm-et,UP,52663723472189837019282878320519686971007473994421038773533328330378617408514,1756268342,2025-08-27 04:19:02,0.5
bitcoin-up-or-down-august-27-8pm-et,UP,52663723472189837019282878320519686971007473994421038773533328330378617408514,1756268410,2025-08-27 04:20:10,0.5
bitcoin-up-or-down-august-27-8pm-et,UP,52663723472189837019282878320519686971007473994421038773533328330378617408514,1756268462,2025-08-27 04:21:02,0.5
bitcoin-up-or-down-august-27-8pm-et,UP,52663723472189837019282878320519686971007473994421038773533328330378617408514,1756268523,2025-08-27 04:22:03,0.5
bitcoin-up-or-down-august-27-8pm-et,UP,52663723472189837019282878320519686971007473994421038773533328330378617408514,1756268582,2025-08-27 04:23:02,0.5
bitcoin-up-or-down-august-27-8pm-et,UP,52663723472189837019282878320519686971007473994421038773533328330378617408514,1756268642,2025-08-27 04:24:02,0.5
bitcoin-up-or-down-august-27-8pm-et,UP,52663723472189837019282878320519686971007473994421038773533328330378617408514,1756268704,2025-08-27 04:25:04,0.5
bitcoin-up-or-down-august-27-8pm-et,UP,52663723472189837019282878320519686971007473994421038773533328330378617408514,1756268763,2025-08-27 04:26:03,0.5
bitcoin-up-or-down-august-27-8pm-et,UP,52663723472189837019282878320519686971007473994421038773533328330378617408514,1756268822,2025-08-27 04:27:02,0.5
bitcoin-up-or-down-august-27-8pm-et,UP,52663723472189837019282878320519686971007473994421038773533328330378617408514,1756268883,2025-08-27 04:28:03,0.5
bitcoin-up-or-down-august-27-8pm-et,UP,52663723472189837019282878320519686971007473994421038773533328330378617408514,1756268942,2025-08-27 04:29:02,0.5
bitcoin-up-or-down-august-27-8pm-et,UP,52663723472189837019282878320519686971007473994421038773533328330378617408514,1756269002,2025-08-27 04:30:02,0.5
bitcoin-up-or-down-august-27-8pm-et,UP,52663723472189837019282878320519686971007473994421038773533328330378617408514,1756269062,2025-08-27 04:31:02,0.5
bitcoin-up-or-down-august-27-8pm-et,UP,52663723472189837019282878320519686971007473994421038773533328330378617408514,1756269123,2025-08-27 04:32:03,0.5
bitcoin-up-or-down-august-27-8pm-et,UP,52663723472189837019282878320519686971007473994421038773533328330378617408514,1756269183,2025-08-27 04:33:03,0.5
bitcoin-up-or-down-august-27-8pm-et,UP,52663723472189837019282878320519686971007473994421038773533328330378617408514,1756269243,2025-08-27 04:34:03,0.5
bitcoin-up-or-down-august-27-8pm-et,UP,52663723472189837019282878320519686971007473994421038773533328330378617408514,1756269312,2025-08-27 04:35:12,0.5
bitcoin-up-or-down-august-27-8pm-et,UP,52663723472189837019282878320519686971007473994421038773533328330378617408514,1756269363,2025-08-27 04:36:03,0.5
bitcoin-up-or-down-august-27-8pm-et,UP,52663723472189837019282878320519686971007473994421038773533328330378617408514,1756269422,2025-08-27 04:37:02,0.5
bitcoin-up-or-down-august-27-8pm-et,UP,52663723472189837019282878320519686971007473994421038773533328330378617408514,1756269482,2025-08-27 04:38:02,0.5
bitcoin-up-or-down-august-27-8pm-et,UP,52663723472189837019282878320519686971007473994421038773533328330378617408514,1756269543,2025-08-27 04:39:03,0.5
bitcoin-up-or-down-august-27-8pm-et,UP,52663723472189837019282878320519686971007473994421038773533328330378617408514,1756269613,2025-08-27 04:40:13,0.5
bitcoin-up-or-down-august-27-8pm-et,UP,52663723472189837019282878320519686971007473994421038773533328330378617408514,1756269663,2025-08-27 04:41:03,0.5
bitcoin-up-or-down-august-27-8pm-et,UP,52663723472189837019282878320519686971007473994421038773533328330378617408514,1756269724,2025-08-27 04:42:04,0.5
bitcoin-up-or-down-august-27-8pm-et,UP,52663723472189837019282878320519686971007473994421038773533328330378617408514,1756269782,2025-08-27 04:43:02,0.5
bitcoin-up-or-down-august-27-8pm-et,UP,52663723472189837019282878320519686971007473994421038773533328330378617408514,1756269842,2025-08-27 04:44:02,0.5
bitcoin-up-or-down-august-27-8pm-et,UP,52663723472189837019282878320519686971007473994421038773533328330378617408514,1756269912,2025-08-27 04:45:12,0.5
bitcoin-up-or-down-august-27-8pm-et,UP,52663723472189837019282878320519686971007473994421038773533328330378617408514,1756269962,2025-08-27 04:46:02,0.5
bitcoin-up-or-down-august-27-8pm-et,UP,52663723472189837019282878320519686971007473994421038773533328330378617408514,1756270022,2025-08-27 04:47:02,0.5
bitcoin-up-or-down-august-27-8pm-et,UP,52663723472189837019282878320519686971007473994421038773533328330378617408514,1756270082,2025-08-27 04:48:02,0.5
bitcoin-up-or-down-august-27-8pm-et,UP,52663723472189837019282878320519686971007473994421038773533328330378617408514,1756270143,2025-08-27 04:49:03,0.5
bitcoin-up-or-down-august-27-8pm-et,UP,52663723472189837019282878320519686971007473994421038773533328330378617408514,1756270216,2025-08-27 04:50:16,0.5
bitcoin-up-or-down-august-27-8pm-et,UP,52663723472189837019282878320519686971007473994421038773533328330378617408514,1756270262,2025-08-27 04:51:02,0.5
bitcoin-up-or-down-august-27-8pm-et,UP,52663723472189837019282878320519686971007473994421038773533328330378617408514,1756270322,2025-08-27 04:52:02,0.5
bitcoin-up-or-down-august-27-8pm-et,UP,52663723472189837019282878320519686971007473994421038773533328330378617408514,1756270383,2025-08-27 04:53:03,0.5
bitcoin-up-or-down-august-27-8pm-et,UP,52663723472189837019282878320519686971007473994421038773533328330378617408514,1756270443,2025-08-27 04:54:03,0.5
bitcoin-up-or-down-august-27-8pm-et,UP,52663723472189837019282878320519686971007473994421038773533328330378617408514,1756270504,2025-08-27 04:55:04,0.5
bitcoin-up-or-down-august-27-8pm-et,UP,52663723472189837019282878320519686971007473994421038773533328330378617408514,1756270563,2025-08-27 04:56:03,0.5
bitcoin-up-or-down-august-27-8pm-et,UP,52663723472189837019282878320519686971007473994421038773533328330378617408514,1756270622,2025-08-27 04:57:02,0.5
bitcoin-up-or-down-august-27-8pm-et,UP,52663723472189837019282878320519686971007473994421038773533328330378617408514,1756270682,2025-08-27 04:58:02,0.5
bitcoin-up-or-down-august-27-8pm-et,UP,52663723472189837019282878320519686971007473994421038773533328330378617408514,1756270742,2025-08-27 04:59:02,0.5
bitcoin-up-or-down-august-27-8pm-et,UP,52663723472189837019282878320519686971007473994421038773533328330378617408514,1756270804,2025-08-27 05:00:04,0.5
bitcoin-up-or-down-august-27-8pm-et,UP,52663723472189837019282878320519686971007473994421038773533328330378617408514,1756270862,2025-08-27 05:01:02,0.5
bitcoin-up-or-down-august-27-8pm-et,UP,52663723472189837019282878320519686971007473994421038773533328330378617408514,1756270923,2025-08-27 05:02:03,0.5
bitcoin-up-or-down-august-27-8pm-et,UP,52663723472189837019282878320519686971007473994421038773533328330378617408514,1756270982,2025-08-27 05:03:02,0.5
bitcoin-up-or-down-august-27-8pm-et,UP,52663723472189837019282878320519686971007473994421038773533328330378617408514,1756271043,2025-08-27 05:04:03,0.5
bitcoin-up-or-down-august-27-8pm-et,UP,52663723472189837019282878320519686971007473994421038773533328330378617408514,1756271106,2025-08-27 05:05:06,0.5
bitcoin-up-or-down-august-27-8pm-et,UP,52663723472189837019282878320519686971007473994421038773533328330378617408514,1756271165,2025-08-27 05:06:05,0.5
bitcoin-up-or-down-august-27-8pm-et,UP,52663723472189837019282878320519686971007473994421038773533328330378617408514,1756271223,2025-08-27 05:07:03,0.5
bitcoin-up-or-down-august-27-8pm-et,UP,52663723472189837019282878320519686971007473994421038773533328330378617408514,1756271282,2025-08-27 05:08:02,0.5
bitcoin-up-or-down-august-27-8pm-et,UP,52663723472189837019282878320519686971007473994421038773533328330378617408514,1756271344,2025-08-27 05:09:04,0.5
bitcoin-up-or-down-august-27-8pm-et,UP,52663723472189837019282878320519686971007473994421038773533328330378617408514,1756271408,2025-08-27 05:10:08,0.5
bitcoin-up-or-down-august-27-8pm-et,UP,52663723472189837019282878320519686971007473994421038773533328330378617408514,1756271462,2025-08-27 05:11:02,0.5
bitcoin-up-or-down-august-27-8pm-et,UP,52663723472189837019282878320519686971007473994421038773533328330378617408514,1756271522,2025-08-27 05:12:02,0.5
bitcoin-up-or-down-august-27-8pm-et,UP,52663723472189837019282878320519686971007473994421038773533328330378617408514,1756271583,2025-08-27 05:13:03,0.5
bitcoin-up-or-down-august-27-8pm-et,UP,52663723472189837019282878320519686971007473994421038773533328330378617408514,1756271643,2025-08-27 05:14:03,0.5
bitcoin-up-or-down-august-27-8pm-et,UP,52663723472189837019282878320519686971007473994421038773533328330378617408514,1756271707,2025-08-27 05:15:07,0.5
bitcoin-up-or-down-august-27-8pm-et,UP,52663723472189837019282878320519686971007473994421038773533328330378617408514,1756271764,2025-08-27 05:16:04,0.5
bitcoin-up-or-down-august-27-8pm-et,UP,52663723472189837019282878320519686971007473994421038773533328330378617408514,1756271823,2025-08-27 05:17:03,0.5
bitcoin-up-or-down-august-27-8pm-et,UP,52663723472189837019282878320519686971007473994421038773533328330378617408514,1756271883,2025-08-27 05:18:03,0.5
bitcoin-up-or-down-august-27-8pm-et,UP,52663723472189837019282878320519686971007473994421038773533328330378617408514,1756271943,2025-08-27 05:19:03,0.5
bitcoin-up-or-down-august-27-8pm-et,UP,52663723472189837019282878320519686971007473994421038773533328330378617408514,1756272007,2025-08-27 05:20:07,0.5
bitcoin-up-or-down-august-27-8pm-et,UP,52663723472189837019282878320519686971007473994421038773533328330378617408514,1756272064,2025-08-27 05:21:04,0.5
bitcoin-up-or-down-august-27-8pm-et,UP,52663723472189837019282878320519686971007473994421038773533328330378617408514,1756272123,2025-08-27 05:22:03,0.5
bitcoin-up-or-down-august-27-8pm-et,UP,52663723472189837019282878320519686971007473994421038773533328330378617408514,1756272182,2025-08-27 05:23:02,0.5
bitcoin-up-or-down-august-27-8pm-et,UP,52663723472189837019282878320519686971007473994421038773533328330378617408514,1756272244,2025-08-27 05:24:04,0.5
bitcoin-up-or-down-august-27-8pm-et,UP,52663723472189837019282878320519686971007473994421038773533328330378617408514,1756272314,2025-08-27 05:25:14,0.5
bitcoin-up-or-down-august-27-8pm-et,UP,52663723472189837019282878320519686971007473994421038773533328330378617408514,1756272363,2025-08-27 05:26:03,0.5
bitcoin-up-or-down-august-27-8pm-et,UP,52663723472189837019282878320519686971007473994421038773533328330378617408514,1756272423,2025-08-27 05:27:03,0.5
bitcoin-up-or-down-august-27-8pm-et,UP,52663723472189837019282878320519686971007473994421038773533328330378617408514,1756272483,2025-08-27 05:28:03,0.5
bitcoin-up-or-down-august-27-8pm-et,UP,52663723472189837019282878320519686971007473994421038773533328330378617408514,1756272542,2025-08-27 05:29:02,0.5
bitcoin-up-or-down-august-27-8pm-et,UP,52663723472189837019282878320519686971007473994421038773533328330378617408514,1756272608,2025-08-27 05:30:08,0.5
bitcoin-up-or-down-august-27-8pm-et,UP,52663723472189837019282878320519686971007473994421038773533328330378617408514,1756272664,2025-08-27 05:31:04,0.5
bitcoin-up-or-down-august-27-8pm-et,UP,52663723472189837019282878320519686971007473994421038773533328330378617408514,1756272723,2025-08-27 05:32:03,0.5
bitcoin-up-or-down-august-27-8pm-et,UP,52663723472189837019282878320519686971007473994421038773533328330378617408514,1756272782,2025-08-27 05:33:02,0.5
bitcoin-up-or-down-august-27-8pm-et,UP,52663723472189837019282878320519686971007473994421038773533328330378617408514,1756272844,2025-08-27 05:34:04,0.5
bitcoin-up-or-down-august-27-8pm-et,UP,52663723472189837019282878320519686971007473994421038773533328330378617408514,1756272908,2025-08-27 05:35:08,0.5
bitcoin-up-or-down-august-27-8pm-et,UP,52663723472189837019282878320519686971007473994421038773533328330378617408514,1756272964,2025-08-27 05:36:04,0.5
bitcoin-up-or-down-august-27-8pm-et,UP,52663723472189837019282878320519686971007473994421038773533328330378617408514,1756273023,2025-08-27 05:37:03,0.5
bitcoin-up-or-down-august-27-8pm-et,UP,52663723472189837019282878320519686971007473994421038773533328330378617408514,1756273082,2025-08-27 05:38:02,0.5
bitcoin-up-or-down-august-27-8pm-et,UP,52663723472189837019282878320519686971007473994421038773533328330378617408514,1756273143,2025-08-27 05:39:03,0.5
bitcoin-up-or-down-august-27-8pm-et,UP,52663723472189837019282878320519686971007473994421038773533328330378617408514,1756273206,2025-08-27 05:40:06,0.5
bitcoin-up-or-down-august-27-8pm-et,UP,52663723472189837019282878320519686971007473994421038773533328330378617408514,1756273264,2025-08-27 05:41:04,0.5
bitcoin-up-or-down-august-27-8pm-et,UP,52663723472189837019282878320519686971007473994421038773533328330378617408514,1756273323,2025-08-27 05:42:03,0.5
bitcoin-up-or-down-august-27-8pm-et,UP,52663723472189837019282878320519686971007473994421038773533328330378617408514,1756273383,2025-08-27 05:43:03,0.5
bitcoin-up-or-down-august-27-8pm-et,UP,52663723472189837019282878320519686971007473994421038773533328330378617408514,1756273443,2025-08-27 05:44:03,0.5
bitcoin-up-or-down-august-27-8pm-et,UP,52663723472189837019282878320519686971007473994421038773533328330378617408514,1756273502,2025-08-27 05:45:02,0.5
bitcoin-up-or-down-august-27-8pm-et,UP,52663723472189837019282878320519686971007473994421038773533328330378617408514,1756273562,2025-08-27 05:46:02,0.5
bitcoin-up-or-down-august-27-8pm-et,UP,52663723472189837019282878320519686971007473994421038773533328330378617408514,1756273622,2025-08-27 05:47:02,0.5
bitcoin-up-or-down-august-27-8pm-et,UP,52663723472189837019282878320519686971007473994421038773533328330378617408514,1756273683,2025-08-27 05:48:03,0.5
bitcoin-up-or-down-august-27-8pm-et,UP,52663723472189837019282878320519686971007473994421038773533328330378617408514,1756273743,2025-08-27 05:49:03,0.5
bitcoin-up-or-down-august-27-8pm-et,UP,52663723472189837019282878320519686971007473994421038773533328330378617408514,1756273807,2025-08-27 05:50:07,0.5
bitcoin-up-or-down-august-27-8pm-et,UP,52663723472189837019282878320519686971007473994421038773533328330378617408514,1756273865,2025-08-27 05:51:05,0.5
bitcoin-up-or-down-august-27-8pm-et,UP,52663723472189837019282878320519686971007473994421038773533328330378617408514,1756273922,2025-08-27 05:52:02,0.5
bitcoin-up-or-down-august-27-8pm-et,UP,52663723472189837019282878320519686971007473994421038773533328330378617408514,1756273983,2025-08-27 05:53:03,0.5
bitcoin-up-or-down-august-27-8pm-et,UP,52663723472189837019282878320519686971007473994421038773533328330378617408514,1756274043,2025-08-27 05:54:03,0.5
bitcoin-up-or-down-august-27-8pm-et,UP,52663723472189837019282878320519686971007473994421038773533328330378617408514,1756274113,2025-08-27 05:55:13,0.5
bitcoin-up-or-down-august-27-8pm-et,UP,52663723472189837019282878320519686971007473994421038773533328330378617408514,1756274163,2025-08-27 05:56:03,0.5
bitcoin-up-or-down-august-27-8pm-et,UP,52663723472189837019282878320519686971007473994421038773533328330378617408514,1756274223,2025-08-27 05:57:03,0.5
bitcoin-up-or-down-august-27-8pm-et,UP,52663723472189837019282878320519686971007473994421038773533328330378617408514,1756274283,2025-08-27 05:58:03,0.5
bitcoin-up-or-down-august-27-8pm-et,UP,52663723472189837019282878320519686971007473994421038773533328330378617408514,1756274343,2025-08-27 05:59:03,0.5
bitcoin-up-or-down-august-27-8pm-et,UP,52663723472189837019282878320519686971007473994421038773533328330378617408514,1756274418,2025-08-27 06:00:18,0.5
bitcoin-up-or-down-august-27-8pm-et,UP,52663723472189837019282878320519686971007473994421038773533328330378617408514,1756274462,2025-08-27 06:01:02,0.5
bitcoin-up-or-down-august-27-8pm-et,UP,52663723472189837019282878320519686971007473994421038773533328330378617408514,1756274523,2025-08-27 06:02:03,0.5
bitcoin-up-or-down-august-27-8pm-et,UP,52663723472189837019282878320519686971007473994421038773533328330378617408514,1756274583,2025-08-27 06:03:03,0.5
bitcoin-up-or-down-august-27-8pm-et,UP,52663723472189837019282878320519686971007473994421038773533328330378617408514,1756274643,2025-08-27 06:04:03,0.5
bitcoin-up-or-down-august-27-8pm-et,UP,52663723472189837019282878320519686971007473994421038773533328330378617408514,1756274708,2025-08-27 06:05:08,0.5
bitcoin-up-or-down-august-27-8pm-et,UP,52663723472189837019282878320519686971007473994421038773533328330378617408514,1756274762,2025-08-27 06:06:02,0.5
bitcoin-up-or-down-august-27-8pm-et,UP,52663723472189837019282878320519686971007473994421038773533328330378617408514,1756274824,2025-08-27 06:07:04,0.5
bitcoin-up-or-down-august-27-8pm-et,UP,52663723472189837019282878320519686971007473994421038773533328330378617408514,1756274883,2025-08-27 06:08:03,0.5
bitcoin-up-or-down-august-27-8pm-et,UP,52663723472189837019282878320519686971007473994421038773533328330378617408514,1756274943,2025-08-27 06:09:03,0.5
bitcoin-up-or-down-august-27-8pm-et,UP,52663723472189837019282878320519686971007473994421038773533328330378617408514,1756275009,2025-08-27 06:10:09,0.5
bitcoin-up-or-down-august-27-8pm-et,UP,52663723472189837019282878320519686971007473994421038773533328330378617408514,1756275063,2025-08-27 06:11:03,0.5
bitcoin-up-or-down-august-27-8pm-et,UP,52663723472189837019282878320519686971007473994421038773533328330378617408514,1756275123,2025-08-27 06:12:03,0.5
bitcoin-up-or-down-august-27-8pm-et,UP,52663723472189837019282878320519686971007473994421038773533328330378617408514,1756275182,2025-08-27 06:13:02,0.5
bitcoin-up-or-down-august-27-8pm-et,UP,52663723472189837019282878320519686971007473994421038773533328330378617408514,1756275242,2025-08-27 06:14:02,0.5
bitcoin-up-or-down-august-27-8pm-et,UP,52663723472189837019282878320519686971007473994421038773533328330378617408514,1756275304,2025-08-27 06:15:04,0.5
bitcoin-up-or-down-august-27-8pm-et,UP,52663723472189837019282878320519686971007473994421038773533328330378617408514,1756275362,2025-08-27 06:16:02,0.5
bitcoin-up-or-down-august-27-8pm-et,UP,52663723472189837019282878320519686971007473994421038773533328330378617408514,1756275422,2025-08-27 06:17:02,0.5
bitcoin-up-or-down-august-27-8pm-et,UP,52663723472189837019282878320519686971007473994421038773533328330378617408514,1756275483,2025-08-27 06:18:03,0.5
bitcoin-up-or-down-august-27-8pm-et,UP,52663723472189837019282878320519686971007473994421038773533328330378617408514,1756275543,2025-08-27 06:19:03,0.5
bitcoin-up-or-down-august-27-8pm-et,UP,52663723472189837019282878320519686971007473994421038773533328330378617408514,1756275608,2025-08-27 06:20:08,0.5
bitcoin-up-or-down-august-27-8pm-et,UP,52663723472189837019282878320519686971007473994421038773533328330378617408514,1756275663,2025-08-27 06:21:03,0.5
bitcoin-up-or-down-august-27-8pm-et,UP,52663723472189837019282878320519686971007473994421038773533328330378617408514,1756275722,2025-08-27 06:22:02,0.5
bitcoin-up-or-down-august-27-8pm-et,UP,52663723472189837019282878320519686971007473994421038773533328330378617408514,1756275782,2025-08-27 06:23:02,0.5
bitcoin-up-or-down-august-27-8pm-et,UP,52663723472189837019282878320519686971007473994421038773533328330378617408514,1756275842,2025-08-27 06:24:02,0.5
bitcoin-up-or-down-august-27-8pm-et,UP,52663723472189837019282878320519686971007473994421038773533328330378617408514,1756275906,2025-08-27 06:25:06,0.5
bitcoin-up-or-down-august-27-8pm-et,UP,52663723472189837019282878320519686971007473994421038773533328330378617408514,1756275962,2025-08-27 06:26:02,0.5
bitcoin-up-or-down-august-27-8pm-et,UP,52663723472189837019282878320519686971007473994421038773533328330378617408514,1756276022,2025-08-27 06:27:02,0.5
bitcoin-up-or-down-august-27-8pm-et,UP,52663723472189837019282878320519686971007473994421038773533328330378617408514,1756276083,2025-08-27 06:28:03,0.5
bitcoin-up-or-down-august-27-8pm-et,UP,52663723472189837019282878320519686971007473994421038773533328330378617408514,1756276142,2025-08-27 06:29:02,0.5
bitcoin-up-or-down-august-27-8pm-et,UP,52663723472189837019282878320519686971007473994421038773533328330378617408514,1756276203,2025-08-27 06:30:03,0.5
bitcoin-up-or-down-august-27-8pm-et,UP,52663723472189837019282878320519686971007473994421038773533328330378617408514,1756276262,2025-08-27 06:31:02,0.5
bitcoin-up-or-down-august-27-8pm-et,UP,52663723472189837019282878320519686971007473994421038773533328330378617408514,1756276322,2025-08-27 06:32:02,0.5
bitcoin-up-or-down-august-27-8pm-et,UP,52663723472189837019282878320519686971007473994421038773533328330378617408514,1756276383,2025-08-27 06:33:03,0.5
bitcoin-up-or-down-august-27-8pm-et,UP,52663723472189837019282878320519686971007473994421038773533328330378617408514,1756276443,2025-08-27 06:34:03,0.5
bitcoin-up-or-down-august-27-8pm-et,UP,52663723472189837019282878320519686971007473994421038773533328330378617408514,1756276505,2025-08-27 06:35:05,0.5
bitcoin-up-or-down-august-27-8pm-et,UP,52663723472189837019282878320519686971007473994421038773533328330378617408514,1756276564,2025-08-27 06:36:04,0.5
bitcoin-up-or-down-august-27-8pm-et,UP,52663723472189837019282878320519686971007473994421038773533328330378617408514,1756276623,2025-08-27 06:37:03,0.5
bitcoin-up-or-down-august-27-8pm-et,UP,52663723472189837019282878320519686971007473994421038773533328330378617408514,1756276683,2025-08-27 06:38:03,0.5
bitcoin-up-or-down-august-27-8pm-et,UP,52663723472189837019282878320519686971007473994421038773533328330378617408514,1756276751,2025-08-27 06:39:11,0.5
bitcoin-up-or-down-august-27-8pm-et,UP,52663723472189837019282878320519686971007473994421038773533328330378617408514,1756276805,2025-08-27 06:40:05,0.5
bitcoin-up-or-down-august-27-8pm-et,UP,52663723472189837019282878320519686971007473994421038773533328330378617408514,1756276863,2025-08-27 06:41:03,0.5
bitcoin-up-or-down-august-27-8pm-et,UP,52663723472189837019282878320519686971007473994421038773533328330378617408514,1756276922,2025-08-27 06:42:02,0.5
bitcoin-up-or-down-august-27-8pm-et,UP,52663723472189837019282878320519686971007473994421038773533328330378617408514,1756276982,2025-08-27 06:43:02,0.5
bitcoin-up-or-down-august-27-8pm-et,UP,52663723472189837019282878320519686971007473994421038773533328330378617408514,1756277046,2025-08-27 06:44:06,0.5
bitcoin-up-or-down-august-27-8pm-et,UP,52663723472189837019282878320519686971007473994421038773533328330378617408514,1756277105,2025-08-27 06:45:05,0.5
bitcoin-up-or-down-august-27-8pm-et,UP,52663723472189837019282878320519686971007473994421038773533328330378617408514,1756277162,2025-08-27 06:46:02,0.5
bitcoin-up-or-down-august-27-8pm-et,UP,52663723472189837019282878320519686971007473994421038773533328330378617408514,1756277223,2025-08-27 06:47:03,0.5
bitcoin-up-or-down-august-27-8pm-et,UP,52663723472189837019282878320519686971007473994421038773533328330378617408514,1756277283,2025-08-27 06:48:03,0.5
bitcoin-up-or-down-august-27-8pm-et,UP,52663723472189837019282878320519686971007473994421038773533328330378617408514,1756277346,2025-08-27 06:49:06,0.5
bitcoin-up-or-down-august-27-8pm-et,UP,52663723472189837019282878320519686971007473994421038773533328330378617408514,1756277403,2025-08-27 06:50:03,0.5
bitcoin-up-or-down-august-27-8pm-et,UP,52663723472189837019282878320519686971007473994421038773533328330378617408514,1756277463,2025-08-27 06:51:03,0.5
bitcoin-up-or-down-august-27-8pm-et,UP,52663723472189837019282878320519686971007473994421038773533328330378617408514,1756277523,2025-08-27 06:52:03,0.5
bitcoin-up-or-down-august-27-8pm-et,UP,52663723472189837019282878320519686971007473994421038773533328330378617408514,1756277582,2025-08-27 06:53:02,0.5
bitcoin-up-or-down-august-27-8pm-et,UP,52663723472189837019282878320519686971007473994421038773533328330378617408514,1756277642,2025-08-27 06:54:02,0.5
bitcoin-up-or-down-august-27-8pm-et,UP,52663723472189837019282878320519686971007473994421038773533328330378617408514,1756277702,2025-08-27 06:55:02,0.5
bitcoin-up-or-down-august-27-8pm-et,UP,52663723472189837019282878320519686971007473994421038773533328330378617408514,1756277764,2025-08-27 06:56:04,0.5
bitcoin-up-or-down-august-27-8pm-et,UP,52663723472189837019282878320519686971007473994421038773533328330378617408514,1756277823,2025-08-27 06:57:03,0.5
bitcoin-up-or-down-august-27-8pm-et,UP,52663723472189837019282878320519686971007473994421038773533328330378617408514,1756277882,2025-08-27 06:58:02,0.5
bitcoin-up-or-down-august-27-8pm-et,UP,52663723472189837019282878320519686971007473994421038773533328330378617408514,1756277942,2025-08-27 06:59:02,0.5
bitcoin-up-or-down-august-27-8pm-et,UP,52663723472189837019282878320519686971007473994421038773533328330378617408514,1756278006,2025-08-27 07:00:06,0.5
bitcoin-up-or-down-august-27-8pm-et,UP,52663723472189837019282878320519686971007473994421038773533328330378617408514,1756278064,2025-08-27 07:01:04,0.5
bitcoin-up-or-down-august-27-8pm-et,UP,52663723472189837019282878320519686971007473994421038773533328330378617408514,1756278122,2025-08-27 07:02:02,0.5
bitcoin-up-or-down-august-27-8pm-et,UP,52663723472189837019282878320519686971007473994421038773533328330378617408514,1756278182,2025-08-27 07:03:02,0.5
bitcoin-up-or-down-august-27-8pm-et,UP,52663723472189837019282878320519686971007473994421038773533328330378617408514,1756278242,2025-08-27 07:04:02,0.5
bitcoin-up-or-down-august-27-8pm-et,UP,52663723472189837019282878320519686971007473994421038773533328330378617408514,1756278308,2025-08-27 07:05:08,0.5
bitcoin-up-or-down-august-27-8pm-et,UP,52663723472189837019282878320519686971007473994421038773533328330378617408514,1756278362,2025-08-27 07:06:02,0.5
bitcoin-up-or-down-august-27-8pm-et,UP,52663723472189837019282878320519686971007473994421038773533328330378617408514,1756278423,2025-08-27 07:07:03,0.5
bitcoin-up-or-down-august-27-8pm-et,UP,52663723472189837019282878320519686971007473994421038773533328330378617408514,1756278483,2025-08-27 07:08:03,0.5
bitcoin-up-or-down-august-27-8pm-et,UP,52663723472189837019282878320519686971007473994421038773533328330378617408514,1756278543,2025-08-27 07:09:03,0.5
bitcoin-up-or-down-august-27-8pm-et,UP,52663723472189837019282878320519686971007473994421038773533328330378617408514,1756278614,2025-08-27 07:10:14,0.5
bitcoin-up-or-down-august-27-8pm-et,UP,52663723472189837019282878320519686971007473994421038773533328330378617408514,1756278665,2025-08-27 07:11:05,0.5
bitcoin-up-or-down-august-27-8pm-et,UP,52663723472189837019282878320519686971007473994421038773533328330378617408514,1756278722,2025-08-27 07:12:02,0.5
bitcoin-up-or-down-august-27-8pm-et,UP,52663723472189837019282878320519686971007473994421038773533328330378617408514,1756278783,2025-08-27 07:13:03,0.5
bitcoin-up-or-down-august-27-8pm-et,UP,52663723472189837019282878320519686971007473994421038773533328330378617408514,1756278842,2025-08-27 07:14:02,0.5
bitcoin-up-or-down-august-27-8pm-et,UP,52663723472189837019282878320519686971007473994421038773533328330378617408514,1756278905,2025-08-27 07:15:05,0.5
bitcoin-up-or-down-august-27-8pm-et,UP,52663723472189837019282878320519686971007473994421038773533328330378617408514,1756278964,2025-08-27 07:16:04,0.5
bitcoin-up-or-down-august-27-8pm-et,UP,52663723472189837019282878320519686971007473994421038773533328330378617408514,1756279022,2025-08-27 07:17:02,0.5
bitcoin-up-or-down-august-27-8pm-et,UP,52663723472189837019282878320519686971007473994421038773533328330378617408514,1756279083,2025-08-27 07:18:03,0.5
bitcoin-up-or-down-august-27-8pm-et,UP,52663723472189837019282878320519686971007473994421038773533328330378617408514,1756279142,2025-08-27 07:19:02,0.5
bitcoin-up-or-down-august-27-8pm-et,UP,52663723472189837019282878320519686971007473994421038773533328330378617408514,1756279210,2025-08-27 07:20:10,0.5
bitcoin-up-or-down-august-27-8pm-et,UP,52663723472189837019282878320519686971007473994421038773533328330378617408514,1756279263,2025-08-27 07:21:03,0.5
bitcoin-up-or-down-august-27-8pm-et,UP,52663723472189837019282878320519686971007473994421038773533328330378617408514,1756279322,2025-08-27 07:22:02,0.5
bitcoin-up-or-down-august-27-8pm-et,UP,52663723472189837019282878320519686971007473994421038773533328330378617408514,1756279383,2025-08-27 07:23:03,0.5
bitcoin-up-or-down-august-27-8pm-et,UP,52663723472189837019282878320519686971007473994421038773533328330378617408514,1756279443,2025-08-27 07:24:03,0.5
bitcoin-up-or-down-august-27-8pm-et,UP,52663723472189837019282878320519686971007473994421038773533328330378617408514,1756279502,2025-08-27 07:25:02,0.5
bitcoin-up-or-down-august-27-8pm-et,UP,52663723472189837019282878320519686971007473994421038773533328330378617408514,1756279563,2025-08-27 07:26:03,0.5
bitcoin-up-or-down-august-27-8pm-et,UP,52663723472189837019282878320519686971007473994421038773533328330378617408514,1756279623,2025-08-27 07:27:03,0.5
bitcoin-up-or-down-august-27-8pm-et,UP,52663723472189837019282878320519686971007473994421038773533328330378617408514,1756279683,2025-08-27 07:28:03,0.5
bitcoin-up-or-down-august-27-8pm-et,UP,52663723472189837019282878320519686971007473994421038773533328330378617408514,1756279742,2025-08-27 07:29:02,0.5
bitcoin-up-or-down-august-27-8pm-et,UP,52663723472189837019282878320519686971007473994421038773533328330378617408514,1756279804,2025-08-27 07:30:04,0.5
bitcoin-up-or-down-august-27-8pm-et,UP,52663723472189837019282878320519686971007473994421038773533328330378617408514,1756279862,2025-08-27 07:31:02,0.5
bitcoin-up-or-down-august-27-8pm-et,UP,52663723472189837019282878320519686971007473994421038773533328330378617408514,1756279922,2025-08-27 07:32:02,0.5
bitcoin-up-or-down-august-27-8pm-et,UP,52663723472189837019282878320519686971007473994421038773533328330378617408514,1756279983,2025-08-27 07:33:03,0.5
bitcoin-up-or-down-august-27-8pm-et,UP,52663723472189837019282878320519686971007473994421038773533328330378617408514,1756280043,2025-08-27 07:34:03,0.5
bitcoin-up-or-down-august-27-8pm-et,UP,52663723472189837019282878320519686971007473994421038773533328330378617408514,1756280114,2025-08-27 07:35:14,0.5
bitcoin-up-or-down-august-27-8pm-et,UP,52663723472189837019282878320519686971007473994421038773533328330378617408514,1756280162,2025-08-27 07:36:02,0.5
bitcoin-up-or-down-august-27-8pm-et,UP,52663723472189837019282878320519686971007473994421038773533328330378617408514,1756280224,2025-08-27 07:37:04,0.5
bitcoin-up-or-down-august-27-8pm-et,UP,52663723472189837019282878320519686971007473994421038773533328330378617408514,1756280282,2025-08-27 07:38:02,0.5
bitcoin-up-or-down-august-27-8pm-et,UP,52663723472189837019282878320519686971007473994421038773533328330378617408514,1756280342,2025-08-27 07:39:02,0.5
bitcoin-up-or-down-august-27-8pm-et,UP,52663723472189837019282878320519686971007473994421038773533328330378617408514,1756280407,2025-08-27 07:40:07,0.5
bitcoin-up-or-down-august-27-8pm-et,UP,52663723472189837019282878320519686971007473994421038773533328330378617408514,1756280466,2025-08-27 07:41:06,0.5
bitcoin-up-or-down-august-27-8pm-et,UP,52663723472189837019282878320519686971007473994421038773533328330378617408514,1756280523,2025-08-27 07:42:03,0.5
bitcoin-up-or-down-august-27-8pm-et,UP,52663723472189837019282878320519686971007473994421038773533328330378617408514,1756280583,2025-08-27 07:43:03,0.5
bitcoin-up-or-down-august-27-8pm-et,UP,52663723472189837019282878320519686971007473994421038773533328330378617408514,1756280644,2025-08-27 07:44:04,0.5
bitcoin-up-or-down-august-27-8pm-et,UP,52663723472189837019282878320519686971007473994421038773533328330378617408514,1756280715,2025-08-27 07:45:15,0.5
bitcoin-up-or-down-august-27-8pm-et,UP,52663723472189837019282878320519686971007473994421038773533328330378617408514,1756280763,2025-08-27 07:46:03,0.5
bitcoin-up-or-down-august-27-8pm-et,UP,52663723472189837019282878320519686971007473994421038773533328330378617408514,1756280822,2025-08-27 07:47:02,0.5
bitcoin-up-or-down-august-27-8pm-et,UP,52663723472189837019282878320519686971007473994421038773533328330378617408514,1756280882,2025-08-27 07:48:02,0.5
bitcoin-up-or-down-august-27-8pm-et,UP,52663723472189837019282878320519686971007473994421038773533328330378617408514,1756280943,2025-08-27 07:49:03,0.5
bitcoin-up-or-down-august-27-8pm-et,UP,52663723472189837019282878320519686971007473994421038773533328330378617408514,1756281009,2025-08-27 07:50:09,0.5
bitcoin-up-or-down-august-27-8pm-et,UP,52663723472189837019282878320519686971007473994421038773533328330378617408514,1756281062,2025-08-27 07:51:02,0.5
bitcoin-up-or-down-august-27-8pm-et,UP,52663723472189837019282878320519686971007473994421038773533328330378617408514,1756281123,2025-08-27 07:52:03,0.5
bitcoin-up-or-down-august-27-8pm-et,UP,52663723472189837019282878320519686971007473994421038773533328330378617408514,1756281183,2025-08-27 07:53:03,0.5
bitcoin-up-or-down-august-27-8pm-et,UP,52663723472189837019282878320519686971007473994421038773533328330378617408514,1756281242,2025-08-27 07:54:02,0.5
bitcoin-up-or-down-august-27-8pm-et,UP,52663723472189837019282878320519686971007473994421038773533328330378617408514,1756281303,2025-08-27 07:55:03,0.5
bitcoin-up-or-down-august-27-8pm-et,UP,52663723472189837019282878320519686971007473994421038773533328330378617408514,1756281365,2025-08-27 07:56:05,0.5
bitcoin-up-or-down-august-27-8pm-et,UP,52663723472189837019282878320519686971007473994421038773533328330378617408514,1756281423,2025-08-27 07:57:03,0.5
bitcoin-up-or-down-august-27-8pm-et,UP,52663723472189837019282878320519686971007473994421038773533328330378617408514,1756281482,2025-08-27 07:58:02,0.5
bitcoin-up-or-down-august-27-8pm-et,UP,52663723472189837019282878320519686971007473994421038773533328330378617408514,1756281542,2025-08-27 07:59:02,0.5
bitcoin-up-or-down-august-27-8pm-et,UP,52663723472189837019282878320519686971007473994421038773533328330378617408514,1756281616,2025-08-27 08:00:16,0.5
bitcoin-up-or-down-august-27-8pm-et,UP,52663723472189837019282878320519686971007473994421038773533328330378617408514,1756281662,2025-08-27 08:01:02,0.5
bitcoin-up-or-down-august-27-8pm-et,UP,52663723472189837019282878320519686971007473994421038773533328330378617408514,1756281722,2025-08-27 08:02:02,0.5
bitcoin-up-or-down-august-27-8pm-et,UP,52663723472189837019282878320519686971007473994421038773533328330378617408514,1756281782,2025-08-27 08:03:02,0.5
bitcoin-up-or-down-august-27-8pm-et,UP,52663723472189837019282878320519686971007473994421038773533328330378617408514,1756281842,2025-08-27 08:04:02,0.5
bitcoin-up-or-down-august-27-8pm-et,UP,52663723472189837019282878320519686971007473994421038773533328330378617408514,1756281905,2025-08-27 08:05:05,0.5
bitcoin-up-or-down-august-27-8pm-et,UP,52663723472189837019282878320519686971007473994421038773533328330378617408514,1756281963,2025-08-27 08:06:03,0.5
bitcoin-up-or-down-august-27-8pm-et,UP,52663723472189837019282878320519686971007473994421038773533328330378617408514,1756282022,2025-08-27 08:07:02,0.5
bitcoin-up-or-down-august-27-8pm-et,UP,52663723472189837019282878320519686971007473994421038773533328330378617408514,1756282099,2025-08-27 08:08:19,0.5
bitcoin-up-or-down-august-27-8pm-et,UP,52663723472189837019282878320519686971007473994421038773533328330378617408514,1756282142,2025-08-27 08:09:02,0.5
bitcoin-up-or-down-august-27-8pm-et,UP,52663723472189837019282878320519686971007473994421038773533328330378617408514,1756282215,2025-08-27 08:10:15,0.5
bitcoin-up-or-down-august-27-8pm-et,UP,52663723472189837019282878320519686971007473994421038773533328330378617408514,1756282262,2025-08-27 08:11:02,0.5
bitcoin-up-or-down-august-27-8pm-et,UP,52663723472189837019282878320519686971007473994421038773533328330378617408514,1756282323,2025-08-27 08:12:03,0.5
bitcoin-up-or-down-august-27-8pm-et,UP,52663723472189837019282878320519686971007473994421038773533328330378617408514,1756282382,2025-08-27 08:13:02,0.5
bitcoin-up-or-down-august-27-8pm-et,UP,52663723472189837019282878320519686971007473994421038773533328330378617408514,1756282442,2025-08-27 08:14:02,0.5
bitcoin-up-or-down-august-27-8pm-et,UP,52663723472189837019282878320519686971007473994421038773533328330378617408514,1756282514,2025-08-27 08:15:14,0.5
bitcoin-up-or-down-august-27-8pm-et,UP,52663723472189837019282878320519686971007473994421038773533328330378617408514,1756282562,2025-08-27 08:16:02,0.5
bitcoin-up-or-down-august-27-8pm-et,UP,52663723472189837019282878320519686971007473994421038773533328330378617408514,1756282622,2025-08-27 08:17:02,0.5
bitcoin-up-or-down-august-27-8pm-et,UP,52663723472189837019282878320519686971007473994421038773533328330378617408514,1756282684,2025-08-27 08:18:04,0.5
bitcoin-up-or-down-august-27-8pm-et,UP,52663723472189837019282878320519686971007473994421038773533328330378617408514,1756282742,2025-08-27 08:19:02,0.5
bitcoin-up-or-down-august-27-8pm-et,UP,52663723472189837019282878320519686971007473994421038773533328330378617408514,1756282811,2025-08-27 08:20:11,0.5
bitcoin-up-or-down-august-27-8pm-et,UP,52663723472189837019282878320519686971007473994421038773533328330378617408514,1756282862,2025-08-27 08:21:02,0.5
bitcoin-up-or-down-august-27-8pm-et,UP,52663723472189837019282878320519686971007473994421038773533328330378617408514,1756282922,2025-08-27 08:22:02,0.5
bitcoin-up-or-down-august-27-8pm-et,UP,52663723472189837019282878320519686971007473994421038773533328330378617408514,1756282983,2025-08-27 08:23:03,0.5
bitcoin-up-or-down-august-27-8pm-et,UP,52663723472189837019282878320519686971007473994421038773533328330378617408514,1756283042,2025-08-27 08:24:02,0.5
bitcoin-up-or-down-august-27-8pm-et,UP,52663723472189837019282878320519686971007473994421038773533328330378617408514,1756283104,2025-08-27 08:25:04,0.5
bitcoin-up-or-down-august-27-8pm-et,UP,52663723472189837019282878320519686971007473994421038773533328330378617408514,1756283163,2025-08-27 08:26:03,0.5
bitcoin-up-or-down-august-27-8pm-et,UP,52663723472189837019282878320519686971007473994421038773533328330378617408514,1756283224,2025-08-27 08:27:04,0.5
bitcoin-up-or-down-august-27-8pm-et,UP,52663723472189837019282878320519686971007473994421038773533328330378617408514,1756283284,2025-08-27 08:28:04,0.5
bitcoin-up-or-down-august-27-8pm-et,UP,52663723472189837019282878320519686971007473994421038773533328330378617408514,1756283342,2025-08-27 08:29:02,0.5
bitcoin-up-or-down-august-27-8pm-et,UP,52663723472189837019282878320519686971007473994421038773533328330378617408514,1756283404,2025-08-27 08:30:04,0.5
bitcoin-up-or-down-august-27-8pm-et,UP,52663723472189837019282878320519686971007473994421038773533328330378617408514,1756283463,2025-08-27 08:31:03,0.5
bitcoin-up-or-down-august-27-8pm-et,UP,52663723472189837019282878320519686971007473994421038773533328330378617408514,1756283522,2025-08-27 08:32:02,0.5
bitcoin-up-or-down-august-27-8pm-et,UP,52663723472189837019282878320519686971007473994421038773533328330378617408514,1756283583,2025-08-27 08:33:03,0.5
bitcoin-up-or-down-august-27-8pm-et,UP,52663723472189837019282878320519686971007473994421038773533328330378617408514,1756283642,2025-08-27 08:34:02,0.5
bitcoin-up-or-down-august-27-8pm-et,UP,52663723472189837019282878320519686971007473994421038773533328330378617408514,1756283702,2025-08-27 08:35:02,0.5
bitcoin-up-or-down-august-27-8pm-et,UP,52663723472189837019282878320519686971007473994421038773533328330378617408514,1756283763,2025-08-27 08:36:03,0.5
bitcoin-up-or-down-august-27-8pm-et,UP,52663723472189837019282878320519686971007473994421038773533328330378617408514,1756283823,2025-08-27 08:37:03,0.5
bitcoin-up-or-down-august-27-8pm-et,UP,52663723472189837019282878320519686971007473994421038773533328330378617408514,1756283882,2025-08-27 08:38:02,0.5
bitcoin-up-or-down-august-27-8pm-et,UP,52663723472189837019282878320519686971007473994421038773533328330378617408514,1756283943,2025-08-27 08:39:03,0.5
bitcoin-up-or-down-august-27-8pm-et,UP,52663723472189837019282878320519686971007473994421038773533328330378617408514,1756284016,2025-08-27 08:40:16,0.5
bitcoin-up-or-down-august-27-8pm-et,UP,52663723472189837019282878320519686971007473994421038773533328330378617408514,1756284063,2025-08-27 08:41:03,0.5
bitcoin-up-or-down-august-27-8pm-et,UP,52663723472189837019282878320519686971007473994421038773533328330378617408514,1756284123,2025-08-27 08:42:03,0.5
bitcoin-up-or-down-august-27-8pm-et,UP,52663723472189837019282878320519686971007473994421038773533328330378617408514,1756284182,2025-08-27 08:43:02,0.5
bitcoin-up-or-down-august-27-8pm-et,UP,52663723472189837019282878320519686971007473994421038773533328330378617408514,1756284243,2025-08-27 08:44:03,0.5
bitcoin-up-or-down-august-27-8pm-et,UP,52663723472189837019282878320519686971007473994421038773533328330378617408514,1756284306,2025-08-27 08:45:06,0.5
bitcoin-up-or-down-august-27-8pm-et,UP,52663723472189837019282878320519686971007473994421038773533328330378617408514,1756284364,2025-08-27 08:46:04,0.5
bitcoin-up-or-down-august-27-8pm-et,UP,52663723472189837019282878320519686971007473994421038773533328330378617408514,1756284423,2025-08-27 08:47:03,0.5
bitcoin-up-or-down-august-27-8pm-et,UP,52663723472189837019282878320519686971007473994421038773533328330378617408514,1756284483,2025-08-27 08:48:03,0.5
bitcoin-up-or-down-august-27-8pm-et,UP,52663723472189837019282878320519686971007473994421038773533328330378617408514,1756284542,2025-08-27 08:49:02,0.5
bitcoin-up-or-down-august-27-8pm-et,UP,52663723472189837019282878320519686971007473994421038773533328330378617408514,1756284612,2025-08-27 08:50:12,0.5
bitcoin-up-or-down-august-27-8pm-et,UP,52663723472189837019282878320519686971007473994421038773533328330378617408514,1756284663,2025-08-27 08:51:03,0.5
bitcoin-up-or-down-august-27-8pm-et,UP,52663723472189837019282878320519686971007473994421038773533328330378617408514,1756284723,2025-08-27 08:52:03,0.5
bitcoin-up-or-down-august-27-8pm-et,UP,52663723472189837019282878320519686971007473994421038773533328330378617408514,1756284783,2025-08-27 08:53:03,0.5
bitcoin-up-or-down-august-27-8pm-et,UP,52663723472189837019282878320519686971007473994421038773533328330378617408514,1756284842,2025-08-27 08:54:02,0.5
bitcoin-up-or-down-august-27-8pm-et,UP,52663723472189837019282878320519686971007473994421038773533328330378617408514,1756284904,2025-08-27 08:55:04,0.5
bitcoin-up-or-down-august-27-8pm-et,UP,52663723472189837019282878320519686971007473994421038773533328330378617408514,1756284963,2025-08-27 08:56:03,0.5
bitcoin-up-or-down-august-27-8pm-et,UP,52663723472189837019282878320519686971007473994421038773533328330378617408514,1756285023,2025-08-27 08:57:03,0.5
bitcoin-up-or-down-august-27-8pm-et,UP,52663723472189837019282878320519686971007473994421038773533328330378617408514,1756285083,2025-08-27 08:58:03,0.5
bitcoin-up-or-down-august-27-8pm-et,UP,52663723472189837019282878320519686971007473994421038773533328330378617408514,1756285144,2025-08-27 08:59:04,0.5
bitcoin-up-or-down-august-27-8pm-et,UP,52663723472189837019282878320519686971007473994421038773533328330378617408514,1756285211,2025-08-27 09:00:11,0.5
bitcoin-up-or-down-august-27-8pm-et,UP,52663723472189837019282878320519686971007473994421038773533328330378617408514,1756285264,2025-08-27 09:01:04,0.5
bitcoin-up-or-down-august-27-8pm-et,UP,52663723472189837019282878320519686971007473994421038773533328330378617408514,1756285324,2025-08-27 09:02:04,0.5
bitcoin-up-or-down-august-27-8pm-et,UP,52663723472189837019282878320519686971007473994421038773533328330378617408514,1756285401,2025-08-27 09:03:21,0.5
bitcoin-up-or-down-august-27-8pm-et,UP,52663723472189837019282878320519686971007473994421038773533328330378617408514,1756285443,2025-08-27 09:04:03,0.5
bitcoin-up-or-down-august-27-8pm-et,UP,52663723472189837019282878320519686971007473994421038773533328330378617408514,1756285792,2025-08-27 09:09:52,0.5
bitcoin-up-or-down-august-27-8pm-et,UP,52663723472189837019282878320519686971007473994421038773533328330378617408514,1756285835,2025-08-27 09:10:35,0.5
bitcoin-up-or-down-august-27-8pm-et,UP,52663723472189837019282878320519686971007473994421038773533328330378617408514,1756285862,2025-08-27 09:11:02,0.5
bitcoin-up-or-down-august-27-8pm-et,UP,52663723472189837019282878320519686971007473994421038773533328330378617408514,1756285923,2025-08-27 09:12:03,0.5
bitcoin-up-or-down-august-27-8pm-et,UP,52663723472189837019282878320519686971007473994421038773533328330378617408514,1756285982,2025-08-27 09:13:02,0.5
bitcoin-up-or-down-august-27-8pm-et,UP,52663723472189837019282878320519686971007473994421038773533328330378617408514,1756286043,2025-08-27 09:14:03,0.5
bitcoin-up-or-down-august-27-8pm-et,UP,52663723472189837019282878320519686971007473994421038773533328330378617408514,1756286103,2025-08-27 09:15:03,0.5
bitcoin-up-or-down-august-27-8pm-et,UP,52663723472189837019282878320519686971007473994421038773533328330378617408514,1756286167,2025-08-27 09:16:07,0.5
bitcoin-up-or-down-august-27-8pm-et,UP,52663723472189837019282878320519686971007473994421038773533328330378617408514,1756286223,2025-08-27 09:17:03,0.5
bitcoin-up-or-down-august-27-8pm-et,UP,52663723472189837019282878320519686971007473994421038773533328330378617408514,1756286282,2025-08-27 09:18:02,0.5
bitcoin-up-or-down-august-27-8pm-et,UP,52663723472189837019282878320519686971007473994421038773533328330378617408514,1756286343,2025-08-27 09:19:03,0.5
bitcoin-up-or-down-august-27-8pm-et,UP,52663723472189837019282878320519686971007473994421038773533328330378617408514,1756286410,2025-08-27 09:20:10,0.5
bitcoin-up-or-down-august-27-8pm-et,UP,52663723472189837019282878320519686971007473994421038773533328330378617408514,1756286462,2025-08-27 09:21:02,0.5
bitcoin-up-or-down-august-27-8pm-et,UP,52663723472189837019282878320519686971007473994421038773533328330378617408514,1756286522,2025-08-27 09:22:02,0.5
bitcoin-up-or-down-august-27-8pm-et,UP,52663723472189837019282878320519686971007473994421038773533328330378617408514,1756286582,2025-08-27 09:23:02,0.5
bitcoin-up-or-down-august-27-8pm-et,UP,52663723472189837019282878320519686971007473994421038773533328330378617408514,1756286643,2025-08-27 09:24:03,0.5
bitcoin-up-or-down-august-27-8pm-et,UP,52663723472189837019282878320519686971007473994421038773533328330378617408514,1756286713,2025-08-27 09:25:13,0.5
bitcoin-up-or-down-august-27-8pm-et,UP,52663723472189837019282878320519686971007473994421038773533328330378617408514,1756286765,2025-08-27 09:26:05,0.5
bitcoin-up-or-down-august-27-8pm-et,UP,52663723472189837019282878320519686971007473994421038773533328330378617408514,1756286824,2025-08-27 09:27:04,0.5
bitcoin-up-or-down-august-27-8pm-et,UP,52663723472189837019282878320519686971007473994421038773533328330378617408514,1756286883,2025-08-27 09:28:03,0.5
bitcoin-up-or-down-august-27-8pm-et,UP,52663723472189837019282878320519686971007473994421038773533328330378617408514,1756286942,2025-08-27 09:29:02,0.5
bitcoin-up-or-down-august-27-8pm-et,UP,52663723472189837019282878320519686971007473994421038773533328330378617408514,1756287014,2025-08-27 09:30:14,0.5
bitcoin-up-or-down-august-27-8pm-et,UP,52663723472189837019282878320519686971007473994421038773533328330378617408514,1756287062,2025-08-27 09:31:02,0.5
bitcoin-up-or-down-august-27-8pm-et,UP,52663723472189837019282878320519686971007473994421038773533328330378617408514,1756287122,2025-08-27 09:32:02,0.5
bitcoin-up-or-down-august-27-8pm-et,UP,52663723472189837019282878320519686971007473994421038773533328330378617408514,1756287184,2025-08-27 09:33:04,0.5
bitcoin-up-or-down-august-27-8pm-et,UP,52663723472189837019282878320519686971007473994421038773533328330378617408514,1756287242,2025-08-27 09:34:02,0.5
bitcoin-up-or-down-august-27-8pm-et,UP,52663723472189837019282878320519686971007473994421038773533328330378617408514,1756287305,2025-08-27 09:35:05,0.5
bitcoin-up-or-down-august-27-8pm-et,UP,52663723472189837019282878320519686971007473994421038773533328330378617408514,1756287362,2025-08-27 09:36:02,0.5
bitcoin-up-or-down-august-27-8pm-et,UP,52663723472189837019282878320519686971007473994421038773533328330378617408514,1756287422,2025-08-27 09:37:02,0.5
bitcoin-up-or-down-august-27-8pm-et,UP,52663723472189837019282878320519686971007473994421038773533328330378617408514,1756287483,2025-08-27 09:38:03,0.5
bitcoin-up-or-down-august-27-8pm-et,UP,52663723472189837019282878320519686971007473994421038773533328330378617408514,1756287544,2025-08-27 09:39:04,0.5
bitcoin-up-or-down-august-27-8pm-et,UP,52663723472189837019282878320519686971007473994421038773533328330378617408514,1756287608,2025-08-27 09:40:08,0.5
bitcoin-up-or-down-august-27-8pm-et,UP,52663723472189837019282878320519686971007473994421038773533328330378617408514,1756287670,2025-08-27 09:41:10,0.5
bitcoin-up-or-down-august-27-8pm-et,UP,52663723472189837019282878320519686971007473994421038773533328330378617408514,1756287722,2025-08-27 09:42:02,0.5
bitcoin-up-or-down-august-27-8pm-et,UP,52663723472189837019282878320519686971007473994421038773533328330378617408514,1756287783,2025-08-27 09:43:03,0.5
bitcoin-up-or-down-august-27-8pm-et,UP,52663723472189837019282878320519686971007473994421038773533328330378617408514,1756287844,2025-08-27 09:44:04,0.5
bitcoin-up-or-down-august-27-8pm-et,UP,52663723472189837019282878320519686971007473994421038773533328330378617408514,1756287902,2025-08-27 09:45:02,0.5
bitcoin-up-or-down-august-27-8pm-et,UP,52663723472189837019282878320519686971007473994421038773533328330378617408514,1756287972,2025-08-27 09:46:12,0.5
bitcoin-up-or-down-august-27-8pm-et,UP,52663723472189837019282878320519686971007473994421038773533328330378617408514,1756288022,2025-08-27 09:47:02,0.5
bitcoin-up-or-down-august-27-8pm-et,UP,52663723472189837019282878320519686971007473994421038773533328330378617408514,1756288083,2025-08-27 09:48:03,0.5
bitcoin-up-or-down-august-27-8pm-et,UP,52663723472189837019282878320519686971007473994421038773533328330378617408514,1756288143,2025-08-27 09:49:03,0.5
bitcoin-up-or-down-august-27-8pm-et,UP,52663723472189837019282878320519686971007473994421038773533328330378617408514,1756288204,2025-08-27 09:50:04,0.5
bitcoin-up-or-down-august-27-8pm-et,UP,52663723472189837019282878320519686971007473994421038773533328330378617408514,1756288267,2025-08-27 09:51:07,0.5
bitcoin-up-or-down-august-27-8pm-et,UP,52663723472189837019282878320519686971007473994421038773533328330378617408514,1756288323,2025-08-27 09:52:03,0.5
bitcoin-up-or-down-august-27-8pm-et,UP,52663723472189837019282878320519686971007473994421038773533328330378617408514,1756288384,2025-08-27 09:53:04,0.5
bitcoin-up-or-down-august-27-8pm-et,UP,52663723472189837019282878320519686971007473994421038773533328330378617408514,1756288444,2025-08-27 09:54:04,0.5
bitcoin-up-or-down-august-27-8pm-et,UP,52663723472189837019282878320519686971007473994421038773533328330378617408514,1756288503,2025-08-27 09:55:03,0.5
bitcoin-up-or-down-august-27-8pm-et,UP,52663723472189837019282878320519686971007473994421038773533328330378617408514,1756288570,2025-08-27 09:56:10,0.5
bitcoin-up-or-down-august-27-8pm-et,UP,52663723472189837019282878320519686971007473994421038773533328330378617408514,1756288622,2025-08-27 09:57:02,0.5
bitcoin-up-or-down-august-27-8pm-et,UP,52663723472189837019282878320519686971007473994421038773533328330378617408514,1756288684,2025-08-27 09:58:04,0.5
bitcoin-up-or-down-august-27-8pm-et,UP,52663723472189837019282878320519686971007473994421038773533328330378617408514,1756288742,2025-08-27 09:59:02,0.5
bitcoin-up-or-down-august-27-8pm-et,UP,52663723472189837019282878320519686971007473994421038773533328330378617408514,1756288821,2025-08-27 10:00:21,0.5
bitcoin-up-or-down-august-27-8pm-et,UP,52663723472189837019282878320519686971007473994421038773533328330378617408514,1756288863,2025-08-27 10:01:03,0.5
bitcoin-up-or-down-august-27-8pm-et,UP,52663723472189837019282878320519686971007473994421038773533328330378617408514,1756288922,2025-08-27 10:02:02,0.5
bitcoin-up-or-down-august-27-8pm-et,UP,52663723472189837019282878320519686971007473994421038773533328330378617408514,1756288982,2025-08-27 10:03:02,0.5
bitcoin-up-or-down-august-27-8pm-et,UP,52663723472189837019282878320519686971007473994421038773533328330378617408514,1756289043,2025-08-27 10:04:03,0.5
bitcoin-up-or-down-august-27-8pm-et,UP,52663723472189837019282878320519686971007473994421038773533328330378617408514,1756289111,2025-08-27 10:05:11,0.5
bitcoin-up-or-down-august-27-8pm-et,UP,52663723472189837019282878320519686971007473994421038773533328330378617408514,1756289163,2025-08-27 10:06:03,0.5
bitcoin-up-or-down-august-27-8pm-et,UP,52663723472189837019282878320519686971007473994421038773533328330378617408514,1756289223,2025-08-27 10:07:03,0.5
bitcoin-up-or-down-august-27-8pm-et,UP,52663723472189837019282878320519686971007473994421038773533328330378617408514,1756289283,2025-08-27 10:08:03,0.5
bitcoin-up-or-down-august-27-8pm-et,UP,52663723472189837019282878320519686971007473994421038773533328330378617408514,1756289343,2025-08-27 10:09:03,0.5
bitcoin-up-or-down-august-27-8pm-et,UP,52663723472189837019282878320519686971007473994421038773533328330378617408514,1756289406,2025-08-27 10:10:06,0.5
bitcoin-up-or-down-august-27-8pm-et,UP,52663723472189837019282878320519686971007473994421038773533328330378617408514,1756289465,2025-08-27 10:11:05,0.5
bitcoin-up-or-down-august-27-8pm-et,UP,52663723472189837019282878320519686971007473994421038773533328330378617408514,1756289522,2025-08-27 10:12:02,0.5
bitcoin-up-or-down-august-27-8pm-et,UP,52663723472189837019282878320519686971007473994421038773533328330378617408514,1756289583,2025-08-27 10:13:03,0.5
bitcoin-up-or-down-august-27-8pm-et,UP,52663723472189837019282878320519686971007473994421038773533328330378617408514,1756289642,2025-08-27 10:14:02,0.5
bitcoin-up-or-down-august-27-8pm-et,UP,52663723472189837019282878320519686971007473994421038773533328330378617408514,1756289708,2025-08-27 10:15:08,0.5
bitcoin-up-or-down-august-27-8pm-et,UP,52663723472189837019282878320519686971007473994421038773533328330378617408514,1756289763,2025-08-27 10:16:03,0.5
bitcoin-up-or-down-august-27-8pm-et,UP,52663723472189837019282878320519686971007473994421038773533328330378617408514,1756289824,2025-08-27 10:17:04,0.5
bitcoin-up-or-down-august-27-8pm-et,UP,52663723472189837019282878320519686971007473994421038773533328330378617408514,1756289883,2025-08-27 10:18:03,0.5
bitcoin-up-or-down-august-27-8pm-et,UP,52663723472189837019282878320519686971007473994421038773533328330378617408514,1756289943,2025-08-27 10:19:03,0.5
bitcoin-up-or-down-august-27-8pm-et,UP,52663723472189837019282878320519686971007473994421038773533328330378617408514,1756290011,2025-08-27 10:20:11,0.5
bitcoin-up-or-down-august-27-8pm-et,UP,52663723472189837019282878320519686971007473994421038773533328330378617408514,1756290063,2025-08-27 10:21:03,0.5
bitcoin-up-or-down-august-27-8pm-et,UP,52663723472189837019282878320519686971007473994421038773533328330378617408514,1756290123,2025-08-27 10:22:03,0.5
bitcoin-up-or-down-august-27-8pm-et,UP,52663723472189837019282878320519686971007473994421038773533328330378617408514,1756290182,2025-08-27 10:23:02,0.5
bitcoin-up-or-down-august-27-8pm-et,UP,52663723472189837019282878320519686971007473994421038773533328330378617408514,1756290242,2025-08-27 10:24:02,0.5
bitcoin-up-or-down-august-27-8pm-et,UP,52663723472189837019282878320519686971007473994421038773533328330378617408514,1756290303,2025-08-27 10:25:03,0.5
bitcoin-up-or-down-august-27-8pm-et,UP,52663723472189837019282878320519686971007473994421038773533328330378617408514,1756290362,2025-08-27 10:26:02,0.5
bitcoin-up-or-down-august-27-8pm-et,UP,52663723472189837019282878320519686971007473994421038773533328330378617408514,1756290423,2025-08-27 10:27:03,0.5
bitcoin-up-or-down-august-27-8pm-et,UP,52663723472189837019282878320519686971007473994421038773533328330378617408514,1756290484,2025-08-27 10:28:04,0.5
bitcoin-up-or-down-august-27-8pm-et,UP,52663723472189837019282878320519686971007473994421038773533328330378617408514,1756290544,2025-08-27 10:29:04,0.5
bitcoin-up-or-down-august-27-8pm-et,UP,52663723472189837019282878320519686971007473994421038773533328330378617408514,1756290604,2025-08-27 10:30:04,0.5
bitcoin-up-or-down-august-27-8pm-et,UP,52663723472189837019282878320519686971007473994421038773533328330378617408514,1756290664,2025-08-27 10:31:04,0.5
bitcoin-up-or-down-august-27-8pm-et,UP,52663723472189837019282878320519686971007473994421038773533328330378617408514,1756290722,2025-08-27 10:32:02,0.5
bitcoin-up-or-down-august-27-8pm-et,UP,52663723472189837019282878320519686971007473994421038773533328330378617408514,1756290783,2025-08-27 10:33:03,0.5
bitcoin-up-or-down-august-27-8pm-et,UP,52663723472189837019282878320519686971007473994421038773533328330378617408514,1756290843,2025-08-27 10:34:03,0.5
bitcoin-up-or-down-august-27-8pm-et,UP,52663723472189837019282878320519686971007473994421038773533328330378617408514,1756290906,2025-08-27 10:35:06,0.5
bitcoin-up-or-down-august-27-8pm-et,UP,52663723472189837019282878320519686971007473994421038773533328330378617408514,1756290963,2025-08-27 10:36:03,0.5
bitcoin-up-or-down-august-27-8pm-et,UP,52663723472189837019282878320519686971007473994421038773533328330378617408514,1756291022,2025-08-27 10:37:02,0.5
bitcoin-up-or-down-august-27-8pm-et,UP,52663723472189837019282878320519686971007473994421038773533328330378617408514,1756291083,2025-08-27 10:38:03,0.5
bitcoin-up-or-down-august-27-8pm-et,UP,52663723472189837019282878320519686971007473994421038773533328330378617408514,1756291143,2025-08-27 10:39:03,0.5
bitcoin-up-or-down-august-27-8pm-et,UP,52663723472189837019282878320519686971007473994421038773533328330378617408514,1756291202,2025-08-27 10:40:02,0.5
bitcoin-up-or-down-august-27-8pm-et,UP,52663723472189837019282878320519686971007473994421038773533328330378617408514,1756291264,2025-08-27 10:41:04,0.5
bitcoin-up-or-down-august-27-8pm-et,UP,52663723472189837019282878320519686971007473994421038773533328330378617408514,1756291322,2025-08-27 10:42:02,0.5
bitcoin-up-or-down-august-27-8pm-et,UP,52663723472189837019282878320519686971007473994421038773533328330378617408514,1756291384,2025-08-27 10:43:04,0.5
bitcoin-up-or-down-august-27-8pm-et,UP,52663723472189837019282878320519686971007473994421038773533328330378617408514,1756291443,2025-08-27 10:44:03,0.5
bitcoin-up-or-down-august-27-8pm-et,UP,52663723472189837019282878320519686971007473994421038773533328330378617408514,1756291503,2025-08-27 10:45:03,0.5
bitcoin-up-or-down-august-27-8pm-et,UP,52663723472189837019282878320519686971007473994421038773533328330378617408514,1756291562,2025-08-27 10:46:02,0.5
bitcoin-up-or-down-august-27-8pm-et,UP,52663723472189837019282878320519686971007473994421038773533328330378617408514,1756291622,2025-08-27 10:47:02,0.5
bitcoin-up-or-down-august-27-8pm-et,UP,52663723472189837019282878320519686971007473994421038773533328330378617408514,1756291683,2025-08-27 10:48:03,0.5
bitcoin-up-or-down-august-27-8pm-et,UP,52663723472189837019282878320519686971007473994421038773533328330378617408514,1756291743,2025-08-27 10:49:03,0.5
bitcoin-up-or-down-august-27-8pm-et,UP,52663723472189837019282878320519686971007473994421038773533328330378617408514,1756291809,2025-08-27 10:50:09,0.5
bitcoin-up-or-down-august-27-8pm-et,UP,52663723472189837019282878320519686971007473994421038773533328330378617408514,1756291862,2025-08-27 10:51:02,0.5
bitcoin-up-or-down-august-27-8pm-et,UP,52663723472189837019282878320519686971007473994421038773533328330378617408514,1756291922,2025-08-27 10:52:02,0.5
bitcoin-up-or-down-august-27-8pm-et,UP,52663723472189837019282878320519686971007473994421038773533328330378617408514,1756291983,2025-08-27 10:53:03,0.5
bitcoin-up-or-down-august-27-8pm-et,UP,52663723472189837019282878320519686971007473994421038773533328330378617408514,1756292042,2025-08-27 10:54:02,0.5
bitcoin-up-or-down-august-27-8pm-et,UP,52663723472189837019282878320519686971007473994421038773533328330378617408514,1756292107,2025-08-27 10:55:07,0.5
bitcoin-up-or-down-august-27-8pm-et,UP,52663723472189837019282878320519686971007473994421038773533328330378617408514,1756292164,2025-08-27 10:56:04,0.5
bitcoin-up-or-down-august-27-8pm-et,UP,52663723472189837019282878320519686971007473994421038773533328330378617408514,1756292223,2025-08-27 10:57:03,0.5
bitcoin-up-or-down-august-27-8pm-et,UP,52663723472189837019282878320519686971007473994421038773533328330378617408514,1756292283,2025-08-27 10:58:03,0.5
bitcoin-up-or-down-august-27-8pm-et,UP,52663723472189837019282878320519686971007473994421038773533328330378617408514,1756292342,2025-08-27 10:59:02,0.5
bitcoin-up-or-down-august-27-8pm-et,UP,52663723472189837019282878320519686971007473994421038773533328330378617408514,1756292411,2025-08-27 11:00:11,0.5
bitcoin-up-or-down-august-27-8pm-et,UP,52663723472189837019282878320519686971007473994421038773533328330378617408514,1756292464,2025-08-27 11:01:04,0.5
bitcoin-up-or-down-august-27-8pm-et,UP,52663723472189837019282878320519686971007473994421038773533328330378617408514,1756292523,2025-08-27 11:02:03,0.5
bitcoin-up-or-down-august-27-8pm-et,UP,52663723472189837019282878320519686971007473994421038773533328330378617408514,1756292584,2025-08-27 11:03:04,0.5
bitcoin-up-or-down-august-27-8pm-et,UP,52663723472189837019282878320519686971007473994421038773533328330378617408514,1756292642,2025-08-27 11:04:02,0.5
bitcoin-up-or-down-august-27-8pm-et,UP,52663723472189837019282878320519686971007473994421038773533328330378617408514,1756292706,2025-08-27 11:05:06,0.5
bitcoin-up-or-down-august-27-8pm-et,UP,52663723472189837019282878320519686971007473994421038773533328330378617408514,1756292763,2025-08-27 11:06:03,0.5
bitcoin-up-or-down-august-27-8pm-et,UP,52663723472189837019282878320519686971007473994421038773533328330378617408514,1756292822,2025-08-27 11:07:02,0.5
bitcoin-up-or-down-august-27-8pm-et,UP,52663723472189837019282878320519686971007473994421038773533328330378617408514,1756292884,2025-08-27 11:08:04,0.5
bitcoin-up-or-down-august-27-8pm-et,UP,52663723472189837019282878320519686971007473994421038773533328330378617408514,1756292943,2025-08-27 11:09:03,0.5
bitcoin-up-or-down-august-27-8pm-et,UP,52663723472189837019282878320519686971007473994421038773533328330378617408514,1756293010,2025-08-27 11:10:10,0.5
bitcoin-up-or-down-august-27-8pm-et,UP,52663723472189837019282878320519686971007473994421038773533328330378617408514,1756293063,2025-08-27 11:11:03,0.5
bitcoin-up-or-down-august-27-8pm-et,UP,52663723472189837019282878320519686971007473994421038773533328330378617408514,1756293124,2025-08-27 11:12:04,0.5
bitcoin-up-or-down-august-27-8pm-et,UP,52663723472189837019282878320519686971007473994421038773533328330378617408514,1756293182,2025-08-27 11:13:02,0.5
bitcoin-up-or-down-august-27-8pm-et,UP,52663723472189837019282878320519686971007473994421038773533328330378617408514,1756293242,2025-08-27 11:14:02,0.5
bitcoin-up-or-down-august-27-8pm-et,UP,52663723472189837019282878320519686971007473994421038773533328330378617408514,1756293304,2025-08-27 11:15:04,0.5
bitcoin-up-or-down-august-27-8pm-et,UP,52663723472189837019282878320519686971007473994421038773533328330378617408514,1756293362,2025-08-27 11:16:02,0.5
bitcoin-up-or-down-august-27-8pm-et,UP,52663723472189837019282878320519686971007473994421038773533328330378617408514,1756293424,2025-08-27 11:17:04,0.5
bitcoin-up-or-down-august-27-8pm-et,UP,52663723472189837019282878320519686971007473994421038773533328330378617408514,1756293482,2025-08-27 11:18:02,0.5
bitcoin-up-or-down-august-27-8pm-et,UP,52663723472189837019282878320519686971007473994421038773533328330378617408514,1756293543,2025-08-27 11:19:03,0.5
bitcoin-up-or-down-august-27-8pm-et,UP,52663723472189837019282878320519686971007473994421038773533328330378617408514,1756293602,2025-08-27 11:20:02,0.5
bitcoin-up-or-down-august-27-8pm-et,UP,52663723472189837019282878320519686971007473994421038773533328330378617408514,1756293662,2025-08-27 11:21:02,0.5
bitcoin-up-or-down-august-27-8pm-et,UP,52663723472189837019282878320519686971007473994421038773533328330378617408514,1756293723,2025-08-27 11:22:03,0.5
bitcoin-up-or-down-august-27-8pm-et,UP,52663723472189837019282878320519686971007473994421038773533328330378617408514,1756293783,2025-08-27 11:23:03,0.5
bitcoin-up-or-down-august-27-8pm-et,UP,52663723472189837019282878320519686971007473994421038773533328330378617408514,1756293843,2025-08-27 11:24:03,0.5
bitcoin-up-or-down-august-27-8pm-et,UP,52663723472189837019282878320519686971007473994421038773533328330378617408514,1756293913,2025-08-27 11:25:13,0.5
bitcoin-up-or-down-august-27-8pm-et,UP,52663723472189837019282878320519686971007473994421038773533328330378617408514,1756293963,2025-08-27 11:26:03,0.5
bitcoin-up-or-down-august-27-8pm-et,UP,52663723472189837019282878320519686971007473994421038773533328330378617408514,1756294023,2025-08-27 11:27:03,0.5
bitcoin-up-or-down-august-27-8pm-et,UP,52663723472189837019282878320519686971007473994421038773533328330378617408514,1756294083,2025-08-27 11:28:03,0.5
bitcoin-up-or-down-august-27-8pm-et,UP,52663723472189837019282878320519686971007473994421038773533328330378617408514,1756294142,2025-08-27 11:29:02,0.5
bitcoin-up-or-down-august-27-8pm-et,UP,52663723472189837019282878320519686971007473994421038773533328330378617408514,1756294226,2025-08-27 11:30:26,0.5
bitcoin-up-or-down-august-27-8pm-et,UP,52663723472189837019282878320519686971007473994421038773533328330378617408514,1756294263,2025-08-27 11:31:03,0.5
bitcoin-up-or-down-august-27-8pm-et,UP,52663723472189837019282878320519686971007473994421038773533328330378617408514,1756294323,2025-08-27 11:32:03,0.5
bitcoin-up-or-down-august-27-8pm-et,UP,52663723472189837019282878320519686971007473994421038773533328330378617408514,1756294382,2025-08-27 11:33:02,0.5
bitcoin-up-or-down-august-27-8pm-et,UP,52663723472189837019282878320519686971007473994421038773533328330378617408514,1756294443,2025-08-27 11:34:03,0.5
bitcoin-up-or-down-august-27-8pm-et,UP,52663723472189837019282878320519686971007473994421038773533328330378617408514,1756294503,2025-08-27 11:35:03,0.5
bitcoin-up-or-down-august-27-8pm-et,UP,52663723472189837019282878320519686971007473994421038773533328330378617408514,1756294564,2025-08-27 11:36:04,0.5
bitcoin-up-or-down-august-27-8pm-et,UP,52663723472189837019282878320519686971007473994421038773533328330378617408514,1756294624,2025-08-27 11:37:04,0.5
bitcoin-up-or-down-august-27-8pm-et,UP,52663723472189837019282878320519686971007473994421038773533328330378617408514,1756294683,2025-08-27 11:38:03,0.5
bitcoin-up-or-down-august-27-8pm-et,UP,52663723472189837019282878320519686971007473994421038773533328330378617408514,1756294743,2025-08-27 11:39:03,0.5
bitcoin-up-or-down-august-27-8pm-et,UP,52663723472189837019282878320519686971007473994421038773533328330378617408514,1756294812,2025-08-27 11:40:12,0.5
bitcoin-up-or-down-august-27-8pm-et,UP,52663723472189837019282878320519686971007473994421038773533328330378617408514,1756294863,2025-08-27 11:41:03,0.5
bitcoin-up-or-down-august-27-8pm-et,UP,52663723472189837019282878320519686971007473994421038773533328330378617408514,1756294923,2025-08-27 11:42:03,0.5
bitcoin-up-or-down-august-27-8pm-et,UP,52663723472189837019282878320519686971007473994421038773533328330378617408514,1756294982,2025-08-27 11:43:02,0.5
bitcoin-up-or-down-august-27-8pm-et,UP,52663723472189837019282878320519686971007473994421038773533328330378617408514,1756295043,2025-08-27 11:44:03,0.5
bitcoin-up-or-down-august-27-8pm-et,UP,52663723472189837019282878320519686971007473994421038773533328330378617408514,1756295104,2025-08-27 11:45:04,0.5
bitcoin-up-or-down-august-27-8pm-et,UP,52663723472189837019282878320519686971007473994421038773533328330378617408514,1756295163,2025-08-27 11:46:03,0.5
bitcoin-up-or-down-august-27-8pm-et,UP,52663723472189837019282878320519686971007473994421038773533328330378617408514,1756295222,2025-08-27 11:47:02,0.5
bitcoin-up-or-down-august-27-8pm-et,UP,52663723472189837019282878320519686971007473994421038773533328330378617408514,1756295284,2025-08-27 11:48:04,0.5
bitcoin-up-or-down-august-27-8pm-et,UP,52663723472189837019282878320519686971007473994421038773533328330378617408514,1756295343,2025-08-27 11:49:03,0.5
bitcoin-up-or-down-august-27-8pm-et,UP,52663723472189837019282878320519686971007473994421038773533328330378617408514,1756295406,2025-08-27 11:50:06,0.5
bitcoin-up-or-down-august-27-8pm-et,UP,52663723472189837019282878320519686971007473994421038773533328330378617408514,1756295463,2025-08-27 11:51:03,0.5
bitcoin-up-or-down-august-27-8pm-et,UP,52663723472189837019282878320519686971007473994421038773533328330378617408514,1756295523,2025-08-27 11:52:03,0.5
bitcoin-up-or-down-august-27-8pm-et,UP,52663723472189837019282878320519686971007473994421038773533328330378617408514,1756295582,2025-08-27 11:53:02,0.5
bitcoin-up-or-down-august-27-8pm-et,UP,52663723472189837019282878320519686971007473994421038773533328330378617408514,1756295643,2025-08-27 11:54:03,0.5
bitcoin-up-or-down-august-27-8pm-et,UP,52663723472189837019282878320519686971007473994421038773533328330378617408514,1756295709,2025-08-27 11:55:09,0.5
bitcoin-up-or-down-august-27-8pm-et,UP,52663723472189837019282878320519686971007473994421038773533328330378617408514,1756295763,2025-08-27 11:56:03,0.5
bitcoin-up-or-down-august-27-8pm-et,UP,52663723472189837019282878320519686971007473994421038773533328330378617408514,1756295822,2025-08-27 11:57:02,0.5
bitcoin-up-or-down-august-27-8pm-et,UP,52663723472189837019282878320519686971007473994421038773533328330378617408514,1756295882,2025-08-27 11:58:02,0.5
bitcoin-up-or-down-august-27-8pm-et,UP,52663723472189837019282878320519686971007473994421038773533328330378617408514,1756295942,2025-08-27 11:59:02,0.5
bitcoin-up-or-down-august-27-8pm-et,UP,52663723472189837019282878320519686971007473994421038773533328330378617408514,1756296014,2025-08-27 12:00:14,0.5
bitcoin-up-or-down-august-27-8pm-et,UP,52663723472189837019282878320519686971007473994421038773533328330378617408514,1756296063,2025-08-27 12:01:03,0.5
bitcoin-up-or-down-august-27-8pm-et,UP,52663723472189837019282878320519686971007473994421038773533328330378617408514,1756296123,2025-08-27 12:02:03,0.5
bitcoin-up-or-down-august-27-8pm-et,UP,52663723472189837019282878320519686971007473994421038773533328330378617408514,1756296182,2025-08-27 12:03:02,0.5
bitcoin-up-or-down-august-27-8pm-et,UP,52663723472189837019282878320519686971007473994421038773533328330378617408514,1756296243,2025-08-27 12:04:03,0.5
bitcoin-up-or-down-august-27-8pm-et,UP,52663723472189837019282878320519686971007473994421038773533328330378617408514,1756296302,2025-08-27 12:05:02,0.5
bitcoin-up-or-down-august-27-8pm-et,UP,52663723472189837019282878320519686971007473994421038773533328330378617408514,1756296363,2025-08-27 12:06:03,0.5
bitcoin-up-or-down-august-27-8pm-et,UP,52663723472189837019282878320519686971007473994421038773533328330378617408514,1756296423,2025-08-27 12:07:03,0.5
bitcoin-up-or-down-august-27-8pm-et,UP,52663723472189837019282878320519686971007473994421038773533328330378617408514,1756296484,2025-08-27 12:08:04,0.5
bitcoin-up-or-down-august-27-8pm-et,UP,52663723472189837019282878320519686971007473994421038773533328330378617408514,1756296544,2025-08-27 12:09:04,0.5
bitcoin-up-or-down-august-27-8pm-et,UP,52663723472189837019282878320519686971007473994421038773533328330378617408514,1756296611,2025-08-27 12:10:11,0.5
bitcoin-up-or-down-august-27-8pm-et,UP,52663723472189837019282878320519686971007473994421038773533328330378617408514,1756296663,2025-08-27 12:11:03,0.5
bitcoin-up-or-down-august-27-8pm-et,UP,52663723472189837019282878320519686971007473994421038773533328330378617408514,1756296725,2025-08-27 12:12:05,0.5
bitcoin-up-or-down-august-27-8pm-et,UP,52663723472189837019282878320519686971007473994421038773533328330378617408514,1756296783,2025-08-27 12:13:03,0.5
bitcoin-up-or-down-august-27-8pm-et,UP,52663723472189837019282878320519686971007473994421038773533328330378617408514,1756296843,2025-08-27 12:14:03,0.5
bitcoin-up-or-down-august-27-8pm-et,UP,52663723472189837019282878320519686971007473994421038773533328330378617408514,1756296911,2025-08-27 12:15:11,0.5
bitcoin-up-or-down-august-27-8pm-et,UP,52663723472189837019282878320519686971007473994421038773533328330378617408514,1756296963,2025-08-27 12:16:03,0.5
bitcoin-up-or-down-august-27-8pm-et,UP,52663723472189837019282878320519686971007473994421038773533328330378617408514,1756297022,2025-08-27 12:17:02,0.5
bitcoin-up-or-down-august-27-8pm-et,UP,52663723472189837019282878320519686971007473994421038773533328330378617408514,1756297084,2025-08-27 12:18:04,0.5
bitcoin-up-or-down-august-27-8pm-et,UP,52663723472189837019282878320519686971007473994421038773533328330378617408514,1756297143,2025-08-27 12:19:03,0.5
bitcoin-up-or-down-august-27-8pm-et,UP,52663723472189837019282878320519686971007473994421038773533328330378617408514,1756297209,2025-08-27 12:20:09,0.5
bitcoin-up-or-down-august-27-8pm-et,UP,52663723472189837019282878320519686971007473994421038773533328330378617408514,1756297263,2025-08-27 12:21:03,0.5
bitcoin-up-or-down-august-27-8pm-et,UP,52663723472189837019282878320519686971007473994421038773533328330378617408514,1756297323,2025-08-27 12:22:03,0.5
bitcoin-up-or-down-august-27-8pm-et,UP,52663723472189837019282878320519686971007473994421038773533328330378617408514,1756297383,2025-08-27 12:23:03,0.5
bitcoin-up-or-down-august-27-8pm-et,UP,52663723472189837019282878320519686971007473994421038773533328330378617408514,1756297443,2025-08-27 12:24:03,0.5
bitcoin-up-or-down-august-27-8pm-et,UP,52663723472189837019282878320519686971007473994421038773533328330378617408514,1756297502,2025-08-27 12:25:02,0.5
bitcoin-up-or-down-august-27-8pm-et,UP,52663723472189837019282878320519686971007473994421038773533328330378617408514,1756297563,2025-08-27 12:26:03,0.5
bitcoin-up-or-down-august-27-8pm-et,UP,52663723472189837019282878320519686971007473994421038773533328330378617408514,1756297622,2025-08-27 12:27:02,0.5
bitcoin-up-or-down-august-27-8pm-et,UP,52663723472189837019282878320519686971007473994421038773533328330378617408514,1756297683,2025-08-27 12:28:03,0.5
bitcoin-up-or-down-august-27-8pm-et,UP,52663723472189837019282878320519686971007473994421038773533328330378617408514,1756297742,2025-08-27 12:29:02,0.5
bitcoin-up-or-down-august-27-8pm-et,UP,52663723472189837019282878320519686971007473994421038773533328330378617408514,1756297806,2025-08-27 12:30:06,0.5
bitcoin-up-or-down-august-27-8pm-et,UP,52663723472189837019282878320519686971007473994421038773533328330378617408514,1756297863,2025-08-27 12:31:03,0.5
bitcoin-up-or-down-august-27-8pm-et,UP,52663723472189837019282878320519686971007473994421038773533328330378617408514,1756297923,2025-08-27 12:32:03,0.5
bitcoin-up-or-down-august-27-8pm-et,UP,52663723472189837019282878320519686971007473994421038773533328330378617408514,1756297982,2025-08-27 12:33:02,0.5
bitcoin-up-or-down-august-27-8pm-et,UP,52663723472189837019282878320519686971007473994421038773533328330378617408514,1756298043,2025-08-27 12:34:03,0.5
bitcoin-up-or-down-august-27-8pm-et,UP,52663723472189837019282878320519686971007473994421038773533328330378617408514,1756298109,2025-08-27 12:35:09,0.5
bitcoin-up-or-down-august-27-8pm-et,UP,52663723472189837019282878320519686971007473994421038773533328330378617408514,1756298165,2025-08-27 12:36:05,0.5
bitcoin-up-or-down-august-27-8pm-et,UP,52663723472189837019282878320519686971007473994421038773533328330378617408514,1756298224,2025-08-27 12:37:04,0.5
bitcoin-up-or-down-august-27-8pm-et,UP,52663723472189837019282878320519686971007473994421038773533328330378617408514,1756298283,2025-08-27 12:38:03,0.5
bitcoin-up-or-down-august-27-8pm-et,UP,52663723472189837019282878320519686971007473994421038773533328330378617408514,1756298343,2025-08-27 12:39:03,0.5
bitcoin-up-or-down-august-27-8pm-et,UP,52663723472189837019282878320519686971007473994421038773533328330378617408514,1756298402,2025-08-27 12:40:02,0.5
bitcoin-up-or-down-august-27-8pm-et,UP,52663723472189837019282878320519686971007473994421038773533328330378617408514,1756298463,2025-08-27 12:41:03,0.5
bitcoin-up-or-down-august-27-8pm-et,UP,52663723472189837019282878320519686971007473994421038773533328330378617408514,1756298522,2025-08-27 12:42:02,0.5
bitcoin-up-or-down-august-27-8pm-et,UP,52663723472189837019282878320519686971007473994421038773533328330378617408514,1756298582,2025-08-27 12:43:02,0.5
bitcoin-up-or-down-august-27-8pm-et,UP,52663723472189837019282878320519686971007473994421038773533328330378617408514,1756298643,2025-08-27 12:44:03,0.5
bitcoin-up-or-down-august-27-8pm-et,UP,52663723472189837019282878320519686971007473994421038773533328330378617408514,1756298706,2025-08-27 12:45:06,0.5
bitcoin-up-or-down-august-27-8pm-et,UP,52663723472189837019282878320519686971007473994421038773533328330378617408514,1756298764,2025-08-27 12:46:04,0.5
bitcoin-up-or-down-august-27-8pm-et,UP,52663723472189837019282878320519686971007473994421038773533328330378617408514,1756298823,2025-08-27 12:47:03,0.5
bitcoin-up-or-down-august-27-8pm-et,UP,52663723472189837019282878320519686971007473994421038773533328330378617408514,1756298882,2025-08-27 12:48:02,0.5
bitcoin-up-or-down-august-27-8pm-et,UP,52663723472189837019282878320519686971007473994421038773533328330378617408514,1756298942,2025-08-27 12:49:02,0.5
bitcoin-up-or-down-august-27-8pm-et,UP,52663723472189837019282878320519686971007473994421038773533328330378617408514,1756299003,2025-08-27 12:50:03,0.5
bitcoin-up-or-down-august-27-8pm-et,UP,52663723472189837019282878320519686971007473994421038773533328330378617408514,1756299063,2025-08-27 12:51:03,0.5
bitcoin-up-or-down-august-27-8pm-et,UP,52663723472189837019282878320519686971007473994421038773533328330378617408514,1756299123,2025-08-27 12:52:03,0.5
bitcoin-up-or-down-august-27-8pm-et,UP,52663723472189837019282878320519686971007473994421038773533328330378617408514,1756299183,2025-08-27 12:53:03,0.5
bitcoin-up-or-down-august-27-8pm-et,UP,52663723472189837019282878320519686971007473994421038773533328330378617408514,1756299242,2025-08-27 12:54:02,0.5
bitcoin-up-or-down-august-27-8pm-et,UP,52663723472189837019282878320519686971007473994421038773533328330378617408514,1756299313,2025-08-27 12:55:13,0.5
bitcoin-up-or-down-august-27-8pm-et,UP,52663723472189837019282878320519686971007473994421038773533328330378617408514,1756299364,2025-08-27 12:56:04,0.5
bitcoin-up-or-down-august-27-8pm-et,UP,52663723472189837019282878320519686971007473994421038773533328330378617408514,1756299423,2025-08-27 12:57:03,0.5
bitcoin-up-or-down-august-27-8pm-et,UP,52663723472189837019282878320519686971007473994421038773533328330378617408514,1756299482,2025-08-27 12:58:02,0.5
bitcoin-up-or-down-august-27-8pm-et,UP,52663723472189837019282878320519686971007473994421038773533328330378617408514,1756299542,2025-08-27 12:59:02,0.5
bitcoin-up-or-down-august-27-8pm-et,UP,52663723472189837019282878320519686971007473994421038773533328330378617408514,1756299609,2025-08-27 13:00:09,0.5
bitcoin-up-or-down-august-27-8pm-et,UP,52663723472189837019282878320519686971007473994421038773533328330378617408514,1756299663,2025-08-27 13:01:03,0.5
bitcoin-up-or-down-august-27-8pm-et,UP,52663723472189837019282878320519686971007473994421038773533328330378617408514,1756299724,2025-08-27 13:02:04,0.5
bitcoin-up-or-down-august-27-8pm-et,UP,52663723472189837019282878320519686971007473994421038773533328330378617408514,1756299783,2025-08-27 13:03:03,0.5
bitcoin-up-or-down-august-27-8pm-et,UP,52663723472189837019282878320519686971007473994421038773533328330378617408514,1756299843,2025-08-27 13:04:03,0.5
bitcoin-up-or-down-august-27-8pm-et,UP,52663723472189837019282878320519686971007473994421038773533328330378617408514,1756299903,2025-08-27 13:05:03,0.5
bitcoin-up-or-down-august-27-8pm-et,UP,52663723472189837019282878320519686971007473994421038773533328330378617408514,1756299965,2025-08-27 13:06:05,0.5
bitcoin-up-or-down-august-27-8pm-et,UP,52663723472189837019282878320519686971007473994421038773533328330378617408514,1756300023,2025-08-27 13:07:03,0.5
bitcoin-up-or-down-august-27-8pm-et,UP,52663723472189837019282878320519686971007473994421038773533328330378617408514,1756300083,2025-08-27 13:08:03,0.5
bitcoin-up-or-down-august-27-8pm-et,UP,52663723472189837019282878320519686971007473994421038773533328330378617408514,1756300143,2025-08-27 13:09:03,0.5
bitcoin-up-or-down-august-27-8pm-et,UP,52663723472189837019282878320519686971007473994421038773533328330378617408514,1756300204,2025-08-27 13:10:04,0.5
bitcoin-up-or-down-august-27-8pm-et,UP,52663723472189837019282878320519686971007473994421038773533328330378617408514,1756300263,2025-08-27 13:11:03,0.5
bitcoin-up-or-down-august-27-8pm-et,UP,52663723472189837019282878320519686971007473994421038773533328330378617408514,1756300322,2025-08-27 13:12:02,0.5
bitcoin-up-or-down-august-27-8pm-et,UP,52663723472189837019282878320519686971007473994421038773533328330378617408514,1756300383,2025-08-27 13:13:03,0.5
bitcoin-up-or-down-august-27-8pm-et,UP,52663723472189837019282878320519686971007473994421038773533328330378617408514,1756300442,2025-08-27 13:14:02,0.5
bitcoin-up-or-down-august-27-8pm-et,UP,52663723472189837019282878320519686971007473994421038773533328330378617408514,1756300515,2025-08-27 13:15:15,0.5
bitcoin-up-or-down-august-27-8pm-et,UP,52663723472189837019282878320519686971007473994421038773533328330378617408514,1756300562,2025-08-27 13:16:02,0.5
bitcoin-up-or-down-august-27-8pm-et,UP,52663723472189837019282878320519686971007473994421038773533328330378617408514,1756300623,2025-08-27 13:17:03,0.5
bitcoin-up-or-down-august-27-8pm-et,UP,52663723472189837019282878320519686971007473994421038773533328330378617408514,1756300683,2025-08-27 13:18:03,0.5
bitcoin-up-or-down-august-27-8pm-et,UP,52663723472189837019282878320519686971007473994421038773533328330378617408514,1756300743,2025-08-27 13:19:03,0.5
bitcoin-up-or-down-august-27-8pm-et,UP,52663723472189837019282878320519686971007473994421038773533328330378617408514,1756300812,2025-08-27 13:20:12,0.5
bitcoin-up-or-down-august-27-8pm-et,UP,52663723472189837019282878320519686971007473994421038773533328330378617408514,1756300862,2025-08-27 13:21:02,0.5
bitcoin-up-or-down-august-27-8pm-et,UP,52663723472189837019282878320519686971007473994421038773533328330378617408514,1756300922,2025-08-27 13:22:02,0.5
bitcoin-up-or-down-august-27-8pm-et,UP,52663723472189837019282878320519686971007473994421038773533328330378617408514,1756300984,2025-08-27 13:23:04,0.5
bitcoin-up-or-down-august-27-8pm-et,UP,52663723472189837019282878320519686971007473994421038773533328330378617408514,1756301043,2025-08-27 13:24:03,0.5
bitcoin-up-or-down-august-27-8pm-et,UP,52663723472189837019282878320519686971007473994421038773533328330378617408514,1756301104,2025-08-27 13:25:04,0.5
bitcoin-up-or-down-august-27-8pm-et,UP,52663723472189837019282878320519686971007473994421038773533328330378617408514,1756301164,2025-08-27 13:26:04,0.5
bitcoin-up-or-down-august-27-8pm-et,UP,52663723472189837019282878320519686971007473994421038773533328330378617408514,1756301222,2025-08-27 13:27:02,0.5
bitcoin-up-or-down-august-27-8pm-et,UP,52663723472189837019282878320519686971007473994421038773533328330378617408514,1756301283,2025-08-27 13:28:03,0.5
bitcoin-up-or-down-august-27-8pm-et,UP,52663723472189837019282878320519686971007473994421038773533328330378617408514,1756301342,2025-08-27 13:29:02,0.5
bitcoin-up-or-down-august-27-8pm-et,UP,52663723472189837019282878320519686971007473994421038773533328330378617408514,1756301412,2025-08-27 13:30:12,0.5
bitcoin-up-or-down-august-27-8pm-et,UP,52663723472189837019282878320519686971007473994421038773533328330378617408514,1756301462,2025-08-27 13:31:02,0.5
bitcoin-up-or-down-august-27-8pm-et,UP,52663723472189837019282878320519686971007473994421038773533328330378617408514,1756301524,2025-08-27 13:32:04,0.5
bitcoin-up-or-down-august-27-8pm-et,UP,52663723472189837019282878320519686971007473994421038773533328330378617408514,1756301584,2025-08-27 13:33:04,0.5
bitcoin-up-or-down-august-27-8pm-et,UP,52663723472189837019282878320519686971007473994421038773533328330378617408514,1756301643,2025-08-27 13:34:03,0.5
bitcoin-up-or-down-august-27-8pm-et,UP,52663723472189837019282878320519686971007473994421038773533328330378617408514,1756301715,2025-08-27 13:35:15,0.5
bitcoin-up-or-down-august-27-8pm-et,UP,52663723472189837019282878320519686971007473994421038773533328330378617408514,1756301764,2025-08-27 13:36:04,0.5
bitcoin-up-or-down-august-27-8pm-et,UP,52663723472189837019282878320519686971007473994421038773533328330378617408514,1756301822,2025-08-27 13:37:02,0.5
bitcoin-up-or-down-august-27-8pm-et,UP,52663723472189837019282878320519686971007473994421038773533328330378617408514,1756301882,2025-08-27 13:38:02,0.5
bitcoin-up-or-down-august-27-8pm-et,UP,52663723472189837019282878320519686971007473994421038773533328330378617408514,1756301943,2025-08-27 13:39:03,0.5
bitcoin-up-or-down-august-27-8pm-et,UP,52663723472189837019282878320519686971007473994421038773533328330378617408514,1756302007,2025-08-27 13:40:07,0.5
bitcoin-up-or-down-august-27-8pm-et,UP,52663723472189837019282878320519686971007473994421038773533328330378617408514,1756302064,2025-08-27 13:41:04,0.5
bitcoin-up-or-down-august-27-8pm-et,UP,52663723472189837019282878320519686971007473994421038773533328330378617408514,1756302122,2025-08-27 13:42:02,0.5
bitcoin-up-or-down-august-27-8pm-et,UP,52663723472189837019282878320519686971007473994421038773533328330378617408514,1756302183,2025-08-27 13:43:03,0.5
bitcoin-up-or-down-august-27-8pm-et,UP,52663723472189837019282878320519686971007473994421038773533328330378617408514,1756302242,2025-08-27 13:44:02,0.5
bitcoin-up-or-down-august-27-8pm-et,UP,52663723472189837019282878320519686971007473994421038773533328330378617408514,1756302311,2025-08-27 13:45:11,0.5
bitcoin-up-or-down-august-27-8pm-et,UP,52663723472189837019282878320519686971007473994421038773533328330378617408514,1756302363,2025-08-27 13:46:03,0.5
bitcoin-up-or-down-august-27-8pm-et,UP,52663723472189837019282878320519686971007473994421038773533328330378617408514,1756302422,2025-08-27 13:47:02,0.5
bitcoin-up-or-down-august-27-8pm-et,UP,52663723472189837019282878320519686971007473994421038773533328330378617408514,1756302482,2025-08-27 13:48:02,0.5
bitcoin-up-or-down-august-27-8pm-et,UP,52663723472189837019282878320519686971007473994421038773533328330378617408514,1756302543,2025-08-27 13:49:03,0.5
bitcoin-up-or-down-august-27-8pm-et,UP,52663723472189837019282878320519686971007473994421038773533328330378617408514,1756302604,2025-08-27 13:50:04,0.5
bitcoin-up-or-down-august-27-8pm-et,UP,52663723472189837019282878320519686971007473994421038773533328330378617408514,1756302662,2025-08-27 13:51:02,0.5
bitcoin-up-or-down-august-27-8pm-et,UP,52663723472189837019282878320519686971007473994421038773533328330378617408514,1756302723,2025-08-27 13:52:03,0.5
bitcoin-up-or-down-august-27-8pm-et,UP,52663723472189837019282878320519686971007473994421038773533328330378617408514,1756302783,2025-08-27 13:53:03,0.5
bitcoin-up-or-down-august-27-8pm-et,UP,52663723472189837019282878320519686971007473994421038773533328330378617408514,1756302842,2025-08-27 13:54:02,0.5
bitcoin-up-or-down-august-27-8pm-et,UP,52663723472189837019282878320519686971007473994421038773533328330378617408514,1756302910,2025-08-27 13:55:10,0.5
bitcoin-up-or-down-august-27-8pm-et,UP,52663723472189837019282878320519686971007473994421038773533328330378617408514,1756302962,2025-08-27 13:56:02,0.5
bitcoin-up-or-down-august-27-8pm-et,UP,52663723472189837019282878320519686971007473994421038773533328330378617408514,1756303024,2025-08-27 13:57:04,0.5
bitcoin-up-or-down-august-27-8pm-et,UP,52663723472189837019282878320519686971007473994421038773533328330378617408514,1756303082,2025-08-27 13:58:02,0.5
bitcoin-up-or-down-august-27-8pm-et,UP,52663723472189837019282878320519686971007473994421038773533328330378617408514,1756303144,2025-08-27 13:59:04,0.5
bitcoin-up-or-down-august-27-8pm-et,UP,52663723472189837019282878320519686971007473994421038773533328330378617408514,1756303204,2025-08-27 14:00:04,0.5
bitcoin-up-or-down-august-27-8pm-et,UP,52663723472189837019282878320519686971007473994421038773533328330378617408514,1756303263,2025-08-27 14:01:03,0.5
bitcoin-up-or-down-august-27-8pm-et,UP,52663723472189837019282878320519686971007473994421038773533328330378617408514,1756303323,2025-08-27 14:02:03,0.5
bitcoin-up-or-down-august-27-8pm-et,UP,52663723472189837019282878320519686971007473994421038773533328330378617408514,1756303383,2025-08-27 14:03:03,0.5
bitcoin-up-or-down-august-27-8pm-et,UP,52663723472189837019282878320519686971007473994421038773533328330378617408514,1756303444,2025-08-27 14:04:04,0.5
bitcoin-up-or-down-august-27-8pm-et,UP,52663723472189837019282878320519686971007473994421038773533328330378617408514,1756303502,2025-08-27 14:05:02,0.5
bitcoin-up-or-down-august-27-8pm-et,UP,52663723472189837019282878320519686971007473994421038773533328330378617408514,1756303563,2025-08-27 14:06:03,0.5
bitcoin-up-or-down-august-27-8pm-et,UP,52663723472189837019282878320519686971007473994421038773533328330378617408514,1756303623,2025-08-27 14:07:03,0.5
bitcoin-up-or-down-august-27-8pm-et,UP,52663723472189837019282878320519686971007473994421038773533328330378617408514,1756303682,2025-08-27 14:08:02,0.5
bitcoin-up-or-down-august-27-8pm-et,UP,52663723472189837019282878320519686971007473994421038773533328330378617408514,1756303742,2025-08-27 14:09:02,0.5
bitcoin-up-or-down-august-27-8pm-et,UP,52663723472189837019282878320519686971007473994421038773533328330378617408514,1756303802,2025-08-27 14:10:02,0.5
bitcoin-up-or-down-august-27-8pm-et,UP,52663723472189837019282878320519686971007473994421038773533328330378617408514,1756303863,2025-08-27 14:11:03,0.5
bitcoin-up-or-down-august-27-8pm-et,UP,52663723472189837019282878320519686971007473994421038773533328330378617408514,1756303924,2025-08-27 14:12:04,0.5
bitcoin-up-or-down-august-27-8pm-et,UP,52663723472189837019282878320519686971007473994421038773533328330378617408514,1756303982,2025-08-27 14:13:02,0.5
bitcoin-up-or-down-august-27-8pm-et,UP,52663723472189837019282878320519686971007473994421038773533328330378617408514,1756304044,2025-08-27 14:14:04,0.5
bitcoin-up-or-down-august-27-8pm-et,UP,52663723472189837019282878320519686971007473994421038773533328330378617408514,1756304114,2025-08-27 14:15:14,0.5
bitcoin-up-or-down-august-27-8pm-et,UP,52663723472189837019282878320519686971007473994421038773533328330378617408514,1756304164,2025-08-27 14:16:04,0.5
bitcoin-up-or-down-august-27-8pm-et,UP,52663723472189837019282878320519686971007473994421038773533328330378617408514,1756304224,2025-08-27 14:17:04,0.5
bitcoin-up-or-down-august-27-8pm-et,UP,52663723472189837019282878320519686971007473994421038773533328330378617408514,1756304282,2025-08-27 14:18:02,0.5
bitcoin-up-or-down-august-27-8pm-et,UP,52663723472189837019282878320519686971007473994421038773533328330378617408514,1756304343,2025-08-27 14:19:03,0.5
bitcoin-up-or-down-august-27-8pm-et,UP,52663723472189837019282878320519686971007473994421038773533328330378617408514,1756304415,2025-08-27 14:20:15,0.5
bitcoin-up-or-down-august-27-8pm-et,UP,52663723472189837019282878320519686971007473994421038773533328330378617408514,1756304462,2025-08-27 14:21:02,0.5
bitcoin-up-or-down-august-27-8pm-et,UP,52663723472189837019282878320519686971007473994421038773533328330378617408514,1756304524,2025-08-27 14:22:04,0.5
bitcoin-up-or-down-august-27-8pm-et,UP,52663723472189837019282878320519686971007473994421038773533328330378617408514,1756304583,2025-08-27 14:23:03,0.5
bitcoin-up-or-down-august-27-8pm-et,UP,52663723472189837019282878320519686971007473994421038773533328330378617408514,1756304644,2025-08-27 14:24:04,0.5
bitcoin-up-or-down-august-27-8pm-et,UP,52663723472189837019282878320519686971007473994421038773533328330378617408514,1756304707,2025-08-27 14:25:07,0.5
bitcoin-up-or-down-august-27-8pm-et,UP,52663723472189837019282878320519686971007473994421038773533328330378617408514,1756304763,2025-08-27 14:26:03,0.5
bitcoin-up-or-down-august-27-8pm-et,UP,52663723472189837019282878320519686971007473994421038773533328330378617408514,1756304822,2025-08-27 14:27:02,0.5
bitcoin-up-or-down-august-27-8pm-et,UP,52663723472189837019282878320519686971007473994421038773533328330378617408514,1756304882,2025-08-27 14:28:02,0.5
bitcoin-up-or-down-august-27-8pm-et,UP,52663723472189837019282878320519686971007473994421038773533328330378617408514,1756304942,2025-08-27 14:29:02,0.5
bitcoin-up-or-down-august-27-8pm-et,UP,52663723472189837019282878320519686971007473994421038773533328330378617408514,1756305006,2025-08-27 14:30:06,0.5
bitcoin-up-or-down-august-27-8pm-et,UP,52663723472189837019282878320519686971007473994421038773533328330378617408514,1756305063,2025-08-27 14:31:03,0.5
bitcoin-up-or-down-august-27-8pm-et,UP,52663723472189837019282878320519686971007473994421038773533328330378617408514,1756305122,2025-08-27 14:32:02,0.5
bitcoin-up-or-down-august-27-8pm-et,UP,52663723472189837019282878320519686971007473994421038773533328330378617408514,1756305183,2025-08-27 14:33:03,0.5
bitcoin-up-or-down-august-27-8pm-et,UP,52663723472189837019282878320519686971007473994421038773533328330378617408514,1756305242,2025-08-27 14:34:02,0.5
bitcoin-up-or-down-august-27-8pm-et,UP,52663723472189837019282878320519686971007473994421038773533328330378617408514,1756305306,2025-08-27 14:35:06,0.5
bitcoin-up-or-down-august-27-8pm-et,UP,52663723472189837019282878320519686971007473994421038773533328330378617408514,1756305362,2025-08-27 14:36:02,0.5
bitcoin-up-or-down-august-27-8pm-et,UP,52663723472189837019282878320519686971007473994421038773533328330378617408514,1756305424,2025-08-27 14:37:04,0.5
bitcoin-up-or-down-august-27-8pm-et,UP,52663723472189837019282878320519686971007473994421038773533328330378617408514,1756305484,2025-08-27 14:38:04,0.5
bitcoin-up-or-down-august-27-8pm-et,UP,52663723472189837019282878320519686971007473994421038773533328330378617408514,1756305543,2025-08-27 14:39:03,0.5
bitcoin-up-or-down-august-27-8pm-et,UP,52663723472189837019282878320519686971007473994421038773533328330378617408514,1756305612,2025-08-27 14:40:12,0.5
bitcoin-up-or-down-august-27-8pm-et,UP,52663723472189837019282878320519686971007473994421038773533328330378617408514,1756305663,2025-08-27 14:41:03,0.5
bitcoin-up-or-down-august-27-8pm-et,UP,52663723472189837019282878320519686971007473994421038773533328330378617408514,1756305723,2025-08-27 14:42:03,0.5
bitcoin-up-or-down-august-27-8pm-et,UP,52663723472189837019282878320519686971007473994421038773533328330378617408514,1756305784,2025-08-27 14:43:04,0.5
bitcoin-up-or-down-august-27-8pm-et,UP,52663723472189837019282878320519686971007473994421038773533328330378617408514,1756305843,2025-08-27 14:44:03,0.5
bitcoin-up-or-down-august-27-8pm-et,UP,52663723472189837019282878320519686971007473994421038773533328330378617408514,1756305909,2025-08-27 14:45:09,0.5
bitcoin-up-or-down-august-27-8pm-et,UP,52663723472189837019282878320519686971007473994421038773533328330378617408514,1756305962,2025-08-27 14:46:02,0.5
bitcoin-up-or-down-august-27-8pm-et,UP,52663723472189837019282878320519686971007473994421038773533328330378617408514,1756306024,2025-08-27 14:47:04,0.5
bitcoin-up-or-down-august-27-8pm-et,UP,52663723472189837019282878320519686971007473994421038773533328330378617408514,1756306084,2025-08-27 14:48:04,0.5
bitcoin-up-or-down-august-27-8pm-et,UP,52663723472189837019282878320519686971007473994421038773533328330378617408514,1756306144,2025-08-27 14:49:04,0.5
bitcoin-up-or-down-august-27-8pm-et,UP,52663723472189837019282878320519686971007473994421038773533328330378617408514,1756306213,2025-08-27 14:50:13,0.5
bitcoin-up-or-down-august-27-8pm-et,UP,52663723472189837019282878320519686971007473994421038773533328330378617408514,1756306263,2025-08-27 14:51:03,0.5
bitcoin-up-or-down-august-27-8pm-et,UP,52663723472189837019282878320519686971007473994421038773533328330378617408514,1756306324,2025-08-27 14:52:04,0.5
bitcoin-up-or-down-august-27-8pm-et,UP,52663723472189837019282878320519686971007473994421038773533328330378617408514,1756306383,2025-08-27 14:53:03,0.5
bitcoin-up-or-down-august-27-8pm-et,UP,52663723472189837019282878320519686971007473994421038773533328330378617408514,1756306442,2025-08-27 14:54:02,0.5
bitcoin-up-or-down-august-27-8pm-et,UP,52663723472189837019282878320519686971007473994421038773533328330378617408514,1756306507,2025-08-27 14:55:07,0.5
bitcoin-up-or-down-august-27-8pm-et,UP,52663723472189837019282878320519686971007473994421038773533328330378617408514,1756306564,2025-08-27 14:56:04,0.5
bitcoin-up-or-down-august-27-8pm-et,UP,52663723472189837019282878320519686971007473994421038773533328330378617408514,1756306624,2025-08-27 14:57:04,0.5
bitcoin-up-or-down-august-27-8pm-et,UP,52663723472189837019282878320519686971007473994421038773533328330378617408514,1756306683,2025-08-27 14:58:03,0.5
bitcoin-up-or-down-august-27-8pm-et,UP,52663723472189837019282878320519686971007473994421038773533328330378617408514,1756306742,2025-08-27 14:59:02,0.5
bitcoin-up-or-down-august-27-8pm-et,UP,52663723472189837019282878320519686971007473994421038773533328330378617408514,1756306813,2025-08-27 15:00:13,0.5
bitcoin-up-or-down-august-27-8pm-et,UP,52663723472189837019282878320519686971007473994421038773533328330378617408514,1756306862,2025-08-27 15:01:02,0.5
bitcoin-up-or-down-august-27-8pm-et,UP,52663723472189837019282878320519686971007473994421038773533328330378617408514,1756306923,2025-08-27 15:02:03,0.5
bitcoin-up-or-down-august-27-8pm-et,UP,52663723472189837019282878320519686971007473994421038773533328330378617408514,1756306984,2025-08-27 15:03:04,0.5
bitcoin-up-or-down-august-27-8pm-et,UP,52663723472189837019282878320519686971007473994421038773533328330378617408514,1756307042,2025-08-27 15:04:02,0.5
bitcoin-up-or-down-august-27-8pm-et,UP,52663723472189837019282878320519686971007473994421038773533328330378617408514,1756307115,2025-08-27 15:05:15,0.5
bitcoin-up-or-down-august-27-8pm-et,UP,52663723472189837019282878320519686971007473994421038773533328330378617408514,1756307162,2025-08-27 15:06:02,0.5
bitcoin-up-or-down-august-27-8pm-et,UP,52663723472189837019282878320519686971007473994421038773533328330378617408514,1756307222,2025-08-27 15:07:02,0.5
bitcoin-up-or-down-august-27-8pm-et,UP,52663723472189837019282878320519686971007473994421038773533328330378617408514,1756307283,2025-08-27 15:08:03,0.5
bitcoin-up-or-down-august-27-8pm-et,UP,52663723472189837019282878320519686971007473994421038773533328330378617408514,1756307343,2025-08-27 15:09:03,0.5
bitcoin-up-or-down-august-27-8pm-et,UP,52663723472189837019282878320519686971007473994421038773533328330378617408514,1756307408,2025-08-27 15:10:08,0.5
bitcoin-up-or-down-august-27-8pm-et,UP,52663723472189837019282878320519686971007473994421038773533328330378617408514,1756307464,2025-08-27 15:11:04,0.5
bitcoin-up-or-down-august-27-8pm-et,UP,52663723472189837019282878320519686971007473994421038773533328330378617408514,1756307522,2025-08-27 15:12:02,0.5
bitcoin-up-or-down-august-27-8pm-et,UP,52663723472189837019282878320519686971007473994421038773533328330378617408514,1756307582,2025-08-27 15:13:02,0.5
bitcoin-up-or-down-august-27-8pm-et,UP,52663723472189837019282878320519686971007473994421038773533328330378617408514,1756307643,2025-08-27 15:14:03,0.5
bitcoin-up-or-down-august-27-8pm-et,UP,52663723472189837019282878320519686971007473994421038773533328330378617408514,1756307714,2025-08-27 15:15:14,0.5
bitcoin-up-or-down-august-27-8pm-et,UP,52663723472189837019282878320519686971007473994421038773533328330378617408514,1756307763,2025-08-27 15:16:03,0.5
bitcoin-up-or-down-august-27-8pm-et,UP,52663723472189837019282878320519686971007473994421038773533328330378617408514,1756307824,2025-08-27 15:17:04,0.5
bitcoin-up-or-down-august-27-8pm-et,UP,52663723472189837019282878320519686971007473994421038773533328330378617408514,1756307882,2025-08-27 15:18:02,0.5
bitcoin-up-or-down-august-27-8pm-et,UP,52663723472189837019282878320519686971007473994421038773533328330378617408514,1756307944,2025-08-27 15:19:04,0.5
bitcoin-up-or-down-august-27-8pm-et,UP,52663723472189837019282878320519686971007473994421038773533328330378617408514,1756308013,2025-08-27 15:20:13,0.5
bitcoin-up-or-down-august-27-8pm-et,UP,52663723472189837019282878320519686971007473994421038773533328330378617408514,1756308063,2025-08-27 15:21:03,0.5
bitcoin-up-or-down-august-27-8pm-et,UP,52663723472189837019282878320519686971007473994421038773533328330378617408514,1756308122,2025-08-27 15:22:02,0.5
bitcoin-up-or-down-august-27-8pm-et,UP,52663723472189837019282878320519686971007473994421038773533328330378617408514,1756308183,2025-08-27 15:23:03,0.5
bitcoin-up-or-down-august-27-8pm-et,UP,52663723472189837019282878320519686971007473994421038773533328330378617408514,1756308242,2025-08-27 15:24:02,0.5
bitcoin-up-or-down-august-27-8pm-et,UP,52663723472189837019282878320519686971007473994421038773533328330378617408514,1756308308,2025-08-27 15:25:08,0.5
bitcoin-up-or-down-august-27-8pm-et,UP,52663723472189837019282878320519686971007473994421038773533328330378617408514,1756308362,2025-08-27 15:26:02,0.5
bitcoin-up-or-down-august-27-8pm-et,UP,52663723472189837019282878320519686971007473994421038773533328330378617408514,1756308422,2025-08-27 15:27:02,0.5
bitcoin-up-or-down-august-27-8pm-et,UP,52663723472189837019282878320519686971007473994421038773533328330378617408514,1756308482,2025-08-27 15:28:02,0.5
bitcoin-up-or-down-august-27-8pm-et,UP,52663723472189837019282878320519686971007473994421038773533328330378617408514,1756308543,2025-08-27 15:29:03,0.5
bitcoin-up-or-down-august-27-8pm-et,UP,52663723472189837019282878320519686971007473994421038773533328330378617408514,1756308603,2025-08-27 15:30:03,0.5
bitcoin-up-or-down-august-27-8pm-et,UP,52663723472189837019282878320519686971007473994421038773533328330378617408514,1756308662,2025-08-27 15:31:02,0.5
bitcoin-up-or-down-august-27-8pm-et,UP,52663723472189837019282878320519686971007473994421038773533328330378617408514,1756308723,2025-08-27 15:32:03,0.5
bitcoin-up-or-down-august-27-8pm-et,UP,52663723472189837019282878320519686971007473994421038773533328330378617408514,1756308782,2025-08-27 15:33:02,0.5
bitcoin-up-or-down-august-27-8pm-et,UP,52663723472189837019282878320519686971007473994421038773533328330378617408514,1756308843,2025-08-27 15:34:03,0.5
bitcoin-up-or-down-august-27-8pm-et,UP,52663723472189837019282878320519686971007473994421038773533328330378617408514,1756308903,2025-08-27 15:35:03,0.5
bitcoin-up-or-down-august-27-8pm-et,UP,52663723472189837019282878320519686971007473994421038773533328330378617408514,1756308963,2025-08-27 15:36:03,0.5
bitcoin-up-or-down-august-27-8pm-et,UP,52663723472189837019282878320519686971007473994421038773533328330378617408514,1756309022,2025-08-27 15:37:02,0.5
bitcoin-up-or-down-august-27-8pm-et,UP,52663723472189837019282878320519686971007473994421038773533328330378617408514,1756309084,2025-08-27 15:38:04,0.5
bitcoin-up-or-down-august-27-8pm-et,UP,52663723472189837019282878320519686971007473994421038773533328330378617408514,1756309144,2025-08-27 15:39:04,0.5
bitcoin-up-or-down-august-27-8pm-et,UP,52663723472189837019282878320519686971007473994421038773533328330378617408514,1756309215,2025-08-27 15:40:15,0.5
bitcoin-up-or-down-august-27-8pm-et,UP,52663723472189837019282878320519686971007473994421038773533328330378617408514,1756309262,2025-08-27 15:41:02,0.5
bitcoin-up-or-down-august-27-8pm-et,UP,52663723472189837019282878320519686971007473994421038773533328330378617408514,1756309322,2025-08-27 15:42:02,0.5
bitcoin-up-or-down-august-27-8pm-et,UP,52663723472189837019282878320519686971007473994421038773533328330378617408514,1756309383,2025-08-27 15:43:03,0.5
bitcoin-up-or-down-august-27-8pm-et,UP,52663723472189837019282878320519686971007473994421038773533328330378617408514,1756309442,2025-08-27 15:44:02,0.5
bitcoin-up-or-down-august-27-8pm-et,UP,52663723472189837019282878320519686971007473994421038773533328330378617408514,1756309518,2025-08-27 15:45:18,0.5
bitcoin-up-or-down-august-27-8pm-et,UP,52663723472189837019282878320519686971007473994421038773533328330378617408514,1756309563,2025-08-27 15:46:03,0.5
bitcoin-up-or-down-august-27-8pm-et,UP,52663723472189837019282878320519686971007473994421038773533328330378617408514,1756309623,2025-08-27 15:47:03,0.5
bitcoin-up-or-down-august-27-8pm-et,UP,52663723472189837019282878320519686971007473994421038773533328330378617408514,1756309683,2025-08-27 15:48:03,0.5
bitcoin-up-or-down-august-27-8pm-et,UP,52663723472189837019282878320519686971007473994421038773533328330378617408514,1756309743,2025-08-27 15:49:03,0.5
bitcoin-up-or-down-august-27-8pm-et,UP,52663723472189837019282878320519686971007473994421038773533328330378617408514,1756309816,2025-08-27 15:50:16,0.5
bitcoin-up-or-down-august-27-8pm-et,UP,52663723472189837019282878320519686971007473994421038773533328330378617408514,1756309862,2025-08-27 15:51:02,0.5
bitcoin-up-or-down-august-27-8pm-et,UP,52663723472189837019282878320519686971007473994421038773533328330378617408514,1756309924,2025-08-27 15:52:04,0.5
bitcoin-up-or-down-august-27-8pm-et,UP,52663723472189837019282878320519686971007473994421038773533328330378617408514,1756309984,2025-08-27 15:53:04,0.5
bitcoin-up-or-down-august-27-8pm-et,UP,52663723472189837019282878320519686971007473994421038773533328330378617408514,1756310042,2025-08-27 15:54:02,0.5
bitcoin-up-or-down-august-27-8pm-et,UP,52663723472189837019282878320519686971007473994421038773533328330378617408514,1756310116,2025-08-27 15:55:16,0.5
bitcoin-up-or-down-august-27-8pm-et,UP,52663723472189837019282878320519686971007473994421038773533328330378617408514,1756310163,2025-08-27 15:56:03,0.5
bitcoin-up-or-down-august-27-8pm-et,UP,52663723472189837019282878320519686971007473994421038773533328330378617408514,1756310223,2025-08-27 15:57:03,0.5
bitcoin-up-or-down-august-27-8pm-et,UP,52663723472189837019282878320519686971007473994421038773533328330378617408514,1756310283,2025-08-27 15:58:03,0.5
bitcoin-up-or-down-august-27-8pm-et,UP,52663723472189837019282878320519686971007473994421038773533328330378617408514,1756310342,2025-08-27 15:59:02,0.5
bitcoin-up-or-down-august-27-8pm-et,UP,52663723472189837019282878320519686971007473994421038773533328330378617408514,1756310413,2025-08-27 16:00:13,0.5
bitcoin-up-or-down-august-27-8pm-et,UP,52663723472189837019282878320519686971007473994421038773533328330378617408514,1756310463,2025-08-27 16:01:03,0.5
bitcoin-up-or-down-august-27-8pm-et,UP,52663723472189837019282878320519686971007473994421038773533328330378617408514,1756310523,2025-08-27 16:02:03,0.5
bitcoin-up-or-down-august-27-8pm-et,UP,52663723472189837019282878320519686971007473994421038773533328330378617408514,1756310583,2025-08-27 16:03:03,0.5
bitcoin-up-or-down-august-27-8pm-et,UP,52663723472189837019282878320519686971007473994421038773533328330378617408514,1756310643,2025-08-27 16:04:03,0.5
bitcoin-up-or-down-august-27-8pm-et,UP,52663723472189837019282878320519686971007473994421038773533328330378617408514,1756310709,2025-08-27 16:05:09,0.5
bitcoin-up-or-down-august-27-8pm-et,UP,52663723472189837019282878320519686971007473994421038773533328330378617408514,1756310778,2025-08-27 16:06:18,0.5
bitcoin-up-or-down-august-27-8pm-et,UP,52663723472189837019282878320519686971007473994421038773533328330378617408514,1756310823,2025-08-27 16:07:03,0.5
bitcoin-up-or-down-august-27-8pm-et,UP,52663723472189837019282878320519686971007473994421038773533328330378617408514,1756310883,2025-08-27 16:08:03,0.5
bitcoin-up-or-down-august-27-8pm-et,UP,52663723472189837019282878320519686971007473994421038773533328330378617408514,1756310945,2025-08-27 16:09:05,0.5
bitcoin-up-or-down-august-27-8pm-et,UP,52663723472189837019282878320519686971007473994421038773533328330378617408514,1756311006,2025-08-27 16:10:06,0.5
bitcoin-up-or-down-august-27-8pm-et,UP,52663723472189837019282878320519686971007473994421038773533328330378617408514,1756311064,2025-08-27 16:11:04,0.5
bitcoin-up-or-down-august-27-8pm-et,UP,52663723472189837019282878320519686971007473994421038773533328330378617408514,1756311123,2025-08-27 16:12:03,0.5
bitcoin-up-or-down-august-27-8pm-et,UP,52663723472189837019282878320519686971007473994421038773533328330378617408514,1756311182,2025-08-27 16:13:02,0.5
bitcoin-up-or-down-august-27-8pm-et,UP,52663723472189837019282878320519686971007473994421038773533328330378617408514,1756311242,2025-08-27 16:14:02,0.5
bitcoin-up-or-down-august-27-8pm-et,UP,52663723472189837019282878320519686971007473994421038773533328330378617408514,1756311304,2025-08-27 16:15:04,0.5
bitcoin-up-or-down-august-27-8pm-et,UP,52663723472189837019282878320519686971007473994421038773533328330378617408514,1756311363,2025-08-27 16:16:03,0.5
bitcoin-up-or-down-august-27-8pm-et,UP,52663723472189837019282878320519686971007473994421038773533328330378617408514,1756311424,2025-08-27 16:17:04,0.5
bitcoin-up-or-down-august-27-8pm-et,UP,52663723472189837019282878320519686971007473994421038773533328330378617408514,1756311484,2025-08-27 16:18:04,0.5
bitcoin-up-or-down-august-27-8pm-et,UP,52663723472189837019282878320519686971007473994421038773533328330378617408514,1756311542,2025-08-27 16:19:02,0.5
bitcoin-up-or-down-august-27-8pm-et,UP,52663723472189837019282878320519686971007473994421038773533328330378617408514,1756311609,2025-08-27 16:20:09,0.5
bitcoin-up-or-down-august-27-8pm-et,UP,52663723472189837019282878320519686971007473994421038773533328330378617408514,1756311662,2025-08-27 16:21:02,0.5
bitcoin-up-or-down-august-27-8pm-et,UP,52663723472189837019282878320519686971007473994421038773533328330378617408514,1756311722,2025-08-27 16:22:02,0.5
bitcoin-up-or-down-august-27-8pm-et,UP,52663723472189837019282878320519686971007473994421038773533328330378617408514,1756311784,2025-08-27 16:23:04,0.5
bitcoin-up-or-down-august-27-8pm-et,UP,52663723472189837019282878320519686971007473994421038773533328330378617408514,1756311842,2025-08-27 16:24:02,0.5
bitcoin-up-or-down-august-27-8pm-et,UP,52663723472189837019282878320519686971007473994421038773533328330378617408514,1756311909,2025-08-27 16:25:09,0.5
bitcoin-up-or-down-august-27-8pm-et,UP,52663723472189837019282878320519686971007473994421038773533328330378617408514,1756311964,2025-08-27 16:26:04,0.5
bitcoin-up-or-down-august-27-8pm-et,UP,52663723472189837019282878320519686971007473994421038773533328330378617408514,1756312023,2025-08-27 16:27:03,0.5
bitcoin-up-or-down-august-27-8pm-et,UP,52663723472189837019282878320519686971007473994421038773533328330378617408514,1756312083,2025-08-27 16:28:03,0.5
bitcoin-up-or-down-august-27-8pm-et,UP,52663723472189837019282878320519686971007473994421038773533328330378617408514,1756312143,2025-08-27 16:29:03,0.5
bitcoin-up-or-down-august-27-8pm-et,UP,52663723472189837019282878320519686971007473994421038773533328330378617408514,1756312218,2025-08-27 16:30:18,0.5
bitcoin-up-or-down-august-27-8pm-et,UP,52663723472189837019282878320519686971007473994421038773533328330378617408514,1756312262,2025-08-27 16:31:02,0.5
bitcoin-up-or-down-august-27-8pm-et,UP,52663723472189837019282878320519686971007473994421038773533328330378617408514,1756312323,2025-08-27 16:32:03,0.5
bitcoin-up-or-down-august-27-8pm-et,UP,52663723472189837019282878320519686971007473994421038773533328330378617408514,1756312383,2025-08-27 16:33:03,0.5
bitcoin-up-or-down-august-27-8pm-et,UP,52663723472189837019282878320519686971007473994421038773533328330378617408514,1756312442,2025-08-27 16:34:02,0.5
bitcoin-up-or-down-august-27-8pm-et,UP,52663723472189837019282878320519686971007473994421038773533328330378617408514,1756312515,2025-08-27 16:35:15,0.5
bitcoin-up-or-down-august-27-8pm-et,UP,52663723472189837019282878320519686971007473994421038773533328330378617408514,1756312563,2025-08-27 16:36:03,0.5
bitcoin-up-or-down-august-27-8pm-et,UP,52663723472189837019282878320519686971007473994421038773533328330378617408514,1756312622,2025-08-27 16:37:02,0.5
bitcoin-up-or-down-august-27-8pm-et,UP,52663723472189837019282878320519686971007473994421038773533328330378617408514,1756312683,2025-08-27 16:38:03,0.5
bitcoin-up-or-down-august-27-8pm-et,UP,52663723472189837019282878320519686971007473994421038773533328330378617408514,1756312743,2025-08-27 16:39:03,0.5
bitcoin-up-or-down-august-27-8pm-et,UP,52663723472189837019282878320519686971007473994421038773533328330378617408514,1756312807,2025-08-27 16:40:07,0.5
bitcoin-up-or-down-august-27-8pm-et,UP,52663723472189837019282878320519686971007473994421038773533328330378617408514,1756312864,2025-08-27 16:41:04,0.5
bitcoin-up-or-down-august-27-8pm-et,UP,52663723472189837019282878320519686971007473994421038773533328330378617408514,1756312924,2025-08-27 16:42:04,0.5
bitcoin-up-or-down-august-27-8pm-et,UP,52663723472189837019282878320519686971007473994421038773533328330378617408514,1756312982,2025-08-27 16:43:02,0.5
bitcoin-up-or-down-august-27-8pm-et,UP,52663723472189837019282878320519686971007473994421038773533328330378617408514,1756313044,2025-08-27 16:44:04,0.5
bitcoin-up-or-down-august-27-8pm-et,UP,52663723472189837019282878320519686971007473994421038773533328330378617408514,1756313104,2025-08-27 16:45:04,0.5
bitcoin-up-or-down-august-27-8pm-et,UP,52663723472189837019282878320519686971007473994421038773533328330378617408514,1756313164,2025-08-27 16:46:04,0.5
bitcoin-up-or-down-august-27-8pm-et,UP,52663723472189837019282878320519686971007473994421038773533328330378617408514,1756313222,2025-08-27 16:47:02,0.5
bitcoin-up-or-down-august-27-8pm-et,UP,52663723472189837019282878320519686971007473994421038773533328330378617408514,1756313284,2025-08-27 16:48:04,0.5
bitcoin-up-or-down-august-27-8pm-et,UP,52663723472189837019282878320519686971007473994421038773533328330378617408514,1756313344,2025-08-27 16:49:04,0.5
bitcoin-up-or-down-august-27-8pm-et,UP,52663723472189837019282878320519686971007473994421038773533328330378617408514,1756313404,2025-08-27 16:50:04,0.5
bitcoin-up-or-down-august-27-8pm-et,UP,52663723472189837019282878320519686971007473994421038773533328330378617408514,1756313462,2025-08-27 16:51:02,0.5
bitcoin-up-or-down-august-27-8pm-et,UP,52663723472189837019282878320519686971007473994421038773533328330378617408514,1756313522,2025-08-27 16:52:02,0.5
bitcoin-up-or-down-august-27-8pm-et,UP,52663723472189837019282878320519686971007473994421038773533328330378617408514,1756313583,2025-08-27 16:53:03,0.5
bitcoin-up-or-down-august-27-8pm-et,UP,52663723472189837019282878320519686971007473994421038773533328330378617408514,1756313642,2025-08-27 16:54:02,0.5
bitcoin-up-or-down-august-27-8pm-et,UP,52663723472189837019282878320519686971007473994421038773533328330378617408514,1756313706,2025-08-27 16:55:06,0.5
bitcoin-up-or-down-august-27-8pm-et,UP,52663723472189837019282878320519686971007473994421038773533328330378617408514,1756313763,2025-08-27 16:56:03,0.5
bitcoin-up-or-down-august-27-8pm-et,UP,52663723472189837019282878320519686971007473994421038773533328330378617408514,1756313823,2025-08-27 16:57:03,0.5
bitcoin-up-or-down-august-27-8pm-et,UP,52663723472189837019282878320519686971007473994421038773533328330378617408514,1756313883,2025-08-27 16:58:03,0.5
bitcoin-up-or-down-august-27-8pm-et,UP,52663723472189837019282878320519686971007473994421038773533328330378617408514,1756313944,2025-08-27 16:59:04,0.5
bitcoin-up-or-down-august-27-8pm-et,UP,52663723472189837019282878320519686971007473994421038773533328330378617408514,1756314005,2025-08-27 17:00:05,0.5
bitcoin-up-or-down-august-27-8pm-et,UP,52663723472189837019282878320519686971007473994421038773533328330378617408514,1756314063,2025-08-27 17:01:03,0.5
bitcoin-up-or-down-august-27-8pm-et,UP,52663723472189837019282878320519686971007473994421038773533328330378617408514,1756314123,2025-08-27 17:02:03,0.5
bitcoin-up-or-down-august-27-8pm-et,UP,52663723472189837019282878320519686971007473994421038773533328330378617408514,1756314183,2025-08-27 17:03:03,0.5
bitcoin-up-or-down-august-27-8pm-et,UP,52663723472189837019282878320519686971007473994421038773533328330378617408514,1756314242,2025-08-27 17:04:02,0.5
bitcoin-up-or-down-august-27-8pm-et,UP,52663723472189837019282878320519686971007473994421038773533328330378617408514,1756314314,2025-08-27 17:05:14,0.5
bitcoin-up-or-down-august-27-8pm-et,UP,52663723472189837019282878320519686971007473994421038773533328330378617408514,1756314363,2025-08-27 17:06:03,0.5
bitcoin-up-or-down-august-27-8pm-et,UP,52663723472189837019282878320519686971007473994421038773533328330378617408514,1756314423,2025-08-27 17:07:03,0.5
bitcoin-up-or-down-august-27-8pm-et,UP,52663723472189837019282878320519686971007473994421038773533328330378617408514,1756314482,2025-08-27 17:08:02,0.5
bitcoin-up-or-down-august-27-8pm-et,UP,52663723472189837019282878320519686971007473994421038773533328330378617408514,1756314542,2025-08-27 17:09:02,0.5
bitcoin-up-or-down-august-27-8pm-et,UP,52663723472189837019282878320519686971007473994421038773533328330378617408514,1756314617,2025-08-27 17:10:17,0.5
bitcoin-up-or-down-august-27-8pm-et,UP,52663723472189837019282878320519686971007473994421038773533328330378617408514,1756314663,2025-08-27 17:11:03,0.5
bitcoin-up-or-down-august-27-8pm-et,UP,52663723472189837019282878320519686971007473994421038773533328330378617408514,1756314724,2025-08-27 17:12:04,0.5
bitcoin-up-or-down-august-27-8pm-et,UP,52663723472189837019282878320519686971007473994421038773533328330378617408514,1756314783,2025-08-27 17:13:03,0.5
bitcoin-up-or-down-august-27-8pm-et,UP,52663723472189837019282878320519686971007473994421038773533328330378617408514,1756314843,2025-08-27 17:14:03,0.5
bitcoin-up-or-down-august-27-8pm-et,UP,52663723472189837019282878320519686971007473994421038773533328330378617408514,1756314902,2025-08-27 17:15:02,0.5
bitcoin-up-or-down-august-27-8pm-et,UP,52663723472189837019282878320519686971007473994421038773533328330378617408514,1756314963,2025-08-27 17:16:03,0.5
bitcoin-up-or-down-august-27-8pm-et,UP,52663723472189837019282878320519686971007473994421038773533328330378617408514,1756315024,2025-08-27 17:17:04,0.5
bitcoin-up-or-down-august-27-8pm-et,UP,52663723472189837019282878320519686971007473994421038773533328330378617408514,1756315083,2025-08-27 17:18:03,0.5
bitcoin-up-or-down-august-27-8pm-et,UP,52663723472189837019282878320519686971007473994421038773533328330378617408514,1756315143,2025-08-27 17:19:03,0.5
bitcoin-up-or-down-august-27-8pm-et,UP,52663723472189837019282878320519686971007473994421038773533328330378617408514,1756315209,2025-08-27 17:20:09,0.5
bitcoin-up-or-down-august-27-8pm-et,UP,52663723472189837019282878320519686971007473994421038773533328330378617408514,1756315263,2025-08-27 17:21:03,0.5
bitcoin-up-or-down-august-27-8pm-et,UP,52663723472189837019282878320519686971007473994421038773533328330378617408514,1756315324,2025-08-27 17:22:04,0.5
bitcoin-up-or-down-august-27-8pm-et,UP,52663723472189837019282878320519686971007473994421038773533328330378617408514,1756315384,2025-08-27 17:23:04,0.5
bitcoin-up-or-down-august-27-8pm-et,UP,52663723472189837019282878320519686971007473994421038773533328330378617408514,1756315443,2025-08-27 17:24:03,0.5
bitcoin-up-or-down-august-27-8pm-et,UP,52663723472189837019282878320519686971007473994421038773533328330378617408514,1756315510,2025-08-27 17:25:10,0.5
bitcoin-up-or-down-august-27-8pm-et,UP,52663723472189837019282878320519686971007473994421038773533328330378617408514,1756315564,2025-08-27 17:26:04,0.5
bitcoin-up-or-down-august-27-8pm-et,UP,52663723472189837019282878320519686971007473994421038773533328330378617408514,1756315624,2025-08-27 17:27:04,0.5
bitcoin-up-or-down-august-27-8pm-et,UP,52663723472189837019282878320519686971007473994421038773533328330378617408514,1756315684,2025-08-27 17:28:04,0.5
bitcoin-up-or-down-august-27-8pm-et,UP,52663723472189837019282878320519686971007473994421038773533328330378617408514,1756315742,2025-08-27 17:29:02,0.5
bitcoin-up-or-down-august-27-8pm-et,UP,52663723472189837019282878320519686971007473994421038773533328330378617408514,1756315817,2025-08-27 17:30:17,0.5
bitcoin-up-or-down-august-27-8pm-et,UP,52663723472189837019282878320519686971007473994421038773533328330378617408514,1756315863,2025-08-27 17:31:03,0.5
bitcoin-up-or-down-august-27-8pm-et,UP,52663723472189837019282878320519686971007473994421038773533328330378617408514,1756315924,2025-08-27 17:32:04,0.5
bitcoin-up-or-down-august-27-8pm-et,UP,52663723472189837019282878320519686971007473994421038773533328330378617408514,1756315982,2025-08-27 17:33:02,0.5
bitcoin-up-or-down-august-27-8pm-et,UP,52663723472189837019282878320519686971007473994421038773533328330378617408514,1756316043,2025-08-27 17:34:03,0.5
bitcoin-up-or-down-august-27-8pm-et,UP,52663723472189837019282878320519686971007473994421038773533328330378617408514,1756316110,2025-08-27 17:35:10,0.5
bitcoin-up-or-down-august-27-8pm-et,UP,52663723472189837019282878320519686971007473994421038773533328330378617408514,1756316163,2025-08-27 17:36:03,0.5
bitcoin-up-or-down-august-27-8pm-et,UP,52663723472189837019282878320519686971007473994421038773533328330378617408514,1756316223,2025-08-27 17:37:03,0.5
bitcoin-up-or-down-august-27-8pm-et,UP,52663723472189837019282878320519686971007473994421038773533328330378617408514,1756316283,2025-08-27 17:38:03,0.5
bitcoin-up-or-down-august-27-8pm-et,UP,52663723472189837019282878320519686971007473994421038773533328330378617408514,1756316342,2025-08-27 17:39:02,0.5
bitcoin-up-or-down-august-27-8pm-et,UP,52663723472189837019282878320519686971007473994421038773533328330378617408514,1756316412,2025-08-27 17:40:12,0.5
bitcoin-up-or-down-august-27-8pm-et,UP,52663723472189837019282878320519686971007473994421038773533328330378617408514,1756316464,2025-08-27 17:41:04,0.5
bitcoin-up-or-down-august-27-8pm-et,UP,52663723472189837019282878320519686971007473994421038773533328330378617408514,1756316523,2025-08-27 17:42:03,0.5
bitcoin-up-or-down-august-27-8pm-et,UP,52663723472189837019282878320519686971007473994421038773533328330378617408514,1756316583,2025-08-27 17:43:03,0.5
bitcoin-up-or-down-august-27-8pm-et,UP,52663723472189837019282878320519686971007473994421038773533328330378617408514,1756316643,2025-08-27 17:44:03,0.5
bitcoin-up-or-down-august-27-8pm-et,UP,52663723472189837019282878320519686971007473994421038773533328330378617408514,1756316705,2025-08-27 17:45:05,0.5
bitcoin-up-or-down-august-27-8pm-et,UP,52663723472189837019282878320519686971007473994421038773533328330378617408514,1756316763,2025-08-27 17:46:03,0.5
bitcoin-up-or-down-august-27-8pm-et,UP,52663723472189837019282878320519686971007473994421038773533328330378617408514,1756316823,2025-08-27 17:47:03,0.5
bitcoin-up-or-down-august-27-8pm-et,UP,52663723472189837019282878320519686971007473994421038773533328330378617408514,1756316883,2025-08-27 17:48:03,0.5
bitcoin-up-or-down-august-27-8pm-et,UP,52663723472189837019282878320519686971007473994421038773533328330378617408514,1756316943,2025-08-27 17:49:03,0.5
bitcoin-up-or-down-august-27-8pm-et,UP,52663723472189837019282878320519686971007473994421038773533328330378617408514,1756317008,2025-08-27 17:50:08,0.5
bitcoin-up-or-down-august-27-8pm-et,UP,52663723472189837019282878320519686971007473994421038773533328330378617408514,1756317064,2025-08-27 17:51:04,0.5
bitcoin-up-or-down-august-27-8pm-et,UP,52663723472189837019282878320519686971007473994421038773533328330378617408514,1756317124,2025-08-27 17:52:04,0.5
bitcoin-up-or-down-august-27-8pm-et,UP,52663723472189837019282878320519686971007473994421038773533328330378617408514,1756317183,2025-08-27 17:53:03,0.5
bitcoin-up-or-down-august-27-8pm-et,UP,52663723472189837019282878320519686971007473994421038773533328330378617408514,1756317244,2025-08-27 17:54:04,0.5
bitcoin-up-or-down-august-27-8pm-et,UP,52663723472189837019282878320519686971007473994421038773533328330378617408514,1756317308,2025-08-27 17:55:08,0.5
bitcoin-up-or-down-august-27-8pm-et,UP,52663723472189837019282878320519686971007473994421038773533328330378617408514,1756317364,2025-08-27 17:56:04,0.5
bitcoin-up-or-down-august-27-8pm-et,UP,52663723472189837019282878320519686971007473994421038773533328330378617408514,1756317422,2025-08-27 17:57:02,0.5
bitcoin-up-or-down-august-27-8pm-et,UP,52663723472189837019282878320519686971007473994421038773533328330378617408514,1756317482,2025-08-27 17:58:02,0.5
bitcoin-up-or-down-august-27-8pm-et,UP,52663723472189837019282878320519686971007473994421038773533328330378617408514,1756317542,2025-08-27 17:59:02,0.5
bitcoin-up-or-down-august-27-8pm-et,UP,52663723472189837019282878320519686971007473994421038773533328330378617408514,1756317610,2025-08-27 18:00:10,0.5
bitcoin-up-or-down-august-27-8pm-et,UP,52663723472189837019282878320519686971007473994421038773533328330378617408514,1756317663,2025-08-27 18:01:03,0.5
bitcoin-up-or-down-august-27-8pm-et,UP,52663723472189837019282878320519686971007473994421038773533328330378617408514,1756317722,2025-08-27 18:02:02,0.5
bitcoin-up-or-down-august-27-8pm-et,UP,52663723472189837019282878320519686971007473994421038773533328330378617408514,1756317782,2025-08-27 18:03:02,0.5
bitcoin-up-or-down-august-27-8pm-et,UP,52663723472189837019282878320519686971007473994421038773533328330378617408514,1756317843,2025-08-27 18:04:03,0.5
bitcoin-up-or-down-august-27-8pm-et,UP,52663723472189837019282878320519686971007473994421038773533328330378617408514,1756317905,2025-08-27 18:05:05,0.5
bitcoin-up-or-down-august-27-8pm-et,UP,52663723472189837019282878320519686971007473994421038773533328330378617408514,1756317963,2025-08-27 18:06:03,0.5
bitcoin-up-or-down-august-27-8pm-et,UP,52663723472189837019282878320519686971007473994421038773533328330378617408514,1756318024,2025-08-27 18:07:04,0.5
bitcoin-up-or-down-august-27-8pm-et,UP,52663723472189837019282878320519686971007473994421038773533328330378617408514,1756318083,2025-08-27 18:08:03,0.5
bitcoin-up-or-down-august-27-8pm-et,UP,52663723472189837019282878320519686971007473994421038773533328330378617408514,1756318142,2025-08-27 18:09:02,0.5
bitcoin-up-or-down-august-27-8pm-et,UP,52663723472189837019282878320519686971007473994421038773533328330378617408514,1756318205,2025-08-27 18:10:05,0.5
bitcoin-up-or-down-august-27-8pm-et,UP,52663723472189837019282878320519686971007473994421038773533328330378617408514,1756318263,2025-08-27 18:11:03,0.5
bitcoin-up-or-down-august-27-8pm-et,UP,52663723472189837019282878320519686971007473994421038773533328330378617408514,1756318323,2025-08-27 18:12:03,0.5
bitcoin-up-or-down-august-27-8pm-et,UP,52663723472189837019282878320519686971007473994421038773533328330378617408514,1756318383,2025-08-27 18:13:03,0.5
bitcoin-up-or-down-august-27-8pm-et,UP,52663723472189837019282878320519686971007473994421038773533328330378617408514,1756318443,2025-08-27 18:14:03,0.5
bitcoin-up-or-down-august-27-8pm-et,UP,52663723472189837019282878320519686971007473994421038773533328330378617408514,1756318503,2025-08-27 18:15:03,0.5
bitcoin-up-or-down-august-27-8pm-et,UP,52663723472189837019282878320519686971007473994421038773533328330378617408514,1756318563,2025-08-27 18:16:03,0.5
bitcoin-up-or-down-august-27-8pm-et,UP,52663723472189837019282878320519686971007473994421038773533328330378617408514,1756318623,2025-08-27 18:17:03,0.5
bitcoin-up-or-down-august-27-8pm-et,UP,52663723472189837019282878320519686971007473994421038773533328330378617408514,1756318682,2025-08-27 18:18:02,0.5
bitcoin-up-or-down-august-27-8pm-et,UP,52663723472189837019282878320519686971007473994421038773533328330378617408514,1756318742,2025-08-27 18:19:02,0.5
bitcoin-up-or-down-august-27-8pm-et,UP,52663723472189837019282878320519686971007473994421038773533328330378617408514,1756318812,2025-08-27 18:20:12,0.5
bitcoin-up-or-down-august-27-8pm-et,UP,52663723472189837019282878320519686971007473994421038773533328330378617408514,1756318862,2025-08-27 18:21:02,0.5
bitcoin-up-or-down-august-27-8pm-et,UP,52663723472189837019282878320519686971007473994421038773533328330378617408514,1756318923,2025-08-27 18:22:03,0.5
bitcoin-up-or-down-august-27-8pm-et,UP,52663723472189837019282878320519686971007473994421038773533328330378617408514,1756318984,2025-08-27 18:23:04,0.5
bitcoin-up-or-down-august-27-8pm-et,UP,52663723472189837019282878320519686971007473994421038773533328330378617408514,1756319044,2025-08-27 18:24:04,0.5
bitcoin-up-or-down-august-27-8pm-et,UP,52663723472189837019282878320519686971007473994421038773533328330378617408514,1756319111,2025-08-27 18:25:11,0.5
bitcoin-up-or-down-august-27-8pm-et,UP,52663723472189837019282878320519686971007473994421038773533328330378617408514,1756319164,2025-08-27 18:26:04,0.5
bitcoin-up-or-down-august-27-8pm-et,UP,52663723472189837019282878320519686971007473994421038773533328330378617408514,1756319222,2025-08-27 18:27:02,0.5
bitcoin-up-or-down-august-27-8pm-et,UP,52663723472189837019282878320519686971007473994421038773533328330378617408514,1756319283,2025-08-27 18:28:03,0.5
bitcoin-up-or-down-august-27-8pm-et,UP,52663723472189837019282878320519686971007473994421038773533328330378617408514,1756319343,2025-08-27 18:29:03,0.5
bitcoin-up-or-down-august-27-8pm-et,UP,52663723472189837019282878320519686971007473994421038773533328330378617408514,1756319419,2025-08-27 18:30:19,0.5
bitcoin-up-or-down-august-27-8pm-et,UP,52663723472189837019282878320519686971007473994421038773533328330378617408514,1756319464,2025-08-27 18:31:04,0.5
bitcoin-up-or-down-august-27-8pm-et,UP,52663723472189837019282878320519686971007473994421038773533328330378617408514,1756319522,2025-08-27 18:32:02,0.5
bitcoin-up-or-down-august-27-8pm-et,UP,52663723472189837019282878320519686971007473994421038773533328330378617408514,1756319583,2025-08-27 18:33:03,0.5
bitcoin-up-or-down-august-27-8pm-et,UP,52663723472189837019282878320519686971007473994421038773533328330378617408514,1756319643,2025-08-27 18:34:03,0.5
bitcoin-up-or-down-august-27-8pm-et,UP,52663723472189837019282878320519686971007473994421038773533328330378617408514,1756319708,2025-08-27 18:35:08,0.5
bitcoin-up-or-down-august-27-8pm-et,UP,52663723472189837019282878320519686971007473994421038773533328330378617408514,1756319763,2025-08-27 18:36:03,0.5
bitcoin-up-or-down-august-27-8pm-et,UP,52663723472189837019282878320519686971007473994421038773533328330378617408514,1756319823,2025-08-27 18:37:03,0.5
bitcoin-up-or-down-august-27-8pm-et,UP,52663723472189837019282878320519686971007473994421038773533328330378617408514,1756319882,2025-08-27 18:38:02,0.5
bitcoin-up-or-down-august-27-8pm-et,UP,52663723472189837019282878320519686971007473994421038773533328330378617408514,1756319944,2025-08-27 18:39:04,0.5
bitcoin-up-or-down-august-27-8pm-et,UP,52663723472189837019282878320519686971007473994421038773533328330378617408514,1756320015,2025-08-27 18:40:15,0.5
bitcoin-up-or-down-august-27-8pm-et,UP,52663723472189837019282878320519686971007473994421038773533328330378617408514,1756320065,2025-08-27 18:41:05,0.5
bitcoin-up-or-down-august-27-8pm-et,UP,52663723472189837019282878320519686971007473994421038773533328330378617408514,1756320124,2025-08-27 18:42:04,0.5
bitcoin-up-or-down-august-27-8pm-et,UP,52663723472189837019282878320519686971007473994421038773533328330378617408514,1756320183,2025-08-27 18:43:03,0.5
bitcoin-up-or-down-august-27-8pm-et,UP,52663723472189837019282878320519686971007473994421038773533328330378617408514,1756320242,2025-08-27 18:44:02,0.5
bitcoin-up-or-down-august-27-8pm-et,UP,52663723472189837019282878320519686971007473994421038773533328330378617408514,1756320315,2025-08-27 18:45:15,0.5
bitcoin-up-or-down-august-27-8pm-et,UP,52663723472189837019282878320519686971007473994421038773533328330378617408514,1756320363,2025-08-27 18:46:03,0.5
bitcoin-up-or-down-august-27-8pm-et,UP,52663723472189837019282878320519686971007473994421038773533328330378617408514,1756320422,2025-08-27 18:47:02,0.5
bitcoin-up-or-down-august-27-8pm-et,UP,52663723472189837019282878320519686971007473994421038773533328330378617408514,1756320482,2025-08-27 18:48:02,0.5
bitcoin-up-or-down-august-27-8pm-et,UP,52663723472189837019282878320519686971007473994421038773533328330378617408514,1756320543,2025-08-27 18:49:03,0.5
bitcoin-up-or-down-august-27-8pm-et,UP,52663723472189837019282878320519686971007473994421038773533328330378617408514,1756320613,2025-08-27 18:50:13,0.5
bitcoin-up-or-down-august-27-8pm-et,UP,52663723472189837019282878320519686971007473994421038773533328330378617408514,1756320663,2025-08-27 18:51:03,0.5
bitcoin-up-or-down-august-27-8pm-et,UP,52663723472189837019282878320519686971007473994421038773533328330378617408514,1756320724,2025-08-27 18:52:04,0.5
bitcoin-up-or-down-august-27-8pm-et,UP,52663723472189837019282878320519686971007473994421038773533328330378617408514,1756320782,2025-08-27 18:53:02,0.5
bitcoin-up-or-down-august-27-8pm-et,UP,52663723472189837019282878320519686971007473994421038773533328330378617408514,1756320842,2025-08-27 18:54:02,0.5
bitcoin-up-or-down-august-27-8pm-et,UP,52663723472189837019282878320519686971007473994421038773533328330378617408514,1756320914,2025-08-27 18:55:14,0.5
bitcoin-up-or-down-august-27-8pm-et,UP,52663723472189837019282878320519686971007473994421038773533328330378617408514,1756320963,2025-08-27 18:56:03,0.5
bitcoin-up-or-down-august-27-8pm-et,UP,52663723472189837019282878320519686971007473994421038773533328330378617408514,1756321023,2025-08-27 18:57:03,0.5
bitcoin-up-or-down-august-27-8pm-et,UP,52663723472189837019282878320519686971007473994421038773533328330378617408514,1756321083,2025-08-27 18:58:03,0.5
bitcoin-up-or-down-august-27-8pm-et,UP,52663723472189837019282878320519686971007473994421038773533328330378617408514,1756321143,2025-08-27 18:59:03,0.5
bitcoin-up-or-down-august-27-8pm-et,UP,52663723472189837019282878320519686971007473994421038773533328330378617408514,1756321204,2025-08-27 19:00:04,0.5
bitcoin-up-or-down-august-27-8pm-et,UP,52663723472189837019282878320519686971007473994421038773533328330378617408514,1756321262,2025-08-27 19:01:02,0.5
bitcoin-up-or-down-august-27-8pm-et,UP,52663723472189837019282878320519686971007473994421038773533328330378617408514,1756321323,2025-08-27 19:02:03,0.5
bitcoin-up-or-down-august-27-8pm-et,UP,52663723472189837019282878320519686971007473994421038773533328330378617408514,1756321383,2025-08-27 19:03:03,0.5
bitcoin-up-or-down-august-27-8pm-et,UP,52663723472189837019282878320519686971007473994421038773533328330378617408514,1756321442,2025-08-27 19:04:02,0.5
bitcoin-up-or-down-august-27-8pm-et,UP,52663723472189837019282878320519686971007473994421038773533328330378617408514,1756321505,2025-08-27 19:05:05,0.5
bitcoin-up-or-down-august-27-8pm-et,UP,52663723472189837019282878320519686971007473994421038773533328330378617408514,1756321563,2025-08-27 19:06:03,0.5
bitcoin-up-or-down-august-27-8pm-et,UP,52663723472189837019282878320519686971007473994421038773533328330378617408514,1756321623,2025-08-27 19:07:03,0.5
bitcoin-up-or-down-august-27-8pm-et,UP,52663723472189837019282878320519686971007473994421038773533328330378617408514,1756321684,2025-08-27 19:08:04,0.5
bitcoin-up-or-down-august-27-8pm-et,UP,52663723472189837019282878320519686971007473994421038773533328330378617408514,1756321743,2025-08-27 19:09:03,0.5
bitcoin-up-or-down-august-27-8pm-et,UP,52663723472189837019282878320519686971007473994421038773533328330378617408514,1756321816,2025-08-27 19:10:16,0.5
bitcoin-up-or-down-august-27-8pm-et,UP,52663723472189837019282878320519686971007473994421038773533328330378617408514,1756321862,2025-08-27 19:11:02,0.5
bitcoin-up-or-down-august-27-8pm-et,UP,52663723472189837019282878320519686971007473994421038773533328330378617408514,1756321922,2025-08-27 19:12:02,0.5
bitcoin-up-or-down-august-27-8pm-et,UP,52663723472189837019282878320519686971007473994421038773533328330378617408514,1756321983,2025-08-27 19:13:03,0.5
bitcoin-up-or-down-august-27-8pm-et,UP,52663723472189837019282878320519686971007473994421038773533328330378617408514,1756322044,2025-08-27 19:14:04,0.5
bitcoin-up-or-down-august-27-8pm-et,UP,52663723472189837019282878320519686971007473994421038773533328330378617408514,1756322107,2025-08-27 19:15:07,0.5
bitcoin-up-or-down-august-27-8pm-et,UP,52663723472189837019282878320519686971007473994421038773533328330378617408514,1756322163,2025-08-27 19:16:03,0.5
bitcoin-up-or-down-august-27-8pm-et,UP,52663723472189837019282878320519686971007473994421038773533328330378617408514,1756322223,2025-08-27 19:17:03,0.495
bitcoin-up-or-down-august-27-8pm-et,UP,52663723472189837019282878320519686971007473994421038773533328330378617408514,1756322283,2025-08-27 19:18:03,0.495
bitcoin-up-or-down-august-27-8pm-et,UP,52663723472189837019282878320519686971007473994421038773533328330378617408514,1756322342,2025-08-27 19:19:02,0.495
bitcoin-up-or-down-august-27-8pm-et,UP,52663723472189837019282878320519686971007473994421038773533328330378617408514,1756322406,2025-08-27 19:20:06,0.495
bitcoin-up-or-down-august-27-8pm-et,UP,52663723472189837019282878320519686971007473994421038773533328330378617408514,1756322464,2025-08-27 19:21:04,0.495
bitcoin-up-or-down-august-27-8pm-et,UP,52663723472189837019282878320519686971007473994421038773533328330378617408514,1756322522,2025-08-27 19:22:02,0.495
bitcoin-up-or-down-august-27-8pm-et,UP,52663723472189837019282878320519686971007473994421038773533328330378617408514,1756322582,2025-08-27 19:23:02,0.495
bitcoin-up-or-down-august-27-8pm-et,UP,52663723472189837019282878320519686971007473994421038773533328330378617408514,1756322644,2025-08-27 19:24:04,0.495
bitcoin-up-or-down-august-27-8pm-et,UP,52663723472189837019282878320519686971007473994421038773533328330378617408514,1756322714,2025-08-27 19:25:14,0.495
bitcoin-up-or-down-august-27-8pm-et,UP,52663723472189837019282878320519686971007473994421038773533328330378617408514,1756322764,2025-08-27 19:26:04,0.495
bitcoin-up-or-down-august-27-8pm-et,UP,52663723472189837019282878320519686971007473994421038773533328330378617408514,1756322823,2025-08-27 19:27:03,0.495
bitcoin-up-or-down-august-27-8pm-et,UP,52663723472189837019282878320519686971007473994421038773533328330378617408514,1756322884,2025-08-27 19:28:04,0.495
bitcoin-up-or-down-august-27-8pm-et,UP,52663723472189837019282878320519686971007473994421038773533328330378617408514,1756322943,2025-08-27 19:29:03,0.495
bitcoin-up-or-down-august-27-8pm-et,UP,52663723472189837019282878320519686971007473994421038773533328330378617408514,1756323008,2025-08-27 19:30:08,0.495
bitcoin-up-or-down-august-27-8pm-et,UP,52663723472189837019282878320519686971007473994421038773533328330378617408514,1756323063,2025-08-27 19:31:03,0.495
bitcoin-up-or-down-august-27-8pm-et,UP,52663723472189837019282878320519686971007473994421038773533328330378617408514,1756323122,2025-08-27 19:32:02,0.495
bitcoin-up-or-down-august-27-8pm-et,UP,52663723472189837019282878320519686971007473994421038773533328330378617408514,1756323183,2025-08-27 19:33:03,0.495
bitcoin-up-or-down-august-27-8pm-et,UP,52663723472189837019282878320519686971007473994421038773533328330378617408514,1756323242,2025-08-27 19:34:02,0.495
bitcoin-up-or-down-august-27-8pm-et,UP,52663723472189837019282878320519686971007473994421038773533328330378617408514,1756323314,2025-08-27 19:35:14,0.495
bitcoin-up-or-down-august-27-8pm-et,UP,52663723472189837019282878320519686971007473994421038773533328330378617408514,1756323363,2025-08-27 19:36:03,0.495
bitcoin-up-or-down-august-27-8pm-et,UP,52663723472189837019282878320519686971007473994421038773533328330378617408514,1756323424,2025-08-27 19:37:04,0.495
bitcoin-up-or-down-august-27-8pm-et,UP,52663723472189837019282878320519686971007473994421038773533328330378617408514,1756323482,2025-08-27 19:38:02,0.495
bitcoin-up-or-down-august-27-8pm-et,UP,52663723472189837019282878320519686971007473994421038773533328330378617408514,1756323543,2025-08-27 19:39:03,0.495
bitcoin-up-or-down-august-27-8pm-et,UP,52663723472189837019282878320519686971007473994421038773533328330378617408514,1756323613,2025-08-27 19:40:13,0.495
bitcoin-up-or-down-august-27-8pm-et,UP,52663723472189837019282878320519686971007473994421038773533328330378617408514,1756323663,2025-08-27 19:41:03,0.495
bitcoin-up-or-down-august-27-8pm-et,UP,52663723472189837019282878320519686971007473994421038773533328330378617408514,1756323722,2025-08-27 19:42:02,0.495
bitcoin-up-or-down-august-27-8pm-et,UP,52663723472189837019282878320519686971007473994421038773533328330378617408514,1756323784,2025-08-27 19:43:04,0.495
bitcoin-up-or-down-august-27-8pm-et,UP,52663723472189837019282878320519686971007473994421038773533328330378617408514,1756323843,2025-08-27 19:44:03,0.495
bitcoin-up-or-down-august-27-8pm-et,UP,52663723472189837019282878320519686971007473994421038773533328330378617408514,1756323913,2025-08-27 19:45:13,0.495
bitcoin-up-or-down-august-27-8pm-et,UP,52663723472189837019282878320519686971007473994421038773533328330378617408514,1756323964,2025-08-27 19:46:04,0.495
bitcoin-up-or-down-august-27-8pm-et,UP,52663723472189837019282878320519686971007473994421038773533328330378617408514,1756324023,2025-08-27 19:47:03,0.495
bitcoin-up-or-down-august-27-8pm-et,UP,52663723472189837019282878320519686971007473994421038773533328330378617408514,1756324082,2025-08-27 19:48:02,0.495
bitcoin-up-or-down-august-27-8pm-et,UP,52663723472189837019282878320519686971007473994421038773533328330378617408514,1756324143,2025-08-27 19:49:03,0.495
bitcoin-up-or-down-august-27-8pm-et,UP,52663723472189837019282878320519686971007473994421038773533328330378617408514,1756324208,2025-08-27 19:50:08,0.495
bitcoin-up-or-down-august-27-8pm-et,UP,52663723472189837019282878320519686971007473994421038773533328330378617408514,1756324264,2025-08-27 19:51:04,0.495
bitcoin-up-or-down-august-27-8pm-et,UP,52663723472189837019282878320519686971007473994421038773533328330378617408514,1756324324,2025-08-27 19:52:04,0.495
bitcoin-up-or-down-august-27-8pm-et,UP,52663723472189837019282878320519686971007473994421038773533328330378617408514,1756324383,2025-08-27 19:53:03,0.495
bitcoin-up-or-down-august-27-8pm-et,UP,52663723472189837019282878320519686971007473994421038773533328330378617408514,1756324442,2025-08-27 19:54:02,0.495
bitcoin-up-or-down-august-27-8pm-et,UP,52663723472189837019282878320519686971007473994421038773533328330378617408514,1756324507,2025-08-27 19:55:07,0.495
bitcoin-up-or-down-august-27-8pm-et,UP,52663723472189837019282878320519686971007473994421038773533328330378617408514,1756324564,2025-08-27 19:56:04,0.495
bitcoin-up-or-down-august-27-8pm-et,UP,52663723472189837019282878320519686971007473994421038773533328330378617408514,1756324622,2025-08-27 19:57:02,0.495
bitcoin-up-or-down-august-27-8pm-et,UP,52663723472189837019282878320519686971007473994421038773533328330378617408514,1756324683,2025-08-27 19:58:03,0.495
bitcoin-up-or-down-august-27-8pm-et,UP,52663723472189837019282878320519686971007473994421038773533328330378617408514,1756324742,2025-08-27 19:59:02,0.495
bitcoin-up-or-down-august-27-8pm-et,UP,52663723472189837019282878320519686971007473994421038773533328330378617408514,1756324806,2025-08-27 20:00:06,0.495
bitcoin-up-or-down-august-27-8pm-et,UP,52663723472189837019282878320519686971007473994421038773533328330378617408514,1756324863,2025-08-27 20:01:03,0.495
bitcoin-up-or-down-august-27-8pm-et,UP,52663723472189837019282878320519686971007473994421038773533328330378617408514,1756324923,2025-08-27 20:02:03,0.495
bitcoin-up-or-down-august-27-8pm-et,UP,52663723472189837019282878320519686971007473994421038773533328330378617408514,1756324982,2025-08-27 20:03:02,0.495
bitcoin-up-or-down-august-27-8pm-et,UP,52663723472189837019282878320519686971007473994421038773533328330378617408514,1756325044,2025-08-27 20:04:04,0.495
bitcoin-up-or-down-august-27-8pm-et,UP,52663723472189837019282878320519686971007473994421038773533328330378617408514,1756325105,2025-08-27 20:05:05,0.495
bitcoin-up-or-down-august-27-8pm-et,UP,52663723472189837019282878320519686971007473994421038773533328330378617408514,1756325162,2025-08-27 20:06:02,0.495
bitcoin-up-or-down-august-27-8pm-et,UP,52663723472189837019282878320519686971007473994421038773533328330378617408514,1756325223,2025-08-27 20:07:03,0.495
bitcoin-up-or-down-august-27-8pm-et,UP,52663723472189837019282878320519686971007473994421038773533328330378617408514,1756325283,2025-08-27 20:08:03,0.495
bitcoin-up-or-down-august-27-8pm-et,UP,52663723472189837019282878320519686971007473994421038773533328330378617408514,1756325344,2025-08-27 20:09:04,0.495
bitcoin-up-or-down-august-27-8pm-et,UP,52663723472189837019282878320519686971007473994421038773533328330378617408514,1756325412,2025-08-27 20:10:12,0.495
bitcoin-up-or-down-august-27-8pm-et,UP,52663723472189837019282878320519686971007473994421038773533328330378617408514,1756325462,2025-08-27 20:11:02,0.495
bitcoin-up-or-down-august-27-8pm-et,UP,52663723472189837019282878320519686971007473994421038773533328330378617408514,1756325523,2025-08-27 20:12:03,0.495
bitcoin-up-or-down-august-27-8pm-et,UP,52663723472189837019282878320519686971007473994421038773533328330378617408514,1756325582,2025-08-27 20:13:02,0.495
bitcoin-up-or-down-august-27-8pm-et,UP,52663723472189837019282878320519686971007473994421038773533328330378617408514,1756325643,2025-08-27 20:14:03,0.495
bitcoin-up-or-down-august-27-8pm-et,UP,52663723472189837019282878320519686971007473994421038773533328330378617408514,1756325711,2025-08-27 20:15:11,0.495
bitcoin-up-or-down-august-27-8pm-et,UP,52663723472189837019282878320519686971007473994421038773533328330378617408514,1756325763,2025-08-27 20:16:03,0.495
bitcoin-up-or-down-august-27-8pm-et,UP,52663723472189837019282878320519686971007473994421038773533328330378617408514,1756325823,2025-08-27 20:17:03,0.495
bitcoin-up-or-down-august-27-8pm-et,UP,52663723472189837019282878320519686971007473994421038773533328330378617408514,1756325883,2025-08-27 20:18:03,0.495
bitcoin-up-or-down-august-27-8pm-et,UP,52663723472189837019282878320519686971007473994421038773533328330378617408514,1756325943,2025-08-27 20:19:03,0.495
bitcoin-up-or-down-august-27-8pm-et,UP,52663723472189837019282878320519686971007473994421038773533328330378617408514,1756326002,2025-08-27 20:20:02,0.495
bitcoin-up-or-down-august-27-8pm-et,UP,52663723472189837019282878320519686971007473994421038773533328330378617408514,1756326064,2025-08-27 20:21:04,0.495
bitcoin-up-or-down-august-27-8pm-et,UP,52663723472189837019282878320519686971007473994421038773533328330378617408514,1756326123,2025-08-27 20:22:03,0.495
bitcoin-up-or-down-august-27-8pm-et,UP,52663723472189837019282878320519686971007473994421038773533328330378617408514,1756326182,2025-08-27 20:23:02,0.495
bitcoin-up-or-down-august-27-8pm-et,UP,52663723472189837019282878320519686971007473994421038773533328330378617408514,1756326243,2025-08-27 20:24:03,0.495
bitcoin-up-or-down-august-27-8pm-et,UP,52663723472189837019282878320519686971007473994421038773533328330378617408514,1756326305,2025-08-27 20:25:05,0.495
bitcoin-up-or-down-august-27-8pm-et,UP,52663723472189837019282878320519686971007473994421038773533328330378617408514,1756326363,2025-08-27 20:26:03,0.495
bitcoin-up-or-down-august-27-8pm-et,UP,52663723472189837019282878320519686971007473994421038773533328330378617408514,1756326424,2025-08-27 20:27:04,0.495
bitcoin-up-or-down-august-27-8pm-et,UP,52663723472189837019282878320519686971007473994421038773533328330378617408514,1756326484,2025-08-27 20:28:04,0.495
bitcoin-up-or-down-august-27-8pm-et,UP,52663723472189837019282878320519686971007473994421038773533328330378617408514,1756326543,2025-08-27 20:29:03,0.495
bitcoin-up-or-down-august-27-8pm-et,UP,52663723472189837019282878320519686971007473994421038773533328330378617408514,1756326605,2025-08-27 20:30:05,0.495
bitcoin-up-or-down-august-27-8pm-et,UP,52663723472189837019282878320519686971007473994421038773533328330378617408514,1756326662,2025-08-27 20:31:02,0.495
bitcoin-up-or-down-august-27-8pm-et,UP,52663723472189837019282878320519686971007473994421038773533328330378617408514,1756326724,2025-08-27 20:32:04,0.495
bitcoin-up-or-down-august-27-8pm-et,UP,52663723472189837019282878320519686971007473994421038773533328330378617408514,1756326783,2025-08-27 20:33:03,0.495
bitcoin-up-or-down-august-27-8pm-et,UP,52663723472189837019282878320519686971007473994421038773533328330378617408514,1756326842,2025-08-27 20:34:02,0.495
bitcoin-up-or-down-august-27-8pm-et,UP,52663723472189837019282878320519686971007473994421038773533328330378617408514,1756326902,2025-08-27 20:35:02,0.495
bitcoin-up-or-down-august-27-8pm-et,UP,52663723472189837019282878320519686971007473994421038773533328330378617408514,1756326963,2025-08-27 20:36:03,0.495
bitcoin-up-or-down-august-27-8pm-et,UP,52663723472189837019282878320519686971007473994421038773533328330378617408514,1756327023,2025-08-27 20:37:03,0.495
bitcoin-up-or-down-august-27-8pm-et,UP,52663723472189837019282878320519686971007473994421038773533328330378617408514,1756327082,2025-08-27 20:38:02,0.495
bitcoin-up-or-down-august-27-8pm-et,UP,52663723472189837019282878320519686971007473994421038773533328330378617408514,1756327142,2025-08-27 20:39:02,0.495
bitcoin-up-or-down-august-27-8pm-et,UP,52663723472189837019282878320519686971007473994421038773533328330378617408514,1756327204,2025-08-27 20:40:04,0.495
bitcoin-up-or-down-august-27-8pm-et,UP,52663723472189837019282878320519686971007473994421038773533328330378617408514,1756327264,2025-08-27 20:41:04,0.495
bitcoin-up-or-down-august-27-8pm-et,UP,52663723472189837019282878320519686971007473994421038773533328330378617408514,1756327324,2025-08-27 20:42:04,0.495
bitcoin-up-or-down-august-27-8pm-et,UP,52663723472189837019282878320519686971007473994421038773533328330378617408514,1756327382,2025-08-27 20:43:02,0.495
bitcoin-up-or-down-august-27-8pm-et,UP,52663723472189837019282878320519686971007473994421038773533328330378617408514,1756327444,2025-08-27 20:44:04,0.495
bitcoin-up-or-down-august-27-8pm-et,UP,52663723472189837019282878320519686971007473994421038773533328330378617408514,1756327510,2025-08-27 20:45:10,0.495
bitcoin-up-or-down-august-27-8pm-et,UP,52663723472189837019282878320519686971007473994421038773533328330378617408514,1756327563,2025-08-27 20:46:03,0.495
bitcoin-up-or-down-august-27-8pm-et,UP,52663723472189837019282878320519686971007473994421038773533328330378617408514,1756327622,2025-08-27 20:47:02,0.495
bitcoin-up-or-down-august-27-8pm-et,UP,52663723472189837019282878320519686971007473994421038773533328330378617408514,1756327682,2025-08-27 20:48:02,0.495
bitcoin-up-or-down-august-27-8pm-et,UP,52663723472189837019282878320519686971007473994421038773533328330378617408514,1756327742,2025-08-27 20:49:02,0.495
bitcoin-up-or-down-august-27-8pm-et,UP,52663723472189837019282878320519686971007473994421038773533328330378617408514,1756327816,2025-08-27 20:50:16,0.495
bitcoin-up-or-down-august-27-8pm-et,UP,52663723472189837019282878320519686971007473994421038773533328330378617408514,1756327863,2025-08-27 20:51:03,0.495
bitcoin-up-or-down-august-27-8pm-et,UP,52663723472189837019282878320519686971007473994421038773533328330378617408514,1756327924,2025-08-27 20:52:04,0.495
bitcoin-up-or-down-august-27-8pm-et,UP,52663723472189837019282878320519686971007473994421038773533328330378617408514,1756327983,2025-08-27 20:53:03,0.495
bitcoin-up-or-down-august-27-8pm-et,UP,52663723472189837019282878320519686971007473994421038773533328330378617408514,1756328042,2025-08-27 20:54:02,0.495
bitcoin-up-or-down-august-27-8pm-et,UP,52663723472189837019282878320519686971007473994421038773533328330378617408514,1756328117,2025-08-27 20:55:17,0.495
bitcoin-up-or-down-august-27-8pm-et,UP,52663723472189837019282878320519686971007473994421038773533328330378617408514,1756328163,2025-08-27 20:56:03,0.495
bitcoin-up-or-down-august-27-8pm-et,UP,52663723472189837019282878320519686971007473994421038773533328330378617408514,1756328224,2025-08-27 20:57:04,0.495
bitcoin-up-or-down-august-27-8pm-et,UP,52663723472189837019282878320519686971007473994421038773533328330378617408514,1756328282,2025-08-27 20:58:02,0.495
bitcoin-up-or-down-august-27-8pm-et,UP,52663723472189837019282878320519686971007473994421038773533328330378617408514,1756328343,2025-08-27 20:59:03,0.495
bitcoin-up-or-down-august-27-8pm-et,UP,52663723472189837019282878320519686971007473994421038773533328330378617408514,1756328404,2025-08-27 21:00:04,0.495
bitcoin-up-or-down-august-27-8pm-et,UP,52663723472189837019282878320519686971007473994421038773533328330378617408514,1756328463,2025-08-27 21:01:03,0.495
bitcoin-up-or-down-august-27-8pm-et,UP,52663723472189837019282878320519686971007473994421038773533328330378617408514,1756328522,2025-08-27 21:02:02,0.495
bitcoin-up-or-down-august-27-8pm-et,UP,52663723472189837019282878320519686971007473994421038773533328330378617408514,1756328583,2025-08-27 21:03:03,0.495
bitcoin-up-or-down-august-27-8pm-et,UP,52663723472189837019282878320519686971007473994421038773533328330378617408514,1756328643,2025-08-27 21:04:03,0.495
bitcoin-up-or-down-august-27-8pm-et,UP,52663723472189837019282878320519686971007473994421038773533328330378617408514,1756328709,2025-08-27 21:05:09,0.495
bitcoin-up-or-down-august-27-8pm-et,UP,52663723472189837019282878320519686971007473994421038773533328330378617408514,1756328763,2025-08-27 21:06:03,0.495
bitcoin-up-or-down-august-27-8pm-et,UP,52663723472189837019282878320519686971007473994421038773533328330378617408514,1756328825,2025-08-27 21:07:05,0.495
bitcoin-up-or-down-august-27-8pm-et,UP,52663723472189837019282878320519686971007473994421038773533328330378617408514,1756328882,2025-08-27 21:08:02,0.495
bitcoin-up-or-down-august-27-8pm-et,UP,52663723472189837019282878320519686971007473994421038773533328330378617408514,1756328942,2025-08-27 21:09:02,0.495
bitcoin-up-or-down-august-27-8pm-et,UP,52663723472189837019282878320519686971007473994421038773533328330378617408514,1756329002,2025-08-27 21:10:02,0.495
bitcoin-up-or-down-august-27-8pm-et,UP,52663723472189837019282878320519686971007473994421038773533328330378617408514,1756329064,2025-08-27 21:11:04,0.495
bitcoin-up-or-down-august-27-8pm-et,UP,52663723472189837019282878320519686971007473994421038773533328330378617408514,1756329122,2025-08-27 21:12:02,0.495
bitcoin-up-or-down-august-27-8pm-et,UP,52663723472189837019282878320519686971007473994421038773533328330378617408514,1756329182,2025-08-27 21:13:02,0.495
bitcoin-up-or-down-august-27-8pm-et,UP,52663723472189837019282878320519686971007473994421038773533328330378617408514,1756329243,2025-08-27 21:14:03,0.495
bitcoin-up-or-down-august-27-8pm-et,UP,52663723472189837019282878320519686971007473994421038773533328330378617408514,1756329305,2025-08-27 21:15:05,0.495
bitcoin-up-or-down-august-27-8pm-et,UP,52663723472189837019282878320519686971007473994421038773533328330378617408514,1756329364,2025-08-27 21:16:04,0.495
bitcoin-up-or-down-august-27-8pm-et,UP,52663723472189837019282878320519686971007473994421038773533328330378617408514,1756329423,2025-08-27 21:17:03,0.495
bitcoin-up-or-down-august-27-8pm-et,UP,52663723472189837019282878320519686971007473994421038773533328330378617408514,1756329483,2025-08-27 21:18:03,0.495
bitcoin-up-or-down-august-27-8pm-et,UP,52663723472189837019282878320519686971007473994421038773533328330378617408514,1756329543,2025-08-27 21:19:03,0.495
bitcoin-up-or-down-august-27-8pm-et,UP,52663723472189837019282878320519686971007473994421038773533328330378617408514,1756329602,2025-08-27 21:20:02,0.495
bitcoin-up-or-down-august-27-8pm-et,UP,52663723472189837019282878320519686971007473994421038773533328330378617408514,1756329662,2025-08-27 21:21:02,0.495
bitcoin-up-or-down-august-27-8pm-et,UP,52663723472189837019282878320519686971007473994421038773533328330378617408514,1756329723,2025-08-27 21:22:03,0.495
bitcoin-up-or-down-august-27-8pm-et,UP,52663723472189837019282878320519686971007473994421038773533328330378617408514,1756329784,2025-08-27 21:23:04,0.495
bitcoin-up-or-down-august-27-8pm-et,UP,52663723472189837019282878320519686971007473994421038773533328330378617408514,1756329843,2025-08-27 21:24:03,0.495
bitcoin-up-or-down-august-27-8pm-et,UP,52663723472189837019282878320519686971007473994421038773533328330378617408514,1756329912,2025-08-27 21:25:12,0.495
bitcoin-up-or-down-august-27-8pm-et,UP,52663723472189837019282878320519686971007473994421038773533328330378617408514,1756329964,2025-08-27 21:26:04,0.495
bitcoin-up-or-down-august-27-8pm-et,UP,52663723472189837019282878320519686971007473994421038773533328330378617408514,1756330024,2025-08-27 21:27:04,0.495
bitcoin-up-or-down-august-27-8pm-et,UP,52663723472189837019282878320519686971007473994421038773533328330378617408514,1756330083,2025-08-27 21:28:03,0.495
bitcoin-up-or-down-august-27-8pm-et,UP,52663723472189837019282878320519686971007473994421038773533328330378617408514,1756330143,2025-08-27 21:29:03,0.495
bitcoin-up-or-down-august-27-8pm-et,UP,52663723472189837019282878320519686971007473994421038773533328330378617408514,1756330219,2025-08-27 21:30:19,0.495
bitcoin-up-or-down-august-27-8pm-et,UP,52663723472189837019282878320519686971007473994421038773533328330378617408514,1756330263,2025-08-27 21:31:03,0.495
bitcoin-up-or-down-august-27-8pm-et,UP,52663723472189837019282878320519686971007473994421038773533328330378617408514,1756330323,2025-08-27 21:32:03,0.495
bitcoin-up-or-down-august-27-8pm-et,UP,52663723472189837019282878320519686971007473994421038773533328330378617408514,1756330383,2025-08-27 21:33:03,0.495
bitcoin-up-or-down-august-27-8pm-et,UP,52663723472189837019282878320519686971007473994421038773533328330378617408514,1756330444,2025-08-27 21:34:04,0.495
bitcoin-up-or-down-august-27-8pm-et,UP,52663723472189837019282878320519686971007473994421038773533328330378617408514,1756330515,2025-08-27 21:35:15,0.495
bitcoin-up-or-down-august-27-8pm-et,UP,52663723472189837019282878320519686971007473994421038773533328330378617408514,1756330564,2025-08-27 21:36:04,0.495
bitcoin-up-or-down-august-27-8pm-et,UP,52663723472189837019282878320519686971007473994421038773533328330378617408514,1756330622,2025-08-27 21:37:02,0.495
bitcoin-up-or-down-august-27-8pm-et,UP,52663723472189837019282878320519686971007473994421038773533328330378617408514,1756330684,2025-08-27 21:38:04,0.495
bitcoin-up-or-down-august-27-8pm-et,UP,52663723472189837019282878320519686971007473994421038773533328330378617408514,1756330743,2025-08-27 21:39:03,0.495
bitcoin-up-or-down-august-27-8pm-et,UP,52663723472189837019282878320519686971007473994421038773533328330378617408514,1756330808,2025-08-27 21:40:08,0.495
bitcoin-up-or-down-august-27-8pm-et,UP,52663723472189837019282878320519686971007473994421038773533328330378617408514,1756330864,2025-08-27 21:41:04,0.495
bitcoin-up-or-down-august-27-8pm-et,UP,52663723472189837019282878320519686971007473994421038773533328330378617408514,1756330924,2025-08-27 21:42:04,0.495
bitcoin-up-or-down-august-27-8pm-et,UP,52663723472189837019282878320519686971007473994421038773533328330378617408514,1756330982,2025-08-27 21:43:02,0.495
bitcoin-up-or-down-august-27-8pm-et,UP,52663723472189837019282878320519686971007473994421038773533328330378617408514,1756331043,2025-08-27 21:44:03,0.495
bitcoin-up-or-down-august-27-8pm-et,UP,52663723472189837019282878320519686971007473994421038773533328330378617408514,1756331108,2025-08-27 21:45:08,0.495
bitcoin-up-or-down-august-27-8pm-et,UP,52663723472189837019282878320519686971007473994421038773533328330378617408514,1756331163,2025-08-27 21:46:03,0.495
bitcoin-up-or-down-august-27-8pm-et,UP,52663723472189837019282878320519686971007473994421038773533328330378617408514,1756331223,2025-08-27 21:47:03,0.495
bitcoin-up-or-down-august-27-8pm-et,UP,52663723472189837019282878320519686971007473994421038773533328330378617408514,1756331283,2025-08-27 21:48:03,0.495
bitcoin-up-or-down-august-27-8pm-et,UP,52663723472189837019282878320519686971007473994421038773533328330378617408514,1756331342,2025-08-27 21:49:02,0.495
bitcoin-up-or-down-august-27-8pm-et,UP,52663723472189837019282878320519686971007473994421038773533328330378617408514,1756331404,2025-08-27 21:50:04,0.495
bitcoin-up-or-down-august-27-8pm-et,UP,52663723472189837019282878320519686971007473994421038773533328330378617408514,1756331463,2025-08-27 21:51:03,0.495
bitcoin-up-or-down-august-27-8pm-et,UP,52663723472189837019282878320519686971007473994421038773533328330378617408514,1756331523,2025-08-27 21:52:03,0.495
bitcoin-up-or-down-august-27-8pm-et,UP,52663723472189837019282878320519686971007473994421038773533328330378617408514,1756331582,2025-08-27 21:53:02,0.495
bitcoin-up-or-down-august-27-8pm-et,UP,52663723472189837019282878320519686971007473994421038773533328330378617408514,1756331642,2025-08-27 21:54:02,0.495
bitcoin-up-or-down-august-27-8pm-et,UP,52663723472189837019282878320519686971007473994421038773533328330378617408514,1756331703,2025-08-27 21:55:03,0.495
bitcoin-up-or-down-august-27-8pm-et,UP,52663723472189837019282878320519686971007473994421038773533328330378617408514,1756331762,2025-08-27 21:56:02,0.495
bitcoin-up-or-down-august-27-8pm-et,UP,52663723472189837019282878320519686971007473994421038773533328330378617408514,1756331823,2025-08-27 21:57:03,0.495
bitcoin-up-or-down-august-27-8pm-et,UP,52663723472189837019282878320519686971007473994421038773533328330378617408514,1756331884,2025-08-27 21:58:04,0.495
bitcoin-up-or-down-august-27-8pm-et,UP,52663723472189837019282878320519686971007473994421038773533328330378617408514,1756331943,2025-08-27 21:59:03,0.495
bitcoin-up-or-down-august-27-8pm-et,UP,52663723472189837019282878320519686971007473994421038773533328330378617408514,1756332013,2025-08-27 22:00:13,0.495
bitcoin-up-or-down-august-27-8pm-et,UP,52663723472189837019282878320519686971007473994421038773533328330378617408514,1756332064,2025-08-27 22:01:04,0.495
bitcoin-up-or-down-august-27-8pm-et,UP,52663723472189837019282878320519686971007473994421038773533328330378617408514,1756332124,2025-08-27 22:02:04,0.495
bitcoin-up-or-down-august-27-8pm-et,UP,52663723472189837019282878320519686971007473994421038773533328330378617408514,1756332183,2025-08-27 22:03:03,0.495
bitcoin-up-or-down-august-27-8pm-et,UP,52663723472189837019282878320519686971007473994421038773533328330378617408514,1756332242,2025-08-27 22:04:02,0.495
bitcoin-up-or-down-august-27-8pm-et,UP,52663723472189837019282878320519686971007473994421038773533328330378617408514,1756332302,2025-08-27 22:05:02,0.495
bitcoin-up-or-down-august-27-8pm-et,UP,52663723472189837019282878320519686971007473994421038773533328330378617408514,1756332366,2025-08-27 22:06:06,0.495
bitcoin-up-or-down-august-27-8pm-et,UP,52663723472189837019282878320519686971007473994421038773533328330378617408514,1756332422,2025-08-27 22:07:02,0.495
bitcoin-up-or-down-august-27-8pm-et,UP,52663723472189837019282878320519686971007473994421038773533328330378617408514,1756332483,2025-08-27 22:08:03,0.495
bitcoin-up-or-down-august-27-8pm-et,UP,52663723472189837019282878320519686971007473994421038773533328330378617408514,1756332543,2025-08-27 22:09:03,0.495
bitcoin-up-or-down-august-27-8pm-et,UP,52663723472189837019282878320519686971007473994421038773533328330378617408514,1756332608,2025-08-27 22:10:08,0.495
bitcoin-up-or-down-august-27-8pm-et,UP,52663723472189837019282878320519686971007473994421038773533328330378617408514,1756332664,2025-08-27 22:11:04,0.495
bitcoin-up-or-down-august-27-8pm-et,UP,52663723472189837019282878320519686971007473994421038773533328330378617408514,1756332722,2025-08-27 22:12:02,0.495
bitcoin-up-or-down-august-27-8pm-et,UP,52663723472189837019282878320519686971007473994421038773533328330378617408514,1756332784,2025-08-27 22:13:04,0.495
bitcoin-up-or-down-august-27-8pm-et,UP,52663723472189837019282878320519686971007473994421038773533328330378617408514,1756332843,2025-08-27 22:14:03,0.495
bitcoin-up-or-down-august-27-8pm-et,UP,52663723472189837019282878320519686971007473994421038773533328330378617408514,1756332902,2025-08-27 22:15:02,0.495
bitcoin-up-or-down-august-27-8pm-et,UP,52663723472189837019282878320519686971007473994421038773533328330378617408514,1756332965,2025-08-27 22:16:05,0.495
bitcoin-up-or-down-august-27-8pm-et,UP,52663723472189837019282878320519686971007473994421038773533328330378617408514,1756333024,2025-08-27 22:17:04,0.495
bitcoin-up-or-down-august-27-8pm-et,UP,52663723472189837019282878320519686971007473994421038773533328330378617408514,1756333083,2025-08-27 22:18:03,0.495
bitcoin-up-or-down-august-27-8pm-et,UP,52663723472189837019282878320519686971007473994421038773533328330378617408514,1756333142,2025-08-27 22:19:02,0.495
bitcoin-up-or-down-august-27-8pm-et,UP,52663723472189837019282878320519686971007473994421038773533328330378617408514,1756333208,2025-08-27 22:20:08,0.495
bitcoin-up-or-down-august-27-8pm-et,UP,52663723472189837019282878320519686971007473994421038773533328330378617408514,1756333262,2025-08-27 22:21:02,0.495
bitcoin-up-or-down-august-27-8pm-et,UP,52663723472189837019282878320519686971007473994421038773533328330378617408514,1756333322,2025-08-27 22:22:02,0.495
bitcoin-up-or-down-august-27-8pm-et,UP,52663723472189837019282878320519686971007473994421038773533328330378617408514,1756333383,2025-08-27 22:23:03,0.495
bitcoin-up-or-down-august-27-8pm-et,UP,52663723472189837019282878320519686971007473994421038773533328330378617408514,1756333444,2025-08-27 22:24:04,0.495
bitcoin-up-or-down-august-27-8pm-et,UP,52663723472189837019282878320519686971007473994421038773533328330378617408514,1756333512,2025-08-27 22:25:12,0.495
bitcoin-up-or-down-august-27-8pm-et,UP,52663723472189837019282878320519686971007473994421038773533328330378617408514,1756333564,2025-08-27 22:26:04,0.495
bitcoin-up-or-down-august-27-8pm-et,UP,52663723472189837019282878320519686971007473994421038773533328330378617408514,1756333622,2025-08-27 22:27:02,0.495
bitcoin-up-or-down-august-27-8pm-et,UP,52663723472189837019282878320519686971007473994421038773533328330378617408514,1756333683,2025-08-27 22:28:03,0.495
bitcoin-up-or-down-august-27-8pm-et,UP,52663723472189837019282878320519686971007473994421038773533328330378617408514,1756333742,2025-08-27 22:29:02,0.495
bitcoin-up-or-down-august-27-8pm-et,UP,52663723472189837019282878320519686971007473994421038773533328330378617408514,1756333804,2025-08-27 22:30:04,0.495
bitcoin-up-or-down-august-27-8pm-et,UP,52663723472189837019282878320519686971007473994421038773533328330378617408514,1756333864,2025-08-27 22:31:04,0.495
bitcoin-up-or-down-august-27-8pm-et,UP,52663723472189837019282878320519686971007473994421038773533328330378617408514,1756333924,2025-08-27 22:32:04,0.495
bitcoin-up-or-down-august-27-8pm-et,UP,52663723472189837019282878320519686971007473994421038773533328330378617408514,1756333982,2025-08-27 22:33:02,0.495
bitcoin-up-or-down-august-27-8pm-et,UP,52663723472189837019282878320519686971007473994421038773533328330378617408514,1756334043,2025-08-27 22:34:03,0.495
bitcoin-up-or-down-august-27-8pm-et,UP,52663723472189837019282878320519686971007473994421038773533328330378617408514,1756334111,2025-08-27 22:35:11,0.495
bitcoin-up-or-down-august-27-8pm-et,UP,52663723472189837019282878320519686971007473994421038773533328330378617408514,1756334166,2025-08-27 22:36:06,0.495
bitcoin-up-or-down-august-27-8pm-et,UP,52663723472189837019282878320519686971007473994421038773533328330378617408514,1756334222,2025-08-27 22:37:02,0.495
bitcoin-up-or-down-august-27-8pm-et,UP,52663723472189837019282878320519686971007473994421038773533328330378617408514,1756334283,2025-08-27 22:38:03,0.495
bitcoin-up-or-down-august-27-8pm-et,UP,52663723472189837019282878320519686971007473994421038773533328330378617408514,1756334342,2025-08-27 22:39:02,0.495
bitcoin-up-or-down-august-27-8pm-et,UP,52663723472189837019282878320519686971007473994421038773533328330378617408514,1756334409,2025-08-27 22:40:09,0.495
bitcoin-up-or-down-august-27-8pm-et,UP,52663723472189837019282878320519686971007473994421038773533328330378617408514,1756334462,2025-08-27 22:41:02,0.495
bitcoin-up-or-down-august-27-8pm-et,UP,52663723472189837019282878320519686971007473994421038773533328330378617408514,1756334523,2025-08-27 22:42:03,0.495
bitcoin-up-or-down-august-27-8pm-et,UP,52663723472189837019282878320519686971007473994421038773533328330378617408514,1756334584,2025-08-27 22:43:04,0.495
bitcoin-up-or-down-august-27-8pm-et,UP,52663723472189837019282878320519686971007473994421038773533328330378617408514,1756334643,2025-08-27 22:44:03,0.495
bitcoin-up-or-down-august-27-8pm-et,UP,52663723472189837019282878320519686971007473994421038773533328330378617408514,1756334708,2025-08-27 22:45:08,0.495
bitcoin-up-or-down-august-27-8pm-et,UP,52663723472189837019282878320519686971007473994421038773533328330378617408514,1756334763,2025-08-27 22:46:03,0.495
bitcoin-up-or-down-august-27-8pm-et,UP,52663723472189837019282878320519686971007473994421038773533328330378617408514,1756334824,2025-08-27 22:47:04,0.495
bitcoin-up-or-down-august-27-8pm-et,UP,52663723472189837019282878320519686971007473994421038773533328330378617408514,1756334883,2025-08-27 22:48:03,0.495
bitcoin-up-or-down-august-27-8pm-et,UP,52663723472189837019282878320519686971007473994421038773533328330378617408514,1756334942,2025-08-27 22:49:02,0.495
bitcoin-up-or-down-august-27-8pm-et,UP,52663723472189837019282878320519686971007473994421038773533328330378617408514,1756335007,2025-08-27 22:50:07,0.495
bitcoin-up-or-down-august-27-8pm-et,UP,52663723472189837019282878320519686971007473994421038773533328330378617408514,1756335062,2025-08-27 22:51:02,0.495
bitcoin-up-or-down-august-27-8pm-et,UP,52663723472189837019282878320519686971007473994421038773533328330378617408514,1756335124,2025-08-27 22:52:04,0.495
bitcoin-up-or-down-august-27-8pm-et,UP,52663723472189837019282878320519686971007473994421038773533328330378617408514,1756335184,2025-08-27 22:53:04,0.495
bitcoin-up-or-down-august-27-8pm-et,UP,52663723472189837019282878320519686971007473994421038773533328330378617408514,1756335244,2025-08-27 22:54:04,0.495
bitcoin-up-or-down-august-27-8pm-et,UP,52663723472189837019282878320519686971007473994421038773533328330378617408514,1756335315,2025-08-27 22:55:15,0.495
bitcoin-up-or-down-august-27-8pm-et,UP,52663723472189837019282878320519686971007473994421038773533328330378617408514,1756335365,2025-08-27 22:56:05,0.495
bitcoin-up-or-down-august-27-8pm-et,UP,52663723472189837019282878320519686971007473994421038773533328330378617408514,1756335423,2025-08-27 22:57:03,0.495
bitcoin-up-or-down-august-27-8pm-et,UP,52663723472189837019282878320519686971007473994421038773533328330378617408514,1756335482,2025-08-27 22:58:02,0.495
bitcoin-up-or-down-august-27-8pm-et,UP,52663723472189837019282878320519686971007473994421038773533328330378617408514,1756335544,2025-08-27 22:59:04,0.495
bitcoin-up-or-down-august-27-8pm-et,UP,52663723472189837019282878320519686971007473994421038773533328330378617408514,1756335613,2025-08-27 23:00:13,0.495
bitcoin-up-or-down-august-27-8pm-et,UP,52663723472189837019282878320519686971007473994421038773533328330378617408514,1756335662,2025-08-27 23:01:02,0.495
bitcoin-up-or-down-august-27-8pm-et,UP,52663723472189837019282878320519686971007473994421038773533328330378617408514,1756335723,2025-08-27 23:02:03,0.495
bitcoin-up-or-down-august-27-8pm-et,UP,52663723472189837019282878320519686971007473994421038773533328330378617408514,1756335783,2025-08-27 23:03:03,0.495
bitcoin-up-or-down-august-27-8pm-et,UP,52663723472189837019282878320519686971007473994421038773533328330378617408514,1756335842,2025-08-27 23:04:02,0.495
bitcoin-up-or-down-august-27-8pm-et,UP,52663723472189837019282878320519686971007473994421038773533328330378617408514,1756335911,2025-08-27 23:05:11,0.5
bitcoin-up-or-down-august-27-8pm-et,UP,52663723472189837019282878320519686971007473994421038773533328330378617408514,1756335963,2025-08-27 23:06:03,0.5
bitcoin-up-or-down-august-27-8pm-et,UP,52663723472189837019282878320519686971007473994421038773533328330378617408514,1756336022,2025-08-27 23:07:02,0.5
bitcoin-up-or-down-august-27-8pm-et,UP,52663723472189837019282878320519686971007473994421038773533328330378617408514,1756336082,2025-08-27 23:08:02,0.5
bitcoin-up-or-down-august-27-8pm-et,UP,52663723472189837019282878320519686971007473994421038773533328330378617408514,1756336143,2025-08-27 23:09:03,0.5
bitcoin-up-or-down-august-27-8pm-et,UP,52663723472189837019282878320519686971007473994421038773533328330378617408514,1756336215,2025-08-27 23:10:15,0.5
bitcoin-up-or-down-august-27-8pm-et,UP,52663723472189837019282878320519686971007473994421038773533328330378617408514,1756336262,2025-08-27 23:11:02,0.5
bitcoin-up-or-down-august-27-8pm-et,UP,52663723472189837019282878320519686971007473994421038773533328330378617408514,1756336322,2025-08-27 23:12:02,0.5
bitcoin-up-or-down-august-27-8pm-et,UP,52663723472189837019282878320519686971007473994421038773533328330378617408514,1756336383,2025-08-27 23:13:03,0.5
bitcoin-up-or-down-august-27-8pm-et,UP,52663723472189837019282878320519686971007473994421038773533328330378617408514,1756336444,2025-08-27 23:14:04,0.5
bitcoin-up-or-down-august-27-8pm-et,UP,52663723472189837019282878320519686971007473994421038773533328330378617408514,1756336503,2025-08-27 23:15:03,0.5
bitcoin-up-or-down-august-27-8pm-et,UP,52663723472189837019282878320519686971007473994421038773533328330378617408514,1756336562,2025-08-27 23:16:02,0.5
bitcoin-up-or-down-august-27-8pm-et,UP,52663723472189837019282878320519686971007473994421038773533328330378617408514,1756336622,2025-08-27 23:17:02,0.5
bitcoin-up-or-down-august-27-8pm-et,UP,52663723472189837019282878320519686971007473994421038773533328330378617408514,1756336683,2025-08-27 23:18:03,0.5
bitcoin-up-or-down-august-27-8pm-et,UP,52663723472189837019282878320519686971007473994421038773533328330378617408514,1756336743,2025-08-27 23:19:03,0.5
bitcoin-up-or-down-august-27-8pm-et,UP,52663723472189837019282878320519686971007473994421038773533328330378617408514,1756336808,2025-08-27 23:20:08,0.5
bitcoin-up-or-down-august-27-8pm-et,UP,52663723472189837019282878320519686971007473994421038773533328330378617408514,1756336864,2025-08-27 23:21:04,0.5
bitcoin-up-or-down-august-27-8pm-et,UP,52663723472189837019282878320519686971007473994421038773533328330378617408514,1756336923,2025-08-27 23:22:03,0.5
bitcoin-up-or-down-august-27-8pm-et,UP,52663723472189837019282878320519686971007473994421038773533328330378617408514,1756336983,2025-08-27 23:23:03,0.5
bitcoin-up-or-down-august-27-8pm-et,UP,52663723472189837019282878320519686971007473994421038773533328330378617408514,1756337043,2025-08-27 23:24:03,0.5
bitcoin-up-or-down-august-27-8pm-et,UP,52663723472189837019282878320519686971007473994421038773533328330378617408514,1756337102,2025-08-27 23:25:02,0.5
bitcoin-up-or-down-august-27-8pm-et,UP,52663723472189837019282878320519686971007473994421038773533328330378617408514,1756337162,2025-08-27 23:26:02,0.5
bitcoin-up-or-down-august-27-8pm-et,UP,52663723472189837019282878320519686971007473994421038773533328330378617408514,1756337223,2025-08-27 23:27:03,0.5
bitcoin-up-or-down-august-27-8pm-et,UP,52663723472189837019282878320519686971007473994421038773533328330378617408514,1756337283,2025-08-27 23:28:03,0.5
bitcoin-up-or-down-august-27-8pm-et,UP,52663723472189837019282878320519686971007473994421038773533328330378617408514,1756337343,2025-08-27 23:29:03,0.5
bitcoin-up-or-down-august-27-8pm-et,UP,52663723472189837019282878320519686971007473994421038773533328330378617408514,1756337402,2025-08-27 23:30:02,0.5
bitcoin-up-or-down-august-27-8pm-et,UP,52663723472189837019282878320519686971007473994421038773533328330378617408514,1756337464,2025-08-27 23:31:04,0.5
bitcoin-up-or-down-august-27-8pm-et,UP,52663723472189837019282878320519686971007473994421038773533328330378617408514,1756337523,2025-08-27 23:32:03,0.5
bitcoin-up-or-down-august-27-8pm-et,UP,52663723472189837019282878320519686971007473994421038773533328330378617408514,1756337582,2025-08-27 23:33:02,0.5
bitcoin-up-or-down-august-27-8pm-et,UP,52663723472189837019282878320519686971007473994421038773533328330378617408514,1756337643,2025-08-27 23:34:03,0.5
bitcoin-up-or-down-august-27-8pm-et,UP,52663723472189837019282878320519686971007473994421038773533328330378617408514,1756337704,2025-08-27 23:35:04,0.5
bitcoin-up-or-down-august-27-8pm-et,UP,52663723472189837019282878320519686971007473994421038773533328330378617408514,1756337763,2025-08-27 23:36:03,0.5
bitcoin-up-or-down-august-27-8pm-et,UP,52663723472189837019282878320519686971007473994421038773533328330378617408514,1756337823,2025-08-27 23:37:03,0.505
bitcoin-up-or-down-august-27-8pm-et,UP,52663723472189837019282878320519686971007473994421038773533328330378617408514,1756337884,2025-08-27 23:38:04,0.505
bitcoin-up-or-down-august-27-8pm-et,UP,52663723472189837019282878320519686971007473994421038773533328330378617408514,1756337944,2025-08-27 23:39:04,0.505
bitcoin-up-or-down-august-27-8pm-et,UP,52663723472189837019282878320519686971007473994421038773533328330378617408514,1756338005,2025-08-27 23:40:05,0.505
bitcoin-up-or-down-august-27-8pm-et,UP,52663723472189837019282878320519686971007473994421038773533328330378617408514,1756338064,2025-08-27 23:41:04,0.505
bitcoin-up-or-down-august-27-8pm-et,UP,52663723472189837019282878320519686971007473994421038773533328330378617408514,1756338124,2025-08-27 23:42:04,0.505
bitcoin-up-or-down-august-27-8pm-et,UP,52663723472189837019282878320519686971007473994421038773533328330378617408514,1756338183,2025-08-27 23:43:03,0.505
bitcoin-up-or-down-august-27-8pm-et,UP,52663723472189837019282878320519686971007473994421038773533328330378617408514,1756338243,2025-08-27 23:44:03,0.505
bitcoin-up-or-down-august-27-8pm-et,UP,52663723472189837019282878320519686971007473994421038773533328330378617408514,1756338317,2025-08-27 23:45:17,0.505
bitcoin-up-or-down-august-27-8pm-et,UP,52663723472189837019282878320519686971007473994421038773533328330378617408514,1756338362,2025-08-27 23:46:02,0.505
bitcoin-up-or-down-august-27-8pm-et,UP,52663723472189837019282878320519686971007473994421038773533328330378617408514,1756338422,2025-08-27 23:47:02,0.505
bitcoin-up-or-down-august-27-8pm-et,UP,52663723472189837019282878320519686971007473994421038773533328330378617408514,1756338484,2025-08-27 23:48:04,0.51
bitcoin-up-or-down-august-27-8pm-et,UP,52663723472189837019282878320519686971007473994421038773533328330378617408514,1756338543,2025-08-27 23:49:03,0.51
bitcoin-up-or-down-august-27-8pm-et,UP,52663723472189837019282878320519686971007473994421038773533328330378617408514,1756338609,2025-08-27 23:50:09,0.51
bitcoin-up-or-down-august-27-8pm-et,UP,52663723472189837019282878320519686971007473994421038773533328330378617408514,1756338662,2025-08-27 23:51:02,0.51
bitcoin-up-or-down-august-27-8pm-et,UP,52663723472189837019282878320519686971007473994421038773533328330378617408514,1756338723,2025-08-27 23:52:03,0.525
bitcoin-up-or-down-august-27-8pm-et,UP,52663723472189837019282878320519686971007473994421038773533328330378617408514,1756338783,2025-08-27 23:53:03,0.525
bitcoin-up-or-down-august-27-8pm-et,UP,52663723472189837019282878320519686971007473994421038773533328330378617408514,1756338843,2025-08-27 23:54:03,0.525
bitcoin-up-or-down-august-27-8pm-et,UP,52663723472189837019282878320519686971007473994421038773533328330378617408514,1756338902,2025-08-27 23:55:02,0.525
bitcoin-up-or-down-august-27-8pm-et,UP,52663723472189837019282878320519686971007473994421038773533328330378617408514,1756338962,2025-08-27 23:56:02,0.52
bitcoin-up-or-down-august-27-8pm-et,UP,52663723472189837019282878320519686971007473994421038773533328330378617408514,1756339023,2025-08-27 23:57:03,0.52
bitcoin-up-or-down-august-27-8pm-et,UP,52663723472189837019282878320519686971007473994421038773533328330378617408514,1756339083,2025-08-27 23:58:03,0.52
bitcoin-up-or-down-august-27-8pm-et,UP,52663723472189837019282878320519686971007473994421038773533328330378617408514,1756339143,2025-08-27 23:59:03,0.525
bitcoin-up-or-down-august-27-8pm-et,UP,52663723472189837019282878320519686971007473994421038773533328330378617408514,1756339202,2025-08-28 00:00:02,0.525
bitcoin-up-or-down-august-27-8pm-et,UP,52663723472189837019282878320519686971007473994421038773533328330378617408514,1756339262,2025-08-28 00:01:02,0.485
bitcoin-up-or-down-august-27-8pm-et,UP,52663723472189837019282878320519686971007473994421038773533328330378617408514,1756339323,2025-08-28 00:02:03,0.54
bitcoin-up-or-down-august-27-8pm-et,UP,52663723472189837019282878320519686971007473994421038773533328330378617408514,1756339384,2025-08-28 00:03:04,0.5
bitcoin-up-or-down-august-27-8pm-et,UP,52663723472189837019282878320519686971007473994421038773533328330378617408514,1756339443,2025-08-28 00:04:03,0.56
bitcoin-up-or-down-august-27-8pm-et,UP,52663723472189837019282878320519686971007473994421038773533328330378617408514,1756339502,2025-08-28 00:05:02,0.665
bitcoin-up-or-down-august-27-8pm-et,UP,52663723472189837019282878320519686971007473994421038773533328330378617408514,1756339563,2025-08-28 00:06:03,0.595
bitcoin-up-or-down-august-27-8pm-et,UP,52663723472189837019282878320519686971007473994421038773533328330378617408514,1756339622,2025-08-28 00:07:02,0.625
bitcoin-up-or-down-august-27-8pm-et,UP,52663723472189837019282878320519686971007473994421038773533328330378617408514,1756339682,2025-08-28 00:08:02,0.685
bitcoin-up-or-down-august-27-8pm-et,UP,52663723472189837019282878320519686971007473994421038773533328330378617408514,1756339743,2025-08-28 00:09:03,0.725
bitcoin-up-or-down-august-27-8pm-et,UP,52663723472189837019282878320519686971007473994421038773533328330378617408514,1756339802,2025-08-28 00:10:02,0.695
bitcoin-up-or-down-august-27-8pm-et,UP,52663723472189837019282878320519686971007473994421038773533328330378617408514,1756339863,2025-08-28 00:11:03,0.69
bitcoin-up-or-down-august-27-8pm-et,UP,52663723472189837019282878320519686971007473994421038773533328330378617408514,1756339922,2025-08-28 00:12:02,0.7
bitcoin-up-or-down-august-27-8pm-et,UP,52663723472189837019282878320519686971007473994421038773533328330378617408514,1756339983,2025-08-28 00:13:03,0.74
bitcoin-up-or-down-august-27-8pm-et,UP,52663723472189837019282878320519686971007473994421038773533328330378617408514,1756340043,2025-08-28 00:14:03,0.75
bitcoin-up-or-down-august-27-8pm-et,UP,52663723472189837019282878320519686971007473994421038773533328330378617408514,1756340104,2025-08-28 00:15:04,0.755
bitcoin-up-or-down-august-27-8pm-et,UP,52663723472189837019282878320519686971007473994421038773533328330378617408514,1756340163,2025-08-28 00:16:03,0.835
bitcoin-up-or-down-august-27-8pm-et,UP,52663723472189837019282878320519686971007473994421038773533328330378617408514,1756340222,2025-08-28 00:17:02,0.795
bitcoin-up-or-down-august-27-8pm-et,UP,52663723472189837019282878320519686971007473994421038773533328330378617408514,1756340283,2025-08-28 00:18:03,0.775
bitcoin-up-or-down-august-27-8pm-et,UP,52663723472189837019282878320519686971007473994421038773533328330378617408514,1756340342,2025-08-28 00:19:02,0.655
bitcoin-up-or-down-august-27-8pm-et,UP,52663723472189837019282878320519686971007473994421038773533328330378617408514,1756340403,2025-08-28 00:20:03,0.685
bitcoin-up-or-down-august-27-8pm-et,UP,52663723472189837019282878320519686971007473994421038773533328330378617408514,1756340463,2025-08-28 00:21:03,0.585
bitcoin-up-or-down-august-27-8pm-et,UP,52663723472189837019282878320519686971007473994421038773533328330378617408514,1756340523,2025-08-28 00:22:03,0.475
bitcoin-up-or-down-august-27-8pm-et,UP,52663723472189837019282878320519686971007473994421038773533328330378617408514,1756340582,2025-08-28 00:23:02,0.455
bitcoin-up-or-down-august-27-8pm-et,UP,52663723472189837019282878320519686971007473994421038773533328330378617408514,1756340642,2025-08-28 00:24:02,0.245
bitcoin-up-or-down-august-27-8pm-et,UP,52663723472189837019282878320519686971007473994421038773533328330378617408514,1756340703,2025-08-28 00:25:03,0.18
bitcoin-up-or-down-august-27-8pm-et,UP,52663723472189837019282878320519686971007473994421038773533328330378617408514,1756340764,2025-08-28 00:26:04,0.175
bitcoin-up-or-down-august-27-8pm-et,UP,52663723472189837019282878320519686971007473994421038773533328330378617408514,1756340823,2025-08-28 00:27:03,0.27
bitcoin-up-or-down-august-27-8pm-et,UP,52663723472189837019282878320519686971007473994421038773533328330378617408514,1756340882,2025-08-28 00:28:02,0.33
bitcoin-up-or-down-august-27-8pm-et,UP,52663723472189837019282878320519686971007473994421038773533328330378617408514,1756340942,2025-08-28 00:29:02,0.265
bitcoin-up-or-down-august-27-8pm-et,UP,52663723472189837019282878320519686971007473994421038773533328330378617408514,1756341002,2025-08-28 00:30:02,0.34
bitcoin-up-or-down-august-27-8pm-et,UP,52663723472189837019282878320519686971007473994421038773533328330378617408514,1756341063,2025-08-28 00:31:03,0.2
bitcoin-up-or-down-august-27-8pm-et,UP,52663723472189837019282878320519686971007473994421038773533328330378617408514,1756341124,2025-08-28 00:32:04,0.245
bitcoin-up-or-down-august-27-8pm-et,UP,52663723472189837019282878320519686971007473994421038773533328330378617408514,1756341182,2025-08-28 00:33:02,0.225
bitcoin-up-or-down-august-27-8pm-et,UP,52663723472189837019282878320519686971007473994421038773533328330378617408514,1756341243,2025-08-28 00:34:03,0.115
bitcoin-up-or-down-august-27-8pm-et,UP,52663723472189837019282878320519686971007473994421038773533328330378617408514,1756341305,2025-08-28 00:35:05,0.105
bitcoin-up-or-down-august-27-8pm-et,UP,52663723472189837019282878320519686971007473994421038773533328330378617408514,1756341362,2025-08-28 00:36:02,0.12
bitcoin-up-or-down-august-27-8pm-et,UP,52663723472189837019282878320519686971007473994421038773533328330378617408514,1756341422,2025-08-28 00:37:02,0.145
bitcoin-up-or-down-august-27-8pm-et,UP,52663723472189837019282878320519686971007473994421038773533328330378617408514,1756341482,2025-08-28 00:38:02,0.15
bitcoin-up-or-down-august-27-8pm-et,UP,52663723472189837019282878320519686971007473994421038773533328330378617408514,1756341543,2025-08-28 00:39:03,0.225
bitcoin-up-or-down-august-27-8pm-et,UP,52663723472189837019282878320519686971007473994421038773533328330378617408514,1756341603,2025-08-28 00:40:03,0.215
bitcoin-up-or-down-august-27-8pm-et,UP,52663723472189837019282878320519686971007473994421038773533328330378617408514,1756341664,2025-08-28 00:41:04,0.185
bitcoin-up-or-down-august-27-8pm-et,UP,52663723472189837019282878320519686971007473994421038773533328330378617408514,1756341722,2025-08-28 00:42:02,0.22
bitcoin-up-or-down-august-27-8pm-et,UP,52663723472189837019282878320519686971007473994421038773533328330378617408514,1756341782,2025-08-28 00:43:02,0.235
bitcoin-up-or-down-august-27-8pm-et,UP,52663723472189837019282878320519686971007473994421038773533328330378617408514,1756341843,2025-08-28 00:44:03,0.435
bitcoin-up-or-down-august-27-8pm-et,UP,52663723472189837019282878320519686971007473994421038773533328330378617408514,1756341902,2025-08-28 00:45:02,0.55
bitcoin-up-or-down-august-27-8pm-et,UP,52663723472189837019282878320519686971007473994421038773533328330378617408514,1756341964,2025-08-28 00:46:04,0.76
bitcoin-up-or-down-august-27-8pm-et,UP,52663723472189837019282878320519686971007473994421038773533328330378617408514,1756342023,2025-08-28 00:47:03,0.835
bitcoin-up-or-down-august-27-8pm-et,UP,52663723472189837019282878320519686971007473994421038773533328330378617408514,1756342084,2025-08-28 00:48:04,0.815
bitcoin-up-or-down-august-27-8pm-et,UP,52663723472189837019282878320519686971007473994421038773533328330378617408514,1756342143,2025-08-28 00:49:03,0.86
bitcoin-up-or-down-august-27-8pm-et,UP,52663723472189837019282878320519686971007473994421038773533328330378617408514,1756342204,2025-08-28 00:50:04,0.845
bitcoin-up-or-down-august-27-8pm-et,UP,52663723472189837019282878320519686971007473994421038773533328330378617408514,1756342263,2025-08-28 00:51:03,0.835
bitcoin-up-or-down-august-27-8pm-et,UP,52663723472189837019282878320519686971007473994421038773533328330378617408514,1756342323,2025-08-28 00:52:03,0.825
bitcoin-up-or-down-august-27-8pm-et,UP,52663723472189837019282878320519686971007473994421038773533328330378617408514,1756342383,2025-08-28 00:53:03,0.835
bitcoin-up-or-down-august-27-8pm-et,UP,52663723472189837019282878320519686971007473994421038773533328330378617408514,1756342443,2025-08-28 00:54:03,0.55
bitcoin-up-or-down-august-27-8pm-et,UP,52663723472189837019282878320519686971007473994421038773533328330378617408514,1756342504,2025-08-28 00:55:04,0.64
bitcoin-up-or-down-august-27-8pm-et,UP,52663723472189837019282878320519686971007473994421038773533328330378617408514,1756342564,2025-08-28 00:56:04,0.275
bitcoin-up-or-down-august-27-8pm-et,UP,52663723472189837019282878320519686971007473994421038773533328330378617408514,1756342622,2025-08-28 00:57:02,0.27
bitcoin-up-or-down-august-27-8pm-et,UP,52663723472189837019282878320519686971007473994421038773533328330378617408514,1756342683,2025-08-28 00:58:03,0.66
bitcoin-up-or-down-august-27-8pm-et,UP,52663723472189837019282878320519686971007473994421038773533328330378617408514,1756342742,2025-08-28 00:59:02,0.91
