event_slug,leg,token_id,timestamp,iso_time_utc,midpoint
bitcoin-up-or-down-august-28-9am-et,DOWN,9338724092615509281376318523880280769765270216791770008700391276125962114831,1756198327,2025-08-26 08:52:07,0.5
bitcoin-up-or-down-august-28-9am-et,DOWN,9338724092615509281376318523880280769765270216791770008700391276125962114831,1756198385,2025-08-26 08:53:05,0.5
bitcoin-up-or-down-august-28-9am-et,DOWN,9338724092615509281376318523880280769765270216791770008700391276125962114831,1756198442,2025-08-26 08:54:02,0.5
bitcoin-up-or-down-august-28-9am-et,DOWN,9338724092615509281376318523880280769765270216791770008700391276125962114831,1756198504,2025-08-26 08:55:04,0.5
bitcoin-up-or-down-august-28-9am-et,DOWN,9338724092615509281376318523880280769765270216791770008700391276125962114831,1756198563,2025-08-26 08:56:03,0.5
bitcoin-up-or-down-august-28-9am-et,DOWN,9338724092615509281376318523880280769765270216791770008700391276125962114831,1756198622,2025-08-26 08:57:02,0.5
bitcoin-up-or-down-august-28-9am-et,DOWN,9338724092615509281376318523880280769765270216791770008700391276125962114831,1756198683,2025-08-26 08:58:03,0.5
bitcoin-up-or-down-august-28-9am-et,DOWN,9338724092615509281376318523880280769765270216791770008700391276125962114831,1756198743,2025-08-26 08:59:03,0.5
bitcoin-up-or-down-august-28-9am-et,DOWN,9338724092615509281376318523880280769765270216791770008700391276125962114831,1756198802,2025-08-26 09:00:02,0.5
bitcoin-up-or-down-august-28-9am-et,DOWN,9338724092615509281376318523880280769765270216791770008700391276125962114831,1756198863,2025-08-26 09:01:03,0.5
bitcoin-up-or-down-august-28-9am-et,DOWN,9338724092615509281376318523880280769765270216791770008700391276125962114831,1756198922,2025-08-26 09:02:02,0.5
bitcoin-up-or-down-august-28-9am-et,DOWN,9338724092615509281376318523880280769765270216791770008700391276125962114831,1756198983,2025-08-26 09:03:03,0.5
bitcoin-up-or-down-august-28-9am-et,DOWN,9338724092615509281376318523880280769765270216791770008700391276125962114831,1756199042,2025-08-26 09:04:02,0.5
bitcoin-up-or-down-august-28-9am-et,DOWN,9338724092615509281376318523880280769765270216791770008700391276125962114831,1756199104,2025-08-26 09:05:04,0.5
bitcoin-up-or-down-august-28-9am-et,DOWN,9338724092615509281376318523880280769765270216791770008700391276125962114831,1756199162,2025-08-26 09:06:02,0.5
bitcoin-up-or-down-august-28-9am-et,DOWN,9338724092615509281376318523880280769765270216791770008700391276125962114831,1756199223,2025-08-26 09:07:03,0.5
bitcoin-up-or-down-august-28-9am-et,DOWN,9338724092615509281376318523880280769765270216791770008700391276125962114831,1756199283,2025-08-26 09:08:03,0.5
bitcoin-up-or-down-august-28-9am-et,DOWN,9338724092615509281376318523880280769765270216791770008700391276125962114831,1756199344,2025-08-26 09:09:04,0.5
bitcoin-up-or-down-august-28-9am-et,DOWN,9338724092615509281376318523880280769765270216791770008700391276125962114831,1756199404,2025-08-26 09:10:04,0.5
bitcoin-up-or-down-august-28-9am-et,DOWN,9338724092615509281376318523880280769765270216791770008700391276125962114831,1756199462,2025-08-26 09:11:02,0.5
bitcoin-up-or-down-august-28-9am-et,DOWN,9338724092615509281376318523880280769765270216791770008700391276125962114831,1756199523,2025-08-26 09:12:03,0.5
bitcoin-up-or-down-august-28-9am-et,DOWN,9338724092615509281376318523880280769765270216791770008700391276125962114831,1756199582,2025-08-26 09:13:02,0.5
bitcoin-up-or-down-august-28-9am-et,DOWN,9338724092615509281376318523880280769765270216791770008700391276125962114831,1756199642,2025-08-26 09:14:02,0.5
bitcoin-up-or-down-august-28-9am-et,DOWN,9338724092615509281376318523880280769765270216791770008700391276125962114831,1756199703,2025-08-26 09:15:03,0.5
bitcoin-up-or-down-august-28-9am-et,DOWN,9338724092615509281376318523880280769765270216791770008700391276125962114831,1756199763,2025-08-26 09:16:03,0.5
bitcoin-up-or-down-august-28-9am-et,DOWN,9338724092615509281376318523880280769765270216791770008700391276125962114831,1756199823,2025-08-26 09:17:03,0.5
bitcoin-up-or-down-august-28-9am-et,DOWN,9338724092615509281376318523880280769765270216791770008700391276125962114831,1756199882,2025-08-26 09:18:02,0.5
bitcoin-up-or-down-august-28-9am-et,DOWN,9338724092615509281376318523880280769765270216791770008700391276125962114831,1756199942,2025-08-26 09:19:02,0.5
bitcoin-up-or-down-august-28-9am-et,DOWN,9338724092615509281376318523880280769765270216791770008700391276125962114831,1756200002,2025-08-26 09:20:02,0.5
bitcoin-up-or-down-august-28-9am-et,DOWN,9338724092615509281376318523880280769765270216791770008700391276125962114831,1756200062,2025-08-26 09:21:02,0.5
bitcoin-up-or-down-august-28-9am-et,DOWN,9338724092615509281376318523880280769765270216791770008700391276125962114831,1756200123,2025-08-26 09:22:03,0.5
bitcoin-up-or-down-august-28-9am-et,DOWN,9338724092615509281376318523880280769765270216791770008700391276125962114831,1756200183,2025-08-26 09:23:03,0.5
bitcoin-up-or-down-august-28-9am-et,DOWN,9338724092615509281376318523880280769765270216791770008700391276125962114831,1756200243,2025-08-26 09:24:03,0.5
bitcoin-up-or-down-august-28-9am-et,DOWN,9338724092615509281376318523880280769765270216791770008700391276125962114831,1756200303,2025-08-26 09:25:03,0.5
bitcoin-up-or-down-august-28-9am-et,DOWN,9338724092615509281376318523880280769765270216791770008700391276125962114831,1756200372,2025-08-26 09:26:12,0.5
bitcoin-up-or-down-august-28-9am-et,DOWN,9338724092615509281376318523880280769765270216791770008700391276125962114831,1756200422,2025-08-26 09:27:02,0.5
bitcoin-up-or-down-august-28-9am-et,DOWN,9338724092615509281376318523880280769765270216791770008700391276125962114831,1756200482,2025-08-26 09:28:02,0.5
bitcoin-up-or-down-august-28-9am-et,DOWN,9338724092615509281376318523880280769765270216791770008700391276125962114831,1756200542,2025-08-26 09:29:02,0.5
bitcoin-up-or-down-august-28-9am-et,DOWN,9338724092615509281376318523880280769765270216791770008700391276125962114831,1756200606,2025-08-26 09:30:06,0.5
bitcoin-up-or-down-august-28-9am-et,DOWN,9338724092615509281376318523880280769765270216791770008700391276125962114831,1756200662,2025-08-26 09:31:02,0.5
bitcoin-up-or-down-august-28-9am-et,DOWN,9338724092615509281376318523880280769765270216791770008700391276125962114831,1756200722,2025-08-26 09:32:02,0.5
bitcoin-up-or-down-august-28-9am-et,DOWN,9338724092615509281376318523880280769765270216791770008700391276125962114831,1756200783,2025-08-26 09:33:03,0.5
bitcoin-up-or-down-august-28-9am-et,DOWN,9338724092615509281376318523880280769765270216791770008700391276125962114831,1756200843,2025-08-26 09:34:03,0.5
bitcoin-up-or-down-august-28-9am-et,DOWN,9338724092615509281376318523880280769765270216791770008700391276125962114831,1756200902,2025-08-26 09:35:02,0.5
bitcoin-up-or-down-august-28-9am-et,DOWN,9338724092615509281376318523880280769765270216791770008700391276125962114831,1756200962,2025-08-26 09:36:02,0.5
bitcoin-up-or-down-august-28-9am-et,DOWN,9338724092615509281376318523880280769765270216791770008700391276125962114831,1756201023,2025-08-26 09:37:03,0.5
bitcoin-up-or-down-august-28-9am-et,DOWN,9338724092615509281376318523880280769765270216791770008700391276125962114831,1756201082,2025-08-26 09:38:02,0.5
bitcoin-up-or-down-august-28-9am-et,DOWN,9338724092615509281376318523880280769765270216791770008700391276125962114831,1756201143,2025-08-26 09:39:03,0.5
bitcoin-up-or-down-august-28-9am-et,DOWN,9338724092615509281376318523880280769765270216791770008700391276125962114831,1756201203,2025-08-26 09:40:03,0.5
bitcoin-up-or-down-august-28-9am-et,DOWN,9338724092615509281376318523880280769765270216791770008700391276125962114831,1756201263,2025-08-26 09:41:03,0.5
bitcoin-up-or-down-august-28-9am-et,DOWN,9338724092615509281376318523880280769765270216791770008700391276125962114831,1756201322,2025-08-26 09:42:02,0.5
bitcoin-up-or-down-august-28-9am-et,DOWN,9338724092615509281376318523880280769765270216791770008700391276125962114831,1756201383,2025-08-26 09:43:03,0.5
bitcoin-up-or-down-august-28-9am-et,DOWN,9338724092615509281376318523880280769765270216791770008700391276125962114831,1756201443,2025-08-26 09:44:03,0.5
bitcoin-up-or-down-august-28-9am-et,DOWN,9338724092615509281376318523880280769765270216791770008700391276125962114831,1756201502,2025-08-26 09:45:02,0.5
bitcoin-up-or-down-august-28-9am-et,DOWN,9338724092615509281376318523880280769765270216791770008700391276125962114831,1756201562,2025-08-26 09:46:02,0.5
bitcoin-up-or-down-august-28-9am-et,DOWN,9338724092615509281376318523880280769765270216791770008700391276125962114831,1756201622,2025-08-26 09:47:02,0.5
bitcoin-up-or-down-august-28-9am-et,DOWN,9338724092615509281376318523880280769765270216791770008700391276125962114831,1756201682,2025-08-26 09:48:02,0.5
bitcoin-up-or-down-august-28-9am-et,DOWN,9338724092615509281376318523880280769765270216791770008700391276125962114831,1756201743,2025-08-26 09:49:03,0.5
bitcoin-up-or-down-august-28-9am-et,DOWN,9338724092615509281376318523880280769765270216791770008700391276125962114831,1756201803,2025-08-26 09:50:03,0.5
bitcoin-up-or-down-august-28-9am-et,DOWN,9338724092615509281376318523880280769765270216791770008700391276125962114831,1756201862,2025-08-26 09:51:02,0.5
bitcoin-up-or-down-august-28-9am-et,DOWN,9338724092615509281376318523880280769765270216791770008700391276125962114831,1756201930,2025-08-26 09:52:10,0.5
bitcoin-up-or-down-august-28-9am-et,DOWN,9338724092615509281376318523880280769765270216791770008700391276125962114831,1756201983,2025-08-26 09:53:03,0.5
bitcoin-up-or-down-august-28-9am-et,DOWN,9338724092615509281376318523880280769765270216791770008700391276125962114831,1756202043,2025-08-26 09:54:03,0.5
bitcoin-up-or-down-august-28-9am-et,DOWN,9338724092615509281376318523880280769765270216791770008700391276125962114831,1756202105,2025-08-26 09:55:05,0.5
bitcoin-up-or-down-august-28-9am-et,DOWN,9338724092615509281376318523880280769765270216791770008700391276125962114831,1756202164,2025-08-26 09:56:04,0.5
bitcoin-up-or-down-august-28-9am-et,DOWN,9338724092615509281376318523880280769765270216791770008700391276125962114831,1756202222,2025-08-26 09:57:02,0.5
bitcoin-up-or-down-august-28-9am-et,DOWN,9338724092615509281376318523880280769765270216791770008700391276125962114831,1756202283,2025-08-26 09:58:03,0.5
bitcoin-up-or-down-august-28-9am-et,DOWN,9338724092615509281376318523880280769765270216791770008700391276125962114831,1756202342,2025-08-26 09:59:02,0.5
bitcoin-up-or-down-august-28-9am-et,DOWN,9338724092615509281376318523880280769765270216791770008700391276125962114831,1756202405,2025-08-26 10:00:05,0.5
bitcoin-up-or-down-august-28-9am-et,DOWN,9338724092615509281376318523880280769765270216791770008700391276125962114831,1756202462,2025-08-26 10:01:02,0.5
bitcoin-up-or-down-august-28-9am-et,DOWN,9338724092615509281376318523880280769765270216791770008700391276125962114831,1756202522,2025-08-26 10:02:02,0.5
bitcoin-up-or-down-august-28-9am-et,DOWN,9338724092615509281376318523880280769765270216791770008700391276125962114831,1756202583,2025-08-26 10:03:03,0.5
bitcoin-up-or-down-august-28-9am-et,DOWN,9338724092615509281376318523880280769765270216791770008700391276125962114831,1756202643,2025-08-26 10:04:03,0.5
bitcoin-up-or-down-august-28-9am-et,DOWN,9338724092615509281376318523880280769765270216791770008700391276125962114831,1756202704,2025-08-26 10:05:04,0.5
bitcoin-up-or-down-august-28-9am-et,DOWN,9338724092615509281376318523880280769765270216791770008700391276125962114831,1756202763,2025-08-26 10:06:03,0.5
bitcoin-up-or-down-august-28-9am-et,DOWN,9338724092615509281376318523880280769765270216791770008700391276125962114831,1756202822,2025-08-26 10:07:02,0.5
bitcoin-up-or-down-august-28-9am-et,DOWN,9338724092615509281376318523880280769765270216791770008700391276125962114831,1756202883,2025-08-26 10:08:03,0.5
bitcoin-up-or-down-august-28-9am-et,DOWN,9338724092615509281376318523880280769765270216791770008700391276125962114831,1756202942,2025-08-26 10:09:02,0.5
bitcoin-up-or-down-august-28-9am-et,DOWN,9338724092615509281376318523880280769765270216791770008700391276125962114831,1756203002,2025-08-26 10:10:02,0.5
bitcoin-up-or-down-august-28-9am-et,DOWN,9338724092615509281376318523880280769765270216791770008700391276125962114831,1756203062,2025-08-26 10:11:02,0.5
bitcoin-up-or-down-august-28-9am-et,DOWN,9338724092615509281376318523880280769765270216791770008700391276125962114831,1756203122,2025-08-26 10:12:02,0.5
bitcoin-up-or-down-august-28-9am-et,DOWN,9338724092615509281376318523880280769765270216791770008700391276125962114831,1756203183,2025-08-26 10:13:03,0.5
bitcoin-up-or-down-august-28-9am-et,DOWN,9338724092615509281376318523880280769765270216791770008700391276125962114831,1756203243,2025-08-26 10:14:03,0.5
bitcoin-up-or-down-august-28-9am-et,DOWN,9338724092615509281376318523880280769765270216791770008700391276125962114831,1756203303,2025-08-26 10:15:03,0.5
bitcoin-up-or-down-august-28-9am-et,DOWN,9338724092615509281376318523880280769765270216791770008700391276125962114831,1756203364,2025-08-26 10:16:04,0.5
bitcoin-up-or-down-august-28-9am-et,DOWN,9338724092615509281376318523880280769765270216791770008700391276125962114831,1756203424,2025-08-26 10:17:04,0.5
bitcoin-up-or-down-august-28-9am-et,DOWN,9338724092615509281376318523880280769765270216791770008700391276125962114831,1756203483,2025-08-26 10:18:03,0.5
bitcoin-up-or-down-august-28-9am-et,DOWN,9338724092615509281376318523880280769765270216791770008700391276125962114831,1756203543,2025-08-26 10:19:03,0.5
bitcoin-up-or-down-august-28-9am-et,DOWN,9338724092615509281376318523880280769765270216791770008700391276125962114831,1756203602,2025-08-26 10:20:02,0.5
bitcoin-up-or-down-august-28-9am-et,DOWN,9338724092615509281376318523880280769765270216791770008700391276125962114831,1756203662,2025-08-26 10:21:02,0.5
bitcoin-up-or-down-august-28-9am-et,DOWN,9338724092615509281376318523880280769765270216791770008700391276125962114831,1756203722,2025-08-26 10:22:02,0.5
bitcoin-up-or-down-august-28-9am-et,DOWN,9338724092615509281376318523880280769765270216791770008700391276125962114831,1756203782,2025-08-26 10:23:02,0.5
bitcoin-up-or-down-august-28-9am-et,DOWN,9338724092615509281376318523880280769765270216791770008700391276125962114831,1756203842,2025-08-26 10:24:02,0.5
bitcoin-up-or-down-august-28-9am-et,DOWN,9338724092615509281376318523880280769765270216791770008700391276125962114831,1756203903,2025-08-26 10:25:03,0.5
bitcoin-up-or-down-august-28-9am-et,DOWN,9338724092615509281376318523880280769765270216791770008700391276125962114831,1756203962,2025-08-26 10:26:02,0.5
bitcoin-up-or-down-august-28-9am-et,DOWN,9338724092615509281376318523880280769765270216791770008700391276125962114831,1756204023,2025-08-26 10:27:03,0.5
bitcoin-up-or-down-august-28-9am-et,DOWN,9338724092615509281376318523880280769765270216791770008700391276125962114831,1756204082,2025-08-26 10:28:02,0.5
bitcoin-up-or-down-august-28-9am-et,DOWN,9338724092615509281376318523880280769765270216791770008700391276125962114831,1756204142,2025-08-26 10:29:02,0.5
bitcoin-up-or-down-august-28-9am-et,DOWN,9338724092615509281376318523880280769765270216791770008700391276125962114831,1756204206,2025-08-26 10:30:06,0.5
bitcoin-up-or-down-august-28-9am-et,DOWN,9338724092615509281376318523880280769765270216791770008700391276125962114831,1756204262,2025-08-26 10:31:02,0.5
bitcoin-up-or-down-august-28-9am-et,DOWN,9338724092615509281376318523880280769765270216791770008700391276125962114831,1756204323,2025-08-26 10:32:03,0.5
bitcoin-up-or-down-august-28-9am-et,DOWN,9338724092615509281376318523880280769765270216791770008700391276125962114831,1756204384,2025-08-26 10:33:04,0.5
bitcoin-up-or-down-august-28-9am-et,DOWN,9338724092615509281376318523880280769765270216791770008700391276125962114831,1756204443,2025-08-26 10:34:03,0.5
bitcoin-up-or-down-august-28-9am-et,DOWN,9338724092615509281376318523880280769765270216791770008700391276125962114831,1756204503,2025-08-26 10:35:03,0.5
bitcoin-up-or-down-august-28-9am-et,DOWN,9338724092615509281376318523880280769765270216791770008700391276125962114831,1756204562,2025-08-26 10:36:02,0.5
bitcoin-up-or-down-august-28-9am-et,DOWN,9338724092615509281376318523880280769765270216791770008700391276125962114831,1756204622,2025-08-26 10:37:02,0.5
bitcoin-up-or-down-august-28-9am-et,DOWN,9338724092615509281376318523880280769765270216791770008700391276125962114831,1756204682,2025-08-26 10:38:02,0.5
bitcoin-up-or-down-august-28-9am-et,DOWN,9338724092615509281376318523880280769765270216791770008700391276125962114831,1756204743,2025-08-26 10:39:03,0.5
bitcoin-up-or-down-august-28-9am-et,DOWN,9338724092615509281376318523880280769765270216791770008700391276125962114831,1756204804,2025-08-26 10:40:04,0.5
bitcoin-up-or-down-august-28-9am-et,DOWN,9338724092615509281376318523880280769765270216791770008700391276125962114831,1756204862,2025-08-26 10:41:02,0.5
bitcoin-up-or-down-august-28-9am-et,DOWN,9338724092615509281376318523880280769765270216791770008700391276125962114831,1756204922,2025-08-26 10:42:02,0.5
bitcoin-up-or-down-august-28-9am-et,DOWN,9338724092615509281376318523880280769765270216791770008700391276125962114831,1756204983,2025-08-26 10:43:03,0.5
bitcoin-up-or-down-august-28-9am-et,DOWN,9338724092615509281376318523880280769765270216791770008700391276125962114831,1756205047,2025-08-26 10:44:07,0.5
bitcoin-up-or-down-august-28-9am-et,DOWN,9338724092615509281376318523880280769765270216791770008700391276125962114831,1756205104,2025-08-26 10:45:04,0.5
bitcoin-up-or-down-august-28-9am-et,DOWN,9338724092615509281376318523880280769765270216791770008700391276125962114831,1756205162,2025-08-26 10:46:02,0.5
bitcoin-up-or-down-august-28-9am-et,DOWN,9338724092615509281376318523880280769765270216791770008700391276125962114831,1756205222,2025-08-26 10:47:02,0.5
bitcoin-up-or-down-august-28-9am-et,DOWN,9338724092615509281376318523880280769765270216791770008700391276125962114831,1756205282,2025-08-26 10:48:02,0.5
bitcoin-up-or-down-august-28-9am-et,DOWN,9338724092615509281376318523880280769765270216791770008700391276125962114831,1756205343,2025-08-26 10:49:03,0.5
bitcoin-up-or-down-august-28-9am-et,DOWN,9338724092615509281376318523880280769765270216791770008700391276125962114831,1756205403,2025-08-26 10:50:03,0.5
bitcoin-up-or-down-august-28-9am-et,DOWN,9338724092615509281376318523880280769765270216791770008700391276125962114831,1756205463,2025-08-26 10:51:03,0.5
bitcoin-up-or-down-august-28-9am-et,DOWN,9338724092615509281376318523880280769765270216791770008700391276125962114831,1756205522,2025-08-26 10:52:02,0.5
bitcoin-up-or-down-august-28-9am-et,DOWN,9338724092615509281376318523880280769765270216791770008700391276125962114831,1756205583,2025-08-26 10:53:03,0.5
bitcoin-up-or-down-august-28-9am-et,DOWN,9338724092615509281376318523880280769765270216791770008700391276125962114831,1756205643,2025-08-26 10:54:03,0.5
bitcoin-up-or-down-august-28-9am-et,DOWN,9338724092615509281376318523880280769765270216791770008700391276125962114831,1756205702,2025-08-26 10:55:02,0.5
bitcoin-up-or-down-august-28-9am-et,DOWN,9338724092615509281376318523880280769765270216791770008700391276125962114831,1756205764,2025-08-26 10:56:04,0.5
bitcoin-up-or-down-august-28-9am-et,DOWN,9338724092615509281376318523880280769765270216791770008700391276125962114831,1756205823,2025-08-26 10:57:03,0.5
bitcoin-up-or-down-august-28-9am-et,DOWN,9338724092615509281376318523880280769765270216791770008700391276125962114831,1756205884,2025-08-26 10:58:04,0.5
bitcoin-up-or-down-august-28-9am-et,DOWN,9338724092615509281376318523880280769765270216791770008700391276125962114831,1756205943,2025-08-26 10:59:03,0.5
bitcoin-up-or-down-august-28-9am-et,DOWN,9338724092615509281376318523880280769765270216791770008700391276125962114831,1756206013,2025-08-26 11:00:13,0.5
bitcoin-up-or-down-august-28-9am-et,DOWN,9338724092615509281376318523880280769765270216791770008700391276125962114831,1756206063,2025-08-26 11:01:03,0.5
bitcoin-up-or-down-august-28-9am-et,DOWN,9338724092615509281376318523880280769765270216791770008700391276125962114831,1756206123,2025-08-26 11:02:03,0.5
bitcoin-up-or-down-august-28-9am-et,DOWN,9338724092615509281376318523880280769765270216791770008700391276125962114831,1756206184,2025-08-26 11:03:04,0.5
bitcoin-up-or-down-august-28-9am-et,DOWN,9338724092615509281376318523880280769765270216791770008700391276125962114831,1756206242,2025-08-26 11:04:02,0.5
bitcoin-up-or-down-august-28-9am-et,DOWN,9338724092615509281376318523880280769765270216791770008700391276125962114831,1756206304,2025-08-26 11:05:04,0.5
bitcoin-up-or-down-august-28-9am-et,DOWN,9338724092615509281376318523880280769765270216791770008700391276125962114831,1756206363,2025-08-26 11:06:03,0.5
bitcoin-up-or-down-august-28-9am-et,DOWN,9338724092615509281376318523880280769765270216791770008700391276125962114831,1756206423,2025-08-26 11:07:03,0.5
bitcoin-up-or-down-august-28-9am-et,DOWN,9338724092615509281376318523880280769765270216791770008700391276125962114831,1756206482,2025-08-26 11:08:02,0.5
bitcoin-up-or-down-august-28-9am-et,DOWN,9338724092615509281376318523880280769765270216791770008700391276125962114831,1756206542,2025-08-26 11:09:02,0.5
bitcoin-up-or-down-august-28-9am-et,DOWN,9338724092615509281376318523880280769765270216791770008700391276125962114831,1756206602,2025-08-26 11:10:02,0.5
bitcoin-up-or-down-august-28-9am-et,DOWN,9338724092615509281376318523880280769765270216791770008700391276125962114831,1756206662,2025-08-26 11:11:02,0.5
bitcoin-up-or-down-august-28-9am-et,DOWN,9338724092615509281376318523880280769765270216791770008700391276125962114831,1756206723,2025-08-26 11:12:03,0.5
bitcoin-up-or-down-august-28-9am-et,DOWN,9338724092615509281376318523880280769765270216791770008700391276125962114831,1756206782,2025-08-26 11:13:02,0.5
bitcoin-up-or-down-august-28-9am-et,DOWN,9338724092615509281376318523880280769765270216791770008700391276125962114831,1756206842,2025-08-26 11:14:02,0.5
bitcoin-up-or-down-august-28-9am-et,DOWN,9338724092615509281376318523880280769765270216791770008700391276125962114831,1756206902,2025-08-26 11:15:02,0.5
bitcoin-up-or-down-august-28-9am-et,DOWN,9338724092615509281376318523880280769765270216791770008700391276125962114831,1756206962,2025-08-26 11:16:02,0.5
bitcoin-up-or-down-august-28-9am-et,DOWN,9338724092615509281376318523880280769765270216791770008700391276125962114831,1756207023,2025-08-26 11:17:03,0.5
bitcoin-up-or-down-august-28-9am-et,DOWN,9338724092615509281376318523880280769765270216791770008700391276125962114831,1756207083,2025-08-26 11:18:03,0.5
bitcoin-up-or-down-august-28-9am-et,DOWN,9338724092615509281376318523880280769765270216791770008700391276125962114831,1756207143,2025-08-26 11:19:03,0.5
bitcoin-up-or-down-august-28-9am-et,DOWN,9338724092615509281376318523880280769765270216791770008700391276125962114831,1756207203,2025-08-26 11:20:03,0.5
bitcoin-up-or-down-august-28-9am-et,DOWN,9338724092615509281376318523880280769765270216791770008700391276125962114831,1756207262,2025-08-26 11:21:02,0.5
bitcoin-up-or-down-august-28-9am-et,DOWN,9338724092615509281376318523880280769765270216791770008700391276125962114831,1756207322,2025-08-26 11:22:02,0.5
bitcoin-up-or-down-august-28-9am-et,DOWN,9338724092615509281376318523880280769765270216791770008700391276125962114831,1756207382,2025-08-26 11:23:02,0.5
bitcoin-up-or-down-august-28-9am-et,DOWN,9338724092615509281376318523880280769765270216791770008700391276125962114831,1756207443,2025-08-26 11:24:03,0.5
bitcoin-up-or-down-august-28-9am-et,DOWN,9338724092615509281376318523880280769765270216791770008700391276125962114831,1756207503,2025-08-26 11:25:03,0.5
bitcoin-up-or-down-august-28-9am-et,DOWN,9338724092615509281376318523880280769765270216791770008700391276125962114831,1756207565,2025-08-26 11:26:05,0.5
bitcoin-up-or-down-august-28-9am-et,DOWN,9338724092615509281376318523880280769765270216791770008700391276125962114831,1756207622,2025-08-26 11:27:02,0.5
bitcoin-up-or-down-august-28-9am-et,DOWN,9338724092615509281376318523880280769765270216791770008700391276125962114831,1756207683,2025-08-26 11:28:03,0.5
bitcoin-up-or-down-august-28-9am-et,DOWN,9338724092615509281376318523880280769765270216791770008700391276125962114831,1756207742,2025-08-26 11:29:02,0.5
bitcoin-up-or-down-august-28-9am-et,DOWN,9338724092615509281376318523880280769765270216791770008700391276125962114831,1756207802,2025-08-26 11:30:02,0.5
bitcoin-up-or-down-august-28-9am-et,DOWN,9338724092615509281376318523880280769765270216791770008700391276125962114831,1756207863,2025-08-26 11:31:03,0.5
bitcoin-up-or-down-august-28-9am-et,DOWN,9338724092615509281376318523880280769765270216791770008700391276125962114831,1756207922,2025-08-26 11:32:02,0.5
bitcoin-up-or-down-august-28-9am-et,DOWN,9338724092615509281376318523880280769765270216791770008700391276125962114831,1756207983,2025-08-26 11:33:03,0.5
bitcoin-up-or-down-august-28-9am-et,DOWN,9338724092615509281376318523880280769765270216791770008700391276125962114831,1756208042,2025-08-26 11:34:02,0.5
bitcoin-up-or-down-august-28-9am-et,DOWN,9338724092615509281376318523880280769765270216791770008700391276125962114831,1756208102,2025-08-26 11:35:02,0.5
bitcoin-up-or-down-august-28-9am-et,DOWN,9338724092615509281376318523880280769765270216791770008700391276125962114831,1756208164,2025-08-26 11:36:04,0.5
bitcoin-up-or-down-august-28-9am-et,DOWN,9338724092615509281376318523880280769765270216791770008700391276125962114831,1756208223,2025-08-26 11:37:03,0.5
bitcoin-up-or-down-august-28-9am-et,DOWN,9338724092615509281376318523880280769765270216791770008700391276125962114831,1756208282,2025-08-26 11:38:02,0.5
bitcoin-up-or-down-august-28-9am-et,DOWN,9338724092615509281376318523880280769765270216791770008700391276125962114831,1756208342,2025-08-26 11:39:02,0.5
bitcoin-up-or-down-august-28-9am-et,DOWN,9338724092615509281376318523880280769765270216791770008700391276125962114831,1756208402,2025-08-26 11:40:02,0.5
bitcoin-up-or-down-august-28-9am-et,DOWN,9338724092615509281376318523880280769765270216791770008700391276125962114831,1756208462,2025-08-26 11:41:02,0.5
bitcoin-up-or-down-august-28-9am-et,DOWN,9338724092615509281376318523880280769765270216791770008700391276125962114831,1756208522,2025-08-26 11:42:02,0.5
bitcoin-up-or-down-august-28-9am-et,DOWN,9338724092615509281376318523880280769765270216791770008700391276125962114831,1756208583,2025-08-26 11:43:03,0.5
bitcoin-up-or-down-august-28-9am-et,DOWN,9338724092615509281376318523880280769765270216791770008700391276125962114831,1756208642,2025-08-26 11:44:02,0.5
bitcoin-up-or-down-august-28-9am-et,DOWN,9338724092615509281376318523880280769765270216791770008700391276125962114831,1756208704,2025-08-26 11:45:04,0.5
bitcoin-up-or-down-august-28-9am-et,DOWN,9338724092615509281376318523880280769765270216791770008700391276125962114831,1756208762,2025-08-26 11:46:02,0.5
bitcoin-up-or-down-august-28-9am-et,DOWN,9338724092615509281376318523880280769765270216791770008700391276125962114831,1756208823,2025-08-26 11:47:03,0.5
bitcoin-up-or-down-august-28-9am-et,DOWN,9338724092615509281376318523880280769765270216791770008700391276125962114831,1756208882,2025-08-26 11:48:02,0.5
bitcoin-up-or-down-august-28-9am-et,DOWN,9338724092615509281376318523880280769765270216791770008700391276125962114831,1756208942,2025-08-26 11:49:02,0.5
bitcoin-up-or-down-august-28-9am-et,DOWN,9338724092615509281376318523880280769765270216791770008700391276125962114831,1756209004,2025-08-26 11:50:04,0.5
bitcoin-up-or-down-august-28-9am-et,DOWN,9338724092615509281376318523880280769765270216791770008700391276125962114831,1756209063,2025-08-26 11:51:03,0.5
bitcoin-up-or-down-august-28-9am-et,DOWN,9338724092615509281376318523880280769765270216791770008700391276125962114831,1756209122,2025-08-26 11:52:02,0.5
bitcoin-up-or-down-august-28-9am-et,DOWN,9338724092615509281376318523880280769765270216791770008700391276125962114831,1756209183,2025-08-26 11:53:03,0.5
bitcoin-up-or-down-august-28-9am-et,DOWN,9338724092615509281376318523880280769765270216791770008700391276125962114831,1756209242,2025-08-26 11:54:02,0.5
bitcoin-up-or-down-august-28-9am-et,DOWN,9338724092615509281376318523880280769765270216791770008700391276125962114831,1756209303,2025-08-26 11:55:03,0.5
bitcoin-up-or-down-august-28-9am-et,DOWN,9338724092615509281376318523880280769765270216791770008700391276125962114831,1756209363,2025-08-26 11:56:03,0.5
bitcoin-up-or-down-august-28-9am-et,DOWN,9338724092615509281376318523880280769765270216791770008700391276125962114831,1756209423,2025-08-26 11:57:03,0.5
bitcoin-up-or-down-august-28-9am-et,DOWN,9338724092615509281376318523880280769765270216791770008700391276125962114831,1756209482,2025-08-26 11:58:02,0.5
bitcoin-up-or-down-august-28-9am-et,DOWN,9338724092615509281376318523880280769765270216791770008700391276125962114831,1756209543,2025-08-26 11:59:03,0.5
bitcoin-up-or-down-august-28-9am-et,DOWN,9338724092615509281376318523880280769765270216791770008700391276125962114831,1756209609,2025-08-26 12:00:09,0.5
bitcoin-up-or-down-august-28-9am-et,DOWN,9338724092615509281376318523880280769765270216791770008700391276125962114831,1756209662,2025-08-26 12:01:02,0.5
bitcoin-up-or-down-august-28-9am-et,DOWN,9338724092615509281376318523880280769765270216791770008700391276125962114831,1756209722,2025-08-26 12:02:02,0.5
bitcoin-up-or-down-august-28-9am-et,DOWN,9338724092615509281376318523880280769765270216791770008700391276125962114831,1756209783,2025-08-26 12:03:03,0.5
bitcoin-up-or-down-august-28-9am-et,DOWN,9338724092615509281376318523880280769765270216791770008700391276125962114831,1756209842,2025-08-26 12:04:02,0.5
bitcoin-up-or-down-august-28-9am-et,DOWN,9338724092615509281376318523880280769765270216791770008700391276125962114831,1756209902,2025-08-26 12:05:02,0.5
bitcoin-up-or-down-august-28-9am-et,DOWN,9338724092615509281376318523880280769765270216791770008700391276125962114831,1756209962,2025-08-26 12:06:02,0.5
bitcoin-up-or-down-august-28-9am-et,DOWN,9338724092615509281376318523880280769765270216791770008700391276125962114831,1756210023,2025-08-26 12:07:03,0.5
bitcoin-up-or-down-august-28-9am-et,DOWN,9338724092615509281376318523880280769765270216791770008700391276125962114831,1756210082,2025-08-26 12:08:02,0.5
bitcoin-up-or-down-august-28-9am-et,DOWN,9338724092615509281376318523880280769765270216791770008700391276125962114831,1756210143,2025-08-26 12:09:03,0.5
bitcoin-up-or-down-august-28-9am-et,DOWN,9338724092615509281376318523880280769765270216791770008700391276125962114831,1756210202,2025-08-26 12:10:02,0.5
bitcoin-up-or-down-august-28-9am-et,DOWN,9338724092615509281376318523880280769765270216791770008700391276125962114831,1756210262,2025-08-26 12:11:02,0.5
bitcoin-up-or-down-august-28-9am-et,DOWN,9338724092615509281376318523880280769765270216791770008700391276125962114831,1756210322,2025-08-26 12:12:02,0.5
bitcoin-up-or-down-august-28-9am-et,DOWN,9338724092615509281376318523880280769765270216791770008700391276125962114831,1756210383,2025-08-26 12:13:03,0.5
bitcoin-up-or-down-august-28-9am-et,DOWN,9338724092615509281376318523880280769765270216791770008700391276125962114831,1756210442,2025-08-26 12:14:02,0.5
bitcoin-up-or-down-august-28-9am-et,DOWN,9338724092615509281376318523880280769765270216791770008700391276125962114831,1756210502,2025-08-26 12:15:02,0.5
bitcoin-up-or-down-august-28-9am-et,DOWN,9338724092615509281376318523880280769765270216791770008700391276125962114831,1756210562,2025-08-26 12:16:02,0.5
bitcoin-up-or-down-august-28-9am-et,DOWN,9338724092615509281376318523880280769765270216791770008700391276125962114831,1756210623,2025-08-26 12:17:03,0.5
bitcoin-up-or-down-august-28-9am-et,DOWN,9338724092615509281376318523880280769765270216791770008700391276125962114831,1756210683,2025-08-26 12:18:03,0.5
bitcoin-up-or-down-august-28-9am-et,DOWN,9338724092615509281376318523880280769765270216791770008700391276125962114831,1756210743,2025-08-26 12:19:03,0.5
bitcoin-up-or-down-august-28-9am-et,DOWN,9338724092615509281376318523880280769765270216791770008700391276125962114831,1756210804,2025-08-26 12:20:04,0.5
bitcoin-up-or-down-august-28-9am-et,DOWN,9338724092615509281376318523880280769765270216791770008700391276125962114831,1756210863,2025-08-26 12:21:03,0.5
bitcoin-up-or-down-august-28-9am-et,DOWN,9338724092615509281376318523880280769765270216791770008700391276125962114831,1756210923,2025-08-26 12:22:03,0.5
bitcoin-up-or-down-august-28-9am-et,DOWN,9338724092615509281376318523880280769765270216791770008700391276125962114831,1756210983,2025-08-26 12:23:03,0.5
bitcoin-up-or-down-august-28-9am-et,DOWN,9338724092615509281376318523880280769765270216791770008700391276125962114831,1756211043,2025-08-26 12:24:03,0.5
bitcoin-up-or-down-august-28-9am-et,DOWN,9338724092615509281376318523880280769765270216791770008700391276125962114831,1756211103,2025-08-26 12:25:03,0.5
bitcoin-up-or-down-august-28-9am-et,DOWN,9338724092615509281376318523880280769765270216791770008700391276125962114831,1756211169,2025-08-26 12:26:09,0.5
bitcoin-up-or-down-august-28-9am-et,DOWN,9338724092615509281376318523880280769765270216791770008700391276125962114831,1756211224,2025-08-26 12:27:04,0.5
bitcoin-up-or-down-august-28-9am-et,DOWN,9338724092615509281376318523880280769765270216791770008700391276125962114831,1756211283,2025-08-26 12:28:03,0.5
bitcoin-up-or-down-august-28-9am-et,DOWN,9338724092615509281376318523880280769765270216791770008700391276125962114831,1756211343,2025-08-26 12:29:03,0.5
bitcoin-up-or-down-august-28-9am-et,DOWN,9338724092615509281376318523880280769765270216791770008700391276125962114831,1756211405,2025-08-26 12:30:05,0.5
bitcoin-up-or-down-august-28-9am-et,DOWN,9338724092615509281376318523880280769765270216791770008700391276125962114831,1756211463,2025-08-26 12:31:03,0.5
bitcoin-up-or-down-august-28-9am-et,DOWN,9338724092615509281376318523880280769765270216791770008700391276125962114831,1756211522,2025-08-26 12:32:02,0.5
bitcoin-up-or-down-august-28-9am-et,DOWN,9338724092615509281376318523880280769765270216791770008700391276125962114831,1756211584,2025-08-26 12:33:04,0.5
bitcoin-up-or-down-august-28-9am-et,DOWN,9338724092615509281376318523880280769765270216791770008700391276125962114831,1756211643,2025-08-26 12:34:03,0.5
bitcoin-up-or-down-august-28-9am-et,DOWN,9338724092615509281376318523880280769765270216791770008700391276125962114831,1756211704,2025-08-26 12:35:04,0.5
bitcoin-up-or-down-august-28-9am-et,DOWN,9338724092615509281376318523880280769765270216791770008700391276125962114831,1756211762,2025-08-26 12:36:02,0.5
bitcoin-up-or-down-august-28-9am-et,DOWN,9338724092615509281376318523880280769765270216791770008700391276125962114831,1756211822,2025-08-26 12:37:02,0.5
bitcoin-up-or-down-august-28-9am-et,DOWN,9338724092615509281376318523880280769765270216791770008700391276125962114831,1756211882,2025-08-26 12:38:02,0.5
bitcoin-up-or-down-august-28-9am-et,DOWN,9338724092615509281376318523880280769765270216791770008700391276125962114831,1756211942,2025-08-26 12:39:02,0.5
bitcoin-up-or-down-august-28-9am-et,DOWN,9338724092615509281376318523880280769765270216791770008700391276125962114831,1756212004,2025-08-26 12:40:04,0.5
bitcoin-up-or-down-august-28-9am-et,DOWN,9338724092615509281376318523880280769765270216791770008700391276125962114831,1756212062,2025-08-26 12:41:02,0.5
bitcoin-up-or-down-august-28-9am-et,DOWN,9338724092615509281376318523880280769765270216791770008700391276125962114831,1756212122,2025-08-26 12:42:02,0.5
bitcoin-up-or-down-august-28-9am-et,DOWN,9338724092615509281376318523880280769765270216791770008700391276125962114831,1756212182,2025-08-26 12:43:02,0.5
bitcoin-up-or-down-august-28-9am-et,DOWN,9338724092615509281376318523880280769765270216791770008700391276125962114831,1756212243,2025-08-26 12:44:03,0.5
bitcoin-up-or-down-august-28-9am-et,DOWN,9338724092615509281376318523880280769765270216791770008700391276125962114831,1756212302,2025-08-26 12:45:02,0.5
bitcoin-up-or-down-august-28-9am-et,DOWN,9338724092615509281376318523880280769765270216791770008700391276125962114831,1756212362,2025-08-26 12:46:02,0.5
bitcoin-up-or-down-august-28-9am-et,DOWN,9338724092615509281376318523880280769765270216791770008700391276125962114831,1756212423,2025-08-26 12:47:03,0.5
bitcoin-up-or-down-august-28-9am-et,DOWN,9338724092615509281376318523880280769765270216791770008700391276125962114831,1756212482,2025-08-26 12:48:02,0.5
bitcoin-up-or-down-august-28-9am-et,DOWN,9338724092615509281376318523880280769765270216791770008700391276125962114831,1756212542,2025-08-26 12:49:02,0.5
bitcoin-up-or-down-august-28-9am-et,DOWN,9338724092615509281376318523880280769765270216791770008700391276125962114831,1756212604,2025-08-26 12:50:04,0.5
bitcoin-up-or-down-august-28-9am-et,DOWN,9338724092615509281376318523880280769765270216791770008700391276125962114831,1756212662,2025-08-26 12:51:02,0.5
bitcoin-up-or-down-august-28-9am-et,DOWN,9338724092615509281376318523880280769765270216791770008700391276125962114831,1756212722,2025-08-26 12:52:02,0.5
bitcoin-up-or-down-august-28-9am-et,DOWN,9338724092615509281376318523880280769765270216791770008700391276125962114831,1756212783,2025-08-26 12:53:03,0.5
bitcoin-up-or-down-august-28-9am-et,DOWN,9338724092615509281376318523880280769765270216791770008700391276125962114831,1756212843,2025-08-26 12:54:03,0.5
bitcoin-up-or-down-august-28-9am-et,DOWN,9338724092615509281376318523880280769765270216791770008700391276125962114831,1756212902,2025-08-26 12:55:02,0.5
bitcoin-up-or-down-august-28-9am-et,DOWN,9338724092615509281376318523880280769765270216791770008700391276125962114831,1756212963,2025-08-26 12:56:03,0.5
bitcoin-up-or-down-august-28-9am-et,DOWN,9338724092615509281376318523880280769765270216791770008700391276125962114831,1756213023,2025-08-26 12:57:03,0.5
bitcoin-up-or-down-august-28-9am-et,DOWN,9338724092615509281376318523880280769765270216791770008700391276125962114831,1756213083,2025-08-26 12:58:03,0.5
bitcoin-up-or-down-august-28-9am-et,DOWN,9338724092615509281376318523880280769765270216791770008700391276125962114831,1756213142,2025-08-26 12:59:02,0.5
bitcoin-up-or-down-august-28-9am-et,DOWN,9338724092615509281376318523880280769765270216791770008700391276125962114831,1756213210,2025-08-26 13:00:10,0.5
bitcoin-up-or-down-august-28-9am-et,DOWN,9338724092615509281376318523880280769765270216791770008700391276125962114831,1756213262,2025-08-26 13:01:02,0.5
bitcoin-up-or-down-august-28-9am-et,DOWN,9338724092615509281376318523880280769765270216791770008700391276125962114831,1756213323,2025-08-26 13:02:03,0.5
bitcoin-up-or-down-august-28-9am-et,DOWN,9338724092615509281376318523880280769765270216791770008700391276125962114831,1756213383,2025-08-26 13:03:03,0.5
bitcoin-up-or-down-august-28-9am-et,DOWN,9338724092615509281376318523880280769765270216791770008700391276125962114831,1756213443,2025-08-26 13:04:03,0.5
bitcoin-up-or-down-august-28-9am-et,DOWN,9338724092615509281376318523880280769765270216791770008700391276125962114831,1756213502,2025-08-26 13:05:02,0.5
bitcoin-up-or-down-august-28-9am-et,DOWN,9338724092615509281376318523880280769765270216791770008700391276125962114831,1756213562,2025-08-26 13:06:02,0.5
bitcoin-up-or-down-august-28-9am-et,DOWN,9338724092615509281376318523880280769765270216791770008700391276125962114831,1756213622,2025-08-26 13:07:02,0.5
bitcoin-up-or-down-august-28-9am-et,DOWN,9338724092615509281376318523880280769765270216791770008700391276125962114831,1756213682,2025-08-26 13:08:02,0.5
bitcoin-up-or-down-august-28-9am-et,DOWN,9338724092615509281376318523880280769765270216791770008700391276125962114831,1756213742,2025-08-26 13:09:02,0.5
bitcoin-up-or-down-august-28-9am-et,DOWN,9338724092615509281376318523880280769765270216791770008700391276125962114831,1756213802,2025-08-26 13:10:02,0.5
bitcoin-up-or-down-august-28-9am-et,DOWN,9338724092615509281376318523880280769765270216791770008700391276125962114831,1756213863,2025-08-26 13:11:03,0.5
bitcoin-up-or-down-august-28-9am-et,DOWN,9338724092615509281376318523880280769765270216791770008700391276125962114831,1756213923,2025-08-26 13:12:03,0.5
bitcoin-up-or-down-august-28-9am-et,DOWN,9338724092615509281376318523880280769765270216791770008700391276125962114831,1756213982,2025-08-26 13:13:02,0.5
bitcoin-up-or-down-august-28-9am-et,DOWN,9338724092615509281376318523880280769765270216791770008700391276125962114831,1756214043,2025-08-26 13:14:03,0.5
bitcoin-up-or-down-august-28-9am-et,DOWN,9338724092615509281376318523880280769765270216791770008700391276125962114831,1756214102,2025-08-26 13:15:02,0.5
bitcoin-up-or-down-august-28-9am-et,DOWN,9338724092615509281376318523880280769765270216791770008700391276125962114831,1756214162,2025-08-26 13:16:02,0.5
bitcoin-up-or-down-august-28-9am-et,DOWN,9338724092615509281376318523880280769765270216791770008700391276125962114831,1756214222,2025-08-26 13:17:02,0.5
bitcoin-up-or-down-august-28-9am-et,DOWN,9338724092615509281376318523880280769765270216791770008700391276125962114831,1756214283,2025-08-26 13:18:03,0.5
bitcoin-up-or-down-august-28-9am-et,DOWN,9338724092615509281376318523880280769765270216791770008700391276125962114831,1756214343,2025-08-26 13:19:03,0.5
bitcoin-up-or-down-august-28-9am-et,DOWN,9338724092615509281376318523880280769765270216791770008700391276125962114831,1756214402,2025-08-26 13:20:02,0.5
bitcoin-up-or-down-august-28-9am-et,DOWN,9338724092615509281376318523880280769765270216791770008700391276125962114831,1756214462,2025-08-26 13:21:02,0.5
bitcoin-up-or-down-august-28-9am-et,DOWN,9338724092615509281376318523880280769765270216791770008700391276125962114831,1756214522,2025-08-26 13:22:02,0.5
bitcoin-up-or-down-august-28-9am-et,DOWN,9338724092615509281376318523880280769765270216791770008700391276125962114831,1756214583,2025-08-26 13:23:03,0.5
bitcoin-up-or-down-august-28-9am-et,DOWN,9338724092615509281376318523880280769765270216791770008700391276125962114831,1756214643,2025-08-26 13:24:03,0.5
bitcoin-up-or-down-august-28-9am-et,DOWN,9338724092615509281376318523880280769765270216791770008700391276125962114831,1756214702,2025-08-26 13:25:02,0.5
bitcoin-up-or-down-august-28-9am-et,DOWN,9338724092615509281376318523880280769765270216791770008700391276125962114831,1756214767,2025-08-26 13:26:07,0.5
bitcoin-up-or-down-august-28-9am-et,DOWN,9338724092615509281376318523880280769765270216791770008700391276125962114831,1756214823,2025-08-26 13:27:03,0.5
bitcoin-up-or-down-august-28-9am-et,DOWN,9338724092615509281376318523880280769765270216791770008700391276125962114831,1756214882,2025-08-26 13:28:02,0.5
bitcoin-up-or-down-august-28-9am-et,DOWN,9338724092615509281376318523880280769765270216791770008700391276125962114831,1756214943,2025-08-26 13:29:03,0.5
bitcoin-up-or-down-august-28-9am-et,DOWN,9338724092615509281376318523880280769765270216791770008700391276125962114831,1756215007,2025-08-26 13:30:07,0.5
bitcoin-up-or-down-august-28-9am-et,DOWN,9338724092615509281376318523880280769765270216791770008700391276125962114831,1756215063,2025-08-26 13:31:03,0.5
bitcoin-up-or-down-august-28-9am-et,DOWN,9338724092615509281376318523880280769765270216791770008700391276125962114831,1756215123,2025-08-26 13:32:03,0.5
bitcoin-up-or-down-august-28-9am-et,DOWN,9338724092615509281376318523880280769765270216791770008700391276125962114831,1756215182,2025-08-26 13:33:02,0.5
bitcoin-up-or-down-august-28-9am-et,DOWN,9338724092615509281376318523880280769765270216791770008700391276125962114831,1756215242,2025-08-26 13:34:02,0.5
bitcoin-up-or-down-august-28-9am-et,DOWN,9338724092615509281376318523880280769765270216791770008700391276125962114831,1756215303,2025-08-26 13:35:03,0.5
bitcoin-up-or-down-august-28-9am-et,DOWN,9338724092615509281376318523880280769765270216791770008700391276125962114831,1756215363,2025-08-26 13:36:03,0.5
bitcoin-up-or-down-august-28-9am-et,DOWN,9338724092615509281376318523880280769765270216791770008700391276125962114831,1756215423,2025-08-26 13:37:03,0.5
bitcoin-up-or-down-august-28-9am-et,DOWN,9338724092615509281376318523880280769765270216791770008700391276125962114831,1756215483,2025-08-26 13:38:03,0.5
bitcoin-up-or-down-august-28-9am-et,DOWN,9338724092615509281376318523880280769765270216791770008700391276125962114831,1756215543,2025-08-26 13:39:03,0.5
bitcoin-up-or-down-august-28-9am-et,DOWN,9338724092615509281376318523880280769765270216791770008700391276125962114831,1756215603,2025-08-26 13:40:03,0.5
bitcoin-up-or-down-august-28-9am-et,DOWN,9338724092615509281376318523880280769765270216791770008700391276125962114831,1756215662,2025-08-26 13:41:02,0.5
bitcoin-up-or-down-august-28-9am-et,DOWN,9338724092615509281376318523880280769765270216791770008700391276125962114831,1756215723,2025-08-26 13:42:03,0.5
bitcoin-up-or-down-august-28-9am-et,DOWN,9338724092615509281376318523880280769765270216791770008700391276125962114831,1756215783,2025-08-26 13:43:03,0.5
bitcoin-up-or-down-august-28-9am-et,DOWN,9338724092615509281376318523880280769765270216791770008700391276125962114831,1756215843,2025-08-26 13:44:03,0.5
bitcoin-up-or-down-august-28-9am-et,DOWN,9338724092615509281376318523880280769765270216791770008700391276125962114831,1756215905,2025-08-26 13:45:05,0.5
bitcoin-up-or-down-august-28-9am-et,DOWN,9338724092615509281376318523880280769765270216791770008700391276125962114831,1756215963,2025-08-26 13:46:03,0.5
bitcoin-up-or-down-august-28-9am-et,DOWN,9338724092615509281376318523880280769765270216791770008700391276125962114831,1756216022,2025-08-26 13:47:02,0.5
bitcoin-up-or-down-august-28-9am-et,DOWN,9338724092615509281376318523880280769765270216791770008700391276125962114831,1756216083,2025-08-26 13:48:03,0.5
bitcoin-up-or-down-august-28-9am-et,DOWN,9338724092615509281376318523880280769765270216791770008700391276125962114831,1756216143,2025-08-26 13:49:03,0.5
bitcoin-up-or-down-august-28-9am-et,DOWN,9338724092615509281376318523880280769765270216791770008700391276125962114831,1756216203,2025-08-26 13:50:03,0.5
bitcoin-up-or-down-august-28-9am-et,DOWN,9338724092615509281376318523880280769765270216791770008700391276125962114831,1756216263,2025-08-26 13:51:03,0.5
bitcoin-up-or-down-august-28-9am-et,DOWN,9338724092615509281376318523880280769765270216791770008700391276125962114831,1756216325,2025-08-26 13:52:05,0.5
bitcoin-up-or-down-august-28-9am-et,DOWN,9338724092615509281376318523880280769765270216791770008700391276125962114831,1756216384,2025-08-26 13:53:04,0.5
bitcoin-up-or-down-august-28-9am-et,DOWN,9338724092615509281376318523880280769765270216791770008700391276125962114831,1756216443,2025-08-26 13:54:03,0.5
bitcoin-up-or-down-august-28-9am-et,DOWN,9338724092615509281376318523880280769765270216791770008700391276125962114831,1756216504,2025-08-26 13:55:04,0.5
bitcoin-up-or-down-august-28-9am-et,DOWN,9338724092615509281376318523880280769765270216791770008700391276125962114831,1756216562,2025-08-26 13:56:02,0.5
bitcoin-up-or-down-august-28-9am-et,DOWN,9338724092615509281376318523880280769765270216791770008700391276125962114831,1756216622,2025-08-26 13:57:02,0.5
bitcoin-up-or-down-august-28-9am-et,DOWN,9338724092615509281376318523880280769765270216791770008700391276125962114831,1756216682,2025-08-26 13:58:02,0.5
bitcoin-up-or-down-august-28-9am-et,DOWN,9338724092615509281376318523880280769765270216791770008700391276125962114831,1756216742,2025-08-26 13:59:02,0.5
bitcoin-up-or-down-august-28-9am-et,DOWN,9338724092615509281376318523880280769765270216791770008700391276125962114831,1756216802,2025-08-26 14:00:02,0.5
bitcoin-up-or-down-august-28-9am-et,DOWN,9338724092615509281376318523880280769765270216791770008700391276125962114831,1756216863,2025-08-26 14:01:03,0.5
bitcoin-up-or-down-august-28-9am-et,DOWN,9338724092615509281376318523880280769765270216791770008700391276125962114831,1756216923,2025-08-26 14:02:03,0.5
bitcoin-up-or-down-august-28-9am-et,DOWN,9338724092615509281376318523880280769765270216791770008700391276125962114831,1756216983,2025-08-26 14:03:03,0.5
bitcoin-up-or-down-august-28-9am-et,DOWN,9338724092615509281376318523880280769765270216791770008700391276125962114831,1756217042,2025-08-26 14:04:02,0.5
bitcoin-up-or-down-august-28-9am-et,DOWN,9338724092615509281376318523880280769765270216791770008700391276125962114831,1756217103,2025-08-26 14:05:03,0.5
bitcoin-up-or-down-august-28-9am-et,DOWN,9338724092615509281376318523880280769765270216791770008700391276125962114831,1756217162,2025-08-26 14:06:02,0.5
bitcoin-up-or-down-august-28-9am-et,DOWN,9338724092615509281376318523880280769765270216791770008700391276125962114831,1756217222,2025-08-26 14:07:02,0.5
bitcoin-up-or-down-august-28-9am-et,DOWN,9338724092615509281376318523880280769765270216791770008700391276125962114831,1756217283,2025-08-26 14:08:03,0.5
bitcoin-up-or-down-august-28-9am-et,DOWN,9338724092615509281376318523880280769765270216791770008700391276125962114831,1756217343,2025-08-26 14:09:03,0.5
bitcoin-up-or-down-august-28-9am-et,DOWN,9338724092615509281376318523880280769765270216791770008700391276125962114831,1756217403,2025-08-26 14:10:03,0.5
bitcoin-up-or-down-august-28-9am-et,DOWN,9338724092615509281376318523880280769765270216791770008700391276125962114831,1756217462,2025-08-26 14:11:02,0.5
bitcoin-up-or-down-august-28-9am-et,DOWN,9338724092615509281376318523880280769765270216791770008700391276125962114831,1756217524,2025-08-26 14:12:04,0.5
bitcoin-up-or-down-august-28-9am-et,DOWN,9338724092615509281376318523880280769765270216791770008700391276125962114831,1756217582,2025-08-26 14:13:02,0.5
bitcoin-up-or-down-august-28-9am-et,DOWN,9338724092615509281376318523880280769765270216791770008700391276125962114831,1756217643,2025-08-26 14:14:03,0.5
bitcoin-up-or-down-august-28-9am-et,DOWN,9338724092615509281376318523880280769765270216791770008700391276125962114831,1756217703,2025-08-26 14:15:03,0.5
bitcoin-up-or-down-august-28-9am-et,DOWN,9338724092615509281376318523880280769765270216791770008700391276125962114831,1756217763,2025-08-26 14:16:03,0.5
bitcoin-up-or-down-august-28-9am-et,DOWN,9338724092615509281376318523880280769765270216791770008700391276125962114831,1756217822,2025-08-26 14:17:02,0.5
bitcoin-up-or-down-august-28-9am-et,DOWN,9338724092615509281376318523880280769765270216791770008700391276125962114831,1756217883,2025-08-26 14:18:03,0.5
bitcoin-up-or-down-august-28-9am-et,DOWN,9338724092615509281376318523880280769765270216791770008700391276125962114831,1756217943,2025-08-26 14:19:03,0.5
bitcoin-up-or-down-august-28-9am-et,DOWN,9338724092615509281376318523880280769765270216791770008700391276125962114831,1756218002,2025-08-26 14:20:02,0.5
bitcoin-up-or-down-august-28-9am-et,DOWN,9338724092615509281376318523880280769765270216791770008700391276125962114831,1756218063,2025-08-26 14:21:03,0.5
bitcoin-up-or-down-august-28-9am-et,DOWN,9338724092615509281376318523880280769765270216791770008700391276125962114831,1756218123,2025-08-26 14:22:03,0.5
bitcoin-up-or-down-august-28-9am-et,DOWN,9338724092615509281376318523880280769765270216791770008700391276125962114831,1756218184,2025-08-26 14:23:04,0.5
bitcoin-up-or-down-august-28-9am-et,DOWN,9338724092615509281376318523880280769765270216791770008700391276125962114831,1756218242,2025-08-26 14:24:02,0.5
bitcoin-up-or-down-august-28-9am-et,DOWN,9338724092615509281376318523880280769765270216791770008700391276125962114831,1756218302,2025-08-26 14:25:02,0.5
bitcoin-up-or-down-august-28-9am-et,DOWN,9338724092615509281376318523880280769765270216791770008700391276125962114831,1756218362,2025-08-26 14:26:02,0.5
bitcoin-up-or-down-august-28-9am-et,DOWN,9338724092615509281376318523880280769765270216791770008700391276125962114831,1756218428,2025-08-26 14:27:08,0.5
bitcoin-up-or-down-august-28-9am-et,DOWN,9338724092615509281376318523880280769765270216791770008700391276125962114831,1756218482,2025-08-26 14:28:02,0.5
bitcoin-up-or-down-august-28-9am-et,DOWN,9338724092615509281376318523880280769765270216791770008700391276125962114831,1756218543,2025-08-26 14:29:03,0.5
bitcoin-up-or-down-august-28-9am-et,DOWN,9338724092615509281376318523880280769765270216791770008700391276125962114831,1756218608,2025-08-26 14:30:08,0.5
bitcoin-up-or-down-august-28-9am-et,DOWN,9338724092615509281376318523880280769765270216791770008700391276125962114831,1756218663,2025-08-26 14:31:03,0.5
bitcoin-up-or-down-august-28-9am-et,DOWN,9338724092615509281376318523880280769765270216791770008700391276125962114831,1756218723,2025-08-26 14:32:03,0.5
bitcoin-up-or-down-august-28-9am-et,DOWN,9338724092615509281376318523880280769765270216791770008700391276125962114831,1756218783,2025-08-26 14:33:03,0.5
bitcoin-up-or-down-august-28-9am-et,DOWN,9338724092615509281376318523880280769765270216791770008700391276125962114831,1756218845,2025-08-26 14:34:05,0.5
bitcoin-up-or-down-august-28-9am-et,DOWN,9338724092615509281376318523880280769765270216791770008700391276125962114831,1756218903,2025-08-26 14:35:03,0.5
bitcoin-up-or-down-august-28-9am-et,DOWN,9338724092615509281376318523880280769765270216791770008700391276125962114831,1756218962,2025-08-26 14:36:02,0.5
bitcoin-up-or-down-august-28-9am-et,DOWN,9338724092615509281376318523880280769765270216791770008700391276125962114831,1756219023,2025-08-26 14:37:03,0.5
bitcoin-up-or-down-august-28-9am-et,DOWN,9338724092615509281376318523880280769765270216791770008700391276125962114831,1756219083,2025-08-26 14:38:03,0.5
bitcoin-up-or-down-august-28-9am-et,DOWN,9338724092615509281376318523880280769765270216791770008700391276125962114831,1756219142,2025-08-26 14:39:02,0.5
bitcoin-up-or-down-august-28-9am-et,DOWN,9338724092615509281376318523880280769765270216791770008700391276125962114831,1756219203,2025-08-26 14:40:03,0.5
bitcoin-up-or-down-august-28-9am-et,DOWN,9338724092615509281376318523880280769765270216791770008700391276125962114831,1756219263,2025-08-26 14:41:03,0.5
bitcoin-up-or-down-august-28-9am-et,DOWN,9338724092615509281376318523880280769765270216791770008700391276125962114831,1756219322,2025-08-26 14:42:02,0.5
bitcoin-up-or-down-august-28-9am-et,DOWN,9338724092615509281376318523880280769765270216791770008700391276125962114831,1756219383,2025-08-26 14:43:03,0.5
bitcoin-up-or-down-august-28-9am-et,DOWN,9338724092615509281376318523880280769765270216791770008700391276125962114831,1756219443,2025-08-26 14:44:03,0.5
bitcoin-up-or-down-august-28-9am-et,DOWN,9338724092615509281376318523880280769765270216791770008700391276125962114831,1756219503,2025-08-26 14:45:03,0.5
bitcoin-up-or-down-august-28-9am-et,DOWN,9338724092615509281376318523880280769765270216791770008700391276125962114831,1756219562,2025-08-26 14:46:02,0.5
bitcoin-up-or-down-august-28-9am-et,DOWN,9338724092615509281376318523880280769765270216791770008700391276125962114831,1756219622,2025-08-26 14:47:02,0.5
bitcoin-up-or-down-august-28-9am-et,DOWN,9338724092615509281376318523880280769765270216791770008700391276125962114831,1756219683,2025-08-26 14:48:03,0.5
bitcoin-up-or-down-august-28-9am-et,DOWN,9338724092615509281376318523880280769765270216791770008700391276125962114831,1756219743,2025-08-26 14:49:03,0.5
bitcoin-up-or-down-august-28-9am-et,DOWN,9338724092615509281376318523880280769765270216791770008700391276125962114831,1756219803,2025-08-26 14:50:03,0.5
bitcoin-up-or-down-august-28-9am-et,DOWN,9338724092615509281376318523880280769765270216791770008700391276125962114831,1756219862,2025-08-26 14:51:02,0.5
bitcoin-up-or-down-august-28-9am-et,DOWN,9338724092615509281376318523880280769765270216791770008700391276125962114831,1756219927,2025-08-26 14:52:07,0.5
bitcoin-up-or-down-august-28-9am-et,DOWN,9338724092615509281376318523880280769765270216791770008700391276125962114831,1756219982,2025-08-26 14:53:02,0.5
bitcoin-up-or-down-august-28-9am-et,DOWN,9338724092615509281376318523880280769765270216791770008700391276125962114831,1756220043,2025-08-26 14:54:03,0.5
bitcoin-up-or-down-august-28-9am-et,DOWN,9338724092615509281376318523880280769765270216791770008700391276125962114831,1756220105,2025-08-26 14:55:05,0.5
bitcoin-up-or-down-august-28-9am-et,DOWN,9338724092615509281376318523880280769765270216791770008700391276125962114831,1756220163,2025-08-26 14:56:03,0.5
bitcoin-up-or-down-august-28-9am-et,DOWN,9338724092615509281376318523880280769765270216791770008700391276125962114831,1756220222,2025-08-26 14:57:02,0.5
bitcoin-up-or-down-august-28-9am-et,DOWN,9338724092615509281376318523880280769765270216791770008700391276125962114831,1756220284,2025-08-26 14:58:04,0.5
bitcoin-up-or-down-august-28-9am-et,DOWN,9338724092615509281376318523880280769765270216791770008700391276125962114831,1756220344,2025-08-26 14:59:04,0.5
bitcoin-up-or-down-august-28-9am-et,DOWN,9338724092615509281376318523880280769765270216791770008700391276125962114831,1756220417,2025-08-26 15:00:17,0.5
bitcoin-up-or-down-august-28-9am-et,DOWN,9338724092615509281376318523880280769765270216791770008700391276125962114831,1756220463,2025-08-26 15:01:03,0.5
bitcoin-up-or-down-august-28-9am-et,DOWN,9338724092615509281376318523880280769765270216791770008700391276125962114831,1756220523,2025-08-26 15:02:03,0.5
bitcoin-up-or-down-august-28-9am-et,DOWN,9338724092615509281376318523880280769765270216791770008700391276125962114831,1756220582,2025-08-26 15:03:02,0.5
bitcoin-up-or-down-august-28-9am-et,DOWN,9338724092615509281376318523880280769765270216791770008700391276125962114831,1756220642,2025-08-26 15:04:02,0.5
bitcoin-up-or-down-august-28-9am-et,DOWN,9338724092615509281376318523880280769765270216791770008700391276125962114831,1756220703,2025-08-26 15:05:03,0.5
bitcoin-up-or-down-august-28-9am-et,DOWN,9338724092615509281376318523880280769765270216791770008700391276125962114831,1756220763,2025-08-26 15:06:03,0.5
bitcoin-up-or-down-august-28-9am-et,DOWN,9338724092615509281376318523880280769765270216791770008700391276125962114831,1756220824,2025-08-26 15:07:04,0.5
bitcoin-up-or-down-august-28-9am-et,DOWN,9338724092615509281376318523880280769765270216791770008700391276125962114831,1756220883,2025-08-26 15:08:03,0.5
bitcoin-up-or-down-august-28-9am-et,DOWN,9338724092615509281376318523880280769765270216791770008700391276125962114831,1756220942,2025-08-26 15:09:02,0.5
bitcoin-up-or-down-august-28-9am-et,DOWN,9338724092615509281376318523880280769765270216791770008700391276125962114831,1756221002,2025-08-26 15:10:02,0.5
bitcoin-up-or-down-august-28-9am-et,DOWN,9338724092615509281376318523880280769765270216791770008700391276125962114831,1756221063,2025-08-26 15:11:03,0.5
bitcoin-up-or-down-august-28-9am-et,DOWN,9338724092615509281376318523880280769765270216791770008700391276125962114831,1756221123,2025-08-26 15:12:03,0.5
bitcoin-up-or-down-august-28-9am-et,DOWN,9338724092615509281376318523880280769765270216791770008700391276125962114831,1756221182,2025-08-26 15:13:02,0.5
bitcoin-up-or-down-august-28-9am-et,DOWN,9338724092615509281376318523880280769765270216791770008700391276125962114831,1756221243,2025-08-26 15:14:03,0.5
bitcoin-up-or-down-august-28-9am-et,DOWN,9338724092615509281376318523880280769765270216791770008700391276125962114831,1756221303,2025-08-26 15:15:03,0.5
bitcoin-up-or-down-august-28-9am-et,DOWN,9338724092615509281376318523880280769765270216791770008700391276125962114831,1756221363,2025-08-26 15:16:03,0.5
bitcoin-up-or-down-august-28-9am-et,DOWN,9338724092615509281376318523880280769765270216791770008700391276125962114831,1756221422,2025-08-26 15:17:02,0.5
bitcoin-up-or-down-august-28-9am-et,DOWN,9338724092615509281376318523880280769765270216791770008700391276125962114831,1756221483,2025-08-26 15:18:03,0.5
bitcoin-up-or-down-august-28-9am-et,DOWN,9338724092615509281376318523880280769765270216791770008700391276125962114831,1756221543,2025-08-26 15:19:03,0.5
bitcoin-up-or-down-august-28-9am-et,DOWN,9338724092615509281376318523880280769765270216791770008700391276125962114831,1756221603,2025-08-26 15:20:03,0.5
bitcoin-up-or-down-august-28-9am-et,DOWN,9338724092615509281376318523880280769765270216791770008700391276125962114831,1756221663,2025-08-26 15:21:03,0.5
bitcoin-up-or-down-august-28-9am-et,DOWN,9338724092615509281376318523880280769765270216791770008700391276125962114831,1756221723,2025-08-26 15:22:03,0.5
bitcoin-up-or-down-august-28-9am-et,DOWN,9338724092615509281376318523880280769765270216791770008700391276125962114831,1756221782,2025-08-26 15:23:02,0.5
bitcoin-up-or-down-august-28-9am-et,DOWN,9338724092615509281376318523880280769765270216791770008700391276125962114831,1756221843,2025-08-26 15:24:03,0.5
bitcoin-up-or-down-august-28-9am-et,DOWN,9338724092615509281376318523880280769765270216791770008700391276125962114831,1756221905,2025-08-26 15:25:05,0.5
bitcoin-up-or-down-august-28-9am-et,DOWN,9338724092615509281376318523880280769765270216791770008700391276125962114831,1756221965,2025-08-26 15:26:05,0.5
bitcoin-up-or-down-august-28-9am-et,DOWN,9338724092615509281376318523880280769765270216791770008700391276125962114831,1756222023,2025-08-26 15:27:03,0.5
bitcoin-up-or-down-august-28-9am-et,DOWN,9338724092615509281376318523880280769765270216791770008700391276125962114831,1756222083,2025-08-26 15:28:03,0.5
bitcoin-up-or-down-august-28-9am-et,DOWN,9338724092615509281376318523880280769765270216791770008700391276125962114831,1756222143,2025-08-26 15:29:03,0.5
bitcoin-up-or-down-august-28-9am-et,DOWN,9338724092615509281376318523880280769765270216791770008700391276125962114831,1756222203,2025-08-26 15:30:03,0.5
bitcoin-up-or-down-august-28-9am-et,DOWN,9338724092615509281376318523880280769765270216791770008700391276125962114831,1756222263,2025-08-26 15:31:03,0.5
bitcoin-up-or-down-august-28-9am-et,DOWN,9338724092615509281376318523880280769765270216791770008700391276125962114831,1756222322,2025-08-26 15:32:02,0.5
bitcoin-up-or-down-august-28-9am-et,DOWN,9338724092615509281376318523880280769765270216791770008700391276125962114831,1756222383,2025-08-26 15:33:03,0.5
bitcoin-up-or-down-august-28-9am-et,DOWN,9338724092615509281376318523880280769765270216791770008700391276125962114831,1756222442,2025-08-26 15:34:02,0.5
bitcoin-up-or-down-august-28-9am-et,DOWN,9338724092615509281376318523880280769765270216791770008700391276125962114831,1756222504,2025-08-26 15:35:04,0.5
bitcoin-up-or-down-august-28-9am-et,DOWN,9338724092615509281376318523880280769765270216791770008700391276125962114831,1756222563,2025-08-26 15:36:03,0.5
bitcoin-up-or-down-august-28-9am-et,DOWN,9338724092615509281376318523880280769765270216791770008700391276125962114831,1756222623,2025-08-26 15:37:03,0.5
bitcoin-up-or-down-august-28-9am-et,DOWN,9338724092615509281376318523880280769765270216791770008700391276125962114831,1756222682,2025-08-26 15:38:02,0.5
bitcoin-up-or-down-august-28-9am-et,DOWN,9338724092615509281376318523880280769765270216791770008700391276125962114831,1756222743,2025-08-26 15:39:03,0.5
bitcoin-up-or-down-august-28-9am-et,DOWN,9338724092615509281376318523880280769765270216791770008700391276125962114831,1756222802,2025-08-26 15:40:02,0.5
bitcoin-up-or-down-august-28-9am-et,DOWN,9338724092615509281376318523880280769765270216791770008700391276125962114831,1756222863,2025-08-26 15:41:03,0.5
bitcoin-up-or-down-august-28-9am-et,DOWN,9338724092615509281376318523880280769765270216791770008700391276125962114831,1756222922,2025-08-26 15:42:02,0.5
bitcoin-up-or-down-august-28-9am-et,DOWN,9338724092615509281376318523880280769765270216791770008700391276125962114831,1756222983,2025-08-26 15:43:03,0.5
bitcoin-up-or-down-august-28-9am-et,DOWN,9338724092615509281376318523880280769765270216791770008700391276125962114831,1756223042,2025-08-26 15:44:02,0.5
bitcoin-up-or-down-august-28-9am-et,DOWN,9338724092615509281376318523880280769765270216791770008700391276125962114831,1756223104,2025-08-26 15:45:04,0.5
bitcoin-up-or-down-august-28-9am-et,DOWN,9338724092615509281376318523880280769765270216791770008700391276125962114831,1756223162,2025-08-26 15:46:02,0.5
bitcoin-up-or-down-august-28-9am-et,DOWN,9338724092615509281376318523880280769765270216791770008700391276125962114831,1756223222,2025-08-26 15:47:02,0.5
bitcoin-up-or-down-august-28-9am-et,DOWN,9338724092615509281376318523880280769765270216791770008700391276125962114831,1756223284,2025-08-26 15:48:04,0.5
bitcoin-up-or-down-august-28-9am-et,DOWN,9338724092615509281376318523880280769765270216791770008700391276125962114831,1756223343,2025-08-26 15:49:03,0.5
bitcoin-up-or-down-august-28-9am-et,DOWN,9338724092615509281376318523880280769765270216791770008700391276125962114831,1756223403,2025-08-26 15:50:03,0.5
bitcoin-up-or-down-august-28-9am-et,DOWN,9338724092615509281376318523880280769765270216791770008700391276125962114831,1756223462,2025-08-26 15:51:02,0.5
bitcoin-up-or-down-august-28-9am-et,DOWN,9338724092615509281376318523880280769765270216791770008700391276125962114831,1756223531,2025-08-26 15:52:11,0.5
bitcoin-up-or-down-august-28-9am-et,DOWN,9338724092615509281376318523880280769765270216791770008700391276125962114831,1756223582,2025-08-26 15:53:02,0.5
bitcoin-up-or-down-august-28-9am-et,DOWN,9338724092615509281376318523880280769765270216791770008700391276125962114831,1756223643,2025-08-26 15:54:03,0.5
bitcoin-up-or-down-august-28-9am-et,DOWN,9338724092615509281376318523880280769765270216791770008700391276125962114831,1756223703,2025-08-26 15:55:03,0.5
bitcoin-up-or-down-august-28-9am-et,DOWN,9338724092615509281376318523880280769765270216791770008700391276125962114831,1756223762,2025-08-26 15:56:02,0.5
bitcoin-up-or-down-august-28-9am-et,DOWN,9338724092615509281376318523880280769765270216791770008700391276125962114831,1756223823,2025-08-26 15:57:03,0.5
bitcoin-up-or-down-august-28-9am-et,DOWN,9338724092615509281376318523880280769765270216791770008700391276125962114831,1756223882,2025-08-26 15:58:02,0.5
bitcoin-up-or-down-august-28-9am-et,DOWN,9338724092615509281376318523880280769765270216791770008700391276125962114831,1756223942,2025-08-26 15:59:02,0.5
bitcoin-up-or-down-august-28-9am-et,DOWN,9338724092615509281376318523880280769765270216791770008700391276125962114831,1756224010,2025-08-26 16:00:10,0.5
bitcoin-up-or-down-august-28-9am-et,DOWN,9338724092615509281376318523880280769765270216791770008700391276125962114831,1756224062,2025-08-26 16:01:02,0.5
bitcoin-up-or-down-august-28-9am-et,DOWN,9338724092615509281376318523880280769765270216791770008700391276125962114831,1756224122,2025-08-26 16:02:02,0.5
bitcoin-up-or-down-august-28-9am-et,DOWN,9338724092615509281376318523880280769765270216791770008700391276125962114831,1756224183,2025-08-26 16:03:03,0.5
bitcoin-up-or-down-august-28-9am-et,DOWN,9338724092615509281376318523880280769765270216791770008700391276125962114831,1756224242,2025-08-26 16:04:02,0.5
bitcoin-up-or-down-august-28-9am-et,DOWN,9338724092615509281376318523880280769765270216791770008700391276125962114831,1756224303,2025-08-26 16:05:03,0.5
bitcoin-up-or-down-august-28-9am-et,DOWN,9338724092615509281376318523880280769765270216791770008700391276125962114831,1756224363,2025-08-26 16:06:03,0.5
bitcoin-up-or-down-august-28-9am-et,DOWN,9338724092615509281376318523880280769765270216791770008700391276125962114831,1756224423,2025-08-26 16:07:03,0.5
bitcoin-up-or-down-august-28-9am-et,DOWN,9338724092615509281376318523880280769765270216791770008700391276125962114831,1756224483,2025-08-26 16:08:03,0.5
bitcoin-up-or-down-august-28-9am-et,DOWN,9338724092615509281376318523880280769765270216791770008700391276125962114831,1756224542,2025-08-26 16:09:02,0.5
bitcoin-up-or-down-august-28-9am-et,DOWN,9338724092615509281376318523880280769765270216791770008700391276125962114831,1756224602,2025-08-26 16:10:02,0.5
bitcoin-up-or-down-august-28-9am-et,DOWN,9338724092615509281376318523880280769765270216791770008700391276125962114831,1756224664,2025-08-26 16:11:04,0.5
bitcoin-up-or-down-august-28-9am-et,DOWN,9338724092615509281376318523880280769765270216791770008700391276125962114831,1756224723,2025-08-26 16:12:03,0.5
bitcoin-up-or-down-august-28-9am-et,DOWN,9338724092615509281376318523880280769765270216791770008700391276125962114831,1756224782,2025-08-26 16:13:02,0.5
bitcoin-up-or-down-august-28-9am-et,DOWN,9338724092615509281376318523880280769765270216791770008700391276125962114831,1756224842,2025-08-26 16:14:02,0.5
bitcoin-up-or-down-august-28-9am-et,DOWN,9338724092615509281376318523880280769765270216791770008700391276125962114831,1756224902,2025-08-26 16:15:02,0.5
bitcoin-up-or-down-august-28-9am-et,DOWN,9338724092615509281376318523880280769765270216791770008700391276125962114831,1756224962,2025-08-26 16:16:02,0.5
bitcoin-up-or-down-august-28-9am-et,DOWN,9338724092615509281376318523880280769765270216791770008700391276125962114831,1756225023,2025-08-26 16:17:03,0.5
bitcoin-up-or-down-august-28-9am-et,DOWN,9338724092615509281376318523880280769765270216791770008700391276125962114831,1756225082,2025-08-26 16:18:02,0.5
bitcoin-up-or-down-august-28-9am-et,DOWN,9338724092615509281376318523880280769765270216791770008700391276125962114831,1756225142,2025-08-26 16:19:02,0.5
bitcoin-up-or-down-august-28-9am-et,DOWN,9338724092615509281376318523880280769765270216791770008700391276125962114831,1756225203,2025-08-26 16:20:03,0.5
bitcoin-up-or-down-august-28-9am-et,DOWN,9338724092615509281376318523880280769765270216791770008700391276125962114831,1756225262,2025-08-26 16:21:02,0.5
bitcoin-up-or-down-august-28-9am-et,DOWN,9338724092615509281376318523880280769765270216791770008700391276125962114831,1756225322,2025-08-26 16:22:02,0.5
bitcoin-up-or-down-august-28-9am-et,DOWN,9338724092615509281376318523880280769765270216791770008700391276125962114831,1756225382,2025-08-26 16:23:02,0.5
bitcoin-up-or-down-august-28-9am-et,DOWN,9338724092615509281376318523880280769765270216791770008700391276125962114831,1756225442,2025-08-26 16:24:02,0.5
bitcoin-up-or-down-august-28-9am-et,DOWN,9338724092615509281376318523880280769765270216791770008700391276125962114831,1756225503,2025-08-26 16:25:03,0.5
bitcoin-up-or-down-august-28-9am-et,DOWN,9338724092615509281376318523880280769765270216791770008700391276125962114831,1756225562,2025-08-26 16:26:02,0.5
bitcoin-up-or-down-august-28-9am-et,DOWN,9338724092615509281376318523880280769765270216791770008700391276125962114831,1756225623,2025-08-26 16:27:03,0.5
bitcoin-up-or-down-august-28-9am-et,DOWN,9338724092615509281376318523880280769765270216791770008700391276125962114831,1756225682,2025-08-26 16:28:02,0.5
bitcoin-up-or-down-august-28-9am-et,DOWN,9338724092615509281376318523880280769765270216791770008700391276125962114831,1756225742,2025-08-26 16:29:02,0.5
bitcoin-up-or-down-august-28-9am-et,DOWN,9338724092615509281376318523880280769765270216791770008700391276125962114831,1756225806,2025-08-26 16:30:06,0.5
bitcoin-up-or-down-august-28-9am-et,DOWN,9338724092615509281376318523880280769765270216791770008700391276125962114831,1756225863,2025-08-26 16:31:03,0.5
bitcoin-up-or-down-august-28-9am-et,DOWN,9338724092615509281376318523880280769765270216791770008700391276125962114831,1756225923,2025-08-26 16:32:03,0.5
bitcoin-up-or-down-august-28-9am-et,DOWN,9338724092615509281376318523880280769765270216791770008700391276125962114831,1756225982,2025-08-26 16:33:02,0.5
bitcoin-up-or-down-august-28-9am-et,DOWN,9338724092615509281376318523880280769765270216791770008700391276125962114831,1756226043,2025-08-26 16:34:03,0.5
bitcoin-up-or-down-august-28-9am-et,DOWN,9338724092615509281376318523880280769765270216791770008700391276125962114831,1756226103,2025-08-26 16:35:03,0.5
bitcoin-up-or-down-august-28-9am-et,DOWN,9338724092615509281376318523880280769765270216791770008700391276125962114831,1756226162,2025-08-26 16:36:02,0.5
bitcoin-up-or-down-august-28-9am-et,DOWN,9338724092615509281376318523880280769765270216791770008700391276125962114831,1756226223,2025-08-26 16:37:03,0.5
bitcoin-up-or-down-august-28-9am-et,DOWN,9338724092615509281376318523880280769765270216791770008700391276125962114831,1756226283,2025-08-26 16:38:03,0.5
bitcoin-up-or-down-august-28-9am-et,DOWN,9338724092615509281376318523880280769765270216791770008700391276125962114831,1756226342,2025-08-26 16:39:02,0.5
bitcoin-up-or-down-august-28-9am-et,DOWN,9338724092615509281376318523880280769765270216791770008700391276125962114831,1756226403,2025-08-26 16:40:03,0.5
bitcoin-up-or-down-august-28-9am-et,DOWN,9338724092615509281376318523880280769765270216791770008700391276125962114831,1756226462,2025-08-26 16:41:02,0.5
bitcoin-up-or-down-august-28-9am-et,DOWN,9338724092615509281376318523880280769765270216791770008700391276125962114831,1756226523,2025-08-26 16:42:03,0.5
bitcoin-up-or-down-august-28-9am-et,DOWN,9338724092615509281376318523880280769765270216791770008700391276125962114831,1756226583,2025-08-26 16:43:03,0.5
bitcoin-up-or-down-august-28-9am-et,DOWN,9338724092615509281376318523880280769765270216791770008700391276125962114831,1756226642,2025-08-26 16:44:02,0.5
bitcoin-up-or-down-august-28-9am-et,DOWN,9338724092615509281376318523880280769765270216791770008700391276125962114831,1756226705,2025-08-26 16:45:05,0.5
bitcoin-up-or-down-august-28-9am-et,DOWN,9338724092615509281376318523880280769765270216791770008700391276125962114831,1756226764,2025-08-26 16:46:04,0.5
bitcoin-up-or-down-august-28-9am-et,DOWN,9338724092615509281376318523880280769765270216791770008700391276125962114831,1756226823,2025-08-26 16:47:03,0.5
bitcoin-up-or-down-august-28-9am-et,DOWN,9338724092615509281376318523880280769765270216791770008700391276125962114831,1756226884,2025-08-26 16:48:04,0.5
bitcoin-up-or-down-august-28-9am-et,DOWN,9338724092615509281376318523880280769765270216791770008700391276125962114831,1756226943,2025-08-26 16:49:03,0.5
bitcoin-up-or-down-august-28-9am-et,DOWN,9338724092615509281376318523880280769765270216791770008700391276125962114831,1756227009,2025-08-26 16:50:09,0.5
bitcoin-up-or-down-august-28-9am-et,DOWN,9338724092615509281376318523880280769765270216791770008700391276125962114831,1756227063,2025-08-26 16:51:03,0.5
bitcoin-up-or-down-august-28-9am-et,DOWN,9338724092615509281376318523880280769765270216791770008700391276125962114831,1756227123,2025-08-26 16:52:03,0.5
bitcoin-up-or-down-august-28-9am-et,DOWN,9338724092615509281376318523880280769765270216791770008700391276125962114831,1756227182,2025-08-26 16:53:02,0.5
bitcoin-up-or-down-august-28-9am-et,DOWN,9338724092615509281376318523880280769765270216791770008700391276125962114831,1756227243,2025-08-26 16:54:03,0.5
bitcoin-up-or-down-august-28-9am-et,DOWN,9338724092615509281376318523880280769765270216791770008700391276125962114831,1756227312,2025-08-26 16:55:12,0.5
bitcoin-up-or-down-august-28-9am-et,DOWN,9338724092615509281376318523880280769765270216791770008700391276125962114831,1756227362,2025-08-26 16:56:02,0.5
bitcoin-up-or-down-august-28-9am-et,DOWN,9338724092615509281376318523880280769765270216791770008700391276125962114831,1756227423,2025-08-26 16:57:03,0.5
bitcoin-up-or-down-august-28-9am-et,DOWN,9338724092615509281376318523880280769765270216791770008700391276125962114831,1756227482,2025-08-26 16:58:02,0.5
bitcoin-up-or-down-august-28-9am-et,DOWN,9338724092615509281376318523880280769765270216791770008700391276125962114831,1756227543,2025-08-26 16:59:03,0.5
bitcoin-up-or-down-august-28-9am-et,DOWN,9338724092615509281376318523880280769765270216791770008700391276125962114831,1756227612,2025-08-26 17:00:12,0.5
bitcoin-up-or-down-august-28-9am-et,DOWN,9338724092615509281376318523880280769765270216791770008700391276125962114831,1756227663,2025-08-26 17:01:03,0.5
bitcoin-up-or-down-august-28-9am-et,DOWN,9338724092615509281376318523880280769765270216791770008700391276125962114831,1756227723,2025-08-26 17:02:03,0.5
bitcoin-up-or-down-august-28-9am-et,DOWN,9338724092615509281376318523880280769765270216791770008700391276125962114831,1756227783,2025-08-26 17:03:03,0.5
bitcoin-up-or-down-august-28-9am-et,DOWN,9338724092615509281376318523880280769765270216791770008700391276125962114831,1756227843,2025-08-26 17:04:03,0.5
bitcoin-up-or-down-august-28-9am-et,DOWN,9338724092615509281376318523880280769765270216791770008700391276125962114831,1756227906,2025-08-26 17:05:06,0.5
bitcoin-up-or-down-august-28-9am-et,DOWN,9338724092615509281376318523880280769765270216791770008700391276125962114831,1756227963,2025-08-26 17:06:03,0.5
bitcoin-up-or-down-august-28-9am-et,DOWN,9338724092615509281376318523880280769765270216791770008700391276125962114831,1756228022,2025-08-26 17:07:02,0.5
bitcoin-up-or-down-august-28-9am-et,DOWN,9338724092615509281376318523880280769765270216791770008700391276125962114831,1756228082,2025-08-26 17:08:02,0.5
bitcoin-up-or-down-august-28-9am-et,DOWN,9338724092615509281376318523880280769765270216791770008700391276125962114831,1756228142,2025-08-26 17:09:02,0.5
bitcoin-up-or-down-august-28-9am-et,DOWN,9338724092615509281376318523880280769765270216791770008700391276125962114831,1756228208,2025-08-26 17:10:08,0.5
bitcoin-up-or-down-august-28-9am-et,DOWN,9338724092615509281376318523880280769765270216791770008700391276125962114831,1756228262,2025-08-26 17:11:02,0.5
bitcoin-up-or-down-august-28-9am-et,DOWN,9338724092615509281376318523880280769765270216791770008700391276125962114831,1756228323,2025-08-26 17:12:03,0.5
bitcoin-up-or-down-august-28-9am-et,DOWN,9338724092615509281376318523880280769765270216791770008700391276125962114831,1756228383,2025-08-26 17:13:03,0.5
bitcoin-up-or-down-august-28-9am-et,DOWN,9338724092615509281376318523880280769765270216791770008700391276125962114831,1756228443,2025-08-26 17:14:03,0.5
bitcoin-up-or-down-august-28-9am-et,DOWN,9338724092615509281376318523880280769765270216791770008700391276125962114831,1756228508,2025-08-26 17:15:08,0.5
bitcoin-up-or-down-august-28-9am-et,DOWN,9338724092615509281376318523880280769765270216791770008700391276125962114831,1756228562,2025-08-26 17:16:02,0.5
bitcoin-up-or-down-august-28-9am-et,DOWN,9338724092615509281376318523880280769765270216791770008700391276125962114831,1756228623,2025-08-26 17:17:03,0.5
bitcoin-up-or-down-august-28-9am-et,DOWN,9338724092615509281376318523880280769765270216791770008700391276125962114831,1756228682,2025-08-26 17:18:02,0.5
bitcoin-up-or-down-august-28-9am-et,DOWN,9338724092615509281376318523880280769765270216791770008700391276125962114831,1756228743,2025-08-26 17:19:03,0.5
bitcoin-up-or-down-august-28-9am-et,DOWN,9338724092615509281376318523880280769765270216791770008700391276125962114831,1756228807,2025-08-26 17:20:07,0.5
bitcoin-up-or-down-august-28-9am-et,DOWN,9338724092615509281376318523880280769765270216791770008700391276125962114831,1756228863,2025-08-26 17:21:03,0.5
bitcoin-up-or-down-august-28-9am-et,DOWN,9338724092615509281376318523880280769765270216791770008700391276125962114831,1756228922,2025-08-26 17:22:02,0.5
bitcoin-up-or-down-august-28-9am-et,DOWN,9338724092615509281376318523880280769765270216791770008700391276125962114831,1756228982,2025-08-26 17:23:02,0.5
bitcoin-up-or-down-august-28-9am-et,DOWN,9338724092615509281376318523880280769765270216791770008700391276125962114831,1756229043,2025-08-26 17:24:03,0.5
bitcoin-up-or-down-august-28-9am-et,DOWN,9338724092615509281376318523880280769765270216791770008700391276125962114831,1756229112,2025-08-26 17:25:12,0.5
bitcoin-up-or-down-august-28-9am-et,DOWN,9338724092615509281376318523880280769765270216791770008700391276125962114831,1756229163,2025-08-26 17:26:03,0.5
bitcoin-up-or-down-august-28-9am-et,DOWN,9338724092615509281376318523880280769765270216791770008700391276125962114831,1756229222,2025-08-26 17:27:02,0.5
bitcoin-up-or-down-august-28-9am-et,DOWN,9338724092615509281376318523880280769765270216791770008700391276125962114831,1756229283,2025-08-26 17:28:03,0.5
bitcoin-up-or-down-august-28-9am-et,DOWN,9338724092615509281376318523880280769765270216791770008700391276125962114831,1756229342,2025-08-26 17:29:02,0.5
bitcoin-up-or-down-august-28-9am-et,DOWN,9338724092615509281376318523880280769765270216791770008700391276125962114831,1756229407,2025-08-26 17:30:07,0.5
bitcoin-up-or-down-august-28-9am-et,DOWN,9338724092615509281376318523880280769765270216791770008700391276125962114831,1756229463,2025-08-26 17:31:03,0.5
bitcoin-up-or-down-august-28-9am-et,DOWN,9338724092615509281376318523880280769765270216791770008700391276125962114831,1756229523,2025-08-26 17:32:03,0.5
bitcoin-up-or-down-august-28-9am-et,DOWN,9338724092615509281376318523880280769765270216791770008700391276125962114831,1756229582,2025-08-26 17:33:02,0.5
bitcoin-up-or-down-august-28-9am-et,DOWN,9338724092615509281376318523880280769765270216791770008700391276125962114831,1756229642,2025-08-26 17:34:02,0.5
bitcoin-up-or-down-august-28-9am-et,DOWN,9338724092615509281376318523880280769765270216791770008700391276125962114831,1756229704,2025-08-26 17:35:04,0.5
bitcoin-up-or-down-august-28-9am-et,DOWN,9338724092615509281376318523880280769765270216791770008700391276125962114831,1756229763,2025-08-26 17:36:03,0.5
bitcoin-up-or-down-august-28-9am-et,DOWN,9338724092615509281376318523880280769765270216791770008700391276125962114831,1756229822,2025-08-26 17:37:02,0.5
bitcoin-up-or-down-august-28-9am-et,DOWN,9338724092615509281376318523880280769765270216791770008700391276125962114831,1756229884,2025-08-26 17:38:04,0.5
bitcoin-up-or-down-august-28-9am-et,DOWN,9338724092615509281376318523880280769765270216791770008700391276125962114831,1756229943,2025-08-26 17:39:03,0.5
bitcoin-up-or-down-august-28-9am-et,DOWN,9338724092615509281376318523880280769765270216791770008700391276125962114831,1756230007,2025-08-26 17:40:07,0.5
bitcoin-up-or-down-august-28-9am-et,DOWN,9338724092615509281376318523880280769765270216791770008700391276125962114831,1756230063,2025-08-26 17:41:03,0.5
bitcoin-up-or-down-august-28-9am-et,DOWN,9338724092615509281376318523880280769765270216791770008700391276125962114831,1756230123,2025-08-26 17:42:03,0.5
bitcoin-up-or-down-august-28-9am-et,DOWN,9338724092615509281376318523880280769765270216791770008700391276125962114831,1756230183,2025-08-26 17:43:03,0.5
bitcoin-up-or-down-august-28-9am-et,DOWN,9338724092615509281376318523880280769765270216791770008700391276125962114831,1756230243,2025-08-26 17:44:03,0.5
bitcoin-up-or-down-august-28-9am-et,DOWN,9338724092615509281376318523880280769765270216791770008700391276125962114831,1756230303,2025-08-26 17:45:03,0.5
bitcoin-up-or-down-august-28-9am-et,DOWN,9338724092615509281376318523880280769765270216791770008700391276125962114831,1756230363,2025-08-26 17:46:03,0.5
bitcoin-up-or-down-august-28-9am-et,DOWN,9338724092615509281376318523880280769765270216791770008700391276125962114831,1756230423,2025-08-26 17:47:03,0.5
bitcoin-up-or-down-august-28-9am-et,DOWN,9338724092615509281376318523880280769765270216791770008700391276125962114831,1756230483,2025-08-26 17:48:03,0.5
bitcoin-up-or-down-august-28-9am-et,DOWN,9338724092615509281376318523880280769765270216791770008700391276125962114831,1756230542,2025-08-26 17:49:02,0.5
bitcoin-up-or-down-august-28-9am-et,DOWN,9338724092615509281376318523880280769765270216791770008700391276125962114831,1756230603,2025-08-26 17:50:03,0.5
bitcoin-up-or-down-august-28-9am-et,DOWN,9338724092615509281376318523880280769765270216791770008700391276125962114831,1756230664,2025-08-26 17:51:04,0.5
bitcoin-up-or-down-august-28-9am-et,DOWN,9338724092615509281376318523880280769765270216791770008700391276125962114831,1756230722,2025-08-26 17:52:02,0.5
bitcoin-up-or-down-august-28-9am-et,DOWN,9338724092615509281376318523880280769765270216791770008700391276125962114831,1756230783,2025-08-26 17:53:03,0.5
bitcoin-up-or-down-august-28-9am-et,DOWN,9338724092615509281376318523880280769765270216791770008700391276125962114831,1756230843,2025-08-26 17:54:03,0.5
bitcoin-up-or-down-august-28-9am-et,DOWN,9338724092615509281376318523880280769765270216791770008700391276125962114831,1756230903,2025-08-26 17:55:03,0.5
bitcoin-up-or-down-august-28-9am-et,DOWN,9338724092615509281376318523880280769765270216791770008700391276125962114831,1756230963,2025-08-26 17:56:03,0.5
bitcoin-up-or-down-august-28-9am-et,DOWN,9338724092615509281376318523880280769765270216791770008700391276125962114831,1756231023,2025-08-26 17:57:03,0.5
bitcoin-up-or-down-august-28-9am-et,DOWN,9338724092615509281376318523880280769765270216791770008700391276125962114831,1756231083,2025-08-26 17:58:03,0.5
bitcoin-up-or-down-august-28-9am-et,DOWN,9338724092615509281376318523880280769765270216791770008700391276125962114831,1756231142,2025-08-26 17:59:02,0.5
bitcoin-up-or-down-august-28-9am-et,DOWN,9338724092615509281376318523880280769765270216791770008700391276125962114831,1756231217,2025-08-26 18:00:17,0.5
bitcoin-up-or-down-august-28-9am-et,DOWN,9338724092615509281376318523880280769765270216791770008700391276125962114831,1756231262,2025-08-26 18:01:02,0.5
bitcoin-up-or-down-august-28-9am-et,DOWN,9338724092615509281376318523880280769765270216791770008700391276125962114831,1756231323,2025-08-26 18:02:03,0.5
bitcoin-up-or-down-august-28-9am-et,DOWN,9338724092615509281376318523880280769765270216791770008700391276125962114831,1756231383,2025-08-26 18:03:03,0.5
bitcoin-up-or-down-august-28-9am-et,DOWN,9338724092615509281376318523880280769765270216791770008700391276125962114831,1756231443,2025-08-26 18:04:03,0.5
bitcoin-up-or-down-august-28-9am-et,DOWN,9338724092615509281376318523880280769765270216791770008700391276125962114831,1756231512,2025-08-26 18:05:12,0.5
bitcoin-up-or-down-august-28-9am-et,DOWN,9338724092615509281376318523880280769765270216791770008700391276125962114831,1756231562,2025-08-26 18:06:02,0.5
bitcoin-up-or-down-august-28-9am-et,DOWN,9338724092615509281376318523880280769765270216791770008700391276125962114831,1756231623,2025-08-26 18:07:03,0.5
bitcoin-up-or-down-august-28-9am-et,DOWN,9338724092615509281376318523880280769765270216791770008700391276125962114831,1756231683,2025-08-26 18:08:03,0.5
bitcoin-up-or-down-august-28-9am-et,DOWN,9338724092615509281376318523880280769765270216791770008700391276125962114831,1756231742,2025-08-26 18:09:02,0.5
bitcoin-up-or-down-august-28-9am-et,DOWN,9338724092615509281376318523880280769765270216791770008700391276125962114831,1756231804,2025-08-26 18:10:04,0.5
bitcoin-up-or-down-august-28-9am-et,DOWN,9338724092615509281376318523880280769765270216791770008700391276125962114831,1756231862,2025-08-26 18:11:02,0.5
bitcoin-up-or-down-august-28-9am-et,DOWN,9338724092615509281376318523880280769765270216791770008700391276125962114831,1756231922,2025-08-26 18:12:02,0.5
bitcoin-up-or-down-august-28-9am-et,DOWN,9338724092615509281376318523880280769765270216791770008700391276125962114831,1756231982,2025-08-26 18:13:02,0.5
bitcoin-up-or-down-august-28-9am-et,DOWN,9338724092615509281376318523880280769765270216791770008700391276125962114831,1756232043,2025-08-26 18:14:03,0.5
bitcoin-up-or-down-august-28-9am-et,DOWN,9338724092615509281376318523880280769765270216791770008700391276125962114831,1756232102,2025-08-26 18:15:02,0.5
bitcoin-up-or-down-august-28-9am-et,DOWN,9338724092615509281376318523880280769765270216791770008700391276125962114831,1756232162,2025-08-26 18:16:02,0.5
bitcoin-up-or-down-august-28-9am-et,DOWN,9338724092615509281376318523880280769765270216791770008700391276125962114831,1756232222,2025-08-26 18:17:02,0.5
bitcoin-up-or-down-august-28-9am-et,DOWN,9338724092615509281376318523880280769765270216791770008700391276125962114831,1756232282,2025-08-26 18:18:02,0.5
bitcoin-up-or-down-august-28-9am-et,DOWN,9338724092615509281376318523880280769765270216791770008700391276125962114831,1756232343,2025-08-26 18:19:03,0.5
bitcoin-up-or-down-august-28-9am-et,DOWN,9338724092615509281376318523880280769765270216791770008700391276125962114831,1756232405,2025-08-26 18:20:05,0.5
bitcoin-up-or-down-august-28-9am-et,DOWN,9338724092615509281376318523880280769765270216791770008700391276125962114831,1756232464,2025-08-26 18:21:04,0.5
bitcoin-up-or-down-august-28-9am-et,DOWN,9338724092615509281376318523880280769765270216791770008700391276125962114831,1756232523,2025-08-26 18:22:03,0.5
bitcoin-up-or-down-august-28-9am-et,DOWN,9338724092615509281376318523880280769765270216791770008700391276125962114831,1756232582,2025-08-26 18:23:02,0.5
bitcoin-up-or-down-august-28-9am-et,DOWN,9338724092615509281376318523880280769765270216791770008700391276125962114831,1756232643,2025-08-26 18:24:03,0.5
bitcoin-up-or-down-august-28-9am-et,DOWN,9338724092615509281376318523880280769765270216791770008700391276125962114831,1756232704,2025-08-26 18:25:04,0.5
bitcoin-up-or-down-august-28-9am-et,DOWN,9338724092615509281376318523880280769765270216791770008700391276125962114831,1756232763,2025-08-26 18:26:03,0.5
bitcoin-up-or-down-august-28-9am-et,DOWN,9338724092615509281376318523880280769765270216791770008700391276125962114831,1756232823,2025-08-26 18:27:03,0.5
bitcoin-up-or-down-august-28-9am-et,DOWN,9338724092615509281376318523880280769765270216791770008700391276125962114831,1756232882,2025-08-26 18:28:02,0.5
bitcoin-up-or-down-august-28-9am-et,DOWN,9338724092615509281376318523880280769765270216791770008700391276125962114831,1756232943,2025-08-26 18:29:03,0.5
bitcoin-up-or-down-august-28-9am-et,DOWN,9338724092615509281376318523880280769765270216791770008700391276125962114831,1756233005,2025-08-26 18:30:05,0.5
bitcoin-up-or-down-august-28-9am-et,DOWN,9338724092615509281376318523880280769765270216791770008700391276125962114831,1756233062,2025-08-26 18:31:02,0.5
bitcoin-up-or-down-august-28-9am-et,DOWN,9338724092615509281376318523880280769765270216791770008700391276125962114831,1756233123,2025-08-26 18:32:03,0.5
bitcoin-up-or-down-august-28-9am-et,DOWN,9338724092615509281376318523880280769765270216791770008700391276125962114831,1756233183,2025-08-26 18:33:03,0.5
bitcoin-up-or-down-august-28-9am-et,DOWN,9338724092615509281376318523880280769765270216791770008700391276125962114831,1756233242,2025-08-26 18:34:02,0.5
bitcoin-up-or-down-august-28-9am-et,DOWN,9338724092615509281376318523880280769765270216791770008700391276125962114831,1756233304,2025-08-26 18:35:04,0.5
bitcoin-up-or-down-august-28-9am-et,DOWN,9338724092615509281376318523880280769765270216791770008700391276125962114831,1756233362,2025-08-26 18:36:02,0.5
bitcoin-up-or-down-august-28-9am-et,DOWN,9338724092615509281376318523880280769765270216791770008700391276125962114831,1756233422,2025-08-26 18:37:02,0.5
bitcoin-up-or-down-august-28-9am-et,DOWN,9338724092615509281376318523880280769765270216791770008700391276125962114831,1756233482,2025-08-26 18:38:02,0.5
bitcoin-up-or-down-august-28-9am-et,DOWN,9338724092615509281376318523880280769765270216791770008700391276125962114831,1756233542,2025-08-26 18:39:02,0.5
bitcoin-up-or-down-august-28-9am-et,DOWN,9338724092615509281376318523880280769765270216791770008700391276125962114831,1756233614,2025-08-26 18:40:14,0.5
bitcoin-up-or-down-august-28-9am-et,DOWN,9338724092615509281376318523880280769765270216791770008700391276125962114831,1756233663,2025-08-26 18:41:03,0.5
bitcoin-up-or-down-august-28-9am-et,DOWN,9338724092615509281376318523880280769765270216791770008700391276125962114831,1756233723,2025-08-26 18:42:03,0.5
bitcoin-up-or-down-august-28-9am-et,DOWN,9338724092615509281376318523880280769765270216791770008700391276125962114831,1756233783,2025-08-26 18:43:03,0.5
bitcoin-up-or-down-august-28-9am-et,DOWN,9338724092615509281376318523880280769765270216791770008700391276125962114831,1756233842,2025-08-26 18:44:02,0.5
bitcoin-up-or-down-august-28-9am-et,DOWN,9338724092615509281376318523880280769765270216791770008700391276125962114831,1756233904,2025-08-26 18:45:04,0.5
bitcoin-up-or-down-august-28-9am-et,DOWN,9338724092615509281376318523880280769765270216791770008700391276125962114831,1756233964,2025-08-26 18:46:04,0.5
bitcoin-up-or-down-august-28-9am-et,DOWN,9338724092615509281376318523880280769765270216791770008700391276125962114831,1756234023,2025-08-26 18:47:03,0.5
bitcoin-up-or-down-august-28-9am-et,DOWN,9338724092615509281376318523880280769765270216791770008700391276125962114831,1756234083,2025-08-26 18:48:03,0.5
bitcoin-up-or-down-august-28-9am-et,DOWN,9338724092615509281376318523880280769765270216791770008700391276125962114831,1756234142,2025-08-26 18:49:02,0.5
bitcoin-up-or-down-august-28-9am-et,DOWN,9338724092615509281376318523880280769765270216791770008700391276125962114831,1756234202,2025-08-26 18:50:02,0.5
bitcoin-up-or-down-august-28-9am-et,DOWN,9338724092615509281376318523880280769765270216791770008700391276125962114831,1756234262,2025-08-26 18:51:02,0.5
bitcoin-up-or-down-august-28-9am-et,DOWN,9338724092615509281376318523880280769765270216791770008700391276125962114831,1756234322,2025-08-26 18:52:02,0.5
bitcoin-up-or-down-august-28-9am-et,DOWN,9338724092615509281376318523880280769765270216791770008700391276125962114831,1756234382,2025-08-26 18:53:02,0.5
bitcoin-up-or-down-august-28-9am-et,DOWN,9338724092615509281376318523880280769765270216791770008700391276125962114831,1756234442,2025-08-26 18:54:02,0.5
bitcoin-up-or-down-august-28-9am-et,DOWN,9338724092615509281376318523880280769765270216791770008700391276125962114831,1756234504,2025-08-26 18:55:04,0.5
bitcoin-up-or-down-august-28-9am-et,DOWN,9338724092615509281376318523880280769765270216791770008700391276125962114831,1756234563,2025-08-26 18:56:03,0.5
bitcoin-up-or-down-august-28-9am-et,DOWN,9338724092615509281376318523880280769765270216791770008700391276125962114831,1756234623,2025-08-26 18:57:03,0.5
bitcoin-up-or-down-august-28-9am-et,DOWN,9338724092615509281376318523880280769765270216791770008700391276125962114831,1756234682,2025-08-26 18:58:02,0.5
bitcoin-up-or-down-august-28-9am-et,DOWN,9338724092615509281376318523880280769765270216791770008700391276125962114831,1756234743,2025-08-26 18:59:03,0.5
bitcoin-up-or-down-august-28-9am-et,DOWN,9338724092615509281376318523880280769765270216791770008700391276125962114831,1756234802,2025-08-26 19:00:02,0.5
bitcoin-up-or-down-august-28-9am-et,DOWN,9338724092615509281376318523880280769765270216791770008700391276125962114831,1756234862,2025-08-26 19:01:02,0.5
bitcoin-up-or-down-august-28-9am-et,DOWN,9338724092615509281376318523880280769765270216791770008700391276125962114831,1756234922,2025-08-26 19:02:02,0.5
bitcoin-up-or-down-august-28-9am-et,DOWN,9338724092615509281376318523880280769765270216791770008700391276125962114831,1756234982,2025-08-26 19:03:02,0.5
bitcoin-up-or-down-august-28-9am-et,DOWN,9338724092615509281376318523880280769765270216791770008700391276125962114831,1756235043,2025-08-26 19:04:03,0.5
bitcoin-up-or-down-august-28-9am-et,DOWN,9338724092615509281376318523880280769765270216791770008700391276125962114831,1756235115,2025-08-26 19:05:15,0.5
bitcoin-up-or-down-august-28-9am-et,DOWN,9338724092615509281376318523880280769765270216791770008700391276125962114831,1756235162,2025-08-26 19:06:02,0.5
bitcoin-up-or-down-august-28-9am-et,DOWN,9338724092615509281376318523880280769765270216791770008700391276125962114831,1756235222,2025-08-26 19:07:02,0.5
bitcoin-up-or-down-august-28-9am-et,DOWN,9338724092615509281376318523880280769765270216791770008700391276125962114831,1756235283,2025-08-26 19:08:03,0.5
bitcoin-up-or-down-august-28-9am-et,DOWN,9338724092615509281376318523880280769765270216791770008700391276125962114831,1756235342,2025-08-26 19:09:02,0.5
bitcoin-up-or-down-august-28-9am-et,DOWN,9338724092615509281376318523880280769765270216791770008700391276125962114831,1756235414,2025-08-26 19:10:14,0.5
bitcoin-up-or-down-august-28-9am-et,DOWN,9338724092615509281376318523880280769765270216791770008700391276125962114831,1756235463,2025-08-26 19:11:03,0.5
bitcoin-up-or-down-august-28-9am-et,DOWN,9338724092615509281376318523880280769765270216791770008700391276125962114831,1756235522,2025-08-26 19:12:02,0.5
bitcoin-up-or-down-august-28-9am-et,DOWN,9338724092615509281376318523880280769765270216791770008700391276125962114831,1756235583,2025-08-26 19:13:03,0.5
bitcoin-up-or-down-august-28-9am-et,DOWN,9338724092615509281376318523880280769765270216791770008700391276125962114831,1756235642,2025-08-26 19:14:02,0.5
bitcoin-up-or-down-august-28-9am-et,DOWN,9338724092615509281376318523880280769765270216791770008700391276125962114831,1756235710,2025-08-26 19:15:10,0.5
bitcoin-up-or-down-august-28-9am-et,DOWN,9338724092615509281376318523880280769765270216791770008700391276125962114831,1756235762,2025-08-26 19:16:02,0.5
bitcoin-up-or-down-august-28-9am-et,DOWN,9338724092615509281376318523880280769765270216791770008700391276125962114831,1756235823,2025-08-26 19:17:03,0.5
bitcoin-up-or-down-august-28-9am-et,DOWN,9338724092615509281376318523880280769765270216791770008700391276125962114831,1756235882,2025-08-26 19:18:02,0.5
bitcoin-up-or-down-august-28-9am-et,DOWN,9338724092615509281376318523880280769765270216791770008700391276125962114831,1756235943,2025-08-26 19:19:03,0.5
bitcoin-up-or-down-august-28-9am-et,DOWN,9338724092615509281376318523880280769765270216791770008700391276125962114831,1756236004,2025-08-26 19:20:04,0.5
bitcoin-up-or-down-august-28-9am-et,DOWN,9338724092615509281376318523880280769765270216791770008700391276125962114831,1756236062,2025-08-26 19:21:02,0.5
bitcoin-up-or-down-august-28-9am-et,DOWN,9338724092615509281376318523880280769765270216791770008700391276125962114831,1756236122,2025-08-26 19:22:02,0.5
bitcoin-up-or-down-august-28-9am-et,DOWN,9338724092615509281376318523880280769765270216791770008700391276125962114831,1756236182,2025-08-26 19:23:02,0.5
bitcoin-up-or-down-august-28-9am-et,DOWN,9338724092615509281376318523880280769765270216791770008700391276125962114831,1756236242,2025-08-26 19:24:02,0.5
bitcoin-up-or-down-august-28-9am-et,DOWN,9338724092615509281376318523880280769765270216791770008700391276125962114831,1756236312,2025-08-26 19:25:12,0.5
bitcoin-up-or-down-august-28-9am-et,DOWN,9338724092615509281376318523880280769765270216791770008700391276125962114831,1756236364,2025-08-26 19:26:04,0.5
bitcoin-up-or-down-august-28-9am-et,DOWN,9338724092615509281376318523880280769765270216791770008700391276125962114831,1756236423,2025-08-26 19:27:03,0.5
bitcoin-up-or-down-august-28-9am-et,DOWN,9338724092615509281376318523880280769765270216791770008700391276125962114831,1756236482,2025-08-26 19:28:02,0.5
bitcoin-up-or-down-august-28-9am-et,DOWN,9338724092615509281376318523880280769765270216791770008700391276125962114831,1756236543,2025-08-26 19:29:03,0.5
bitcoin-up-or-down-august-28-9am-et,DOWN,9338724092615509281376318523880280769765270216791770008700391276125962114831,1756236606,2025-08-26 19:30:06,0.5
bitcoin-up-or-down-august-28-9am-et,DOWN,9338724092615509281376318523880280769765270216791770008700391276125962114831,1756236663,2025-08-26 19:31:03,0.5
bitcoin-up-or-down-august-28-9am-et,DOWN,9338724092615509281376318523880280769765270216791770008700391276125962114831,1756236723,2025-08-26 19:32:03,0.5
bitcoin-up-or-down-august-28-9am-et,DOWN,9338724092615509281376318523880280769765270216791770008700391276125962114831,1756236784,2025-08-26 19:33:04,0.5
bitcoin-up-or-down-august-28-9am-et,DOWN,9338724092615509281376318523880280769765270216791770008700391276125962114831,1756236842,2025-08-26 19:34:02,0.5
bitcoin-up-or-down-august-28-9am-et,DOWN,9338724092615509281376318523880280769765270216791770008700391276125962114831,1756236905,2025-08-26 19:35:05,0.5
bitcoin-up-or-down-august-28-9am-et,DOWN,9338724092615509281376318523880280769765270216791770008700391276125962114831,1756236963,2025-08-26 19:36:03,0.5
bitcoin-up-or-down-august-28-9am-et,DOWN,9338724092615509281376318523880280769765270216791770008700391276125962114831,1756237023,2025-08-26 19:37:03,0.5
bitcoin-up-or-down-august-28-9am-et,DOWN,9338724092615509281376318523880280769765270216791770008700391276125962114831,1756237082,2025-08-26 19:38:02,0.5
bitcoin-up-or-down-august-28-9am-et,DOWN,9338724092615509281376318523880280769765270216791770008700391276125962114831,1756237143,2025-08-26 19:39:03,0.5
bitcoin-up-or-down-august-28-9am-et,DOWN,9338724092615509281376318523880280769765270216791770008700391276125962114831,1756237204,2025-08-26 19:40:04,0.5
bitcoin-up-or-down-august-28-9am-et,DOWN,9338724092615509281376318523880280769765270216791770008700391276125962114831,1756237263,2025-08-26 19:41:03,0.5
bitcoin-up-or-down-august-28-9am-et,DOWN,9338724092615509281376318523880280769765270216791770008700391276125962114831,1756237323,2025-08-26 19:42:03,0.5
bitcoin-up-or-down-august-28-9am-et,DOWN,9338724092615509281376318523880280769765270216791770008700391276125962114831,1756237382,2025-08-26 19:43:02,0.5
bitcoin-up-or-down-august-28-9am-et,DOWN,9338724092615509281376318523880280769765270216791770008700391276125962114831,1756237443,2025-08-26 19:44:03,0.5
bitcoin-up-or-down-august-28-9am-et,DOWN,9338724092615509281376318523880280769765270216791770008700391276125962114831,1756237510,2025-08-26 19:45:10,0.5
bitcoin-up-or-down-august-28-9am-et,DOWN,9338724092615509281376318523880280769765270216791770008700391276125962114831,1756237563,2025-08-26 19:46:03,0.5
bitcoin-up-or-down-august-28-9am-et,DOWN,9338724092615509281376318523880280769765270216791770008700391276125962114831,1756237622,2025-08-26 19:47:02,0.5
bitcoin-up-or-down-august-28-9am-et,DOWN,9338724092615509281376318523880280769765270216791770008700391276125962114831,1756237683,2025-08-26 19:48:03,0.5
bitcoin-up-or-down-august-28-9am-et,DOWN,9338724092615509281376318523880280769765270216791770008700391276125962114831,1756237743,2025-08-26 19:49:03,0.5
bitcoin-up-or-down-august-28-9am-et,DOWN,9338724092615509281376318523880280769765270216791770008700391276125962114831,1756237815,2025-08-26 19:50:15,0.5
bitcoin-up-or-down-august-28-9am-et,DOWN,9338724092615509281376318523880280769765270216791770008700391276125962114831,1756237862,2025-08-26 19:51:02,0.5
bitcoin-up-or-down-august-28-9am-et,DOWN,9338724092615509281376318523880280769765270216791770008700391276125962114831,1756237923,2025-08-26 19:52:03,0.5
bitcoin-up-or-down-august-28-9am-et,DOWN,9338724092615509281376318523880280769765270216791770008700391276125962114831,1756237982,2025-08-26 19:53:02,0.5
bitcoin-up-or-down-august-28-9am-et,DOWN,9338724092615509281376318523880280769765270216791770008700391276125962114831,1756238043,2025-08-26 19:54:03,0.5
bitcoin-up-or-down-august-28-9am-et,DOWN,9338724092615509281376318523880280769765270216791770008700391276125962114831,1756238104,2025-08-26 19:55:04,0.5
bitcoin-up-or-down-august-28-9am-et,DOWN,9338724092615509281376318523880280769765270216791770008700391276125962114831,1756238162,2025-08-26 19:56:02,0.5
bitcoin-up-or-down-august-28-9am-et,DOWN,9338724092615509281376318523880280769765270216791770008700391276125962114831,1756238222,2025-08-26 19:57:02,0.5
bitcoin-up-or-down-august-28-9am-et,DOWN,9338724092615509281376318523880280769765270216791770008700391276125962114831,1756238282,2025-08-26 19:58:02,0.5
bitcoin-up-or-down-august-28-9am-et,DOWN,9338724092615509281376318523880280769765270216791770008700391276125962114831,1756238342,2025-08-26 19:59:02,0.5
bitcoin-up-or-down-august-28-9am-et,DOWN,9338724092615509281376318523880280769765270216791770008700391276125962114831,1756238410,2025-08-26 20:00:10,0.5
bitcoin-up-or-down-august-28-9am-et,DOWN,9338724092615509281376318523880280769765270216791770008700391276125962114831,1756238463,2025-08-26 20:01:03,0.5
bitcoin-up-or-down-august-28-9am-et,DOWN,9338724092615509281376318523880280769765270216791770008700391276125962114831,1756238523,2025-08-26 20:02:03,0.5
bitcoin-up-or-down-august-28-9am-et,DOWN,9338724092615509281376318523880280769765270216791770008700391276125962114831,1756238583,2025-08-26 20:03:03,0.5
bitcoin-up-or-down-august-28-9am-et,DOWN,9338724092615509281376318523880280769765270216791770008700391276125962114831,1756238644,2025-08-26 20:04:04,0.5
bitcoin-up-or-down-august-28-9am-et,DOWN,9338724092615509281376318523880280769765270216791770008700391276125962114831,1756238704,2025-08-26 20:05:04,0.5
bitcoin-up-or-down-august-28-9am-et,DOWN,9338724092615509281376318523880280769765270216791770008700391276125962114831,1756238763,2025-08-26 20:06:03,0.5
bitcoin-up-or-down-august-28-9am-et,DOWN,9338724092615509281376318523880280769765270216791770008700391276125962114831,1756238823,2025-08-26 20:07:03,0.5
bitcoin-up-or-down-august-28-9am-et,DOWN,9338724092615509281376318523880280769765270216791770008700391276125962114831,1756238883,2025-08-26 20:08:03,0.5
bitcoin-up-or-down-august-28-9am-et,DOWN,9338724092615509281376318523880280769765270216791770008700391276125962114831,1756238942,2025-08-26 20:09:02,0.5
bitcoin-up-or-down-august-28-9am-et,DOWN,9338724092615509281376318523880280769765270216791770008700391276125962114831,1756239004,2025-08-26 20:10:04,0.5
bitcoin-up-or-down-august-28-9am-et,DOWN,9338724092615509281376318523880280769765270216791770008700391276125962114831,1756239062,2025-08-26 20:11:02,0.5
bitcoin-up-or-down-august-28-9am-et,DOWN,9338724092615509281376318523880280769765270216791770008700391276125962114831,1756239122,2025-08-26 20:12:02,0.5
bitcoin-up-or-down-august-28-9am-et,DOWN,9338724092615509281376318523880280769765270216791770008700391276125962114831,1756239182,2025-08-26 20:13:02,0.5
bitcoin-up-or-down-august-28-9am-et,DOWN,9338724092615509281376318523880280769765270216791770008700391276125962114831,1756239243,2025-08-26 20:14:03,0.5
bitcoin-up-or-down-august-28-9am-et,DOWN,9338724092615509281376318523880280769765270216791770008700391276125962114831,1756239311,2025-08-26 20:15:11,0.5
bitcoin-up-or-down-august-28-9am-et,DOWN,9338724092615509281376318523880280769765270216791770008700391276125962114831,1756239362,2025-08-26 20:16:02,0.5
bitcoin-up-or-down-august-28-9am-et,DOWN,9338724092615509281376318523880280769765270216791770008700391276125962114831,1756239424,2025-08-26 20:17:04,0.5
bitcoin-up-or-down-august-28-9am-et,DOWN,9338724092615509281376318523880280769765270216791770008700391276125962114831,1756239483,2025-08-26 20:18:03,0.5
bitcoin-up-or-down-august-28-9am-et,DOWN,9338724092615509281376318523880280769765270216791770008700391276125962114831,1756239543,2025-08-26 20:19:03,0.5
bitcoin-up-or-down-august-28-9am-et,DOWN,9338724092615509281376318523880280769765270216791770008700391276125962114831,1756239606,2025-08-26 20:20:06,0.5
bitcoin-up-or-down-august-28-9am-et,DOWN,9338724092615509281376318523880280769765270216791770008700391276125962114831,1756239663,2025-08-26 20:21:03,0.5
bitcoin-up-or-down-august-28-9am-et,DOWN,9338724092615509281376318523880280769765270216791770008700391276125962114831,1756239723,2025-08-26 20:22:03,0.5
bitcoin-up-or-down-august-28-9am-et,DOWN,9338724092615509281376318523880280769765270216791770008700391276125962114831,1756239783,2025-08-26 20:23:03,0.5
bitcoin-up-or-down-august-28-9am-et,DOWN,9338724092615509281376318523880280769765270216791770008700391276125962114831,1756239843,2025-08-26 20:24:03,0.5
bitcoin-up-or-down-august-28-9am-et,DOWN,9338724092615509281376318523880280769765270216791770008700391276125962114831,1756239904,2025-08-26 20:25:04,0.5
bitcoin-up-or-down-august-28-9am-et,DOWN,9338724092615509281376318523880280769765270216791770008700391276125962114831,1756239962,2025-08-26 20:26:02,0.5
bitcoin-up-or-down-august-28-9am-et,DOWN,9338724092615509281376318523880280769765270216791770008700391276125962114831,1756240023,2025-08-26 20:27:03,0.5
bitcoin-up-or-down-august-28-9am-et,DOWN,9338724092615509281376318523880280769765270216791770008700391276125962114831,1756240083,2025-08-26 20:28:03,0.5
bitcoin-up-or-down-august-28-9am-et,DOWN,9338724092615509281376318523880280769765270216791770008700391276125962114831,1756240143,2025-08-26 20:29:03,0.5
bitcoin-up-or-down-august-28-9am-et,DOWN,9338724092615509281376318523880280769765270216791770008700391276125962114831,1756240211,2025-08-26 20:30:11,0.5
bitcoin-up-or-down-august-28-9am-et,DOWN,9338724092615509281376318523880280769765270216791770008700391276125962114831,1756240262,2025-08-26 20:31:02,0.5
bitcoin-up-or-down-august-28-9am-et,DOWN,9338724092615509281376318523880280769765270216791770008700391276125962114831,1756240323,2025-08-26 20:32:03,0.5
bitcoin-up-or-down-august-28-9am-et,DOWN,9338724092615509281376318523880280769765270216791770008700391276125962114831,1756240383,2025-08-26 20:33:03,0.5
bitcoin-up-or-down-august-28-9am-et,DOWN,9338724092615509281376318523880280769765270216791770008700391276125962114831,1756240443,2025-08-26 20:34:03,0.5
bitcoin-up-or-down-august-28-9am-et,DOWN,9338724092615509281376318523880280769765270216791770008700391276125962114831,1756240503,2025-08-26 20:35:03,0.5
bitcoin-up-or-down-august-28-9am-et,DOWN,9338724092615509281376318523880280769765270216791770008700391276125962114831,1756240563,2025-08-26 20:36:03,0.5
bitcoin-up-or-down-august-28-9am-et,DOWN,9338724092615509281376318523880280769765270216791770008700391276125962114831,1756240622,2025-08-26 20:37:02,0.5
bitcoin-up-or-down-august-28-9am-et,DOWN,9338724092615509281376318523880280769765270216791770008700391276125962114831,1756240683,2025-08-26 20:38:03,0.5
bitcoin-up-or-down-august-28-9am-et,DOWN,9338724092615509281376318523880280769765270216791770008700391276125962114831,1756240743,2025-08-26 20:39:03,0.5
bitcoin-up-or-down-august-28-9am-et,DOWN,9338724092615509281376318523880280769765270216791770008700391276125962114831,1756240815,2025-08-26 20:40:15,0.5
bitcoin-up-or-down-august-28-9am-et,DOWN,9338724092615509281376318523880280769765270216791770008700391276125962114831,1756240863,2025-08-26 20:41:03,0.5
bitcoin-up-or-down-august-28-9am-et,DOWN,9338724092615509281376318523880280769765270216791770008700391276125962114831,1756240923,2025-08-26 20:42:03,0.5
bitcoin-up-or-down-august-28-9am-et,DOWN,9338724092615509281376318523880280769765270216791770008700391276125962114831,1756240982,2025-08-26 20:43:02,0.5
bitcoin-up-or-down-august-28-9am-et,DOWN,9338724092615509281376318523880280769765270216791770008700391276125962114831,1756241042,2025-08-26 20:44:02,0.5
bitcoin-up-or-down-august-28-9am-et,DOWN,9338724092615509281376318523880280769765270216791770008700391276125962114831,1756241102,2025-08-26 20:45:02,0.5
bitcoin-up-or-down-august-28-9am-et,DOWN,9338724092615509281376318523880280769765270216791770008700391276125962114831,1756241163,2025-08-26 20:46:03,0.5
bitcoin-up-or-down-august-28-9am-et,DOWN,9338724092615509281376318523880280769765270216791770008700391276125962114831,1756241223,2025-08-26 20:47:03,0.5
bitcoin-up-or-down-august-28-9am-et,DOWN,9338724092615509281376318523880280769765270216791770008700391276125962114831,1756241283,2025-08-26 20:48:03,0.5
bitcoin-up-or-down-august-28-9am-et,DOWN,9338724092615509281376318523880280769765270216791770008700391276125962114831,1756241342,2025-08-26 20:49:02,0.5
bitcoin-up-or-down-august-28-9am-et,DOWN,9338724092615509281376318523880280769765270216791770008700391276125962114831,1756241414,2025-08-26 20:50:14,0.5
bitcoin-up-or-down-august-28-9am-et,DOWN,9338724092615509281376318523880280769765270216791770008700391276125962114831,1756241464,2025-08-26 20:51:04,0.5
bitcoin-up-or-down-august-28-9am-et,DOWN,9338724092615509281376318523880280769765270216791770008700391276125962114831,1756241523,2025-08-26 20:52:03,0.5
bitcoin-up-or-down-august-28-9am-et,DOWN,9338724092615509281376318523880280769765270216791770008700391276125962114831,1756241583,2025-08-26 20:53:03,0.5
bitcoin-up-or-down-august-28-9am-et,DOWN,9338724092615509281376318523880280769765270216791770008700391276125962114831,1756241644,2025-08-26 20:54:04,0.5
bitcoin-up-or-down-august-28-9am-et,DOWN,9338724092615509281376318523880280769765270216791770008700391276125962114831,1756241702,2025-08-26 20:55:02,0.5
bitcoin-up-or-down-august-28-9am-et,DOWN,9338724092615509281376318523880280769765270216791770008700391276125962114831,1756241763,2025-08-26 20:56:03,0.5
bitcoin-up-or-down-august-28-9am-et,DOWN,9338724092615509281376318523880280769765270216791770008700391276125962114831,1756241823,2025-08-26 20:57:03,0.5
bitcoin-up-or-down-august-28-9am-et,DOWN,9338724092615509281376318523880280769765270216791770008700391276125962114831,1756241882,2025-08-26 20:58:02,0.5
bitcoin-up-or-down-august-28-9am-et,DOWN,9338724092615509281376318523880280769765270216791770008700391276125962114831,1756241942,2025-08-26 20:59:02,0.5
bitcoin-up-or-down-august-28-9am-et,DOWN,9338724092615509281376318523880280769765270216791770008700391276125962114831,1756242016,2025-08-26 21:00:16,0.5
bitcoin-up-or-down-august-28-9am-et,DOWN,9338724092615509281376318523880280769765270216791770008700391276125962114831,1756242063,2025-08-26 21:01:03,0.5
bitcoin-up-or-down-august-28-9am-et,DOWN,9338724092615509281376318523880280769765270216791770008700391276125962114831,1756242122,2025-08-26 21:02:02,0.5
bitcoin-up-or-down-august-28-9am-et,DOWN,9338724092615509281376318523880280769765270216791770008700391276125962114831,1756242183,2025-08-26 21:03:03,0.5
bitcoin-up-or-down-august-28-9am-et,DOWN,9338724092615509281376318523880280769765270216791770008700391276125962114831,1756242243,2025-08-26 21:04:03,0.5
bitcoin-up-or-down-august-28-9am-et,DOWN,9338724092615509281376318523880280769765270216791770008700391276125962114831,1756242305,2025-08-26 21:05:05,0.5
bitcoin-up-or-down-august-28-9am-et,DOWN,9338724092615509281376318523880280769765270216791770008700391276125962114831,1756242362,2025-08-26 21:06:02,0.5
bitcoin-up-or-down-august-28-9am-et,DOWN,9338724092615509281376318523880280769765270216791770008700391276125962114831,1756242422,2025-08-26 21:07:02,0.5
bitcoin-up-or-down-august-28-9am-et,DOWN,9338724092615509281376318523880280769765270216791770008700391276125962114831,1756242484,2025-08-26 21:08:04,0.5
bitcoin-up-or-down-august-28-9am-et,DOWN,9338724092615509281376318523880280769765270216791770008700391276125962114831,1756242543,2025-08-26 21:09:03,0.5
bitcoin-up-or-down-august-28-9am-et,DOWN,9338724092615509281376318523880280769765270216791770008700391276125962114831,1756242602,2025-08-26 21:10:02,0.5
bitcoin-up-or-down-august-28-9am-et,DOWN,9338724092615509281376318523880280769765270216791770008700391276125962114831,1756242663,2025-08-26 21:11:03,0.5
bitcoin-up-or-down-august-28-9am-et,DOWN,9338724092615509281376318523880280769765270216791770008700391276125962114831,1756242723,2025-08-26 21:12:03,0.5
bitcoin-up-or-down-august-28-9am-et,DOWN,9338724092615509281376318523880280769765270216791770008700391276125962114831,1756242784,2025-08-26 21:13:04,0.5
bitcoin-up-or-down-august-28-9am-et,DOWN,9338724092615509281376318523880280769765270216791770008700391276125962114831,1756242843,2025-08-26 21:14:03,0.5
bitcoin-up-or-down-august-28-9am-et,DOWN,9338724092615509281376318523880280769765270216791770008700391276125962114831,1756242907,2025-08-26 21:15:07,0.5
bitcoin-up-or-down-august-28-9am-et,DOWN,9338724092615509281376318523880280769765270216791770008700391276125962114831,1756242962,2025-08-26 21:16:02,0.5
bitcoin-up-or-down-august-28-9am-et,DOWN,9338724092615509281376318523880280769765270216791770008700391276125962114831,1756243023,2025-08-26 21:17:03,0.5
bitcoin-up-or-down-august-28-9am-et,DOWN,9338724092615509281376318523880280769765270216791770008700391276125962114831,1756243083,2025-08-26 21:18:03,0.5
bitcoin-up-or-down-august-28-9am-et,DOWN,9338724092615509281376318523880280769765270216791770008700391276125962114831,1756243142,2025-08-26 21:19:02,0.5
bitcoin-up-or-down-august-28-9am-et,DOWN,9338724092615509281376318523880280769765270216791770008700391276125962114831,1756243210,2025-08-26 21:20:10,0.5
bitcoin-up-or-down-august-28-9am-et,DOWN,9338724092615509281376318523880280769765270216791770008700391276125962114831,1756243264,2025-08-26 21:21:04,0.5
bitcoin-up-or-down-august-28-9am-et,DOWN,9338724092615509281376318523880280769765270216791770008700391276125962114831,1756243323,2025-08-26 21:22:03,0.5
bitcoin-up-or-down-august-28-9am-et,DOWN,9338724092615509281376318523880280769765270216791770008700391276125962114831,1756243384,2025-08-26 21:23:04,0.5
bitcoin-up-or-down-august-28-9am-et,DOWN,9338724092615509281376318523880280769765270216791770008700391276125962114831,1756243444,2025-08-26 21:24:04,0.5
bitcoin-up-or-down-august-28-9am-et,DOWN,9338724092615509281376318523880280769765270216791770008700391276125962114831,1756243504,2025-08-26 21:25:04,0.5
bitcoin-up-or-down-august-28-9am-et,DOWN,9338724092615509281376318523880280769765270216791770008700391276125962114831,1756243564,2025-08-26 21:26:04,0.5
bitcoin-up-or-down-august-28-9am-et,DOWN,9338724092615509281376318523880280769765270216791770008700391276125962114831,1756243623,2025-08-26 21:27:03,0.5
bitcoin-up-or-down-august-28-9am-et,DOWN,9338724092615509281376318523880280769765270216791770008700391276125962114831,1756243683,2025-08-26 21:28:03,0.5
bitcoin-up-or-down-august-28-9am-et,DOWN,9338724092615509281376318523880280769765270216791770008700391276125962114831,1756243742,2025-08-26 21:29:02,0.5
bitcoin-up-or-down-august-28-9am-et,DOWN,9338724092615509281376318523880280769765270216791770008700391276125962114831,1756243815,2025-08-26 21:30:15,0.5
bitcoin-up-or-down-august-28-9am-et,DOWN,9338724092615509281376318523880280769765270216791770008700391276125962114831,1756243863,2025-08-26 21:31:03,0.5
bitcoin-up-or-down-august-28-9am-et,DOWN,9338724092615509281376318523880280769765270216791770008700391276125962114831,1756243922,2025-08-26 21:32:02,0.5
bitcoin-up-or-down-august-28-9am-et,DOWN,9338724092615509281376318523880280769765270216791770008700391276125962114831,1756243983,2025-08-26 21:33:03,0.5
bitcoin-up-or-down-august-28-9am-et,DOWN,9338724092615509281376318523880280769765270216791770008700391276125962114831,1756244044,2025-08-26 21:34:04,0.5
bitcoin-up-or-down-august-28-9am-et,DOWN,9338724092615509281376318523880280769765270216791770008700391276125962114831,1756244113,2025-08-26 21:35:13,0.5
bitcoin-up-or-down-august-28-9am-et,DOWN,9338724092615509281376318523880280769765270216791770008700391276125962114831,1756244164,2025-08-26 21:36:04,0.5
bitcoin-up-or-down-august-28-9am-et,DOWN,9338724092615509281376318523880280769765270216791770008700391276125962114831,1756244223,2025-08-26 21:37:03,0.5
bitcoin-up-or-down-august-28-9am-et,DOWN,9338724092615509281376318523880280769765270216791770008700391276125962114831,1756244283,2025-08-26 21:38:03,0.5
bitcoin-up-or-down-august-28-9am-et,DOWN,9338724092615509281376318523880280769765270216791770008700391276125962114831,1756244343,2025-08-26 21:39:03,0.5
bitcoin-up-or-down-august-28-9am-et,DOWN,9338724092615509281376318523880280769765270216791770008700391276125962114831,1756244402,2025-08-26 21:40:02,0.5
bitcoin-up-or-down-august-28-9am-et,DOWN,9338724092615509281376318523880280769765270216791770008700391276125962114831,1756244462,2025-08-26 21:41:02,0.5
bitcoin-up-or-down-august-28-9am-et,DOWN,9338724092615509281376318523880280769765270216791770008700391276125962114831,1756244523,2025-08-26 21:42:03,0.5
bitcoin-up-or-down-august-28-9am-et,DOWN,9338724092615509281376318523880280769765270216791770008700391276125962114831,1756244583,2025-08-26 21:43:03,0.5
bitcoin-up-or-down-august-28-9am-et,DOWN,9338724092615509281376318523880280769765270216791770008700391276125962114831,1756244642,2025-08-26 21:44:02,0.5
bitcoin-up-or-down-august-28-9am-et,DOWN,9338724092615509281376318523880280769765270216791770008700391276125962114831,1756244703,2025-08-26 21:45:03,0.5
bitcoin-up-or-down-august-28-9am-et,DOWN,9338724092615509281376318523880280769765270216791770008700391276125962114831,1756244763,2025-08-26 21:46:03,0.5
bitcoin-up-or-down-august-28-9am-et,DOWN,9338724092615509281376318523880280769765270216791770008700391276125962114831,1756244822,2025-08-26 21:47:02,0.5
bitcoin-up-or-down-august-28-9am-et,DOWN,9338724092615509281376318523880280769765270216791770008700391276125962114831,1756244882,2025-08-26 21:48:02,0.5
bitcoin-up-or-down-august-28-9am-et,DOWN,9338724092615509281376318523880280769765270216791770008700391276125962114831,1756244943,2025-08-26 21:49:03,0.5
bitcoin-up-or-down-august-28-9am-et,DOWN,9338724092615509281376318523880280769765270216791770008700391276125962114831,1756245006,2025-08-26 21:50:06,0.5
bitcoin-up-or-down-august-28-9am-et,DOWN,9338724092615509281376318523880280769765270216791770008700391276125962114831,1756245065,2025-08-26 21:51:05,0.5
bitcoin-up-or-down-august-28-9am-et,DOWN,9338724092615509281376318523880280769765270216791770008700391276125962114831,1756245123,2025-08-26 21:52:03,0.5
bitcoin-up-or-down-august-28-9am-et,DOWN,9338724092615509281376318523880280769765270216791770008700391276125962114831,1756245182,2025-08-26 21:53:02,0.5
bitcoin-up-or-down-august-28-9am-et,DOWN,9338724092615509281376318523880280769765270216791770008700391276125962114831,1756245243,2025-08-26 21:54:03,0.5
bitcoin-up-or-down-august-28-9am-et,DOWN,9338724092615509281376318523880280769765270216791770008700391276125962114831,1756245304,2025-08-26 21:55:04,0.5
bitcoin-up-or-down-august-28-9am-et,DOWN,9338724092615509281376318523880280769765270216791770008700391276125962114831,1756245364,2025-08-26 21:56:04,0.5
bitcoin-up-or-down-august-28-9am-et,DOWN,9338724092615509281376318523880280769765270216791770008700391276125962114831,1756245423,2025-08-26 21:57:03,0.5
bitcoin-up-or-down-august-28-9am-et,DOWN,9338724092615509281376318523880280769765270216791770008700391276125962114831,1756245483,2025-08-26 21:58:03,0.5
bitcoin-up-or-down-august-28-9am-et,DOWN,9338724092615509281376318523880280769765270216791770008700391276125962114831,1756245542,2025-08-26 21:59:02,0.5
bitcoin-up-or-down-august-28-9am-et,DOWN,9338724092615509281376318523880280769765270216791770008700391276125962114831,1756245614,2025-08-26 22:00:14,0.5
bitcoin-up-or-down-august-28-9am-et,DOWN,9338724092615509281376318523880280769765270216791770008700391276125962114831,1756245663,2025-08-26 22:01:03,0.5
bitcoin-up-or-down-august-28-9am-et,DOWN,9338724092615509281376318523880280769765270216791770008700391276125962114831,1756245723,2025-08-26 22:02:03,0.5
bitcoin-up-or-down-august-28-9am-et,DOWN,9338724092615509281376318523880280769765270216791770008700391276125962114831,1756245783,2025-08-26 22:03:03,0.5
bitcoin-up-or-down-august-28-9am-et,DOWN,9338724092615509281376318523880280769765270216791770008700391276125962114831,1756245842,2025-08-26 22:04:02,0.5
bitcoin-up-or-down-august-28-9am-et,DOWN,9338724092615509281376318523880280769765270216791770008700391276125962114831,1756245906,2025-08-26 22:05:06,0.5
bitcoin-up-or-down-august-28-9am-et,DOWN,9338724092615509281376318523880280769765270216791770008700391276125962114831,1756245964,2025-08-26 22:06:04,0.5
bitcoin-up-or-down-august-28-9am-et,DOWN,9338724092615509281376318523880280769765270216791770008700391276125962114831,1756246022,2025-08-26 22:07:02,0.5
bitcoin-up-or-down-august-28-9am-et,DOWN,9338724092615509281376318523880280769765270216791770008700391276125962114831,1756246082,2025-08-26 22:08:02,0.5
bitcoin-up-or-down-august-28-9am-et,DOWN,9338724092615509281376318523880280769765270216791770008700391276125962114831,1756246143,2025-08-26 22:09:03,0.5
bitcoin-up-or-down-august-28-9am-et,DOWN,9338724092615509281376318523880280769765270216791770008700391276125962114831,1756246202,2025-08-26 22:10:02,0.5
bitcoin-up-or-down-august-28-9am-et,DOWN,9338724092615509281376318523880280769765270216791770008700391276125962114831,1756246263,2025-08-26 22:11:03,0.5
bitcoin-up-or-down-august-28-9am-et,DOWN,9338724092615509281376318523880280769765270216791770008700391276125962114831,1756246324,2025-08-26 22:12:04,0.5
bitcoin-up-or-down-august-28-9am-et,DOWN,9338724092615509281376318523880280769765270216791770008700391276125962114831,1756246383,2025-08-26 22:13:03,0.5
bitcoin-up-or-down-august-28-9am-et,DOWN,9338724092615509281376318523880280769765270216791770008700391276125962114831,1756246442,2025-08-26 22:14:02,0.5
bitcoin-up-or-down-august-28-9am-et,DOWN,9338724092615509281376318523880280769765270216791770008700391276125962114831,1756246510,2025-08-26 22:15:10,0.5
bitcoin-up-or-down-august-28-9am-et,DOWN,9338724092615509281376318523880280769765270216791770008700391276125962114831,1756246563,2025-08-26 22:16:03,0.5
bitcoin-up-or-down-august-28-9am-et,DOWN,9338724092615509281376318523880280769765270216791770008700391276125962114831,1756246624,2025-08-26 22:17:04,0.5
bitcoin-up-or-down-august-28-9am-et,DOWN,9338724092615509281376318523880280769765270216791770008700391276125962114831,1756246682,2025-08-26 22:18:02,0.5
bitcoin-up-or-down-august-28-9am-et,DOWN,9338724092615509281376318523880280769765270216791770008700391276125962114831,1756246742,2025-08-26 22:19:02,0.5
bitcoin-up-or-down-august-28-9am-et,DOWN,9338724092615509281376318523880280769765270216791770008700391276125962114831,1756246810,2025-08-26 22:20:10,0.5
bitcoin-up-or-down-august-28-9am-et,DOWN,9338724092615509281376318523880280769765270216791770008700391276125962114831,1756246862,2025-08-26 22:21:02,0.5
bitcoin-up-or-down-august-28-9am-et,DOWN,9338724092615509281376318523880280769765270216791770008700391276125962114831,1756246923,2025-08-26 22:22:03,0.5
bitcoin-up-or-down-august-28-9am-et,DOWN,9338724092615509281376318523880280769765270216791770008700391276125962114831,1756246983,2025-08-26 22:23:03,0.5
bitcoin-up-or-down-august-28-9am-et,DOWN,9338724092615509281376318523880280769765270216791770008700391276125962114831,1756247042,2025-08-26 22:24:02,0.5
bitcoin-up-or-down-august-28-9am-et,DOWN,9338724092615509281376318523880280769765270216791770008700391276125962114831,1756247111,2025-08-26 22:25:11,0.5
bitcoin-up-or-down-august-28-9am-et,DOWN,9338724092615509281376318523880280769765270216791770008700391276125962114831,1756247166,2025-08-26 22:26:06,0.5
bitcoin-up-or-down-august-28-9am-et,DOWN,9338724092615509281376318523880280769765270216791770008700391276125962114831,1756247223,2025-08-26 22:27:03,0.5
bitcoin-up-or-down-august-28-9am-et,DOWN,9338724092615509281376318523880280769765270216791770008700391276125962114831,1756247282,2025-08-26 22:28:02,0.5
bitcoin-up-or-down-august-28-9am-et,DOWN,9338724092615509281376318523880280769765270216791770008700391276125962114831,1756247344,2025-08-26 22:29:04,0.5
bitcoin-up-or-down-august-28-9am-et,DOWN,9338724092615509281376318523880280769765270216791770008700391276125962114831,1756247404,2025-08-26 22:30:04,0.5
bitcoin-up-or-down-august-28-9am-et,DOWN,9338724092615509281376318523880280769765270216791770008700391276125962114831,1756247462,2025-08-26 22:31:02,0.5
bitcoin-up-or-down-august-28-9am-et,DOWN,9338724092615509281376318523880280769765270216791770008700391276125962114831,1756247523,2025-08-26 22:32:03,0.5
bitcoin-up-or-down-august-28-9am-et,DOWN,9338724092615509281376318523880280769765270216791770008700391276125962114831,1756247582,2025-08-26 22:33:02,0.5
bitcoin-up-or-down-august-28-9am-et,DOWN,9338724092615509281376318523880280769765270216791770008700391276125962114831,1756247643,2025-08-26 22:34:03,0.5
bitcoin-up-or-down-august-28-9am-et,DOWN,9338724092615509281376318523880280769765270216791770008700391276125962114831,1756247702,2025-08-26 22:35:02,0.5
bitcoin-up-or-down-august-28-9am-et,DOWN,9338724092615509281376318523880280769765270216791770008700391276125962114831,1756247764,2025-08-26 22:36:04,0.5
bitcoin-up-or-down-august-28-9am-et,DOWN,9338724092615509281376318523880280769765270216791770008700391276125962114831,1756247822,2025-08-26 22:37:02,0.5
bitcoin-up-or-down-august-28-9am-et,DOWN,9338724092615509281376318523880280769765270216791770008700391276125962114831,1756247883,2025-08-26 22:38:03,0.5
bitcoin-up-or-down-august-28-9am-et,DOWN,9338724092615509281376318523880280769765270216791770008700391276125962114831,1756247943,2025-08-26 22:39:03,0.5
bitcoin-up-or-down-august-28-9am-et,DOWN,9338724092615509281376318523880280769765270216791770008700391276125962114831,1756248008,2025-08-26 22:40:08,0.5
bitcoin-up-or-down-august-28-9am-et,DOWN,9338724092615509281376318523880280769765270216791770008700391276125962114831,1756248062,2025-08-26 22:41:02,0.5
bitcoin-up-or-down-august-28-9am-et,DOWN,9338724092615509281376318523880280769765270216791770008700391276125962114831,1756248123,2025-08-26 22:42:03,0.5
bitcoin-up-or-down-august-28-9am-et,DOWN,9338724092615509281376318523880280769765270216791770008700391276125962114831,1756248183,2025-08-26 22:43:03,0.5
bitcoin-up-or-down-august-28-9am-et,DOWN,9338724092615509281376318523880280769765270216791770008700391276125962114831,1756248243,2025-08-26 22:44:03,0.5
bitcoin-up-or-down-august-28-9am-et,DOWN,9338724092615509281376318523880280769765270216791770008700391276125962114831,1756248302,2025-08-26 22:45:02,0.5
bitcoin-up-or-down-august-28-9am-et,DOWN,9338724092615509281376318523880280769765270216791770008700391276125962114831,1756248364,2025-08-26 22:46:04,0.5
bitcoin-up-or-down-august-28-9am-et,DOWN,9338724092615509281376318523880280769765270216791770008700391276125962114831,1756248422,2025-08-26 22:47:02,0.5
bitcoin-up-or-down-august-28-9am-et,DOWN,9338724092615509281376318523880280769765270216791770008700391276125962114831,1756248483,2025-08-26 22:48:03,0.5
bitcoin-up-or-down-august-28-9am-et,DOWN,9338724092615509281376318523880280769765270216791770008700391276125962114831,1756248543,2025-08-26 22:49:03,0.5
bitcoin-up-or-down-august-28-9am-et,DOWN,9338724092615509281376318523880280769765270216791770008700391276125962114831,1756248602,2025-08-26 22:50:02,0.5
bitcoin-up-or-down-august-28-9am-et,DOWN,9338724092615509281376318523880280769765270216791770008700391276125962114831,1756248664,2025-08-26 22:51:04,0.5
bitcoin-up-or-down-august-28-9am-et,DOWN,9338724092615509281376318523880280769765270216791770008700391276125962114831,1756248723,2025-08-26 22:52:03,0.5
bitcoin-up-or-down-august-28-9am-et,DOWN,9338724092615509281376318523880280769765270216791770008700391276125962114831,1756248783,2025-08-26 22:53:03,0.5
bitcoin-up-or-down-august-28-9am-et,DOWN,9338724092615509281376318523880280769765270216791770008700391276125962114831,1756248842,2025-08-26 22:54:02,0.5
bitcoin-up-or-down-august-28-9am-et,DOWN,9338724092615509281376318523880280769765270216791770008700391276125962114831,1756248910,2025-08-26 22:55:10,0.5
bitcoin-up-or-down-august-28-9am-et,DOWN,9338724092615509281376318523880280769765270216791770008700391276125962114831,1756248962,2025-08-26 22:56:02,0.5
bitcoin-up-or-down-august-28-9am-et,DOWN,9338724092615509281376318523880280769765270216791770008700391276125962114831,1756249022,2025-08-26 22:57:02,0.5
bitcoin-up-or-down-august-28-9am-et,DOWN,9338724092615509281376318523880280769765270216791770008700391276125962114831,1756249083,2025-08-26 22:58:03,0.5
bitcoin-up-or-down-august-28-9am-et,DOWN,9338724092615509281376318523880280769765270216791770008700391276125962114831,1756249144,2025-08-26 22:59:04,0.5
bitcoin-up-or-down-august-28-9am-et,DOWN,9338724092615509281376318523880280769765270216791770008700391276125962114831,1756249206,2025-08-26 23:00:06,0.5
bitcoin-up-or-down-august-28-9am-et,DOWN,9338724092615509281376318523880280769765270216791770008700391276125962114831,1756249262,2025-08-26 23:01:02,0.5
bitcoin-up-or-down-august-28-9am-et,DOWN,9338724092615509281376318523880280769765270216791770008700391276125962114831,1756249322,2025-08-26 23:02:02,0.5
bitcoin-up-or-down-august-28-9am-et,DOWN,9338724092615509281376318523880280769765270216791770008700391276125962114831,1756249384,2025-08-26 23:03:04,0.5
bitcoin-up-or-down-august-28-9am-et,DOWN,9338724092615509281376318523880280769765270216791770008700391276125962114831,1756249442,2025-08-26 23:04:02,0.5
bitcoin-up-or-down-august-28-9am-et,DOWN,9338724092615509281376318523880280769765270216791770008700391276125962114831,1756249504,2025-08-26 23:05:04,0.5
bitcoin-up-or-down-august-28-9am-et,DOWN,9338724092615509281376318523880280769765270216791770008700391276125962114831,1756249563,2025-08-26 23:06:03,0.5
bitcoin-up-or-down-august-28-9am-et,DOWN,9338724092615509281376318523880280769765270216791770008700391276125962114831,1756249622,2025-08-26 23:07:02,0.5
bitcoin-up-or-down-august-28-9am-et,DOWN,9338724092615509281376318523880280769765270216791770008700391276125962114831,1756249682,2025-08-26 23:08:02,0.5
bitcoin-up-or-down-august-28-9am-et,DOWN,9338724092615509281376318523880280769765270216791770008700391276125962114831,1756249743,2025-08-26 23:09:03,0.5
bitcoin-up-or-down-august-28-9am-et,DOWN,9338724092615509281376318523880280769765270216791770008700391276125962114831,1756249805,2025-08-26 23:10:05,0.5
bitcoin-up-or-down-august-28-9am-et,DOWN,9338724092615509281376318523880280769765270216791770008700391276125962114831,1756249863,2025-08-26 23:11:03,0.5
bitcoin-up-or-down-august-28-9am-et,DOWN,9338724092615509281376318523880280769765270216791770008700391276125962114831,1756249922,2025-08-26 23:12:02,0.5
bitcoin-up-or-down-august-28-9am-et,DOWN,9338724092615509281376318523880280769765270216791770008700391276125962114831,1756249984,2025-08-26 23:13:04,0.5
bitcoin-up-or-down-august-28-9am-et,DOWN,9338724092615509281376318523880280769765270216791770008700391276125962114831,1756250043,2025-08-26 23:14:03,0.5
bitcoin-up-or-down-august-28-9am-et,DOWN,9338724092615509281376318523880280769765270216791770008700391276125962114831,1756250104,2025-08-26 23:15:04,0.5
bitcoin-up-or-down-august-28-9am-et,DOWN,9338724092615509281376318523880280769765270216791770008700391276125962114831,1756250162,2025-08-26 23:16:02,0.5
bitcoin-up-or-down-august-28-9am-et,DOWN,9338724092615509281376318523880280769765270216791770008700391276125962114831,1756250222,2025-08-26 23:17:02,0.5
bitcoin-up-or-down-august-28-9am-et,DOWN,9338724092615509281376318523880280769765270216791770008700391276125962114831,1756250282,2025-08-26 23:18:02,0.5
bitcoin-up-or-down-august-28-9am-et,DOWN,9338724092615509281376318523880280769765270216791770008700391276125962114831,1756250343,2025-08-26 23:19:03,0.5
bitcoin-up-or-down-august-28-9am-et,DOWN,9338724092615509281376318523880280769765270216791770008700391276125962114831,1756250415,2025-08-26 23:20:15,0.5
bitcoin-up-or-down-august-28-9am-et,DOWN,9338724092615509281376318523880280769765270216791770008700391276125962114831,1756250463,2025-08-26 23:21:03,0.5
bitcoin-up-or-down-august-28-9am-et,DOWN,9338724092615509281376318523880280769765270216791770008700391276125962114831,1756250523,2025-08-26 23:22:03,0.5
bitcoin-up-or-down-august-28-9am-et,DOWN,9338724092615509281376318523880280769765270216791770008700391276125962114831,1756250582,2025-08-26 23:23:02,0.5
bitcoin-up-or-down-august-28-9am-et,DOWN,9338724092615509281376318523880280769765270216791770008700391276125962114831,1756250642,2025-08-26 23:24:02,0.5
bitcoin-up-or-down-august-28-9am-et,DOWN,9338724092615509281376318523880280769765270216791770008700391276125962114831,1756250704,2025-08-26 23:25:04,0.5
bitcoin-up-or-down-august-28-9am-et,DOWN,9338724092615509281376318523880280769765270216791770008700391276125962114831,1756250763,2025-08-26 23:26:03,0.5
bitcoin-up-or-down-august-28-9am-et,DOWN,9338724092615509281376318523880280769765270216791770008700391276125962114831,1756250822,2025-08-26 23:27:02,0.5
bitcoin-up-or-down-august-28-9am-et,DOWN,9338724092615509281376318523880280769765270216791770008700391276125962114831,1756250882,2025-08-26 23:28:02,0.5
bitcoin-up-or-down-august-28-9am-et,DOWN,9338724092615509281376318523880280769765270216791770008700391276125962114831,1756250942,2025-08-26 23:29:02,0.5
bitcoin-up-or-down-august-28-9am-et,DOWN,9338724092615509281376318523880280769765270216791770008700391276125962114831,1756251017,2025-08-26 23:30:17,0.5
bitcoin-up-or-down-august-28-9am-et,DOWN,9338724092615509281376318523880280769765270216791770008700391276125962114831,1756251062,2025-08-26 23:31:02,0.5
bitcoin-up-or-down-august-28-9am-et,DOWN,9338724092615509281376318523880280769765270216791770008700391276125962114831,1756251122,2025-08-26 23:32:02,0.5
bitcoin-up-or-down-august-28-9am-et,DOWN,9338724092615509281376318523880280769765270216791770008700391276125962114831,1756251182,2025-08-26 23:33:02,0.5
bitcoin-up-or-down-august-28-9am-et,DOWN,9338724092615509281376318523880280769765270216791770008700391276125962114831,1756251243,2025-08-26 23:34:03,0.5
bitcoin-up-or-down-august-28-9am-et,DOWN,9338724092615509281376318523880280769765270216791770008700391276125962114831,1756251304,2025-08-26 23:35:04,0.5
bitcoin-up-or-down-august-28-9am-et,DOWN,9338724092615509281376318523880280769765270216791770008700391276125962114831,1756251363,2025-08-26 23:36:03,0.5
bitcoin-up-or-down-august-28-9am-et,DOWN,9338724092615509281376318523880280769765270216791770008700391276125962114831,1756251422,2025-08-26 23:37:02,0.5
bitcoin-up-or-down-august-28-9am-et,DOWN,9338724092615509281376318523880280769765270216791770008700391276125962114831,1756251483,2025-08-26 23:38:03,0.5
bitcoin-up-or-down-august-28-9am-et,DOWN,9338724092615509281376318523880280769765270216791770008700391276125962114831,1756251543,2025-08-26 23:39:03,0.5
bitcoin-up-or-down-august-28-9am-et,DOWN,9338724092615509281376318523880280769765270216791770008700391276125962114831,1756251639,2025-08-26 23:40:39,0.5
bitcoin-up-or-down-august-28-9am-et,DOWN,9338724092615509281376318523880280769765270216791770008700391276125962114831,1756251663,2025-08-26 23:41:03,0.5
bitcoin-up-or-down-august-28-9am-et,DOWN,9338724092615509281376318523880280769765270216791770008700391276125962114831,1756251722,2025-08-26 23:42:02,0.5
bitcoin-up-or-down-august-28-9am-et,DOWN,9338724092615509281376318523880280769765270216791770008700391276125962114831,1756251783,2025-08-26 23:43:03,0.5
bitcoin-up-or-down-august-28-9am-et,DOWN,9338724092615509281376318523880280769765270216791770008700391276125962114831,1756251843,2025-08-26 23:44:03,0.5
bitcoin-up-or-down-august-28-9am-et,DOWN,9338724092615509281376318523880280769765270216791770008700391276125962114831,1756251912,2025-08-26 23:45:12,0.5
bitcoin-up-or-down-august-28-9am-et,DOWN,9338724092615509281376318523880280769765270216791770008700391276125962114831,1756251963,2025-08-26 23:46:03,0.5
bitcoin-up-or-down-august-28-9am-et,DOWN,9338724092615509281376318523880280769765270216791770008700391276125962114831,1756252024,2025-08-26 23:47:04,0.5
bitcoin-up-or-down-august-28-9am-et,DOWN,9338724092615509281376318523880280769765270216791770008700391276125962114831,1756252082,2025-08-26 23:48:02,0.5
bitcoin-up-or-down-august-28-9am-et,DOWN,9338724092615509281376318523880280769765270216791770008700391276125962114831,1756252143,2025-08-26 23:49:03,0.5
bitcoin-up-or-down-august-28-9am-et,DOWN,9338724092615509281376318523880280769765270216791770008700391276125962114831,1756252204,2025-08-26 23:50:04,0.5
bitcoin-up-or-down-august-28-9am-et,DOWN,9338724092615509281376318523880280769765270216791770008700391276125962114831,1756252262,2025-08-26 23:51:02,0.5
bitcoin-up-or-down-august-28-9am-et,DOWN,9338724092615509281376318523880280769765270216791770008700391276125962114831,1756252322,2025-08-26 23:52:02,0.5
bitcoin-up-or-down-august-28-9am-et,DOWN,9338724092615509281376318523880280769765270216791770008700391276125962114831,1756252382,2025-08-26 23:53:02,0.5
bitcoin-up-or-down-august-28-9am-et,DOWN,9338724092615509281376318523880280769765270216791770008700391276125962114831,1756252444,2025-08-26 23:54:04,0.5
bitcoin-up-or-down-august-28-9am-et,DOWN,9338724092615509281376318523880280769765270216791770008700391276125962114831,1756252503,2025-08-26 23:55:03,0.5
bitcoin-up-or-down-august-28-9am-et,DOWN,9338724092615509281376318523880280769765270216791770008700391276125962114831,1756252563,2025-08-26 23:56:03,0.5
bitcoin-up-or-down-august-28-9am-et,DOWN,9338724092615509281376318523880280769765270216791770008700391276125962114831,1756252622,2025-08-26 23:57:02,0.5
bitcoin-up-or-down-august-28-9am-et,DOWN,9338724092615509281376318523880280769765270216791770008700391276125962114831,1756252682,2025-08-26 23:58:02,0.5
bitcoin-up-or-down-august-28-9am-et,DOWN,9338724092615509281376318523880280769765270216791770008700391276125962114831,1756252742,2025-08-26 23:59:02,0.5
bitcoin-up-or-down-august-28-9am-et,DOWN,9338724092615509281376318523880280769765270216791770008700391276125962114831,1756252809,2025-08-27 00:00:09,0.5
bitcoin-up-or-down-august-28-9am-et,DOWN,9338724092615509281376318523880280769765270216791770008700391276125962114831,1756252863,2025-08-27 00:01:03,0.5
bitcoin-up-or-down-august-28-9am-et,DOWN,9338724092615509281376318523880280769765270216791770008700391276125962114831,1756252922,2025-08-27 00:02:02,0.5
bitcoin-up-or-down-august-28-9am-et,DOWN,9338724092615509281376318523880280769765270216791770008700391276125962114831,1756252982,2025-08-27 00:03:02,0.5
bitcoin-up-or-down-august-28-9am-et,DOWN,9338724092615509281376318523880280769765270216791770008700391276125962114831,1756253042,2025-08-27 00:04:02,0.5
bitcoin-up-or-down-august-28-9am-et,DOWN,9338724092615509281376318523880280769765270216791770008700391276125962114831,1756253108,2025-08-27 00:05:08,0.5
bitcoin-up-or-down-august-28-9am-et,DOWN,9338724092615509281376318523880280769765270216791770008700391276125962114831,1756253162,2025-08-27 00:06:02,0.5
bitcoin-up-or-down-august-28-9am-et,DOWN,9338724092615509281376318523880280769765270216791770008700391276125962114831,1756253223,2025-08-27 00:07:03,0.5
bitcoin-up-or-down-august-28-9am-et,DOWN,9338724092615509281376318523880280769765270216791770008700391276125962114831,1756253283,2025-08-27 00:08:03,0.5
bitcoin-up-or-down-august-28-9am-et,DOWN,9338724092615509281376318523880280769765270216791770008700391276125962114831,1756253342,2025-08-27 00:09:02,0.5
bitcoin-up-or-down-august-28-9am-et,DOWN,9338724092615509281376318523880280769765270216791770008700391276125962114831,1756253402,2025-08-27 00:10:02,0.5
bitcoin-up-or-down-august-28-9am-et,DOWN,9338724092615509281376318523880280769765270216791770008700391276125962114831,1756253462,2025-08-27 00:11:02,0.5
bitcoin-up-or-down-august-28-9am-et,DOWN,9338724092615509281376318523880280769765270216791770008700391276125962114831,1756253523,2025-08-27 00:12:03,0.5
bitcoin-up-or-down-august-28-9am-et,DOWN,9338724092615509281376318523880280769765270216791770008700391276125962114831,1756253583,2025-08-27 00:13:03,0.5
bitcoin-up-or-down-august-28-9am-et,DOWN,9338724092615509281376318523880280769765270216791770008700391276125962114831,1756253642,2025-08-27 00:14:02,0.5
bitcoin-up-or-down-august-28-9am-et,DOWN,9338724092615509281376318523880280769765270216791770008700391276125962114831,1756253703,2025-08-27 00:15:03,0.5
bitcoin-up-or-down-august-28-9am-et,DOWN,9338724092615509281376318523880280769765270216791770008700391276125962114831,1756253763,2025-08-27 00:16:03,0.5
bitcoin-up-or-down-august-28-9am-et,DOWN,9338724092615509281376318523880280769765270216791770008700391276125962114831,1756253823,2025-08-27 00:17:03,0.5
bitcoin-up-or-down-august-28-9am-et,DOWN,9338724092615509281376318523880280769765270216791770008700391276125962114831,1756253883,2025-08-27 00:18:03,0.5
bitcoin-up-or-down-august-28-9am-et,DOWN,9338724092615509281376318523880280769765270216791770008700391276125962114831,1756253942,2025-08-27 00:19:02,0.5
bitcoin-up-or-down-august-28-9am-et,DOWN,9338724092615509281376318523880280769765270216791770008700391276125962114831,1756254005,2025-08-27 00:20:05,0.5
bitcoin-up-or-down-august-28-9am-et,DOWN,9338724092615509281376318523880280769765270216791770008700391276125962114831,1756254062,2025-08-27 00:21:02,0.5
bitcoin-up-or-down-august-28-9am-et,DOWN,9338724092615509281376318523880280769765270216791770008700391276125962114831,1756254123,2025-08-27 00:22:03,0.5
bitcoin-up-or-down-august-28-9am-et,DOWN,9338724092615509281376318523880280769765270216791770008700391276125962114831,1756254183,2025-08-27 00:23:03,0.5
bitcoin-up-or-down-august-28-9am-et,DOWN,9338724092615509281376318523880280769765270216791770008700391276125962114831,1756254243,2025-08-27 00:24:03,0.5
bitcoin-up-or-down-august-28-9am-et,DOWN,9338724092615509281376318523880280769765270216791770008700391276125962114831,1756254304,2025-08-27 00:25:04,0.5
bitcoin-up-or-down-august-28-9am-et,DOWN,9338724092615509281376318523880280769765270216791770008700391276125962114831,1756254362,2025-08-27 00:26:02,0.5
bitcoin-up-or-down-august-28-9am-et,DOWN,9338724092615509281376318523880280769765270216791770008700391276125962114831,1756254423,2025-08-27 00:27:03,0.5
bitcoin-up-or-down-august-28-9am-et,DOWN,9338724092615509281376318523880280769765270216791770008700391276125962114831,1756254483,2025-08-27 00:28:03,0.5
bitcoin-up-or-down-august-28-9am-et,DOWN,9338724092615509281376318523880280769765270216791770008700391276125962114831,1756254543,2025-08-27 00:29:03,0.5
bitcoin-up-or-down-august-28-9am-et,DOWN,9338724092615509281376318523880280769765270216791770008700391276125962114831,1756254604,2025-08-27 00:30:04,0.5
bitcoin-up-or-down-august-28-9am-et,DOWN,9338724092615509281376318523880280769765270216791770008700391276125962114831,1756254664,2025-08-27 00:31:04,0.5
bitcoin-up-or-down-august-28-9am-et,DOWN,9338724092615509281376318523880280769765270216791770008700391276125962114831,1756254723,2025-08-27 00:32:03,0.5
bitcoin-up-or-down-august-28-9am-et,DOWN,9338724092615509281376318523880280769765270216791770008700391276125962114831,1756254782,2025-08-27 00:33:02,0.5
bitcoin-up-or-down-august-28-9am-et,DOWN,9338724092615509281376318523880280769765270216791770008700391276125962114831,1756254842,2025-08-27 00:34:02,0.5
bitcoin-up-or-down-august-28-9am-et,DOWN,9338724092615509281376318523880280769765270216791770008700391276125962114831,1756254903,2025-08-27 00:35:03,0.5
bitcoin-up-or-down-august-28-9am-et,DOWN,9338724092615509281376318523880280769765270216791770008700391276125962114831,1756254963,2025-08-27 00:36:03,0.5
bitcoin-up-or-down-august-28-9am-et,DOWN,9338724092615509281376318523880280769765270216791770008700391276125962114831,1756255022,2025-08-27 00:37:02,0.5
bitcoin-up-or-down-august-28-9am-et,DOWN,9338724092615509281376318523880280769765270216791770008700391276125962114831,1756255082,2025-08-27 00:38:02,0.5
bitcoin-up-or-down-august-28-9am-et,DOWN,9338724092615509281376318523880280769765270216791770008700391276125962114831,1756255142,2025-08-27 00:39:02,0.5
bitcoin-up-or-down-august-28-9am-et,DOWN,9338724092615509281376318523880280769765270216791770008700391276125962114831,1756255205,2025-08-27 00:40:05,0.5
bitcoin-up-or-down-august-28-9am-et,DOWN,9338724092615509281376318523880280769765270216791770008700391276125962114831,1756255262,2025-08-27 00:41:02,0.5
bitcoin-up-or-down-august-28-9am-et,DOWN,9338724092615509281376318523880280769765270216791770008700391276125962114831,1756255324,2025-08-27 00:42:04,0.5
bitcoin-up-or-down-august-28-9am-et,DOWN,9338724092615509281376318523880280769765270216791770008700391276125962114831,1756255384,2025-08-27 00:43:04,0.5
bitcoin-up-or-down-august-28-9am-et,DOWN,9338724092615509281376318523880280769765270216791770008700391276125962114831,1756255443,2025-08-27 00:44:03,0.5
bitcoin-up-or-down-august-28-9am-et,DOWN,9338724092615509281376318523880280769765270216791770008700391276125962114831,1756255508,2025-08-27 00:45:08,0.5
bitcoin-up-or-down-august-28-9am-et,DOWN,9338724092615509281376318523880280769765270216791770008700391276125962114831,1756255563,2025-08-27 00:46:03,0.5
bitcoin-up-or-down-august-28-9am-et,DOWN,9338724092615509281376318523880280769765270216791770008700391276125962114831,1756255623,2025-08-27 00:47:03,0.5
bitcoin-up-or-down-august-28-9am-et,DOWN,9338724092615509281376318523880280769765270216791770008700391276125962114831,1756255682,2025-08-27 00:48:02,0.5
bitcoin-up-or-down-august-28-9am-et,DOWN,9338724092615509281376318523880280769765270216791770008700391276125962114831,1756255742,2025-08-27 00:49:02,0.5
bitcoin-up-or-down-august-28-9am-et,DOWN,9338724092615509281376318523880280769765270216791770008700391276125962114831,1756255811,2025-08-27 00:50:11,0.5
bitcoin-up-or-down-august-28-9am-et,DOWN,9338724092615509281376318523880280769765270216791770008700391276125962114831,1756255863,2025-08-27 00:51:03,0.5
bitcoin-up-or-down-august-28-9am-et,DOWN,9338724092615509281376318523880280769765270216791770008700391276125962114831,1756255923,2025-08-27 00:52:03,0.5
bitcoin-up-or-down-august-28-9am-et,DOWN,9338724092615509281376318523880280769765270216791770008700391276125962114831,1756255982,2025-08-27 00:53:02,0.5
bitcoin-up-or-down-august-28-9am-et,DOWN,9338724092615509281376318523880280769765270216791770008700391276125962114831,1756256043,2025-08-27 00:54:03,0.5
bitcoin-up-or-down-august-28-9am-et,DOWN,9338724092615509281376318523880280769765270216791770008700391276125962114831,1756256103,2025-08-27 00:55:03,0.5
bitcoin-up-or-down-august-28-9am-et,DOWN,9338724092615509281376318523880280769765270216791770008700391276125962114831,1756256163,2025-08-27 00:56:03,0.5
bitcoin-up-or-down-august-28-9am-et,DOWN,9338724092615509281376318523880280769765270216791770008700391276125962114831,1756256223,2025-08-27 00:57:03,0.5
bitcoin-up-or-down-august-28-9am-et,DOWN,9338724092615509281376318523880280769765270216791770008700391276125962114831,1756256283,2025-08-27 00:58:03,0.5
bitcoin-up-or-down-august-28-9am-et,DOWN,9338724092615509281376318523880280769765270216791770008700391276125962114831,1756256343,2025-08-27 00:59:03,0.5
bitcoin-up-or-down-august-28-9am-et,DOWN,9338724092615509281376318523880280769765270216791770008700391276125962114831,1756256403,2025-08-27 01:00:03,0.5
bitcoin-up-or-down-august-28-9am-et,DOWN,9338724092615509281376318523880280769765270216791770008700391276125962114831,1756256462,2025-08-27 01:01:02,0.5
bitcoin-up-or-down-august-28-9am-et,DOWN,9338724092615509281376318523880280769765270216791770008700391276125962114831,1756256522,2025-08-27 01:02:02,0.5
bitcoin-up-or-down-august-28-9am-et,DOWN,9338724092615509281376318523880280769765270216791770008700391276125962114831,1756256582,2025-08-27 01:03:02,0.5
bitcoin-up-or-down-august-28-9am-et,DOWN,9338724092615509281376318523880280769765270216791770008700391276125962114831,1756256643,2025-08-27 01:04:03,0.5
bitcoin-up-or-down-august-28-9am-et,DOWN,9338724092615509281376318523880280769765270216791770008700391276125962114831,1756256711,2025-08-27 01:05:11,0.5
bitcoin-up-or-down-august-28-9am-et,DOWN,9338724092615509281376318523880280769765270216791770008700391276125962114831,1756256762,2025-08-27 01:06:02,0.5
bitcoin-up-or-down-august-28-9am-et,DOWN,9338724092615509281376318523880280769765270216791770008700391276125962114831,1756256823,2025-08-27 01:07:03,0.5
bitcoin-up-or-down-august-28-9am-et,DOWN,9338724092615509281376318523880280769765270216791770008700391276125962114831,1756256883,2025-08-27 01:08:03,0.5
bitcoin-up-or-down-august-28-9am-et,DOWN,9338724092615509281376318523880280769765270216791770008700391276125962114831,1756256943,2025-08-27 01:09:03,0.5
bitcoin-up-or-down-august-28-9am-et,DOWN,9338724092615509281376318523880280769765270216791770008700391276125962114831,1756257002,2025-08-27 01:10:02,0.5
bitcoin-up-or-down-august-28-9am-et,DOWN,9338724092615509281376318523880280769765270216791770008700391276125962114831,1756257062,2025-08-27 01:11:02,0.5
bitcoin-up-or-down-august-28-9am-et,DOWN,9338724092615509281376318523880280769765270216791770008700391276125962114831,1756257123,2025-08-27 01:12:03,0.5
bitcoin-up-or-down-august-28-9am-et,DOWN,9338724092615509281376318523880280769765270216791770008700391276125962114831,1756257183,2025-08-27 01:13:03,0.5
bitcoin-up-or-down-august-28-9am-et,DOWN,9338724092615509281376318523880280769765270216791770008700391276125962114831,1756257242,2025-08-27 01:14:02,0.5
bitcoin-up-or-down-august-28-9am-et,DOWN,9338724092615509281376318523880280769765270216791770008700391276125962114831,1756257312,2025-08-27 01:15:12,0.5
bitcoin-up-or-down-august-28-9am-et,DOWN,9338724092615509281376318523880280769765270216791770008700391276125962114831,1756257362,2025-08-27 01:16:02,0.5
bitcoin-up-or-down-august-28-9am-et,DOWN,9338724092615509281376318523880280769765270216791770008700391276125962114831,1756257423,2025-08-27 01:17:03,0.5
bitcoin-up-or-down-august-28-9am-et,DOWN,9338724092615509281376318523880280769765270216791770008700391276125962114831,1756257483,2025-08-27 01:18:03,0.5
bitcoin-up-or-down-august-28-9am-et,DOWN,9338724092615509281376318523880280769765270216791770008700391276125962114831,1756257542,2025-08-27 01:19:02,0.5
bitcoin-up-or-down-august-28-9am-et,DOWN,9338724092615509281376318523880280769765270216791770008700391276125962114831,1756257603,2025-08-27 01:20:03,0.5
bitcoin-up-or-down-august-28-9am-et,DOWN,9338724092615509281376318523880280769765270216791770008700391276125962114831,1756257663,2025-08-27 01:21:03,0.5
bitcoin-up-or-down-august-28-9am-et,DOWN,9338724092615509281376318523880280769765270216791770008700391276125962114831,1756257723,2025-08-27 01:22:03,0.5
bitcoin-up-or-down-august-28-9am-et,DOWN,9338724092615509281376318523880280769765270216791770008700391276125962114831,1756257783,2025-08-27 01:23:03,0.5
bitcoin-up-or-down-august-28-9am-et,DOWN,9338724092615509281376318523880280769765270216791770008700391276125962114831,1756257842,2025-08-27 01:24:02,0.5
bitcoin-up-or-down-august-28-9am-et,DOWN,9338724092615509281376318523880280769765270216791770008700391276125962114831,1756257910,2025-08-27 01:25:10,0.5
bitcoin-up-or-down-august-28-9am-et,DOWN,9338724092615509281376318523880280769765270216791770008700391276125962114831,1756257962,2025-08-27 01:26:02,0.5
bitcoin-up-or-down-august-28-9am-et,DOWN,9338724092615509281376318523880280769765270216791770008700391276125962114831,1756258022,2025-08-27 01:27:02,0.5
bitcoin-up-or-down-august-28-9am-et,DOWN,9338724092615509281376318523880280769765270216791770008700391276125962114831,1756258083,2025-08-27 01:28:03,0.5
bitcoin-up-or-down-august-28-9am-et,DOWN,9338724092615509281376318523880280769765270216791770008700391276125962114831,1756258143,2025-08-27 01:29:03,0.5
bitcoin-up-or-down-august-28-9am-et,DOWN,9338724092615509281376318523880280769765270216791770008700391276125962114831,1756258203,2025-08-27 01:30:03,0.5
bitcoin-up-or-down-august-28-9am-et,DOWN,9338724092615509281376318523880280769765270216791770008700391276125962114831,1756258263,2025-08-27 01:31:03,0.5
bitcoin-up-or-down-august-28-9am-et,DOWN,9338724092615509281376318523880280769765270216791770008700391276125962114831,1756258322,2025-08-27 01:32:02,0.5
bitcoin-up-or-down-august-28-9am-et,DOWN,9338724092615509281376318523880280769765270216791770008700391276125962114831,1756258382,2025-08-27 01:33:02,0.5
bitcoin-up-or-down-august-28-9am-et,DOWN,9338724092615509281376318523880280769765270216791770008700391276125962114831,1756258442,2025-08-27 01:34:02,0.5
bitcoin-up-or-down-august-28-9am-et,DOWN,9338724092615509281376318523880280769765270216791770008700391276125962114831,1756258512,2025-08-27 01:35:12,0.5
bitcoin-up-or-down-august-28-9am-et,DOWN,9338724092615509281376318523880280769765270216791770008700391276125962114831,1756258562,2025-08-27 01:36:02,0.5
bitcoin-up-or-down-august-28-9am-et,DOWN,9338724092615509281376318523880280769765270216791770008700391276125962114831,1756258623,2025-08-27 01:37:03,0.5
bitcoin-up-or-down-august-28-9am-et,DOWN,9338724092615509281376318523880280769765270216791770008700391276125962114831,1756258682,2025-08-27 01:38:02,0.5
bitcoin-up-or-down-august-28-9am-et,DOWN,9338724092615509281376318523880280769765270216791770008700391276125962114831,1756258742,2025-08-27 01:39:02,0.5
bitcoin-up-or-down-august-28-9am-et,DOWN,9338724092615509281376318523880280769765270216791770008700391276125962114831,1756258804,2025-08-27 01:40:04,0.5
bitcoin-up-or-down-august-28-9am-et,DOWN,9338724092615509281376318523880280769765270216791770008700391276125962114831,1756258863,2025-08-27 01:41:03,0.5
bitcoin-up-or-down-august-28-9am-et,DOWN,9338724092615509281376318523880280769765270216791770008700391276125962114831,1756258923,2025-08-27 01:42:03,0.5
bitcoin-up-or-down-august-28-9am-et,DOWN,9338724092615509281376318523880280769765270216791770008700391276125962114831,1756258983,2025-08-27 01:43:03,0.5
bitcoin-up-or-down-august-28-9am-et,DOWN,9338724092615509281376318523880280769765270216791770008700391276125962114831,1756259043,2025-08-27 01:44:03,0.5
bitcoin-up-or-down-august-28-9am-et,DOWN,9338724092615509281376318523880280769765270216791770008700391276125962114831,1756259111,2025-08-27 01:45:11,0.5
bitcoin-up-or-down-august-28-9am-et,DOWN,9338724092615509281376318523880280769765270216791770008700391276125962114831,1756259164,2025-08-27 01:46:04,0.5
bitcoin-up-or-down-august-28-9am-et,DOWN,9338724092615509281376318523880280769765270216791770008700391276125962114831,1756259224,2025-08-27 01:47:04,0.5
bitcoin-up-or-down-august-28-9am-et,DOWN,9338724092615509281376318523880280769765270216791770008700391276125962114831,1756259282,2025-08-27 01:48:02,0.5
bitcoin-up-or-down-august-28-9am-et,DOWN,9338724092615509281376318523880280769765270216791770008700391276125962114831,1756259343,2025-08-27 01:49:03,0.5
bitcoin-up-or-down-august-28-9am-et,DOWN,9338724092615509281376318523880280769765270216791770008700391276125962114831,1756259403,2025-08-27 01:50:03,0.5
bitcoin-up-or-down-august-28-9am-et,DOWN,9338724092615509281376318523880280769765270216791770008700391276125962114831,1756259462,2025-08-27 01:51:02,0.5
bitcoin-up-or-down-august-28-9am-et,DOWN,9338724092615509281376318523880280769765270216791770008700391276125962114831,1756259522,2025-08-27 01:52:02,0.5
bitcoin-up-or-down-august-28-9am-et,DOWN,9338724092615509281376318523880280769765270216791770008700391276125962114831,1756259582,2025-08-27 01:53:02,0.5
bitcoin-up-or-down-august-28-9am-et,DOWN,9338724092615509281376318523880280769765270216791770008700391276125962114831,1756259643,2025-08-27 01:54:03,0.5
bitcoin-up-or-down-august-28-9am-et,DOWN,9338724092615509281376318523880280769765270216791770008700391276125962114831,1756259710,2025-08-27 01:55:10,0.5
bitcoin-up-or-down-august-28-9am-et,DOWN,9338724092615509281376318523880280769765270216791770008700391276125962114831,1756259762,2025-08-27 01:56:02,0.5
bitcoin-up-or-down-august-28-9am-et,DOWN,9338724092615509281376318523880280769765270216791770008700391276125962114831,1756259823,2025-08-27 01:57:03,0.5
bitcoin-up-or-down-august-28-9am-et,DOWN,9338724092615509281376318523880280769765270216791770008700391276125962114831,1756259882,2025-08-27 01:58:02,0.5
bitcoin-up-or-down-august-28-9am-et,DOWN,9338724092615509281376318523880280769765270216791770008700391276125962114831,1756259942,2025-08-27 01:59:02,0.5
bitcoin-up-or-down-august-28-9am-et,DOWN,9338724092615509281376318523880280769765270216791770008700391276125962114831,1756260003,2025-08-27 02:00:03,0.5
bitcoin-up-or-down-august-28-9am-et,DOWN,9338724092615509281376318523880280769765270216791770008700391276125962114831,1756260062,2025-08-27 02:01:02,0.5
bitcoin-up-or-down-august-28-9am-et,DOWN,9338724092615509281376318523880280769765270216791770008700391276125962114831,1756260123,2025-08-27 02:02:03,0.5
bitcoin-up-or-down-august-28-9am-et,DOWN,9338724092615509281376318523880280769765270216791770008700391276125962114831,1756260183,2025-08-27 02:03:03,0.5
bitcoin-up-or-down-august-28-9am-et,DOWN,9338724092615509281376318523880280769765270216791770008700391276125962114831,1756260242,2025-08-27 02:04:02,0.5
bitcoin-up-or-down-august-28-9am-et,DOWN,9338724092615509281376318523880280769765270216791770008700391276125962114831,1756260303,2025-08-27 02:05:03,0.5
bitcoin-up-or-down-august-28-9am-et,DOWN,9338724092615509281376318523880280769765270216791770008700391276125962114831,1756260364,2025-08-27 02:06:04,0.5
bitcoin-up-or-down-august-28-9am-et,DOWN,9338724092615509281376318523880280769765270216791770008700391276125962114831,1756260423,2025-08-27 02:07:03,0.5
bitcoin-up-or-down-august-28-9am-et,DOWN,9338724092615509281376318523880280769765270216791770008700391276125962114831,1756260484,2025-08-27 02:08:04,0.5
bitcoin-up-or-down-august-28-9am-et,DOWN,9338724092615509281376318523880280769765270216791770008700391276125962114831,1756260542,2025-08-27 02:09:02,0.5
bitcoin-up-or-down-august-28-9am-et,DOWN,9338724092615509281376318523880280769765270216791770008700391276125962114831,1756260612,2025-08-27 02:10:12,0.5
bitcoin-up-or-down-august-28-9am-et,DOWN,9338724092615509281376318523880280769765270216791770008700391276125962114831,1756260663,2025-08-27 02:11:03,0.5
bitcoin-up-or-down-august-28-9am-et,DOWN,9338724092615509281376318523880280769765270216791770008700391276125962114831,1756260723,2025-08-27 02:12:03,0.5
bitcoin-up-or-down-august-28-9am-et,DOWN,9338724092615509281376318523880280769765270216791770008700391276125962114831,1756260783,2025-08-27 02:13:03,0.5
bitcoin-up-or-down-august-28-9am-et,DOWN,9338724092615509281376318523880280769765270216791770008700391276125962114831,1756260843,2025-08-27 02:14:03,0.5
bitcoin-up-or-down-august-28-9am-et,DOWN,9338724092615509281376318523880280769765270216791770008700391276125962114831,1756260913,2025-08-27 02:15:13,0.5
bitcoin-up-or-down-august-28-9am-et,DOWN,9338724092615509281376318523880280769765270216791770008700391276125962114831,1756260962,2025-08-27 02:16:02,0.5
bitcoin-up-or-down-august-28-9am-et,DOWN,9338724092615509281376318523880280769765270216791770008700391276125962114831,1756261022,2025-08-27 02:17:02,0.5
bitcoin-up-or-down-august-28-9am-et,DOWN,9338724092615509281376318523880280769765270216791770008700391276125962114831,1756261082,2025-08-27 02:18:02,0.5
bitcoin-up-or-down-august-28-9am-et,DOWN,9338724092615509281376318523880280769765270216791770008700391276125962114831,1756261143,2025-08-27 02:19:03,0.5
bitcoin-up-or-down-august-28-9am-et,DOWN,9338724092615509281376318523880280769765270216791770008700391276125962114831,1756261205,2025-08-27 02:20:05,0.5
bitcoin-up-or-down-august-28-9am-et,DOWN,9338724092615509281376318523880280769765270216791770008700391276125962114831,1756261262,2025-08-27 02:21:02,0.5
bitcoin-up-or-down-august-28-9am-et,DOWN,9338724092615509281376318523880280769765270216791770008700391276125962114831,1756261324,2025-08-27 02:22:04,0.5
bitcoin-up-or-down-august-28-9am-et,DOWN,9338724092615509281376318523880280769765270216791770008700391276125962114831,1756261383,2025-08-27 02:23:03,0.5
bitcoin-up-or-down-august-28-9am-et,DOWN,9338724092615509281376318523880280769765270216791770008700391276125962114831,1756261442,2025-08-27 02:24:02,0.5
bitcoin-up-or-down-august-28-9am-et,DOWN,9338724092615509281376318523880280769765270216791770008700391276125962114831,1756261509,2025-08-27 02:25:09,0.5
bitcoin-up-or-down-august-28-9am-et,DOWN,9338724092615509281376318523880280769765270216791770008700391276125962114831,1756261562,2025-08-27 02:26:02,0.5
bitcoin-up-or-down-august-28-9am-et,DOWN,9338724092615509281376318523880280769765270216791770008700391276125962114831,1756261622,2025-08-27 02:27:02,0.5
bitcoin-up-or-down-august-28-9am-et,DOWN,9338724092615509281376318523880280769765270216791770008700391276125962114831,1756261683,2025-08-27 02:28:03,0.5
bitcoin-up-or-down-august-28-9am-et,DOWN,9338724092615509281376318523880280769765270216791770008700391276125962114831,1756261743,2025-08-27 02:29:03,0.5
bitcoin-up-or-down-august-28-9am-et,DOWN,9338724092615509281376318523880280769765270216791770008700391276125962114831,1756261808,2025-08-27 02:30:08,0.5
bitcoin-up-or-down-august-28-9am-et,DOWN,9338724092615509281376318523880280769765270216791770008700391276125962114831,1756261863,2025-08-27 02:31:03,0.5
bitcoin-up-or-down-august-28-9am-et,DOWN,9338724092615509281376318523880280769765270216791770008700391276125962114831,1756261923,2025-08-27 02:32:03,0.5
bitcoin-up-or-down-august-28-9am-et,DOWN,9338724092615509281376318523880280769765270216791770008700391276125962114831,1756261983,2025-08-27 02:33:03,0.5
bitcoin-up-or-down-august-28-9am-et,DOWN,9338724092615509281376318523880280769765270216791770008700391276125962114831,1756262043,2025-08-27 02:34:03,0.5
bitcoin-up-or-down-august-28-9am-et,DOWN,9338724092615509281376318523880280769765270216791770008700391276125962114831,1756262111,2025-08-27 02:35:11,0.5
bitcoin-up-or-down-august-28-9am-et,DOWN,9338724092615509281376318523880280769765270216791770008700391276125962114831,1756262163,2025-08-27 02:36:03,0.5
bitcoin-up-or-down-august-28-9am-et,DOWN,9338724092615509281376318523880280769765270216791770008700391276125962114831,1756262223,2025-08-27 02:37:03,0.5
bitcoin-up-or-down-august-28-9am-et,DOWN,9338724092615509281376318523880280769765270216791770008700391276125962114831,1756262282,2025-08-27 02:38:02,0.5
bitcoin-up-or-down-august-28-9am-et,DOWN,9338724092615509281376318523880280769765270216791770008700391276125962114831,1756262343,2025-08-27 02:39:03,0.5
bitcoin-up-or-down-august-28-9am-et,DOWN,9338724092615509281376318523880280769765270216791770008700391276125962114831,1756262408,2025-08-27 02:40:08,0.5
bitcoin-up-or-down-august-28-9am-et,DOWN,9338724092615509281376318523880280769765270216791770008700391276125962114831,1756262464,2025-08-27 02:41:04,0.5
bitcoin-up-or-down-august-28-9am-et,DOWN,9338724092615509281376318523880280769765270216791770008700391276125962114831,1756262522,2025-08-27 02:42:02,0.5
bitcoin-up-or-down-august-28-9am-et,DOWN,9338724092615509281376318523880280769765270216791770008700391276125962114831,1756262582,2025-08-27 02:43:02,0.5
bitcoin-up-or-down-august-28-9am-et,DOWN,9338724092615509281376318523880280769765270216791770008700391276125962114831,1756262643,2025-08-27 02:44:03,0.5
bitcoin-up-or-down-august-28-9am-et,DOWN,9338724092615509281376318523880280769765270216791770008700391276125962114831,1756262704,2025-08-27 02:45:04,0.5
bitcoin-up-or-down-august-28-9am-et,DOWN,9338724092615509281376318523880280769765270216791770008700391276125962114831,1756262764,2025-08-27 02:46:04,0.5
bitcoin-up-or-down-august-28-9am-et,DOWN,9338724092615509281376318523880280769765270216791770008700391276125962114831,1756262822,2025-08-27 02:47:02,0.5
bitcoin-up-or-down-august-28-9am-et,DOWN,9338724092615509281376318523880280769765270216791770008700391276125962114831,1756262882,2025-08-27 02:48:02,0.5
bitcoin-up-or-down-august-28-9am-et,DOWN,9338724092615509281376318523880280769765270216791770008700391276125962114831,1756262943,2025-08-27 02:49:03,0.5
bitcoin-up-or-down-august-28-9am-et,DOWN,9338724092615509281376318523880280769765270216791770008700391276125962114831,1756263012,2025-08-27 02:50:12,0.5
bitcoin-up-or-down-august-28-9am-et,DOWN,9338724092615509281376318523880280769765270216791770008700391276125962114831,1756263063,2025-08-27 02:51:03,0.5
bitcoin-up-or-down-august-28-9am-et,DOWN,9338724092615509281376318523880280769765270216791770008700391276125962114831,1756263123,2025-08-27 02:52:03,0.5
bitcoin-up-or-down-august-28-9am-et,DOWN,9338724092615509281376318523880280769765270216791770008700391276125962114831,1756263183,2025-08-27 02:53:03,0.5
bitcoin-up-or-down-august-28-9am-et,DOWN,9338724092615509281376318523880280769765270216791770008700391276125962114831,1756263242,2025-08-27 02:54:02,0.5
bitcoin-up-or-down-august-28-9am-et,DOWN,9338724092615509281376318523880280769765270216791770008700391276125962114831,1756263307,2025-08-27 02:55:07,0.5
bitcoin-up-or-down-august-28-9am-et,DOWN,9338724092615509281376318523880280769765270216791770008700391276125962114831,1756263365,2025-08-27 02:56:05,0.5
bitcoin-up-or-down-august-28-9am-et,DOWN,9338724092615509281376318523880280769765270216791770008700391276125962114831,1756263422,2025-08-27 02:57:02,0.5
bitcoin-up-or-down-august-28-9am-et,DOWN,9338724092615509281376318523880280769765270216791770008700391276125962114831,1756263482,2025-08-27 02:58:02,0.5
bitcoin-up-or-down-august-28-9am-et,DOWN,9338724092615509281376318523880280769765270216791770008700391276125962114831,1756263543,2025-08-27 02:59:03,0.5
bitcoin-up-or-down-august-28-9am-et,DOWN,9338724092615509281376318523880280769765270216791770008700391276125962114831,1756263609,2025-08-27 03:00:09,0.5
bitcoin-up-or-down-august-28-9am-et,DOWN,9338724092615509281376318523880280769765270216791770008700391276125962114831,1756263663,2025-08-27 03:01:03,0.5
bitcoin-up-or-down-august-28-9am-et,DOWN,9338724092615509281376318523880280769765270216791770008700391276125962114831,1756263722,2025-08-27 03:02:02,0.5
bitcoin-up-or-down-august-28-9am-et,DOWN,9338724092615509281376318523880280769765270216791770008700391276125962114831,1756263784,2025-08-27 03:03:04,0.5
bitcoin-up-or-down-august-28-9am-et,DOWN,9338724092615509281376318523880280769765270216791770008700391276125962114831,1756263844,2025-08-27 03:04:04,0.5
bitcoin-up-or-down-august-28-9am-et,DOWN,9338724092615509281376318523880280769765270216791770008700391276125962114831,1756263902,2025-08-27 03:05:02,0.5
bitcoin-up-or-down-august-28-9am-et,DOWN,9338724092615509281376318523880280769765270216791770008700391276125962114831,1756263963,2025-08-27 03:06:03,0.5
bitcoin-up-or-down-august-28-9am-et,DOWN,9338724092615509281376318523880280769765270216791770008700391276125962114831,1756264022,2025-08-27 03:07:02,0.5
bitcoin-up-or-down-august-28-9am-et,DOWN,9338724092615509281376318523880280769765270216791770008700391276125962114831,1756264084,2025-08-27 03:08:04,0.5
bitcoin-up-or-down-august-28-9am-et,DOWN,9338724092615509281376318523880280769765270216791770008700391276125962114831,1756264144,2025-08-27 03:09:04,0.5
bitcoin-up-or-down-august-28-9am-et,DOWN,9338724092615509281376318523880280769765270216791770008700391276125962114831,1756264210,2025-08-27 03:10:10,0.5
bitcoin-up-or-down-august-28-9am-et,DOWN,9338724092615509281376318523880280769765270216791770008700391276125962114831,1756264262,2025-08-27 03:11:02,0.5
bitcoin-up-or-down-august-28-9am-et,DOWN,9338724092615509281376318523880280769765270216791770008700391276125962114831,1756264323,2025-08-27 03:12:03,0.5
bitcoin-up-or-down-august-28-9am-et,DOWN,9338724092615509281376318523880280769765270216791770008700391276125962114831,1756264383,2025-08-27 03:13:03,0.5
bitcoin-up-or-down-august-28-9am-et,DOWN,9338724092615509281376318523880280769765270216791770008700391276125962114831,1756264442,2025-08-27 03:14:02,0.5
bitcoin-up-or-down-august-28-9am-et,DOWN,9338724092615509281376318523880280769765270216791770008700391276125962114831,1756264502,2025-08-27 03:15:02,0.5
bitcoin-up-or-down-august-28-9am-et,DOWN,9338724092615509281376318523880280769765270216791770008700391276125962114831,1756264562,2025-08-27 03:16:02,0.5
bitcoin-up-or-down-august-28-9am-et,DOWN,9338724092615509281376318523880280769765270216791770008700391276125962114831,1756264622,2025-08-27 03:17:02,0.5
bitcoin-up-or-down-august-28-9am-et,DOWN,9338724092615509281376318523880280769765270216791770008700391276125962114831,1756264682,2025-08-27 03:18:02,0.5
bitcoin-up-or-down-august-28-9am-et,DOWN,9338724092615509281376318523880280769765270216791770008700391276125962114831,1756264742,2025-08-27 03:19:02,0.5
bitcoin-up-or-down-august-28-9am-et,DOWN,9338724092615509281376318523880280769765270216791770008700391276125962114831,1756264804,2025-08-27 03:20:04,0.5
bitcoin-up-or-down-august-28-9am-et,DOWN,9338724092615509281376318523880280769765270216791770008700391276125962114831,1756264862,2025-08-27 03:21:02,0.5
bitcoin-up-or-down-august-28-9am-et,DOWN,9338724092615509281376318523880280769765270216791770008700391276125962114831,1756264922,2025-08-27 03:22:02,0.5
bitcoin-up-or-down-august-28-9am-et,DOWN,9338724092615509281376318523880280769765270216791770008700391276125962114831,1756264983,2025-08-27 03:23:03,0.5
bitcoin-up-or-down-august-28-9am-et,DOWN,9338724092615509281376318523880280769765270216791770008700391276125962114831,1756265042,2025-08-27 03:24:02,0.5
bitcoin-up-or-down-august-28-9am-et,DOWN,9338724092615509281376318523880280769765270216791770008700391276125962114831,1756265115,2025-08-27 03:25:15,0.5
bitcoin-up-or-down-august-28-9am-et,DOWN,9338724092615509281376318523880280769765270216791770008700391276125962114831,1756265164,2025-08-27 03:26:04,0.5
bitcoin-up-or-down-august-28-9am-et,DOWN,9338724092615509281376318523880280769765270216791770008700391276125962114831,1756265223,2025-08-27 03:27:03,0.5
bitcoin-up-or-down-august-28-9am-et,DOWN,9338724092615509281376318523880280769765270216791770008700391276125962114831,1756265282,2025-08-27 03:28:02,0.5
bitcoin-up-or-down-august-28-9am-et,DOWN,9338724092615509281376318523880280769765270216791770008700391276125962114831,1756265343,2025-08-27 03:29:03,0.5
bitcoin-up-or-down-august-28-9am-et,DOWN,9338724092615509281376318523880280769765270216791770008700391276125962114831,1756265403,2025-08-27 03:30:03,0.5
bitcoin-up-or-down-august-28-9am-et,DOWN,9338724092615509281376318523880280769765270216791770008700391276125962114831,1756265462,2025-08-27 03:31:02,0.5
bitcoin-up-or-down-august-28-9am-et,DOWN,9338724092615509281376318523880280769765270216791770008700391276125962114831,1756265522,2025-08-27 03:32:02,0.5
bitcoin-up-or-down-august-28-9am-et,DOWN,9338724092615509281376318523880280769765270216791770008700391276125962114831,1756265584,2025-08-27 03:33:04,0.5
bitcoin-up-or-down-august-28-9am-et,DOWN,9338724092615509281376318523880280769765270216791770008700391276125962114831,1756265642,2025-08-27 03:34:02,0.5
bitcoin-up-or-down-august-28-9am-et,DOWN,9338724092615509281376318523880280769765270216791770008700391276125962114831,1756265715,2025-08-27 03:35:15,0.5
bitcoin-up-or-down-august-28-9am-et,DOWN,9338724092615509281376318523880280769765270216791770008700391276125962114831,1756265763,2025-08-27 03:36:03,0.5
bitcoin-up-or-down-august-28-9am-et,DOWN,9338724092615509281376318523880280769765270216791770008700391276125962114831,1756265823,2025-08-27 03:37:03,0.5
bitcoin-up-or-down-august-28-9am-et,DOWN,9338724092615509281376318523880280769765270216791770008700391276125962114831,1756265883,2025-08-27 03:38:03,0.5
bitcoin-up-or-down-august-28-9am-et,DOWN,9338724092615509281376318523880280769765270216791770008700391276125962114831,1756265943,2025-08-27 03:39:03,0.5
bitcoin-up-or-down-august-28-9am-et,DOWN,9338724092615509281376318523880280769765270216791770008700391276125962114831,1756266008,2025-08-27 03:40:08,0.5
bitcoin-up-or-down-august-28-9am-et,DOWN,9338724092615509281376318523880280769765270216791770008700391276125962114831,1756266063,2025-08-27 03:41:03,0.5
bitcoin-up-or-down-august-28-9am-et,DOWN,9338724092615509281376318523880280769765270216791770008700391276125962114831,1756266122,2025-08-27 03:42:02,0.5
bitcoin-up-or-down-august-28-9am-et,DOWN,9338724092615509281376318523880280769765270216791770008700391276125962114831,1756266182,2025-08-27 03:43:02,0.5
bitcoin-up-or-down-august-28-9am-et,DOWN,9338724092615509281376318523880280769765270216791770008700391276125962114831,1756266243,2025-08-27 03:44:03,0.5
bitcoin-up-or-down-august-28-9am-et,DOWN,9338724092615509281376318523880280769765270216791770008700391276125962114831,1756266311,2025-08-27 03:45:11,0.5
bitcoin-up-or-down-august-28-9am-et,DOWN,9338724092615509281376318523880280769765270216791770008700391276125962114831,1756266362,2025-08-27 03:46:02,0.5
bitcoin-up-or-down-august-28-9am-et,DOWN,9338724092615509281376318523880280769765270216791770008700391276125962114831,1756266423,2025-08-27 03:47:03,0.5
bitcoin-up-or-down-august-28-9am-et,DOWN,9338724092615509281376318523880280769765270216791770008700391276125962114831,1756266482,2025-08-27 03:48:02,0.5
bitcoin-up-or-down-august-28-9am-et,DOWN,9338724092615509281376318523880280769765270216791770008700391276125962114831,1756266543,2025-08-27 03:49:03,0.5
bitcoin-up-or-down-august-28-9am-et,DOWN,9338724092615509281376318523880280769765270216791770008700391276125962114831,1756266603,2025-08-27 03:50:03,0.5
bitcoin-up-or-down-august-28-9am-et,DOWN,9338724092615509281376318523880280769765270216791770008700391276125962114831,1756266662,2025-08-27 03:51:02,0.5
bitcoin-up-or-down-august-28-9am-et,DOWN,9338724092615509281376318523880280769765270216791770008700391276125962114831,1756266722,2025-08-27 03:52:02,0.5
bitcoin-up-or-down-august-28-9am-et,DOWN,9338724092615509281376318523880280769765270216791770008700391276125962114831,1756266783,2025-08-27 03:53:03,0.5
bitcoin-up-or-down-august-28-9am-et,DOWN,9338724092615509281376318523880280769765270216791770008700391276125962114831,1756266842,2025-08-27 03:54:02,0.5
bitcoin-up-or-down-august-28-9am-et,DOWN,9338724092615509281376318523880280769765270216791770008700391276125962114831,1756266913,2025-08-27 03:55:13,0.5
bitcoin-up-or-down-august-28-9am-et,DOWN,9338724092615509281376318523880280769765270216791770008700391276125962114831,1756266962,2025-08-27 03:56:02,0.5
bitcoin-up-or-down-august-28-9am-et,DOWN,9338724092615509281376318523880280769765270216791770008700391276125962114831,1756267022,2025-08-27 03:57:02,0.5
bitcoin-up-or-down-august-28-9am-et,DOWN,9338724092615509281376318523880280769765270216791770008700391276125962114831,1756267083,2025-08-27 03:58:03,0.5
bitcoin-up-or-down-august-28-9am-et,DOWN,9338724092615509281376318523880280769765270216791770008700391276125962114831,1756267142,2025-08-27 03:59:02,0.5
bitcoin-up-or-down-august-28-9am-et,DOWN,9338724092615509281376318523880280769765270216791770008700391276125962114831,1756267214,2025-08-27 04:00:14,0.5
bitcoin-up-or-down-august-28-9am-et,DOWN,9338724092615509281376318523880280769765270216791770008700391276125962114831,1756267263,2025-08-27 04:01:03,0.5
bitcoin-up-or-down-august-28-9am-et,DOWN,9338724092615509281376318523880280769765270216791770008700391276125962114831,1756267323,2025-08-27 04:02:03,0.5
bitcoin-up-or-down-august-28-9am-et,DOWN,9338724092615509281376318523880280769765270216791770008700391276125962114831,1756267382,2025-08-27 04:03:02,0.5
bitcoin-up-or-down-august-28-9am-et,DOWN,9338724092615509281376318523880280769765270216791770008700391276125962114831,1756267444,2025-08-27 04:04:04,0.5
bitcoin-up-or-down-august-28-9am-et,DOWN,9338724092615509281376318523880280769765270216791770008700391276125962114831,1756267511,2025-08-27 04:05:11,0.5
bitcoin-up-or-down-august-28-9am-et,DOWN,9338724092615509281376318523880280769765270216791770008700391276125962114831,1756267563,2025-08-27 04:06:03,0.5
bitcoin-up-or-down-august-28-9am-et,DOWN,9338724092615509281376318523880280769765270216791770008700391276125962114831,1756267623,2025-08-27 04:07:03,0.5
bitcoin-up-or-down-august-28-9am-et,DOWN,9338724092615509281376318523880280769765270216791770008700391276125962114831,1756267682,2025-08-27 04:08:02,0.5
bitcoin-up-or-down-august-28-9am-et,DOWN,9338724092615509281376318523880280769765270216791770008700391276125962114831,1756267743,2025-08-27 04:09:03,0.5
bitcoin-up-or-down-august-28-9am-et,DOWN,9338724092615509281376318523880280769765270216791770008700391276125962114831,1756267807,2025-08-27 04:10:07,0.5
bitcoin-up-or-down-august-28-9am-et,DOWN,9338724092615509281376318523880280769765270216791770008700391276125962114831,1756267862,2025-08-27 04:11:02,0.5
bitcoin-up-or-down-august-28-9am-et,DOWN,9338724092615509281376318523880280769765270216791770008700391276125962114831,1756267922,2025-08-27 04:12:02,0.5
bitcoin-up-or-down-august-28-9am-et,DOWN,9338724092615509281376318523880280769765270216791770008700391276125962114831,1756267983,2025-08-27 04:13:03,0.5
bitcoin-up-or-down-august-28-9am-et,DOWN,9338724092615509281376318523880280769765270216791770008700391276125962114831,1756268043,2025-08-27 04:14:03,0.5
bitcoin-up-or-down-august-28-9am-et,DOWN,9338724092615509281376318523880280769765270216791770008700391276125962114831,1756268104,2025-08-27 04:15:04,0.5
bitcoin-up-or-down-august-28-9am-et,DOWN,9338724092615509281376318523880280769765270216791770008700391276125962114831,1756268162,2025-08-27 04:16:02,0.5
bitcoin-up-or-down-august-28-9am-et,DOWN,9338724092615509281376318523880280769765270216791770008700391276125962114831,1756268223,2025-08-27 04:17:03,0.5
bitcoin-up-or-down-august-28-9am-et,DOWN,9338724092615509281376318523880280769765270216791770008700391276125962114831,1756268283,2025-08-27 04:18:03,0.5
bitcoin-up-or-down-august-28-9am-et,DOWN,9338724092615509281376318523880280769765270216791770008700391276125962114831,1756268343,2025-08-27 04:19:03,0.5
bitcoin-up-or-down-august-28-9am-et,DOWN,9338724092615509281376318523880280769765270216791770008700391276125962114831,1756268412,2025-08-27 04:20:12,0.5
bitcoin-up-or-down-august-28-9am-et,DOWN,9338724092615509281376318523880280769765270216791770008700391276125962114831,1756268463,2025-08-27 04:21:03,0.5
bitcoin-up-or-down-august-28-9am-et,DOWN,9338724092615509281376318523880280769765270216791770008700391276125962114831,1756268522,2025-08-27 04:22:02,0.5
bitcoin-up-or-down-august-28-9am-et,DOWN,9338724092615509281376318523880280769765270216791770008700391276125962114831,1756268582,2025-08-27 04:23:02,0.5
bitcoin-up-or-down-august-28-9am-et,DOWN,9338724092615509281376318523880280769765270216791770008700391276125962114831,1756268642,2025-08-27 04:24:02,0.5
bitcoin-up-or-down-august-28-9am-et,DOWN,9338724092615509281376318523880280769765270216791770008700391276125962114831,1756268706,2025-08-27 04:25:06,0.5
bitcoin-up-or-down-august-28-9am-et,DOWN,9338724092615509281376318523880280769765270216791770008700391276125962114831,1756268763,2025-08-27 04:26:03,0.5
bitcoin-up-or-down-august-28-9am-et,DOWN,9338724092615509281376318523880280769765270216791770008700391276125962114831,1756268822,2025-08-27 04:27:02,0.5
bitcoin-up-or-down-august-28-9am-et,DOWN,9338724092615509281376318523880280769765270216791770008700391276125962114831,1756268883,2025-08-27 04:28:03,0.5
bitcoin-up-or-down-august-28-9am-et,DOWN,9338724092615509281376318523880280769765270216791770008700391276125962114831,1756268942,2025-08-27 04:29:02,0.5
bitcoin-up-or-down-august-28-9am-et,DOWN,9338724092615509281376318523880280769765270216791770008700391276125962114831,1756269005,2025-08-27 04:30:05,0.5
bitcoin-up-or-down-august-28-9am-et,DOWN,9338724092615509281376318523880280769765270216791770008700391276125962114831,1756269063,2025-08-27 04:31:03,0.5
bitcoin-up-or-down-august-28-9am-et,DOWN,9338724092615509281376318523880280769765270216791770008700391276125962114831,1756269122,2025-08-27 04:32:02,0.5
bitcoin-up-or-down-august-28-9am-et,DOWN,9338724092615509281376318523880280769765270216791770008700391276125962114831,1756269183,2025-08-27 04:33:03,0.5
bitcoin-up-or-down-august-28-9am-et,DOWN,9338724092615509281376318523880280769765270216791770008700391276125962114831,1756269243,2025-08-27 04:34:03,0.5
bitcoin-up-or-down-august-28-9am-et,DOWN,9338724092615509281376318523880280769765270216791770008700391276125962114831,1756269315,2025-08-27 04:35:15,0.5
bitcoin-up-or-down-august-28-9am-et,DOWN,9338724092615509281376318523880280769765270216791770008700391276125962114831,1756269363,2025-08-27 04:36:03,0.5
bitcoin-up-or-down-august-28-9am-et,DOWN,9338724092615509281376318523880280769765270216791770008700391276125962114831,1756269422,2025-08-27 04:37:02,0.5
bitcoin-up-or-down-august-28-9am-et,DOWN,9338724092615509281376318523880280769765270216791770008700391276125962114831,1756269482,2025-08-27 04:38:02,0.5
bitcoin-up-or-down-august-28-9am-et,DOWN,9338724092615509281376318523880280769765270216791770008700391276125962114831,1756269543,2025-08-27 04:39:03,0.5
bitcoin-up-or-down-august-28-9am-et,DOWN,9338724092615509281376318523880280769765270216791770008700391276125962114831,1756269616,2025-08-27 04:40:16,0.5
bitcoin-up-or-down-august-28-9am-et,DOWN,9338724092615509281376318523880280769765270216791770008700391276125962114831,1756269663,2025-08-27 04:41:03,0.5
bitcoin-up-or-down-august-28-9am-et,DOWN,9338724092615509281376318523880280769765270216791770008700391276125962114831,1756269722,2025-08-27 04:42:02,0.5
bitcoin-up-or-down-august-28-9am-et,DOWN,9338724092615509281376318523880280769765270216791770008700391276125962114831,1756269782,2025-08-27 04:43:02,0.5
bitcoin-up-or-down-august-28-9am-et,DOWN,9338724092615509281376318523880280769765270216791770008700391276125962114831,1756269843,2025-08-27 04:44:03,0.5
bitcoin-up-or-down-august-28-9am-et,DOWN,9338724092615509281376318523880280769765270216791770008700391276125962114831,1756269915,2025-08-27 04:45:15,0.5
bitcoin-up-or-down-august-28-9am-et,DOWN,9338724092615509281376318523880280769765270216791770008700391276125962114831,1756269963,2025-08-27 04:46:03,0.5
bitcoin-up-or-down-august-28-9am-et,DOWN,9338724092615509281376318523880280769765270216791770008700391276125962114831,1756270022,2025-08-27 04:47:02,0.5
bitcoin-up-or-down-august-28-9am-et,DOWN,9338724092615509281376318523880280769765270216791770008700391276125962114831,1756270082,2025-08-27 04:48:02,0.5
bitcoin-up-or-down-august-28-9am-et,DOWN,9338724092615509281376318523880280769765270216791770008700391276125962114831,1756270143,2025-08-27 04:49:03,0.5
bitcoin-up-or-down-august-28-9am-et,DOWN,9338724092615509281376318523880280769765270216791770008700391276125962114831,1756270203,2025-08-27 04:50:03,0.5
bitcoin-up-or-down-august-28-9am-et,DOWN,9338724092615509281376318523880280769765270216791770008700391276125962114831,1756270263,2025-08-27 04:51:03,0.5
bitcoin-up-or-down-august-28-9am-et,DOWN,9338724092615509281376318523880280769765270216791770008700391276125962114831,1756270322,2025-08-27 04:52:02,0.5
bitcoin-up-or-down-august-28-9am-et,DOWN,9338724092615509281376318523880280769765270216791770008700391276125962114831,1756270383,2025-08-27 04:53:03,0.5
bitcoin-up-or-down-august-28-9am-et,DOWN,9338724092615509281376318523880280769765270216791770008700391276125962114831,1756270443,2025-08-27 04:54:03,0.5
bitcoin-up-or-down-august-28-9am-et,DOWN,9338724092615509281376318523880280769765270216791770008700391276125962114831,1756270505,2025-08-27 04:55:05,0.5
bitcoin-up-or-down-august-28-9am-et,DOWN,9338724092615509281376318523880280769765270216791770008700391276125962114831,1756270563,2025-08-27 04:56:03,0.5
bitcoin-up-or-down-august-28-9am-et,DOWN,9338724092615509281376318523880280769765270216791770008700391276125962114831,1756270622,2025-08-27 04:57:02,0.5
bitcoin-up-or-down-august-28-9am-et,DOWN,9338724092615509281376318523880280769765270216791770008700391276125962114831,1756270682,2025-08-27 04:58:02,0.5
bitcoin-up-or-down-august-28-9am-et,DOWN,9338724092615509281376318523880280769765270216791770008700391276125962114831,1756270742,2025-08-27 04:59:02,0.5
bitcoin-up-or-down-august-28-9am-et,DOWN,9338724092615509281376318523880280769765270216791770008700391276125962114831,1756270806,2025-08-27 05:00:06,0.5
bitcoin-up-or-down-august-28-9am-et,DOWN,9338724092615509281376318523880280769765270216791770008700391276125962114831,1756270862,2025-08-27 05:01:02,0.5
bitcoin-up-or-down-august-28-9am-et,DOWN,9338724092615509281376318523880280769765270216791770008700391276125962114831,1756270923,2025-08-27 05:02:03,0.5
bitcoin-up-or-down-august-28-9am-et,DOWN,9338724092615509281376318523880280769765270216791770008700391276125962114831,1756270982,2025-08-27 05:03:02,0.5
bitcoin-up-or-down-august-28-9am-et,DOWN,9338724092615509281376318523880280769765270216791770008700391276125962114831,1756271043,2025-08-27 05:04:03,0.5
bitcoin-up-or-down-august-28-9am-et,DOWN,9338724092615509281376318523880280769765270216791770008700391276125962114831,1756271108,2025-08-27 05:05:08,0.5
bitcoin-up-or-down-august-28-9am-et,DOWN,9338724092615509281376318523880280769765270216791770008700391276125962114831,1756271165,2025-08-27 05:06:05,0.5
bitcoin-up-or-down-august-28-9am-et,DOWN,9338724092615509281376318523880280769765270216791770008700391276125962114831,1756271223,2025-08-27 05:07:03,0.5
bitcoin-up-or-down-august-28-9am-et,DOWN,9338724092615509281376318523880280769765270216791770008700391276125962114831,1756271282,2025-08-27 05:08:02,0.5
bitcoin-up-or-down-august-28-9am-et,DOWN,9338724092615509281376318523880280769765270216791770008700391276125962114831,1756271342,2025-08-27 05:09:02,0.5
bitcoin-up-or-down-august-28-9am-et,DOWN,9338724092615509281376318523880280769765270216791770008700391276125962114831,1756271410,2025-08-27 05:10:10,0.5
bitcoin-up-or-down-august-28-9am-et,DOWN,9338724092615509281376318523880280769765270216791770008700391276125962114831,1756271463,2025-08-27 05:11:03,0.5
bitcoin-up-or-down-august-28-9am-et,DOWN,9338724092615509281376318523880280769765270216791770008700391276125962114831,1756271523,2025-08-27 05:12:03,0.5
bitcoin-up-or-down-august-28-9am-et,DOWN,9338724092615509281376318523880280769765270216791770008700391276125962114831,1756271583,2025-08-27 05:13:03,0.5
bitcoin-up-or-down-august-28-9am-et,DOWN,9338724092615509281376318523880280769765270216791770008700391276125962114831,1756271643,2025-08-27 05:14:03,0.5
bitcoin-up-or-down-august-28-9am-et,DOWN,9338724092615509281376318523880280769765270216791770008700391276125962114831,1756271710,2025-08-27 05:15:10,0.5
bitcoin-up-or-down-august-28-9am-et,DOWN,9338724092615509281376318523880280769765270216791770008700391276125962114831,1756271764,2025-08-27 05:16:04,0.5
bitcoin-up-or-down-august-28-9am-et,DOWN,9338724092615509281376318523880280769765270216791770008700391276125962114831,1756271824,2025-08-27 05:17:04,0.5
bitcoin-up-or-down-august-28-9am-et,DOWN,9338724092615509281376318523880280769765270216791770008700391276125962114831,1756271883,2025-08-27 05:18:03,0.5
bitcoin-up-or-down-august-28-9am-et,DOWN,9338724092615509281376318523880280769765270216791770008700391276125962114831,1756271943,2025-08-27 05:19:03,0.5
bitcoin-up-or-down-august-28-9am-et,DOWN,9338724092615509281376318523880280769765270216791770008700391276125962114831,1756272008,2025-08-27 05:20:08,0.5
bitcoin-up-or-down-august-28-9am-et,DOWN,9338724092615509281376318523880280769765270216791770008700391276125962114831,1756272064,2025-08-27 05:21:04,0.5
bitcoin-up-or-down-august-28-9am-et,DOWN,9338724092615509281376318523880280769765270216791770008700391276125962114831,1756272123,2025-08-27 05:22:03,0.5
bitcoin-up-or-down-august-28-9am-et,DOWN,9338724092615509281376318523880280769765270216791770008700391276125962114831,1756272182,2025-08-27 05:23:02,0.5
bitcoin-up-or-down-august-28-9am-et,DOWN,9338724092615509281376318523880280769765270216791770008700391276125962114831,1756272244,2025-08-27 05:24:04,0.5
bitcoin-up-or-down-august-28-9am-et,DOWN,9338724092615509281376318523880280769765270216791770008700391276125962114831,1756272302,2025-08-27 05:25:02,0.5
bitcoin-up-or-down-august-28-9am-et,DOWN,9338724092615509281376318523880280769765270216791770008700391276125962114831,1756272364,2025-08-27 05:26:04,0.5
bitcoin-up-or-down-august-28-9am-et,DOWN,9338724092615509281376318523880280769765270216791770008700391276125962114831,1756272423,2025-08-27 05:27:03,0.5
bitcoin-up-or-down-august-28-9am-et,DOWN,9338724092615509281376318523880280769765270216791770008700391276125962114831,1756272483,2025-08-27 05:28:03,0.5
bitcoin-up-or-down-august-28-9am-et,DOWN,9338724092615509281376318523880280769765270216791770008700391276125962114831,1756272542,2025-08-27 05:29:02,0.5
bitcoin-up-or-down-august-28-9am-et,DOWN,9338724092615509281376318523880280769765270216791770008700391276125962114831,1756272610,2025-08-27 05:30:10,0.5
bitcoin-up-or-down-august-28-9am-et,DOWN,9338724092615509281376318523880280769765270216791770008700391276125962114831,1756272662,2025-08-27 05:31:02,0.5
bitcoin-up-or-down-august-28-9am-et,DOWN,9338724092615509281376318523880280769765270216791770008700391276125962114831,1756272723,2025-08-27 05:32:03,0.5
bitcoin-up-or-down-august-28-9am-et,DOWN,9338724092615509281376318523880280769765270216791770008700391276125962114831,1756272783,2025-08-27 05:33:03,0.5
bitcoin-up-or-down-august-28-9am-et,DOWN,9338724092615509281376318523880280769765270216791770008700391276125962114831,1756272844,2025-08-27 05:34:04,0.5
bitcoin-up-or-down-august-28-9am-et,DOWN,9338724092615509281376318523880280769765270216791770008700391276125962114831,1756272910,2025-08-27 05:35:10,0.5
bitcoin-up-or-down-august-28-9am-et,DOWN,9338724092615509281376318523880280769765270216791770008700391276125962114831,1756272964,2025-08-27 05:36:04,0.5
bitcoin-up-or-down-august-28-9am-et,DOWN,9338724092615509281376318523880280769765270216791770008700391276125962114831,1756273023,2025-08-27 05:37:03,0.5
bitcoin-up-or-down-august-28-9am-et,DOWN,9338724092615509281376318523880280769765270216791770008700391276125962114831,1756273083,2025-08-27 05:38:03,0.5
bitcoin-up-or-down-august-28-9am-et,DOWN,9338724092615509281376318523880280769765270216791770008700391276125962114831,1756273143,2025-08-27 05:39:03,0.5
bitcoin-up-or-down-august-28-9am-et,DOWN,9338724092615509281376318523880280769765270216791770008700391276125962114831,1756273207,2025-08-27 05:40:07,0.5
bitcoin-up-or-down-august-28-9am-et,DOWN,9338724092615509281376318523880280769765270216791770008700391276125962114831,1756273264,2025-08-27 05:41:04,0.5
bitcoin-up-or-down-august-28-9am-et,DOWN,9338724092615509281376318523880280769765270216791770008700391276125962114831,1756273323,2025-08-27 05:42:03,0.5
bitcoin-up-or-down-august-28-9am-et,DOWN,9338724092615509281376318523880280769765270216791770008700391276125962114831,1756273383,2025-08-27 05:43:03,0.5
bitcoin-up-or-down-august-28-9am-et,DOWN,9338724092615509281376318523880280769765270216791770008700391276125962114831,1756273443,2025-08-27 05:44:03,0.5
bitcoin-up-or-down-august-28-9am-et,DOWN,9338724092615509281376318523880280769765270216791770008700391276125962114831,1756273504,2025-08-27 05:45:04,0.5
bitcoin-up-or-down-august-28-9am-et,DOWN,9338724092615509281376318523880280769765270216791770008700391276125962114831,1756273563,2025-08-27 05:46:03,0.5
bitcoin-up-or-down-august-28-9am-et,DOWN,9338724092615509281376318523880280769765270216791770008700391276125962114831,1756273622,2025-08-27 05:47:02,0.5
bitcoin-up-or-down-august-28-9am-et,DOWN,9338724092615509281376318523880280769765270216791770008700391276125962114831,1756273683,2025-08-27 05:48:03,0.5
bitcoin-up-or-down-august-28-9am-et,DOWN,9338724092615509281376318523880280769765270216791770008700391276125962114831,1756273742,2025-08-27 05:49:02,0.5
bitcoin-up-or-down-august-28-9am-et,DOWN,9338724092615509281376318523880280769765270216791770008700391276125962114831,1756273809,2025-08-27 05:50:09,0.5
bitcoin-up-or-down-august-28-9am-et,DOWN,9338724092615509281376318523880280769765270216791770008700391276125962114831,1756273862,2025-08-27 05:51:02,0.5
bitcoin-up-or-down-august-28-9am-et,DOWN,9338724092615509281376318523880280769765270216791770008700391276125962114831,1756273922,2025-08-27 05:52:02,0.5
bitcoin-up-or-down-august-28-9am-et,DOWN,9338724092615509281376318523880280769765270216791770008700391276125962114831,1756273983,2025-08-27 05:53:03,0.5
bitcoin-up-or-down-august-28-9am-et,DOWN,9338724092615509281376318523880280769765270216791770008700391276125962114831,1756274043,2025-08-27 05:54:03,0.5
bitcoin-up-or-down-august-28-9am-et,DOWN,9338724092615509281376318523880280769765270216791770008700391276125962114831,1756274102,2025-08-27 05:55:02,0.5
bitcoin-up-or-down-august-28-9am-et,DOWN,9338724092615509281376318523880280769765270216791770008700391276125962114831,1756274164,2025-08-27 05:56:04,0.5
bitcoin-up-or-down-august-28-9am-et,DOWN,9338724092615509281376318523880280769765270216791770008700391276125962114831,1756274224,2025-08-27 05:57:04,0.5
bitcoin-up-or-down-august-28-9am-et,DOWN,9338724092615509281376318523880280769765270216791770008700391276125962114831,1756274283,2025-08-27 05:58:03,0.5
bitcoin-up-or-down-august-28-9am-et,DOWN,9338724092615509281376318523880280769765270216791770008700391276125962114831,1756274343,2025-08-27 05:59:03,0.5
bitcoin-up-or-down-august-28-9am-et,DOWN,9338724092615509281376318523880280769765270216791770008700391276125962114831,1756274402,2025-08-27 06:00:02,0.5
bitcoin-up-or-down-august-28-9am-et,DOWN,9338724092615509281376318523880280769765270216791770008700391276125962114831,1756274462,2025-08-27 06:01:02,0.5
bitcoin-up-or-down-august-28-9am-et,DOWN,9338724092615509281376318523880280769765270216791770008700391276125962114831,1756274523,2025-08-27 06:02:03,0.5
bitcoin-up-or-down-august-28-9am-et,DOWN,9338724092615509281376318523880280769765270216791770008700391276125962114831,1756274583,2025-08-27 06:03:03,0.5
bitcoin-up-or-down-august-28-9am-et,DOWN,9338724092615509281376318523880280769765270216791770008700391276125962114831,1756274643,2025-08-27 06:04:03,0.5
bitcoin-up-or-down-august-28-9am-et,DOWN,9338724092615509281376318523880280769765270216791770008700391276125962114831,1756274711,2025-08-27 06:05:11,0.5
bitcoin-up-or-down-august-28-9am-et,DOWN,9338724092615509281376318523880280769765270216791770008700391276125962114831,1756274762,2025-08-27 06:06:02,0.5
bitcoin-up-or-down-august-28-9am-et,DOWN,9338724092615509281376318523880280769765270216791770008700391276125962114831,1756274822,2025-08-27 06:07:02,0.5
bitcoin-up-or-down-august-28-9am-et,DOWN,9338724092615509281376318523880280769765270216791770008700391276125962114831,1756274883,2025-08-27 06:08:03,0.5
bitcoin-up-or-down-august-28-9am-et,DOWN,9338724092615509281376318523880280769765270216791770008700391276125962114831,1756274943,2025-08-27 06:09:03,0.5
bitcoin-up-or-down-august-28-9am-et,DOWN,9338724092615509281376318523880280769765270216791770008700391276125962114831,1756275012,2025-08-27 06:10:12,0.5
bitcoin-up-or-down-august-28-9am-et,DOWN,9338724092615509281376318523880280769765270216791770008700391276125962114831,1756275063,2025-08-27 06:11:03,0.5
bitcoin-up-or-down-august-28-9am-et,DOWN,9338724092615509281376318523880280769765270216791770008700391276125962114831,1756275123,2025-08-27 06:12:03,0.5
bitcoin-up-or-down-august-28-9am-et,DOWN,9338724092615509281376318523880280769765270216791770008700391276125962114831,1756275182,2025-08-27 06:13:02,0.5
bitcoin-up-or-down-august-28-9am-et,DOWN,9338724092615509281376318523880280769765270216791770008700391276125962114831,1756275243,2025-08-27 06:14:03,0.5
bitcoin-up-or-down-august-28-9am-et,DOWN,9338724092615509281376318523880280769765270216791770008700391276125962114831,1756275302,2025-08-27 06:15:02,0.5
bitcoin-up-or-down-august-28-9am-et,DOWN,9338724092615509281376318523880280769765270216791770008700391276125962114831,1756275362,2025-08-27 06:16:02,0.5
bitcoin-up-or-down-august-28-9am-et,DOWN,9338724092615509281376318523880280769765270216791770008700391276125962114831,1756275422,2025-08-27 06:17:02,0.5
bitcoin-up-or-down-august-28-9am-et,DOWN,9338724092615509281376318523880280769765270216791770008700391276125962114831,1756275483,2025-08-27 06:18:03,0.5
bitcoin-up-or-down-august-28-9am-et,DOWN,9338724092615509281376318523880280769765270216791770008700391276125962114831,1756275543,2025-08-27 06:19:03,0.5
bitcoin-up-or-down-august-28-9am-et,DOWN,9338724092615509281376318523880280769765270216791770008700391276125962114831,1756275610,2025-08-27 06:20:10,0.5
bitcoin-up-or-down-august-28-9am-et,DOWN,9338724092615509281376318523880280769765270216791770008700391276125962114831,1756275662,2025-08-27 06:21:02,0.5
bitcoin-up-or-down-august-28-9am-et,DOWN,9338724092615509281376318523880280769765270216791770008700391276125962114831,1756275722,2025-08-27 06:22:02,0.5
bitcoin-up-or-down-august-28-9am-et,DOWN,9338724092615509281376318523880280769765270216791770008700391276125962114831,1756275782,2025-08-27 06:23:02,0.5
bitcoin-up-or-down-august-28-9am-et,DOWN,9338724092615509281376318523880280769765270216791770008700391276125962114831,1756275842,2025-08-27 06:24:02,0.5
bitcoin-up-or-down-august-28-9am-et,DOWN,9338724092615509281376318523880280769765270216791770008700391276125962114831,1756275909,2025-08-27 06:25:09,0.5
bitcoin-up-or-down-august-28-9am-et,DOWN,9338724092615509281376318523880280769765270216791770008700391276125962114831,1756275962,2025-08-27 06:26:02,0.5
bitcoin-up-or-down-august-28-9am-et,DOWN,9338724092615509281376318523880280769765270216791770008700391276125962114831,1756276022,2025-08-27 06:27:02,0.5
bitcoin-up-or-down-august-28-9am-et,DOWN,9338724092615509281376318523880280769765270216791770008700391276125962114831,1756276082,2025-08-27 06:28:02,0.5
bitcoin-up-or-down-august-28-9am-et,DOWN,9338724092615509281376318523880280769765270216791770008700391276125962114831,1756276143,2025-08-27 06:29:03,0.5
bitcoin-up-or-down-august-28-9am-et,DOWN,9338724092615509281376318523880280769765270216791770008700391276125962114831,1756276206,2025-08-27 06:30:06,0.5
bitcoin-up-or-down-august-28-9am-et,DOWN,9338724092615509281376318523880280769765270216791770008700391276125962114831,1756276262,2025-08-27 06:31:02,0.5
bitcoin-up-or-down-august-28-9am-et,DOWN,9338724092615509281376318523880280769765270216791770008700391276125962114831,1756276323,2025-08-27 06:32:03,0.5
bitcoin-up-or-down-august-28-9am-et,DOWN,9338724092615509281376318523880280769765270216791770008700391276125962114831,1756276382,2025-08-27 06:33:02,0.5
bitcoin-up-or-down-august-28-9am-et,DOWN,9338724092615509281376318523880280769765270216791770008700391276125962114831,1756276445,2025-08-27 06:34:05,0.5
bitcoin-up-or-down-august-28-9am-et,DOWN,9338724092615509281376318523880280769765270216791770008700391276125962114831,1756276505,2025-08-27 06:35:05,0.5
bitcoin-up-or-down-august-28-9am-et,DOWN,9338724092615509281376318523880280769765270216791770008700391276125962114831,1756276564,2025-08-27 06:36:04,0.5
bitcoin-up-or-down-august-28-9am-et,DOWN,9338724092615509281376318523880280769765270216791770008700391276125962114831,1756276624,2025-08-27 06:37:04,0.5
bitcoin-up-or-down-august-28-9am-et,DOWN,9338724092615509281376318523880280769765270216791770008700391276125962114831,1756276683,2025-08-27 06:38:03,0.5
bitcoin-up-or-down-august-28-9am-et,DOWN,9338724092615509281376318523880280769765270216791770008700391276125962114831,1756276753,2025-08-27 06:39:13,0.5
bitcoin-up-or-down-august-28-9am-et,DOWN,9338724092615509281376318523880280769765270216791770008700391276125962114831,1756276805,2025-08-27 06:40:05,0.5
bitcoin-up-or-down-august-28-9am-et,DOWN,9338724092615509281376318523880280769765270216791770008700391276125962114831,1756276863,2025-08-27 06:41:03,0.5
bitcoin-up-or-down-august-28-9am-et,DOWN,9338724092615509281376318523880280769765270216791770008700391276125962114831,1756276922,2025-08-27 06:42:02,0.5
bitcoin-up-or-down-august-28-9am-et,DOWN,9338724092615509281376318523880280769765270216791770008700391276125962114831,1756276982,2025-08-27 06:43:02,0.5
bitcoin-up-or-down-august-28-9am-et,DOWN,9338724092615509281376318523880280769765270216791770008700391276125962114831,1756277048,2025-08-27 06:44:08,0.5
bitcoin-up-or-down-august-28-9am-et,DOWN,9338724092615509281376318523880280769765270216791770008700391276125962114831,1756277106,2025-08-27 06:45:06,0.5
bitcoin-up-or-down-august-28-9am-et,DOWN,9338724092615509281376318523880280769765270216791770008700391276125962114831,1756277162,2025-08-27 06:46:02,0.5
bitcoin-up-or-down-august-28-9am-et,DOWN,9338724092615509281376318523880280769765270216791770008700391276125962114831,1756277223,2025-08-27 06:47:03,0.5
bitcoin-up-or-down-august-28-9am-et,DOWN,9338724092615509281376318523880280769765270216791770008700391276125962114831,1756277283,2025-08-27 06:48:03,0.5
bitcoin-up-or-down-august-28-9am-et,DOWN,9338724092615509281376318523880280769765270216791770008700391276125962114831,1756277348,2025-08-27 06:49:08,0.5
bitcoin-up-or-down-august-28-9am-et,DOWN,9338724092615509281376318523880280769765270216791770008700391276125962114831,1756277404,2025-08-27 06:50:04,0.5
bitcoin-up-or-down-august-28-9am-et,DOWN,9338724092615509281376318523880280769765270216791770008700391276125962114831,1756277463,2025-08-27 06:51:03,0.5
bitcoin-up-or-down-august-28-9am-et,DOWN,9338724092615509281376318523880280769765270216791770008700391276125962114831,1756277523,2025-08-27 06:52:03,0.5
bitcoin-up-or-down-august-28-9am-et,DOWN,9338724092615509281376318523880280769765270216791770008700391276125962114831,1756277583,2025-08-27 06:53:03,0.5
bitcoin-up-or-down-august-28-9am-et,DOWN,9338724092615509281376318523880280769765270216791770008700391276125962114831,1756277642,2025-08-27 06:54:02,0.5
bitcoin-up-or-down-august-28-9am-et,DOWN,9338724092615509281376318523880280769765270216791770008700391276125962114831,1756277702,2025-08-27 06:55:02,0.5
bitcoin-up-or-down-august-28-9am-et,DOWN,9338724092615509281376318523880280769765270216791770008700391276125962114831,1756277762,2025-08-27 06:56:02,0.5
bitcoin-up-or-down-august-28-9am-et,DOWN,9338724092615509281376318523880280769765270216791770008700391276125962114831,1756277823,2025-08-27 06:57:03,0.5
bitcoin-up-or-down-august-28-9am-et,DOWN,9338724092615509281376318523880280769765270216791770008700391276125962114831,1756277882,2025-08-27 06:58:02,0.5
bitcoin-up-or-down-august-28-9am-et,DOWN,9338724092615509281376318523880280769765270216791770008700391276125962114831,1756277944,2025-08-27 06:59:04,0.5
bitcoin-up-or-down-august-28-9am-et,DOWN,9338724092615509281376318523880280769765270216791770008700391276125962114831,1756278009,2025-08-27 07:00:09,0.5
bitcoin-up-or-down-august-28-9am-et,DOWN,9338724092615509281376318523880280769765270216791770008700391276125962114831,1756278062,2025-08-27 07:01:02,0.5
bitcoin-up-or-down-august-28-9am-et,DOWN,9338724092615509281376318523880280769765270216791770008700391276125962114831,1756278122,2025-08-27 07:02:02,0.5
bitcoin-up-or-down-august-28-9am-et,DOWN,9338724092615509281376318523880280769765270216791770008700391276125962114831,1756278182,2025-08-27 07:03:02,0.5
bitcoin-up-or-down-august-28-9am-et,DOWN,9338724092615509281376318523880280769765270216791770008700391276125962114831,1756278243,2025-08-27 07:04:03,0.5
bitcoin-up-or-down-august-28-9am-et,DOWN,9338724092615509281376318523880280769765270216791770008700391276125962114831,1756278309,2025-08-27 07:05:09,0.5
bitcoin-up-or-down-august-28-9am-et,DOWN,9338724092615509281376318523880280769765270216791770008700391276125962114831,1756278362,2025-08-27 07:06:02,0.5
bitcoin-up-or-down-august-28-9am-et,DOWN,9338724092615509281376318523880280769765270216791770008700391276125962114831,1756278423,2025-08-27 07:07:03,0.5
bitcoin-up-or-down-august-28-9am-et,DOWN,9338724092615509281376318523880280769765270216791770008700391276125962114831,1756278483,2025-08-27 07:08:03,0.5
bitcoin-up-or-down-august-28-9am-et,DOWN,9338724092615509281376318523880280769765270216791770008700391276125962114831,1756278543,2025-08-27 07:09:03,0.5
bitcoin-up-or-down-august-28-9am-et,DOWN,9338724092615509281376318523880280769765270216791770008700391276125962114831,1756278602,2025-08-27 07:10:02,0.5
bitcoin-up-or-down-august-28-9am-et,DOWN,9338724092615509281376318523880280769765270216791770008700391276125962114831,1756278662,2025-08-27 07:11:02,0.5
bitcoin-up-or-down-august-28-9am-et,DOWN,9338724092615509281376318523880280769765270216791770008700391276125962114831,1756278722,2025-08-27 07:12:02,0.5
bitcoin-up-or-down-august-28-9am-et,DOWN,9338724092615509281376318523880280769765270216791770008700391276125962114831,1756278782,2025-08-27 07:13:02,0.5
bitcoin-up-or-down-august-28-9am-et,DOWN,9338724092615509281376318523880280769765270216791770008700391276125962114831,1756278842,2025-08-27 07:14:02,0.5
bitcoin-up-or-down-august-28-9am-et,DOWN,9338724092615509281376318523880280769765270216791770008700391276125962114831,1756278908,2025-08-27 07:15:08,0.5
bitcoin-up-or-down-august-28-9am-et,DOWN,9338724092615509281376318523880280769765270216791770008700391276125962114831,1756278964,2025-08-27 07:16:04,0.5
bitcoin-up-or-down-august-28-9am-et,DOWN,9338724092615509281376318523880280769765270216791770008700391276125962114831,1756279022,2025-08-27 07:17:02,0.5
bitcoin-up-or-down-august-28-9am-et,DOWN,9338724092615509281376318523880280769765270216791770008700391276125962114831,1756279083,2025-08-27 07:18:03,0.5
bitcoin-up-or-down-august-28-9am-et,DOWN,9338724092615509281376318523880280769765270216791770008700391276125962114831,1756279142,2025-08-27 07:19:02,0.5
bitcoin-up-or-down-august-28-9am-et,DOWN,9338724092615509281376318523880280769765270216791770008700391276125962114831,1756279213,2025-08-27 07:20:13,0.5
bitcoin-up-or-down-august-28-9am-et,DOWN,9338724092615509281376318523880280769765270216791770008700391276125962114831,1756279263,2025-08-27 07:21:03,0.5
bitcoin-up-or-down-august-28-9am-et,DOWN,9338724092615509281376318523880280769765270216791770008700391276125962114831,1756279322,2025-08-27 07:22:02,0.5
bitcoin-up-or-down-august-28-9am-et,DOWN,9338724092615509281376318523880280769765270216791770008700391276125962114831,1756279383,2025-08-27 07:23:03,0.5
bitcoin-up-or-down-august-28-9am-et,DOWN,9338724092615509281376318523880280769765270216791770008700391276125962114831,1756279443,2025-08-27 07:24:03,0.5
bitcoin-up-or-down-august-28-9am-et,DOWN,9338724092615509281376318523880280769765270216791770008700391276125962114831,1756279502,2025-08-27 07:25:02,0.5
bitcoin-up-or-down-august-28-9am-et,DOWN,9338724092615509281376318523880280769765270216791770008700391276125962114831,1756279564,2025-08-27 07:26:04,0.5
bitcoin-up-or-down-august-28-9am-et,DOWN,9338724092615509281376318523880280769765270216791770008700391276125962114831,1756279623,2025-08-27 07:27:03,0.5
bitcoin-up-or-down-august-28-9am-et,DOWN,9338724092615509281376318523880280769765270216791770008700391276125962114831,1756279683,2025-08-27 07:28:03,0.5
bitcoin-up-or-down-august-28-9am-et,DOWN,9338724092615509281376318523880280769765270216791770008700391276125962114831,1756279743,2025-08-27 07:29:03,0.5
bitcoin-up-or-down-august-28-9am-et,DOWN,9338724092615509281376318523880280769765270216791770008700391276125962114831,1756279806,2025-08-27 07:30:06,0.5
bitcoin-up-or-down-august-28-9am-et,DOWN,9338724092615509281376318523880280769765270216791770008700391276125962114831,1756279862,2025-08-27 07:31:02,0.5
bitcoin-up-or-down-august-28-9am-et,DOWN,9338724092615509281376318523880280769765270216791770008700391276125962114831,1756279923,2025-08-27 07:32:03,0.5
bitcoin-up-or-down-august-28-9am-et,DOWN,9338724092615509281376318523880280769765270216791770008700391276125962114831,1756279983,2025-08-27 07:33:03,0.5
bitcoin-up-or-down-august-28-9am-et,DOWN,9338724092615509281376318523880280769765270216791770008700391276125962114831,1756280043,2025-08-27 07:34:03,0.5
bitcoin-up-or-down-august-28-9am-et,DOWN,9338724092615509281376318523880280769765270216791770008700391276125962114831,1756280102,2025-08-27 07:35:02,0.5
bitcoin-up-or-down-august-28-9am-et,DOWN,9338724092615509281376318523880280769765270216791770008700391276125962114831,1756280163,2025-08-27 07:36:03,0.5
bitcoin-up-or-down-august-28-9am-et,DOWN,9338724092615509281376318523880280769765270216791770008700391276125962114831,1756280222,2025-08-27 07:37:02,0.5
bitcoin-up-or-down-august-28-9am-et,DOWN,9338724092615509281376318523880280769765270216791770008700391276125962114831,1756280283,2025-08-27 07:38:03,0.5
bitcoin-up-or-down-august-28-9am-et,DOWN,9338724092615509281376318523880280769765270216791770008700391276125962114831,1756280342,2025-08-27 07:39:02,0.5
bitcoin-up-or-down-august-28-9am-et,DOWN,9338724092615509281376318523880280769765270216791770008700391276125962114831,1756280409,2025-08-27 07:40:09,0.5
bitcoin-up-or-down-august-28-9am-et,DOWN,9338724092615509281376318523880280769765270216791770008700391276125962114831,1756280462,2025-08-27 07:41:02,0.5
bitcoin-up-or-down-august-28-9am-et,DOWN,9338724092615509281376318523880280769765270216791770008700391276125962114831,1756280522,2025-08-27 07:42:02,0.5
bitcoin-up-or-down-august-28-9am-et,DOWN,9338724092615509281376318523880280769765270216791770008700391276125962114831,1756280582,2025-08-27 07:43:02,0.5
bitcoin-up-or-down-august-28-9am-et,DOWN,9338724092615509281376318523880280769765270216791770008700391276125962114831,1756280642,2025-08-27 07:44:02,0.5
bitcoin-up-or-down-august-28-9am-et,DOWN,9338724092615509281376318523880280769765270216791770008700391276125962114831,1756280703,2025-08-27 07:45:03,0.5
bitcoin-up-or-down-august-28-9am-et,DOWN,9338724092615509281376318523880280769765270216791770008700391276125962114831,1756280763,2025-08-27 07:46:03,0.5
bitcoin-up-or-down-august-28-9am-et,DOWN,9338724092615509281376318523880280769765270216791770008700391276125962114831,1756280822,2025-08-27 07:47:02,0.5
bitcoin-up-or-down-august-28-9am-et,DOWN,9338724092615509281376318523880280769765270216791770008700391276125962114831,1756280883,2025-08-27 07:48:03,0.5
bitcoin-up-or-down-august-28-9am-et,DOWN,9338724092615509281376318523880280769765270216791770008700391276125962114831,1756280943,2025-08-27 07:49:03,0.5
bitcoin-up-or-down-august-28-9am-et,DOWN,9338724092615509281376318523880280769765270216791770008700391276125962114831,1756281011,2025-08-27 07:50:11,0.5
bitcoin-up-or-down-august-28-9am-et,DOWN,9338724092615509281376318523880280769765270216791770008700391276125962114831,1756281062,2025-08-27 07:51:02,0.5
bitcoin-up-or-down-august-28-9am-et,DOWN,9338724092615509281376318523880280769765270216791770008700391276125962114831,1756281123,2025-08-27 07:52:03,0.5
bitcoin-up-or-down-august-28-9am-et,DOWN,9338724092615509281376318523880280769765270216791770008700391276125962114831,1756281183,2025-08-27 07:53:03,0.5
bitcoin-up-or-down-august-28-9am-et,DOWN,9338724092615509281376318523880280769765270216791770008700391276125962114831,1756281242,2025-08-27 07:54:02,0.5
bitcoin-up-or-down-august-28-9am-et,DOWN,9338724092615509281376318523880280769765270216791770008700391276125962114831,1756281305,2025-08-27 07:55:05,0.5
bitcoin-up-or-down-august-28-9am-et,DOWN,9338724092615509281376318523880280769765270216791770008700391276125962114831,1756281362,2025-08-27 07:56:02,0.5
bitcoin-up-or-down-august-28-9am-et,DOWN,9338724092615509281376318523880280769765270216791770008700391276125962114831,1756281423,2025-08-27 07:57:03,0.5
bitcoin-up-or-down-august-28-9am-et,DOWN,9338724092615509281376318523880280769765270216791770008700391276125962114831,1756281482,2025-08-27 07:58:02,0.5
bitcoin-up-or-down-august-28-9am-et,DOWN,9338724092615509281376318523880280769765270216791770008700391276125962114831,1756281542,2025-08-27 07:59:02,0.5
bitcoin-up-or-down-august-28-9am-et,DOWN,9338724092615509281376318523880280769765270216791770008700391276125962114831,1756281602,2025-08-27 08:00:02,0.5
bitcoin-up-or-down-august-28-9am-et,DOWN,9338724092615509281376318523880280769765270216791770008700391276125962114831,1756281662,2025-08-27 08:01:02,0.5
bitcoin-up-or-down-august-28-9am-et,DOWN,9338724092615509281376318523880280769765270216791770008700391276125962114831,1756281723,2025-08-27 08:02:03,0.5
bitcoin-up-or-down-august-28-9am-et,DOWN,9338724092615509281376318523880280769765270216791770008700391276125962114831,1756281782,2025-08-27 08:03:02,0.5
bitcoin-up-or-down-august-28-9am-et,DOWN,9338724092615509281376318523880280769765270216791770008700391276125962114831,1756281842,2025-08-27 08:04:02,0.5
bitcoin-up-or-down-august-28-9am-et,DOWN,9338724092615509281376318523880280769765270216791770008700391276125962114831,1756281907,2025-08-27 08:05:07,0.5
bitcoin-up-or-down-august-28-9am-et,DOWN,9338724092615509281376318523880280769765270216791770008700391276125962114831,1756281963,2025-08-27 08:06:03,0.5
bitcoin-up-or-down-august-28-9am-et,DOWN,9338724092615509281376318523880280769765270216791770008700391276125962114831,1756282022,2025-08-27 08:07:02,0.5
bitcoin-up-or-down-august-28-9am-et,DOWN,9338724092615509281376318523880280769765270216791770008700391276125962114831,1756282097,2025-08-27 08:08:17,0.5
bitcoin-up-or-down-august-28-9am-et,DOWN,9338724092615509281376318523880280769765270216791770008700391276125962114831,1756282142,2025-08-27 08:09:02,0.5
bitcoin-up-or-down-august-28-9am-et,DOWN,9338724092615509281376318523880280769765270216791770008700391276125962114831,1756282203,2025-08-27 08:10:03,0.5
bitcoin-up-or-down-august-28-9am-et,DOWN,9338724092615509281376318523880280769765270216791770008700391276125962114831,1756282263,2025-08-27 08:11:03,0.5
bitcoin-up-or-down-august-28-9am-et,DOWN,9338724092615509281376318523880280769765270216791770008700391276125962114831,1756282323,2025-08-27 08:12:03,0.5
bitcoin-up-or-down-august-28-9am-et,DOWN,9338724092615509281376318523880280769765270216791770008700391276125962114831,1756282382,2025-08-27 08:13:02,0.5
bitcoin-up-or-down-august-28-9am-et,DOWN,9338724092615509281376318523880280769765270216791770008700391276125962114831,1756282443,2025-08-27 08:14:03,0.5
bitcoin-up-or-down-august-28-9am-et,DOWN,9338724092615509281376318523880280769765270216791770008700391276125962114831,1756282504,2025-08-27 08:15:04,0.5
bitcoin-up-or-down-august-28-9am-et,DOWN,9338724092615509281376318523880280769765270216791770008700391276125962114831,1756282563,2025-08-27 08:16:03,0.5
bitcoin-up-or-down-august-28-9am-et,DOWN,9338724092615509281376318523880280769765270216791770008700391276125962114831,1756282622,2025-08-27 08:17:02,0.5
bitcoin-up-or-down-august-28-9am-et,DOWN,9338724092615509281376318523880280769765270216791770008700391276125962114831,1756282682,2025-08-27 08:18:02,0.5
bitcoin-up-or-down-august-28-9am-et,DOWN,9338724092615509281376318523880280769765270216791770008700391276125962114831,1756282742,2025-08-27 08:19:02,0.5
bitcoin-up-or-down-august-28-9am-et,DOWN,9338724092615509281376318523880280769765270216791770008700391276125962114831,1756282814,2025-08-27 08:20:14,0.5
bitcoin-up-or-down-august-28-9am-et,DOWN,9338724092615509281376318523880280769765270216791770008700391276125962114831,1756282863,2025-08-27 08:21:03,0.5
bitcoin-up-or-down-august-28-9am-et,DOWN,9338724092615509281376318523880280769765270216791770008700391276125962114831,1756282922,2025-08-27 08:22:02,0.5
bitcoin-up-or-down-august-28-9am-et,DOWN,9338724092615509281376318523880280769765270216791770008700391276125962114831,1756282983,2025-08-27 08:23:03,0.5
bitcoin-up-or-down-august-28-9am-et,DOWN,9338724092615509281376318523880280769765270216791770008700391276125962114831,1756283042,2025-08-27 08:24:02,0.5
bitcoin-up-or-down-august-28-9am-et,DOWN,9338724092615509281376318523880280769765270216791770008700391276125962114831,1756283102,2025-08-27 08:25:02,0.5
bitcoin-up-or-down-august-28-9am-et,DOWN,9338724092615509281376318523880280769765270216791770008700391276125962114831,1756283163,2025-08-27 08:26:03,0.5
bitcoin-up-or-down-august-28-9am-et,DOWN,9338724092615509281376318523880280769765270216791770008700391276125962114831,1756283224,2025-08-27 08:27:04,0.5
bitcoin-up-or-down-august-28-9am-et,DOWN,9338724092615509281376318523880280769765270216791770008700391276125962114831,1756283282,2025-08-27 08:28:02,0.5
bitcoin-up-or-down-august-28-9am-et,DOWN,9338724092615509281376318523880280769765270216791770008700391276125962114831,1756283343,2025-08-27 08:29:03,0.5
bitcoin-up-or-down-august-28-9am-et,DOWN,9338724092615509281376318523880280769765270216791770008700391276125962114831,1756283407,2025-08-27 08:30:07,0.5
bitcoin-up-or-down-august-28-9am-et,DOWN,9338724092615509281376318523880280769765270216791770008700391276125962114831,1756283463,2025-08-27 08:31:03,0.5
bitcoin-up-or-down-august-28-9am-et,DOWN,9338724092615509281376318523880280769765270216791770008700391276125962114831,1756283522,2025-08-27 08:32:02,0.5
bitcoin-up-or-down-august-28-9am-et,DOWN,9338724092615509281376318523880280769765270216791770008700391276125962114831,1756283583,2025-08-27 08:33:03,0.5
bitcoin-up-or-down-august-28-9am-et,DOWN,9338724092615509281376318523880280769765270216791770008700391276125962114831,1756283642,2025-08-27 08:34:02,0.5
bitcoin-up-or-down-august-28-9am-et,DOWN,9338724092615509281376318523880280769765270216791770008700391276125962114831,1756283705,2025-08-27 08:35:05,0.5
bitcoin-up-or-down-august-28-9am-et,DOWN,9338724092615509281376318523880280769765270216791770008700391276125962114831,1756283763,2025-08-27 08:36:03,0.5
bitcoin-up-or-down-august-28-9am-et,DOWN,9338724092615509281376318523880280769765270216791770008700391276125962114831,1756283822,2025-08-27 08:37:02,0.5
bitcoin-up-or-down-august-28-9am-et,DOWN,9338724092615509281376318523880280769765270216791770008700391276125962114831,1756283883,2025-08-27 08:38:03,0.5
bitcoin-up-or-down-august-28-9am-et,DOWN,9338724092615509281376318523880280769765270216791770008700391276125962114831,1756283942,2025-08-27 08:39:02,0.5
bitcoin-up-or-down-august-28-9am-et,DOWN,9338724092615509281376318523880280769765270216791770008700391276125962114831,1756284003,2025-08-27 08:40:03,0.5
bitcoin-up-or-down-august-28-9am-et,DOWN,9338724092615509281376318523880280769765270216791770008700391276125962114831,1756284063,2025-08-27 08:41:03,0.5
bitcoin-up-or-down-august-28-9am-et,DOWN,9338724092615509281376318523880280769765270216791770008700391276125962114831,1756284123,2025-08-27 08:42:03,0.5
bitcoin-up-or-down-august-28-9am-et,DOWN,9338724092615509281376318523880280769765270216791770008700391276125962114831,1756284183,2025-08-27 08:43:03,0.5
bitcoin-up-or-down-august-28-9am-et,DOWN,9338724092615509281376318523880280769765270216791770008700391276125962114831,1756284242,2025-08-27 08:44:02,0.5
bitcoin-up-or-down-august-28-9am-et,DOWN,9338724092615509281376318523880280769765270216791770008700391276125962114831,1756284308,2025-08-27 08:45:08,0.5
bitcoin-up-or-down-august-28-9am-et,DOWN,9338724092615509281376318523880280769765270216791770008700391276125962114831,1756284362,2025-08-27 08:46:02,0.5
bitcoin-up-or-down-august-28-9am-et,DOWN,9338724092615509281376318523880280769765270216791770008700391276125962114831,1756284423,2025-08-27 08:47:03,0.5
bitcoin-up-or-down-august-28-9am-et,DOWN,9338724092615509281376318523880280769765270216791770008700391276125962114831,1756284483,2025-08-27 08:48:03,0.5
bitcoin-up-or-down-august-28-9am-et,DOWN,9338724092615509281376318523880280769765270216791770008700391276125962114831,1756284542,2025-08-27 08:49:02,0.5
bitcoin-up-or-down-august-28-9am-et,DOWN,9338724092615509281376318523880280769765270216791770008700391276125962114831,1756284614,2025-08-27 08:50:14,0.5
bitcoin-up-or-down-august-28-9am-et,DOWN,9338724092615509281376318523880280769765270216791770008700391276125962114831,1756284663,2025-08-27 08:51:03,0.5
bitcoin-up-or-down-august-28-9am-et,DOWN,9338724092615509281376318523880280769765270216791770008700391276125962114831,1756284722,2025-08-27 08:52:02,0.5
bitcoin-up-or-down-august-28-9am-et,DOWN,9338724092615509281376318523880280769765270216791770008700391276125962114831,1756284784,2025-08-27 08:53:04,0.5
bitcoin-up-or-down-august-28-9am-et,DOWN,9338724092615509281376318523880280769765270216791770008700391276125962114831,1756284842,2025-08-27 08:54:02,0.5
bitcoin-up-or-down-august-28-9am-et,DOWN,9338724092615509281376318523880280769765270216791770008700391276125962114831,1756284902,2025-08-27 08:55:02,0.5
bitcoin-up-or-down-august-28-9am-et,DOWN,9338724092615509281376318523880280769765270216791770008700391276125962114831,1756284963,2025-08-27 08:56:03,0.5
bitcoin-up-or-down-august-28-9am-et,DOWN,9338724092615509281376318523880280769765270216791770008700391276125962114831,1756285023,2025-08-27 08:57:03,0.5
bitcoin-up-or-down-august-28-9am-et,DOWN,9338724092615509281376318523880280769765270216791770008700391276125962114831,1756285083,2025-08-27 08:58:03,0.5
bitcoin-up-or-down-august-28-9am-et,DOWN,9338724092615509281376318523880280769765270216791770008700391276125962114831,1756285142,2025-08-27 08:59:02,0.5
bitcoin-up-or-down-august-28-9am-et,DOWN,9338724092615509281376318523880280769765270216791770008700391276125962114831,1756285215,2025-08-27 09:00:15,0.5
bitcoin-up-or-down-august-28-9am-et,DOWN,9338724092615509281376318523880280769765270216791770008700391276125962114831,1756285266,2025-08-27 09:01:06,0.5
bitcoin-up-or-down-august-28-9am-et,DOWN,9338724092615509281376318523880280769765270216791770008700391276125962114831,1756285322,2025-08-27 09:02:02,0.5
bitcoin-up-or-down-august-28-9am-et,DOWN,9338724092615509281376318523880280769765270216791770008700391276125962114831,1756285404,2025-08-27 09:03:24,0.5
bitcoin-up-or-down-august-28-9am-et,DOWN,9338724092615509281376318523880280769765270216791770008700391276125962114831,1756285444,2025-08-27 09:04:04,0.5
bitcoin-up-or-down-august-28-9am-et,DOWN,9338724092615509281376318523880280769765270216791770008700391276125962114831,1756285799,2025-08-27 09:09:59,0.5
bitcoin-up-or-down-august-28-9am-et,DOWN,9338724092615509281376318523880280769765270216791770008700391276125962114831,1756285837,2025-08-27 09:10:37,0.5
bitcoin-up-or-down-august-28-9am-et,DOWN,9338724092615509281376318523880280769765270216791770008700391276125962114831,1756285862,2025-08-27 09:11:02,0.5
bitcoin-up-or-down-august-28-9am-et,DOWN,9338724092615509281376318523880280769765270216791770008700391276125962114831,1756285922,2025-08-27 09:12:02,0.5
bitcoin-up-or-down-august-28-9am-et,DOWN,9338724092615509281376318523880280769765270216791770008700391276125962114831,1756285982,2025-08-27 09:13:02,0.5
bitcoin-up-or-down-august-28-9am-et,DOWN,9338724092615509281376318523880280769765270216791770008700391276125962114831,1756286043,2025-08-27 09:14:03,0.5
bitcoin-up-or-down-august-28-9am-et,DOWN,9338724092615509281376318523880280769765270216791770008700391276125962114831,1756286103,2025-08-27 09:15:03,0.5
bitcoin-up-or-down-august-28-9am-et,DOWN,9338724092615509281376318523880280769765270216791770008700391276125962114831,1756286169,2025-08-27 09:16:09,0.5
bitcoin-up-or-down-august-28-9am-et,DOWN,9338724092615509281376318523880280769765270216791770008700391276125962114831,1756286223,2025-08-27 09:17:03,0.5
bitcoin-up-or-down-august-28-9am-et,DOWN,9338724092615509281376318523880280769765270216791770008700391276125962114831,1756286282,2025-08-27 09:18:02,0.5
bitcoin-up-or-down-august-28-9am-et,DOWN,9338724092615509281376318523880280769765270216791770008700391276125962114831,1756286343,2025-08-27 09:19:03,0.5
bitcoin-up-or-down-august-28-9am-et,DOWN,9338724092615509281376318523880280769765270216791770008700391276125962114831,1756286412,2025-08-27 09:20:12,0.5
bitcoin-up-or-down-august-28-9am-et,DOWN,9338724092615509281376318523880280769765270216791770008700391276125962114831,1756286465,2025-08-27 09:21:05,0.5
bitcoin-up-or-down-august-28-9am-et,DOWN,9338724092615509281376318523880280769765270216791770008700391276125962114831,1756286522,2025-08-27 09:22:02,0.5
bitcoin-up-or-down-august-28-9am-et,DOWN,9338724092615509281376318523880280769765270216791770008700391276125962114831,1756286582,2025-08-27 09:23:02,0.5
bitcoin-up-or-down-august-28-9am-et,DOWN,9338724092615509281376318523880280769765270216791770008700391276125962114831,1756286644,2025-08-27 09:24:04,0.5
bitcoin-up-or-down-august-28-9am-et,DOWN,9338724092615509281376318523880280769765270216791770008700391276125962114831,1756286702,2025-08-27 09:25:02,0.5
bitcoin-up-or-down-august-28-9am-et,DOWN,9338724092615509281376318523880280769765270216791770008700391276125962114831,1756286766,2025-08-27 09:26:06,0.5
bitcoin-up-or-down-august-28-9am-et,DOWN,9338724092615509281376318523880280769765270216791770008700391276125962114831,1756286822,2025-08-27 09:27:02,0.5
bitcoin-up-or-down-august-28-9am-et,DOWN,9338724092615509281376318523880280769765270216791770008700391276125962114831,1756286883,2025-08-27 09:28:03,0.5
bitcoin-up-or-down-august-28-9am-et,DOWN,9338724092615509281376318523880280769765270216791770008700391276125962114831,1756286943,2025-08-27 09:29:03,0.5
bitcoin-up-or-down-august-28-9am-et,DOWN,9338724092615509281376318523880280769765270216791770008700391276125962114831,1756287015,2025-08-27 09:30:15,0.5
bitcoin-up-or-down-august-28-9am-et,DOWN,9338724092615509281376318523880280769765270216791770008700391276125962114831,1756287065,2025-08-27 09:31:05,0.5
bitcoin-up-or-down-august-28-9am-et,DOWN,9338724092615509281376318523880280769765270216791770008700391276125962114831,1756287123,2025-08-27 09:32:03,0.5
bitcoin-up-or-down-august-28-9am-et,DOWN,9338724092615509281376318523880280769765270216791770008700391276125962114831,1756287182,2025-08-27 09:33:02,0.5
bitcoin-up-or-down-august-28-9am-et,DOWN,9338724092615509281376318523880280769765270216791770008700391276125962114831,1756287242,2025-08-27 09:34:02,0.5
bitcoin-up-or-down-august-28-9am-et,DOWN,9338724092615509281376318523880280769765270216791770008700391276125962114831,1756287306,2025-08-27 09:35:06,0.5
bitcoin-up-or-down-august-28-9am-et,DOWN,9338724092615509281376318523880280769765270216791770008700391276125962114831,1756287364,2025-08-27 09:36:04,0.5
bitcoin-up-or-down-august-28-9am-et,DOWN,9338724092615509281376318523880280769765270216791770008700391276125962114831,1756287422,2025-08-27 09:37:02,0.5
bitcoin-up-or-down-august-28-9am-et,DOWN,9338724092615509281376318523880280769765270216791770008700391276125962114831,1756287483,2025-08-27 09:38:03,0.5
bitcoin-up-or-down-august-28-9am-et,DOWN,9338724092615509281376318523880280769765270216791770008700391276125962114831,1756287544,2025-08-27 09:39:04,0.5
bitcoin-up-or-down-august-28-9am-et,DOWN,9338724092615509281376318523880280769765270216791770008700391276125962114831,1756287609,2025-08-27 09:40:09,0.5
bitcoin-up-or-down-august-28-9am-et,DOWN,9338724092615509281376318523880280769765270216791770008700391276125962114831,1756287663,2025-08-27 09:41:03,0.5
bitcoin-up-or-down-august-28-9am-et,DOWN,9338724092615509281376318523880280769765270216791770008700391276125962114831,1756287723,2025-08-27 09:42:03,0.5
bitcoin-up-or-down-august-28-9am-et,DOWN,9338724092615509281376318523880280769765270216791770008700391276125962114831,1756287784,2025-08-27 09:43:04,0.5
bitcoin-up-or-down-august-28-9am-et,DOWN,9338724092615509281376318523880280769765270216791770008700391276125962114831,1756287845,2025-08-27 09:44:05,0.5
bitcoin-up-or-down-august-28-9am-et,DOWN,9338724092615509281376318523880280769765270216791770008700391276125962114831,1756287903,2025-08-27 09:45:03,0.5
bitcoin-up-or-down-august-28-9am-et,DOWN,9338724092615509281376318523880280769765270216791770008700391276125962114831,1756287975,2025-08-27 09:46:15,0.5
bitcoin-up-or-down-august-28-9am-et,DOWN,9338724092615509281376318523880280769765270216791770008700391276125962114831,1756288023,2025-08-27 09:47:03,0.5
bitcoin-up-or-down-august-28-9am-et,DOWN,9338724092615509281376318523880280769765270216791770008700391276125962114831,1756288083,2025-08-27 09:48:03,0.5
bitcoin-up-or-down-august-28-9am-et,DOWN,9338724092615509281376318523880280769765270216791770008700391276125962114831,1756288142,2025-08-27 09:49:02,0.5
bitcoin-up-or-down-august-28-9am-et,DOWN,9338724092615509281376318523880280769765270216791770008700391276125962114831,1756288205,2025-08-27 09:50:05,0.5
bitcoin-up-or-down-august-28-9am-et,DOWN,9338724092615509281376318523880280769765270216791770008700391276125962114831,1756288269,2025-08-27 09:51:09,0.5
bitcoin-up-or-down-august-28-9am-et,DOWN,9338724092615509281376318523880280769765270216791770008700391276125962114831,1756288323,2025-08-27 09:52:03,0.5
bitcoin-up-or-down-august-28-9am-et,DOWN,9338724092615509281376318523880280769765270216791770008700391276125962114831,1756288382,2025-08-27 09:53:02,0.5
bitcoin-up-or-down-august-28-9am-et,DOWN,9338724092615509281376318523880280769765270216791770008700391276125962114831,1756288444,2025-08-27 09:54:04,0.5
bitcoin-up-or-down-august-28-9am-et,DOWN,9338724092615509281376318523880280769765270216791770008700391276125962114831,1756288504,2025-08-27 09:55:04,0.5
bitcoin-up-or-down-august-28-9am-et,DOWN,9338724092615509281376318523880280769765270216791770008700391276125962114831,1756288563,2025-08-27 09:56:03,0.5
bitcoin-up-or-down-august-28-9am-et,DOWN,9338724092615509281376318523880280769765270216791770008700391276125962114831,1756288622,2025-08-27 09:57:02,0.5
bitcoin-up-or-down-august-28-9am-et,DOWN,9338724092615509281376318523880280769765270216791770008700391276125962114831,1756288682,2025-08-27 09:58:02,0.5
bitcoin-up-or-down-august-28-9am-et,DOWN,9338724092615509281376318523880280769765270216791770008700391276125962114831,1756288742,2025-08-27 09:59:02,0.5
bitcoin-up-or-down-august-28-9am-et,DOWN,9338724092615509281376318523880280769765270216791770008700391276125962114831,1756288804,2025-08-27 10:00:04,0.5
bitcoin-up-or-down-august-28-9am-et,DOWN,9338724092615509281376318523880280769765270216791770008700391276125962114831,1756288862,2025-08-27 10:01:02,0.5
bitcoin-up-or-down-august-28-9am-et,DOWN,9338724092615509281376318523880280769765270216791770008700391276125962114831,1756288923,2025-08-27 10:02:03,0.5
bitcoin-up-or-down-august-28-9am-et,DOWN,9338724092615509281376318523880280769765270216791770008700391276125962114831,1756288983,2025-08-27 10:03:03,0.5
bitcoin-up-or-down-august-28-9am-et,DOWN,9338724092615509281376318523880280769765270216791770008700391276125962114831,1756289044,2025-08-27 10:04:04,0.5
bitcoin-up-or-down-august-28-9am-et,DOWN,9338724092615509281376318523880280769765270216791770008700391276125962114831,1756289113,2025-08-27 10:05:13,0.5
bitcoin-up-or-down-august-28-9am-et,DOWN,9338724092615509281376318523880280769765270216791770008700391276125962114831,1756289164,2025-08-27 10:06:04,0.5
bitcoin-up-or-down-august-28-9am-et,DOWN,9338724092615509281376318523880280769765270216791770008700391276125962114831,1756289224,2025-08-27 10:07:04,0.5
bitcoin-up-or-down-august-28-9am-et,DOWN,9338724092615509281376318523880280769765270216791770008700391276125962114831,1756289283,2025-08-27 10:08:03,0.5
bitcoin-up-or-down-august-28-9am-et,DOWN,9338724092615509281376318523880280769765270216791770008700391276125962114831,1756289344,2025-08-27 10:09:04,0.5
bitcoin-up-or-down-august-28-9am-et,DOWN,9338724092615509281376318523880280769765270216791770008700391276125962114831,1756289408,2025-08-27 10:10:08,0.5
bitcoin-up-or-down-august-28-9am-et,DOWN,9338724092615509281376318523880280769765270216791770008700391276125962114831,1756289465,2025-08-27 10:11:05,0.5
bitcoin-up-or-down-august-28-9am-et,DOWN,9338724092615509281376318523880280769765270216791770008700391276125962114831,1756289523,2025-08-27 10:12:03,0.5
bitcoin-up-or-down-august-28-9am-et,DOWN,9338724092615509281376318523880280769765270216791770008700391276125962114831,1756289584,2025-08-27 10:13:04,0.5
bitcoin-up-or-down-august-28-9am-et,DOWN,9338724092615509281376318523880280769765270216791770008700391276125962114831,1756289643,2025-08-27 10:14:03,0.5
bitcoin-up-or-down-august-28-9am-et,DOWN,9338724092615509281376318523880280769765270216791770008700391276125962114831,1756289710,2025-08-27 10:15:10,0.5
bitcoin-up-or-down-august-28-9am-et,DOWN,9338724092615509281376318523880280769765270216791770008700391276125962114831,1756289764,2025-08-27 10:16:04,0.5
bitcoin-up-or-down-august-28-9am-et,DOWN,9338724092615509281376318523880280769765270216791770008700391276125962114831,1756289822,2025-08-27 10:17:02,0.5
bitcoin-up-or-down-august-28-9am-et,DOWN,9338724092615509281376318523880280769765270216791770008700391276125962114831,1756289884,2025-08-27 10:18:04,0.5
bitcoin-up-or-down-august-28-9am-et,DOWN,9338724092615509281376318523880280769765270216791770008700391276125962114831,1756289942,2025-08-27 10:19:02,0.5
bitcoin-up-or-down-august-28-9am-et,DOWN,9338724092615509281376318523880280769765270216791770008700391276125962114831,1756290013,2025-08-27 10:20:13,0.5
bitcoin-up-or-down-august-28-9am-et,DOWN,9338724092615509281376318523880280769765270216791770008700391276125962114831,1756290063,2025-08-27 10:21:03,0.5
bitcoin-up-or-down-august-28-9am-et,DOWN,9338724092615509281376318523880280769765270216791770008700391276125962114831,1756290122,2025-08-27 10:22:02,0.5
bitcoin-up-or-down-august-28-9am-et,DOWN,9338724092615509281376318523880280769765270216791770008700391276125962114831,1756290183,2025-08-27 10:23:03,0.5
bitcoin-up-or-down-august-28-9am-et,DOWN,9338724092615509281376318523880280769765270216791770008700391276125962114831,1756290242,2025-08-27 10:24:02,0.5
bitcoin-up-or-down-august-28-9am-et,DOWN,9338724092615509281376318523880280769765270216791770008700391276125962114831,1756290306,2025-08-27 10:25:06,0.5
bitcoin-up-or-down-august-28-9am-et,DOWN,9338724092615509281376318523880280769765270216791770008700391276125962114831,1756290362,2025-08-27 10:26:02,0.5
bitcoin-up-or-down-august-28-9am-et,DOWN,9338724092615509281376318523880280769765270216791770008700391276125962114831,1756290424,2025-08-27 10:27:04,0.5
bitcoin-up-or-down-august-28-9am-et,DOWN,9338724092615509281376318523880280769765270216791770008700391276125962114831,1756290482,2025-08-27 10:28:02,0.5
bitcoin-up-or-down-august-28-9am-et,DOWN,9338724092615509281376318523880280769765270216791770008700391276125962114831,1756290542,2025-08-27 10:29:02,0.5
bitcoin-up-or-down-august-28-9am-et,DOWN,9338724092615509281376318523880280769765270216791770008700391276125962114831,1756290607,2025-08-27 10:30:07,0.5
bitcoin-up-or-down-august-28-9am-et,DOWN,9338724092615509281376318523880280769765270216791770008700391276125962114831,1756290662,2025-08-27 10:31:02,0.5
bitcoin-up-or-down-august-28-9am-et,DOWN,9338724092615509281376318523880280769765270216791770008700391276125962114831,1756290723,2025-08-27 10:32:03,0.5
bitcoin-up-or-down-august-28-9am-et,DOWN,9338724092615509281376318523880280769765270216791770008700391276125962114831,1756290783,2025-08-27 10:33:03,0.5
bitcoin-up-or-down-august-28-9am-et,DOWN,9338724092615509281376318523880280769765270216791770008700391276125962114831,1756290843,2025-08-27 10:34:03,0.5
bitcoin-up-or-down-august-28-9am-et,DOWN,9338724092615509281376318523880280769765270216791770008700391276125962114831,1756290909,2025-08-27 10:35:09,0.5
bitcoin-up-or-down-august-28-9am-et,DOWN,9338724092615509281376318523880280769765270216791770008700391276125962114831,1756290963,2025-08-27 10:36:03,0.5
bitcoin-up-or-down-august-28-9am-et,DOWN,9338724092615509281376318523880280769765270216791770008700391276125962114831,1756291022,2025-08-27 10:37:02,0.5
bitcoin-up-or-down-august-28-9am-et,DOWN,9338724092615509281376318523880280769765270216791770008700391276125962114831,1756291084,2025-08-27 10:38:04,0.5
bitcoin-up-or-down-august-28-9am-et,DOWN,9338724092615509281376318523880280769765270216791770008700391276125962114831,1756291143,2025-08-27 10:39:03,0.5
bitcoin-up-or-down-august-28-9am-et,DOWN,9338724092615509281376318523880280769765270216791770008700391276125962114831,1756291205,2025-08-27 10:40:05,0.5
bitcoin-up-or-down-august-28-9am-et,DOWN,9338724092615509281376318523880280769765270216791770008700391276125962114831,1756291262,2025-08-27 10:41:02,0.5
bitcoin-up-or-down-august-28-9am-et,DOWN,9338724092615509281376318523880280769765270216791770008700391276125962114831,1756291322,2025-08-27 10:42:02,0.5
bitcoin-up-or-down-august-28-9am-et,DOWN,9338724092615509281376318523880280769765270216791770008700391276125962114831,1756291382,2025-08-27 10:43:02,0.5
bitcoin-up-or-down-august-28-9am-et,DOWN,9338724092615509281376318523880280769765270216791770008700391276125962114831,1756291444,2025-08-27 10:44:04,0.5
bitcoin-up-or-down-august-28-9am-et,DOWN,9338724092615509281376318523880280769765270216791770008700391276125962114831,1756291506,2025-08-27 10:45:06,0.5
bitcoin-up-or-down-august-28-9am-et,DOWN,9338724092615509281376318523880280769765270216791770008700391276125962114831,1756291563,2025-08-27 10:46:03,0.5
bitcoin-up-or-down-august-28-9am-et,DOWN,9338724092615509281376318523880280769765270216791770008700391276125962114831,1756291623,2025-08-27 10:47:03,0.5
bitcoin-up-or-down-august-28-9am-et,DOWN,9338724092615509281376318523880280769765270216791770008700391276125962114831,1756291684,2025-08-27 10:48:04,0.5
bitcoin-up-or-down-august-28-9am-et,DOWN,9338724092615509281376318523880280769765270216791770008700391276125962114831,1756291744,2025-08-27 10:49:04,0.5
bitcoin-up-or-down-august-28-9am-et,DOWN,9338724092615509281376318523880280769765270216791770008700391276125962114831,1756291813,2025-08-27 10:50:13,0.5
bitcoin-up-or-down-august-28-9am-et,DOWN,9338724092615509281376318523880280769765270216791770008700391276125962114831,1756291863,2025-08-27 10:51:03,0.5
bitcoin-up-or-down-august-28-9am-et,DOWN,9338724092615509281376318523880280769765270216791770008700391276125962114831,1756291923,2025-08-27 10:52:03,0.5
bitcoin-up-or-down-august-28-9am-et,DOWN,9338724092615509281376318523880280769765270216791770008700391276125962114831,1756291983,2025-08-27 10:53:03,0.5
bitcoin-up-or-down-august-28-9am-et,DOWN,9338724092615509281376318523880280769765270216791770008700391276125962114831,1756292042,2025-08-27 10:54:02,0.5
bitcoin-up-or-down-august-28-9am-et,DOWN,9338724092615509281376318523880280769765270216791770008700391276125962114831,1756292111,2025-08-27 10:55:11,0.5
bitcoin-up-or-down-august-28-9am-et,DOWN,9338724092615509281376318523880280769765270216791770008700391276125962114831,1756292162,2025-08-27 10:56:02,0.5
bitcoin-up-or-down-august-28-9am-et,DOWN,9338724092615509281376318523880280769765270216791770008700391276125962114831,1756292224,2025-08-27 10:57:04,0.5
bitcoin-up-or-down-august-28-9am-et,DOWN,9338724092615509281376318523880280769765270216791770008700391276125962114831,1756292283,2025-08-27 10:58:03,0.5
bitcoin-up-or-down-august-28-9am-et,DOWN,9338724092615509281376318523880280769765270216791770008700391276125962114831,1756292343,2025-08-27 10:59:03,0.5
bitcoin-up-or-down-august-28-9am-et,DOWN,9338724092615509281376318523880280769765270216791770008700391276125962114831,1756292413,2025-08-27 11:00:13,0.5
bitcoin-up-or-down-august-28-9am-et,DOWN,9338724092615509281376318523880280769765270216791770008700391276125962114831,1756292462,2025-08-27 11:01:02,0.5
bitcoin-up-or-down-august-28-9am-et,DOWN,9338724092615509281376318523880280769765270216791770008700391276125962114831,1756292523,2025-08-27 11:02:03,0.5
bitcoin-up-or-down-august-28-9am-et,DOWN,9338724092615509281376318523880280769765270216791770008700391276125962114831,1756292582,2025-08-27 11:03:02,0.5
bitcoin-up-or-down-august-28-9am-et,DOWN,9338724092615509281376318523880280769765270216791770008700391276125962114831,1756292642,2025-08-27 11:04:02,0.5
bitcoin-up-or-down-august-28-9am-et,DOWN,9338724092615509281376318523880280769765270216791770008700391276125962114831,1756292708,2025-08-27 11:05:08,0.5
bitcoin-up-or-down-august-28-9am-et,DOWN,9338724092615509281376318523880280769765270216791770008700391276125962114831,1756292764,2025-08-27 11:06:04,0.5
bitcoin-up-or-down-august-28-9am-et,DOWN,9338724092615509281376318523880280769765270216791770008700391276125962114831,1756292822,2025-08-27 11:07:02,0.5
bitcoin-up-or-down-august-28-9am-et,DOWN,9338724092615509281376318523880280769765270216791770008700391276125962114831,1756292882,2025-08-27 11:08:02,0.5
bitcoin-up-or-down-august-28-9am-et,DOWN,9338724092615509281376318523880280769765270216791770008700391276125962114831,1756292944,2025-08-27 11:09:04,0.5
bitcoin-up-or-down-august-28-9am-et,DOWN,9338724092615509281376318523880280769765270216791770008700391276125962114831,1756293013,2025-08-27 11:10:13,0.5
bitcoin-up-or-down-august-28-9am-et,DOWN,9338724092615509281376318523880280769765270216791770008700391276125962114831,1756293064,2025-08-27 11:11:04,0.5
bitcoin-up-or-down-august-28-9am-et,DOWN,9338724092615509281376318523880280769765270216791770008700391276125962114831,1756293124,2025-08-27 11:12:04,0.5
bitcoin-up-or-down-august-28-9am-et,DOWN,9338724092615509281376318523880280769765270216791770008700391276125962114831,1756293182,2025-08-27 11:13:02,0.5
bitcoin-up-or-down-august-28-9am-et,DOWN,9338724092615509281376318523880280769765270216791770008700391276125962114831,1756293243,2025-08-27 11:14:03,0.5
bitcoin-up-or-down-august-28-9am-et,DOWN,9338724092615509281376318523880280769765270216791770008700391276125962114831,1756293307,2025-08-27 11:15:07,0.5
bitcoin-up-or-down-august-28-9am-et,DOWN,9338724092615509281376318523880280769765270216791770008700391276125962114831,1756293362,2025-08-27 11:16:02,0.5
bitcoin-up-or-down-august-28-9am-et,DOWN,9338724092615509281376318523880280769765270216791770008700391276125962114831,1756293424,2025-08-27 11:17:04,0.5
bitcoin-up-or-down-august-28-9am-et,DOWN,9338724092615509281376318523880280769765270216791770008700391276125962114831,1756293482,2025-08-27 11:18:02,0.5
bitcoin-up-or-down-august-28-9am-et,DOWN,9338724092615509281376318523880280769765270216791770008700391276125962114831,1756293543,2025-08-27 11:19:03,0.5
bitcoin-up-or-down-august-28-9am-et,DOWN,9338724092615509281376318523880280769765270216791770008700391276125962114831,1756293603,2025-08-27 11:20:03,0.5
bitcoin-up-or-down-august-28-9am-et,DOWN,9338724092615509281376318523880280769765270216791770008700391276125962114831,1756293663,2025-08-27 11:21:03,0.5
bitcoin-up-or-down-august-28-9am-et,DOWN,9338724092615509281376318523880280769765270216791770008700391276125962114831,1756293724,2025-08-27 11:22:04,0.5
bitcoin-up-or-down-august-28-9am-et,DOWN,9338724092615509281376318523880280769765270216791770008700391276125962114831,1756293784,2025-08-27 11:23:04,0.5
bitcoin-up-or-down-august-28-9am-et,DOWN,9338724092615509281376318523880280769765270216791770008700391276125962114831,1756293843,2025-08-27 11:24:03,0.5
bitcoin-up-or-down-august-28-9am-et,DOWN,9338724092615509281376318523880280769765270216791770008700391276125962114831,1756293915,2025-08-27 11:25:15,0.5
bitcoin-up-or-down-august-28-9am-et,DOWN,9338724092615509281376318523880280769765270216791770008700391276125962114831,1756293963,2025-08-27 11:26:03,0.5
bitcoin-up-or-down-august-28-9am-et,DOWN,9338724092615509281376318523880280769765270216791770008700391276125962114831,1756294023,2025-08-27 11:27:03,0.5
bitcoin-up-or-down-august-28-9am-et,DOWN,9338724092615509281376318523880280769765270216791770008700391276125962114831,1756294083,2025-08-27 11:28:03,0.5
bitcoin-up-or-down-august-28-9am-et,DOWN,9338724092615509281376318523880280769765270216791770008700391276125962114831,1756294142,2025-08-27 11:29:02,0.5
bitcoin-up-or-down-august-28-9am-et,DOWN,9338724092615509281376318523880280769765270216791770008700391276125962114831,1756294228,2025-08-27 11:30:28,0.5
bitcoin-up-or-down-august-28-9am-et,DOWN,9338724092615509281376318523880280769765270216791770008700391276125962114831,1756294264,2025-08-27 11:31:04,0.5
bitcoin-up-or-down-august-28-9am-et,DOWN,9338724092615509281376318523880280769765270216791770008700391276125962114831,1756294323,2025-08-27 11:32:03,0.5
bitcoin-up-or-down-august-28-9am-et,DOWN,9338724092615509281376318523880280769765270216791770008700391276125962114831,1756294382,2025-08-27 11:33:02,0.5
bitcoin-up-or-down-august-28-9am-et,DOWN,9338724092615509281376318523880280769765270216791770008700391276125962114831,1756294443,2025-08-27 11:34:03,0.5
bitcoin-up-or-down-august-28-9am-et,DOWN,9338724092615509281376318523880280769765270216791770008700391276125962114831,1756294504,2025-08-27 11:35:04,0.5
bitcoin-up-or-down-august-28-9am-et,DOWN,9338724092615509281376318523880280769765270216791770008700391276125962114831,1756294564,2025-08-27 11:36:04,0.5
bitcoin-up-or-down-august-28-9am-et,DOWN,9338724092615509281376318523880280769765270216791770008700391276125962114831,1756294622,2025-08-27 11:37:02,0.5
bitcoin-up-or-down-august-28-9am-et,DOWN,9338724092615509281376318523880280769765270216791770008700391276125962114831,1756294683,2025-08-27 11:38:03,0.5
bitcoin-up-or-down-august-28-9am-et,DOWN,9338724092615509281376318523880280769765270216791770008700391276125962114831,1756294743,2025-08-27 11:39:03,0.5
bitcoin-up-or-down-august-28-9am-et,DOWN,9338724092615509281376318523880280769765270216791770008700391276125962114831,1756294815,2025-08-27 11:40:15,0.5
bitcoin-up-or-down-august-28-9am-et,DOWN,9338724092615509281376318523880280769765270216791770008700391276125962114831,1756294863,2025-08-27 11:41:03,0.5
bitcoin-up-or-down-august-28-9am-et,DOWN,9338724092615509281376318523880280769765270216791770008700391276125962114831,1756294923,2025-08-27 11:42:03,0.5
bitcoin-up-or-down-august-28-9am-et,DOWN,9338724092615509281376318523880280769765270216791770008700391276125962114831,1756294982,2025-08-27 11:43:02,0.5
bitcoin-up-or-down-august-28-9am-et,DOWN,9338724092615509281376318523880280769765270216791770008700391276125962114831,1756295044,2025-08-27 11:44:04,0.5
bitcoin-up-or-down-august-28-9am-et,DOWN,9338724092615509281376318523880280769765270216791770008700391276125962114831,1756295105,2025-08-27 11:45:05,0.5
bitcoin-up-or-down-august-28-9am-et,DOWN,9338724092615509281376318523880280769765270216791770008700391276125962114831,1756295163,2025-08-27 11:46:03,0.5
bitcoin-up-or-down-august-28-9am-et,DOWN,9338724092615509281376318523880280769765270216791770008700391276125962114831,1756295223,2025-08-27 11:47:03,0.5
bitcoin-up-or-down-august-28-9am-et,DOWN,9338724092615509281376318523880280769765270216791770008700391276125962114831,1756295284,2025-08-27 11:48:04,0.5
bitcoin-up-or-down-august-28-9am-et,DOWN,9338724092615509281376318523880280769765270216791770008700391276125962114831,1756295343,2025-08-27 11:49:03,0.5
bitcoin-up-or-down-august-28-9am-et,DOWN,9338724092615509281376318523880280769765270216791770008700391276125962114831,1756295408,2025-08-27 11:50:08,0.5
bitcoin-up-or-down-august-28-9am-et,DOWN,9338724092615509281376318523880280769765270216791770008700391276125962114831,1756295463,2025-08-27 11:51:03,0.5
bitcoin-up-or-down-august-28-9am-et,DOWN,9338724092615509281376318523880280769765270216791770008700391276125962114831,1756295523,2025-08-27 11:52:03,0.5
bitcoin-up-or-down-august-28-9am-et,DOWN,9338724092615509281376318523880280769765270216791770008700391276125962114831,1756295582,2025-08-27 11:53:02,0.5
bitcoin-up-or-down-august-28-9am-et,DOWN,9338724092615509281376318523880280769765270216791770008700391276125962114831,1756295643,2025-08-27 11:54:03,0.5
bitcoin-up-or-down-august-28-9am-et,DOWN,9338724092615509281376318523880280769765270216791770008700391276125962114831,1756295710,2025-08-27 11:55:10,0.5
bitcoin-up-or-down-august-28-9am-et,DOWN,9338724092615509281376318523880280769765270216791770008700391276125962114831,1756295764,2025-08-27 11:56:04,0.5
bitcoin-up-or-down-august-28-9am-et,DOWN,9338724092615509281376318523880280769765270216791770008700391276125962114831,1756295822,2025-08-27 11:57:02,0.5
bitcoin-up-or-down-august-28-9am-et,DOWN,9338724092615509281376318523880280769765270216791770008700391276125962114831,1756295882,2025-08-27 11:58:02,0.5
bitcoin-up-or-down-august-28-9am-et,DOWN,9338724092615509281376318523880280769765270216791770008700391276125962114831,1756295942,2025-08-27 11:59:02,0.5
bitcoin-up-or-down-august-28-9am-et,DOWN,9338724092615509281376318523880280769765270216791770008700391276125962114831,1756296017,2025-08-27 12:00:17,0.5
bitcoin-up-or-down-august-28-9am-et,DOWN,9338724092615509281376318523880280769765270216791770008700391276125962114831,1756296063,2025-08-27 12:01:03,0.5
bitcoin-up-or-down-august-28-9am-et,DOWN,9338724092615509281376318523880280769765270216791770008700391276125962114831,1756296123,2025-08-27 12:02:03,0.5
bitcoin-up-or-down-august-28-9am-et,DOWN,9338724092615509281376318523880280769765270216791770008700391276125962114831,1756296183,2025-08-27 12:03:03,0.5
bitcoin-up-or-down-august-28-9am-et,DOWN,9338724092615509281376318523880280769765270216791770008700391276125962114831,1756296243,2025-08-27 12:04:03,0.5
bitcoin-up-or-down-august-28-9am-et,DOWN,9338724092615509281376318523880280769765270216791770008700391276125962114831,1756296303,2025-08-27 12:05:03,0.5
bitcoin-up-or-down-august-28-9am-et,DOWN,9338724092615509281376318523880280769765270216791770008700391276125962114831,1756296363,2025-08-27 12:06:03,0.5
bitcoin-up-or-down-august-28-9am-et,DOWN,9338724092615509281376318523880280769765270216791770008700391276125962114831,1756296423,2025-08-27 12:07:03,0.5
bitcoin-up-or-down-august-28-9am-et,DOWN,9338724092615509281376318523880280769765270216791770008700391276125962114831,1756296484,2025-08-27 12:08:04,0.5
bitcoin-up-or-down-august-28-9am-et,DOWN,9338724092615509281376318523880280769765270216791770008700391276125962114831,1756296542,2025-08-27 12:09:02,0.5
bitcoin-up-or-down-august-28-9am-et,DOWN,9338724092615509281376318523880280769765270216791770008700391276125962114831,1756296613,2025-08-27 12:10:13,0.5
bitcoin-up-or-down-august-28-9am-et,DOWN,9338724092615509281376318523880280769765270216791770008700391276125962114831,1756296663,2025-08-27 12:11:03,0.5
bitcoin-up-or-down-august-28-9am-et,DOWN,9338724092615509281376318523880280769765270216791770008700391276125962114831,1756296725,2025-08-27 12:12:05,0.5
bitcoin-up-or-down-august-28-9am-et,DOWN,9338724092615509281376318523880280769765270216791770008700391276125962114831,1756296784,2025-08-27 12:13:04,0.5
bitcoin-up-or-down-august-28-9am-et,DOWN,9338724092615509281376318523880280769765270216791770008700391276125962114831,1756296843,2025-08-27 12:14:03,0.5
bitcoin-up-or-down-august-28-9am-et,DOWN,9338724092615509281376318523880280769765270216791770008700391276125962114831,1756296913,2025-08-27 12:15:13,0.5
bitcoin-up-or-down-august-28-9am-et,DOWN,9338724092615509281376318523880280769765270216791770008700391276125962114831,1756296963,2025-08-27 12:16:03,0.5
bitcoin-up-or-down-august-28-9am-et,DOWN,9338724092615509281376318523880280769765270216791770008700391276125962114831,1756297023,2025-08-27 12:17:03,0.5
bitcoin-up-or-down-august-28-9am-et,DOWN,9338724092615509281376318523880280769765270216791770008700391276125962114831,1756297082,2025-08-27 12:18:02,0.5
bitcoin-up-or-down-august-28-9am-et,DOWN,9338724092615509281376318523880280769765270216791770008700391276125962114831,1756297143,2025-08-27 12:19:03,0.5
bitcoin-up-or-down-august-28-9am-et,DOWN,9338724092615509281376318523880280769765270216791770008700391276125962114831,1756297210,2025-08-27 12:20:10,0.5
bitcoin-up-or-down-august-28-9am-et,DOWN,9338724092615509281376318523880280769765270216791770008700391276125962114831,1756297263,2025-08-27 12:21:03,0.5
bitcoin-up-or-down-august-28-9am-et,DOWN,9338724092615509281376318523880280769765270216791770008700391276125962114831,1756297323,2025-08-27 12:22:03,0.5
bitcoin-up-or-down-august-28-9am-et,DOWN,9338724092615509281376318523880280769765270216791770008700391276125962114831,1756297384,2025-08-27 12:23:04,0.5
bitcoin-up-or-down-august-28-9am-et,DOWN,9338724092615509281376318523880280769765270216791770008700391276125962114831,1756297443,2025-08-27 12:24:03,0.5
bitcoin-up-or-down-august-28-9am-et,DOWN,9338724092615509281376318523880280769765270216791770008700391276125962114831,1756297503,2025-08-27 12:25:03,0.5
bitcoin-up-or-down-august-28-9am-et,DOWN,9338724092615509281376318523880280769765270216791770008700391276125962114831,1756297563,2025-08-27 12:26:03,0.5
bitcoin-up-or-down-august-28-9am-et,DOWN,9338724092615509281376318523880280769765270216791770008700391276125962114831,1756297622,2025-08-27 12:27:02,0.5
bitcoin-up-or-down-august-28-9am-et,DOWN,9338724092615509281376318523880280769765270216791770008700391276125962114831,1756297683,2025-08-27 12:28:03,0.5
bitcoin-up-or-down-august-28-9am-et,DOWN,9338724092615509281376318523880280769765270216791770008700391276125962114831,1756297742,2025-08-27 12:29:02,0.5
bitcoin-up-or-down-august-28-9am-et,DOWN,9338724092615509281376318523880280769765270216791770008700391276125962114831,1756297808,2025-08-27 12:30:08,0.5
bitcoin-up-or-down-august-28-9am-et,DOWN,9338724092615509281376318523880280769765270216791770008700391276125962114831,1756297863,2025-08-27 12:31:03,0.5
bitcoin-up-or-down-august-28-9am-et,DOWN,9338724092615509281376318523880280769765270216791770008700391276125962114831,1756297924,2025-08-27 12:32:04,0.5
bitcoin-up-or-down-august-28-9am-et,DOWN,9338724092615509281376318523880280769765270216791770008700391276125962114831,1756297982,2025-08-27 12:33:02,0.5
bitcoin-up-or-down-august-28-9am-et,DOWN,9338724092615509281376318523880280769765270216791770008700391276125962114831,1756298043,2025-08-27 12:34:03,0.5
bitcoin-up-or-down-august-28-9am-et,DOWN,9338724092615509281376318523880280769765270216791770008700391276125962114831,1756298111,2025-08-27 12:35:11,0.5
bitcoin-up-or-down-august-28-9am-et,DOWN,9338724092615509281376318523880280769765270216791770008700391276125962114831,1756298165,2025-08-27 12:36:05,0.5
bitcoin-up-or-down-august-28-9am-et,DOWN,9338724092615509281376318523880280769765270216791770008700391276125962114831,1756298224,2025-08-27 12:37:04,0.5
bitcoin-up-or-down-august-28-9am-et,DOWN,9338724092615509281376318523880280769765270216791770008700391276125962114831,1756298283,2025-08-27 12:38:03,0.5
bitcoin-up-or-down-august-28-9am-et,DOWN,9338724092615509281376318523880280769765270216791770008700391276125962114831,1756298343,2025-08-27 12:39:03,0.5
bitcoin-up-or-down-august-28-9am-et,DOWN,9338724092615509281376318523880280769765270216791770008700391276125962114831,1756298403,2025-08-27 12:40:03,0.5
bitcoin-up-or-down-august-28-9am-et,DOWN,9338724092615509281376318523880280769765270216791770008700391276125962114831,1756298463,2025-08-27 12:41:03,0.5
bitcoin-up-or-down-august-28-9am-et,DOWN,9338724092615509281376318523880280769765270216791770008700391276125962114831,1756298522,2025-08-27 12:42:02,0.5
bitcoin-up-or-down-august-28-9am-et,DOWN,9338724092615509281376318523880280769765270216791770008700391276125962114831,1756298582,2025-08-27 12:43:02,0.5
bitcoin-up-or-down-august-28-9am-et,DOWN,9338724092615509281376318523880280769765270216791770008700391276125962114831,1756298643,2025-08-27 12:44:03,0.5
bitcoin-up-or-down-august-28-9am-et,DOWN,9338724092615509281376318523880280769765270216791770008700391276125962114831,1756298707,2025-08-27 12:45:07,0.5
bitcoin-up-or-down-august-28-9am-et,DOWN,9338724092615509281376318523880280769765270216791770008700391276125962114831,1756298764,2025-08-27 12:46:04,0.5
bitcoin-up-or-down-august-28-9am-et,DOWN,9338724092615509281376318523880280769765270216791770008700391276125962114831,1756298823,2025-08-27 12:47:03,0.5
bitcoin-up-or-down-august-28-9am-et,DOWN,9338724092615509281376318523880280769765270216791770008700391276125962114831,1756298882,2025-08-27 12:48:02,0.5
bitcoin-up-or-down-august-28-9am-et,DOWN,9338724092615509281376318523880280769765270216791770008700391276125962114831,1756298942,2025-08-27 12:49:02,0.5
bitcoin-up-or-down-august-28-9am-et,DOWN,9338724092615509281376318523880280769765270216791770008700391276125962114831,1756299004,2025-08-27 12:50:04,0.5
bitcoin-up-or-down-august-28-9am-et,DOWN,9338724092615509281376318523880280769765270216791770008700391276125962114831,1756299064,2025-08-27 12:51:04,0.5
bitcoin-up-or-down-august-28-9am-et,DOWN,9338724092615509281376318523880280769765270216791770008700391276125962114831,1756299123,2025-08-27 12:52:03,0.5
bitcoin-up-or-down-august-28-9am-et,DOWN,9338724092615509281376318523880280769765270216791770008700391276125962114831,1756299183,2025-08-27 12:53:03,0.5
bitcoin-up-or-down-august-28-9am-et,DOWN,9338724092615509281376318523880280769765270216791770008700391276125962114831,1756299243,2025-08-27 12:54:03,0.5
bitcoin-up-or-down-august-28-9am-et,DOWN,9338724092615509281376318523880280769765270216791770008700391276125962114831,1756299314,2025-08-27 12:55:14,0.5
bitcoin-up-or-down-august-28-9am-et,DOWN,9338724092615509281376318523880280769765270216791770008700391276125962114831,1756299365,2025-08-27 12:56:05,0.5
bitcoin-up-or-down-august-28-9am-et,DOWN,9338724092615509281376318523880280769765270216791770008700391276125962114831,1756299423,2025-08-27 12:57:03,0.5
bitcoin-up-or-down-august-28-9am-et,DOWN,9338724092615509281376318523880280769765270216791770008700391276125962114831,1756299482,2025-08-27 12:58:02,0.5
bitcoin-up-or-down-august-28-9am-et,DOWN,9338724092615509281376318523880280769765270216791770008700391276125962114831,1756299542,2025-08-27 12:59:02,0.5
bitcoin-up-or-down-august-28-9am-et,DOWN,9338724092615509281376318523880280769765270216791770008700391276125962114831,1756299610,2025-08-27 13:00:10,0.5
bitcoin-up-or-down-august-28-9am-et,DOWN,9338724092615509281376318523880280769765270216791770008700391276125962114831,1756299663,2025-08-27 13:01:03,0.5
bitcoin-up-or-down-august-28-9am-et,DOWN,9338724092615509281376318523880280769765270216791770008700391276125962114831,1756299722,2025-08-27 13:02:02,0.5
bitcoin-up-or-down-august-28-9am-et,DOWN,9338724092615509281376318523880280769765270216791770008700391276125962114831,1756299784,2025-08-27 13:03:04,0.5
bitcoin-up-or-down-august-28-9am-et,DOWN,9338724092615509281376318523880280769765270216791770008700391276125962114831,1756299843,2025-08-27 13:04:03,0.5
bitcoin-up-or-down-august-28-9am-et,DOWN,9338724092615509281376318523880280769765270216791770008700391276125962114831,1756299905,2025-08-27 13:05:05,0.5
bitcoin-up-or-down-august-28-9am-et,DOWN,9338724092615509281376318523880280769765270216791770008700391276125962114831,1756299965,2025-08-27 13:06:05,0.5
bitcoin-up-or-down-august-28-9am-et,DOWN,9338724092615509281376318523880280769765270216791770008700391276125962114831,1756300023,2025-08-27 13:07:03,0.5
bitcoin-up-or-down-august-28-9am-et,DOWN,9338724092615509281376318523880280769765270216791770008700391276125962114831,1756300084,2025-08-27 13:08:04,0.5
bitcoin-up-or-down-august-28-9am-et,DOWN,9338724092615509281376318523880280769765270216791770008700391276125962114831,1756300143,2025-08-27 13:09:03,0.5
bitcoin-up-or-down-august-28-9am-et,DOWN,9338724092615509281376318523880280769765270216791770008700391276125962114831,1756300205,2025-08-27 13:10:05,0.5
bitcoin-up-or-down-august-28-9am-et,DOWN,9338724092615509281376318523880280769765270216791770008700391276125962114831,1756300263,2025-08-27 13:11:03,0.5
bitcoin-up-or-down-august-28-9am-et,DOWN,9338724092615509281376318523880280769765270216791770008700391276125962114831,1756300322,2025-08-27 13:12:02,0.5
bitcoin-up-or-down-august-28-9am-et,DOWN,9338724092615509281376318523880280769765270216791770008700391276125962114831,1756300383,2025-08-27 13:13:03,0.5
bitcoin-up-or-down-august-28-9am-et,DOWN,9338724092615509281376318523880280769765270216791770008700391276125962114831,1756300442,2025-08-27 13:14:02,0.5
bitcoin-up-or-down-august-28-9am-et,DOWN,9338724092615509281376318523880280769765270216791770008700391276125962114831,1756300516,2025-08-27 13:15:16,0.5
bitcoin-up-or-down-august-28-9am-et,DOWN,9338724092615509281376318523880280769765270216791770008700391276125962114831,1756300562,2025-08-27 13:16:02,0.5
bitcoin-up-or-down-august-28-9am-et,DOWN,9338724092615509281376318523880280769765270216791770008700391276125962114831,1756300623,2025-08-27 13:17:03,0.5
bitcoin-up-or-down-august-28-9am-et,DOWN,9338724092615509281376318523880280769765270216791770008700391276125962114831,1756300683,2025-08-27 13:18:03,0.5
bitcoin-up-or-down-august-28-9am-et,DOWN,9338724092615509281376318523880280769765270216791770008700391276125962114831,1756300743,2025-08-27 13:19:03,0.5
bitcoin-up-or-down-august-28-9am-et,DOWN,9338724092615509281376318523880280769765270216791770008700391276125962114831,1756300814,2025-08-27 13:20:14,0.5
bitcoin-up-or-down-august-28-9am-et,DOWN,9338724092615509281376318523880280769765270216791770008700391276125962114831,1756300862,2025-08-27 13:21:02,0.5
bitcoin-up-or-down-august-28-9am-et,DOWN,9338724092615509281376318523880280769765270216791770008700391276125962114831,1756300922,2025-08-27 13:22:02,0.5
bitcoin-up-or-down-august-28-9am-et,DOWN,9338724092615509281376318523880280769765270216791770008700391276125962114831,1756300984,2025-08-27 13:23:04,0.5
bitcoin-up-or-down-august-28-9am-et,DOWN,9338724092615509281376318523880280769765270216791770008700391276125962114831,1756301043,2025-08-27 13:24:03,0.5
bitcoin-up-or-down-august-28-9am-et,DOWN,9338724092615509281376318523880280769765270216791770008700391276125962114831,1756301106,2025-08-27 13:25:06,0.5
bitcoin-up-or-down-august-28-9am-et,DOWN,9338724092615509281376318523880280769765270216791770008700391276125962114831,1756301164,2025-08-27 13:26:04,0.5
bitcoin-up-or-down-august-28-9am-et,DOWN,9338724092615509281376318523880280769765270216791770008700391276125962114831,1756301222,2025-08-27 13:27:02,0.5
bitcoin-up-or-down-august-28-9am-et,DOWN,9338724092615509281376318523880280769765270216791770008700391276125962114831,1756301283,2025-08-27 13:28:03,0.5
bitcoin-up-or-down-august-28-9am-et,DOWN,9338724092615509281376318523880280769765270216791770008700391276125962114831,1756301343,2025-08-27 13:29:03,0.5
bitcoin-up-or-down-august-28-9am-et,DOWN,9338724092615509281376318523880280769765270216791770008700391276125962114831,1756301413,2025-08-27 13:30:13,0.5
bitcoin-up-or-down-august-28-9am-et,DOWN,9338724092615509281376318523880280769765270216791770008700391276125962114831,1756301462,2025-08-27 13:31:02,0.5
bitcoin-up-or-down-august-28-9am-et,DOWN,9338724092615509281376318523880280769765270216791770008700391276125962114831,1756301524,2025-08-27 13:32:04,0.5
bitcoin-up-or-down-august-28-9am-et,DOWN,9338724092615509281376318523880280769765270216791770008700391276125962114831,1756301582,2025-08-27 13:33:02,0.5
bitcoin-up-or-down-august-28-9am-et,DOWN,9338724092615509281376318523880280769765270216791770008700391276125962114831,1756301643,2025-08-27 13:34:03,0.5
bitcoin-up-or-down-august-28-9am-et,DOWN,9338724092615509281376318523880280769765270216791770008700391276125962114831,1756301702,2025-08-27 13:35:02,0.5
bitcoin-up-or-down-august-28-9am-et,DOWN,9338724092615509281376318523880280769765270216791770008700391276125962114831,1756301764,2025-08-27 13:36:04,0.5
bitcoin-up-or-down-august-28-9am-et,DOWN,9338724092615509281376318523880280769765270216791770008700391276125962114831,1756301822,2025-08-27 13:37:02,0.5
bitcoin-up-or-down-august-28-9am-et,DOWN,9338724092615509281376318523880280769765270216791770008700391276125962114831,1756301882,2025-08-27 13:38:02,0.5
bitcoin-up-or-down-august-28-9am-et,DOWN,9338724092615509281376318523880280769765270216791770008700391276125962114831,1756301944,2025-08-27 13:39:04,0.5
bitcoin-up-or-down-august-28-9am-et,DOWN,9338724092615509281376318523880280769765270216791770008700391276125962114831,1756302008,2025-08-27 13:40:08,0.5
bitcoin-up-or-down-august-28-9am-et,DOWN,9338724092615509281376318523880280769765270216791770008700391276125962114831,1756302062,2025-08-27 13:41:02,0.5
bitcoin-up-or-down-august-28-9am-et,DOWN,9338724092615509281376318523880280769765270216791770008700391276125962114831,1756302122,2025-08-27 13:42:02,0.5
bitcoin-up-or-down-august-28-9am-et,DOWN,9338724092615509281376318523880280769765270216791770008700391276125962114831,1756302183,2025-08-27 13:43:03,0.5
bitcoin-up-or-down-august-28-9am-et,DOWN,9338724092615509281376318523880280769765270216791770008700391276125962114831,1756302242,2025-08-27 13:44:02,0.5
bitcoin-up-or-down-august-28-9am-et,DOWN,9338724092615509281376318523880280769765270216791770008700391276125962114831,1756302312,2025-08-27 13:45:12,0.5
bitcoin-up-or-down-august-28-9am-et,DOWN,9338724092615509281376318523880280769765270216791770008700391276125962114831,1756302363,2025-08-27 13:46:03,0.5
bitcoin-up-or-down-august-28-9am-et,DOWN,9338724092615509281376318523880280769765270216791770008700391276125962114831,1756302423,2025-08-27 13:47:03,0.5
bitcoin-up-or-down-august-28-9am-et,DOWN,9338724092615509281376318523880280769765270216791770008700391276125962114831,1756302482,2025-08-27 13:48:02,0.5
bitcoin-up-or-down-august-28-9am-et,DOWN,9338724092615509281376318523880280769765270216791770008700391276125962114831,1756302544,2025-08-27 13:49:04,0.5
bitcoin-up-or-down-august-28-9am-et,DOWN,9338724092615509281376318523880280769765270216791770008700391276125962114831,1756302606,2025-08-27 13:50:06,0.5
bitcoin-up-or-down-august-28-9am-et,DOWN,9338724092615509281376318523880280769765270216791770008700391276125962114831,1756302662,2025-08-27 13:51:02,0.5
bitcoin-up-or-down-august-28-9am-et,DOWN,9338724092615509281376318523880280769765270216791770008700391276125962114831,1756302724,2025-08-27 13:52:04,0.5
bitcoin-up-or-down-august-28-9am-et,DOWN,9338724092615509281376318523880280769765270216791770008700391276125962114831,1756302783,2025-08-27 13:53:03,0.5
bitcoin-up-or-down-august-28-9am-et,DOWN,9338724092615509281376318523880280769765270216791770008700391276125962114831,1756302843,2025-08-27 13:54:03,0.5
bitcoin-up-or-down-august-28-9am-et,DOWN,9338724092615509281376318523880280769765270216791770008700391276125962114831,1756302911,2025-08-27 13:55:11,0.5
bitcoin-up-or-down-august-28-9am-et,DOWN,9338724092615509281376318523880280769765270216791770008700391276125962114831,1756302962,2025-08-27 13:56:02,0.5
bitcoin-up-or-down-august-28-9am-et,DOWN,9338724092615509281376318523880280769765270216791770008700391276125962114831,1756303024,2025-08-27 13:57:04,0.5
bitcoin-up-or-down-august-28-9am-et,DOWN,9338724092615509281376318523880280769765270216791770008700391276125962114831,1756303083,2025-08-27 13:58:03,0.5
bitcoin-up-or-down-august-28-9am-et,DOWN,9338724092615509281376318523880280769765270216791770008700391276125962114831,1756303142,2025-08-27 13:59:02,0.5
bitcoin-up-or-down-august-28-9am-et,DOWN,9338724092615509281376318523880280769765270216791770008700391276125962114831,1756303205,2025-08-27 14:00:05,0.5
bitcoin-up-or-down-august-28-9am-et,DOWN,9338724092615509281376318523880280769765270216791770008700391276125962114831,1756303263,2025-08-27 14:01:03,0.5
bitcoin-up-or-down-august-28-9am-et,DOWN,9338724092615509281376318523880280769765270216791770008700391276125962114831,1756303323,2025-08-27 14:02:03,0.5
bitcoin-up-or-down-august-28-9am-et,DOWN,9338724092615509281376318523880280769765270216791770008700391276125962114831,1756303383,2025-08-27 14:03:03,0.5
bitcoin-up-or-down-august-28-9am-et,DOWN,9338724092615509281376318523880280769765270216791770008700391276125962114831,1756303442,2025-08-27 14:04:02,0.5
bitcoin-up-or-down-august-28-9am-et,DOWN,9338724092615509281376318523880280769765270216791770008700391276125962114831,1756303502,2025-08-27 14:05:02,0.5
bitcoin-up-or-down-august-28-9am-et,DOWN,9338724092615509281376318523880280769765270216791770008700391276125962114831,1756303564,2025-08-27 14:06:04,0.5
bitcoin-up-or-down-august-28-9am-et,DOWN,9338724092615509281376318523880280769765270216791770008700391276125962114831,1756303623,2025-08-27 14:07:03,0.5
bitcoin-up-or-down-august-28-9am-et,DOWN,9338724092615509281376318523880280769765270216791770008700391276125962114831,1756303682,2025-08-27 14:08:02,0.5
bitcoin-up-or-down-august-28-9am-et,DOWN,9338724092615509281376318523880280769765270216791770008700391276125962114831,1756303743,2025-08-27 14:09:03,0.5
bitcoin-up-or-down-august-28-9am-et,DOWN,9338724092615509281376318523880280769765270216791770008700391276125962114831,1756303803,2025-08-27 14:10:03,0.5
bitcoin-up-or-down-august-28-9am-et,DOWN,9338724092615509281376318523880280769765270216791770008700391276125962114831,1756303863,2025-08-27 14:11:03,0.5
bitcoin-up-or-down-august-28-9am-et,DOWN,9338724092615509281376318523880280769765270216791770008700391276125962114831,1756303924,2025-08-27 14:12:04,0.5
bitcoin-up-or-down-august-28-9am-et,DOWN,9338724092615509281376318523880280769765270216791770008700391276125962114831,1756303982,2025-08-27 14:13:02,0.5
bitcoin-up-or-down-august-28-9am-et,DOWN,9338724092615509281376318523880280769765270216791770008700391276125962114831,1756304042,2025-08-27 14:14:02,0.5
bitcoin-up-or-down-august-28-9am-et,DOWN,9338724092615509281376318523880280769765270216791770008700391276125962114831,1756304116,2025-08-27 14:15:16,0.5
bitcoin-up-or-down-august-28-9am-et,DOWN,9338724092615509281376318523880280769765270216791770008700391276125962114831,1756304164,2025-08-27 14:16:04,0.5
bitcoin-up-or-down-august-28-9am-et,DOWN,9338724092615509281376318523880280769765270216791770008700391276125962114831,1756304224,2025-08-27 14:17:04,0.5
bitcoin-up-or-down-august-28-9am-et,DOWN,9338724092615509281376318523880280769765270216791770008700391276125962114831,1756304283,2025-08-27 14:18:03,0.5
bitcoin-up-or-down-august-28-9am-et,DOWN,9338724092615509281376318523880280769765270216791770008700391276125962114831,1756304343,2025-08-27 14:19:03,0.5
bitcoin-up-or-down-august-28-9am-et,DOWN,9338724092615509281376318523880280769765270216791770008700391276125962114831,1756304417,2025-08-27 14:20:17,0.5
bitcoin-up-or-down-august-28-9am-et,DOWN,9338724092615509281376318523880280769765270216791770008700391276125962114831,1756304463,2025-08-27 14:21:03,0.5
bitcoin-up-or-down-august-28-9am-et,DOWN,9338724092615509281376318523880280769765270216791770008700391276125962114831,1756304522,2025-08-27 14:22:02,0.5
bitcoin-up-or-down-august-28-9am-et,DOWN,9338724092615509281376318523880280769765270216791770008700391276125962114831,1756304584,2025-08-27 14:23:04,0.5
bitcoin-up-or-down-august-28-9am-et,DOWN,9338724092615509281376318523880280769765270216791770008700391276125962114831,1756304642,2025-08-27 14:24:02,0.5
bitcoin-up-or-down-august-28-9am-et,DOWN,9338724092615509281376318523880280769765270216791770008700391276125962114831,1756304708,2025-08-27 14:25:08,0.5
bitcoin-up-or-down-august-28-9am-et,DOWN,9338724092615509281376318523880280769765270216791770008700391276125962114831,1756304763,2025-08-27 14:26:03,0.5
bitcoin-up-or-down-august-28-9am-et,DOWN,9338724092615509281376318523880280769765270216791770008700391276125962114831,1756304822,2025-08-27 14:27:02,0.5
bitcoin-up-or-down-august-28-9am-et,DOWN,9338724092615509281376318523880280769765270216791770008700391276125962114831,1756304882,2025-08-27 14:28:02,0.5
bitcoin-up-or-down-august-28-9am-et,DOWN,9338724092615509281376318523880280769765270216791770008700391276125962114831,1756304942,2025-08-27 14:29:02,0.5
bitcoin-up-or-down-august-28-9am-et,DOWN,9338724092615509281376318523880280769765270216791770008700391276125962114831,1756305008,2025-08-27 14:30:08,0.5
bitcoin-up-or-down-august-28-9am-et,DOWN,9338724092615509281376318523880280769765270216791770008700391276125962114831,1756305063,2025-08-27 14:31:03,0.5
bitcoin-up-or-down-august-28-9am-et,DOWN,9338724092615509281376318523880280769765270216791770008700391276125962114831,1756305122,2025-08-27 14:32:02,0.5
bitcoin-up-or-down-august-28-9am-et,DOWN,9338724092615509281376318523880280769765270216791770008700391276125962114831,1756305184,2025-08-27 14:33:04,0.5
bitcoin-up-or-down-august-28-9am-et,DOWN,9338724092615509281376318523880280769765270216791770008700391276125962114831,1756305243,2025-08-27 14:34:03,0.5
bitcoin-up-or-down-august-28-9am-et,DOWN,9338724092615509281376318523880280769765270216791770008700391276125962114831,1756305307,2025-08-27 14:35:07,0.5
bitcoin-up-or-down-august-28-9am-et,DOWN,9338724092615509281376318523880280769765270216791770008700391276125962114831,1756305362,2025-08-27 14:36:02,0.5
bitcoin-up-or-down-august-28-9am-et,DOWN,9338724092615509281376318523880280769765270216791770008700391276125962114831,1756305422,2025-08-27 14:37:02,0.5
bitcoin-up-or-down-august-28-9am-et,DOWN,9338724092615509281376318523880280769765270216791770008700391276125962114831,1756305485,2025-08-27 14:38:05,0.5
bitcoin-up-or-down-august-28-9am-et,DOWN,9338724092615509281376318523880280769765270216791770008700391276125962114831,1756305543,2025-08-27 14:39:03,0.5
bitcoin-up-or-down-august-28-9am-et,DOWN,9338724092615509281376318523880280769765270216791770008700391276125962114831,1756305614,2025-08-27 14:40:14,0.5
bitcoin-up-or-down-august-28-9am-et,DOWN,9338724092615509281376318523880280769765270216791770008700391276125962114831,1756305663,2025-08-27 14:41:03,0.5
bitcoin-up-or-down-august-28-9am-et,DOWN,9338724092615509281376318523880280769765270216791770008700391276125962114831,1756305723,2025-08-27 14:42:03,0.5
bitcoin-up-or-down-august-28-9am-et,DOWN,9338724092615509281376318523880280769765270216791770008700391276125962114831,1756305784,2025-08-27 14:43:04,0.5
bitcoin-up-or-down-august-28-9am-et,DOWN,9338724092615509281376318523880280769765270216791770008700391276125962114831,1756305844,2025-08-27 14:44:04,0.5
bitcoin-up-or-down-august-28-9am-et,DOWN,9338724092615509281376318523880280769765270216791770008700391276125962114831,1756305910,2025-08-27 14:45:10,0.5
bitcoin-up-or-down-august-28-9am-et,DOWN,9338724092615509281376318523880280769765270216791770008700391276125962114831,1756305962,2025-08-27 14:46:02,0.5
bitcoin-up-or-down-august-28-9am-et,DOWN,9338724092615509281376318523880280769765270216791770008700391276125962114831,1756306024,2025-08-27 14:47:04,0.5
bitcoin-up-or-down-august-28-9am-et,DOWN,9338724092615509281376318523880280769765270216791770008700391276125962114831,1756306082,2025-08-27 14:48:02,0.5
bitcoin-up-or-down-august-28-9am-et,DOWN,9338724092615509281376318523880280769765270216791770008700391276125962114831,1756306144,2025-08-27 14:49:04,0.5
bitcoin-up-or-down-august-28-9am-et,DOWN,9338724092615509281376318523880280769765270216791770008700391276125962114831,1756306214,2025-08-27 14:50:14,0.5
bitcoin-up-or-down-august-28-9am-et,DOWN,9338724092615509281376318523880280769765270216791770008700391276125962114831,1756306263,2025-08-27 14:51:03,0.5
bitcoin-up-or-down-august-28-9am-et,DOWN,9338724092615509281376318523880280769765270216791770008700391276125962114831,1756306322,2025-08-27 14:52:02,0.5
bitcoin-up-or-down-august-28-9am-et,DOWN,9338724092615509281376318523880280769765270216791770008700391276125962114831,1756306383,2025-08-27 14:53:03,0.5
bitcoin-up-or-down-august-28-9am-et,DOWN,9338724092615509281376318523880280769765270216791770008700391276125962114831,1756306443,2025-08-27 14:54:03,0.5
bitcoin-up-or-down-august-28-9am-et,DOWN,9338724092615509281376318523880280769765270216791770008700391276125962114831,1756306508,2025-08-27 14:55:08,0.5
bitcoin-up-or-down-august-28-9am-et,DOWN,9338724092615509281376318523880280769765270216791770008700391276125962114831,1756306562,2025-08-27 14:56:02,0.5
bitcoin-up-or-down-august-28-9am-et,DOWN,9338724092615509281376318523880280769765270216791770008700391276125962114831,1756306622,2025-08-27 14:57:02,0.5
bitcoin-up-or-down-august-28-9am-et,DOWN,9338724092615509281376318523880280769765270216791770008700391276125962114831,1756306684,2025-08-27 14:58:04,0.5
bitcoin-up-or-down-august-28-9am-et,DOWN,9338724092615509281376318523880280769765270216791770008700391276125962114831,1756306742,2025-08-27 14:59:02,0.5
bitcoin-up-or-down-august-28-9am-et,DOWN,9338724092615509281376318523880280769765270216791770008700391276125962114831,1756306815,2025-08-27 15:00:15,0.5
bitcoin-up-or-down-august-28-9am-et,DOWN,9338724092615509281376318523880280769765270216791770008700391276125962114831,1756306862,2025-08-27 15:01:02,0.5
bitcoin-up-or-down-august-28-9am-et,DOWN,9338724092615509281376318523880280769765270216791770008700391276125962114831,1756306924,2025-08-27 15:02:04,0.5
bitcoin-up-or-down-august-28-9am-et,DOWN,9338724092615509281376318523880280769765270216791770008700391276125962114831,1756306982,2025-08-27 15:03:02,0.5
bitcoin-up-or-down-august-28-9am-et,DOWN,9338724092615509281376318523880280769765270216791770008700391276125962114831,1756307043,2025-08-27 15:04:03,0.5
bitcoin-up-or-down-august-28-9am-et,DOWN,9338724092615509281376318523880280769765270216791770008700391276125962114831,1756307117,2025-08-27 15:05:17,0.5
bitcoin-up-or-down-august-28-9am-et,DOWN,9338724092615509281376318523880280769765270216791770008700391276125962114831,1756307163,2025-08-27 15:06:03,0.5
bitcoin-up-or-down-august-28-9am-et,DOWN,9338724092615509281376318523880280769765270216791770008700391276125962114831,1756307222,2025-08-27 15:07:02,0.5
bitcoin-up-or-down-august-28-9am-et,DOWN,9338724092615509281376318523880280769765270216791770008700391276125962114831,1756307283,2025-08-27 15:08:03,0.5
bitcoin-up-or-down-august-28-9am-et,DOWN,9338724092615509281376318523880280769765270216791770008700391276125962114831,1756307344,2025-08-27 15:09:04,0.5
bitcoin-up-or-down-august-28-9am-et,DOWN,9338724092615509281376318523880280769765270216791770008700391276125962114831,1756307410,2025-08-27 15:10:10,0.5
bitcoin-up-or-down-august-28-9am-et,DOWN,9338724092615509281376318523880280769765270216791770008700391276125962114831,1756307464,2025-08-27 15:11:04,0.5
bitcoin-up-or-down-august-28-9am-et,DOWN,9338724092615509281376318523880280769765270216791770008700391276125962114831,1756307522,2025-08-27 15:12:02,0.5
bitcoin-up-or-down-august-28-9am-et,DOWN,9338724092615509281376318523880280769765270216791770008700391276125962114831,1756307582,2025-08-27 15:13:02,0.5
bitcoin-up-or-down-august-28-9am-et,DOWN,9338724092615509281376318523880280769765270216791770008700391276125962114831,1756307643,2025-08-27 15:14:03,0.5
bitcoin-up-or-down-august-28-9am-et,DOWN,9338724092615509281376318523880280769765270216791770008700391276125962114831,1756307715,2025-08-27 15:15:15,0.5
bitcoin-up-or-down-august-28-9am-et,DOWN,9338724092615509281376318523880280769765270216791770008700391276125962114831,1756307763,2025-08-27 15:16:03,0.5
bitcoin-up-or-down-august-28-9am-et,DOWN,9338724092615509281376318523880280769765270216791770008700391276125962114831,1756307824,2025-08-27 15:17:04,0.5
bitcoin-up-or-down-august-28-9am-et,DOWN,9338724092615509281376318523880280769765270216791770008700391276125962114831,1756307882,2025-08-27 15:18:02,0.5
bitcoin-up-or-down-august-28-9am-et,DOWN,9338724092615509281376318523880280769765270216791770008700391276125962114831,1756307942,2025-08-27 15:19:02,0.5
bitcoin-up-or-down-august-28-9am-et,DOWN,9338724092615509281376318523880280769765270216791770008700391276125962114831,1756308015,2025-08-27 15:20:15,0.5
bitcoin-up-or-down-august-28-9am-et,DOWN,9338724092615509281376318523880280769765270216791770008700391276125962114831,1756308063,2025-08-27 15:21:03,0.5
bitcoin-up-or-down-august-28-9am-et,DOWN,9338724092615509281376318523880280769765270216791770008700391276125962114831,1756308122,2025-08-27 15:22:02,0.5
bitcoin-up-or-down-august-28-9am-et,DOWN,9338724092615509281376318523880280769765270216791770008700391276125962114831,1756308183,2025-08-27 15:23:03,0.5
bitcoin-up-or-down-august-28-9am-et,DOWN,9338724092615509281376318523880280769765270216791770008700391276125962114831,1756308242,2025-08-27 15:24:02,0.5
bitcoin-up-or-down-august-28-9am-et,DOWN,9338724092615509281376318523880280769765270216791770008700391276125962114831,1756308310,2025-08-27 15:25:10,0.5
bitcoin-up-or-down-august-28-9am-et,DOWN,9338724092615509281376318523880280769765270216791770008700391276125962114831,1756308362,2025-08-27 15:26:02,0.5
bitcoin-up-or-down-august-28-9am-et,DOWN,9338724092615509281376318523880280769765270216791770008700391276125962114831,1756308422,2025-08-27 15:27:02,0.5
bitcoin-up-or-down-august-28-9am-et,DOWN,9338724092615509281376318523880280769765270216791770008700391276125962114831,1756308482,2025-08-27 15:28:02,0.5
bitcoin-up-or-down-august-28-9am-et,DOWN,9338724092615509281376318523880280769765270216791770008700391276125962114831,1756308543,2025-08-27 15:29:03,0.5
bitcoin-up-or-down-august-28-9am-et,DOWN,9338724092615509281376318523880280769765270216791770008700391276125962114831,1756308605,2025-08-27 15:30:05,0.5
bitcoin-up-or-down-august-28-9am-et,DOWN,9338724092615509281376318523880280769765270216791770008700391276125962114831,1756308662,2025-08-27 15:31:02,0.5
bitcoin-up-or-down-august-28-9am-et,DOWN,9338724092615509281376318523880280769765270216791770008700391276125962114831,1756308723,2025-08-27 15:32:03,0.5
bitcoin-up-or-down-august-28-9am-et,DOWN,9338724092615509281376318523880280769765270216791770008700391276125962114831,1756308782,2025-08-27 15:33:02,0.5
bitcoin-up-or-down-august-28-9am-et,DOWN,9338724092615509281376318523880280769765270216791770008700391276125962114831,1756308844,2025-08-27 15:34:04,0.5
bitcoin-up-or-down-august-28-9am-et,DOWN,9338724092615509281376318523880280769765270216791770008700391276125962114831,1756308904,2025-08-27 15:35:04,0.5
bitcoin-up-or-down-august-28-9am-et,DOWN,9338724092615509281376318523880280769765270216791770008700391276125962114831,1756308963,2025-08-27 15:36:03,0.5
bitcoin-up-or-down-august-28-9am-et,DOWN,9338724092615509281376318523880280769765270216791770008700391276125962114831,1756309022,2025-08-27 15:37:02,0.5
bitcoin-up-or-down-august-28-9am-et,DOWN,9338724092615509281376318523880280769765270216791770008700391276125962114831,1756309082,2025-08-27 15:38:02,0.5
bitcoin-up-or-down-august-28-9am-et,DOWN,9338724092615509281376318523880280769765270216791770008700391276125962114831,1756309142,2025-08-27 15:39:02,0.5
bitcoin-up-or-down-august-28-9am-et,DOWN,9338724092615509281376318523880280769765270216791770008700391276125962114831,1756309216,2025-08-27 15:40:16,0.5
bitcoin-up-or-down-august-28-9am-et,DOWN,9338724092615509281376318523880280769765270216791770008700391276125962114831,1756309263,2025-08-27 15:41:03,0.5
bitcoin-up-or-down-august-28-9am-et,DOWN,9338724092615509281376318523880280769765270216791770008700391276125962114831,1756309323,2025-08-27 15:42:03,0.5
bitcoin-up-or-down-august-28-9am-et,DOWN,9338724092615509281376318523880280769765270216791770008700391276125962114831,1756309383,2025-08-27 15:43:03,0.5
bitcoin-up-or-down-august-28-9am-et,DOWN,9338724092615509281376318523880280769765270216791770008700391276125962114831,1756309442,2025-08-27 15:44:02,0.5
bitcoin-up-or-down-august-28-9am-et,DOWN,9338724092615509281376318523880280769765270216791770008700391276125962114831,1756309503,2025-08-27 15:45:03,0.5
bitcoin-up-or-down-august-28-9am-et,DOWN,9338724092615509281376318523880280769765270216791770008700391276125962114831,1756309563,2025-08-27 15:46:03,0.5
bitcoin-up-or-down-august-28-9am-et,DOWN,9338724092615509281376318523880280769765270216791770008700391276125962114831,1756309623,2025-08-27 15:47:03,0.5
bitcoin-up-or-down-august-28-9am-et,DOWN,9338724092615509281376318523880280769765270216791770008700391276125962114831,1756309683,2025-08-27 15:48:03,0.5
bitcoin-up-or-down-august-28-9am-et,DOWN,9338724092615509281376318523880280769765270216791770008700391276125962114831,1756309744,2025-08-27 15:49:04,0.5
bitcoin-up-or-down-august-28-9am-et,DOWN,9338724092615509281376318523880280769765270216791770008700391276125962114831,1756309802,2025-08-27 15:50:02,0.5
bitcoin-up-or-down-august-28-9am-et,DOWN,9338724092615509281376318523880280769765270216791770008700391276125962114831,1756309862,2025-08-27 15:51:02,0.5
bitcoin-up-or-down-august-28-9am-et,DOWN,9338724092615509281376318523880280769765270216791770008700391276125962114831,1756309924,2025-08-27 15:52:04,0.5
bitcoin-up-or-down-august-28-9am-et,DOWN,9338724092615509281376318523880280769765270216791770008700391276125962114831,1756309982,2025-08-27 15:53:02,0.5
bitcoin-up-or-down-august-28-9am-et,DOWN,9338724092615509281376318523880280769765270216791770008700391276125962114831,1756310043,2025-08-27 15:54:03,0.5
bitcoin-up-or-down-august-28-9am-et,DOWN,9338724092615509281376318523880280769765270216791770008700391276125962114831,1756310102,2025-08-27 15:55:02,0.5
bitcoin-up-or-down-august-28-9am-et,DOWN,9338724092615509281376318523880280769765270216791770008700391276125962114831,1756310163,2025-08-27 15:56:03,0.5
bitcoin-up-or-down-august-28-9am-et,DOWN,9338724092615509281376318523880280769765270216791770008700391276125962114831,1756310224,2025-08-27 15:57:04,0.5
bitcoin-up-or-down-august-28-9am-et,DOWN,9338724092615509281376318523880280769765270216791770008700391276125962114831,1756310283,2025-08-27 15:58:03,0.5
bitcoin-up-or-down-august-28-9am-et,DOWN,9338724092615509281376318523880280769765270216791770008700391276125962114831,1756310343,2025-08-27 15:59:03,0.5
bitcoin-up-or-down-august-28-9am-et,DOWN,9338724092615509281376318523880280769765270216791770008700391276125962114831,1756310414,2025-08-27 16:00:14,0.5
bitcoin-up-or-down-august-28-9am-et,DOWN,9338724092615509281376318523880280769765270216791770008700391276125962114831,1756310463,2025-08-27 16:01:03,0.5
bitcoin-up-or-down-august-28-9am-et,DOWN,9338724092615509281376318523880280769765270216791770008700391276125962114831,1756310523,2025-08-27 16:02:03,0.5
bitcoin-up-or-down-august-28-9am-et,DOWN,9338724092615509281376318523880280769765270216791770008700391276125962114831,1756310583,2025-08-27 16:03:03,0.5
bitcoin-up-or-down-august-28-9am-et,DOWN,9338724092615509281376318523880280769765270216791770008700391276125962114831,1756310643,2025-08-27 16:04:03,0.5
bitcoin-up-or-down-august-28-9am-et,DOWN,9338724092615509281376318523880280769765270216791770008700391276125962114831,1756310712,2025-08-27 16:05:12,0.5
bitcoin-up-or-down-august-28-9am-et,DOWN,9338724092615509281376318523880280769765270216791770008700391276125962114831,1756310777,2025-08-27 16:06:17,0.5
bitcoin-up-or-down-august-28-9am-et,DOWN,9338724092615509281376318523880280769765270216791770008700391276125962114831,1756310822,2025-08-27 16:07:02,0.5
bitcoin-up-or-down-august-28-9am-et,DOWN,9338724092615509281376318523880280769765270216791770008700391276125962114831,1756310882,2025-08-27 16:08:02,0.5
bitcoin-up-or-down-august-28-9am-et,DOWN,9338724092615509281376318523880280769765270216791770008700391276125962114831,1756310944,2025-08-27 16:09:04,0.5
bitcoin-up-or-down-august-28-9am-et,DOWN,9338724092615509281376318523880280769765270216791770008700391276125962114831,1756311015,2025-08-27 16:10:15,0.5
bitcoin-up-or-down-august-28-9am-et,DOWN,9338724092615509281376318523880280769765270216791770008700391276125962114831,1756311063,2025-08-27 16:11:03,0.5
bitcoin-up-or-down-august-28-9am-et,DOWN,9338724092615509281376318523880280769765270216791770008700391276125962114831,1756311122,2025-08-27 16:12:02,0.5
bitcoin-up-or-down-august-28-9am-et,DOWN,9338724092615509281376318523880280769765270216791770008700391276125962114831,1756311183,2025-08-27 16:13:03,0.5
bitcoin-up-or-down-august-28-9am-et,DOWN,9338724092615509281376318523880280769765270216791770008700391276125962114831,1756311243,2025-08-27 16:14:03,0.5
bitcoin-up-or-down-august-28-9am-et,DOWN,9338724092615509281376318523880280769765270216791770008700391276125962114831,1756311314,2025-08-27 16:15:14,0.5
bitcoin-up-or-down-august-28-9am-et,DOWN,9338724092615509281376318523880280769765270216791770008700391276125962114831,1756311364,2025-08-27 16:16:04,0.5
bitcoin-up-or-down-august-28-9am-et,DOWN,9338724092615509281376318523880280769765270216791770008700391276125962114831,1756311423,2025-08-27 16:17:03,0.5
bitcoin-up-or-down-august-28-9am-et,DOWN,9338724092615509281376318523880280769765270216791770008700391276125962114831,1756311483,2025-08-27 16:18:03,0.5
bitcoin-up-or-down-august-28-9am-et,DOWN,9338724092615509281376318523880280769765270216791770008700391276125962114831,1756311544,2025-08-27 16:19:04,0.5
bitcoin-up-or-down-august-28-9am-et,DOWN,9338724092615509281376318523880280769765270216791770008700391276125962114831,1756311602,2025-08-27 16:20:02,0.5
bitcoin-up-or-down-august-28-9am-et,DOWN,9338724092615509281376318523880280769765270216791770008700391276125962114831,1756311663,2025-08-27 16:21:03,0.5
bitcoin-up-or-down-august-28-9am-et,DOWN,9338724092615509281376318523880280769765270216791770008700391276125962114831,1756311724,2025-08-27 16:22:04,0.5
bitcoin-up-or-down-august-28-9am-et,DOWN,9338724092615509281376318523880280769765270216791770008700391276125962114831,1756311783,2025-08-27 16:23:03,0.5
bitcoin-up-or-down-august-28-9am-et,DOWN,9338724092615509281376318523880280769765270216791770008700391276125962114831,1756311843,2025-08-27 16:24:03,0.5
bitcoin-up-or-down-august-28-9am-et,DOWN,9338724092615509281376318523880280769765270216791770008700391276125962114831,1756311902,2025-08-27 16:25:02,0.5
bitcoin-up-or-down-august-28-9am-et,DOWN,9338724092615509281376318523880280769765270216791770008700391276125962114831,1756311963,2025-08-27 16:26:03,0.5
bitcoin-up-or-down-august-28-9am-et,DOWN,9338724092615509281376318523880280769765270216791770008700391276125962114831,1756312024,2025-08-27 16:27:04,0.5
bitcoin-up-or-down-august-28-9am-et,DOWN,9338724092615509281376318523880280769765270216791770008700391276125962114831,1756312082,2025-08-27 16:28:02,0.5
bitcoin-up-or-down-august-28-9am-et,DOWN,9338724092615509281376318523880280769765270216791770008700391276125962114831,1756312142,2025-08-27 16:29:02,0.5
bitcoin-up-or-down-august-28-9am-et,DOWN,9338724092615509281376318523880280769765270216791770008700391276125962114831,1756312209,2025-08-27 16:30:09,0.5
bitcoin-up-or-down-august-28-9am-et,DOWN,9338724092615509281376318523880280769765270216791770008700391276125962114831,1756312263,2025-08-27 16:31:03,0.5
bitcoin-up-or-down-august-28-9am-et,DOWN,9338724092615509281376318523880280769765270216791770008700391276125962114831,1756312322,2025-08-27 16:32:02,0.5
bitcoin-up-or-down-august-28-9am-et,DOWN,9338724092615509281376318523880280769765270216791770008700391276125962114831,1756312384,2025-08-27 16:33:04,0.5
bitcoin-up-or-down-august-28-9am-et,DOWN,9338724092615509281376318523880280769765270216791770008700391276125962114831,1756312444,2025-08-27 16:34:04,0.5
bitcoin-up-or-down-august-28-9am-et,DOWN,9338724092615509281376318523880280769765270216791770008700391276125962114831,1756312508,2025-08-27 16:35:08,0.5
bitcoin-up-or-down-august-28-9am-et,DOWN,9338724092615509281376318523880280769765270216791770008700391276125962114831,1756312565,2025-08-27 16:36:05,0.5
bitcoin-up-or-down-august-28-9am-et,DOWN,9338724092615509281376318523880280769765270216791770008700391276125962114831,1756312623,2025-08-27 16:37:03,0.5
bitcoin-up-or-down-august-28-9am-et,DOWN,9338724092615509281376318523880280769765270216791770008700391276125962114831,1756312684,2025-08-27 16:38:04,0.5
bitcoin-up-or-down-august-28-9am-et,DOWN,9338724092615509281376318523880280769765270216791770008700391276125962114831,1756312742,2025-08-27 16:39:02,0.5
bitcoin-up-or-down-august-28-9am-et,DOWN,9338724092615509281376318523880280769765270216791770008700391276125962114831,1756312818,2025-08-27 16:40:18,0.5
bitcoin-up-or-down-august-28-9am-et,DOWN,9338724092615509281376318523880280769765270216791770008700391276125962114831,1756312863,2025-08-27 16:41:03,0.5
bitcoin-up-or-down-august-28-9am-et,DOWN,9338724092615509281376318523880280769765270216791770008700391276125962114831,1756312923,2025-08-27 16:42:03,0.5
bitcoin-up-or-down-august-28-9am-et,DOWN,9338724092615509281376318523880280769765270216791770008700391276125962114831,1756312984,2025-08-27 16:43:04,0.5
bitcoin-up-or-down-august-28-9am-et,DOWN,9338724092615509281376318523880280769765270216791770008700391276125962114831,1756313043,2025-08-27 16:44:03,0.5
bitcoin-up-or-down-august-28-9am-et,DOWN,9338724092615509281376318523880280769765270216791770008700391276125962114831,1756313114,2025-08-27 16:45:14,0.5
bitcoin-up-or-down-august-28-9am-et,DOWN,9338724092615509281376318523880280769765270216791770008700391276125962114831,1756313162,2025-08-27 16:46:02,0.5
bitcoin-up-or-down-august-28-9am-et,DOWN,9338724092615509281376318523880280769765270216791770008700391276125962114831,1756313223,2025-08-27 16:47:03,0.5
bitcoin-up-or-down-august-28-9am-et,DOWN,9338724092615509281376318523880280769765270216791770008700391276125962114831,1756313283,2025-08-27 16:48:03,0.5
bitcoin-up-or-down-august-28-9am-et,DOWN,9338724092615509281376318523880280769765270216791770008700391276125962114831,1756313343,2025-08-27 16:49:03,0.5
bitcoin-up-or-down-august-28-9am-et,DOWN,9338724092615509281376318523880280769765270216791770008700391276125962114831,1756313414,2025-08-27 16:50:14,0.5
bitcoin-up-or-down-august-28-9am-et,DOWN,9338724092615509281376318523880280769765270216791770008700391276125962114831,1756313463,2025-08-27 16:51:03,0.5
bitcoin-up-or-down-august-28-9am-et,DOWN,9338724092615509281376318523880280769765270216791770008700391276125962114831,1756313523,2025-08-27 16:52:03,0.5
bitcoin-up-or-down-august-28-9am-et,DOWN,9338724092615509281376318523880280769765270216791770008700391276125962114831,1756313582,2025-08-27 16:53:02,0.5
bitcoin-up-or-down-august-28-9am-et,DOWN,9338724092615509281376318523880280769765270216791770008700391276125962114831,1756313644,2025-08-27 16:54:04,0.5
bitcoin-up-or-down-august-28-9am-et,DOWN,9338724092615509281376318523880280769765270216791770008700391276125962114831,1756313716,2025-08-27 16:55:16,0.5
bitcoin-up-or-down-august-28-9am-et,DOWN,9338724092615509281376318523880280769765270216791770008700391276125962114831,1756313762,2025-08-27 16:56:02,0.5
bitcoin-up-or-down-august-28-9am-et,DOWN,9338724092615509281376318523880280769765270216791770008700391276125962114831,1756313822,2025-08-27 16:57:02,0.5
bitcoin-up-or-down-august-28-9am-et,DOWN,9338724092615509281376318523880280769765270216791770008700391276125962114831,1756313882,2025-08-27 16:58:02,0.5
bitcoin-up-or-down-august-28-9am-et,DOWN,9338724092615509281376318523880280769765270216791770008700391276125962114831,1756313943,2025-08-27 16:59:03,0.5
bitcoin-up-or-down-august-28-9am-et,DOWN,9338724092615509281376318523880280769765270216791770008700391276125962114831,1756314018,2025-08-27 17:00:18,0.5
bitcoin-up-or-down-august-28-9am-et,DOWN,9338724092615509281376318523880280769765270216791770008700391276125962114831,1756314062,2025-08-27 17:01:02,0.5
bitcoin-up-or-down-august-28-9am-et,DOWN,9338724092615509281376318523880280769765270216791770008700391276125962114831,1756314124,2025-08-27 17:02:04,0.5
bitcoin-up-or-down-august-28-9am-et,DOWN,9338724092615509281376318523880280769765270216791770008700391276125962114831,1756314184,2025-08-27 17:03:04,0.5
bitcoin-up-or-down-august-28-9am-et,DOWN,9338724092615509281376318523880280769765270216791770008700391276125962114831,1756314244,2025-08-27 17:04:04,0.5
bitcoin-up-or-down-august-28-9am-et,DOWN,9338724092615509281376318523880280769765270216791770008700391276125962114831,1756314307,2025-08-27 17:05:07,0.5
bitcoin-up-or-down-august-28-9am-et,DOWN,9338724092615509281376318523880280769765270216791770008700391276125962114831,1756314362,2025-08-27 17:06:02,0.5
bitcoin-up-or-down-august-28-9am-et,DOWN,9338724092615509281376318523880280769765270216791770008700391276125962114831,1756314422,2025-08-27 17:07:02,0.5
bitcoin-up-or-down-august-28-9am-et,DOWN,9338724092615509281376318523880280769765270216791770008700391276125962114831,1756314483,2025-08-27 17:08:03,0.5
bitcoin-up-or-down-august-28-9am-et,DOWN,9338724092615509281376318523880280769765270216791770008700391276125962114831,1756314544,2025-08-27 17:09:04,0.5
bitcoin-up-or-down-august-28-9am-et,DOWN,9338724092615509281376318523880280769765270216791770008700391276125962114831,1756314610,2025-08-27 17:10:10,0.5
bitcoin-up-or-down-august-28-9am-et,DOWN,9338724092615509281376318523880280769765270216791770008700391276125962114831,1756314663,2025-08-27 17:11:03,0.5
bitcoin-up-or-down-august-28-9am-et,DOWN,9338724092615509281376318523880280769765270216791770008700391276125962114831,1756314723,2025-08-27 17:12:03,0.5
bitcoin-up-or-down-august-28-9am-et,DOWN,9338724092615509281376318523880280769765270216791770008700391276125962114831,1756314782,2025-08-27 17:13:02,0.5
bitcoin-up-or-down-august-28-9am-et,DOWN,9338724092615509281376318523880280769765270216791770008700391276125962114831,1756314842,2025-08-27 17:14:02,0.5
bitcoin-up-or-down-august-28-9am-et,DOWN,9338724092615509281376318523880280769765270216791770008700391276125962114831,1756314912,2025-08-27 17:15:12,0.5
bitcoin-up-or-down-august-28-9am-et,DOWN,9338724092615509281376318523880280769765270216791770008700391276125962114831,1756314963,2025-08-27 17:16:03,0.5
bitcoin-up-or-down-august-28-9am-et,DOWN,9338724092615509281376318523880280769765270216791770008700391276125962114831,1756315023,2025-08-27 17:17:03,0.5
bitcoin-up-or-down-august-28-9am-et,DOWN,9338724092615509281376318523880280769765270216791770008700391276125962114831,1756315082,2025-08-27 17:18:02,0.5
bitcoin-up-or-down-august-28-9am-et,DOWN,9338724092615509281376318523880280769765270216791770008700391276125962114831,1756315142,2025-08-27 17:19:02,0.5
bitcoin-up-or-down-august-28-9am-et,DOWN,9338724092615509281376318523880280769765270216791770008700391276125962114831,1756315202,2025-08-27 17:20:02,0.5
bitcoin-up-or-down-august-28-9am-et,DOWN,9338724092615509281376318523880280769765270216791770008700391276125962114831,1756315262,2025-08-27 17:21:02,0.5
bitcoin-up-or-down-august-28-9am-et,DOWN,9338724092615509281376318523880280769765270216791770008700391276125962114831,1756315322,2025-08-27 17:22:02,0.5
bitcoin-up-or-down-august-28-9am-et,DOWN,9338724092615509281376318523880280769765270216791770008700391276125962114831,1756315383,2025-08-27 17:23:03,0.5
bitcoin-up-or-down-august-28-9am-et,DOWN,9338724092615509281376318523880280769765270216791770008700391276125962114831,1756315442,2025-08-27 17:24:02,0.5
bitcoin-up-or-down-august-28-9am-et,DOWN,9338724092615509281376318523880280769765270216791770008700391276125962114831,1756315503,2025-08-27 17:25:03,0.5
bitcoin-up-or-down-august-28-9am-et,DOWN,9338724092615509281376318523880280769765270216791770008700391276125962114831,1756315563,2025-08-27 17:26:03,0.5
bitcoin-up-or-down-august-28-9am-et,DOWN,9338724092615509281376318523880280769765270216791770008700391276125962114831,1756315623,2025-08-27 17:27:03,0.5
bitcoin-up-or-down-august-28-9am-et,DOWN,9338724092615509281376318523880280769765270216791770008700391276125962114831,1756315682,2025-08-27 17:28:02,0.5
bitcoin-up-or-down-august-28-9am-et,DOWN,9338724092615509281376318523880280769765270216791770008700391276125962114831,1756315743,2025-08-27 17:29:03,0.5
bitcoin-up-or-down-august-28-9am-et,DOWN,9338724092615509281376318523880280769765270216791770008700391276125962114831,1756315809,2025-08-27 17:30:09,0.5
bitcoin-up-or-down-august-28-9am-et,DOWN,9338724092615509281376318523880280769765270216791770008700391276125962114831,1756315862,2025-08-27 17:31:02,0.5
bitcoin-up-or-down-august-28-9am-et,DOWN,9338724092615509281376318523880280769765270216791770008700391276125962114831,1756315923,2025-08-27 17:32:03,0.5
bitcoin-up-or-down-august-28-9am-et,DOWN,9338724092615509281376318523880280769765270216791770008700391276125962114831,1756315983,2025-08-27 17:33:03,0.5
bitcoin-up-or-down-august-28-9am-et,DOWN,9338724092615509281376318523880280769765270216791770008700391276125962114831,1756316042,2025-08-27 17:34:02,0.5
bitcoin-up-or-down-august-28-9am-et,DOWN,9338724092615509281376318523880280769765270216791770008700391276125962114831,1756316103,2025-08-27 17:35:03,0.5
bitcoin-up-or-down-august-28-9am-et,DOWN,9338724092615509281376318523880280769765270216791770008700391276125962114831,1756316164,2025-08-27 17:36:04,0.5
bitcoin-up-or-down-august-28-9am-et,DOWN,9338724092615509281376318523880280769765270216791770008700391276125962114831,1756316222,2025-08-27 17:37:02,0.5
bitcoin-up-or-down-august-28-9am-et,DOWN,9338724092615509281376318523880280769765270216791770008700391276125962114831,1756316284,2025-08-27 17:38:04,0.5
bitcoin-up-or-down-august-28-9am-et,DOWN,9338724092615509281376318523880280769765270216791770008700391276125962114831,1756316344,2025-08-27 17:39:04,0.5
bitcoin-up-or-down-august-28-9am-et,DOWN,9338724092615509281376318523880280769765270216791770008700391276125962114831,1756316405,2025-08-27 17:40:05,0.5
bitcoin-up-or-down-august-28-9am-et,DOWN,9338724092615509281376318523880280769765270216791770008700391276125962114831,1756316463,2025-08-27 17:41:03,0.5
bitcoin-up-or-down-august-28-9am-et,DOWN,9338724092615509281376318523880280769765270216791770008700391276125962114831,1756316522,2025-08-27 17:42:02,0.5
bitcoin-up-or-down-august-28-9am-et,DOWN,9338724092615509281376318523880280769765270216791770008700391276125962114831,1756316582,2025-08-27 17:43:02,0.5
bitcoin-up-or-down-august-28-9am-et,DOWN,9338724092615509281376318523880280769765270216791770008700391276125962114831,1756316642,2025-08-27 17:44:02,0.5
bitcoin-up-or-down-august-28-9am-et,DOWN,9338724092615509281376318523880280769765270216791770008700391276125962114831,1756316714,2025-08-27 17:45:14,0.5
bitcoin-up-or-down-august-28-9am-et,DOWN,9338724092615509281376318523880280769765270216791770008700391276125962114831,1756316764,2025-08-27 17:46:04,0.5
bitcoin-up-or-down-august-28-9am-et,DOWN,9338724092615509281376318523880280769765270216791770008700391276125962114831,1756316822,2025-08-27 17:47:02,0.5
bitcoin-up-or-down-august-28-9am-et,DOWN,9338724092615509281376318523880280769765270216791770008700391276125962114831,1756316882,2025-08-27 17:48:02,0.5
bitcoin-up-or-down-august-28-9am-et,DOWN,9338724092615509281376318523880280769765270216791770008700391276125962114831,1756316944,2025-08-27 17:49:04,0.5
bitcoin-up-or-down-august-28-9am-et,DOWN,9338724092615509281376318523880280769765270216791770008700391276125962114831,1756317002,2025-08-27 17:50:02,0.5
bitcoin-up-or-down-august-28-9am-et,DOWN,9338724092615509281376318523880280769765270216791770008700391276125962114831,1756317063,2025-08-27 17:51:03,0.5
bitcoin-up-or-down-august-28-9am-et,DOWN,9338724092615509281376318523880280769765270216791770008700391276125962114831,1756317123,2025-08-27 17:52:03,0.5
bitcoin-up-or-down-august-28-9am-et,DOWN,9338724092615509281376318523880280769765270216791770008700391276125962114831,1756317182,2025-08-27 17:53:02,0.5
bitcoin-up-or-down-august-28-9am-et,DOWN,9338724092615509281376318523880280769765270216791770008700391276125962114831,1756317243,2025-08-27 17:54:03,0.5
bitcoin-up-or-down-august-28-9am-et,DOWN,9338724092615509281376318523880280769765270216791770008700391276125962114831,1756317316,2025-08-27 17:55:16,0.5
bitcoin-up-or-down-august-28-9am-et,DOWN,9338724092615509281376318523880280769765270216791770008700391276125962114831,1756317363,2025-08-27 17:56:03,0.5
bitcoin-up-or-down-august-28-9am-et,DOWN,9338724092615509281376318523880280769765270216791770008700391276125962114831,1756317423,2025-08-27 17:57:03,0.5
bitcoin-up-or-down-august-28-9am-et,DOWN,9338724092615509281376318523880280769765270216791770008700391276125962114831,1756317483,2025-08-27 17:58:03,0.5
bitcoin-up-or-down-august-28-9am-et,DOWN,9338724092615509281376318523880280769765270216791770008700391276125962114831,1756317543,2025-08-27 17:59:03,0.5
bitcoin-up-or-down-august-28-9am-et,DOWN,9338724092615509281376318523880280769765270216791770008700391276125962114831,1756317621,2025-08-27 18:00:21,0.5
bitcoin-up-or-down-august-28-9am-et,DOWN,9338724092615509281376318523880280769765270216791770008700391276125962114831,1756317662,2025-08-27 18:01:02,0.5
bitcoin-up-or-down-august-28-9am-et,DOWN,9338724092615509281376318523880280769765270216791770008700391276125962114831,1756317724,2025-08-27 18:02:04,0.5
bitcoin-up-or-down-august-28-9am-et,DOWN,9338724092615509281376318523880280769765270216791770008700391276125962114831,1756317783,2025-08-27 18:03:03,0.5
bitcoin-up-or-down-august-28-9am-et,DOWN,9338724092615509281376318523880280769765270216791770008700391276125962114831,1756317842,2025-08-27 18:04:02,0.5
bitcoin-up-or-down-august-28-9am-et,DOWN,9338724092615509281376318523880280769765270216791770008700391276125962114831,1756317914,2025-08-27 18:05:14,0.5
bitcoin-up-or-down-august-28-9am-et,DOWN,9338724092615509281376318523880280769765270216791770008700391276125962114831,1756317962,2025-08-27 18:06:02,0.5
bitcoin-up-or-down-august-28-9am-et,DOWN,9338724092615509281376318523880280769765270216791770008700391276125962114831,1756318023,2025-08-27 18:07:03,0.5
bitcoin-up-or-down-august-28-9am-et,DOWN,9338724092615509281376318523880280769765270216791770008700391276125962114831,1756318082,2025-08-27 18:08:02,0.5
bitcoin-up-or-down-august-28-9am-et,DOWN,9338724092615509281376318523880280769765270216791770008700391276125962114831,1756318143,2025-08-27 18:09:03,0.5
bitcoin-up-or-down-august-28-9am-et,DOWN,9338724092615509281376318523880280769765270216791770008700391276125962114831,1756318215,2025-08-27 18:10:15,0.5
bitcoin-up-or-down-august-28-9am-et,DOWN,9338724092615509281376318523880280769765270216791770008700391276125962114831,1756318262,2025-08-27 18:11:02,0.5
bitcoin-up-or-down-august-28-9am-et,DOWN,9338724092615509281376318523880280769765270216791770008700391276125962114831,1756318322,2025-08-27 18:12:02,0.5
bitcoin-up-or-down-august-28-9am-et,DOWN,9338724092615509281376318523880280769765270216791770008700391276125962114831,1756318382,2025-08-27 18:13:02,0.5
bitcoin-up-or-down-august-28-9am-et,DOWN,9338724092615509281376318523880280769765270216791770008700391276125962114831,1756318442,2025-08-27 18:14:02,0.5
bitcoin-up-or-down-august-28-9am-et,DOWN,9338724092615509281376318523880280769765270216791770008700391276125962114831,1756318513,2025-08-27 18:15:13,0.5
bitcoin-up-or-down-august-28-9am-et,DOWN,9338724092615509281376318523880280769765270216791770008700391276125962114831,1756318562,2025-08-27 18:16:02,0.5
bitcoin-up-or-down-august-28-9am-et,DOWN,9338724092615509281376318523880280769765270216791770008700391276125962114831,1756318624,2025-08-27 18:17:04,0.5
bitcoin-up-or-down-august-28-9am-et,DOWN,9338724092615509281376318523880280769765270216791770008700391276125962114831,1756318683,2025-08-27 18:18:03,0.5
bitcoin-up-or-down-august-28-9am-et,DOWN,9338724092615509281376318523880280769765270216791770008700391276125962114831,1756318743,2025-08-27 18:19:03,0.5
bitcoin-up-or-down-august-28-9am-et,DOWN,9338724092615509281376318523880280769765270216791770008700391276125962114831,1756318805,2025-08-27 18:20:05,0.5
bitcoin-up-or-down-august-28-9am-et,DOWN,9338724092615509281376318523880280769765270216791770008700391276125962114831,1756318863,2025-08-27 18:21:03,0.5
bitcoin-up-or-down-august-28-9am-et,DOWN,9338724092615509281376318523880280769765270216791770008700391276125962114831,1756318922,2025-08-27 18:22:02,0.5
bitcoin-up-or-down-august-28-9am-et,DOWN,9338724092615509281376318523880280769765270216791770008700391276125962114831,1756318983,2025-08-27 18:23:03,0.5
bitcoin-up-or-down-august-28-9am-et,DOWN,9338724092615509281376318523880280769765270216791770008700391276125962114831,1756319043,2025-08-27 18:24:03,0.5
bitcoin-up-or-down-august-28-9am-et,DOWN,9338724092615509281376318523880280769765270216791770008700391276125962114831,1756319106,2025-08-27 18:25:06,0.5
bitcoin-up-or-down-august-28-9am-et,DOWN,9338724092615509281376318523880280769765270216791770008700391276125962114831,1756319163,2025-08-27 18:26:03,0.5
bitcoin-up-or-down-august-28-9am-et,DOWN,9338724092615509281376318523880280769765270216791770008700391276125962114831,1756319223,2025-08-27 18:27:03,0.5
bitcoin-up-or-down-august-28-9am-et,DOWN,9338724092615509281376318523880280769765270216791770008700391276125962114831,1756319282,2025-08-27 18:28:02,0.5
bitcoin-up-or-down-august-28-9am-et,DOWN,9338724092615509281376318523880280769765270216791770008700391276125962114831,1756319342,2025-08-27 18:29:02,0.5
bitcoin-up-or-down-august-28-9am-et,DOWN,9338724092615509281376318523880280769765270216791770008700391276125962114831,1756319410,2025-08-27 18:30:10,0.5
bitcoin-up-or-down-august-28-9am-et,DOWN,9338724092615509281376318523880280769765270216791770008700391276125962114831,1756319463,2025-08-27 18:31:03,0.5
bitcoin-up-or-down-august-28-9am-et,DOWN,9338724092615509281376318523880280769765270216791770008700391276125962114831,1756319523,2025-08-27 18:32:03,0.5
bitcoin-up-or-down-august-28-9am-et,DOWN,9338724092615509281376318523880280769765270216791770008700391276125962114831,1756319582,2025-08-27 18:33:02,0.5
bitcoin-up-or-down-august-28-9am-et,DOWN,9338724092615509281376318523880280769765270216791770008700391276125962114831,1756319642,2025-08-27 18:34:02,0.5
bitcoin-up-or-down-august-28-9am-et,DOWN,9338724092615509281376318523880280769765270216791770008700391276125962114831,1756319717,2025-08-27 18:35:17,0.5
bitcoin-up-or-down-august-28-9am-et,DOWN,9338724092615509281376318523880280769765270216791770008700391276125962114831,1756319762,2025-08-27 18:36:02,0.5
bitcoin-up-or-down-august-28-9am-et,DOWN,9338724092615509281376318523880280769765270216791770008700391276125962114831,1756319822,2025-08-27 18:37:02,0.5
bitcoin-up-or-down-august-28-9am-et,DOWN,9338724092615509281376318523880280769765270216791770008700391276125962114831,1756319883,2025-08-27 18:38:03,0.5
bitcoin-up-or-down-august-28-9am-et,DOWN,9338724092615509281376318523880280769765270216791770008700391276125962114831,1756319943,2025-08-27 18:39:03,0.5
bitcoin-up-or-down-august-28-9am-et,DOWN,9338724092615509281376318523880280769765270216791770008700391276125962114831,1756320008,2025-08-27 18:40:08,0.5
bitcoin-up-or-down-august-28-9am-et,DOWN,9338724092615509281376318523880280769765270216791770008700391276125962114831,1756320064,2025-08-27 18:41:04,0.5
bitcoin-up-or-down-august-28-9am-et,DOWN,9338724092615509281376318523880280769765270216791770008700391276125962114831,1756320123,2025-08-27 18:42:03,0.5
bitcoin-up-or-down-august-28-9am-et,DOWN,9338724092615509281376318523880280769765270216791770008700391276125962114831,1756320182,2025-08-27 18:43:02,0.5
bitcoin-up-or-down-august-28-9am-et,DOWN,9338724092615509281376318523880280769765270216791770008700391276125962114831,1756320244,2025-08-27 18:44:04,0.5
bitcoin-up-or-down-august-28-9am-et,DOWN,9338724092615509281376318523880280769765270216791770008700391276125962114831,1756320308,2025-08-27 18:45:08,0.5
bitcoin-up-or-down-august-28-9am-et,DOWN,9338724092615509281376318523880280769765270216791770008700391276125962114831,1756320362,2025-08-27 18:46:02,0.5
bitcoin-up-or-down-august-28-9am-et,DOWN,9338724092615509281376318523880280769765270216791770008700391276125962114831,1756320424,2025-08-27 18:47:04,0.5
bitcoin-up-or-down-august-28-9am-et,DOWN,9338724092615509281376318523880280769765270216791770008700391276125962114831,1756320483,2025-08-27 18:48:03,0.5
bitcoin-up-or-down-august-28-9am-et,DOWN,9338724092615509281376318523880280769765270216791770008700391276125962114831,1756320542,2025-08-27 18:49:02,0.5
bitcoin-up-or-down-august-28-9am-et,DOWN,9338724092615509281376318523880280769765270216791770008700391276125962114831,1756320606,2025-08-27 18:50:06,0.5
bitcoin-up-or-down-august-28-9am-et,DOWN,9338724092615509281376318523880280769765270216791770008700391276125962114831,1756320662,2025-08-27 18:51:02,0.5
bitcoin-up-or-down-august-28-9am-et,DOWN,9338724092615509281376318523880280769765270216791770008700391276125962114831,1756320723,2025-08-27 18:52:03,0.5
bitcoin-up-or-down-august-28-9am-et,DOWN,9338724092615509281376318523880280769765270216791770008700391276125962114831,1756320783,2025-08-27 18:53:03,0.5
bitcoin-up-or-down-august-28-9am-et,DOWN,9338724092615509281376318523880280769765270216791770008700391276125962114831,1756320844,2025-08-27 18:54:04,0.5
bitcoin-up-or-down-august-28-9am-et,DOWN,9338724092615509281376318523880280769765270216791770008700391276125962114831,1756320907,2025-08-27 18:55:07,0.5
bitcoin-up-or-down-august-28-9am-et,DOWN,9338724092615509281376318523880280769765270216791770008700391276125962114831,1756320962,2025-08-27 18:56:02,0.5
bitcoin-up-or-down-august-28-9am-et,DOWN,9338724092615509281376318523880280769765270216791770008700391276125962114831,1756321022,2025-08-27 18:57:02,0.5
bitcoin-up-or-down-august-28-9am-et,DOWN,9338724092615509281376318523880280769765270216791770008700391276125962114831,1756321082,2025-08-27 18:58:02,0.5
bitcoin-up-or-down-august-28-9am-et,DOWN,9338724092615509281376318523880280769765270216791770008700391276125962114831,1756321143,2025-08-27 18:59:03,0.5
bitcoin-up-or-down-august-28-9am-et,DOWN,9338724092615509281376318523880280769765270216791770008700391276125962114831,1756321216,2025-08-27 19:00:16,0.5
bitcoin-up-or-down-august-28-9am-et,DOWN,9338724092615509281376318523880280769765270216791770008700391276125962114831,1756321263,2025-08-27 19:01:03,0.5
bitcoin-up-or-down-august-28-9am-et,DOWN,9338724092615509281376318523880280769765270216791770008700391276125962114831,1756321322,2025-08-27 19:02:02,0.5
bitcoin-up-or-down-august-28-9am-et,DOWN,9338724092615509281376318523880280769765270216791770008700391276125962114831,1756321382,2025-08-27 19:03:02,0.5
bitcoin-up-or-down-august-28-9am-et,DOWN,9338724092615509281376318523880280769765270216791770008700391276125962114831,1756321443,2025-08-27 19:04:03,0.5
bitcoin-up-or-down-august-28-9am-et,DOWN,9338724092615509281376318523880280769765270216791770008700391276125962114831,1756321515,2025-08-27 19:05:15,0.5
bitcoin-up-or-down-august-28-9am-et,DOWN,9338724092615509281376318523880280769765270216791770008700391276125962114831,1756321562,2025-08-27 19:06:02,0.5
bitcoin-up-or-down-august-28-9am-et,DOWN,9338724092615509281376318523880280769765270216791770008700391276125962114831,1756321622,2025-08-27 19:07:02,0.5
bitcoin-up-or-down-august-28-9am-et,DOWN,9338724092615509281376318523880280769765270216791770008700391276125962114831,1756321683,2025-08-27 19:08:03,0.5
bitcoin-up-or-down-august-28-9am-et,DOWN,9338724092615509281376318523880280769765270216791770008700391276125962114831,1756321743,2025-08-27 19:09:03,0.5
bitcoin-up-or-down-august-28-9am-et,DOWN,9338724092615509281376318523880280769765270216791770008700391276125962114831,1756321808,2025-08-27 19:10:08,0.5
bitcoin-up-or-down-august-28-9am-et,DOWN,9338724092615509281376318523880280769765270216791770008700391276125962114831,1756321863,2025-08-27 19:11:03,0.5
bitcoin-up-or-down-august-28-9am-et,DOWN,9338724092615509281376318523880280769765270216791770008700391276125962114831,1756321923,2025-08-27 19:12:03,0.5
bitcoin-up-or-down-august-28-9am-et,DOWN,9338724092615509281376318523880280769765270216791770008700391276125962114831,1756321982,2025-08-27 19:13:02,0.5
bitcoin-up-or-down-august-28-9am-et,DOWN,9338724092615509281376318523880280769765270216791770008700391276125962114831,1756322043,2025-08-27 19:14:03,0.5
bitcoin-up-or-down-august-28-9am-et,DOWN,9338724092615509281376318523880280769765270216791770008700391276125962114831,1756322116,2025-08-27 19:15:16,0.5
bitcoin-up-or-down-august-28-9am-et,DOWN,9338724092615509281376318523880280769765270216791770008700391276125962114831,1756322162,2025-08-27 19:16:02,0.5
bitcoin-up-or-down-august-28-9am-et,DOWN,9338724092615509281376318523880280769765270216791770008700391276125962114831,1756322222,2025-08-27 19:17:02,0.5
bitcoin-up-or-down-august-28-9am-et,DOWN,9338724092615509281376318523880280769765270216791770008700391276125962114831,1756322282,2025-08-27 19:18:02,0.5
bitcoin-up-or-down-august-28-9am-et,DOWN,9338724092615509281376318523880280769765270216791770008700391276125962114831,1756322343,2025-08-27 19:19:03,0.5
bitcoin-up-or-down-august-28-9am-et,DOWN,9338724092615509281376318523880280769765270216791770008700391276125962114831,1756322416,2025-08-27 19:20:16,0.5
bitcoin-up-or-down-august-28-9am-et,DOWN,9338724092615509281376318523880280769765270216791770008700391276125962114831,1756322463,2025-08-27 19:21:03,0.5
bitcoin-up-or-down-august-28-9am-et,DOWN,9338724092615509281376318523880280769765270216791770008700391276125962114831,1756322523,2025-08-27 19:22:03,0.5
bitcoin-up-or-down-august-28-9am-et,DOWN,9338724092615509281376318523880280769765270216791770008700391276125962114831,1756322583,2025-08-27 19:23:03,0.5
bitcoin-up-or-down-august-28-9am-et,DOWN,9338724092615509281376318523880280769765270216791770008700391276125962114831,1756322643,2025-08-27 19:24:03,0.5
bitcoin-up-or-down-august-28-9am-et,DOWN,9338724092615509281376318523880280769765270216791770008700391276125962114831,1756322706,2025-08-27 19:25:06,0.5
bitcoin-up-or-down-august-28-9am-et,DOWN,9338724092615509281376318523880280769765270216791770008700391276125962114831,1756322763,2025-08-27 19:26:03,0.5
bitcoin-up-or-down-august-28-9am-et,DOWN,9338724092615509281376318523880280769765270216791770008700391276125962114831,1756322822,2025-08-27 19:27:02,0.5
bitcoin-up-or-down-august-28-9am-et,DOWN,9338724092615509281376318523880280769765270216791770008700391276125962114831,1756322883,2025-08-27 19:28:03,0.5
bitcoin-up-or-down-august-28-9am-et,DOWN,9338724092615509281376318523880280769765270216791770008700391276125962114831,1756322942,2025-08-27 19:29:02,0.5
bitcoin-up-or-down-august-28-9am-et,DOWN,9338724092615509281376318523880280769765270216791770008700391276125962114831,1756323005,2025-08-27 19:30:05,0.5
bitcoin-up-or-down-august-28-9am-et,DOWN,9338724092615509281376318523880280769765270216791770008700391276125962114831,1756323062,2025-08-27 19:31:02,0.5
bitcoin-up-or-down-august-28-9am-et,DOWN,9338724092615509281376318523880280769765270216791770008700391276125962114831,1756323124,2025-08-27 19:32:04,0.5
bitcoin-up-or-down-august-28-9am-et,DOWN,9338724092615509281376318523880280769765270216791770008700391276125962114831,1756323183,2025-08-27 19:33:03,0.5
bitcoin-up-or-down-august-28-9am-et,DOWN,9338724092615509281376318523880280769765270216791770008700391276125962114831,1756323243,2025-08-27 19:34:03,0.5
bitcoin-up-or-down-august-28-9am-et,DOWN,9338724092615509281376318523880280769765270216791770008700391276125962114831,1756323307,2025-08-27 19:35:07,0.5
bitcoin-up-or-down-august-28-9am-et,DOWN,9338724092615509281376318523880280769765270216791770008700391276125962114831,1756323362,2025-08-27 19:36:02,0.5
bitcoin-up-or-down-august-28-9am-et,DOWN,9338724092615509281376318523880280769765270216791770008700391276125962114831,1756323423,2025-08-27 19:37:03,0.5
bitcoin-up-or-down-august-28-9am-et,DOWN,9338724092615509281376318523880280769765270216791770008700391276125962114831,1756323484,2025-08-27 19:38:04,0.5
bitcoin-up-or-down-august-28-9am-et,DOWN,9338724092615509281376318523880280769765270216791770008700391276125962114831,1756323542,2025-08-27 19:39:02,0.5
bitcoin-up-or-down-august-28-9am-et,DOWN,9338724092615509281376318523880280769765270216791770008700391276125962114831,1756323606,2025-08-27 19:40:06,0.5
bitcoin-up-or-down-august-28-9am-et,DOWN,9338724092615509281376318523880280769765270216791770008700391276125962114831,1756323664,2025-08-27 19:41:04,0.5
bitcoin-up-or-down-august-28-9am-et,DOWN,9338724092615509281376318523880280769765270216791770008700391276125962114831,1756323723,2025-08-27 19:42:03,0.5
bitcoin-up-or-down-august-28-9am-et,DOWN,9338724092615509281376318523880280769765270216791770008700391276125962114831,1756323783,2025-08-27 19:43:03,0.5
bitcoin-up-or-down-august-28-9am-et,DOWN,9338724092615509281376318523880280769765270216791770008700391276125962114831,1756323842,2025-08-27 19:44:02,0.5
bitcoin-up-or-down-august-28-9am-et,DOWN,9338724092615509281376318523880280769765270216791770008700391276125962114831,1756323907,2025-08-27 19:45:07,0.5
bitcoin-up-or-down-august-28-9am-et,DOWN,9338724092615509281376318523880280769765270216791770008700391276125962114831,1756323963,2025-08-27 19:46:03,0.5
bitcoin-up-or-down-august-28-9am-et,DOWN,9338724092615509281376318523880280769765270216791770008700391276125962114831,1756324022,2025-08-27 19:47:02,0.5
bitcoin-up-or-down-august-28-9am-et,DOWN,9338724092615509281376318523880280769765270216791770008700391276125962114831,1756324083,2025-08-27 19:48:03,0.5
bitcoin-up-or-down-august-28-9am-et,DOWN,9338724092615509281376318523880280769765270216791770008700391276125962114831,1756324142,2025-08-27 19:49:02,0.5
bitcoin-up-or-down-august-28-9am-et,DOWN,9338724092615509281376318523880280769765270216791770008700391276125962114831,1756324218,2025-08-27 19:50:18,0.5
bitcoin-up-or-down-august-28-9am-et,DOWN,9338724092615509281376318523880280769765270216791770008700391276125962114831,1756324263,2025-08-27 19:51:03,0.5
bitcoin-up-or-down-august-28-9am-et,DOWN,9338724092615509281376318523880280769765270216791770008700391276125962114831,1756324323,2025-08-27 19:52:03,0.5
bitcoin-up-or-down-august-28-9am-et,DOWN,9338724092615509281376318523880280769765270216791770008700391276125962114831,1756324382,2025-08-27 19:53:02,0.5
bitcoin-up-or-down-august-28-9am-et,DOWN,9338724092615509281376318523880280769765270216791770008700391276125962114831,1756324444,2025-08-27 19:54:04,0.5
bitcoin-up-or-down-august-28-9am-et,DOWN,9338724092615509281376318523880280769765270216791770008700391276125962114831,1756324516,2025-08-27 19:55:16,0.5
bitcoin-up-or-down-august-28-9am-et,DOWN,9338724092615509281376318523880280769765270216791770008700391276125962114831,1756324563,2025-08-27 19:56:03,0.5
bitcoin-up-or-down-august-28-9am-et,DOWN,9338724092615509281376318523880280769765270216791770008700391276125962114831,1756324624,2025-08-27 19:57:04,0.5
bitcoin-up-or-down-august-28-9am-et,DOWN,9338724092615509281376318523880280769765270216791770008700391276125962114831,1756324682,2025-08-27 19:58:02,0.5
bitcoin-up-or-down-august-28-9am-et,DOWN,9338724092615509281376318523880280769765270216791770008700391276125962114831,1756324744,2025-08-27 19:59:04,0.5
bitcoin-up-or-down-august-28-9am-et,DOWN,9338724092615509281376318523880280769765270216791770008700391276125962114831,1756324817,2025-08-27 20:00:17,0.5
bitcoin-up-or-down-august-28-9am-et,DOWN,9338724092615509281376318523880280769765270216791770008700391276125962114831,1756324862,2025-08-27 20:01:02,0.5
bitcoin-up-or-down-august-28-9am-et,DOWN,9338724092615509281376318523880280769765270216791770008700391276125962114831,1756324922,2025-08-27 20:02:02,0.5
bitcoin-up-or-down-august-28-9am-et,DOWN,9338724092615509281376318523880280769765270216791770008700391276125962114831,1756324984,2025-08-27 20:03:04,0.5
bitcoin-up-or-down-august-28-9am-et,DOWN,9338724092615509281376318523880280769765270216791770008700391276125962114831,1756325043,2025-08-27 20:04:03,0.5
bitcoin-up-or-down-august-28-9am-et,DOWN,9338724092615509281376318523880280769765270216791770008700391276125962114831,1756325113,2025-08-27 20:05:13,0.5
bitcoin-up-or-down-august-28-9am-et,DOWN,9338724092615509281376318523880280769765270216791770008700391276125962114831,1756325163,2025-08-27 20:06:03,0.5
bitcoin-up-or-down-august-28-9am-et,DOWN,9338724092615509281376318523880280769765270216791770008700391276125962114831,1756325222,2025-08-27 20:07:02,0.5
bitcoin-up-or-down-august-28-9am-et,DOWN,9338724092615509281376318523880280769765270216791770008700391276125962114831,1756325282,2025-08-27 20:08:02,0.5
bitcoin-up-or-down-august-28-9am-et,DOWN,9338724092615509281376318523880280769765270216791770008700391276125962114831,1756325343,2025-08-27 20:09:03,0.5
bitcoin-up-or-down-august-28-9am-et,DOWN,9338724092615509281376318523880280769765270216791770008700391276125962114831,1756325405,2025-08-27 20:10:05,0.5
bitcoin-up-or-down-august-28-9am-et,DOWN,9338724092615509281376318523880280769765270216791770008700391276125962114831,1756325463,2025-08-27 20:11:03,0.5
bitcoin-up-or-down-august-28-9am-et,DOWN,9338724092615509281376318523880280769765270216791770008700391276125962114831,1756325522,2025-08-27 20:12:02,0.5
bitcoin-up-or-down-august-28-9am-et,DOWN,9338724092615509281376318523880280769765270216791770008700391276125962114831,1756325584,2025-08-27 20:13:04,0.5
bitcoin-up-or-down-august-28-9am-et,DOWN,9338724092615509281376318523880280769765270216791770008700391276125962114831,1756325642,2025-08-27 20:14:02,0.5
bitcoin-up-or-down-august-28-9am-et,DOWN,9338724092615509281376318523880280769765270216791770008700391276125962114831,1756325704,2025-08-27 20:15:04,0.5
bitcoin-up-or-down-august-28-9am-et,DOWN,9338724092615509281376318523880280769765270216791770008700391276125962114831,1756325762,2025-08-27 20:16:02,0.5
bitcoin-up-or-down-august-28-9am-et,DOWN,9338724092615509281376318523880280769765270216791770008700391276125962114831,1756325822,2025-08-27 20:17:02,0.5
bitcoin-up-or-down-august-28-9am-et,DOWN,9338724092615509281376318523880280769765270216791770008700391276125962114831,1756325884,2025-08-27 20:18:04,0.5
bitcoin-up-or-down-august-28-9am-et,DOWN,9338724092615509281376318523880280769765270216791770008700391276125962114831,1756325942,2025-08-27 20:19:02,0.5
bitcoin-up-or-down-august-28-9am-et,DOWN,9338724092615509281376318523880280769765270216791770008700391276125962114831,1756326011,2025-08-27 20:20:11,0.5
bitcoin-up-or-down-august-28-9am-et,DOWN,9338724092615509281376318523880280769765270216791770008700391276125962114831,1756326063,2025-08-27 20:21:03,0.5
bitcoin-up-or-down-august-28-9am-et,DOWN,9338724092615509281376318523880280769765270216791770008700391276125962114831,1756326122,2025-08-27 20:22:02,0.5
bitcoin-up-or-down-august-28-9am-et,DOWN,9338724092615509281376318523880280769765270216791770008700391276125962114831,1756326184,2025-08-27 20:23:04,0.5
bitcoin-up-or-down-august-28-9am-et,DOWN,9338724092615509281376318523880280769765270216791770008700391276125962114831,1756326242,2025-08-27 20:24:02,0.5
bitcoin-up-or-down-august-28-9am-et,DOWN,9338724092615509281376318523880280769765270216791770008700391276125962114831,1756326314,2025-08-27 20:25:14,0.5
bitcoin-up-or-down-august-28-9am-et,DOWN,9338724092615509281376318523880280769765270216791770008700391276125962114831,1756326362,2025-08-27 20:26:02,0.5
bitcoin-up-or-down-august-28-9am-et,DOWN,9338724092615509281376318523880280769765270216791770008700391276125962114831,1756326423,2025-08-27 20:27:03,0.5
bitcoin-up-or-down-august-28-9am-et,DOWN,9338724092615509281376318523880280769765270216791770008700391276125962114831,1756326483,2025-08-27 20:28:03,0.5
bitcoin-up-or-down-august-28-9am-et,DOWN,9338724092615509281376318523880280769765270216791770008700391276125962114831,1756326544,2025-08-27 20:29:04,0.5
bitcoin-up-or-down-august-28-9am-et,DOWN,9338724092615509281376318523880280769765270216791770008700391276125962114831,1756326615,2025-08-27 20:30:15,0.5
bitcoin-up-or-down-august-28-9am-et,DOWN,9338724092615509281376318523880280769765270216791770008700391276125962114831,1756326664,2025-08-27 20:31:04,0.5
bitcoin-up-or-down-august-28-9am-et,DOWN,9338724092615509281376318523880280769765270216791770008700391276125962114831,1756326723,2025-08-27 20:32:03,0.5
bitcoin-up-or-down-august-28-9am-et,DOWN,9338724092615509281376318523880280769765270216791770008700391276125962114831,1756326782,2025-08-27 20:33:02,0.5
bitcoin-up-or-down-august-28-9am-et,DOWN,9338724092615509281376318523880280769765270216791770008700391276125962114831,1756326844,2025-08-27 20:34:04,0.5
bitcoin-up-or-down-august-28-9am-et,DOWN,9338724092615509281376318523880280769765270216791770008700391276125962114831,1756326904,2025-08-27 20:35:04,0.5
bitcoin-up-or-down-august-28-9am-et,DOWN,9338724092615509281376318523880280769765270216791770008700391276125962114831,1756326962,2025-08-27 20:36:02,0.5
bitcoin-up-or-down-august-28-9am-et,DOWN,9338724092615509281376318523880280769765270216791770008700391276125962114831,1756327024,2025-08-27 20:37:04,0.5
bitcoin-up-or-down-august-28-9am-et,DOWN,9338724092615509281376318523880280769765270216791770008700391276125962114831,1756327083,2025-08-27 20:38:03,0.5
bitcoin-up-or-down-august-28-9am-et,DOWN,9338724092615509281376318523880280769765270216791770008700391276125962114831,1756327144,2025-08-27 20:39:04,0.5
bitcoin-up-or-down-august-28-9am-et,DOWN,9338724092615509281376318523880280769765270216791770008700391276125962114831,1756327213,2025-08-27 20:40:13,0.5
bitcoin-up-or-down-august-28-9am-et,DOWN,9338724092615509281376318523880280769765270216791770008700391276125962114831,1756327263,2025-08-27 20:41:03,0.5
bitcoin-up-or-down-august-28-9am-et,DOWN,9338724092615509281376318523880280769765270216791770008700391276125962114831,1756327323,2025-08-27 20:42:03,0.5
bitcoin-up-or-down-august-28-9am-et,DOWN,9338724092615509281376318523880280769765270216791770008700391276125962114831,1756327383,2025-08-27 20:43:03,0.5
bitcoin-up-or-down-august-28-9am-et,DOWN,9338724092615509281376318523880280769765270216791770008700391276125962114831,1756327443,2025-08-27 20:44:03,0.5
bitcoin-up-or-down-august-28-9am-et,DOWN,9338724092615509281376318523880280769765270216791770008700391276125962114831,1756327503,2025-08-27 20:45:03,0.5
bitcoin-up-or-down-august-28-9am-et,DOWN,9338724092615509281376318523880280769765270216791770008700391276125962114831,1756327564,2025-08-27 20:46:04,0.5
bitcoin-up-or-down-august-28-9am-et,DOWN,9338724092615509281376318523880280769765270216791770008700391276125962114831,1756327623,2025-08-27 20:47:03,0.5
bitcoin-up-or-down-august-28-9am-et,DOWN,9338724092615509281376318523880280769765270216791770008700391276125962114831,1756327683,2025-08-27 20:48:03,0.5
bitcoin-up-or-down-august-28-9am-et,DOWN,9338724092615509281376318523880280769765270216791770008700391276125962114831,1756327743,2025-08-27 20:49:03,0.5
bitcoin-up-or-down-august-28-9am-et,DOWN,9338724092615509281376318523880280769765270216791770008700391276125962114831,1756327809,2025-08-27 20:50:09,0.5
bitcoin-up-or-down-august-28-9am-et,DOWN,9338724092615509281376318523880280769765270216791770008700391276125962114831,1756327864,2025-08-27 20:51:04,0.5
bitcoin-up-or-down-august-28-9am-et,DOWN,9338724092615509281376318523880280769765270216791770008700391276125962114831,1756327923,2025-08-27 20:52:03,0.5
bitcoin-up-or-down-august-28-9am-et,DOWN,9338724092615509281376318523880280769765270216791770008700391276125962114831,1756327982,2025-08-27 20:53:02,0.5
bitcoin-up-or-down-august-28-9am-et,DOWN,9338724092615509281376318523880280769765270216791770008700391276125962114831,1756328044,2025-08-27 20:54:04,0.5
bitcoin-up-or-down-august-28-9am-et,DOWN,9338724092615509281376318523880280769765270216791770008700391276125962114831,1756328110,2025-08-27 20:55:10,0.5
bitcoin-up-or-down-august-28-9am-et,DOWN,9338724092615509281376318523880280769765270216791770008700391276125962114831,1756328162,2025-08-27 20:56:02,0.5
bitcoin-up-or-down-august-28-9am-et,DOWN,9338724092615509281376318523880280769765270216791770008700391276125962114831,1756328223,2025-08-27 20:57:03,0.5
bitcoin-up-or-down-august-28-9am-et,DOWN,9338724092615509281376318523880280769765270216791770008700391276125962114831,1756328283,2025-08-27 20:58:03,0.5
bitcoin-up-or-down-august-28-9am-et,DOWN,9338724092615509281376318523880280769765270216791770008700391276125962114831,1756328342,2025-08-27 20:59:02,0.5
bitcoin-up-or-down-august-28-9am-et,DOWN,9338724092615509281376318523880280769765270216791770008700391276125962114831,1756328416,2025-08-27 21:00:16,0.5
bitcoin-up-or-down-august-28-9am-et,DOWN,9338724092615509281376318523880280769765270216791770008700391276125962114831,1756328464,2025-08-27 21:01:04,0.5
bitcoin-up-or-down-august-28-9am-et,DOWN,9338724092615509281376318523880280769765270216791770008700391276125962114831,1756328523,2025-08-27 21:02:03,0.5
bitcoin-up-or-down-august-28-9am-et,DOWN,9338724092615509281376318523880280769765270216791770008700391276125962114831,1756328584,2025-08-27 21:03:04,0.5
bitcoin-up-or-down-august-28-9am-et,DOWN,9338724092615509281376318523880280769765270216791770008700391276125962114831,1756328642,2025-08-27 21:04:02,0.5
bitcoin-up-or-down-august-28-9am-et,DOWN,9338724092615509281376318523880280769765270216791770008700391276125962114831,1756328702,2025-08-27 21:05:02,0.5
bitcoin-up-or-down-august-28-9am-et,DOWN,9338724092615509281376318523880280769765270216791770008700391276125962114831,1756328762,2025-08-27 21:06:02,0.5
bitcoin-up-or-down-august-28-9am-et,DOWN,9338724092615509281376318523880280769765270216791770008700391276125962114831,1756328823,2025-08-27 21:07:03,0.5
bitcoin-up-or-down-august-28-9am-et,DOWN,9338724092615509281376318523880280769765270216791770008700391276125962114831,1756328883,2025-08-27 21:08:03,0.5
bitcoin-up-or-down-august-28-9am-et,DOWN,9338724092615509281376318523880280769765270216791770008700391276125962114831,1756328944,2025-08-27 21:09:04,0.5
bitcoin-up-or-down-august-28-9am-et,DOWN,9338724092615509281376318523880280769765270216791770008700391276125962114831,1756329012,2025-08-27 21:10:12,0.5
bitcoin-up-or-down-august-28-9am-et,DOWN,9338724092615509281376318523880280769765270216791770008700391276125962114831,1756329063,2025-08-27 21:11:03,0.5
bitcoin-up-or-down-august-28-9am-et,DOWN,9338724092615509281376318523880280769765270216791770008700391276125962114831,1756329123,2025-08-27 21:12:03,0.5
bitcoin-up-or-down-august-28-9am-et,DOWN,9338724092615509281376318523880280769765270216791770008700391276125962114831,1756329184,2025-08-27 21:13:04,0.5
bitcoin-up-or-down-august-28-9am-et,DOWN,9338724092615509281376318523880280769765270216791770008700391276125962114831,1756329242,2025-08-27 21:14:02,0.5
bitcoin-up-or-down-august-28-9am-et,DOWN,9338724092615509281376318523880280769765270216791770008700391276125962114831,1756329314,2025-08-27 21:15:14,0.5
bitcoin-up-or-down-august-28-9am-et,DOWN,9338724092615509281376318523880280769765270216791770008700391276125962114831,1756329363,2025-08-27 21:16:03,0.5
bitcoin-up-or-down-august-28-9am-et,DOWN,9338724092615509281376318523880280769765270216791770008700391276125962114831,1756329425,2025-08-27 21:17:05,0.5
bitcoin-up-or-down-august-28-9am-et,DOWN,9338724092615509281376318523880280769765270216791770008700391276125962114831,1756329482,2025-08-27 21:18:02,0.5
bitcoin-up-or-down-august-28-9am-et,DOWN,9338724092615509281376318523880280769765270216791770008700391276125962114831,1756329542,2025-08-27 21:19:02,0.5
bitcoin-up-or-down-august-28-9am-et,DOWN,9338724092615509281376318523880280769765270216791770008700391276125962114831,1756329612,2025-08-27 21:20:12,0.5
bitcoin-up-or-down-august-28-9am-et,DOWN,9338724092615509281376318523880280769765270216791770008700391276125962114831,1756329664,2025-08-27 21:21:04,0.5
bitcoin-up-or-down-august-28-9am-et,DOWN,9338724092615509281376318523880280769765270216791770008700391276125962114831,1756329722,2025-08-27 21:22:02,0.5
bitcoin-up-or-down-august-28-9am-et,DOWN,9338724092615509281376318523880280769765270216791770008700391276125962114831,1756329783,2025-08-27 21:23:03,0.5
bitcoin-up-or-down-august-28-9am-et,DOWN,9338724092615509281376318523880280769765270216791770008700391276125962114831,1756329842,2025-08-27 21:24:02,0.5
bitcoin-up-or-down-august-28-9am-et,DOWN,9338724092615509281376318523880280769765270216791770008700391276125962114831,1756329906,2025-08-27 21:25:06,0.5
bitcoin-up-or-down-august-28-9am-et,DOWN,9338724092615509281376318523880280769765270216791770008700391276125962114831,1756329963,2025-08-27 21:26:03,0.5
bitcoin-up-or-down-august-28-9am-et,DOWN,9338724092615509281376318523880280769765270216791770008700391276125962114831,1756330023,2025-08-27 21:27:03,0.5
bitcoin-up-or-down-august-28-9am-et,DOWN,9338724092615509281376318523880280769765270216791770008700391276125962114831,1756330084,2025-08-27 21:28:04,0.5
bitcoin-up-or-down-august-28-9am-et,DOWN,9338724092615509281376318523880280769765270216791770008700391276125962114831,1756330144,2025-08-27 21:29:04,0.5
bitcoin-up-or-down-august-28-9am-et,DOWN,9338724092615509281376318523880280769765270216791770008700391276125962114831,1756330211,2025-08-27 21:30:11,0.5
bitcoin-up-or-down-august-28-9am-et,DOWN,9338724092615509281376318523880280769765270216791770008700391276125962114831,1756330262,2025-08-27 21:31:02,0.5
bitcoin-up-or-down-august-28-9am-et,DOWN,9338724092615509281376318523880280769765270216791770008700391276125962114831,1756330322,2025-08-27 21:32:02,0.5
bitcoin-up-or-down-august-28-9am-et,DOWN,9338724092615509281376318523880280769765270216791770008700391276125962114831,1756330382,2025-08-27 21:33:02,0.5
bitcoin-up-or-down-august-28-9am-et,DOWN,9338724092615509281376318523880280769765270216791770008700391276125962114831,1756330443,2025-08-27 21:34:03,0.5
bitcoin-up-or-down-august-28-9am-et,DOWN,9338724092615509281376318523880280769765270216791770008700391276125962114831,1756330508,2025-08-27 21:35:08,0.5
bitcoin-up-or-down-august-28-9am-et,DOWN,9338724092615509281376318523880280769765270216791770008700391276125962114831,1756330563,2025-08-27 21:36:03,0.5
bitcoin-up-or-down-august-28-9am-et,DOWN,9338724092615509281376318523880280769765270216791770008700391276125962114831,1756330624,2025-08-27 21:37:04,0.5
bitcoin-up-or-down-august-28-9am-et,DOWN,9338724092615509281376318523880280769765270216791770008700391276125962114831,1756330683,2025-08-27 21:38:03,0.5
bitcoin-up-or-down-august-28-9am-et,DOWN,9338724092615509281376318523880280769765270216791770008700391276125962114831,1756330742,2025-08-27 21:39:02,0.5
bitcoin-up-or-down-august-28-9am-et,DOWN,9338724092615509281376318523880280769765270216791770008700391276125962114831,1756330817,2025-08-27 21:40:17,0.5
bitcoin-up-or-down-august-28-9am-et,DOWN,9338724092615509281376318523880280769765270216791770008700391276125962114831,1756330863,2025-08-27 21:41:03,0.5
bitcoin-up-or-down-august-28-9am-et,DOWN,9338724092615509281376318523880280769765270216791770008700391276125962114831,1756330923,2025-08-27 21:42:03,0.5
bitcoin-up-or-down-august-28-9am-et,DOWN,9338724092615509281376318523880280769765270216791770008700391276125962114831,1756330982,2025-08-27 21:43:02,0.5
bitcoin-up-or-down-august-28-9am-et,DOWN,9338724092615509281376318523880280769765270216791770008700391276125962114831,1756331042,2025-08-27 21:44:02,0.5
bitcoin-up-or-down-august-28-9am-et,DOWN,9338724092615509281376318523880280769765270216791770008700391276125962114831,1756331117,2025-08-27 21:45:17,0.5
bitcoin-up-or-down-august-28-9am-et,DOWN,9338724092615509281376318523880280769765270216791770008700391276125962114831,1756331162,2025-08-27 21:46:02,0.5
bitcoin-up-or-down-august-28-9am-et,DOWN,9338724092615509281376318523880280769765270216791770008700391276125962114831,1756331222,2025-08-27 21:47:02,0.5
bitcoin-up-or-down-august-28-9am-et,DOWN,9338724092615509281376318523880280769765270216791770008700391276125962114831,1756331282,2025-08-27 21:48:02,0.5
bitcoin-up-or-down-august-28-9am-et,DOWN,9338724092615509281376318523880280769765270216791770008700391276125962114831,1756331343,2025-08-27 21:49:03,0.5
bitcoin-up-or-down-august-28-9am-et,DOWN,9338724092615509281376318523880280769765270216791770008700391276125962114831,1756331402,2025-08-27 21:50:02,0.5
bitcoin-up-or-down-august-28-9am-et,DOWN,9338724092615509281376318523880280769765270216791770008700391276125962114831,1756331462,2025-08-27 21:51:02,0.5
bitcoin-up-or-down-august-28-9am-et,DOWN,9338724092615509281376318523880280769765270216791770008700391276125962114831,1756331522,2025-08-27 21:52:02,0.5
bitcoin-up-or-down-august-28-9am-et,DOWN,9338724092615509281376318523880280769765270216791770008700391276125962114831,1756331583,2025-08-27 21:53:03,0.5
bitcoin-up-or-down-august-28-9am-et,DOWN,9338724092615509281376318523880280769765270216791770008700391276125962114831,1756331644,2025-08-27 21:54:04,0.5
bitcoin-up-or-down-august-28-9am-et,DOWN,9338724092615509281376318523880280769765270216791770008700391276125962114831,1756331713,2025-08-27 21:55:13,0.5
bitcoin-up-or-down-august-28-9am-et,DOWN,9338724092615509281376318523880280769765270216791770008700391276125962114831,1756331764,2025-08-27 21:56:04,0.5
bitcoin-up-or-down-august-28-9am-et,DOWN,9338724092615509281376318523880280769765270216791770008700391276125962114831,1756331824,2025-08-27 21:57:04,0.5
bitcoin-up-or-down-august-28-9am-et,DOWN,9338724092615509281376318523880280769765270216791770008700391276125962114831,1756331883,2025-08-27 21:58:03,0.5
bitcoin-up-or-down-august-28-9am-et,DOWN,9338724092615509281376318523880280769765270216791770008700391276125962114831,1756331942,2025-08-27 21:59:02,0.5
bitcoin-up-or-down-august-28-9am-et,DOWN,9338724092615509281376318523880280769765270216791770008700391276125962114831,1756332005,2025-08-27 22:00:05,0.5
bitcoin-up-or-down-august-28-9am-et,DOWN,9338724092615509281376318523880280769765270216791770008700391276125962114831,1756332063,2025-08-27 22:01:03,0.5
bitcoin-up-or-down-august-28-9am-et,DOWN,9338724092615509281376318523880280769765270216791770008700391276125962114831,1756332123,2025-08-27 22:02:03,0.5
bitcoin-up-or-down-august-28-9am-et,DOWN,9338724092615509281376318523880280769765270216791770008700391276125962114831,1756332182,2025-08-27 22:03:02,0.5
bitcoin-up-or-down-august-28-9am-et,DOWN,9338724092615509281376318523880280769765270216791770008700391276125962114831,1756332244,2025-08-27 22:04:04,0.5
bitcoin-up-or-down-august-28-9am-et,DOWN,9338724092615509281376318523880280769765270216791770008700391276125962114831,1756332311,2025-08-27 22:05:11,0.5
bitcoin-up-or-down-august-28-9am-et,DOWN,9338724092615509281376318523880280769765270216791770008700391276125962114831,1756332368,2025-08-27 22:06:08,0.5
bitcoin-up-or-down-august-28-9am-et,DOWN,9338724092615509281376318523880280769765270216791770008700391276125962114831,1756332423,2025-08-27 22:07:03,0.5
bitcoin-up-or-down-august-28-9am-et,DOWN,9338724092615509281376318523880280769765270216791770008700391276125962114831,1756332482,2025-08-27 22:08:02,0.5
bitcoin-up-or-down-august-28-9am-et,DOWN,9338724092615509281376318523880280769765270216791770008700391276125962114831,1756332542,2025-08-27 22:09:02,0.5
bitcoin-up-or-down-august-28-9am-et,DOWN,9338724092615509281376318523880280769765270216791770008700391276125962114831,1756332602,2025-08-27 22:10:02,0.5
bitcoin-up-or-down-august-28-9am-et,DOWN,9338724092615509281376318523880280769765270216791770008700391276125962114831,1756332663,2025-08-27 22:11:03,0.5
bitcoin-up-or-down-august-28-9am-et,DOWN,9338724092615509281376318523880280769765270216791770008700391276125962114831,1756332723,2025-08-27 22:12:03,0.5
bitcoin-up-or-down-august-28-9am-et,DOWN,9338724092615509281376318523880280769765270216791770008700391276125962114831,1756332783,2025-08-27 22:13:03,0.5
bitcoin-up-or-down-august-28-9am-et,DOWN,9338724092615509281376318523880280769765270216791770008700391276125962114831,1756332844,2025-08-27 22:14:04,0.5
bitcoin-up-or-down-august-28-9am-et,DOWN,9338724092615509281376318523880280769765270216791770008700391276125962114831,1756332911,2025-08-27 22:15:11,0.5
bitcoin-up-or-down-august-28-9am-et,DOWN,9338724092615509281376318523880280769765270216791770008700391276125962114831,1756332963,2025-08-27 22:16:03,0.5
bitcoin-up-or-down-august-28-9am-et,DOWN,9338724092615509281376318523880280769765270216791770008700391276125962114831,1756333023,2025-08-27 22:17:03,0.5
bitcoin-up-or-down-august-28-9am-et,DOWN,9338724092615509281376318523880280769765270216791770008700391276125962114831,1756333082,2025-08-27 22:18:02,0.5
bitcoin-up-or-down-august-28-9am-et,DOWN,9338724092615509281376318523880280769765270216791770008700391276125962114831,1756333144,2025-08-27 22:19:04,0.5
bitcoin-up-or-down-august-28-9am-et,DOWN,9338724092615509281376318523880280769765270216791770008700391276125962114831,1756333202,2025-08-27 22:20:02,0.5
bitcoin-up-or-down-august-28-9am-et,DOWN,9338724092615509281376318523880280769765270216791770008700391276125962114831,1756333264,2025-08-27 22:21:04,0.5
bitcoin-up-or-down-august-28-9am-et,DOWN,9338724092615509281376318523880280769765270216791770008700391276125962114831,1756333323,2025-08-27 22:22:03,0.5
bitcoin-up-or-down-august-28-9am-et,DOWN,9338724092615509281376318523880280769765270216791770008700391276125962114831,1756333384,2025-08-27 22:23:04,0.5
bitcoin-up-or-down-august-28-9am-et,DOWN,9338724092615509281376318523880280769765270216791770008700391276125962114831,1756333443,2025-08-27 22:24:03,0.5
bitcoin-up-or-down-august-28-9am-et,DOWN,9338724092615509281376318523880280769765270216791770008700391276125962114831,1756333506,2025-08-27 22:25:06,0.5
bitcoin-up-or-down-august-28-9am-et,DOWN,9338724092615509281376318523880280769765270216791770008700391276125962114831,1756333563,2025-08-27 22:26:03,0.5
bitcoin-up-or-down-august-28-9am-et,DOWN,9338724092615509281376318523880280769765270216791770008700391276125962114831,1756333623,2025-08-27 22:27:03,0.5
bitcoin-up-or-down-august-28-9am-et,DOWN,9338724092615509281376318523880280769765270216791770008700391276125962114831,1756333682,2025-08-27 22:28:02,0.5
bitcoin-up-or-down-august-28-9am-et,DOWN,9338724092615509281376318523880280769765270216791770008700391276125962114831,1756333743,2025-08-27 22:29:03,0.5
bitcoin-up-or-down-august-28-9am-et,DOWN,9338724092615509281376318523880280769765270216791770008700391276125962114831,1756333808,2025-08-27 22:30:08,0.5
bitcoin-up-or-down-august-28-9am-et,DOWN,9338724092615509281376318523880280769765270216791770008700391276125962114831,1756333863,2025-08-27 22:31:03,0.5
bitcoin-up-or-down-august-28-9am-et,DOWN,9338724092615509281376318523880280769765270216791770008700391276125962114831,1756333923,2025-08-27 22:32:03,0.5
bitcoin-up-or-down-august-28-9am-et,DOWN,9338724092615509281376318523880280769765270216791770008700391276125962114831,1756333983,2025-08-27 22:33:03,0.5
bitcoin-up-or-down-august-28-9am-et,DOWN,9338724092615509281376318523880280769765270216791770008700391276125962114831,1756334042,2025-08-27 22:34:02,0.5
bitcoin-up-or-down-august-28-9am-et,DOWN,9338724092615509281376318523880280769765270216791770008700391276125962114831,1756334105,2025-08-27 22:35:05,0.5
bitcoin-up-or-down-august-28-9am-et,DOWN,9338724092615509281376318523880280769765270216791770008700391276125962114831,1756334165,2025-08-27 22:36:05,0.5
bitcoin-up-or-down-august-28-9am-et,DOWN,9338724092615509281376318523880280769765270216791770008700391276125962114831,1756334223,2025-08-27 22:37:03,0.5
bitcoin-up-or-down-august-28-9am-et,DOWN,9338724092615509281376318523880280769765270216791770008700391276125962114831,1756334284,2025-08-27 22:38:04,0.5
bitcoin-up-or-down-august-28-9am-et,DOWN,9338724092615509281376318523880280769765270216791770008700391276125962114831,1756334343,2025-08-27 22:39:03,0.5
bitcoin-up-or-down-august-28-9am-et,DOWN,9338724092615509281376318523880280769765270216791770008700391276125962114831,1756334402,2025-08-27 22:40:02,0.5
bitcoin-up-or-down-august-28-9am-et,DOWN,9338724092615509281376318523880280769765270216791770008700391276125962114831,1756334464,2025-08-27 22:41:04,0.5
bitcoin-up-or-down-august-28-9am-et,DOWN,9338724092615509281376318523880280769765270216791770008700391276125962114831,1756334522,2025-08-27 22:42:02,0.5
bitcoin-up-or-down-august-28-9am-et,DOWN,9338724092615509281376318523880280769765270216791770008700391276125962114831,1756334583,2025-08-27 22:43:03,0.5
bitcoin-up-or-down-august-28-9am-et,DOWN,9338724092615509281376318523880280769765270216791770008700391276125962114831,1756334642,2025-08-27 22:44:02,0.5
bitcoin-up-or-down-august-28-9am-et,DOWN,9338724092615509281376318523880280769765270216791770008700391276125962114831,1756334702,2025-08-27 22:45:02,0.5
bitcoin-up-or-down-august-28-9am-et,DOWN,9338724092615509281376318523880280769765270216791770008700391276125962114831,1756334764,2025-08-27 22:46:04,0.5
bitcoin-up-or-down-august-28-9am-et,DOWN,9338724092615509281376318523880280769765270216791770008700391276125962114831,1756334823,2025-08-27 22:47:03,0.5
bitcoin-up-or-down-august-28-9am-et,DOWN,9338724092615509281376318523880280769765270216791770008700391276125962114831,1756334882,2025-08-27 22:48:02,0.5
bitcoin-up-or-down-august-28-9am-et,DOWN,9338724092615509281376318523880280769765270216791770008700391276125962114831,1756334944,2025-08-27 22:49:04,0.5
bitcoin-up-or-down-august-28-9am-et,DOWN,9338724092615509281376318523880280769765270216791770008700391276125962114831,1756335002,2025-08-27 22:50:02,0.5
bitcoin-up-or-down-august-28-9am-et,DOWN,9338724092615509281376318523880280769765270216791770008700391276125962114831,1756335064,2025-08-27 22:51:04,0.5
bitcoin-up-or-down-august-28-9am-et,DOWN,9338724092615509281376318523880280769765270216791770008700391276125962114831,1756335123,2025-08-27 22:52:03,0.5
bitcoin-up-or-down-august-28-9am-et,DOWN,9338724092615509281376318523880280769765270216791770008700391276125962114831,1756335183,2025-08-27 22:53:03,0.5
bitcoin-up-or-down-august-28-9am-et,DOWN,9338724092615509281376318523880280769765270216791770008700391276125962114831,1756335243,2025-08-27 22:54:03,0.5
bitcoin-up-or-down-august-28-9am-et,DOWN,9338724092615509281376318523880280769765270216791770008700391276125962114831,1756335309,2025-08-27 22:55:09,0.5
bitcoin-up-or-down-august-28-9am-et,DOWN,9338724092615509281376318523880280769765270216791770008700391276125962114831,1756335364,2025-08-27 22:56:04,0.5
bitcoin-up-or-down-august-28-9am-et,DOWN,9338724092615509281376318523880280769765270216791770008700391276125962114831,1756335422,2025-08-27 22:57:02,0.5
bitcoin-up-or-down-august-28-9am-et,DOWN,9338724092615509281376318523880280769765270216791770008700391276125962114831,1756335483,2025-08-27 22:58:03,0.5
bitcoin-up-or-down-august-28-9am-et,DOWN,9338724092615509281376318523880280769765270216791770008700391276125962114831,1756335543,2025-08-27 22:59:03,0.5
bitcoin-up-or-down-august-28-9am-et,DOWN,9338724092615509281376318523880280769765270216791770008700391276125962114831,1756335605,2025-08-27 23:00:05,0.5
bitcoin-up-or-down-august-28-9am-et,DOWN,9338724092615509281376318523880280769765270216791770008700391276125962114831,1756335663,2025-08-27 23:01:03,0.5
bitcoin-up-or-down-august-28-9am-et,DOWN,9338724092615509281376318523880280769765270216791770008700391276125962114831,1756335722,2025-08-27 23:02:02,0.5
bitcoin-up-or-down-august-28-9am-et,DOWN,9338724092615509281376318523880280769765270216791770008700391276125962114831,1756335782,2025-08-27 23:03:02,0.5
bitcoin-up-or-down-august-28-9am-et,DOWN,9338724092615509281376318523880280769765270216791770008700391276125962114831,1756335844,2025-08-27 23:04:04,0.5
bitcoin-up-or-down-august-28-9am-et,DOWN,9338724092615509281376318523880280769765270216791770008700391276125962114831,1756335904,2025-08-27 23:05:04,0.5
bitcoin-up-or-down-august-28-9am-et,DOWN,9338724092615509281376318523880280769765270216791770008700391276125962114831,1756335962,2025-08-27 23:06:02,0.5
bitcoin-up-or-down-august-28-9am-et,DOWN,9338724092615509281376318523880280769765270216791770008700391276125962114831,1756336024,2025-08-27 23:07:04,0.5
bitcoin-up-or-down-august-28-9am-et,DOWN,9338724092615509281376318523880280769765270216791770008700391276125962114831,1756336083,2025-08-27 23:08:03,0.5
bitcoin-up-or-down-august-28-9am-et,DOWN,9338724092615509281376318523880280769765270216791770008700391276125962114831,1756336144,2025-08-27 23:09:04,0.5
bitcoin-up-or-down-august-28-9am-et,DOWN,9338724092615509281376318523880280769765270216791770008700391276125962114831,1756336208,2025-08-27 23:10:08,0.5
bitcoin-up-or-down-august-28-9am-et,DOWN,9338724092615509281376318523880280769765270216791770008700391276125962114831,1756336263,2025-08-27 23:11:03,0.5
bitcoin-up-or-down-august-28-9am-et,DOWN,9338724092615509281376318523880280769765270216791770008700391276125962114831,1756336324,2025-08-27 23:12:04,0.5
bitcoin-up-or-down-august-28-9am-et,DOWN,9338724092615509281376318523880280769765270216791770008700391276125962114831,1756336382,2025-08-27 23:13:02,0.5
bitcoin-up-or-down-august-28-9am-et,DOWN,9338724092615509281376318523880280769765270216791770008700391276125962114831,1756336443,2025-08-27 23:14:03,0.5
bitcoin-up-or-down-august-28-9am-et,DOWN,9338724092615509281376318523880280769765270216791770008700391276125962114831,1756336505,2025-08-27 23:15:05,0.5
bitcoin-up-or-down-august-28-9am-et,DOWN,9338724092615509281376318523880280769765270216791770008700391276125962114831,1756336563,2025-08-27 23:16:03,0.5
bitcoin-up-or-down-august-28-9am-et,DOWN,9338724092615509281376318523880280769765270216791770008700391276125962114831,1756336623,2025-08-27 23:17:03,0.5
bitcoin-up-or-down-august-28-9am-et,DOWN,9338724092615509281376318523880280769765270216791770008700391276125962114831,1756336682,2025-08-27 23:18:02,0.5
bitcoin-up-or-down-august-28-9am-et,DOWN,9338724092615509281376318523880280769765270216791770008700391276125962114831,1756336742,2025-08-27 23:19:02,0.5
bitcoin-up-or-down-august-28-9am-et,DOWN,9338724092615509281376318523880280769765270216791770008700391276125962114831,1756336817,2025-08-27 23:20:17,0.5
bitcoin-up-or-down-august-28-9am-et,DOWN,9338724092615509281376318523880280769765270216791770008700391276125962114831,1756336863,2025-08-27 23:21:03,0.5
bitcoin-up-or-down-august-28-9am-et,DOWN,9338724092615509281376318523880280769765270216791770008700391276125962114831,1756336922,2025-08-27 23:22:02,0.5
bitcoin-up-or-down-august-28-9am-et,DOWN,9338724092615509281376318523880280769765270216791770008700391276125962114831,1756336982,2025-08-27 23:23:02,0.5
bitcoin-up-or-down-august-28-9am-et,DOWN,9338724092615509281376318523880280769765270216791770008700391276125962114831,1756337042,2025-08-27 23:24:02,0.5
bitcoin-up-or-down-august-28-9am-et,DOWN,9338724092615509281376318523880280769765270216791770008700391276125962114831,1756337104,2025-08-27 23:25:04,0.5
bitcoin-up-or-down-august-28-9am-et,DOWN,9338724092615509281376318523880280769765270216791770008700391276125962114831,1756337164,2025-08-27 23:26:04,0.5
bitcoin-up-or-down-august-28-9am-et,DOWN,9338724092615509281376318523880280769765270216791770008700391276125962114831,1756337222,2025-08-27 23:27:02,0.5
bitcoin-up-or-down-august-28-9am-et,DOWN,9338724092615509281376318523880280769765270216791770008700391276125962114831,1756337284,2025-08-27 23:28:04,0.5
bitcoin-up-or-down-august-28-9am-et,DOWN,9338724092615509281376318523880280769765270216791770008700391276125962114831,1756337342,2025-08-27 23:29:02,0.5
bitcoin-up-or-down-august-28-9am-et,DOWN,9338724092615509281376318523880280769765270216791770008700391276125962114831,1756337414,2025-08-27 23:30:14,0.5
bitcoin-up-or-down-august-28-9am-et,DOWN,9338724092615509281376318523880280769765270216791770008700391276125962114831,1756337463,2025-08-27 23:31:03,0.5
bitcoin-up-or-down-august-28-9am-et,DOWN,9338724092615509281376318523880280769765270216791770008700391276125962114831,1756337522,2025-08-27 23:32:02,0.5
bitcoin-up-or-down-august-28-9am-et,DOWN,9338724092615509281376318523880280769765270216791770008700391276125962114831,1756337584,2025-08-27 23:33:04,0.5
bitcoin-up-or-down-august-28-9am-et,DOWN,9338724092615509281376318523880280769765270216791770008700391276125962114831,1756337642,2025-08-27 23:34:02,0.5
bitcoin-up-or-down-august-28-9am-et,DOWN,9338724092615509281376318523880280769765270216791770008700391276125962114831,1756337713,2025-08-27 23:35:13,0.5
bitcoin-up-or-down-august-28-9am-et,DOWN,9338724092615509281376318523880280769765270216791770008700391276125962114831,1756337762,2025-08-27 23:36:02,0.5
bitcoin-up-or-down-august-28-9am-et,DOWN,9338724092615509281376318523880280769765270216791770008700391276125962114831,1756337822,2025-08-27 23:37:02,0.5
bitcoin-up-or-down-august-28-9am-et,DOWN,9338724092615509281376318523880280769765270216791770008700391276125962114831,1756337883,2025-08-27 23:38:03,0.5
bitcoin-up-or-down-august-28-9am-et,DOWN,9338724092615509281376318523880280769765270216791770008700391276125962114831,1756337943,2025-08-27 23:39:03,0.5
bitcoin-up-or-down-august-28-9am-et,DOWN,9338724092615509281376318523880280769765270216791770008700391276125962114831,1756338004,2025-08-27 23:40:04,0.5
bitcoin-up-or-down-august-28-9am-et,DOWN,9338724092615509281376318523880280769765270216791770008700391276125962114831,1756338063,2025-08-27 23:41:03,0.5
bitcoin-up-or-down-august-28-9am-et,DOWN,9338724092615509281376318523880280769765270216791770008700391276125962114831,1756338123,2025-08-27 23:42:03,0.5
bitcoin-up-or-down-august-28-9am-et,DOWN,9338724092615509281376318523880280769765270216791770008700391276125962114831,1756338182,2025-08-27 23:43:02,0.5
bitcoin-up-or-down-august-28-9am-et,DOWN,9338724092615509281376318523880280769765270216791770008700391276125962114831,1756338242,2025-08-27 23:44:02,0.5
bitcoin-up-or-down-august-28-9am-et,DOWN,9338724092615509281376318523880280769765270216791770008700391276125962114831,1756338310,2025-08-27 23:45:10,0.5
bitcoin-up-or-down-august-28-9am-et,DOWN,9338724092615509281376318523880280769765270216791770008700391276125962114831,1756338363,2025-08-27 23:46:03,0.5
bitcoin-up-or-down-august-28-9am-et,DOWN,9338724092615509281376318523880280769765270216791770008700391276125962114831,1756338423,2025-08-27 23:47:03,0.5
bitcoin-up-or-down-august-28-9am-et,DOWN,9338724092615509281376318523880280769765270216791770008700391276125962114831,1756338483,2025-08-27 23:48:03,0.5
bitcoin-up-or-down-august-28-9am-et,DOWN,9338724092615509281376318523880280769765270216791770008700391276125962114831,1756338542,2025-08-27 23:49:02,0.5
bitcoin-up-or-down-august-28-9am-et,DOWN,9338724092615509281376318523880280769765270216791770008700391276125962114831,1756338602,2025-08-27 23:50:02,0.5
bitcoin-up-or-down-august-28-9am-et,DOWN,9338724092615509281376318523880280769765270216791770008700391276125962114831,1756338663,2025-08-27 23:51:03,0.5
bitcoin-up-or-down-august-28-9am-et,DOWN,9338724092615509281376318523880280769765270216791770008700391276125962114831,1756338722,2025-08-27 23:52:02,0.5
bitcoin-up-or-down-august-28-9am-et,DOWN,9338724092615509281376318523880280769765270216791770008700391276125962114831,1756338782,2025-08-27 23:53:02,0.5
bitcoin-up-or-down-august-28-9am-et,DOWN,9338724092615509281376318523880280769765270216791770008700391276125962114831,1756338842,2025-08-27 23:54:02,0.5
bitcoin-up-or-down-august-28-9am-et,DOWN,9338724092615509281376318523880280769765270216791770008700391276125962114831,1756338904,2025-08-27 23:55:04,0.5
bitcoin-up-or-down-august-28-9am-et,DOWN,9338724092615509281376318523880280769765270216791770008700391276125962114831,1756338964,2025-08-27 23:56:04,0.5
bitcoin-up-or-down-august-28-9am-et,DOWN,9338724092615509281376318523880280769765270216791770008700391276125962114831,1756339023,2025-08-27 23:57:03,0.5
bitcoin-up-or-down-august-28-9am-et,DOWN,9338724092615509281376318523880280769765270216791770008700391276125962114831,1756339082,2025-08-27 23:58:02,0.5
bitcoin-up-or-down-august-28-9am-et,DOWN,9338724092615509281376318523880280769765270216791770008700391276125962114831,1756339143,2025-08-27 23:59:03,0.5
bitcoin-up-or-down-august-28-9am-et,DOWN,9338724092615509281376318523880280769765270216791770008700391276125962114831,1756339209,2025-08-28 00:00:09,0.5
bitcoin-up-or-down-august-28-9am-et,DOWN,9338724092615509281376318523880280769765270216791770008700391276125962114831,1756339263,2025-08-28 00:01:03,0.5
bitcoin-up-or-down-august-28-9am-et,DOWN,9338724092615509281376318523880280769765270216791770008700391276125962114831,1756339322,2025-08-28 00:02:02,0.5
bitcoin-up-or-down-august-28-9am-et,DOWN,9338724092615509281376318523880280769765270216791770008700391276125962114831,1756339383,2025-08-28 00:03:03,0.5
bitcoin-up-or-down-august-28-9am-et,DOWN,9338724092615509281376318523880280769765270216791770008700391276125962114831,1756339442,2025-08-28 00:04:02,0.5
bitcoin-up-or-down-august-28-9am-et,DOWN,9338724092615509281376318523880280769765270216791770008700391276125962114831,1756339503,2025-08-28 00:05:03,0.5
bitcoin-up-or-down-august-28-9am-et,DOWN,9338724092615509281376318523880280769765270216791770008700391276125962114831,1756339562,2025-08-28 00:06:02,0.5
bitcoin-up-or-down-august-28-9am-et,DOWN,9338724092615509281376318523880280769765270216791770008700391276125962114831,1756339623,2025-08-28 00:07:03,0.5
bitcoin-up-or-down-august-28-9am-et,DOWN,9338724092615509281376318523880280769765270216791770008700391276125962114831,1756339682,2025-08-28 00:08:02,0.5
bitcoin-up-or-down-august-28-9am-et,DOWN,9338724092615509281376318523880280769765270216791770008700391276125962114831,1756339742,2025-08-28 00:09:02,0.5
bitcoin-up-or-down-august-28-9am-et,DOWN,9338724092615509281376318523880280769765270216791770008700391276125962114831,1756339804,2025-08-28 00:10:04,0.5
bitcoin-up-or-down-august-28-9am-et,DOWN,9338724092615509281376318523880280769765270216791770008700391276125962114831,1756339862,2025-08-28 00:11:02,0.5
bitcoin-up-or-down-august-28-9am-et,DOWN,9338724092615509281376318523880280769765270216791770008700391276125962114831,1756339924,2025-08-28 00:12:04,0.5
bitcoin-up-or-down-august-28-9am-et,DOWN,9338724092615509281376318523880280769765270216791770008700391276125962114831,1756339984,2025-08-28 00:13:04,0.5
bitcoin-up-or-down-august-28-9am-et,DOWN,9338724092615509281376318523880280769765270216791770008700391276125962114831,1756340042,2025-08-28 00:14:02,0.5
bitcoin-up-or-down-august-28-9am-et,DOWN,9338724092615509281376318523880280769765270216791770008700391276125962114831,1756340103,2025-08-28 00:15:03,0.5
bitcoin-up-or-down-august-28-9am-et,DOWN,9338724092615509281376318523880280769765270216791770008700391276125962114831,1756340162,2025-08-28 00:16:02,0.5
bitcoin-up-or-down-august-28-9am-et,DOWN,9338724092615509281376318523880280769765270216791770008700391276125962114831,1756340223,2025-08-28 00:17:03,0.5
bitcoin-up-or-down-august-28-9am-et,DOWN,9338724092615509281376318523880280769765270216791770008700391276125962114831,1756340282,2025-08-28 00:18:02,0.5
bitcoin-up-or-down-august-28-9am-et,DOWN,9338724092615509281376318523880280769765270216791770008700391276125962114831,1756340343,2025-08-28 00:19:03,0.5
bitcoin-up-or-down-august-28-9am-et,DOWN,9338724092615509281376318523880280769765270216791770008700391276125962114831,1756340402,2025-08-28 00:20:02,0.5
bitcoin-up-or-down-august-28-9am-et,DOWN,9338724092615509281376318523880280769765270216791770008700391276125962114831,1756340462,2025-08-28 00:21:02,0.5
bitcoin-up-or-down-august-28-9am-et,DOWN,9338724092615509281376318523880280769765270216791770008700391276125962114831,1756340523,2025-08-28 00:22:03,0.5
bitcoin-up-or-down-august-28-9am-et,DOWN,9338724092615509281376318523880280769765270216791770008700391276125962114831,1756340583,2025-08-28 00:23:03,0.5
bitcoin-up-or-down-august-28-9am-et,DOWN,9338724092615509281376318523880280769765270216791770008700391276125962114831,1756340643,2025-08-28 00:24:03,0.5
bitcoin-up-or-down-august-28-9am-et,DOWN,9338724092615509281376318523880280769765270216791770008700391276125962114831,1756340702,2025-08-28 00:25:02,0.5
bitcoin-up-or-down-august-28-9am-et,DOWN,9338724092615509281376318523880280769765270216791770008700391276125962114831,1756340763,2025-08-28 00:26:03,0.5
bitcoin-up-or-down-august-28-9am-et,DOWN,9338724092615509281376318523880280769765270216791770008700391276125962114831,1756340822,2025-08-28 00:27:02,0.5
bitcoin-up-or-down-august-28-9am-et,DOWN,9338724092615509281376318523880280769765270216791770008700391276125962114831,1756340883,2025-08-28 00:28:03,0.5
bitcoin-up-or-down-august-28-9am-et,DOWN,9338724092615509281376318523880280769765270216791770008700391276125962114831,1756340943,2025-08-28 00:29:03,0.5
bitcoin-up-or-down-august-28-9am-et,DOWN,9338724092615509281376318523880280769765270216791770008700391276125962114831,1756341004,2025-08-28 00:30:04,0.5
bitcoin-up-or-down-august-28-9am-et,DOWN,9338724092615509281376318523880280769765270216791770008700391276125962114831,1756341062,2025-08-28 00:31:02,0.5
bitcoin-up-or-down-august-28-9am-et,DOWN,9338724092615509281376318523880280769765270216791770008700391276125962114831,1756341123,2025-08-28 00:32:03,0.5
bitcoin-up-or-down-august-28-9am-et,DOWN,9338724092615509281376318523880280769765270216791770008700391276125962114831,1756341183,2025-08-28 00:33:03,0.5
bitcoin-up-or-down-august-28-9am-et,DOWN,9338724092615509281376318523880280769765270216791770008700391276125962114831,1756341243,2025-08-28 00:34:03,0.5
bitcoin-up-or-down-august-28-9am-et,DOWN,9338724092615509281376318523880280769765270216791770008700391276125962114831,1756341303,2025-08-28 00:35:03,0.5
bitcoin-up-or-down-august-28-9am-et,DOWN,9338724092615509281376318523880280769765270216791770008700391276125962114831,1756341364,2025-08-28 00:36:04,0.5
bitcoin-up-or-down-august-28-9am-et,DOWN,9338724092615509281376318523880280769765270216791770008700391276125962114831,1756341423,2025-08-28 00:37:03,0.5
bitcoin-up-or-down-august-28-9am-et,DOWN,9338724092615509281376318523880280769765270216791770008700391276125962114831,1756341482,2025-08-28 00:38:02,0.5
bitcoin-up-or-down-august-28-9am-et,DOWN,9338724092615509281376318523880280769765270216791770008700391276125962114831,1756341542,2025-08-28 00:39:02,0.5
bitcoin-up-or-down-august-28-9am-et,DOWN,9338724092615509281376318523880280769765270216791770008700391276125962114831,1756341605,2025-08-28 00:40:05,0.5
bitcoin-up-or-down-august-28-9am-et,DOWN,9338724092615509281376318523880280769765270216791770008700391276125962114831,1756341664,2025-08-28 00:41:04,0.5
bitcoin-up-or-down-august-28-9am-et,DOWN,9338724092615509281376318523880280769765270216791770008700391276125962114831,1756341723,2025-08-28 00:42:03,0.5
bitcoin-up-or-down-august-28-9am-et,DOWN,9338724092615509281376318523880280769765270216791770008700391276125962114831,1756341783,2025-08-28 00:43:03,0.5
bitcoin-up-or-down-august-28-9am-et,DOWN,9338724092615509281376318523880280769765270216791770008700391276125962114831,1756341842,2025-08-28 00:44:02,0.5
bitcoin-up-or-down-august-28-9am-et,DOWN,9338724092615509281376318523880280769765270216791770008700391276125962114831,1756341904,2025-08-28 00:45:04,0.5
bitcoin-up-or-down-august-28-9am-et,DOWN,9338724092615509281376318523880280769765270216791770008700391276125962114831,1756341963,2025-08-28 00:46:03,0.5
bitcoin-up-or-down-august-28-9am-et,DOWN,9338724092615509281376318523880280769765270216791770008700391276125962114831,1756342023,2025-08-28 00:47:03,0.5
bitcoin-up-or-down-august-28-9am-et,DOWN,9338724092615509281376318523880280769765270216791770008700391276125962114831,1756342083,2025-08-28 00:48:03,0.5
bitcoin-up-or-down-august-28-9am-et,DOWN,9338724092615509281376318523880280769765270216791770008700391276125962114831,1756342142,2025-08-28 00:49:02,0.5
bitcoin-up-or-down-august-28-9am-et,DOWN,9338724092615509281376318523880280769765270216791770008700391276125962114831,1756342203,2025-08-28 00:50:03,0.5
bitcoin-up-or-down-august-28-9am-et,DOWN,9338724092615509281376318523880280769765270216791770008700391276125962114831,1756342265,2025-08-28 00:51:05,0.5
bitcoin-up-or-down-august-28-9am-et,DOWN,9338724092615509281376318523880280769765270216791770008700391276125962114831,1756342322,2025-08-28 00:52:02,0.5
bitcoin-up-or-down-august-28-9am-et,DOWN,9338724092615509281376318523880280769765270216791770008700391276125962114831,1756342382,2025-08-28 00:53:02,0.5
bitcoin-up-or-down-august-28-9am-et,DOWN,9338724092615509281376318523880280769765270216791770008700391276125962114831,1756342442,2025-08-28 00:54:02,0.5
bitcoin-up-or-down-august-28-9am-et,DOWN,9338724092615509281376318523880280769765270216791770008700391276125962114831,1756342503,2025-08-28 00:55:03,0.5
bitcoin-up-or-down-august-28-9am-et,DOWN,9338724092615509281376318523880280769765270216791770008700391276125962114831,1756342565,2025-08-28 00:56:05,0.5
bitcoin-up-or-down-august-28-9am-et,DOWN,9338724092615509281376318523880280769765270216791770008700391276125962114831,1756342623,2025-08-28 00:57:03,0.5
bitcoin-up-or-down-august-28-9am-et,DOWN,9338724092615509281376318523880280769765270216791770008700391276125962114831,1756342683,2025-08-28 00:58:03,0.5
bitcoin-up-or-down-august-28-9am-et,DOWN,9338724092615509281376318523880280769765270216791770008700391276125962114831,1756342743,2025-08-28 00:59:03,0.5
bitcoin-up-or-down-august-28-9am-et,DOWN,9338724092615509281376318523880280769765270216791770008700391276125962114831,1756342803,2025-08-28 01:00:03,0.5
bitcoin-up-or-down-august-28-9am-et,DOWN,9338724092615509281376318523880280769765270216791770008700391276125962114831,1756342863,2025-08-28 01:01:03,0.5
bitcoin-up-or-down-august-28-9am-et,DOWN,9338724092615509281376318523880280769765270216791770008700391276125962114831,1756342922,2025-08-28 01:02:02,0.5
bitcoin-up-or-down-august-28-9am-et,DOWN,9338724092615509281376318523880280769765270216791770008700391276125962114831,1756342983,2025-08-28 01:03:03,0.5
bitcoin-up-or-down-august-28-9am-et,DOWN,9338724092615509281376318523880280769765270216791770008700391276125962114831,1756343043,2025-08-28 01:04:03,0.5
bitcoin-up-or-down-august-28-9am-et,DOWN,9338724092615509281376318523880280769765270216791770008700391276125962114831,1756343108,2025-08-28 01:05:08,0.5
bitcoin-up-or-down-august-28-9am-et,DOWN,9338724092615509281376318523880280769765270216791770008700391276125962114831,1756343162,2025-08-28 01:06:02,0.5
bitcoin-up-or-down-august-28-9am-et,DOWN,9338724092615509281376318523880280769765270216791770008700391276125962114831,1756343223,2025-08-28 01:07:03,0.5
bitcoin-up-or-down-august-28-9am-et,DOWN,9338724092615509281376318523880280769765270216791770008700391276125962114831,1756343282,2025-08-28 01:08:02,0.5
bitcoin-up-or-down-august-28-9am-et,DOWN,9338724092615509281376318523880280769765270216791770008700391276125962114831,1756343344,2025-08-28 01:09:04,0.5
bitcoin-up-or-down-august-28-9am-et,DOWN,9338724092615509281376318523880280769765270216791770008700391276125962114831,1756343406,2025-08-28 01:10:06,0.5
bitcoin-up-or-down-august-28-9am-et,DOWN,9338724092615509281376318523880280769765270216791770008700391276125962114831,1756343463,2025-08-28 01:11:03,0.5
bitcoin-up-or-down-august-28-9am-et,DOWN,9338724092615509281376318523880280769765270216791770008700391276125962114831,1756343523,2025-08-28 01:12:03,0.5
bitcoin-up-or-down-august-28-9am-et,DOWN,9338724092615509281376318523880280769765270216791770008700391276125962114831,1756343582,2025-08-28 01:13:02,0.5
bitcoin-up-or-down-august-28-9am-et,DOWN,9338724092615509281376318523880280769765270216791770008700391276125962114831,1756343642,2025-08-28 01:14:02,0.5
bitcoin-up-or-down-august-28-9am-et,DOWN,9338724092615509281376318523880280769765270216791770008700391276125962114831,1756343707,2025-08-28 01:15:07,0.5
bitcoin-up-or-down-august-28-9am-et,DOWN,9338724092615509281376318523880280769765270216791770008700391276125962114831,1756343763,2025-08-28 01:16:03,0.5
bitcoin-up-or-down-august-28-9am-et,DOWN,9338724092615509281376318523880280769765270216791770008700391276125962114831,1756343822,2025-08-28 01:17:02,0.5
bitcoin-up-or-down-august-28-9am-et,DOWN,9338724092615509281376318523880280769765270216791770008700391276125962114831,1756343882,2025-08-28 01:18:02,0.5
bitcoin-up-or-down-august-28-9am-et,DOWN,9338724092615509281376318523880280769765270216791770008700391276125962114831,1756343942,2025-08-28 01:19:02,0.5
bitcoin-up-or-down-august-28-9am-et,DOWN,9338724092615509281376318523880280769765270216791770008700391276125962114831,1756344004,2025-08-28 01:20:04,0.5
bitcoin-up-or-down-august-28-9am-et,DOWN,9338724092615509281376318523880280769765270216791770008700391276125962114831,1756344062,2025-08-28 01:21:02,0.5
bitcoin-up-or-down-august-28-9am-et,DOWN,9338724092615509281376318523880280769765270216791770008700391276125962114831,1756344122,2025-08-28 01:22:02,0.5
bitcoin-up-or-down-august-28-9am-et,DOWN,9338724092615509281376318523880280769765270216791770008700391276125962114831,1756344182,2025-08-28 01:23:02,0.5
bitcoin-up-or-down-august-28-9am-et,DOWN,9338724092615509281376318523880280769765270216791770008700391276125962114831,1756344242,2025-08-28 01:24:02,0.5
bitcoin-up-or-down-august-28-9am-et,DOWN,9338724092615509281376318523880280769765270216791770008700391276125962114831,1756344305,2025-08-28 01:25:05,0.5
bitcoin-up-or-down-august-28-9am-et,DOWN,9338724092615509281376318523880280769765270216791770008700391276125962114831,1756344363,2025-08-28 01:26:03,0.5
bitcoin-up-or-down-august-28-9am-et,DOWN,9338724092615509281376318523880280769765270216791770008700391276125962114831,1756344423,2025-08-28 01:27:03,0.5
bitcoin-up-or-down-august-28-9am-et,DOWN,9338724092615509281376318523880280769765270216791770008700391276125962114831,1756344483,2025-08-28 01:28:03,0.5
bitcoin-up-or-down-august-28-9am-et,DOWN,9338724092615509281376318523880280769765270216791770008700391276125962114831,1756344544,2025-08-28 01:29:04,0.5
bitcoin-up-or-down-august-28-9am-et,DOWN,9338724092615509281376318523880280769765270216791770008700391276125962114831,1756344608,2025-08-28 01:30:08,0.5
bitcoin-up-or-down-august-28-9am-et,DOWN,9338724092615509281376318523880280769765270216791770008700391276125962114831,1756344662,2025-08-28 01:31:02,0.5
bitcoin-up-or-down-august-28-9am-et,DOWN,9338724092615509281376318523880280769765270216791770008700391276125962114831,1756344723,2025-08-28 01:32:03,0.5
bitcoin-up-or-down-august-28-9am-et,DOWN,9338724092615509281376318523880280769765270216791770008700391276125962114831,1756344782,2025-08-28 01:33:02,0.5
bitcoin-up-or-down-august-28-9am-et,DOWN,9338724092615509281376318523880280769765270216791770008700391276125962114831,1756344843,2025-08-28 01:34:03,0.5
bitcoin-up-or-down-august-28-9am-et,DOWN,9338724092615509281376318523880280769765270216791770008700391276125962114831,1756344904,2025-08-28 01:35:04,0.5
bitcoin-up-or-down-august-28-9am-et,DOWN,9338724092615509281376318523880280769765270216791770008700391276125962114831,1756344964,2025-08-28 01:36:04,0.5
bitcoin-up-or-down-august-28-9am-et,DOWN,9338724092615509281376318523880280769765270216791770008700391276125962114831,1756345024,2025-08-28 01:37:04,0.5
bitcoin-up-or-down-august-28-9am-et,DOWN,9338724092615509281376318523880280769765270216791770008700391276125962114831,1756345083,2025-08-28 01:38:03,0.5
bitcoin-up-or-down-august-28-9am-et,DOWN,9338724092615509281376318523880280769765270216791770008700391276125962114831,1756345143,2025-08-28 01:39:03,0.5
bitcoin-up-or-down-august-28-9am-et,DOWN,9338724092615509281376318523880280769765270216791770008700391276125962114831,1756345206,2025-08-28 01:40:06,0.5
bitcoin-up-or-down-august-28-9am-et,DOWN,9338724092615509281376318523880280769765270216791770008700391276125962114831,1756345262,2025-08-28 01:41:02,0.5
bitcoin-up-or-down-august-28-9am-et,DOWN,9338724092615509281376318523880280769765270216791770008700391276125962114831,1756345323,2025-08-28 01:42:03,0.5
bitcoin-up-or-down-august-28-9am-et,DOWN,9338724092615509281376318523880280769765270216791770008700391276125962114831,1756345383,2025-08-28 01:43:03,0.5
bitcoin-up-or-down-august-28-9am-et,DOWN,9338724092615509281376318523880280769765270216791770008700391276125962114831,1756345443,2025-08-28 01:44:03,0.5
bitcoin-up-or-down-august-28-9am-et,DOWN,9338724092615509281376318523880280769765270216791770008700391276125962114831,1756345507,2025-08-28 01:45:07,0.5
bitcoin-up-or-down-august-28-9am-et,DOWN,9338724092615509281376318523880280769765270216791770008700391276125962114831,1756345563,2025-08-28 01:46:03,0.5
bitcoin-up-or-down-august-28-9am-et,DOWN,9338724092615509281376318523880280769765270216791770008700391276125962114831,1756345623,2025-08-28 01:47:03,0.5
bitcoin-up-or-down-august-28-9am-et,DOWN,9338724092615509281376318523880280769765270216791770008700391276125962114831,1756345683,2025-08-28 01:48:03,0.5
bitcoin-up-or-down-august-28-9am-et,DOWN,9338724092615509281376318523880280769765270216791770008700391276125962114831,1756345743,2025-08-28 01:49:03,0.5
bitcoin-up-or-down-august-28-9am-et,DOWN,9338724092615509281376318523880280769765270216791770008700391276125962114831,1756345803,2025-08-28 01:50:03,0.5
bitcoin-up-or-down-august-28-9am-et,DOWN,9338724092615509281376318523880280769765270216791770008700391276125962114831,1756345862,2025-08-28 01:51:02,0.5
bitcoin-up-or-down-august-28-9am-et,DOWN,9338724092615509281376318523880280769765270216791770008700391276125962114831,1756345924,2025-08-28 01:52:04,0.5
bitcoin-up-or-down-august-28-9am-et,DOWN,9338724092615509281376318523880280769765270216791770008700391276125962114831,1756345982,2025-08-28 01:53:02,0.5
bitcoin-up-or-down-august-28-9am-et,DOWN,9338724092615509281376318523880280769765270216791770008700391276125962114831,1756346043,2025-08-28 01:54:03,0.5
bitcoin-up-or-down-august-28-9am-et,DOWN,9338724092615509281376318523880280769765270216791770008700391276125962114831,1756346105,2025-08-28 01:55:05,0.5
bitcoin-up-or-down-august-28-9am-et,DOWN,9338724092615509281376318523880280769765270216791770008700391276125962114831,1756346163,2025-08-28 01:56:03,0.5
bitcoin-up-or-down-august-28-9am-et,DOWN,9338724092615509281376318523880280769765270216791770008700391276125962114831,1756346222,2025-08-28 01:57:02,0.5
bitcoin-up-or-down-august-28-9am-et,DOWN,9338724092615509281376318523880280769765270216791770008700391276125962114831,1756346282,2025-08-28 01:58:02,0.5
bitcoin-up-or-down-august-28-9am-et,DOWN,9338724092615509281376318523880280769765270216791770008700391276125962114831,1756346342,2025-08-28 01:59:02,0.5
bitcoin-up-or-down-august-28-9am-et,DOWN,9338724092615509281376318523880280769765270216791770008700391276125962114831,1756346404,2025-08-28 02:00:04,0.5
bitcoin-up-or-down-august-28-9am-et,DOWN,9338724092615509281376318523880280769765270216791770008700391276125962114831,1756346462,2025-08-28 02:01:02,0.5
bitcoin-up-or-down-august-28-9am-et,DOWN,9338724092615509281376318523880280769765270216791770008700391276125962114831,1756346522,2025-08-28 02:02:02,0.5
bitcoin-up-or-down-august-28-9am-et,DOWN,9338724092615509281376318523880280769765270216791770008700391276125962114831,1756346582,2025-08-28 02:03:02,0.5
bitcoin-up-or-down-august-28-9am-et,DOWN,9338724092615509281376318523880280769765270216791770008700391276125962114831,1756346642,2025-08-28 02:04:02,0.5
bitcoin-up-or-down-august-28-9am-et,DOWN,9338724092615509281376318523880280769765270216791770008700391276125962114831,1756346709,2025-08-28 02:05:09,0.5
bitcoin-up-or-down-august-28-9am-et,DOWN,9338724092615509281376318523880280769765270216791770008700391276125962114831,1756346763,2025-08-28 02:06:03,0.5
bitcoin-up-or-down-august-28-9am-et,DOWN,9338724092615509281376318523880280769765270216791770008700391276125962114831,1756346823,2025-08-28 02:07:03,0.5
bitcoin-up-or-down-august-28-9am-et,DOWN,9338724092615509281376318523880280769765270216791770008700391276125962114831,1756346883,2025-08-28 02:08:03,0.5
bitcoin-up-or-down-august-28-9am-et,DOWN,9338724092615509281376318523880280769765270216791770008700391276125962114831,1756346942,2025-08-28 02:09:02,0.5
bitcoin-up-or-down-august-28-9am-et,DOWN,9338724092615509281376318523880280769765270216791770008700391276125962114831,1756347012,2025-08-28 02:10:12,0.5
bitcoin-up-or-down-august-28-9am-et,DOWN,9338724092615509281376318523880280769765270216791770008700391276125962114831,1756347063,2025-08-28 02:11:03,0.5
bitcoin-up-or-down-august-28-9am-et,DOWN,9338724092615509281376318523880280769765270216791770008700391276125962114831,1756347123,2025-08-28 02:12:03,0.5
bitcoin-up-or-down-august-28-9am-et,DOWN,9338724092615509281376318523880280769765270216791770008700391276125962114831,1756347182,2025-08-28 02:13:02,0.5
bitcoin-up-or-down-august-28-9am-et,DOWN,9338724092615509281376318523880280769765270216791770008700391276125962114831,1756347243,2025-08-28 02:14:03,0.5
bitcoin-up-or-down-august-28-9am-et,DOWN,9338724092615509281376318523880280769765270216791770008700391276125962114831,1756347306,2025-08-28 02:15:06,0.5
bitcoin-up-or-down-august-28-9am-et,DOWN,9338724092615509281376318523880280769765270216791770008700391276125962114831,1756347364,2025-08-28 02:16:04,0.5
bitcoin-up-or-down-august-28-9am-et,DOWN,9338724092615509281376318523880280769765270216791770008700391276125962114831,1756347422,2025-08-28 02:17:02,0.5
bitcoin-up-or-down-august-28-9am-et,DOWN,9338724092615509281376318523880280769765270216791770008700391276125962114831,1756347484,2025-08-28 02:18:04,0.5
bitcoin-up-or-down-august-28-9am-et,DOWN,9338724092615509281376318523880280769765270216791770008700391276125962114831,1756347543,2025-08-28 02:19:03,0.5
bitcoin-up-or-down-august-28-9am-et,DOWN,9338724092615509281376318523880280769765270216791770008700391276125962114831,1756347604,2025-08-28 02:20:04,0.5
bitcoin-up-or-down-august-28-9am-et,DOWN,9338724092615509281376318523880280769765270216791770008700391276125962114831,1756347662,2025-08-28 02:21:02,0.5
bitcoin-up-or-down-august-28-9am-et,DOWN,9338724092615509281376318523880280769765270216791770008700391276125962114831,1756347722,2025-08-28 02:22:02,0.5
bitcoin-up-or-down-august-28-9am-et,DOWN,9338724092615509281376318523880280769765270216791770008700391276125962114831,1756347783,2025-08-28 02:23:03,0.5
bitcoin-up-or-down-august-28-9am-et,DOWN,9338724092615509281376318523880280769765270216791770008700391276125962114831,1756347843,2025-08-28 02:24:03,0.5
bitcoin-up-or-down-august-28-9am-et,DOWN,9338724092615509281376318523880280769765270216791770008700391276125962114831,1756347913,2025-08-28 02:25:13,0.5
bitcoin-up-or-down-august-28-9am-et,DOWN,9338724092615509281376318523880280769765270216791770008700391276125962114831,1756347964,2025-08-28 02:26:04,0.5
bitcoin-up-or-down-august-28-9am-et,DOWN,9338724092615509281376318523880280769765270216791770008700391276125962114831,1756348022,2025-08-28 02:27:02,0.5
bitcoin-up-or-down-august-28-9am-et,DOWN,9338724092615509281376318523880280769765270216791770008700391276125962114831,1756348084,2025-08-28 02:28:04,0.5
bitcoin-up-or-down-august-28-9am-et,DOWN,9338724092615509281376318523880280769765270216791770008700391276125962114831,1756348144,2025-08-28 02:29:04,0.5
bitcoin-up-or-down-august-28-9am-et,DOWN,9338724092615509281376318523880280769765270216791770008700391276125962114831,1756348205,2025-08-28 02:30:05,0.5
bitcoin-up-or-down-august-28-9am-et,DOWN,9338724092615509281376318523880280769765270216791770008700391276125962114831,1756348263,2025-08-28 02:31:03,0.5
bitcoin-up-or-down-august-28-9am-et,DOWN,9338724092615509281376318523880280769765270216791770008700391276125962114831,1756348322,2025-08-28 02:32:02,0.5
bitcoin-up-or-down-august-28-9am-et,DOWN,9338724092615509281376318523880280769765270216791770008700391276125962114831,1756348383,2025-08-28 02:33:03,0.5
bitcoin-up-or-down-august-28-9am-et,DOWN,9338724092615509281376318523880280769765270216791770008700391276125962114831,1756348444,2025-08-28 02:34:04,0.5
bitcoin-up-or-down-august-28-9am-et,DOWN,9338724092615509281376318523880280769765270216791770008700391276125962114831,1756348503,2025-08-28 02:35:03,0.5
bitcoin-up-or-down-august-28-9am-et,DOWN,9338724092615509281376318523880280769765270216791770008700391276125962114831,1756348564,2025-08-28 02:36:04,0.5
bitcoin-up-or-down-august-28-9am-et,DOWN,9338724092615509281376318523880280769765270216791770008700391276125962114831,1756348624,2025-08-28 02:37:04,0.5
bitcoin-up-or-down-august-28-9am-et,DOWN,9338724092615509281376318523880280769765270216791770008700391276125962114831,1756348682,2025-08-28 02:38:02,0.5
bitcoin-up-or-down-august-28-9am-et,DOWN,9338724092615509281376318523880280769765270216791770008700391276125962114831,1756348742,2025-08-28 02:39:02,0.5
bitcoin-up-or-down-august-28-9am-et,DOWN,9338724092615509281376318523880280769765270216791770008700391276125962114831,1756348804,2025-08-28 02:40:04,0.5
bitcoin-up-or-down-august-28-9am-et,DOWN,9338724092615509281376318523880280769765270216791770008700391276125962114831,1756348862,2025-08-28 02:41:02,0.5
bitcoin-up-or-down-august-28-9am-et,DOWN,9338724092615509281376318523880280769765270216791770008700391276125962114831,1756348923,2025-08-28 02:42:03,0.5
bitcoin-up-or-down-august-28-9am-et,DOWN,9338724092615509281376318523880280769765270216791770008700391276125962114831,1756348983,2025-08-28 02:43:03,0.5
bitcoin-up-or-down-august-28-9am-et,DOWN,9338724092615509281376318523880280769765270216791770008700391276125962114831,1756349042,2025-08-28 02:44:02,0.5
bitcoin-up-or-down-august-28-9am-et,DOWN,9338724092615509281376318523880280769765270216791770008700391276125962114831,1756349112,2025-08-28 02:45:12,0.5
bitcoin-up-or-down-august-28-9am-et,DOWN,9338724092615509281376318523880280769765270216791770008700391276125962114831,1756349162,2025-08-28 02:46:02,0.5
bitcoin-up-or-down-august-28-9am-et,DOWN,9338724092615509281376318523880280769765270216791770008700391276125962114831,1756349223,2025-08-28 02:47:03,0.5
bitcoin-up-or-down-august-28-9am-et,DOWN,9338724092615509281376318523880280769765270216791770008700391276125962114831,1756349283,2025-08-28 02:48:03,0.5
bitcoin-up-or-down-august-28-9am-et,DOWN,9338724092615509281376318523880280769765270216791770008700391276125962114831,1756349343,2025-08-28 02:49:03,0.5
bitcoin-up-or-down-august-28-9am-et,DOWN,9338724092615509281376318523880280769765270216791770008700391276125962114831,1756349414,2025-08-28 02:50:14,0.5
bitcoin-up-or-down-august-28-9am-et,DOWN,9338724092615509281376318523880280769765270216791770008700391276125962114831,1756349464,2025-08-28 02:51:04,0.5
bitcoin-up-or-down-august-28-9am-et,DOWN,9338724092615509281376318523880280769765270216791770008700391276125962114831,1756349523,2025-08-28 02:52:03,0.5
bitcoin-up-or-down-august-28-9am-et,DOWN,9338724092615509281376318523880280769765270216791770008700391276125962114831,1756349583,2025-08-28 02:53:03,0.5
bitcoin-up-or-down-august-28-9am-et,DOWN,9338724092615509281376318523880280769765270216791770008700391276125962114831,1756349643,2025-08-28 02:54:03,0.5
bitcoin-up-or-down-august-28-9am-et,DOWN,9338724092615509281376318523880280769765270216791770008700391276125962114831,1756349704,2025-08-28 02:55:04,0.5
bitcoin-up-or-down-august-28-9am-et,DOWN,9338724092615509281376318523880280769765270216791770008700391276125962114831,1756349763,2025-08-28 02:56:03,0.5
bitcoin-up-or-down-august-28-9am-et,DOWN,9338724092615509281376318523880280769765270216791770008700391276125962114831,1756349823,2025-08-28 02:57:03,0.5
bitcoin-up-or-down-august-28-9am-et,DOWN,9338724092615509281376318523880280769765270216791770008700391276125962114831,1756349882,2025-08-28 02:58:02,0.5
bitcoin-up-or-down-august-28-9am-et,DOWN,9338724092615509281376318523880280769765270216791770008700391276125962114831,1756349942,2025-08-28 02:59:02,0.5
bitcoin-up-or-down-august-28-9am-et,DOWN,9338724092615509281376318523880280769765270216791770008700391276125962114831,1756350002,2025-08-28 03:00:02,0.5
bitcoin-up-or-down-august-28-9am-et,DOWN,9338724092615509281376318523880280769765270216791770008700391276125962114831,1756350062,2025-08-28 03:01:02,0.5
bitcoin-up-or-down-august-28-9am-et,DOWN,9338724092615509281376318523880280769765270216791770008700391276125962114831,1756350124,2025-08-28 03:02:04,0.5
bitcoin-up-or-down-august-28-9am-et,DOWN,9338724092615509281376318523880280769765270216791770008700391276125962114831,1756350183,2025-08-28 03:03:03,0.5
bitcoin-up-or-down-august-28-9am-et,DOWN,9338724092615509281376318523880280769765270216791770008700391276125962114831,1756350243,2025-08-28 03:04:03,0.5
bitcoin-up-or-down-august-28-9am-et,DOWN,9338724092615509281376318523880280769765270216791770008700391276125962114831,1756350308,2025-08-28 03:05:08,0.5
bitcoin-up-or-down-august-28-9am-et,DOWN,9338724092615509281376318523880280769765270216791770008700391276125962114831,1756350363,2025-08-28 03:06:03,0.5
bitcoin-up-or-down-august-28-9am-et,DOWN,9338724092615509281376318523880280769765270216791770008700391276125962114831,1756350422,2025-08-28 03:07:02,0.5
bitcoin-up-or-down-august-28-9am-et,DOWN,9338724092615509281376318523880280769765270216791770008700391276125962114831,1756350483,2025-08-28 03:08:03,0.5
bitcoin-up-or-down-august-28-9am-et,DOWN,9338724092615509281376318523880280769765270216791770008700391276125962114831,1756350543,2025-08-28 03:09:03,0.5
bitcoin-up-or-down-august-28-9am-et,DOWN,9338724092615509281376318523880280769765270216791770008700391276125962114831,1756350612,2025-08-28 03:10:12,0.5
bitcoin-up-or-down-august-28-9am-et,DOWN,9338724092615509281376318523880280769765270216791770008700391276125962114831,1756350662,2025-08-28 03:11:02,0.5
bitcoin-up-or-down-august-28-9am-et,DOWN,9338724092615509281376318523880280769765270216791770008700391276125962114831,1756350724,2025-08-28 03:12:04,0.5
bitcoin-up-or-down-august-28-9am-et,DOWN,9338724092615509281376318523880280769765270216791770008700391276125962114831,1756350783,2025-08-28 03:13:03,0.5
bitcoin-up-or-down-august-28-9am-et,DOWN,9338724092615509281376318523880280769765270216791770008700391276125962114831,1756350843,2025-08-28 03:14:03,0.5
bitcoin-up-or-down-august-28-9am-et,DOWN,9338724092615509281376318523880280769765270216791770008700391276125962114831,1756350914,2025-08-28 03:15:14,0.5
bitcoin-up-or-down-august-28-9am-et,DOWN,9338724092615509281376318523880280769765270216791770008700391276125962114831,1756350962,2025-08-28 03:16:02,0.5
bitcoin-up-or-down-august-28-9am-et,DOWN,9338724092615509281376318523880280769765270216791770008700391276125962114831,1756351023,2025-08-28 03:17:03,0.5
bitcoin-up-or-down-august-28-9am-et,DOWN,9338724092615509281376318523880280769765270216791770008700391276125962114831,1756351082,2025-08-28 03:18:02,0.5
bitcoin-up-or-down-august-28-9am-et,DOWN,9338724092615509281376318523880280769765270216791770008700391276125962114831,1756351143,2025-08-28 03:19:03,0.5
bitcoin-up-or-down-august-28-9am-et,DOWN,9338724092615509281376318523880280769765270216791770008700391276125962114831,1756351210,2025-08-28 03:20:10,0.5
bitcoin-up-or-down-august-28-9am-et,DOWN,9338724092615509281376318523880280769765270216791770008700391276125962114831,1756351264,2025-08-28 03:21:04,0.5
bitcoin-up-or-down-august-28-9am-et,DOWN,9338724092615509281376318523880280769765270216791770008700391276125962114831,1756351324,2025-08-28 03:22:04,0.5
bitcoin-up-or-down-august-28-9am-et,DOWN,9338724092615509281376318523880280769765270216791770008700391276125962114831,1756351383,2025-08-28 03:23:03,0.5
bitcoin-up-or-down-august-28-9am-et,DOWN,9338724092615509281376318523880280769765270216791770008700391276125962114831,1756351443,2025-08-28 03:24:03,0.5
bitcoin-up-or-down-august-28-9am-et,DOWN,9338724092615509281376318523880280769765270216791770008700391276125962114831,1756351513,2025-08-28 03:25:13,0.5
bitcoin-up-or-down-august-28-9am-et,DOWN,9338724092615509281376318523880280769765270216791770008700391276125962114831,1756351562,2025-08-28 03:26:02,0.5
bitcoin-up-or-down-august-28-9am-et,DOWN,9338724092615509281376318523880280769765270216791770008700391276125962114831,1756351624,2025-08-28 03:27:04,0.5
bitcoin-up-or-down-august-28-9am-et,DOWN,9338724092615509281376318523880280769765270216791770008700391276125962114831,1756351684,2025-08-28 03:28:04,0.5
bitcoin-up-or-down-august-28-9am-et,DOWN,9338724092615509281376318523880280769765270216791770008700391276125962114831,1756351742,2025-08-28 03:29:02,0.5
bitcoin-up-or-down-august-28-9am-et,DOWN,9338724092615509281376318523880280769765270216791770008700391276125962114831,1756351807,2025-08-28 03:30:07,0.5
bitcoin-up-or-down-august-28-9am-et,DOWN,9338724092615509281376318523880280769765270216791770008700391276125962114831,1756351863,2025-08-28 03:31:03,0.5
bitcoin-up-or-down-august-28-9am-et,DOWN,9338724092615509281376318523880280769765270216791770008700391276125962114831,1756351923,2025-08-28 03:32:03,0.5
bitcoin-up-or-down-august-28-9am-et,DOWN,9338724092615509281376318523880280769765270216791770008700391276125962114831,1756351983,2025-08-28 03:33:03,0.5
bitcoin-up-or-down-august-28-9am-et,DOWN,9338724092615509281376318523880280769765270216791770008700391276125962114831,1756352043,2025-08-28 03:34:03,0.5
bitcoin-up-or-down-august-28-9am-et,DOWN,9338724092615509281376318523880280769765270216791770008700391276125962114831,1756352113,2025-08-28 03:35:13,0.5
bitcoin-up-or-down-august-28-9am-et,DOWN,9338724092615509281376318523880280769765270216791770008700391276125962114831,1756352162,2025-08-28 03:36:02,0.5
bitcoin-up-or-down-august-28-9am-et,DOWN,9338724092615509281376318523880280769765270216791770008700391276125962114831,1756352222,2025-08-28 03:37:02,0.5
bitcoin-up-or-down-august-28-9am-et,DOWN,9338724092615509281376318523880280769765270216791770008700391276125962114831,1756352283,2025-08-28 03:38:03,0.5
bitcoin-up-or-down-august-28-9am-et,DOWN,9338724092615509281376318523880280769765270216791770008700391276125962114831,1756352342,2025-08-28 03:39:02,0.5
bitcoin-up-or-down-august-28-9am-et,DOWN,9338724092615509281376318523880280769765270216791770008700391276125962114831,1756352414,2025-08-28 03:40:14,0.5
bitcoin-up-or-down-august-28-9am-et,DOWN,9338724092615509281376318523880280769765270216791770008700391276125962114831,1756352464,2025-08-28 03:41:04,0.5
bitcoin-up-or-down-august-28-9am-et,DOWN,9338724092615509281376318523880280769765270216791770008700391276125962114831,1756352523,2025-08-28 03:42:03,0.5
bitcoin-up-or-down-august-28-9am-et,DOWN,9338724092615509281376318523880280769765270216791770008700391276125962114831,1756352582,2025-08-28 03:43:02,0.5
bitcoin-up-or-down-august-28-9am-et,DOWN,9338724092615509281376318523880280769765270216791770008700391276125962114831,1756352642,2025-08-28 03:44:02,0.5
bitcoin-up-or-down-august-28-9am-et,DOWN,9338724092615509281376318523880280769765270216791770008700391276125962114831,1756352702,2025-08-28 03:45:02,0.5
bitcoin-up-or-down-august-28-9am-et,DOWN,9338724092615509281376318523880280769765270216791770008700391276125962114831,1756352763,2025-08-28 03:46:03,0.5
bitcoin-up-or-down-august-28-9am-et,DOWN,9338724092615509281376318523880280769765270216791770008700391276125962114831,1756352823,2025-08-28 03:47:03,0.5
bitcoin-up-or-down-august-28-9am-et,DOWN,9338724092615509281376318523880280769765270216791770008700391276125962114831,1756352882,2025-08-28 03:48:02,0.5
bitcoin-up-or-down-august-28-9am-et,DOWN,9338724092615509281376318523880280769765270216791770008700391276125962114831,1756352942,2025-08-28 03:49:02,0.5
bitcoin-up-or-down-august-28-9am-et,DOWN,9338724092615509281376318523880280769765270216791770008700391276125962114831,1756353002,2025-08-28 03:50:02,0.5
bitcoin-up-or-down-august-28-9am-et,DOWN,9338724092615509281376318523880280769765270216791770008700391276125962114831,1756353062,2025-08-28 03:51:02,0.5
bitcoin-up-or-down-august-28-9am-et,DOWN,9338724092615509281376318523880280769765270216791770008700391276125962114831,1756353124,2025-08-28 03:52:04,0.5
bitcoin-up-or-down-august-28-9am-et,DOWN,9338724092615509281376318523880280769765270216791770008700391276125962114831,1756353182,2025-08-28 03:53:02,0.5
bitcoin-up-or-down-august-28-9am-et,DOWN,9338724092615509281376318523880280769765270216791770008700391276125962114831,1756353242,2025-08-28 03:54:02,0.5
bitcoin-up-or-down-august-28-9am-et,DOWN,9338724092615509281376318523880280769765270216791770008700391276125962114831,1756353306,2025-08-28 03:55:06,0.5
bitcoin-up-or-down-august-28-9am-et,DOWN,9338724092615509281376318523880280769765270216791770008700391276125962114831,1756353363,2025-08-28 03:56:03,0.5
bitcoin-up-or-down-august-28-9am-et,DOWN,9338724092615509281376318523880280769765270216791770008700391276125962114831,1756353422,2025-08-28 03:57:02,0.5
bitcoin-up-or-down-august-28-9am-et,DOWN,9338724092615509281376318523880280769765270216791770008700391276125962114831,1756353483,2025-08-28 03:58:03,0.5
bitcoin-up-or-down-august-28-9am-et,DOWN,9338724092615509281376318523880280769765270216791770008700391276125962114831,1756353542,2025-08-28 03:59:02,0.5
bitcoin-up-or-down-august-28-9am-et,DOWN,9338724092615509281376318523880280769765270216791770008700391276125962114831,1756353607,2025-08-28 04:00:07,0.5
bitcoin-up-or-down-august-28-9am-et,DOWN,9338724092615509281376318523880280769765270216791770008700391276125962114831,1756353664,2025-08-28 04:01:04,0.5
bitcoin-up-or-down-august-28-9am-et,DOWN,9338724092615509281376318523880280769765270216791770008700391276125962114831,1756353722,2025-08-28 04:02:02,0.5
bitcoin-up-or-down-august-28-9am-et,DOWN,9338724092615509281376318523880280769765270216791770008700391276125962114831,1756353784,2025-08-28 04:03:04,0.5
bitcoin-up-or-down-august-28-9am-et,DOWN,9338724092615509281376318523880280769765270216791770008700391276125962114831,1756353842,2025-08-28 04:04:02,0.5
bitcoin-up-or-down-august-28-9am-et,DOWN,9338724092615509281376318523880280769765270216791770008700391276125962114831,1756353906,2025-08-28 04:05:06,0.5
bitcoin-up-or-down-august-28-9am-et,DOWN,9338724092615509281376318523880280769765270216791770008700391276125962114831,1756353962,2025-08-28 04:06:02,0.5
bitcoin-up-or-down-august-28-9am-et,DOWN,9338724092615509281376318523880280769765270216791770008700391276125962114831,1756354022,2025-08-28 04:07:02,0.5
bitcoin-up-or-down-august-28-9am-et,DOWN,9338724092615509281376318523880280769765270216791770008700391276125962114831,1756354083,2025-08-28 04:08:03,0.5
bitcoin-up-or-down-august-28-9am-et,DOWN,9338724092615509281376318523880280769765270216791770008700391276125962114831,1756354143,2025-08-28 04:09:03,0.5
bitcoin-up-or-down-august-28-9am-et,DOWN,9338724092615509281376318523880280769765270216791770008700391276125962114831,1756354205,2025-08-28 04:10:05,0.5
bitcoin-up-or-down-august-28-9am-et,DOWN,9338724092615509281376318523880280769765270216791770008700391276125962114831,1756354265,2025-08-28 04:11:05,0.5
bitcoin-up-or-down-august-28-9am-et,DOWN,9338724092615509281376318523880280769765270216791770008700391276125962114831,1756354322,2025-08-28 04:12:02,0.5
bitcoin-up-or-down-august-28-9am-et,DOWN,9338724092615509281376318523880280769765270216791770008700391276125962114831,1756354383,2025-08-28 04:13:03,0.5
bitcoin-up-or-down-august-28-9am-et,DOWN,9338724092615509281376318523880280769765270216791770008700391276125962114831,1756354443,2025-08-28 04:14:03,0.5
bitcoin-up-or-down-august-28-9am-et,DOWN,9338724092615509281376318523880280769765270216791770008700391276125962114831,1756354513,2025-08-28 04:15:13,0.5
bitcoin-up-or-down-august-28-9am-et,DOWN,9338724092615509281376318523880280769765270216791770008700391276125962114831,1756354565,2025-08-28 04:16:05,0.5
bitcoin-up-or-down-august-28-9am-et,DOWN,9338724092615509281376318523880280769765270216791770008700391276125962114831,1756354623,2025-08-28 04:17:03,0.5
bitcoin-up-or-down-august-28-9am-et,DOWN,9338724092615509281376318523880280769765270216791770008700391276125962114831,1756354682,2025-08-28 04:18:02,0.5
bitcoin-up-or-down-august-28-9am-et,DOWN,9338724092615509281376318523880280769765270216791770008700391276125962114831,1756354771,2025-08-28 04:19:31,0.5
bitcoin-up-or-down-august-28-9am-et,DOWN,9338724092615509281376318523880280769765270216791770008700391276125962114831,1756354814,2025-08-28 04:20:14,0.5
bitcoin-up-or-down-august-28-9am-et,DOWN,9338724092615509281376318523880280769765270216791770008700391276125962114831,1756354863,2025-08-28 04:21:03,0.5
bitcoin-up-or-down-august-28-9am-et,DOWN,9338724092615509281376318523880280769765270216791770008700391276125962114831,1756354922,2025-08-28 04:22:02,0.5
bitcoin-up-or-down-august-28-9am-et,DOWN,9338724092615509281376318523880280769765270216791770008700391276125962114831,1756354983,2025-08-28 04:23:03,0.5
bitcoin-up-or-down-august-28-9am-et,DOWN,9338724092615509281376318523880280769765270216791770008700391276125962114831,1756355044,2025-08-28 04:24:04,0.5
bitcoin-up-or-down-august-28-9am-et,DOWN,9338724092615509281376318523880280769765270216791770008700391276125962114831,1756355105,2025-08-28 04:25:05,0.5
bitcoin-up-or-down-august-28-9am-et,DOWN,9338724092615509281376318523880280769765270216791770008700391276125962114831,1756355164,2025-08-28 04:26:04,0.5
bitcoin-up-or-down-august-28-9am-et,DOWN,9338724092615509281376318523880280769765270216791770008700391276125962114831,1756355224,2025-08-28 04:27:04,0.5
bitcoin-up-or-down-august-28-9am-et,DOWN,9338724092615509281376318523880280769765270216791770008700391276125962114831,1756355283,2025-08-28 04:28:03,0.5
bitcoin-up-or-down-august-28-9am-et,DOWN,9338724092615509281376318523880280769765270216791770008700391276125962114831,1756355342,2025-08-28 04:29:02,0.5
bitcoin-up-or-down-august-28-9am-et,DOWN,9338724092615509281376318523880280769765270216791770008700391276125962114831,1756355414,2025-08-28 04:30:14,0.5
bitcoin-up-or-down-august-28-9am-et,DOWN,9338724092615509281376318523880280769765270216791770008700391276125962114831,1756355462,2025-08-28 04:31:02,0.5
bitcoin-up-or-down-august-28-9am-et,DOWN,9338724092615509281376318523880280769765270216791770008700391276125962114831,1756355523,2025-08-28 04:32:03,0.5
bitcoin-up-or-down-august-28-9am-et,DOWN,9338724092615509281376318523880280769765270216791770008700391276125962114831,1756355582,2025-08-28 04:33:02,0.5
bitcoin-up-or-down-august-28-9am-et,DOWN,9338724092615509281376318523880280769765270216791770008700391276125962114831,1756355643,2025-08-28 04:34:03,0.5
bitcoin-up-or-down-august-28-9am-et,DOWN,9338724092615509281376318523880280769765270216791770008700391276125962114831,1756355708,2025-08-28 04:35:08,0.5
bitcoin-up-or-down-august-28-9am-et,DOWN,9338724092615509281376318523880280769765270216791770008700391276125962114831,1756355762,2025-08-28 04:36:02,0.5
bitcoin-up-or-down-august-28-9am-et,DOWN,9338724092615509281376318523880280769765270216791770008700391276125962114831,1756355823,2025-08-28 04:37:03,0.5
bitcoin-up-or-down-august-28-9am-et,DOWN,9338724092615509281376318523880280769765270216791770008700391276125962114831,1756355883,2025-08-28 04:38:03,0.5
bitcoin-up-or-down-august-28-9am-et,DOWN,9338724092615509281376318523880280769765270216791770008700391276125962114831,1756355944,2025-08-28 04:39:04,0.5
bitcoin-up-or-down-august-28-9am-et,DOWN,9338724092615509281376318523880280769765270216791770008700391276125962114831,1756356005,2025-08-28 04:40:05,0.5
bitcoin-up-or-down-august-28-9am-et,DOWN,9338724092615509281376318523880280769765270216791770008700391276125962114831,1756356064,2025-08-28 04:41:04,0.5
bitcoin-up-or-down-august-28-9am-et,DOWN,9338724092615509281376318523880280769765270216791770008700391276125962114831,1756356124,2025-08-28 04:42:04,0.5
bitcoin-up-or-down-august-28-9am-et,DOWN,9338724092615509281376318523880280769765270216791770008700391276125962114831,1756356182,2025-08-28 04:43:02,0.5
bitcoin-up-or-down-august-28-9am-et,DOWN,9338724092615509281376318523880280769765270216791770008700391276125962114831,1756356242,2025-08-28 04:44:02,0.5
bitcoin-up-or-down-august-28-9am-et,DOWN,9338724092615509281376318523880280769765270216791770008700391276125962114831,1756356309,2025-08-28 04:45:09,0.5
bitcoin-up-or-down-august-28-9am-et,DOWN,9338724092615509281376318523880280769765270216791770008700391276125962114831,1756356362,2025-08-28 04:46:02,0.5
bitcoin-up-or-down-august-28-9am-et,DOWN,9338724092615509281376318523880280769765270216791770008700391276125962114831,1756356424,2025-08-28 04:47:04,0.5
bitcoin-up-or-down-august-28-9am-et,DOWN,9338724092615509281376318523880280769765270216791770008700391276125962114831,1756356484,2025-08-28 04:48:04,0.5
bitcoin-up-or-down-august-28-9am-et,DOWN,9338724092615509281376318523880280769765270216791770008700391276125962114831,1756356544,2025-08-28 04:49:04,0.5
bitcoin-up-or-down-august-28-9am-et,DOWN,9338724092615509281376318523880280769765270216791770008700391276125962114831,1756356614,2025-08-28 04:50:14,0.5
bitcoin-up-or-down-august-28-9am-et,DOWN,9338724092615509281376318523880280769765270216791770008700391276125962114831,1756356664,2025-08-28 04:51:04,0.5
bitcoin-up-or-down-august-28-9am-et,DOWN,9338724092615509281376318523880280769765270216791770008700391276125962114831,1756356724,2025-08-28 04:52:04,0.5
bitcoin-up-or-down-august-28-9am-et,DOWN,9338724092615509281376318523880280769765270216791770008700391276125962114831,1756356782,2025-08-28 04:53:02,0.5
bitcoin-up-or-down-august-28-9am-et,DOWN,9338724092615509281376318523880280769765270216791770008700391276125962114831,1756356844,2025-08-28 04:54:04,0.5
bitcoin-up-or-down-august-28-9am-et,DOWN,9338724092615509281376318523880280769765270216791770008700391276125962114831,1756356916,2025-08-28 04:55:16,0.5
bitcoin-up-or-down-august-28-9am-et,DOWN,9338724092615509281376318523880280769765270216791770008700391276125962114831,1756356963,2025-08-28 04:56:03,0.5
bitcoin-up-or-down-august-28-9am-et,DOWN,9338724092615509281376318523880280769765270216791770008700391276125962114831,1756357023,2025-08-28 04:57:03,0.5
bitcoin-up-or-down-august-28-9am-et,DOWN,9338724092615509281376318523880280769765270216791770008700391276125962114831,1756357084,2025-08-28 04:58:04,0.5
bitcoin-up-or-down-august-28-9am-et,DOWN,9338724092615509281376318523880280769765270216791770008700391276125962114831,1756357142,2025-08-28 04:59:02,0.5
bitcoin-up-or-down-august-28-9am-et,DOWN,9338724092615509281376318523880280769765270216791770008700391276125962114831,1756357207,2025-08-28 05:00:07,0.5
bitcoin-up-or-down-august-28-9am-et,DOWN,9338724092615509281376318523880280769765270216791770008700391276125962114831,1756357263,2025-08-28 05:01:03,0.5
bitcoin-up-or-down-august-28-9am-et,DOWN,9338724092615509281376318523880280769765270216791770008700391276125962114831,1756357322,2025-08-28 05:02:02,0.5
bitcoin-up-or-down-august-28-9am-et,DOWN,9338724092615509281376318523880280769765270216791770008700391276125962114831,1756357382,2025-08-28 05:03:02,0.5
bitcoin-up-or-down-august-28-9am-et,DOWN,9338724092615509281376318523880280769765270216791770008700391276125962114831,1756357443,2025-08-28 05:04:03,0.5
bitcoin-up-or-down-august-28-9am-et,DOWN,9338724092615509281376318523880280769765270216791770008700391276125962114831,1756357505,2025-08-28 05:05:05,0.5
bitcoin-up-or-down-august-28-9am-et,DOWN,9338724092615509281376318523880280769765270216791770008700391276125962114831,1756357562,2025-08-28 05:06:02,0.5
bitcoin-up-or-down-august-28-9am-et,DOWN,9338724092615509281376318523880280769765270216791770008700391276125962114831,1756357623,2025-08-28 05:07:03,0.5
bitcoin-up-or-down-august-28-9am-et,DOWN,9338724092615509281376318523880280769765270216791770008700391276125962114831,1756357684,2025-08-28 05:08:04,0.5
bitcoin-up-or-down-august-28-9am-et,DOWN,9338724092615509281376318523880280769765270216791770008700391276125962114831,1756357742,2025-08-28 05:09:02,0.5
bitcoin-up-or-down-august-28-9am-et,DOWN,9338724092615509281376318523880280769765270216791770008700391276125962114831,1756357813,2025-08-28 05:10:13,0.5
bitcoin-up-or-down-august-28-9am-et,DOWN,9338724092615509281376318523880280769765270216791770008700391276125962114831,1756357862,2025-08-28 05:11:02,0.5
bitcoin-up-or-down-august-28-9am-et,DOWN,9338724092615509281376318523880280769765270216791770008700391276125962114831,1756357922,2025-08-28 05:12:02,0.5
bitcoin-up-or-down-august-28-9am-et,DOWN,9338724092615509281376318523880280769765270216791770008700391276125962114831,1756357983,2025-08-28 05:13:03,0.5
bitcoin-up-or-down-august-28-9am-et,DOWN,9338724092615509281376318523880280769765270216791770008700391276125962114831,1756358044,2025-08-28 05:14:04,0.5
bitcoin-up-or-down-august-28-9am-et,DOWN,9338724092615509281376318523880280769765270216791770008700391276125962114831,1756358116,2025-08-28 05:15:16,0.5
bitcoin-up-or-down-august-28-9am-et,DOWN,9338724092615509281376318523880280769765270216791770008700391276125962114831,1756358163,2025-08-28 05:16:03,0.5
bitcoin-up-or-down-august-28-9am-et,DOWN,9338724092615509281376318523880280769765270216791770008700391276125962114831,1756358222,2025-08-28 05:17:02,0.5
bitcoin-up-or-down-august-28-9am-et,DOWN,9338724092615509281376318523880280769765270216791770008700391276125962114831,1756358283,2025-08-28 05:18:03,0.5
bitcoin-up-or-down-august-28-9am-et,DOWN,9338724092615509281376318523880280769765270216791770008700391276125962114831,1756358342,2025-08-28 05:19:02,0.5
bitcoin-up-or-down-august-28-9am-et,DOWN,9338724092615509281376318523880280769765270216791770008700391276125962114831,1756358415,2025-08-28 05:20:15,0.5
bitcoin-up-or-down-august-28-9am-et,DOWN,9338724092615509281376318523880280769765270216791770008700391276125962114831,1756358462,2025-08-28 05:21:02,0.5
bitcoin-up-or-down-august-28-9am-et,DOWN,9338724092615509281376318523880280769765270216791770008700391276125962114831,1756358523,2025-08-28 05:22:03,0.5
bitcoin-up-or-down-august-28-9am-et,DOWN,9338724092615509281376318523880280769765270216791770008700391276125962114831,1756358583,2025-08-28 05:23:03,0.5
bitcoin-up-or-down-august-28-9am-et,DOWN,9338724092615509281376318523880280769765270216791770008700391276125962114831,1756358642,2025-08-28 05:24:02,0.5
bitcoin-up-or-down-august-28-9am-et,DOWN,9338724092615509281376318523880280769765270216791770008700391276125962114831,1756358711,2025-08-28 05:25:11,0.5
bitcoin-up-or-down-august-28-9am-et,DOWN,9338724092615509281376318523880280769765270216791770008700391276125962114831,1756358763,2025-08-28 05:26:03,0.5
bitcoin-up-or-down-august-28-9am-et,DOWN,9338724092615509281376318523880280769765270216791770008700391276125962114831,1756358822,2025-08-28 05:27:02,0.5
bitcoin-up-or-down-august-28-9am-et,DOWN,9338724092615509281376318523880280769765270216791770008700391276125962114831,1756358882,2025-08-28 05:28:02,0.5
bitcoin-up-or-down-august-28-9am-et,DOWN,9338724092615509281376318523880280769765270216791770008700391276125962114831,1756358943,2025-08-28 05:29:03,0.5
bitcoin-up-or-down-august-28-9am-et,DOWN,9338724092615509281376318523880280769765270216791770008700391276125962114831,1756359013,2025-08-28 05:30:13,0.5
bitcoin-up-or-down-august-28-9am-et,DOWN,9338724092615509281376318523880280769765270216791770008700391276125962114831,1756359063,2025-08-28 05:31:03,0.5
bitcoin-up-or-down-august-28-9am-et,DOWN,9338724092615509281376318523880280769765270216791770008700391276125962114831,1756359122,2025-08-28 05:32:02,0.5
bitcoin-up-or-down-august-28-9am-et,DOWN,9338724092615509281376318523880280769765270216791770008700391276125962114831,1756359182,2025-08-28 05:33:02,0.5
bitcoin-up-or-down-august-28-9am-et,DOWN,9338724092615509281376318523880280769765270216791770008700391276125962114831,1756359243,2025-08-28 05:34:03,0.5
bitcoin-up-or-down-august-28-9am-et,DOWN,9338724092615509281376318523880280769765270216791770008700391276125962114831,1756359303,2025-08-28 05:35:03,0.5
bitcoin-up-or-down-august-28-9am-et,DOWN,9338724092615509281376318523880280769765270216791770008700391276125962114831,1756359364,2025-08-28 05:36:04,0.5
bitcoin-up-or-down-august-28-9am-et,DOWN,9338724092615509281376318523880280769765270216791770008700391276125962114831,1756359423,2025-08-28 05:37:03,0.5
bitcoin-up-or-down-august-28-9am-et,DOWN,9338724092615509281376318523880280769765270216791770008700391276125962114831,1756359483,2025-08-28 05:38:03,0.5
bitcoin-up-or-down-august-28-9am-et,DOWN,9338724092615509281376318523880280769765270216791770008700391276125962114831,1756359544,2025-08-28 05:39:04,0.5
bitcoin-up-or-down-august-28-9am-et,DOWN,9338724092615509281376318523880280769765270216791770008700391276125962114831,1756359608,2025-08-28 05:40:08,0.5
bitcoin-up-or-down-august-28-9am-et,DOWN,9338724092615509281376318523880280769765270216791770008700391276125962114831,1756359663,2025-08-28 05:41:03,0.5
bitcoin-up-or-down-august-28-9am-et,DOWN,9338724092615509281376318523880280769765270216791770008700391276125962114831,1756359722,2025-08-28 05:42:02,0.5
bitcoin-up-or-down-august-28-9am-et,DOWN,9338724092615509281376318523880280769765270216791770008700391276125962114831,1756359783,2025-08-28 05:43:03,0.5
bitcoin-up-or-down-august-28-9am-et,DOWN,9338724092615509281376318523880280769765270216791770008700391276125962114831,1756359843,2025-08-28 05:44:03,0.5
bitcoin-up-or-down-august-28-9am-et,DOWN,9338724092615509281376318523880280769765270216791770008700391276125962114831,1756359909,2025-08-28 05:45:09,0.5
bitcoin-up-or-down-august-28-9am-et,DOWN,9338724092615509281376318523880280769765270216791770008700391276125962114831,1756359963,2025-08-28 05:46:03,0.5
bitcoin-up-or-down-august-28-9am-et,DOWN,9338724092615509281376318523880280769765270216791770008700391276125962114831,1756360023,2025-08-28 05:47:03,0.5
bitcoin-up-or-down-august-28-9am-et,DOWN,9338724092615509281376318523880280769765270216791770008700391276125962114831,1756360082,2025-08-28 05:48:02,0.5
bitcoin-up-or-down-august-28-9am-et,DOWN,9338724092615509281376318523880280769765270216791770008700391276125962114831,1756360142,2025-08-28 05:49:02,0.5
bitcoin-up-or-down-august-28-9am-et,DOWN,9338724092615509281376318523880280769765270216791770008700391276125962114831,1756360210,2025-08-28 05:50:10,0.5
bitcoin-up-or-down-august-28-9am-et,DOWN,9338724092615509281376318523880280769765270216791770008700391276125962114831,1756360262,2025-08-28 05:51:02,0.5
bitcoin-up-or-down-august-28-9am-et,DOWN,9338724092615509281376318523880280769765270216791770008700391276125962114831,1756360322,2025-08-28 05:52:02,0.5
bitcoin-up-or-down-august-28-9am-et,DOWN,9338724092615509281376318523880280769765270216791770008700391276125962114831,1756360382,2025-08-28 05:53:02,0.5
bitcoin-up-or-down-august-28-9am-et,DOWN,9338724092615509281376318523880280769765270216791770008700391276125962114831,1756360442,2025-08-28 05:54:02,0.5
bitcoin-up-or-down-august-28-9am-et,DOWN,9338724092615509281376318523880280769765270216791770008700391276125962114831,1756360509,2025-08-28 05:55:09,0.5
bitcoin-up-or-down-august-28-9am-et,DOWN,9338724092615509281376318523880280769765270216791770008700391276125962114831,1756360562,2025-08-28 05:56:02,0.5
bitcoin-up-or-down-august-28-9am-et,DOWN,9338724092615509281376318523880280769765270216791770008700391276125962114831,1756360622,2025-08-28 05:57:02,0.5
bitcoin-up-or-down-august-28-9am-et,DOWN,9338724092615509281376318523880280769765270216791770008700391276125962114831,1756360684,2025-08-28 05:58:04,0.5
bitcoin-up-or-down-august-28-9am-et,DOWN,9338724092615509281376318523880280769765270216791770008700391276125962114831,1756360743,2025-08-28 05:59:03,0.5
bitcoin-up-or-down-august-28-9am-et,DOWN,9338724092615509281376318523880280769765270216791770008700391276125962114831,1756360818,2025-08-28 06:00:18,0.5
bitcoin-up-or-down-august-28-9am-et,DOWN,9338724092615509281376318523880280769765270216791770008700391276125962114831,1756360862,2025-08-28 06:01:02,0.5
bitcoin-up-or-down-august-28-9am-et,DOWN,9338724092615509281376318523880280769765270216791770008700391276125962114831,1756360924,2025-08-28 06:02:04,0.5
bitcoin-up-or-down-august-28-9am-et,DOWN,9338724092615509281376318523880280769765270216791770008700391276125962114831,1756360984,2025-08-28 06:03:04,0.5
bitcoin-up-or-down-august-28-9am-et,DOWN,9338724092615509281376318523880280769765270216791770008700391276125962114831,1756361044,2025-08-28 06:04:04,0.5
bitcoin-up-or-down-august-28-9am-et,DOWN,9338724092615509281376318523880280769765270216791770008700391276125962114831,1756361111,2025-08-28 06:05:11,0.5
bitcoin-up-or-down-august-28-9am-et,DOWN,9338724092615509281376318523880280769765270216791770008700391276125962114831,1756361166,2025-08-28 06:06:06,0.5
bitcoin-up-or-down-august-28-9am-et,DOWN,9338724092615509281376318523880280769765270216791770008700391276125962114831,1756361223,2025-08-28 06:07:03,0.5
bitcoin-up-or-down-august-28-9am-et,DOWN,9338724092615509281376318523880280769765270216791770008700391276125962114831,1756361282,2025-08-28 06:08:02,0.5
bitcoin-up-or-down-august-28-9am-et,DOWN,9338724092615509281376318523880280769765270216791770008700391276125962114831,1756361342,2025-08-28 06:09:02,0.5
bitcoin-up-or-down-august-28-9am-et,DOWN,9338724092615509281376318523880280769765270216791770008700391276125962114831,1756361413,2025-08-28 06:10:13,0.5
bitcoin-up-or-down-august-28-9am-et,DOWN,9338724092615509281376318523880280769765270216791770008700391276125962114831,1756361462,2025-08-28 06:11:02,0.5
bitcoin-up-or-down-august-28-9am-et,DOWN,9338724092615509281376318523880280769765270216791770008700391276125962114831,1756361522,2025-08-28 06:12:02,0.5
bitcoin-up-or-down-august-28-9am-et,DOWN,9338724092615509281376318523880280769765270216791770008700391276125962114831,1756361583,2025-08-28 06:13:03,0.5
bitcoin-up-or-down-august-28-9am-et,DOWN,9338724092615509281376318523880280769765270216791770008700391276125962114831,1756361644,2025-08-28 06:14:04,0.5
bitcoin-up-or-down-august-28-9am-et,DOWN,9338724092615509281376318523880280769765270216791770008700391276125962114831,1756361714,2025-08-28 06:15:14,0.5
bitcoin-up-or-down-august-28-9am-et,DOWN,9338724092615509281376318523880280769765270216791770008700391276125962114831,1756361764,2025-08-28 06:16:04,0.5
bitcoin-up-or-down-august-28-9am-et,DOWN,9338724092615509281376318523880280769765270216791770008700391276125962114831,1756361822,2025-08-28 06:17:02,0.5
bitcoin-up-or-down-august-28-9am-et,DOWN,9338724092615509281376318523880280769765270216791770008700391276125962114831,1756361938,2025-08-28 06:18:58,0.5
bitcoin-up-or-down-august-28-9am-et,DOWN,9338724092615509281376318523880280769765270216791770008700391276125962114831,1756361946,2025-08-28 06:19:06,0.5
bitcoin-up-or-down-august-28-9am-et,DOWN,9338724092615509281376318523880280769765270216791770008700391276125962114831,1756362011,2025-08-28 06:20:11,0.5
bitcoin-up-or-down-august-28-9am-et,DOWN,9338724092615509281376318523880280769765270216791770008700391276125962114831,1756362063,2025-08-28 06:21:03,0.5
bitcoin-up-or-down-august-28-9am-et,DOWN,9338724092615509281376318523880280769765270216791770008700391276125962114831,1756362123,2025-08-28 06:22:03,0.5
bitcoin-up-or-down-august-28-9am-et,DOWN,9338724092615509281376318523880280769765270216791770008700391276125962114831,1756362183,2025-08-28 06:23:03,0.5
bitcoin-up-or-down-august-28-9am-et,DOWN,9338724092615509281376318523880280769765270216791770008700391276125962114831,1756362242,2025-08-28 06:24:02,0.5
bitcoin-up-or-down-august-28-9am-et,DOWN,9338724092615509281376318523880280769765270216791770008700391276125962114831,1756362311,2025-08-28 06:25:11,0.5
bitcoin-up-or-down-august-28-9am-et,DOWN,9338724092615509281376318523880280769765270216791770008700391276125962114831,1756362362,2025-08-28 06:26:02,0.5
bitcoin-up-or-down-august-28-9am-et,DOWN,9338724092615509281376318523880280769765270216791770008700391276125962114831,1756362426,2025-08-28 06:27:06,0.5
bitcoin-up-or-down-august-28-9am-et,DOWN,9338724092615509281376318523880280769765270216791770008700391276125962114831,1756362483,2025-08-28 06:28:03,0.5
bitcoin-up-or-down-august-28-9am-et,DOWN,9338724092615509281376318523880280769765270216791770008700391276125962114831,1756362544,2025-08-28 06:29:04,0.5
bitcoin-up-or-down-august-28-9am-et,DOWN,9338724092615509281376318523880280769765270216791770008700391276125962114831,1756362612,2025-08-28 06:30:12,0.5
bitcoin-up-or-down-august-28-9am-et,DOWN,9338724092615509281376318523880280769765270216791770008700391276125962114831,1756362665,2025-08-28 06:31:05,0.5
bitcoin-up-or-down-august-28-9am-et,DOWN,9338724092615509281376318523880280769765270216791770008700391276125962114831,1756362724,2025-08-28 06:32:04,0.5
bitcoin-up-or-down-august-28-9am-et,DOWN,9338724092615509281376318523880280769765270216791770008700391276125962114831,1756362783,2025-08-28 06:33:03,0.5
bitcoin-up-or-down-august-28-9am-et,DOWN,9338724092615509281376318523880280769765270216791770008700391276125962114831,1756362856,2025-08-28 06:34:16,0.5
bitcoin-up-or-down-august-28-9am-et,DOWN,9338724092615509281376318523880280769765270216791770008700391276125962114831,1756362905,2025-08-28 06:35:05,0.5
bitcoin-up-or-down-august-28-9am-et,DOWN,9338724092615509281376318523880280769765270216791770008700391276125962114831,1756362962,2025-08-28 06:36:02,0.5
bitcoin-up-or-down-august-28-9am-et,DOWN,9338724092615509281376318523880280769765270216791770008700391276125962114831,1756363023,2025-08-28 06:37:03,0.5
bitcoin-up-or-down-august-28-9am-et,DOWN,9338724092615509281376318523880280769765270216791770008700391276125962114831,1756363083,2025-08-28 06:38:03,0.5
bitcoin-up-or-down-august-28-9am-et,DOWN,9338724092615509281376318523880280769765270216791770008700391276125962114831,1756363144,2025-08-28 06:39:04,0.5
bitcoin-up-or-down-august-28-9am-et,DOWN,9338724092615509281376318523880280769765270216791770008700391276125962114831,1756363204,2025-08-28 06:40:04,0.5
bitcoin-up-or-down-august-28-9am-et,DOWN,9338724092615509281376318523880280769765270216791770008700391276125962114831,1756363263,2025-08-28 06:41:03,0.5
bitcoin-up-or-down-august-28-9am-et,DOWN,9338724092615509281376318523880280769765270216791770008700391276125962114831,1756363323,2025-08-28 06:42:03,0.5
bitcoin-up-or-down-august-28-9am-et,DOWN,9338724092615509281376318523880280769765270216791770008700391276125962114831,1756363383,2025-08-28 06:43:03,0.5
bitcoin-up-or-down-august-28-9am-et,DOWN,9338724092615509281376318523880280769765270216791770008700391276125962114831,1756363447,2025-08-28 06:44:07,0.5
bitcoin-up-or-down-august-28-9am-et,DOWN,9338724092615509281376318523880280769765270216791770008700391276125962114831,1756363505,2025-08-28 06:45:05,0.5
bitcoin-up-or-down-august-28-9am-et,DOWN,9338724092615509281376318523880280769765270216791770008700391276125962114831,1756363563,2025-08-28 06:46:03,0.5
bitcoin-up-or-down-august-28-9am-et,DOWN,9338724092615509281376318523880280769765270216791770008700391276125962114831,1756363624,2025-08-28 06:47:04,0.5
bitcoin-up-or-down-august-28-9am-et,DOWN,9338724092615509281376318523880280769765270216791770008700391276125962114831,1756363684,2025-08-28 06:48:04,0.5
bitcoin-up-or-down-august-28-9am-et,DOWN,9338724092615509281376318523880280769765270216791770008700391276125962114831,1756363754,2025-08-28 06:49:14,0.5
bitcoin-up-or-down-august-28-9am-et,DOWN,9338724092615509281376318523880280769765270216791770008700391276125962114831,1756363804,2025-08-28 06:50:04,0.5
bitcoin-up-or-down-august-28-9am-et,DOWN,9338724092615509281376318523880280769765270216791770008700391276125962114831,1756363862,2025-08-28 06:51:02,0.5
bitcoin-up-or-down-august-28-9am-et,DOWN,9338724092615509281376318523880280769765270216791770008700391276125962114831,1756363922,2025-08-28 06:52:02,0.5
bitcoin-up-or-down-august-28-9am-et,DOWN,9338724092615509281376318523880280769765270216791770008700391276125962114831,1756363982,2025-08-28 06:53:02,0.5
bitcoin-up-or-down-august-28-9am-et,DOWN,9338724092615509281376318523880280769765270216791770008700391276125962114831,1756364045,2025-08-28 06:54:05,0.5
bitcoin-up-or-down-august-28-9am-et,DOWN,9338724092615509281376318523880280769765270216791770008700391276125962114831,1756364104,2025-08-28 06:55:04,0.5
bitcoin-up-or-down-august-28-9am-et,DOWN,9338724092615509281376318523880280769765270216791770008700391276125962114831,1756364163,2025-08-28 06:56:03,0.5
bitcoin-up-or-down-august-28-9am-et,DOWN,9338724092615509281376318523880280769765270216791770008700391276125962114831,1756364222,2025-08-28 06:57:02,0.5
bitcoin-up-or-down-august-28-9am-et,DOWN,9338724092615509281376318523880280769765270216791770008700391276125962114831,1756364283,2025-08-28 06:58:03,0.5
bitcoin-up-or-down-august-28-9am-et,DOWN,9338724092615509281376318523880280769765270216791770008700391276125962114831,1756364352,2025-08-28 06:59:12,0.5
bitcoin-up-or-down-august-28-9am-et,DOWN,9338724092615509281376318523880280769765270216791770008700391276125962114831,1756364409,2025-08-28 07:00:09,0.5
bitcoin-up-or-down-august-28-9am-et,DOWN,9338724092615509281376318523880280769765270216791770008700391276125962114831,1756364462,2025-08-28 07:01:02,0.5
bitcoin-up-or-down-august-28-9am-et,DOWN,9338724092615509281376318523880280769765270216791770008700391276125962114831,1756364522,2025-08-28 07:02:02,0.5
bitcoin-up-or-down-august-28-9am-et,DOWN,9338724092615509281376318523880280769765270216791770008700391276125962114831,1756364582,2025-08-28 07:03:02,0.5
bitcoin-up-or-down-august-28-9am-et,DOWN,9338724092615509281376318523880280769765270216791770008700391276125962114831,1756364643,2025-08-28 07:04:03,0.5
bitcoin-up-or-down-august-28-9am-et,DOWN,9338724092615509281376318523880280769765270216791770008700391276125962114831,1756364710,2025-08-28 07:05:10,0.5
bitcoin-up-or-down-august-28-9am-et,DOWN,9338724092615509281376318523880280769765270216791770008700391276125962114831,1756364764,2025-08-28 07:06:04,0.5
bitcoin-up-or-down-august-28-9am-et,DOWN,9338724092615509281376318523880280769765270216791770008700391276125962114831,1756364822,2025-08-28 07:07:02,0.5
bitcoin-up-or-down-august-28-9am-et,DOWN,9338724092615509281376318523880280769765270216791770008700391276125962114831,1756364884,2025-08-28 07:08:04,0.5
bitcoin-up-or-down-august-28-9am-et,DOWN,9338724092615509281376318523880280769765270216791770008700391276125962114831,1756364943,2025-08-28 07:09:03,0.5
bitcoin-up-or-down-august-28-9am-et,DOWN,9338724092615509281376318523880280769765270216791770008700391276125962114831,1756365007,2025-08-28 07:10:07,0.5
bitcoin-up-or-down-august-28-9am-et,DOWN,9338724092615509281376318523880280769765270216791770008700391276125962114831,1756365063,2025-08-28 07:11:03,0.5
bitcoin-up-or-down-august-28-9am-et,DOWN,9338724092615509281376318523880280769765270216791770008700391276125962114831,1756365123,2025-08-28 07:12:03,0.495
bitcoin-up-or-down-august-28-9am-et,DOWN,9338724092615509281376318523880280769765270216791770008700391276125962114831,1756365183,2025-08-28 07:13:03,0.495
bitcoin-up-or-down-august-28-9am-et,DOWN,9338724092615509281376318523880280769765270216791770008700391276125962114831,1756365242,2025-08-28 07:14:02,0.495
bitcoin-up-or-down-august-28-9am-et,DOWN,9338724092615509281376318523880280769765270216791770008700391276125962114831,1756365306,2025-08-28 07:15:06,0.495
bitcoin-up-or-down-august-28-9am-et,DOWN,9338724092615509281376318523880280769765270216791770008700391276125962114831,1756365365,2025-08-28 07:16:05,0.495
bitcoin-up-or-down-august-28-9am-et,DOWN,9338724092615509281376318523880280769765270216791770008700391276125962114831,1756365424,2025-08-28 07:17:04,0.495
bitcoin-up-or-down-august-28-9am-et,DOWN,9338724092615509281376318523880280769765270216791770008700391276125962114831,1756365483,2025-08-28 07:18:03,0.495
bitcoin-up-or-down-august-28-9am-et,DOWN,9338724092615509281376318523880280769765270216791770008700391276125962114831,1756365542,2025-08-28 07:19:02,0.495
bitcoin-up-or-down-august-28-9am-et,DOWN,9338724092615509281376318523880280769765270216791770008700391276125962114831,1756365614,2025-08-28 07:20:14,0.495
bitcoin-up-or-down-august-28-9am-et,DOWN,9338724092615509281376318523880280769765270216791770008700391276125962114831,1756365663,2025-08-28 07:21:03,0.495
bitcoin-up-or-down-august-28-9am-et,DOWN,9338724092615509281376318523880280769765270216791770008700391276125962114831,1756365723,2025-08-28 07:22:03,0.495
bitcoin-up-or-down-august-28-9am-et,DOWN,9338724092615509281376318523880280769765270216791770008700391276125962114831,1756365782,2025-08-28 07:23:02,0.495
bitcoin-up-or-down-august-28-9am-et,DOWN,9338724092615509281376318523880280769765270216791770008700391276125962114831,1756365843,2025-08-28 07:24:03,0.495
bitcoin-up-or-down-august-28-9am-et,DOWN,9338724092615509281376318523880280769765270216791770008700391276125962114831,1756365910,2025-08-28 07:25:10,0.495
bitcoin-up-or-down-august-28-9am-et,DOWN,9338724092615509281376318523880280769765270216791770008700391276125962114831,1756365963,2025-08-28 07:26:03,0.495
bitcoin-up-or-down-august-28-9am-et,DOWN,9338724092615509281376318523880280769765270216791770008700391276125962114831,1756366022,2025-08-28 07:27:02,0.495
bitcoin-up-or-down-august-28-9am-et,DOWN,9338724092615509281376318523880280769765270216791770008700391276125962114831,1756366082,2025-08-28 07:28:02,0.495
bitcoin-up-or-down-august-28-9am-et,DOWN,9338724092615509281376318523880280769765270216791770008700391276125962114831,1756366144,2025-08-28 07:29:04,0.495
bitcoin-up-or-down-august-28-9am-et,DOWN,9338724092615509281376318523880280769765270216791770008700391276125962114831,1756366211,2025-08-28 07:30:11,0.495
bitcoin-up-or-down-august-28-9am-et,DOWN,9338724092615509281376318523880280769765270216791770008700391276125962114831,1756366263,2025-08-28 07:31:03,0.495
bitcoin-up-or-down-august-28-9am-et,DOWN,9338724092615509281376318523880280769765270216791770008700391276125962114831,1756366323,2025-08-28 07:32:03,0.495
bitcoin-up-or-down-august-28-9am-et,DOWN,9338724092615509281376318523880280769765270216791770008700391276125962114831,1756366382,2025-08-28 07:33:02,0.495
bitcoin-up-or-down-august-28-9am-et,DOWN,9338724092615509281376318523880280769765270216791770008700391276125962114831,1756366442,2025-08-28 07:34:02,0.495
bitcoin-up-or-down-august-28-9am-et,DOWN,9338724092615509281376318523880280769765270216791770008700391276125962114831,1756366503,2025-08-28 07:35:03,0.495
bitcoin-up-or-down-august-28-9am-et,DOWN,9338724092615509281376318523880280769765270216791770008700391276125962114831,1756366564,2025-08-28 07:36:04,0.495
bitcoin-up-or-down-august-28-9am-et,DOWN,9338724092615509281376318523880280769765270216791770008700391276125962114831,1756366624,2025-08-28 07:37:04,0.495
bitcoin-up-or-down-august-28-9am-et,DOWN,9338724092615509281376318523880280769765270216791770008700391276125962114831,1756366684,2025-08-28 07:38:04,0.495
bitcoin-up-or-down-august-28-9am-et,DOWN,9338724092615509281376318523880280769765270216791770008700391276125962114831,1756366742,2025-08-28 07:39:02,0.495
bitcoin-up-or-down-august-28-9am-et,DOWN,9338724092615509281376318523880280769765270216791770008700391276125962114831,1756366808,2025-08-28 07:40:08,0.495
bitcoin-up-or-down-august-28-9am-et,DOWN,9338724092615509281376318523880280769765270216791770008700391276125962114831,1756366868,2025-08-28 07:41:08,0.495
bitcoin-up-or-down-august-28-9am-et,DOWN,9338724092615509281376318523880280769765270216791770008700391276125962114831,1756366922,2025-08-28 07:42:02,0.495
bitcoin-up-or-down-august-28-9am-et,DOWN,9338724092615509281376318523880280769765270216791770008700391276125962114831,1756366983,2025-08-28 07:43:03,0.495
bitcoin-up-or-down-august-28-9am-et,DOWN,9338724092615509281376318523880280769765270216791770008700391276125962114831,1756367042,2025-08-28 07:44:02,0.495
bitcoin-up-or-down-august-28-9am-et,DOWN,9338724092615509281376318523880280769765270216791770008700391276125962114831,1756367112,2025-08-28 07:45:12,0.495
bitcoin-up-or-down-august-28-9am-et,DOWN,9338724092615509281376318523880280769765270216791770008700391276125962114831,1756367162,2025-08-28 07:46:02,0.495
bitcoin-up-or-down-august-28-9am-et,DOWN,9338724092615509281376318523880280769765270216791770008700391276125962114831,1756367223,2025-08-28 07:47:03,0.495
bitcoin-up-or-down-august-28-9am-et,DOWN,9338724092615509281376318523880280769765270216791770008700391276125962114831,1756367284,2025-08-28 07:48:04,0.495
bitcoin-up-or-down-august-28-9am-et,DOWN,9338724092615509281376318523880280769765270216791770008700391276125962114831,1756367344,2025-08-28 07:49:04,0.495
bitcoin-up-or-down-august-28-9am-et,DOWN,9338724092615509281376318523880280769765270216791770008700391276125962114831,1756367404,2025-08-28 07:50:04,0.495
bitcoin-up-or-down-august-28-9am-et,DOWN,9338724092615509281376318523880280769765270216791770008700391276125962114831,1756367464,2025-08-28 07:51:04,0.495
bitcoin-up-or-down-august-28-9am-et,DOWN,9338724092615509281376318523880280769765270216791770008700391276125962114831,1756367523,2025-08-28 07:52:03,0.495
bitcoin-up-or-down-august-28-9am-et,DOWN,9338724092615509281376318523880280769765270216791770008700391276125962114831,1756367582,2025-08-28 07:53:02,0.495
bitcoin-up-or-down-august-28-9am-et,DOWN,9338724092615509281376318523880280769765270216791770008700391276125962114831,1756367644,2025-08-28 07:54:04,0.495
bitcoin-up-or-down-august-28-9am-et,DOWN,9338724092615509281376318523880280769765270216791770008700391276125962114831,1756367709,2025-08-28 07:55:09,0.495
bitcoin-up-or-down-august-28-9am-et,DOWN,9338724092615509281376318523880280769765270216791770008700391276125962114831,1756367764,2025-08-28 07:56:04,0.495
bitcoin-up-or-down-august-28-9am-et,DOWN,9338724092615509281376318523880280769765270216791770008700391276125962114831,1756367824,2025-08-28 07:57:04,0.495
bitcoin-up-or-down-august-28-9am-et,DOWN,9338724092615509281376318523880280769765270216791770008700391276125962114831,1756367882,2025-08-28 07:58:02,0.495
bitcoin-up-or-down-august-28-9am-et,DOWN,9338724092615509281376318523880280769765270216791770008700391276125962114831,1756367943,2025-08-28 07:59:03,0.495
bitcoin-up-or-down-august-28-9am-et,DOWN,9338724092615509281376318523880280769765270216791770008700391276125962114831,1756368003,2025-08-28 08:00:03,0.495
bitcoin-up-or-down-august-28-9am-et,DOWN,9338724092615509281376318523880280769765270216791770008700391276125962114831,1756368063,2025-08-28 08:01:03,0.495
bitcoin-up-or-down-august-28-9am-et,DOWN,9338724092615509281376318523880280769765270216791770008700391276125962114831,1756368123,2025-08-28 08:02:03,0.495
bitcoin-up-or-down-august-28-9am-et,DOWN,9338724092615509281376318523880280769765270216791770008700391276125962114831,1756368184,2025-08-28 08:03:04,0.495
bitcoin-up-or-down-august-28-9am-et,DOWN,9338724092615509281376318523880280769765270216791770008700391276125962114831,1756368242,2025-08-28 08:04:02,0.495
bitcoin-up-or-down-august-28-9am-et,DOWN,9338724092615509281376318523880280769765270216791770008700391276125962114831,1756368304,2025-08-28 08:05:04,0.495
bitcoin-up-or-down-august-28-9am-et,DOWN,9338724092615509281376318523880280769765270216791770008700391276125962114831,1756368362,2025-08-28 08:06:02,0.495
bitcoin-up-or-down-august-28-9am-et,DOWN,9338724092615509281376318523880280769765270216791770008700391276125962114831,1756368424,2025-08-28 08:07:04,0.495
bitcoin-up-or-down-august-28-9am-et,DOWN,9338724092615509281376318523880280769765270216791770008700391276125962114831,1756368500,2025-08-28 08:08:20,0.495
bitcoin-up-or-down-august-28-9am-et,DOWN,9338724092615509281376318523880280769765270216791770008700391276125962114831,1756368544,2025-08-28 08:09:04,0.495
bitcoin-up-or-down-august-28-9am-et,DOWN,9338724092615509281376318523880280769765270216791770008700391276125962114831,1756368612,2025-08-28 08:10:12,0.495
bitcoin-up-or-down-august-28-9am-et,DOWN,9338724092615509281376318523880280769765270216791770008700391276125962114831,1756368662,2025-08-28 08:11:02,0.495
bitcoin-up-or-down-august-28-9am-et,DOWN,9338724092615509281376318523880280769765270216791770008700391276125962114831,1756368723,2025-08-28 08:12:03,0.495
bitcoin-up-or-down-august-28-9am-et,DOWN,9338724092615509281376318523880280769765270216791770008700391276125962114831,1756368783,2025-08-28 08:13:03,0.495
bitcoin-up-or-down-august-28-9am-et,DOWN,9338724092615509281376318523880280769765270216791770008700391276125962114831,1756368842,2025-08-28 08:14:02,0.495
bitcoin-up-or-down-august-28-9am-et,DOWN,9338724092615509281376318523880280769765270216791770008700391276125962114831,1756368907,2025-08-28 08:15:07,0.495
bitcoin-up-or-down-august-28-9am-et,DOWN,9338724092615509281376318523880280769765270216791770008700391276125962114831,1756368962,2025-08-28 08:16:02,0.495
bitcoin-up-or-down-august-28-9am-et,DOWN,9338724092615509281376318523880280769765270216791770008700391276125962114831,1756369022,2025-08-28 08:17:02,0.495
bitcoin-up-or-down-august-28-9am-et,DOWN,9338724092615509281376318523880280769765270216791770008700391276125962114831,1756369083,2025-08-28 08:18:03,0.495
bitcoin-up-or-down-august-28-9am-et,DOWN,9338724092615509281376318523880280769765270216791770008700391276125962114831,1756369143,2025-08-28 08:19:03,0.495
bitcoin-up-or-down-august-28-9am-et,DOWN,9338724092615509281376318523880280769765270216791770008700391276125962114831,1756369203,2025-08-28 08:20:03,0.495
bitcoin-up-or-down-august-28-9am-et,DOWN,9338724092615509281376318523880280769765270216791770008700391276125962114831,1756369264,2025-08-28 08:21:04,0.495
bitcoin-up-or-down-august-28-9am-et,DOWN,9338724092615509281376318523880280769765270216791770008700391276125962114831,1756369324,2025-08-28 08:22:04,0.495
bitcoin-up-or-down-august-28-9am-et,DOWN,9338724092615509281376318523880280769765270216791770008700391276125962114831,1756369383,2025-08-28 08:23:03,0.495
bitcoin-up-or-down-august-28-9am-et,DOWN,9338724092615509281376318523880280769765270216791770008700391276125962114831,1756369443,2025-08-28 08:24:03,0.495
bitcoin-up-or-down-august-28-9am-et,DOWN,9338724092615509281376318523880280769765270216791770008700391276125962114831,1756369515,2025-08-28 08:25:15,0.495
bitcoin-up-or-down-august-28-9am-et,DOWN,9338724092615509281376318523880280769765270216791770008700391276125962114831,1756369563,2025-08-28 08:26:03,0.495
bitcoin-up-or-down-august-28-9am-et,DOWN,9338724092615509281376318523880280769765270216791770008700391276125962114831,1756369624,2025-08-28 08:27:04,0.495
bitcoin-up-or-down-august-28-9am-et,DOWN,9338724092615509281376318523880280769765270216791770008700391276125962114831,1756369682,2025-08-28 08:28:02,0.495
bitcoin-up-or-down-august-28-9am-et,DOWN,9338724092615509281376318523880280769765270216791770008700391276125962114831,1756369744,2025-08-28 08:29:04,0.495
bitcoin-up-or-down-august-28-9am-et,DOWN,9338724092615509281376318523880280769765270216791770008700391276125962114831,1756369810,2025-08-28 08:30:10,0.495
bitcoin-up-or-down-august-28-9am-et,DOWN,9338724092615509281376318523880280769765270216791770008700391276125962114831,1756369864,2025-08-28 08:31:04,0.495
bitcoin-up-or-down-august-28-9am-et,DOWN,9338724092615509281376318523880280769765270216791770008700391276125962114831,1756369922,2025-08-28 08:32:02,0.495
bitcoin-up-or-down-august-28-9am-et,DOWN,9338724092615509281376318523880280769765270216791770008700391276125962114831,1756369983,2025-08-28 08:33:03,0.495
bitcoin-up-or-down-august-28-9am-et,DOWN,9338724092615509281376318523880280769765270216791770008700391276125962114831,1756370044,2025-08-28 08:34:04,0.495
bitcoin-up-or-down-august-28-9am-et,DOWN,9338724092615509281376318523880280769765270216791770008700391276125962114831,1756370110,2025-08-28 08:35:10,0.495
bitcoin-up-or-down-august-28-9am-et,DOWN,9338724092615509281376318523880280769765270216791770008700391276125962114831,1756370162,2025-08-28 08:36:02,0.495
bitcoin-up-or-down-august-28-9am-et,DOWN,9338724092615509281376318523880280769765270216791770008700391276125962114831,1756370223,2025-08-28 08:37:03,0.495
bitcoin-up-or-down-august-28-9am-et,DOWN,9338724092615509281376318523880280769765270216791770008700391276125962114831,1756370284,2025-08-28 08:38:04,0.495
bitcoin-up-or-down-august-28-9am-et,DOWN,9338724092615509281376318523880280769765270216791770008700391276125962114831,1756370342,2025-08-28 08:39:02,0.495
bitcoin-up-or-down-august-28-9am-et,DOWN,9338724092615509281376318523880280769765270216791770008700391276125962114831,1756370408,2025-08-28 08:40:08,0.495
bitcoin-up-or-down-august-28-9am-et,DOWN,9338724092615509281376318523880280769765270216791770008700391276125962114831,1756370464,2025-08-28 08:41:04,0.495
bitcoin-up-or-down-august-28-9am-et,DOWN,9338724092615509281376318523880280769765270216791770008700391276125962114831,1756370523,2025-08-28 08:42:03,0.495
bitcoin-up-or-down-august-28-9am-et,DOWN,9338724092615509281376318523880280769765270216791770008700391276125962114831,1756370583,2025-08-28 08:43:03,0.495
bitcoin-up-or-down-august-28-9am-et,DOWN,9338724092615509281376318523880280769765270216791770008700391276125962114831,1756370643,2025-08-28 08:44:03,0.495
bitcoin-up-or-down-august-28-9am-et,DOWN,9338724092615509281376318523880280769765270216791770008700391276125962114831,1756370705,2025-08-28 08:45:05,0.495
bitcoin-up-or-down-august-28-9am-et,DOWN,9338724092615509281376318523880280769765270216791770008700391276125962114831,1756370764,2025-08-28 08:46:04,0.495
bitcoin-up-or-down-august-28-9am-et,DOWN,9338724092615509281376318523880280769765270216791770008700391276125962114831,1756370822,2025-08-28 08:47:02,0.495
bitcoin-up-or-down-august-28-9am-et,DOWN,9338724092615509281376318523880280769765270216791770008700391276125962114831,1756370883,2025-08-28 08:48:03,0.495
bitcoin-up-or-down-august-28-9am-et,DOWN,9338724092615509281376318523880280769765270216791770008700391276125962114831,1756370942,2025-08-28 08:49:02,0.495
bitcoin-up-or-down-august-28-9am-et,DOWN,9338724092615509281376318523880280769765270216791770008700391276125962114831,1756371015,2025-08-28 08:50:15,0.495
bitcoin-up-or-down-august-28-9am-et,DOWN,9338724092615509281376318523880280769765270216791770008700391276125962114831,1756371062,2025-08-28 08:51:02,0.495
bitcoin-up-or-down-august-28-9am-et,DOWN,9338724092615509281376318523880280769765270216791770008700391276125962114831,1756371124,2025-08-28 08:52:04,0.495
bitcoin-up-or-down-august-28-9am-et,DOWN,9338724092615509281376318523880280769765270216791770008700391276125962114831,1756371183,2025-08-28 08:53:03,0.495
bitcoin-up-or-down-august-28-9am-et,DOWN,9338724092615509281376318523880280769765270216791770008700391276125962114831,1756371244,2025-08-28 08:54:04,0.495
bitcoin-up-or-down-august-28-9am-et,DOWN,9338724092615509281376318523880280769765270216791770008700391276125962114831,1756371303,2025-08-28 08:55:03,0.495
bitcoin-up-or-down-august-28-9am-et,DOWN,9338724092615509281376318523880280769765270216791770008700391276125962114831,1756371362,2025-08-28 08:56:02,0.495
bitcoin-up-or-down-august-28-9am-et,DOWN,9338724092615509281376318523880280769765270216791770008700391276125962114831,1756371423,2025-08-28 08:57:03,0.495
bitcoin-up-or-down-august-28-9am-et,DOWN,9338724092615509281376318523880280769765270216791770008700391276125962114831,1756371483,2025-08-28 08:58:03,0.495
bitcoin-up-or-down-august-28-9am-et,DOWN,9338724092615509281376318523880280769765270216791770008700391276125962114831,1756371542,2025-08-28 08:59:02,0.495
bitcoin-up-or-down-august-28-9am-et,DOWN,9338724092615509281376318523880280769765270216791770008700391276125962114831,1756371618,2025-08-28 09:00:18,0.495
bitcoin-up-or-down-august-28-9am-et,DOWN,9338724092615509281376318523880280769765270216791770008700391276125962114831,1756371663,2025-08-28 09:01:03,0.495
bitcoin-up-or-down-august-28-9am-et,DOWN,9338724092615509281376318523880280769765270216791770008700391276125962114831,1756371722,2025-08-28 09:02:02,0.495
bitcoin-up-or-down-august-28-9am-et,DOWN,9338724092615509281376318523880280769765270216791770008700391276125962114831,1756371783,2025-08-28 09:03:03,0.495
bitcoin-up-or-down-august-28-9am-et,DOWN,9338724092615509281376318523880280769765270216791770008700391276125962114831,1756371843,2025-08-28 09:04:03,0.495
bitcoin-up-or-down-august-28-9am-et,DOWN,9338724092615509281376318523880280769765270216791770008700391276125962114831,1756371910,2025-08-28 09:05:10,0.495
bitcoin-up-or-down-august-28-9am-et,DOWN,9338724092615509281376318523880280769765270216791770008700391276125962114831,1756371962,2025-08-28 09:06:02,0.495
bitcoin-up-or-down-august-28-9am-et,DOWN,9338724092615509281376318523880280769765270216791770008700391276125962114831,1756372022,2025-08-28 09:07:02,0.495
bitcoin-up-or-down-august-28-9am-et,DOWN,9338724092615509281376318523880280769765270216791770008700391276125962114831,1756372082,2025-08-28 09:08:02,0.495
bitcoin-up-or-down-august-28-9am-et,DOWN,9338724092615509281376318523880280769765270216791770008700391276125962114831,1756372142,2025-08-28 09:09:02,0.495
bitcoin-up-or-down-august-28-9am-et,DOWN,9338724092615509281376318523880280769765270216791770008700391276125962114831,1756372210,2025-08-28 09:10:10,0.495
bitcoin-up-or-down-august-28-9am-et,DOWN,9338724092615509281376318523880280769765270216791770008700391276125962114831,1756372263,2025-08-28 09:11:03,0.495
bitcoin-up-or-down-august-28-9am-et,DOWN,9338724092615509281376318523880280769765270216791770008700391276125962114831,1756372323,2025-08-28 09:12:03,0.495
bitcoin-up-or-down-august-28-9am-et,DOWN,9338724092615509281376318523880280769765270216791770008700391276125962114831,1756372383,2025-08-28 09:13:03,0.495
bitcoin-up-or-down-august-28-9am-et,DOWN,9338724092615509281376318523880280769765270216791770008700391276125962114831,1756372444,2025-08-28 09:14:04,0.495
bitcoin-up-or-down-august-28-9am-et,DOWN,9338724092615509281376318523880280769765270216791770008700391276125962114831,1756372503,2025-08-28 09:15:03,0.495
bitcoin-up-or-down-august-28-9am-et,DOWN,9338724092615509281376318523880280769765270216791770008700391276125962114831,1756372564,2025-08-28 09:16:04,0.495
bitcoin-up-or-down-august-28-9am-et,DOWN,9338724092615509281376318523880280769765270216791770008700391276125962114831,1756372623,2025-08-28 09:17:03,0.495
bitcoin-up-or-down-august-28-9am-et,DOWN,9338724092615509281376318523880280769765270216791770008700391276125962114831,1756372683,2025-08-28 09:18:03,0.495
bitcoin-up-or-down-august-28-9am-et,DOWN,9338724092615509281376318523880280769765270216791770008700391276125962114831,1756372743,2025-08-28 09:19:03,0.495
bitcoin-up-or-down-august-28-9am-et,DOWN,9338724092615509281376318523880280769765270216791770008700391276125962114831,1756372816,2025-08-28 09:20:16,0.495
bitcoin-up-or-down-august-28-9am-et,DOWN,9338724092615509281376318523880280769765270216791770008700391276125962114831,1756372863,2025-08-28 09:21:03,0.495
bitcoin-up-or-down-august-28-9am-et,DOWN,9338724092615509281376318523880280769765270216791770008700391276125962114831,1756372924,2025-08-28 09:22:04,0.495
bitcoin-up-or-down-august-28-9am-et,DOWN,9338724092615509281376318523880280769765270216791770008700391276125962114831,1756372984,2025-08-28 09:23:04,0.495
bitcoin-up-or-down-august-28-9am-et,DOWN,9338724092615509281376318523880280769765270216791770008700391276125962114831,1756373043,2025-08-28 09:24:03,0.495
bitcoin-up-or-down-august-28-9am-et,DOWN,9338724092615509281376318523880280769765270216791770008700391276125962114831,1756373103,2025-08-28 09:25:03,0.495
bitcoin-up-or-down-august-28-9am-et,DOWN,9338724092615509281376318523880280769765270216791770008700391276125962114831,1756373163,2025-08-28 09:26:03,0.495
bitcoin-up-or-down-august-28-9am-et,DOWN,9338724092615509281376318523880280769765270216791770008700391276125962114831,1756373223,2025-08-28 09:27:03,0.495
bitcoin-up-or-down-august-28-9am-et,DOWN,9338724092615509281376318523880280769765270216791770008700391276125962114831,1756373283,2025-08-28 09:28:03,0.495
bitcoin-up-or-down-august-28-9am-et,DOWN,9338724092615509281376318523880280769765270216791770008700391276125962114831,1756373343,2025-08-28 09:29:03,0.495
bitcoin-up-or-down-august-28-9am-et,DOWN,9338724092615509281376318523880280769765270216791770008700391276125962114831,1756373409,2025-08-28 09:30:09,0.495
bitcoin-up-or-down-august-28-9am-et,DOWN,9338724092615509281376318523880280769765270216791770008700391276125962114831,1756373462,2025-08-28 09:31:02,0.495
bitcoin-up-or-down-august-28-9am-et,DOWN,9338724092615509281376318523880280769765270216791770008700391276125962114831,1756373522,2025-08-28 09:32:02,0.495
bitcoin-up-or-down-august-28-9am-et,DOWN,9338724092615509281376318523880280769765270216791770008700391276125962114831,1756373582,2025-08-28 09:33:02,0.495
bitcoin-up-or-down-august-28-9am-et,DOWN,9338724092615509281376318523880280769765270216791770008700391276125962114831,1756373644,2025-08-28 09:34:04,0.495
bitcoin-up-or-down-august-28-9am-et,DOWN,9338724092615509281376318523880280769765270216791770008700391276125962114831,1756373714,2025-08-28 09:35:14,0.495
bitcoin-up-or-down-august-28-9am-et,DOWN,9338724092615509281376318523880280769765270216791770008700391276125962114831,1756373762,2025-08-28 09:36:02,0.495
bitcoin-up-or-down-august-28-9am-et,DOWN,9338724092615509281376318523880280769765270216791770008700391276125962114831,1756373824,2025-08-28 09:37:04,0.495
bitcoin-up-or-down-august-28-9am-et,DOWN,9338724092615509281376318523880280769765270216791770008700391276125962114831,1756373883,2025-08-28 09:38:03,0.495
bitcoin-up-or-down-august-28-9am-et,DOWN,9338724092615509281376318523880280769765270216791770008700391276125962114831,1756373943,2025-08-28 09:39:03,0.495
bitcoin-up-or-down-august-28-9am-et,DOWN,9338724092615509281376318523880280769765270216791770008700391276125962114831,1756374005,2025-08-28 09:40:05,0.495
bitcoin-up-or-down-august-28-9am-et,DOWN,9338724092615509281376318523880280769765270216791770008700391276125962114831,1756374063,2025-08-28 09:41:03,0.495
bitcoin-up-or-down-august-28-9am-et,DOWN,9338724092615509281376318523880280769765270216791770008700391276125962114831,1756374126,2025-08-28 09:42:06,0.495
bitcoin-up-or-down-august-28-9am-et,DOWN,9338724092615509281376318523880280769765270216791770008700391276125962114831,1756374182,2025-08-28 09:43:02,0.495
bitcoin-up-or-down-august-28-9am-et,DOWN,9338724092615509281376318523880280769765270216791770008700391276125962114831,1756374244,2025-08-28 09:44:04,0.495
bitcoin-up-or-down-august-28-9am-et,DOWN,9338724092615509281376318523880280769765270216791770008700391276125962114831,1756374314,2025-08-28 09:45:14,0.495
bitcoin-up-or-down-august-28-9am-et,DOWN,9338724092615509281376318523880280769765270216791770008700391276125962114831,1756374363,2025-08-28 09:46:03,0.495
bitcoin-up-or-down-august-28-9am-et,DOWN,9338724092615509281376318523880280769765270216791770008700391276125962114831,1756374423,2025-08-28 09:47:03,0.495
bitcoin-up-or-down-august-28-9am-et,DOWN,9338724092615509281376318523880280769765270216791770008700391276125962114831,1756374483,2025-08-28 09:48:03,0.495
bitcoin-up-or-down-august-28-9am-et,DOWN,9338724092615509281376318523880280769765270216791770008700391276125962114831,1756374544,2025-08-28 09:49:04,0.495
bitcoin-up-or-down-august-28-9am-et,DOWN,9338724092615509281376318523880280769765270216791770008700391276125962114831,1756374616,2025-08-28 09:50:16,0.495
bitcoin-up-or-down-august-28-9am-et,DOWN,9338724092615509281376318523880280769765270216791770008700391276125962114831,1756374663,2025-08-28 09:51:03,0.495
bitcoin-up-or-down-august-28-9am-et,DOWN,9338724092615509281376318523880280769765270216791770008700391276125962114831,1756374723,2025-08-28 09:52:03,0.495
bitcoin-up-or-down-august-28-9am-et,DOWN,9338724092615509281376318523880280769765270216791770008700391276125962114831,1756374782,2025-08-28 09:53:02,0.495
bitcoin-up-or-down-august-28-9am-et,DOWN,9338724092615509281376318523880280769765270216791770008700391276125962114831,1756374844,2025-08-28 09:54:04,0.495
bitcoin-up-or-down-august-28-9am-et,DOWN,9338724092615509281376318523880280769765270216791770008700391276125962114831,1756374904,2025-08-28 09:55:04,0.495
bitcoin-up-or-down-august-28-9am-et,DOWN,9338724092615509281376318523880280769765270216791770008700391276125962114831,1756374963,2025-08-28 09:56:03,0.495
bitcoin-up-or-down-august-28-9am-et,DOWN,9338724092615509281376318523880280769765270216791770008700391276125962114831,1756375023,2025-08-28 09:57:03,0.495
bitcoin-up-or-down-august-28-9am-et,DOWN,9338724092615509281376318523880280769765270216791770008700391276125962114831,1756375083,2025-08-28 09:58:03,0.495
bitcoin-up-or-down-august-28-9am-et,DOWN,9338724092615509281376318523880280769765270216791770008700391276125962114831,1756375142,2025-08-28 09:59:02,0.495
bitcoin-up-or-down-august-28-9am-et,DOWN,9338724092615509281376318523880280769765270216791770008700391276125962114831,1756375218,2025-08-28 10:00:18,0.495
bitcoin-up-or-down-august-28-9am-et,DOWN,9338724092615509281376318523880280769765270216791770008700391276125962114831,1756375263,2025-08-28 10:01:03,0.495
bitcoin-up-or-down-august-28-9am-et,DOWN,9338724092615509281376318523880280769765270216791770008700391276125962114831,1756375322,2025-08-28 10:02:02,0.495
bitcoin-up-or-down-august-28-9am-et,DOWN,9338724092615509281376318523880280769765270216791770008700391276125962114831,1756375384,2025-08-28 10:03:04,0.495
bitcoin-up-or-down-august-28-9am-et,DOWN,9338724092615509281376318523880280769765270216791770008700391276125962114831,1756375442,2025-08-28 10:04:02,0.495
bitcoin-up-or-down-august-28-9am-et,DOWN,9338724092615509281376318523880280769765270216791770008700391276125962114831,1756375502,2025-08-28 10:05:02,0.495
bitcoin-up-or-down-august-28-9am-et,DOWN,9338724092615509281376318523880280769765270216791770008700391276125962114831,1756375569,2025-08-28 10:06:09,0.495
bitcoin-up-or-down-august-28-9am-et,DOWN,9338724092615509281376318523880280769765270216791770008700391276125962114831,1756375626,2025-08-28 10:07:06,0.495
bitcoin-up-or-down-august-28-9am-et,DOWN,9338724092615509281376318523880280769765270216791770008700391276125962114831,1756375683,2025-08-28 10:08:03,0.495
bitcoin-up-or-down-august-28-9am-et,DOWN,9338724092615509281376318523880280769765270216791770008700391276125962114831,1756375743,2025-08-28 10:09:03,0.495
bitcoin-up-or-down-august-28-9am-et,DOWN,9338724092615509281376318523880280769765270216791770008700391276125962114831,1756375814,2025-08-28 10:10:14,0.495
bitcoin-up-or-down-august-28-9am-et,DOWN,9338724092615509281376318523880280769765270216791770008700391276125962114831,1756375862,2025-08-28 10:11:02,0.495
bitcoin-up-or-down-august-28-9am-et,DOWN,9338724092615509281376318523880280769765270216791770008700391276125962114831,1756375924,2025-08-28 10:12:04,0.495
bitcoin-up-or-down-august-28-9am-et,DOWN,9338724092615509281376318523880280769765270216791770008700391276125962114831,1756375982,2025-08-28 10:13:02,0.495
bitcoin-up-or-down-august-28-9am-et,DOWN,9338724092615509281376318523880280769765270216791770008700391276125962114831,1756376044,2025-08-28 10:14:04,0.495
bitcoin-up-or-down-august-28-9am-et,DOWN,9338724092615509281376318523880280769765270216791770008700391276125962114831,1756376102,2025-08-28 10:15:02,0.495
bitcoin-up-or-down-august-28-9am-et,DOWN,9338724092615509281376318523880280769765270216791770008700391276125962114831,1756376162,2025-08-28 10:16:02,0.495
bitcoin-up-or-down-august-28-9am-et,DOWN,9338724092615509281376318523880280769765270216791770008700391276125962114831,1756376222,2025-08-28 10:17:02,0.495
bitcoin-up-or-down-august-28-9am-et,DOWN,9338724092615509281376318523880280769765270216791770008700391276125962114831,1756376283,2025-08-28 10:18:03,0.495
bitcoin-up-or-down-august-28-9am-et,DOWN,9338724092615509281376318523880280769765270216791770008700391276125962114831,1756376344,2025-08-28 10:19:04,0.495
bitcoin-up-or-down-august-28-9am-et,DOWN,9338724092615509281376318523880280769765270216791770008700391276125962114831,1756376412,2025-08-28 10:20:12,0.495
bitcoin-up-or-down-august-28-9am-et,DOWN,9338724092615509281376318523880280769765270216791770008700391276125962114831,1756376462,2025-08-28 10:21:02,0.495
bitcoin-up-or-down-august-28-9am-et,DOWN,9338724092615509281376318523880280769765270216791770008700391276125962114831,1756376523,2025-08-28 10:22:03,0.495
bitcoin-up-or-down-august-28-9am-et,DOWN,9338724092615509281376318523880280769765270216791770008700391276125962114831,1756376582,2025-08-28 10:23:02,0.495
bitcoin-up-or-down-august-28-9am-et,DOWN,9338724092615509281376318523880280769765270216791770008700391276125962114831,1756376644,2025-08-28 10:24:04,0.495
bitcoin-up-or-down-august-28-9am-et,DOWN,9338724092615509281376318523880280769765270216791770008700391276125962114831,1756376702,2025-08-28 10:25:02,0.495
bitcoin-up-or-down-august-28-9am-et,DOWN,9338724092615509281376318523880280769765270216791770008700391276125962114831,1756376763,2025-08-28 10:26:03,0.495
bitcoin-up-or-down-august-28-9am-et,DOWN,9338724092615509281376318523880280769765270216791770008700391276125962114831,1756376824,2025-08-28 10:27:04,0.495
bitcoin-up-or-down-august-28-9am-et,DOWN,9338724092615509281376318523880280769765270216791770008700391276125962114831,1756376884,2025-08-28 10:28:04,0.495
bitcoin-up-or-down-august-28-9am-et,DOWN,9338724092615509281376318523880280769765270216791770008700391276125962114831,1756376943,2025-08-28 10:29:03,0.495
bitcoin-up-or-down-august-28-9am-et,DOWN,9338724092615509281376318523880280769765270216791770008700391276125962114831,1756377013,2025-08-28 10:30:13,0.495
bitcoin-up-or-down-august-28-9am-et,DOWN,9338724092615509281376318523880280769765270216791770008700391276125962114831,1756377063,2025-08-28 10:31:03,0.495
bitcoin-up-or-down-august-28-9am-et,DOWN,9338724092615509281376318523880280769765270216791770008700391276125962114831,1756377123,2025-08-28 10:32:03,0.495
bitcoin-up-or-down-august-28-9am-et,DOWN,9338724092615509281376318523880280769765270216791770008700391276125962114831,1756377184,2025-08-28 10:33:04,0.495
bitcoin-up-or-down-august-28-9am-et,DOWN,9338724092615509281376318523880280769765270216791770008700391276125962114831,1756377243,2025-08-28 10:34:03,0.495
bitcoin-up-or-down-august-28-9am-et,DOWN,9338724092615509281376318523880280769765270216791770008700391276125962114831,1756377304,2025-08-28 10:35:04,0.495
bitcoin-up-or-down-august-28-9am-et,DOWN,9338724092615509281376318523880280769765270216791770008700391276125962114831,1756377363,2025-08-28 10:36:03,0.495
bitcoin-up-or-down-august-28-9am-et,DOWN,9338724092615509281376318523880280769765270216791770008700391276125962114831,1756377424,2025-08-28 10:37:04,0.495
bitcoin-up-or-down-august-28-9am-et,DOWN,9338724092615509281376318523880280769765270216791770008700391276125962114831,1756377484,2025-08-28 10:38:04,0.495
bitcoin-up-or-down-august-28-9am-et,DOWN,9338724092615509281376318523880280769765270216791770008700391276125962114831,1756377542,2025-08-28 10:39:02,0.495
bitcoin-up-or-down-august-28-9am-et,DOWN,9338724092615509281376318523880280769765270216791770008700391276125962114831,1756377613,2025-08-28 10:40:13,0.495
bitcoin-up-or-down-august-28-9am-et,DOWN,9338724092615509281376318523880280769765270216791770008700391276125962114831,1756377663,2025-08-28 10:41:03,0.495
bitcoin-up-or-down-august-28-9am-et,DOWN,9338724092615509281376318523880280769765270216791770008700391276125962114831,1756377724,2025-08-28 10:42:04,0.495
bitcoin-up-or-down-august-28-9am-et,DOWN,9338724092615509281376318523880280769765270216791770008700391276125962114831,1756377783,2025-08-28 10:43:03,0.495
bitcoin-up-or-down-august-28-9am-et,DOWN,9338724092615509281376318523880280769765270216791770008700391276125962114831,1756377842,2025-08-28 10:44:02,0.495
bitcoin-up-or-down-august-28-9am-et,DOWN,9338724092615509281376318523880280769765270216791770008700391276125962114831,1756377906,2025-08-28 10:45:06,0.495
bitcoin-up-or-down-august-28-9am-et,DOWN,9338724092615509281376318523880280769765270216791770008700391276125962114831,1756377963,2025-08-28 10:46:03,0.495
bitcoin-up-or-down-august-28-9am-et,DOWN,9338724092615509281376318523880280769765270216791770008700391276125962114831,1756378022,2025-08-28 10:47:02,0.495
bitcoin-up-or-down-august-28-9am-et,DOWN,9338724092615509281376318523880280769765270216791770008700391276125962114831,1756378084,2025-08-28 10:48:04,0.495
bitcoin-up-or-down-august-28-9am-et,DOWN,9338724092615509281376318523880280769765270216791770008700391276125962114831,1756378143,2025-08-28 10:49:03,0.495
bitcoin-up-or-down-august-28-9am-et,DOWN,9338724092615509281376318523880280769765270216791770008700391276125962114831,1756378202,2025-08-28 10:50:02,0.495
bitcoin-up-or-down-august-28-9am-et,DOWN,9338724092615509281376318523880280769765270216791770008700391276125962114831,1756378263,2025-08-28 10:51:03,0.495
bitcoin-up-or-down-august-28-9am-et,DOWN,9338724092615509281376318523880280769765270216791770008700391276125962114831,1756378323,2025-08-28 10:52:03,0.495
bitcoin-up-or-down-august-28-9am-et,DOWN,9338724092615509281376318523880280769765270216791770008700391276125962114831,1756378383,2025-08-28 10:53:03,0.495
bitcoin-up-or-down-august-28-9am-et,DOWN,9338724092615509281376318523880280769765270216791770008700391276125962114831,1756378443,2025-08-28 10:54:03,0.495
bitcoin-up-or-down-august-28-9am-et,DOWN,9338724092615509281376318523880280769765270216791770008700391276125962114831,1756378507,2025-08-28 10:55:07,0.495
bitcoin-up-or-down-august-28-9am-et,DOWN,9338724092615509281376318523880280769765270216791770008700391276125962114831,1756378562,2025-08-28 10:56:02,0.495
bitcoin-up-or-down-august-28-9am-et,DOWN,9338724092615509281376318523880280769765270216791770008700391276125962114831,1756378623,2025-08-28 10:57:03,0.495
bitcoin-up-or-down-august-28-9am-et,DOWN,9338724092615509281376318523880280769765270216791770008700391276125962114831,1756378684,2025-08-28 10:58:04,0.495
bitcoin-up-or-down-august-28-9am-et,DOWN,9338724092615509281376318523880280769765270216791770008700391276125962114831,1756378742,2025-08-28 10:59:02,0.495
bitcoin-up-or-down-august-28-9am-et,DOWN,9338724092615509281376318523880280769765270216791770008700391276125962114831,1756378812,2025-08-28 11:00:12,0.495
bitcoin-up-or-down-august-28-9am-et,DOWN,9338724092615509281376318523880280769765270216791770008700391276125962114831,1756378863,2025-08-28 11:01:03,0.495
bitcoin-up-or-down-august-28-9am-et,DOWN,9338724092615509281376318523880280769765270216791770008700391276125962114831,1756378924,2025-08-28 11:02:04,0.495
bitcoin-up-or-down-august-28-9am-et,DOWN,9338724092615509281376318523880280769765270216791770008700391276125962114831,1756378983,2025-08-28 11:03:03,0.495
bitcoin-up-or-down-august-28-9am-et,DOWN,9338724092615509281376318523880280769765270216791770008700391276125962114831,1756379043,2025-08-28 11:04:03,0.495
bitcoin-up-or-down-august-28-9am-et,DOWN,9338724092615509281376318523880280769765270216791770008700391276125962114831,1756379108,2025-08-28 11:05:08,0.495
bitcoin-up-or-down-august-28-9am-et,DOWN,9338724092615509281376318523880280769765270216791770008700391276125962114831,1756379164,2025-08-28 11:06:04,0.495
bitcoin-up-or-down-august-28-9am-et,DOWN,9338724092615509281376318523880280769765270216791770008700391276125962114831,1756379223,2025-08-28 11:07:03,0.495
bitcoin-up-or-down-august-28-9am-et,DOWN,9338724092615509281376318523880280769765270216791770008700391276125962114831,1756379282,2025-08-28 11:08:02,0.495
bitcoin-up-or-down-august-28-9am-et,DOWN,9338724092615509281376318523880280769765270216791770008700391276125962114831,1756379343,2025-08-28 11:09:03,0.495
bitcoin-up-or-down-august-28-9am-et,DOWN,9338724092615509281376318523880280769765270216791770008700391276125962114831,1756379414,2025-08-28 11:10:14,0.495
bitcoin-up-or-down-august-28-9am-et,DOWN,9338724092615509281376318523880280769765270216791770008700391276125962114831,1756379462,2025-08-28 11:11:02,0.495
bitcoin-up-or-down-august-28-9am-et,DOWN,9338724092615509281376318523880280769765270216791770008700391276125962114831,1756379524,2025-08-28 11:12:04,0.495
bitcoin-up-or-down-august-28-9am-et,DOWN,9338724092615509281376318523880280769765270216791770008700391276125962114831,1756379582,2025-08-28 11:13:02,0.495
bitcoin-up-or-down-august-28-9am-et,DOWN,9338724092615509281376318523880280769765270216791770008700391276125962114831,1756379643,2025-08-28 11:14:03,0.495
bitcoin-up-or-down-august-28-9am-et,DOWN,9338724092615509281376318523880280769765270216791770008700391276125962114831,1756379708,2025-08-28 11:15:08,0.495
bitcoin-up-or-down-august-28-9am-et,DOWN,9338724092615509281376318523880280769765270216791770008700391276125962114831,1756379762,2025-08-28 11:16:02,0.495
bitcoin-up-or-down-august-28-9am-et,DOWN,9338724092615509281376318523880280769765270216791770008700391276125962114831,1756379822,2025-08-28 11:17:02,0.495
bitcoin-up-or-down-august-28-9am-et,DOWN,9338724092615509281376318523880280769765270216791770008700391276125962114831,1756379883,2025-08-28 11:18:03,0.495
bitcoin-up-or-down-august-28-9am-et,DOWN,9338724092615509281376318523880280769765270216791770008700391276125962114831,1756379946,2025-08-28 11:19:06,0.495
bitcoin-up-or-down-august-28-9am-et,DOWN,9338724092615509281376318523880280769765270216791770008700391276125962114831,1756380002,2025-08-28 11:20:02,0.495
bitcoin-up-or-down-august-28-9am-et,DOWN,9338724092615509281376318523880280769765270216791770008700391276125962114831,1756380063,2025-08-28 11:21:03,0.495
bitcoin-up-or-down-august-28-9am-et,DOWN,9338724092615509281376318523880280769765270216791770008700391276125962114831,1756380123,2025-08-28 11:22:03,0.495
bitcoin-up-or-down-august-28-9am-et,DOWN,9338724092615509281376318523880280769765270216791770008700391276125962114831,1756380183,2025-08-28 11:23:03,0.495
bitcoin-up-or-down-august-28-9am-et,DOWN,9338724092615509281376318523880280769765270216791770008700391276125962114831,1756380244,2025-08-28 11:24:04,0.495
bitcoin-up-or-down-august-28-9am-et,DOWN,9338724092615509281376318523880280769765270216791770008700391276125962114831,1756380307,2025-08-28 11:25:07,0.495
bitcoin-up-or-down-august-28-9am-et,DOWN,9338724092615509281376318523880280769765270216791770008700391276125962114831,1756380365,2025-08-28 11:26:05,0.495
bitcoin-up-or-down-august-28-9am-et,DOWN,9338724092615509281376318523880280769765270216791770008700391276125962114831,1756380422,2025-08-28 11:27:02,0.495
bitcoin-up-or-down-august-28-9am-et,DOWN,9338724092615509281376318523880280769765270216791770008700391276125962114831,1756380483,2025-08-28 11:28:03,0.495
bitcoin-up-or-down-august-28-9am-et,DOWN,9338724092615509281376318523880280769765270216791770008700391276125962114831,1756380542,2025-08-28 11:29:02,0.495
bitcoin-up-or-down-august-28-9am-et,DOWN,9338724092615509281376318523880280769765270216791770008700391276125962114831,1756380605,2025-08-28 11:30:05,0.495
bitcoin-up-or-down-august-28-9am-et,DOWN,9338724092615509281376318523880280769765270216791770008700391276125962114831,1756380664,2025-08-28 11:31:04,0.495
bitcoin-up-or-down-august-28-9am-et,DOWN,9338724092615509281376318523880280769765270216791770008700391276125962114831,1756380724,2025-08-28 11:32:04,0.495
bitcoin-up-or-down-august-28-9am-et,DOWN,9338724092615509281376318523880280769765270216791770008700391276125962114831,1756380784,2025-08-28 11:33:04,0.495
bitcoin-up-or-down-august-28-9am-et,DOWN,9338724092615509281376318523880280769765270216791770008700391276125962114831,1756380843,2025-08-28 11:34:03,0.495
bitcoin-up-or-down-august-28-9am-et,DOWN,9338724092615509281376318523880280769765270216791770008700391276125962114831,1756380911,2025-08-28 11:35:11,0.495
bitcoin-up-or-down-august-28-9am-et,DOWN,9338724092615509281376318523880280769765270216791770008700391276125962114831,1756380963,2025-08-28 11:36:03,0.495
bitcoin-up-or-down-august-28-9am-et,DOWN,9338724092615509281376318523880280769765270216791770008700391276125962114831,1756381023,2025-08-28 11:37:03,0.495
bitcoin-up-or-down-august-28-9am-et,DOWN,9338724092615509281376318523880280769765270216791770008700391276125962114831,1756381082,2025-08-28 11:38:02,0.495
bitcoin-up-or-down-august-28-9am-et,DOWN,9338724092615509281376318523880280769765270216791770008700391276125962114831,1756381143,2025-08-28 11:39:03,0.495
bitcoin-up-or-down-august-28-9am-et,DOWN,9338724092615509281376318523880280769765270216791770008700391276125962114831,1756381206,2025-08-28 11:40:06,0.495
bitcoin-up-or-down-august-28-9am-et,DOWN,9338724092615509281376318523880280769765270216791770008700391276125962114831,1756381265,2025-08-28 11:41:05,0.495
bitcoin-up-or-down-august-28-9am-et,DOWN,9338724092615509281376318523880280769765270216791770008700391276125962114831,1756381323,2025-08-28 11:42:03,0.495
bitcoin-up-or-down-august-28-9am-et,DOWN,9338724092615509281376318523880280769765270216791770008700391276125962114831,1756381383,2025-08-28 11:43:03,0.495
bitcoin-up-or-down-august-28-9am-et,DOWN,9338724092615509281376318523880280769765270216791770008700391276125962114831,1756381442,2025-08-28 11:44:02,0.495
bitcoin-up-or-down-august-28-9am-et,DOWN,9338724092615509281376318523880280769765270216791770008700391276125962114831,1756381502,2025-08-28 11:45:02,0.495
bitcoin-up-or-down-august-28-9am-et,DOWN,9338724092615509281376318523880280769765270216791770008700391276125962114831,1756381563,2025-08-28 11:46:03,0.495
bitcoin-up-or-down-august-28-9am-et,DOWN,9338724092615509281376318523880280769765270216791770008700391276125962114831,1756381622,2025-08-28 11:47:02,0.495
bitcoin-up-or-down-august-28-9am-et,DOWN,9338724092615509281376318523880280769765270216791770008700391276125962114831,1756381683,2025-08-28 11:48:03,0.495
bitcoin-up-or-down-august-28-9am-et,DOWN,9338724092615509281376318523880280769765270216791770008700391276125962114831,1756381742,2025-08-28 11:49:02,0.495
bitcoin-up-or-down-august-28-9am-et,DOWN,9338724092615509281376318523880280769765270216791770008700391276125962114831,1756381802,2025-08-28 11:50:02,0.495
bitcoin-up-or-down-august-28-9am-et,DOWN,9338724092615509281376318523880280769765270216791770008700391276125962114831,1756381863,2025-08-28 11:51:03,0.495
bitcoin-up-or-down-august-28-9am-et,DOWN,9338724092615509281376318523880280769765270216791770008700391276125962114831,1756381922,2025-08-28 11:52:02,0.495
bitcoin-up-or-down-august-28-9am-et,DOWN,9338724092615509281376318523880280769765270216791770008700391276125962114831,1756381982,2025-08-28 11:53:02,0.495
bitcoin-up-or-down-august-28-9am-et,DOWN,9338724092615509281376318523880280769765270216791770008700391276125962114831,1756382044,2025-08-28 11:54:04,0.495
bitcoin-up-or-down-august-28-9am-et,DOWN,9338724092615509281376318523880280769765270216791770008700391276125962114831,1756382105,2025-08-28 11:55:05,0.495
bitcoin-up-or-down-august-28-9am-et,DOWN,9338724092615509281376318523880280769765270216791770008700391276125962114831,1756382165,2025-08-28 11:56:05,0.495
bitcoin-up-or-down-august-28-9am-et,DOWN,9338724092615509281376318523880280769765270216791770008700391276125962114831,1756382224,2025-08-28 11:57:04,0.495
bitcoin-up-or-down-august-28-9am-et,DOWN,9338724092615509281376318523880280769765270216791770008700391276125962114831,1756382282,2025-08-28 11:58:02,0.495
bitcoin-up-or-down-august-28-9am-et,DOWN,9338724092615509281376318523880280769765270216791770008700391276125962114831,1756382342,2025-08-28 11:59:02,0.495
bitcoin-up-or-down-august-28-9am-et,DOWN,9338724092615509281376318523880280769765270216791770008700391276125962114831,1756382425,2025-08-28 12:00:25,0.495
bitcoin-up-or-down-august-28-9am-et,DOWN,9338724092615509281376318523880280769765270216791770008700391276125962114831,1756382463,2025-08-28 12:01:03,0.495
bitcoin-up-or-down-august-28-9am-et,DOWN,9338724092615509281376318523880280769765270216791770008700391276125962114831,1756382523,2025-08-28 12:02:03,0.495
bitcoin-up-or-down-august-28-9am-et,DOWN,9338724092615509281376318523880280769765270216791770008700391276125962114831,1756382583,2025-08-28 12:03:03,0.495
bitcoin-up-or-down-august-28-9am-et,DOWN,9338724092615509281376318523880280769765270216791770008700391276125962114831,1756382643,2025-08-28 12:04:03,0.495
bitcoin-up-or-down-august-28-9am-et,DOWN,9338724092615509281376318523880280769765270216791770008700391276125962114831,1756382718,2025-08-28 12:05:18,0.495
bitcoin-up-or-down-august-28-9am-et,DOWN,9338724092615509281376318523880280769765270216791770008700391276125962114831,1756382763,2025-08-28 12:06:03,0.495
bitcoin-up-or-down-august-28-9am-et,DOWN,9338724092615509281376318523880280769765270216791770008700391276125962114831,1756382823,2025-08-28 12:07:03,0.495
bitcoin-up-or-down-august-28-9am-et,DOWN,9338724092615509281376318523880280769765270216791770008700391276125962114831,1756382884,2025-08-28 12:08:04,0.495
bitcoin-up-or-down-august-28-9am-et,DOWN,9338724092615509281376318523880280769765270216791770008700391276125962114831,1756382944,2025-08-28 12:09:04,0.495
bitcoin-up-or-down-august-28-9am-et,DOWN,9338724092615509281376318523880280769765270216791770008700391276125962114831,1756383009,2025-08-28 12:10:09,0.495
bitcoin-up-or-down-august-28-9am-et,DOWN,9338724092615509281376318523880280769765270216791770008700391276125962114831,1756383063,2025-08-28 12:11:03,0.495
bitcoin-up-or-down-august-28-9am-et,DOWN,9338724092615509281376318523880280769765270216791770008700391276125962114831,1756383122,2025-08-28 12:12:02,0.495
bitcoin-up-or-down-august-28-9am-et,DOWN,9338724092615509281376318523880280769765270216791770008700391276125962114831,1756383182,2025-08-28 12:13:02,0.495
bitcoin-up-or-down-august-28-9am-et,DOWN,9338724092615509281376318523880280769765270216791770008700391276125962114831,1756383243,2025-08-28 12:14:03,0.495
bitcoin-up-or-down-august-28-9am-et,DOWN,9338724092615509281376318523880280769765270216791770008700391276125962114831,1756383304,2025-08-28 12:15:04,0.495
bitcoin-up-or-down-august-28-9am-et,DOWN,9338724092615509281376318523880280769765270216791770008700391276125962114831,1756383362,2025-08-28 12:16:02,0.495
bitcoin-up-or-down-august-28-9am-et,DOWN,9338724092615509281376318523880280769765270216791770008700391276125962114831,1756383422,2025-08-28 12:17:02,0.495
bitcoin-up-or-down-august-28-9am-et,DOWN,9338724092615509281376318523880280769765270216791770008700391276125962114831,1756383482,2025-08-28 12:18:02,0.495
bitcoin-up-or-down-august-28-9am-et,DOWN,9338724092615509281376318523880280769765270216791770008700391276125962114831,1756383544,2025-08-28 12:19:04,0.495
bitcoin-up-or-down-august-28-9am-et,DOWN,9338724092615509281376318523880280769765270216791770008700391276125962114831,1756383602,2025-08-28 12:20:02,0.495
bitcoin-up-or-down-august-28-9am-et,DOWN,9338724092615509281376318523880280769765270216791770008700391276125962114831,1756383663,2025-08-28 12:21:03,0.495
bitcoin-up-or-down-august-28-9am-et,DOWN,9338724092615509281376318523880280769765270216791770008700391276125962114831,1756383722,2025-08-28 12:22:02,0.495
bitcoin-up-or-down-august-28-9am-et,DOWN,9338724092615509281376318523880280769765270216791770008700391276125962114831,1756383784,2025-08-28 12:23:04,0.495
bitcoin-up-or-down-august-28-9am-et,DOWN,9338724092615509281376318523880280769765270216791770008700391276125962114831,1756383844,2025-08-28 12:24:04,0.495
bitcoin-up-or-down-august-28-9am-et,DOWN,9338724092615509281376318523880280769765270216791770008700391276125962114831,1756383905,2025-08-28 12:25:05,0.495
bitcoin-up-or-down-august-28-9am-et,DOWN,9338724092615509281376318523880280769765270216791770008700391276125962114831,1756383963,2025-08-28 12:26:03,0.495
bitcoin-up-or-down-august-28-9am-et,DOWN,9338724092615509281376318523880280769765270216791770008700391276125962114831,1756384023,2025-08-28 12:27:03,0.495
bitcoin-up-or-down-august-28-9am-et,DOWN,9338724092615509281376318523880280769765270216791770008700391276125962114831,1756384083,2025-08-28 12:28:03,0.495
bitcoin-up-or-down-august-28-9am-et,DOWN,9338724092615509281376318523880280769765270216791770008700391276125962114831,1756384144,2025-08-28 12:29:04,0.495
bitcoin-up-or-down-august-28-9am-et,DOWN,9338724092615509281376318523880280769765270216791770008700391276125962114831,1756384205,2025-08-28 12:30:05,0.495
bitcoin-up-or-down-august-28-9am-et,DOWN,9338724092615509281376318523880280769765270216791770008700391276125962114831,1756384262,2025-08-28 12:31:02,0.495
bitcoin-up-or-down-august-28-9am-et,DOWN,9338724092615509281376318523880280769765270216791770008700391276125962114831,1756384324,2025-08-28 12:32:04,0.495
bitcoin-up-or-down-august-28-9am-et,DOWN,9338724092615509281376318523880280769765270216791770008700391276125962114831,1756384385,2025-08-28 12:33:05,0.495
bitcoin-up-or-down-august-28-9am-et,DOWN,9338724092615509281376318523880280769765270216791770008700391276125962114831,1756384442,2025-08-28 12:34:02,0.495
bitcoin-up-or-down-august-28-9am-et,DOWN,9338724092615509281376318523880280769765270216791770008700391276125962114831,1756384503,2025-08-28 12:35:03,0.495
bitcoin-up-or-down-august-28-9am-et,DOWN,9338724092615509281376318523880280769765270216791770008700391276125962114831,1756384562,2025-08-28 12:36:02,0.495
bitcoin-up-or-down-august-28-9am-et,DOWN,9338724092615509281376318523880280769765270216791770008700391276125962114831,1756384622,2025-08-28 12:37:02,0.495
bitcoin-up-or-down-august-28-9am-et,DOWN,9338724092615509281376318523880280769765270216791770008700391276125962114831,1756384683,2025-08-28 12:38:03,0.495
bitcoin-up-or-down-august-28-9am-et,DOWN,9338724092615509281376318523880280769765270216791770008700391276125962114831,1756384743,2025-08-28 12:39:03,0.495
bitcoin-up-or-down-august-28-9am-et,DOWN,9338724092615509281376318523880280769765270216791770008700391276125962114831,1756384811,2025-08-28 12:40:11,0.495
bitcoin-up-or-down-august-28-9am-et,DOWN,9338724092615509281376318523880280769765270216791770008700391276125962114831,1756384864,2025-08-28 12:41:04,0.495
bitcoin-up-or-down-august-28-9am-et,DOWN,9338724092615509281376318523880280769765270216791770008700391276125962114831,1756384922,2025-08-28 12:42:02,0.495
bitcoin-up-or-down-august-28-9am-et,DOWN,9338724092615509281376318523880280769765270216791770008700391276125962114831,1756384982,2025-08-28 12:43:02,0.495
bitcoin-up-or-down-august-28-9am-et,DOWN,9338724092615509281376318523880280769765270216791770008700391276125962114831,1756385044,2025-08-28 12:44:04,0.495
bitcoin-up-or-down-august-28-9am-et,DOWN,9338724092615509281376318523880280769765270216791770008700391276125962114831,1756385111,2025-08-28 12:45:11,0.495
bitcoin-up-or-down-august-28-9am-et,DOWN,9338724092615509281376318523880280769765270216791770008700391276125962114831,1756385162,2025-08-28 12:46:02,0.495
bitcoin-up-or-down-august-28-9am-et,DOWN,9338724092615509281376318523880280769765270216791770008700391276125962114831,1756385223,2025-08-28 12:47:03,0.485
bitcoin-up-or-down-august-28-9am-et,DOWN,9338724092615509281376318523880280769765270216791770008700391276125962114831,1756385283,2025-08-28 12:48:03,0.485
bitcoin-up-or-down-august-28-9am-et,DOWN,9338724092615509281376318523880280769765270216791770008700391276125962114831,1756385342,2025-08-28 12:49:02,0.485
bitcoin-up-or-down-august-28-9am-et,DOWN,9338724092615509281376318523880280769765270216791770008700391276125962114831,1756385403,2025-08-28 12:50:03,0.485
bitcoin-up-or-down-august-28-9am-et,DOWN,9338724092615509281376318523880280769765270216791770008700391276125962114831,1756385462,2025-08-28 12:51:02,0.485
bitcoin-up-or-down-august-28-9am-et,DOWN,9338724092615509281376318523880280769765270216791770008700391276125962114831,1756385522,2025-08-28 12:52:02,0.485
bitcoin-up-or-down-august-28-9am-et,DOWN,9338724092615509281376318523880280769765270216791770008700391276125962114831,1756385582,2025-08-28 12:53:02,0.485
bitcoin-up-or-down-august-28-9am-et,DOWN,9338724092615509281376318523880280769765270216791770008700391276125962114831,1756385643,2025-08-28 12:54:03,0.485
bitcoin-up-or-down-august-28-9am-et,DOWN,9338724092615509281376318523880280769765270216791770008700391276125962114831,1756385703,2025-08-28 12:55:03,0.49
bitcoin-up-or-down-august-28-9am-et,DOWN,9338724092615509281376318523880280769765270216791770008700391276125962114831,1756385762,2025-08-28 12:56:02,0.505
bitcoin-up-or-down-august-28-9am-et,DOWN,9338724092615509281376318523880280769765270216791770008700391276125962114831,1756385822,2025-08-28 12:57:02,0.485
bitcoin-up-or-down-august-28-9am-et,DOWN,9338724092615509281376318523880280769765270216791770008700391276125962114831,1756385883,2025-08-28 12:58:03,0.495
bitcoin-up-or-down-august-28-9am-et,DOWN,9338724092615509281376318523880280769765270216791770008700391276125962114831,1756385943,2025-08-28 12:59:03,0.515
bitcoin-up-or-down-august-28-9am-et,DOWN,9338724092615509281376318523880280769765270216791770008700391276125962114831,1756386016,2025-08-28 13:00:16,0.515
bitcoin-up-or-down-august-28-9am-et,DOWN,9338724092615509281376318523880280769765270216791770008700391276125962114831,1756386063,2025-08-28 13:01:03,0.545
bitcoin-up-or-down-august-28-9am-et,DOWN,9338724092615509281376318523880280769765270216791770008700391276125962114831,1756386122,2025-08-28 13:02:02,0.575
bitcoin-up-or-down-august-28-9am-et,DOWN,9338724092615509281376318523880280769765270216791770008700391276125962114831,1756386182,2025-08-28 13:03:02,0.575
bitcoin-up-or-down-august-28-9am-et,DOWN,9338724092615509281376318523880280769765270216791770008700391276125962114831,1756386243,2025-08-28 13:04:03,0.565
bitcoin-up-or-down-august-28-9am-et,DOWN,9338724092615509281376318523880280769765270216791770008700391276125962114831,1756386303,2025-08-28 13:05:03,0.515
bitcoin-up-or-down-august-28-9am-et,DOWN,9338724092615509281376318523880280769765270216791770008700391276125962114831,1756386362,2025-08-28 13:06:02,0.545
bitcoin-up-or-down-august-28-9am-et,DOWN,9338724092615509281376318523880280769765270216791770008700391276125962114831,1756386423,2025-08-28 13:07:03,0.55
bitcoin-up-or-down-august-28-9am-et,DOWN,9338724092615509281376318523880280769765270216791770008700391276125962114831,1756386482,2025-08-28 13:08:02,0.58
bitcoin-up-or-down-august-28-9am-et,DOWN,9338724092615509281376318523880280769765270216791770008700391276125962114831,1756386543,2025-08-28 13:09:03,0.55
bitcoin-up-or-down-august-28-9am-et,DOWN,9338724092615509281376318523880280769765270216791770008700391276125962114831,1756386604,2025-08-28 13:10:04,0.6
bitcoin-up-or-down-august-28-9am-et,DOWN,9338724092615509281376318523880280769765270216791770008700391276125962114831,1756386662,2025-08-28 13:11:02,0.635
bitcoin-up-or-down-august-28-9am-et,DOWN,9338724092615509281376318523880280769765270216791770008700391276125962114831,1756386724,2025-08-28 13:12:04,0.615
bitcoin-up-or-down-august-28-9am-et,DOWN,9338724092615509281376318523880280769765270216791770008700391276125962114831,1756386783,2025-08-28 13:13:03,0.585
bitcoin-up-or-down-august-28-9am-et,DOWN,9338724092615509281376318523880280769765270216791770008700391276125962114831,1756386842,2025-08-28 13:14:02,0.59
bitcoin-up-or-down-august-28-9am-et,DOWN,9338724092615509281376318523880280769765270216791770008700391276125962114831,1756386903,2025-08-28 13:15:03,0.6
bitcoin-up-or-down-august-28-9am-et,DOWN,9338724092615509281376318523880280769765270216791770008700391276125962114831,1756386963,2025-08-28 13:16:03,0.59
bitcoin-up-or-down-august-28-9am-et,DOWN,9338724092615509281376318523880280769765270216791770008700391276125962114831,1756387023,2025-08-28 13:17:03,0.565
bitcoin-up-or-down-august-28-9am-et,DOWN,9338724092615509281376318523880280769765270216791770008700391276125962114831,1756387083,2025-08-28 13:18:03,0.595
bitcoin-up-or-down-august-28-9am-et,DOWN,9338724092615509281376318523880280769765270216791770008700391276125962114831,1756387143,2025-08-28 13:19:03,0.55
bitcoin-up-or-down-august-28-9am-et,DOWN,9338724092615509281376318523880280769765270216791770008700391276125962114831,1756387204,2025-08-28 13:20:04,0.49
bitcoin-up-or-down-august-28-9am-et,DOWN,9338724092615509281376318523880280769765270216791770008700391276125962114831,1756387262,2025-08-28 13:21:02,0.41
bitcoin-up-or-down-august-28-9am-et,DOWN,9338724092615509281376318523880280769765270216791770008700391276125962114831,1756387322,2025-08-28 13:22:02,0.25
bitcoin-up-or-down-august-28-9am-et,DOWN,9338724092615509281376318523880280769765270216791770008700391276125962114831,1756387383,2025-08-28 13:23:03,0.285
bitcoin-up-or-down-august-28-9am-et,DOWN,9338724092615509281376318523880280769765270216791770008700391276125962114831,1756387443,2025-08-28 13:24:03,0.295
bitcoin-up-or-down-august-28-9am-et,DOWN,9338724092615509281376318523880280769765270216791770008700391276125962114831,1756387509,2025-08-28 13:25:09,0.455
bitcoin-up-or-down-august-28-9am-et,DOWN,9338724092615509281376318523880280769765270216791770008700391276125962114831,1756387563,2025-08-28 13:26:03,0.55
bitcoin-up-or-down-august-28-9am-et,DOWN,9338724092615509281376318523880280769765270216791770008700391276125962114831,1756387623,2025-08-28 13:27:03,0.58
bitcoin-up-or-down-august-28-9am-et,DOWN,9338724092615509281376318523880280769765270216791770008700391276125962114831,1756387738,2025-08-28 13:28:58,0.695
bitcoin-up-or-down-august-28-9am-et,DOWN,9338724092615509281376318523880280769765270216791770008700391276125962114831,1756387746,2025-08-28 13:29:06,0.67
bitcoin-up-or-down-august-28-9am-et,DOWN,9338724092615509281376318523880280769765270216791770008700391276125962114831,1756387804,2025-08-28 13:30:04,0.68
bitcoin-up-or-down-august-28-9am-et,DOWN,9338724092615509281376318523880280769765270216791770008700391276125962114831,1756387863,2025-08-28 13:31:03,0.55
bitcoin-up-or-down-august-28-9am-et,DOWN,9338724092615509281376318523880280769765270216791770008700391276125962114831,1756387922,2025-08-28 13:32:02,0.59
bitcoin-up-or-down-august-28-9am-et,DOWN,9338724092615509281376318523880280769765270216791770008700391276125962114831,1756387982,2025-08-28 13:33:02,0.725
bitcoin-up-or-down-august-28-9am-et,DOWN,9338724092615509281376318523880280769765270216791770008700391276125962114831,1756388044,2025-08-28 13:34:04,0.615
bitcoin-up-or-down-august-28-9am-et,DOWN,9338724092615509281376318523880280769765270216791770008700391276125962114831,1756388102,2025-08-28 13:35:02,0.765
bitcoin-up-or-down-august-28-9am-et,DOWN,9338724092615509281376318523880280769765270216791770008700391276125962114831,1756388164,2025-08-28 13:36:04,0.795
bitcoin-up-or-down-august-28-9am-et,DOWN,9338724092615509281376318523880280769765270216791770008700391276125962114831,1756388222,2025-08-28 13:37:02,0.725
bitcoin-up-or-down-august-28-9am-et,DOWN,9338724092615509281376318523880280769765270216791770008700391276125962114831,1756388285,2025-08-28 13:38:05,0.63
bitcoin-up-or-down-august-28-9am-et,DOWN,9338724092615509281376318523880280769765270216791770008700391276125962114831,1756388342,2025-08-28 13:39:02,0.72
bitcoin-up-or-down-august-28-9am-et,DOWN,9338724092615509281376318523880280769765270216791770008700391276125962114831,1756388412,2025-08-28 13:40:12,0.715
bitcoin-up-or-down-august-28-9am-et,DOWN,9338724092615509281376318523880280769765270216791770008700391276125962114831,1756388464,2025-08-28 13:41:04,0.735
bitcoin-up-or-down-august-28-9am-et,DOWN,9338724092615509281376318523880280769765270216791770008700391276125962114831,1756388522,2025-08-28 13:42:02,0.855
bitcoin-up-or-down-august-28-9am-et,DOWN,9338724092615509281376318523880280769765270216791770008700391276125962114831,1756388584,2025-08-28 13:43:04,0.72
bitcoin-up-or-down-august-28-9am-et,DOWN,9338724092615509281376318523880280769765270216791770008700391276125962114831,1756388643,2025-08-28 13:44:03,0.85
bitcoin-up-or-down-august-28-9am-et,DOWN,9338724092615509281376318523880280769765270216791770008700391276125962114831,1756388705,2025-08-28 13:45:05,0.835
bitcoin-up-or-down-august-28-9am-et,DOWN,9338724092615509281376318523880280769765270216791770008700391276125962114831,1756388762,2025-08-28 13:46:02,0.94
bitcoin-up-or-down-august-28-9am-et,DOWN,9338724092615509281376318523880280769765270216791770008700391276125962114831,1756388823,2025-08-28 13:47:03,0.92
bitcoin-up-or-down-august-28-9am-et,DOWN,9338724092615509281376318523880280769765270216791770008700391276125962114831,1756388882,2025-08-28 13:48:02,0.91
bitcoin-up-or-down-august-28-9am-et,DOWN,9338724092615509281376318523880280769765270216791770008700391276125962114831,1756388943,2025-08-28 13:49:03,0.94
bitcoin-up-or-down-august-28-9am-et,DOWN,9338724092615509281376318523880280769765270216791770008700391276125962114831,1756389010,2025-08-28 13:50:10,0.96
bitcoin-up-or-down-august-28-9am-et,DOWN,9338724092615509281376318523880280769765270216791770008700391276125962114831,1756389063,2025-08-28 13:51:03,0.98
bitcoin-up-or-down-august-28-9am-et,DOWN,9338724092615509281376318523880280769765270216791770008700391276125962114831,1756389122,2025-08-28 13:52:02,0.985
bitcoin-up-or-down-august-28-9am-et,DOWN,9338724092615509281376318523880280769765270216791770008700391276125962114831,1756389184,2025-08-28 13:53:04,0.97
bitcoin-up-or-down-august-28-9am-et,DOWN,9338724092615509281376318523880280769765270216791770008700391276125962114831,1756389244,2025-08-28 13:54:04,0.99
bitcoin-up-or-down-august-28-9am-et,DOWN,9338724092615509281376318523880280769765270216791770008700391276125962114831,1756389316,2025-08-28 13:55:16,0.985
bitcoin-up-or-down-august-28-9am-et,DOWN,9338724092615509281376318523880280769765270216791770008700391276125962114831,1756389364,2025-08-28 13:56:04,0.985
bitcoin-up-or-down-august-28-9am-et,DOWN,9338724092615509281376318523880280769765270216791770008700391276125962114831,1756389423,2025-08-28 13:57:03,0.995
bitcoin-up-or-down-august-28-9am-et,DOWN,9338724092615509281376318523880280769765270216791770008700391276125962114831,1756389484,2025-08-28 13:58:04,0.995
bitcoin-up-or-down-august-28-9am-et,DOWN,9338724092615509281376318523880280769765270216791770008700391276125962114831,1756389543,2025-08-28 13:59:03,0.995
