event_slug,leg,token_id,timestamp,iso_time_utc,midpoint
bitcoin-up-or-down-august-28-8pm-et,DOWN,65291832103314098292958390228316373027243815896601306006207314163947000292163,1756198504,2025-08-26 08:55:04,0.5
bitcoin-up-or-down-august-28-8pm-et,DOWN,65291832103314098292958390228316373027243815896601306006207314163947000292163,1756198563,2025-08-26 08:56:03,0.5
bitcoin-up-or-down-august-28-8pm-et,DOWN,65291832103314098292958390228316373027243815896601306006207314163947000292163,1756198622,2025-08-26 08:57:02,0.5
bitcoin-up-or-down-august-28-8pm-et,DOWN,65291832103314098292958390228316373027243815896601306006207314163947000292163,1756198683,2025-08-26 08:58:03,0.5
bitcoin-up-or-down-august-28-8pm-et,DOWN,65291832103314098292958390228316373027243815896601306006207314163947000292163,1756198742,2025-08-26 08:59:02,0.5
bitcoin-up-or-down-august-28-8pm-et,DOWN,65291832103314098292958390228316373027243815896601306006207314163947000292163,1756198805,2025-08-26 09:00:05,0.5
bitcoin-up-or-down-august-28-8pm-et,DOWN,65291832103314098292958390228316373027243815896601306006207314163947000292163,1756198863,2025-08-26 09:01:03,0.5
bitcoin-up-or-down-august-28-8pm-et,DOWN,65291832103314098292958390228316373027243815896601306006207314163947000292163,1756198923,2025-08-26 09:02:03,0.5
bitcoin-up-or-down-august-28-8pm-et,DOWN,65291832103314098292958390228316373027243815896601306006207314163947000292163,1756198983,2025-08-26 09:03:03,0.5
bitcoin-up-or-down-august-28-8pm-et,DOWN,65291832103314098292958390228316373027243815896601306006207314163947000292163,1756199042,2025-08-26 09:04:02,0.5
bitcoin-up-or-down-august-28-8pm-et,DOWN,65291832103314098292958390228316373027243815896601306006207314163947000292163,1756199104,2025-08-26 09:05:04,0.5
bitcoin-up-or-down-august-28-8pm-et,DOWN,65291832103314098292958390228316373027243815896601306006207314163947000292163,1756199162,2025-08-26 09:06:02,0.5
bitcoin-up-or-down-august-28-8pm-et,DOWN,65291832103314098292958390228316373027243815896601306006207314163947000292163,1756199222,2025-08-26 09:07:02,0.5
bitcoin-up-or-down-august-28-8pm-et,DOWN,65291832103314098292958390228316373027243815896601306006207314163947000292163,1756199284,2025-08-26 09:08:04,0.5
bitcoin-up-or-down-august-28-8pm-et,DOWN,65291832103314098292958390228316373027243815896601306006207314163947000292163,1756199342,2025-08-26 09:09:02,0.5
bitcoin-up-or-down-august-28-8pm-et,DOWN,65291832103314098292958390228316373027243815896601306006207314163947000292163,1756199402,2025-08-26 09:10:02,0.5
bitcoin-up-or-down-august-28-8pm-et,DOWN,65291832103314098292958390228316373027243815896601306006207314163947000292163,1756199463,2025-08-26 09:11:03,0.5
bitcoin-up-or-down-august-28-8pm-et,DOWN,65291832103314098292958390228316373027243815896601306006207314163947000292163,1756199523,2025-08-26 09:12:03,0.5
bitcoin-up-or-down-august-28-8pm-et,DOWN,65291832103314098292958390228316373027243815896601306006207314163947000292163,1756199583,2025-08-26 09:13:03,0.5
bitcoin-up-or-down-august-28-8pm-et,DOWN,65291832103314098292958390228316373027243815896601306006207314163947000292163,1756199642,2025-08-26 09:14:02,0.5
bitcoin-up-or-down-august-28-8pm-et,DOWN,65291832103314098292958390228316373027243815896601306006207314163947000292163,1756199703,2025-08-26 09:15:03,0.5
bitcoin-up-or-down-august-28-8pm-et,DOWN,65291832103314098292958390228316373027243815896601306006207314163947000292163,1756199762,2025-08-26 09:16:02,0.5
bitcoin-up-or-down-august-28-8pm-et,DOWN,65291832103314098292958390228316373027243815896601306006207314163947000292163,1756199823,2025-08-26 09:17:03,0.5
bitcoin-up-or-down-august-28-8pm-et,DOWN,65291832103314098292958390228316373027243815896601306006207314163947000292163,1756199882,2025-08-26 09:18:02,0.5
bitcoin-up-or-down-august-28-8pm-et,DOWN,65291832103314098292958390228316373027243815896601306006207314163947000292163,1756199942,2025-08-26 09:19:02,0.5
bitcoin-up-or-down-august-28-8pm-et,DOWN,65291832103314098292958390228316373027243815896601306006207314163947000292163,1756200003,2025-08-26 09:20:03,0.5
bitcoin-up-or-down-august-28-8pm-et,DOWN,65291832103314098292958390228316373027243815896601306006207314163947000292163,1756200063,2025-08-26 09:21:03,0.5
bitcoin-up-or-down-august-28-8pm-et,DOWN,65291832103314098292958390228316373027243815896601306006207314163947000292163,1756200123,2025-08-26 09:22:03,0.5
bitcoin-up-or-down-august-28-8pm-et,DOWN,65291832103314098292958390228316373027243815896601306006207314163947000292163,1756200183,2025-08-26 09:23:03,0.5
bitcoin-up-or-down-august-28-8pm-et,DOWN,65291832103314098292958390228316373027243815896601306006207314163947000292163,1756200243,2025-08-26 09:24:03,0.5
bitcoin-up-or-down-august-28-8pm-et,DOWN,65291832103314098292958390228316373027243815896601306006207314163947000292163,1756200303,2025-08-26 09:25:03,0.5
bitcoin-up-or-down-august-28-8pm-et,DOWN,65291832103314098292958390228316373027243815896601306006207314163947000292163,1756200362,2025-08-26 09:26:02,0.5
bitcoin-up-or-down-august-28-8pm-et,DOWN,65291832103314098292958390228316373027243815896601306006207314163947000292163,1756200422,2025-08-26 09:27:02,0.5
bitcoin-up-or-down-august-28-8pm-et,DOWN,65291832103314098292958390228316373027243815896601306006207314163947000292163,1756200482,2025-08-26 09:28:02,0.5
bitcoin-up-or-down-august-28-8pm-et,DOWN,65291832103314098292958390228316373027243815896601306006207314163947000292163,1756200542,2025-08-26 09:29:02,0.5
bitcoin-up-or-down-august-28-8pm-et,DOWN,65291832103314098292958390228316373027243815896601306006207314163947000292163,1756200607,2025-08-26 09:30:07,0.5
bitcoin-up-or-down-august-28-8pm-et,DOWN,65291832103314098292958390228316373027243815896601306006207314163947000292163,1756200662,2025-08-26 09:31:02,0.5
bitcoin-up-or-down-august-28-8pm-et,DOWN,65291832103314098292958390228316373027243815896601306006207314163947000292163,1756200722,2025-08-26 09:32:02,0.5
bitcoin-up-or-down-august-28-8pm-et,DOWN,65291832103314098292958390228316373027243815896601306006207314163947000292163,1756200783,2025-08-26 09:33:03,0.5
bitcoin-up-or-down-august-28-8pm-et,DOWN,65291832103314098292958390228316373027243815896601306006207314163947000292163,1756200842,2025-08-26 09:34:02,0.5
bitcoin-up-or-down-august-28-8pm-et,DOWN,65291832103314098292958390228316373027243815896601306006207314163947000292163,1756200902,2025-08-26 09:35:02,0.5
bitcoin-up-or-down-august-28-8pm-et,DOWN,65291832103314098292958390228316373027243815896601306006207314163947000292163,1756200962,2025-08-26 09:36:02,0.5
bitcoin-up-or-down-august-28-8pm-et,DOWN,65291832103314098292958390228316373027243815896601306006207314163947000292163,1756201022,2025-08-26 09:37:02,0.5
bitcoin-up-or-down-august-28-8pm-et,DOWN,65291832103314098292958390228316373027243815896601306006207314163947000292163,1756201082,2025-08-26 09:38:02,0.5
bitcoin-up-or-down-august-28-8pm-et,DOWN,65291832103314098292958390228316373027243815896601306006207314163947000292163,1756201144,2025-08-26 09:39:04,0.5
bitcoin-up-or-down-august-28-8pm-et,DOWN,65291832103314098292958390228316373027243815896601306006207314163947000292163,1756201204,2025-08-26 09:40:04,0.5
bitcoin-up-or-down-august-28-8pm-et,DOWN,65291832103314098292958390228316373027243815896601306006207314163947000292163,1756201262,2025-08-26 09:41:02,0.5
bitcoin-up-or-down-august-28-8pm-et,DOWN,65291832103314098292958390228316373027243815896601306006207314163947000292163,1756201322,2025-08-26 09:42:02,0.5
bitcoin-up-or-down-august-28-8pm-et,DOWN,65291832103314098292958390228316373027243815896601306006207314163947000292163,1756201383,2025-08-26 09:43:03,0.5
bitcoin-up-or-down-august-28-8pm-et,DOWN,65291832103314098292958390228316373027243815896601306006207314163947000292163,1756201442,2025-08-26 09:44:02,0.5
bitcoin-up-or-down-august-28-8pm-et,DOWN,65291832103314098292958390228316373027243815896601306006207314163947000292163,1756201503,2025-08-26 09:45:03,0.5
bitcoin-up-or-down-august-28-8pm-et,DOWN,65291832103314098292958390228316373027243815896601306006207314163947000292163,1756201563,2025-08-26 09:46:03,0.5
bitcoin-up-or-down-august-28-8pm-et,DOWN,65291832103314098292958390228316373027243815896601306006207314163947000292163,1756201623,2025-08-26 09:47:03,0.5
bitcoin-up-or-down-august-28-8pm-et,DOWN,65291832103314098292958390228316373027243815896601306006207314163947000292163,1756201682,2025-08-26 09:48:02,0.5
bitcoin-up-or-down-august-28-8pm-et,DOWN,65291832103314098292958390228316373027243815896601306006207314163947000292163,1756201743,2025-08-26 09:49:03,0.5
bitcoin-up-or-down-august-28-8pm-et,DOWN,65291832103314098292958390228316373027243815896601306006207314163947000292163,1756201804,2025-08-26 09:50:04,0.5
bitcoin-up-or-down-august-28-8pm-et,DOWN,65291832103314098292958390228316373027243815896601306006207314163947000292163,1756201863,2025-08-26 09:51:03,0.5
bitcoin-up-or-down-august-28-8pm-et,DOWN,65291832103314098292958390228316373027243815896601306006207314163947000292163,1756201932,2025-08-26 09:52:12,0.5
bitcoin-up-or-down-august-28-8pm-et,DOWN,65291832103314098292958390228316373027243815896601306006207314163947000292163,1756201983,2025-08-26 09:53:03,0.5
bitcoin-up-or-down-august-28-8pm-et,DOWN,65291832103314098292958390228316373027243815896601306006207314163947000292163,1756202043,2025-08-26 09:54:03,0.5
bitcoin-up-or-down-august-28-8pm-et,DOWN,65291832103314098292958390228316373027243815896601306006207314163947000292163,1756202102,2025-08-26 09:55:02,0.5
bitcoin-up-or-down-august-28-8pm-et,DOWN,65291832103314098292958390228316373027243815896601306006207314163947000292163,1756202162,2025-08-26 09:56:02,0.5
bitcoin-up-or-down-august-28-8pm-et,DOWN,65291832103314098292958390228316373027243815896601306006207314163947000292163,1756202223,2025-08-26 09:57:03,0.5
bitcoin-up-or-down-august-28-8pm-et,DOWN,65291832103314098292958390228316373027243815896601306006207314163947000292163,1756202283,2025-08-26 09:58:03,0.5
bitcoin-up-or-down-august-28-8pm-et,DOWN,65291832103314098292958390228316373027243815896601306006207314163947000292163,1756202343,2025-08-26 09:59:03,0.5
bitcoin-up-or-down-august-28-8pm-et,DOWN,65291832103314098292958390228316373027243815896601306006207314163947000292163,1756202405,2025-08-26 10:00:05,0.5
bitcoin-up-or-down-august-28-8pm-et,DOWN,65291832103314098292958390228316373027243815896601306006207314163947000292163,1756202462,2025-08-26 10:01:02,0.5
bitcoin-up-or-down-august-28-8pm-et,DOWN,65291832103314098292958390228316373027243815896601306006207314163947000292163,1756202522,2025-08-26 10:02:02,0.5
bitcoin-up-or-down-august-28-8pm-et,DOWN,65291832103314098292958390228316373027243815896601306006207314163947000292163,1756202584,2025-08-26 10:03:04,0.5
bitcoin-up-or-down-august-28-8pm-et,DOWN,65291832103314098292958390228316373027243815896601306006207314163947000292163,1756202643,2025-08-26 10:04:03,0.5
bitcoin-up-or-down-august-28-8pm-et,DOWN,65291832103314098292958390228316373027243815896601306006207314163947000292163,1756202702,2025-08-26 10:05:02,0.5
bitcoin-up-or-down-august-28-8pm-et,DOWN,65291832103314098292958390228316373027243815896601306006207314163947000292163,1756202764,2025-08-26 10:06:04,0.5
bitcoin-up-or-down-august-28-8pm-et,DOWN,65291832103314098292958390228316373027243815896601306006207314163947000292163,1756202822,2025-08-26 10:07:02,0.5
bitcoin-up-or-down-august-28-8pm-et,DOWN,65291832103314098292958390228316373027243815896601306006207314163947000292163,1756202883,2025-08-26 10:08:03,0.5
bitcoin-up-or-down-august-28-8pm-et,DOWN,65291832103314098292958390228316373027243815896601306006207314163947000292163,1756202942,2025-08-26 10:09:02,0.5
bitcoin-up-or-down-august-28-8pm-et,DOWN,65291832103314098292958390228316373027243815896601306006207314163947000292163,1756203002,2025-08-26 10:10:02,0.5
bitcoin-up-or-down-august-28-8pm-et,DOWN,65291832103314098292958390228316373027243815896601306006207314163947000292163,1756203063,2025-08-26 10:11:03,0.5
bitcoin-up-or-down-august-28-8pm-et,DOWN,65291832103314098292958390228316373027243815896601306006207314163947000292163,1756203123,2025-08-26 10:12:03,0.5
bitcoin-up-or-down-august-28-8pm-et,DOWN,65291832103314098292958390228316373027243815896601306006207314163947000292163,1756203183,2025-08-26 10:13:03,0.5
bitcoin-up-or-down-august-28-8pm-et,DOWN,65291832103314098292958390228316373027243815896601306006207314163947000292163,1756203243,2025-08-26 10:14:03,0.5
bitcoin-up-or-down-august-28-8pm-et,DOWN,65291832103314098292958390228316373027243815896601306006207314163947000292163,1756203303,2025-08-26 10:15:03,0.5
bitcoin-up-or-down-august-28-8pm-et,DOWN,65291832103314098292958390228316373027243815896601306006207314163947000292163,1756203362,2025-08-26 10:16:02,0.5
bitcoin-up-or-down-august-28-8pm-et,DOWN,65291832103314098292958390228316373027243815896601306006207314163947000292163,1756203422,2025-08-26 10:17:02,0.5
bitcoin-up-or-down-august-28-8pm-et,DOWN,65291832103314098292958390228316373027243815896601306006207314163947000292163,1756203484,2025-08-26 10:18:04,0.5
bitcoin-up-or-down-august-28-8pm-et,DOWN,65291832103314098292958390228316373027243815896601306006207314163947000292163,1756203543,2025-08-26 10:19:03,0.5
bitcoin-up-or-down-august-28-8pm-et,DOWN,65291832103314098292958390228316373027243815896601306006207314163947000292163,1756203603,2025-08-26 10:20:03,0.5
bitcoin-up-or-down-august-28-8pm-et,DOWN,65291832103314098292958390228316373027243815896601306006207314163947000292163,1756203662,2025-08-26 10:21:02,0.5
bitcoin-up-or-down-august-28-8pm-et,DOWN,65291832103314098292958390228316373027243815896601306006207314163947000292163,1756203722,2025-08-26 10:22:02,0.5
bitcoin-up-or-down-august-28-8pm-et,DOWN,65291832103314098292958390228316373027243815896601306006207314163947000292163,1756203782,2025-08-26 10:23:02,0.5
bitcoin-up-or-down-august-28-8pm-et,DOWN,65291832103314098292958390228316373027243815896601306006207314163947000292163,1756203842,2025-08-26 10:24:02,0.5
bitcoin-up-or-down-august-28-8pm-et,DOWN,65291832103314098292958390228316373027243815896601306006207314163947000292163,1756203903,2025-08-26 10:25:03,0.5
bitcoin-up-or-down-august-28-8pm-et,DOWN,65291832103314098292958390228316373027243815896601306006207314163947000292163,1756203962,2025-08-26 10:26:02,0.5
bitcoin-up-or-down-august-28-8pm-et,DOWN,65291832103314098292958390228316373027243815896601306006207314163947000292163,1756204024,2025-08-26 10:27:04,0.5
bitcoin-up-or-down-august-28-8pm-et,DOWN,65291832103314098292958390228316373027243815896601306006207314163947000292163,1756204083,2025-08-26 10:28:03,0.5
bitcoin-up-or-down-august-28-8pm-et,DOWN,65291832103314098292958390228316373027243815896601306006207314163947000292163,1756204143,2025-08-26 10:29:03,0.5
bitcoin-up-or-down-august-28-8pm-et,DOWN,65291832103314098292958390228316373027243815896601306006207314163947000292163,1756204206,2025-08-26 10:30:06,0.5
bitcoin-up-or-down-august-28-8pm-et,DOWN,65291832103314098292958390228316373027243815896601306006207314163947000292163,1756204263,2025-08-26 10:31:03,0.5
bitcoin-up-or-down-august-28-8pm-et,DOWN,65291832103314098292958390228316373027243815896601306006207314163947000292163,1756204323,2025-08-26 10:32:03,0.5
bitcoin-up-or-down-august-28-8pm-et,DOWN,65291832103314098292958390228316373027243815896601306006207314163947000292163,1756204382,2025-08-26 10:33:02,0.5
bitcoin-up-or-down-august-28-8pm-et,DOWN,65291832103314098292958390228316373027243815896601306006207314163947000292163,1756204442,2025-08-26 10:34:02,0.5
bitcoin-up-or-down-august-28-8pm-et,DOWN,65291832103314098292958390228316373027243815896601306006207314163947000292163,1756204504,2025-08-26 10:35:04,0.5
bitcoin-up-or-down-august-28-8pm-et,DOWN,65291832103314098292958390228316373027243815896601306006207314163947000292163,1756204562,2025-08-26 10:36:02,0.5
bitcoin-up-or-down-august-28-8pm-et,DOWN,65291832103314098292958390228316373027243815896601306006207314163947000292163,1756204622,2025-08-26 10:37:02,0.5
bitcoin-up-or-down-august-28-8pm-et,DOWN,65291832103314098292958390228316373027243815896601306006207314163947000292163,1756204682,2025-08-26 10:38:02,0.5
bitcoin-up-or-down-august-28-8pm-et,DOWN,65291832103314098292958390228316373027243815896601306006207314163947000292163,1756204743,2025-08-26 10:39:03,0.5
bitcoin-up-or-down-august-28-8pm-et,DOWN,65291832103314098292958390228316373027243815896601306006207314163947000292163,1756204802,2025-08-26 10:40:02,0.5
bitcoin-up-or-down-august-28-8pm-et,DOWN,65291832103314098292958390228316373027243815896601306006207314163947000292163,1756204863,2025-08-26 10:41:03,0.5
bitcoin-up-or-down-august-28-8pm-et,DOWN,65291832103314098292958390228316373027243815896601306006207314163947000292163,1756204923,2025-08-26 10:42:03,0.5
bitcoin-up-or-down-august-28-8pm-et,DOWN,65291832103314098292958390228316373027243815896601306006207314163947000292163,1756204983,2025-08-26 10:43:03,0.5
bitcoin-up-or-down-august-28-8pm-et,DOWN,65291832103314098292958390228316373027243815896601306006207314163947000292163,1756205049,2025-08-26 10:44:09,0.5
bitcoin-up-or-down-august-28-8pm-et,DOWN,65291832103314098292958390228316373027243815896601306006207314163947000292163,1756205105,2025-08-26 10:45:05,0.5
bitcoin-up-or-down-august-28-8pm-et,DOWN,65291832103314098292958390228316373027243815896601306006207314163947000292163,1756205162,2025-08-26 10:46:02,0.5
bitcoin-up-or-down-august-28-8pm-et,DOWN,65291832103314098292958390228316373027243815896601306006207314163947000292163,1756205222,2025-08-26 10:47:02,0.5
bitcoin-up-or-down-august-28-8pm-et,DOWN,65291832103314098292958390228316373027243815896601306006207314163947000292163,1756205283,2025-08-26 10:48:03,0.5
bitcoin-up-or-down-august-28-8pm-et,DOWN,65291832103314098292958390228316373027243815896601306006207314163947000292163,1756205343,2025-08-26 10:49:03,0.5
bitcoin-up-or-down-august-28-8pm-et,DOWN,65291832103314098292958390228316373027243815896601306006207314163947000292163,1756205404,2025-08-26 10:50:04,0.5
bitcoin-up-or-down-august-28-8pm-et,DOWN,65291832103314098292958390228316373027243815896601306006207314163947000292163,1756205463,2025-08-26 10:51:03,0.5
bitcoin-up-or-down-august-28-8pm-et,DOWN,65291832103314098292958390228316373027243815896601306006207314163947000292163,1756205522,2025-08-26 10:52:02,0.5
bitcoin-up-or-down-august-28-8pm-et,DOWN,65291832103314098292958390228316373027243815896601306006207314163947000292163,1756205582,2025-08-26 10:53:02,0.5
bitcoin-up-or-down-august-28-8pm-et,DOWN,65291832103314098292958390228316373027243815896601306006207314163947000292163,1756205643,2025-08-26 10:54:03,0.5
bitcoin-up-or-down-august-28-8pm-et,DOWN,65291832103314098292958390228316373027243815896601306006207314163947000292163,1756205703,2025-08-26 10:55:03,0.5
bitcoin-up-or-down-august-28-8pm-et,DOWN,65291832103314098292958390228316373027243815896601306006207314163947000292163,1756205762,2025-08-26 10:56:02,0.5
bitcoin-up-or-down-august-28-8pm-et,DOWN,65291832103314098292958390228316373027243815896601306006207314163947000292163,1756205823,2025-08-26 10:57:03,0.5
bitcoin-up-or-down-august-28-8pm-et,DOWN,65291832103314098292958390228316373027243815896601306006207314163947000292163,1756205882,2025-08-26 10:58:02,0.5
bitcoin-up-or-down-august-28-8pm-et,DOWN,65291832103314098292958390228316373027243815896601306006207314163947000292163,1756205943,2025-08-26 10:59:03,0.5
bitcoin-up-or-down-august-28-8pm-et,DOWN,65291832103314098292958390228316373027243815896601306006207314163947000292163,1756206014,2025-08-26 11:00:14,0.5
bitcoin-up-or-down-august-28-8pm-et,DOWN,65291832103314098292958390228316373027243815896601306006207314163947000292163,1756206063,2025-08-26 11:01:03,0.5
bitcoin-up-or-down-august-28-8pm-et,DOWN,65291832103314098292958390228316373027243815896601306006207314163947000292163,1756206122,2025-08-26 11:02:02,0.5
bitcoin-up-or-down-august-28-8pm-et,DOWN,65291832103314098292958390228316373027243815896601306006207314163947000292163,1756206182,2025-08-26 11:03:02,0.5
bitcoin-up-or-down-august-28-8pm-et,DOWN,65291832103314098292958390228316373027243815896601306006207314163947000292163,1756206242,2025-08-26 11:04:02,0.5
bitcoin-up-or-down-august-28-8pm-et,DOWN,65291832103314098292958390228316373027243815896601306006207314163947000292163,1756206302,2025-08-26 11:05:02,0.5
bitcoin-up-or-down-august-28-8pm-et,DOWN,65291832103314098292958390228316373027243815896601306006207314163947000292163,1756206363,2025-08-26 11:06:03,0.5
bitcoin-up-or-down-august-28-8pm-et,DOWN,65291832103314098292958390228316373027243815896601306006207314163947000292163,1756206423,2025-08-26 11:07:03,0.5
bitcoin-up-or-down-august-28-8pm-et,DOWN,65291832103314098292958390228316373027243815896601306006207314163947000292163,1756206483,2025-08-26 11:08:03,0.5
bitcoin-up-or-down-august-28-8pm-et,DOWN,65291832103314098292958390228316373027243815896601306006207314163947000292163,1756206542,2025-08-26 11:09:02,0.5
bitcoin-up-or-down-august-28-8pm-et,DOWN,65291832103314098292958390228316373027243815896601306006207314163947000292163,1756206602,2025-08-26 11:10:02,0.5
bitcoin-up-or-down-august-28-8pm-et,DOWN,65291832103314098292958390228316373027243815896601306006207314163947000292163,1756206663,2025-08-26 11:11:03,0.5
bitcoin-up-or-down-august-28-8pm-et,DOWN,65291832103314098292958390228316373027243815896601306006207314163947000292163,1756206723,2025-08-26 11:12:03,0.5
bitcoin-up-or-down-august-28-8pm-et,DOWN,65291832103314098292958390228316373027243815896601306006207314163947000292163,1756206782,2025-08-26 11:13:02,0.5
bitcoin-up-or-down-august-28-8pm-et,DOWN,65291832103314098292958390228316373027243815896601306006207314163947000292163,1756206842,2025-08-26 11:14:02,0.5
bitcoin-up-or-down-august-28-8pm-et,DOWN,65291832103314098292958390228316373027243815896601306006207314163947000292163,1756206902,2025-08-26 11:15:02,0.5
bitcoin-up-or-down-august-28-8pm-et,DOWN,65291832103314098292958390228316373027243815896601306006207314163947000292163,1756206962,2025-08-26 11:16:02,0.5
bitcoin-up-or-down-august-28-8pm-et,DOWN,65291832103314098292958390228316373027243815896601306006207314163947000292163,1756207022,2025-08-26 11:17:02,0.5
bitcoin-up-or-down-august-28-8pm-et,DOWN,65291832103314098292958390228316373027243815896601306006207314163947000292163,1756207082,2025-08-26 11:18:02,0.5
bitcoin-up-or-down-august-28-8pm-et,DOWN,65291832103314098292958390228316373027243815896601306006207314163947000292163,1756207144,2025-08-26 11:19:04,0.5
bitcoin-up-or-down-august-28-8pm-et,DOWN,65291832103314098292958390228316373027243815896601306006207314163947000292163,1756207203,2025-08-26 11:20:03,0.5
bitcoin-up-or-down-august-28-8pm-et,DOWN,65291832103314098292958390228316373027243815896601306006207314163947000292163,1756207263,2025-08-26 11:21:03,0.5
bitcoin-up-or-down-august-28-8pm-et,DOWN,65291832103314098292958390228316373027243815896601306006207314163947000292163,1756207322,2025-08-26 11:22:02,0.5
bitcoin-up-or-down-august-28-8pm-et,DOWN,65291832103314098292958390228316373027243815896601306006207314163947000292163,1756207382,2025-08-26 11:23:02,0.5
bitcoin-up-or-down-august-28-8pm-et,DOWN,65291832103314098292958390228316373027243815896601306006207314163947000292163,1756207442,2025-08-26 11:24:02,0.5
bitcoin-up-or-down-august-28-8pm-et,DOWN,65291832103314098292958390228316373027243815896601306006207314163947000292163,1756207503,2025-08-26 11:25:03,0.5
bitcoin-up-or-down-august-28-8pm-et,DOWN,65291832103314098292958390228316373027243815896601306006207314163947000292163,1756207566,2025-08-26 11:26:06,0.5
bitcoin-up-or-down-august-28-8pm-et,DOWN,65291832103314098292958390228316373027243815896601306006207314163947000292163,1756207623,2025-08-26 11:27:03,0.5
bitcoin-up-or-down-august-28-8pm-et,DOWN,65291832103314098292958390228316373027243815896601306006207314163947000292163,1756207682,2025-08-26 11:28:02,0.5
bitcoin-up-or-down-august-28-8pm-et,DOWN,65291832103314098292958390228316373027243815896601306006207314163947000292163,1756207743,2025-08-26 11:29:03,0.5
bitcoin-up-or-down-august-28-8pm-et,DOWN,65291832103314098292958390228316373027243815896601306006207314163947000292163,1756207803,2025-08-26 11:30:03,0.5
bitcoin-up-or-down-august-28-8pm-et,DOWN,65291832103314098292958390228316373027243815896601306006207314163947000292163,1756207863,2025-08-26 11:31:03,0.5
bitcoin-up-or-down-august-28-8pm-et,DOWN,65291832103314098292958390228316373027243815896601306006207314163947000292163,1756207922,2025-08-26 11:32:02,0.5
bitcoin-up-or-down-august-28-8pm-et,DOWN,65291832103314098292958390228316373027243815896601306006207314163947000292163,1756207982,2025-08-26 11:33:02,0.5
bitcoin-up-or-down-august-28-8pm-et,DOWN,65291832103314098292958390228316373027243815896601306006207314163947000292163,1756208043,2025-08-26 11:34:03,0.5
bitcoin-up-or-down-august-28-8pm-et,DOWN,65291832103314098292958390228316373027243815896601306006207314163947000292163,1756208103,2025-08-26 11:35:03,0.5
bitcoin-up-or-down-august-28-8pm-et,DOWN,65291832103314098292958390228316373027243815896601306006207314163947000292163,1756208162,2025-08-26 11:36:02,0.5
bitcoin-up-or-down-august-28-8pm-et,DOWN,65291832103314098292958390228316373027243815896601306006207314163947000292163,1756208223,2025-08-26 11:37:03,0.5
bitcoin-up-or-down-august-28-8pm-et,DOWN,65291832103314098292958390228316373027243815896601306006207314163947000292163,1756208282,2025-08-26 11:38:02,0.5
bitcoin-up-or-down-august-28-8pm-et,DOWN,65291832103314098292958390228316373027243815896601306006207314163947000292163,1756208342,2025-08-26 11:39:02,0.5
bitcoin-up-or-down-august-28-8pm-et,DOWN,65291832103314098292958390228316373027243815896601306006207314163947000292163,1756208403,2025-08-26 11:40:03,0.5
bitcoin-up-or-down-august-28-8pm-et,DOWN,65291832103314098292958390228316373027243815896601306006207314163947000292163,1756208462,2025-08-26 11:41:02,0.5
bitcoin-up-or-down-august-28-8pm-et,DOWN,65291832103314098292958390228316373027243815896601306006207314163947000292163,1756208522,2025-08-26 11:42:02,0.5
bitcoin-up-or-down-august-28-8pm-et,DOWN,65291832103314098292958390228316373027243815896601306006207314163947000292163,1756208583,2025-08-26 11:43:03,0.5
bitcoin-up-or-down-august-28-8pm-et,DOWN,65291832103314098292958390228316373027243815896601306006207314163947000292163,1756208643,2025-08-26 11:44:03,0.5
bitcoin-up-or-down-august-28-8pm-et,DOWN,65291832103314098292958390228316373027243815896601306006207314163947000292163,1756208702,2025-08-26 11:45:02,0.5
bitcoin-up-or-down-august-28-8pm-et,DOWN,65291832103314098292958390228316373027243815896601306006207314163947000292163,1756208762,2025-08-26 11:46:02,0.5
bitcoin-up-or-down-august-28-8pm-et,DOWN,65291832103314098292958390228316373027243815896601306006207314163947000292163,1756208823,2025-08-26 11:47:03,0.5
bitcoin-up-or-down-august-28-8pm-et,DOWN,65291832103314098292958390228316373027243815896601306006207314163947000292163,1756208882,2025-08-26 11:48:02,0.5
bitcoin-up-or-down-august-28-8pm-et,DOWN,65291832103314098292958390228316373027243815896601306006207314163947000292163,1756208942,2025-08-26 11:49:02,0.5
bitcoin-up-or-down-august-28-8pm-et,DOWN,65291832103314098292958390228316373027243815896601306006207314163947000292163,1756209002,2025-08-26 11:50:02,0.5
bitcoin-up-or-down-august-28-8pm-et,DOWN,65291832103314098292958390228316373027243815896601306006207314163947000292163,1756209063,2025-08-26 11:51:03,0.5
bitcoin-up-or-down-august-28-8pm-et,DOWN,65291832103314098292958390228316373027243815896601306006207314163947000292163,1756209124,2025-08-26 11:52:04,0.5
bitcoin-up-or-down-august-28-8pm-et,DOWN,65291832103314098292958390228316373027243815896601306006207314163947000292163,1756209184,2025-08-26 11:53:04,0.5
bitcoin-up-or-down-august-28-8pm-et,DOWN,65291832103314098292958390228316373027243815896601306006207314163947000292163,1756209243,2025-08-26 11:54:03,0.5
bitcoin-up-or-down-august-28-8pm-et,DOWN,65291832103314098292958390228316373027243815896601306006207314163947000292163,1756209304,2025-08-26 11:55:04,0.5
bitcoin-up-or-down-august-28-8pm-et,DOWN,65291832103314098292958390228316373027243815896601306006207314163947000292163,1756209363,2025-08-26 11:56:03,0.5
bitcoin-up-or-down-august-28-8pm-et,DOWN,65291832103314098292958390228316373027243815896601306006207314163947000292163,1756209423,2025-08-26 11:57:03,0.5
bitcoin-up-or-down-august-28-8pm-et,DOWN,65291832103314098292958390228316373027243815896601306006207314163947000292163,1756209482,2025-08-26 11:58:02,0.5
bitcoin-up-or-down-august-28-8pm-et,DOWN,65291832103314098292958390228316373027243815896601306006207314163947000292163,1756209544,2025-08-26 11:59:04,0.5
bitcoin-up-or-down-august-28-8pm-et,DOWN,65291832103314098292958390228316373027243815896601306006207314163947000292163,1756209612,2025-08-26 12:00:12,0.5
bitcoin-up-or-down-august-28-8pm-et,DOWN,65291832103314098292958390228316373027243815896601306006207314163947000292163,1756209662,2025-08-26 12:01:02,0.5
bitcoin-up-or-down-august-28-8pm-et,DOWN,65291832103314098292958390228316373027243815896601306006207314163947000292163,1756209723,2025-08-26 12:02:03,0.5
bitcoin-up-or-down-august-28-8pm-et,DOWN,65291832103314098292958390228316373027243815896601306006207314163947000292163,1756209782,2025-08-26 12:03:02,0.5
bitcoin-up-or-down-august-28-8pm-et,DOWN,65291832103314098292958390228316373027243815896601306006207314163947000292163,1756209842,2025-08-26 12:04:02,0.5
bitcoin-up-or-down-august-28-8pm-et,DOWN,65291832103314098292958390228316373027243815896601306006207314163947000292163,1756209903,2025-08-26 12:05:03,0.5
bitcoin-up-or-down-august-28-8pm-et,DOWN,65291832103314098292958390228316373027243815896601306006207314163947000292163,1756209963,2025-08-26 12:06:03,0.5
bitcoin-up-or-down-august-28-8pm-et,DOWN,65291832103314098292958390228316373027243815896601306006207314163947000292163,1756210022,2025-08-26 12:07:02,0.5
bitcoin-up-or-down-august-28-8pm-et,DOWN,65291832103314098292958390228316373027243815896601306006207314163947000292163,1756210083,2025-08-26 12:08:03,0.5
bitcoin-up-or-down-august-28-8pm-et,DOWN,65291832103314098292958390228316373027243815896601306006207314163947000292163,1756210142,2025-08-26 12:09:02,0.5
bitcoin-up-or-down-august-28-8pm-et,DOWN,65291832103314098292958390228316373027243815896601306006207314163947000292163,1756210202,2025-08-26 12:10:02,0.5
bitcoin-up-or-down-august-28-8pm-et,DOWN,65291832103314098292958390228316373027243815896601306006207314163947000292163,1756210263,2025-08-26 12:11:03,0.5
bitcoin-up-or-down-august-28-8pm-et,DOWN,65291832103314098292958390228316373027243815896601306006207314163947000292163,1756210322,2025-08-26 12:12:02,0.5
bitcoin-up-or-down-august-28-8pm-et,DOWN,65291832103314098292958390228316373027243815896601306006207314163947000292163,1756210383,2025-08-26 12:13:03,0.5
bitcoin-up-or-down-august-28-8pm-et,DOWN,65291832103314098292958390228316373027243815896601306006207314163947000292163,1756210442,2025-08-26 12:14:02,0.5
bitcoin-up-or-down-august-28-8pm-et,DOWN,65291832103314098292958390228316373027243815896601306006207314163947000292163,1756210502,2025-08-26 12:15:02,0.5
bitcoin-up-or-down-august-28-8pm-et,DOWN,65291832103314098292958390228316373027243815896601306006207314163947000292163,1756210562,2025-08-26 12:16:02,0.5
bitcoin-up-or-down-august-28-8pm-et,DOWN,65291832103314098292958390228316373027243815896601306006207314163947000292163,1756210623,2025-08-26 12:17:03,0.5
bitcoin-up-or-down-august-28-8pm-et,DOWN,65291832103314098292958390228316373027243815896601306006207314163947000292163,1756210683,2025-08-26 12:18:03,0.5
bitcoin-up-or-down-august-28-8pm-et,DOWN,65291832103314098292958390228316373027243815896601306006207314163947000292163,1756210743,2025-08-26 12:19:03,0.5
bitcoin-up-or-down-august-28-8pm-et,DOWN,65291832103314098292958390228316373027243815896601306006207314163947000292163,1756210802,2025-08-26 12:20:02,0.5
bitcoin-up-or-down-august-28-8pm-et,DOWN,65291832103314098292958390228316373027243815896601306006207314163947000292163,1756210863,2025-08-26 12:21:03,0.5
bitcoin-up-or-down-august-28-8pm-et,DOWN,65291832103314098292958390228316373027243815896601306006207314163947000292163,1756210923,2025-08-26 12:22:03,0.5
bitcoin-up-or-down-august-28-8pm-et,DOWN,65291832103314098292958390228316373027243815896601306006207314163947000292163,1756210983,2025-08-26 12:23:03,0.5
bitcoin-up-or-down-august-28-8pm-et,DOWN,65291832103314098292958390228316373027243815896601306006207314163947000292163,1756211043,2025-08-26 12:24:03,0.5
bitcoin-up-or-down-august-28-8pm-et,DOWN,65291832103314098292958390228316373027243815896601306006207314163947000292163,1756211103,2025-08-26 12:25:03,0.5
bitcoin-up-or-down-august-28-8pm-et,DOWN,65291832103314098292958390228316373027243815896601306006207314163947000292163,1756211171,2025-08-26 12:26:11,0.5
bitcoin-up-or-down-august-28-8pm-et,DOWN,65291832103314098292958390228316373027243815896601306006207314163947000292163,1756211222,2025-08-26 12:27:02,0.5
bitcoin-up-or-down-august-28-8pm-et,DOWN,65291832103314098292958390228316373027243815896601306006207314163947000292163,1756211283,2025-08-26 12:28:03,0.5
bitcoin-up-or-down-august-28-8pm-et,DOWN,65291832103314098292958390228316373027243815896601306006207314163947000292163,1756211343,2025-08-26 12:29:03,0.5
bitcoin-up-or-down-august-28-8pm-et,DOWN,65291832103314098292958390228316373027243815896601306006207314163947000292163,1756211406,2025-08-26 12:30:06,0.5
bitcoin-up-or-down-august-28-8pm-et,DOWN,65291832103314098292958390228316373027243815896601306006207314163947000292163,1756211463,2025-08-26 12:31:03,0.5
bitcoin-up-or-down-august-28-8pm-et,DOWN,65291832103314098292958390228316373027243815896601306006207314163947000292163,1756211522,2025-08-26 12:32:02,0.5
bitcoin-up-or-down-august-28-8pm-et,DOWN,65291832103314098292958390228316373027243815896601306006207314163947000292163,1756211582,2025-08-26 12:33:02,0.5
bitcoin-up-or-down-august-28-8pm-et,DOWN,65291832103314098292958390228316373027243815896601306006207314163947000292163,1756211643,2025-08-26 12:34:03,0.5
bitcoin-up-or-down-august-28-8pm-et,DOWN,65291832103314098292958390228316373027243815896601306006207314163947000292163,1756211702,2025-08-26 12:35:02,0.5
bitcoin-up-or-down-august-28-8pm-et,DOWN,65291832103314098292958390228316373027243815896601306006207314163947000292163,1756211763,2025-08-26 12:36:03,0.5
bitcoin-up-or-down-august-28-8pm-et,DOWN,65291832103314098292958390228316373027243815896601306006207314163947000292163,1756211823,2025-08-26 12:37:03,0.5
bitcoin-up-or-down-august-28-8pm-et,DOWN,65291832103314098292958390228316373027243815896601306006207314163947000292163,1756211882,2025-08-26 12:38:02,0.5
bitcoin-up-or-down-august-28-8pm-et,DOWN,65291832103314098292958390228316373027243815896601306006207314163947000292163,1756211942,2025-08-26 12:39:02,0.5
bitcoin-up-or-down-august-28-8pm-et,DOWN,65291832103314098292958390228316373027243815896601306006207314163947000292163,1756212002,2025-08-26 12:40:02,0.5
bitcoin-up-or-down-august-28-8pm-et,DOWN,65291832103314098292958390228316373027243815896601306006207314163947000292163,1756212062,2025-08-26 12:41:02,0.5
bitcoin-up-or-down-august-28-8pm-et,DOWN,65291832103314098292958390228316373027243815896601306006207314163947000292163,1756212122,2025-08-26 12:42:02,0.5
bitcoin-up-or-down-august-28-8pm-et,DOWN,65291832103314098292958390228316373027243815896601306006207314163947000292163,1756212182,2025-08-26 12:43:02,0.5
bitcoin-up-or-down-august-28-8pm-et,DOWN,65291832103314098292958390228316373027243815896601306006207314163947000292163,1756212242,2025-08-26 12:44:02,0.5
bitcoin-up-or-down-august-28-8pm-et,DOWN,65291832103314098292958390228316373027243815896601306006207314163947000292163,1756212303,2025-08-26 12:45:03,0.5
bitcoin-up-or-down-august-28-8pm-et,DOWN,65291832103314098292958390228316373027243815896601306006207314163947000292163,1756212362,2025-08-26 12:46:02,0.5
bitcoin-up-or-down-august-28-8pm-et,DOWN,65291832103314098292958390228316373027243815896601306006207314163947000292163,1756212423,2025-08-26 12:47:03,0.5
bitcoin-up-or-down-august-28-8pm-et,DOWN,65291832103314098292958390228316373027243815896601306006207314163947000292163,1756212482,2025-08-26 12:48:02,0.5
bitcoin-up-or-down-august-28-8pm-et,DOWN,65291832103314098292958390228316373027243815896601306006207314163947000292163,1756212542,2025-08-26 12:49:02,0.5
bitcoin-up-or-down-august-28-8pm-et,DOWN,65291832103314098292958390228316373027243815896601306006207314163947000292163,1756212602,2025-08-26 12:50:02,0.5
bitcoin-up-or-down-august-28-8pm-et,DOWN,65291832103314098292958390228316373027243815896601306006207314163947000292163,1756212662,2025-08-26 12:51:02,0.5
bitcoin-up-or-down-august-28-8pm-et,DOWN,65291832103314098292958390228316373027243815896601306006207314163947000292163,1756212724,2025-08-26 12:52:04,0.5
bitcoin-up-or-down-august-28-8pm-et,DOWN,65291832103314098292958390228316373027243815896601306006207314163947000292163,1756212783,2025-08-26 12:53:03,0.5
bitcoin-up-or-down-august-28-8pm-et,DOWN,65291832103314098292958390228316373027243815896601306006207314163947000292163,1756212843,2025-08-26 12:54:03,0.5
bitcoin-up-or-down-august-28-8pm-et,DOWN,65291832103314098292958390228316373027243815896601306006207314163947000292163,1756212903,2025-08-26 12:55:03,0.5
bitcoin-up-or-down-august-28-8pm-et,DOWN,65291832103314098292958390228316373027243815896601306006207314163947000292163,1756212962,2025-08-26 12:56:02,0.5
bitcoin-up-or-down-august-28-8pm-et,DOWN,65291832103314098292958390228316373027243815896601306006207314163947000292163,1756213023,2025-08-26 12:57:03,0.5
bitcoin-up-or-down-august-28-8pm-et,DOWN,65291832103314098292958390228316373027243815896601306006207314163947000292163,1756213082,2025-08-26 12:58:02,0.5
bitcoin-up-or-down-august-28-8pm-et,DOWN,65291832103314098292958390228316373027243815896601306006207314163947000292163,1756213143,2025-08-26 12:59:03,0.5
bitcoin-up-or-down-august-28-8pm-et,DOWN,65291832103314098292958390228316373027243815896601306006207314163947000292163,1756213213,2025-08-26 13:00:13,0.5
bitcoin-up-or-down-august-28-8pm-et,DOWN,65291832103314098292958390228316373027243815896601306006207314163947000292163,1756213263,2025-08-26 13:01:03,0.5
bitcoin-up-or-down-august-28-8pm-et,DOWN,65291832103314098292958390228316373027243815896601306006207314163947000292163,1756213323,2025-08-26 13:02:03,0.5
bitcoin-up-or-down-august-28-8pm-et,DOWN,65291832103314098292958390228316373027243815896601306006207314163947000292163,1756213383,2025-08-26 13:03:03,0.5
bitcoin-up-or-down-august-28-8pm-et,DOWN,65291832103314098292958390228316373027243815896601306006207314163947000292163,1756213443,2025-08-26 13:04:03,0.5
bitcoin-up-or-down-august-28-8pm-et,DOWN,65291832103314098292958390228316373027243815896601306006207314163947000292163,1756213503,2025-08-26 13:05:03,0.5
bitcoin-up-or-down-august-28-8pm-et,DOWN,65291832103314098292958390228316373027243815896601306006207314163947000292163,1756213562,2025-08-26 13:06:02,0.5
bitcoin-up-or-down-august-28-8pm-et,DOWN,65291832103314098292958390228316373027243815896601306006207314163947000292163,1756213622,2025-08-26 13:07:02,0.5
bitcoin-up-or-down-august-28-8pm-et,DOWN,65291832103314098292958390228316373027243815896601306006207314163947000292163,1756213682,2025-08-26 13:08:02,0.5
bitcoin-up-or-down-august-28-8pm-et,DOWN,65291832103314098292958390228316373027243815896601306006207314163947000292163,1756213742,2025-08-26 13:09:02,0.5
bitcoin-up-or-down-august-28-8pm-et,DOWN,65291832103314098292958390228316373027243815896601306006207314163947000292163,1756213802,2025-08-26 13:10:02,0.5
bitcoin-up-or-down-august-28-8pm-et,DOWN,65291832103314098292958390228316373027243815896601306006207314163947000292163,1756213863,2025-08-26 13:11:03,0.5
bitcoin-up-or-down-august-28-8pm-et,DOWN,65291832103314098292958390228316373027243815896601306006207314163947000292163,1756213923,2025-08-26 13:12:03,0.5
bitcoin-up-or-down-august-28-8pm-et,DOWN,65291832103314098292958390228316373027243815896601306006207314163947000292163,1756213982,2025-08-26 13:13:02,0.5
bitcoin-up-or-down-august-28-8pm-et,DOWN,65291832103314098292958390228316373027243815896601306006207314163947000292163,1756214043,2025-08-26 13:14:03,0.5
bitcoin-up-or-down-august-28-8pm-et,DOWN,65291832103314098292958390228316373027243815896601306006207314163947000292163,1756214102,2025-08-26 13:15:02,0.5
bitcoin-up-or-down-august-28-8pm-et,DOWN,65291832103314098292958390228316373027243815896601306006207314163947000292163,1756214163,2025-08-26 13:16:03,0.5
bitcoin-up-or-down-august-28-8pm-et,DOWN,65291832103314098292958390228316373027243815896601306006207314163947000292163,1756214223,2025-08-26 13:17:03,0.5
bitcoin-up-or-down-august-28-8pm-et,DOWN,65291832103314098292958390228316373027243815896601306006207314163947000292163,1756214283,2025-08-26 13:18:03,0.5
bitcoin-up-or-down-august-28-8pm-et,DOWN,65291832103314098292958390228316373027243815896601306006207314163947000292163,1756214341,2025-08-26 13:19:01,0.5
bitcoin-up-or-down-august-28-8pm-et,DOWN,65291832103314098292958390228316373027243815896601306006207314163947000292163,1756214402,2025-08-26 13:20:02,0.5
bitcoin-up-or-down-august-28-8pm-et,DOWN,65291832103314098292958390228316373027243815896601306006207314163947000292163,1756214462,2025-08-26 13:21:02,0.5
bitcoin-up-or-down-august-28-8pm-et,DOWN,65291832103314098292958390228316373027243815896601306006207314163947000292163,1756214522,2025-08-26 13:22:02,0.5
bitcoin-up-or-down-august-28-8pm-et,DOWN,65291832103314098292958390228316373027243815896601306006207314163947000292163,1756214582,2025-08-26 13:23:02,0.5
bitcoin-up-or-down-august-28-8pm-et,DOWN,65291832103314098292958390228316373027243815896601306006207314163947000292163,1756214643,2025-08-26 13:24:03,0.5
bitcoin-up-or-down-august-28-8pm-et,DOWN,65291832103314098292958390228316373027243815896601306006207314163947000292163,1756214703,2025-08-26 13:25:03,0.5
bitcoin-up-or-down-august-28-8pm-et,DOWN,65291832103314098292958390228316373027243815896601306006207314163947000292163,1756214769,2025-08-26 13:26:09,0.5
bitcoin-up-or-down-august-28-8pm-et,DOWN,65291832103314098292958390228316373027243815896601306006207314163947000292163,1756214823,2025-08-26 13:27:03,0.5
bitcoin-up-or-down-august-28-8pm-et,DOWN,65291832103314098292958390228316373027243815896601306006207314163947000292163,1756214882,2025-08-26 13:28:02,0.5
bitcoin-up-or-down-august-28-8pm-et,DOWN,65291832103314098292958390228316373027243815896601306006207314163947000292163,1756214942,2025-08-26 13:29:02,0.5
bitcoin-up-or-down-august-28-8pm-et,DOWN,65291832103314098292958390228316373027243815896601306006207314163947000292163,1756215002,2025-08-26 13:30:02,0.5
bitcoin-up-or-down-august-28-8pm-et,DOWN,65291832103314098292958390228316373027243815896601306006207314163947000292163,1756215063,2025-08-26 13:31:03,0.5
bitcoin-up-or-down-august-28-8pm-et,DOWN,65291832103314098292958390228316373027243815896601306006207314163947000292163,1756215123,2025-08-26 13:32:03,0.5
bitcoin-up-or-down-august-28-8pm-et,DOWN,65291832103314098292958390228316373027243815896601306006207314163947000292163,1756215183,2025-08-26 13:33:03,0.5
bitcoin-up-or-down-august-28-8pm-et,DOWN,65291832103314098292958390228316373027243815896601306006207314163947000292163,1756215242,2025-08-26 13:34:02,0.5
bitcoin-up-or-down-august-28-8pm-et,DOWN,65291832103314098292958390228316373027243815896601306006207314163947000292163,1756215303,2025-08-26 13:35:03,0.5
bitcoin-up-or-down-august-28-8pm-et,DOWN,65291832103314098292958390228316373027243815896601306006207314163947000292163,1756215364,2025-08-26 13:36:04,0.5
bitcoin-up-or-down-august-28-8pm-et,DOWN,65291832103314098292958390228316373027243815896601306006207314163947000292163,1756215423,2025-08-26 13:37:03,0.5
bitcoin-up-or-down-august-28-8pm-et,DOWN,65291832103314098292958390228316373027243815896601306006207314163947000292163,1756215482,2025-08-26 13:38:02,0.5
bitcoin-up-or-down-august-28-8pm-et,DOWN,65291832103314098292958390228316373027243815896601306006207314163947000292163,1756215542,2025-08-26 13:39:02,0.5
bitcoin-up-or-down-august-28-8pm-et,DOWN,65291832103314098292958390228316373027243815896601306006207314163947000292163,1756215603,2025-08-26 13:40:03,0.5
bitcoin-up-or-down-august-28-8pm-et,DOWN,65291832103314098292958390228316373027243815896601306006207314163947000292163,1756215663,2025-08-26 13:41:03,0.5
bitcoin-up-or-down-august-28-8pm-et,DOWN,65291832103314098292958390228316373027243815896601306006207314163947000292163,1756215723,2025-08-26 13:42:03,0.5
bitcoin-up-or-down-august-28-8pm-et,DOWN,65291832103314098292958390228316373027243815896601306006207314163947000292163,1756215782,2025-08-26 13:43:02,0.5
bitcoin-up-or-down-august-28-8pm-et,DOWN,65291832103314098292958390228316373027243815896601306006207314163947000292163,1756215843,2025-08-26 13:44:03,0.5
bitcoin-up-or-down-august-28-8pm-et,DOWN,65291832103314098292958390228316373027243815896601306006207314163947000292163,1756215902,2025-08-26 13:45:02,0.5
bitcoin-up-or-down-august-28-8pm-et,DOWN,65291832103314098292958390228316373027243815896601306006207314163947000292163,1756215963,2025-08-26 13:46:03,0.5
bitcoin-up-or-down-august-28-8pm-et,DOWN,65291832103314098292958390228316373027243815896601306006207314163947000292163,1756216022,2025-08-26 13:47:02,0.5
bitcoin-up-or-down-august-28-8pm-et,DOWN,65291832103314098292958390228316373027243815896601306006207314163947000292163,1756216083,2025-08-26 13:48:03,0.5
bitcoin-up-or-down-august-28-8pm-et,DOWN,65291832103314098292958390228316373027243815896601306006207314163947000292163,1756216142,2025-08-26 13:49:02,0.5
bitcoin-up-or-down-august-28-8pm-et,DOWN,65291832103314098292958390228316373027243815896601306006207314163947000292163,1756216203,2025-08-26 13:50:03,0.5
bitcoin-up-or-down-august-28-8pm-et,DOWN,65291832103314098292958390228316373027243815896601306006207314163947000292163,1756216263,2025-08-26 13:51:03,0.5
bitcoin-up-or-down-august-28-8pm-et,DOWN,65291832103314098292958390228316373027243815896601306006207314163947000292163,1756216327,2025-08-26 13:52:07,0.5
bitcoin-up-or-down-august-28-8pm-et,DOWN,65291832103314098292958390228316373027243815896601306006207314163947000292163,1756216382,2025-08-26 13:53:02,0.5
bitcoin-up-or-down-august-28-8pm-et,DOWN,65291832103314098292958390228316373027243815896601306006207314163947000292163,1756216443,2025-08-26 13:54:03,0.5
bitcoin-up-or-down-august-28-8pm-et,DOWN,65291832103314098292958390228316373027243815896601306006207314163947000292163,1756216505,2025-08-26 13:55:05,0.5
bitcoin-up-or-down-august-28-8pm-et,DOWN,65291832103314098292958390228316373027243815896601306006207314163947000292163,1756216563,2025-08-26 13:56:03,0.5
bitcoin-up-or-down-august-28-8pm-et,DOWN,65291832103314098292958390228316373027243815896601306006207314163947000292163,1756216622,2025-08-26 13:57:02,0.5
bitcoin-up-or-down-august-28-8pm-et,DOWN,65291832103314098292958390228316373027243815896601306006207314163947000292163,1756216683,2025-08-26 13:58:03,0.5
bitcoin-up-or-down-august-28-8pm-et,DOWN,65291832103314098292958390228316373027243815896601306006207314163947000292163,1756216742,2025-08-26 13:59:02,0.5
bitcoin-up-or-down-august-28-8pm-et,DOWN,65291832103314098292958390228316373027243815896601306006207314163947000292163,1756216805,2025-08-26 14:00:05,0.5
bitcoin-up-or-down-august-28-8pm-et,DOWN,65291832103314098292958390228316373027243815896601306006207314163947000292163,1756216864,2025-08-26 14:01:04,0.5
bitcoin-up-or-down-august-28-8pm-et,DOWN,65291832103314098292958390228316373027243815896601306006207314163947000292163,1756216923,2025-08-26 14:02:03,0.5
bitcoin-up-or-down-august-28-8pm-et,DOWN,65291832103314098292958390228316373027243815896601306006207314163947000292163,1756216983,2025-08-26 14:03:03,0.5
bitcoin-up-or-down-august-28-8pm-et,DOWN,65291832103314098292958390228316373027243815896601306006207314163947000292163,1756217043,2025-08-26 14:04:03,0.5
bitcoin-up-or-down-august-28-8pm-et,DOWN,65291832103314098292958390228316373027243815896601306006207314163947000292163,1756217103,2025-08-26 14:05:03,0.5
bitcoin-up-or-down-august-28-8pm-et,DOWN,65291832103314098292958390228316373027243815896601306006207314163947000292163,1756217162,2025-08-26 14:06:02,0.5
bitcoin-up-or-down-august-28-8pm-et,DOWN,65291832103314098292958390228316373027243815896601306006207314163947000292163,1756217223,2025-08-26 14:07:03,0.5
bitcoin-up-or-down-august-28-8pm-et,DOWN,65291832103314098292958390228316373027243815896601306006207314163947000292163,1756217283,2025-08-26 14:08:03,0.5
bitcoin-up-or-down-august-28-8pm-et,DOWN,65291832103314098292958390228316373027243815896601306006207314163947000292163,1756217343,2025-08-26 14:09:03,0.5
bitcoin-up-or-down-august-28-8pm-et,DOWN,65291832103314098292958390228316373027243815896601306006207314163947000292163,1756217404,2025-08-26 14:10:04,0.5
bitcoin-up-or-down-august-28-8pm-et,DOWN,65291832103314098292958390228316373027243815896601306006207314163947000292163,1756217463,2025-08-26 14:11:03,0.5
bitcoin-up-or-down-august-28-8pm-et,DOWN,65291832103314098292958390228316373027243815896601306006207314163947000292163,1756217524,2025-08-26 14:12:04,0.5
bitcoin-up-or-down-august-28-8pm-et,DOWN,65291832103314098292958390228316373027243815896601306006207314163947000292163,1756217583,2025-08-26 14:13:03,0.5
bitcoin-up-or-down-august-28-8pm-et,DOWN,65291832103314098292958390228316373027243815896601306006207314163947000292163,1756217643,2025-08-26 14:14:03,0.5
bitcoin-up-or-down-august-28-8pm-et,DOWN,65291832103314098292958390228316373027243815896601306006207314163947000292163,1756217704,2025-08-26 14:15:04,0.5
bitcoin-up-or-down-august-28-8pm-et,DOWN,65291832103314098292958390228316373027243815896601306006207314163947000292163,1756217763,2025-08-26 14:16:03,0.5
bitcoin-up-or-down-august-28-8pm-et,DOWN,65291832103314098292958390228316373027243815896601306006207314163947000292163,1756217822,2025-08-26 14:17:02,0.5
bitcoin-up-or-down-august-28-8pm-et,DOWN,65291832103314098292958390228316373027243815896601306006207314163947000292163,1756217883,2025-08-26 14:18:03,0.5
bitcoin-up-or-down-august-28-8pm-et,DOWN,65291832103314098292958390228316373027243815896601306006207314163947000292163,1756217943,2025-08-26 14:19:03,0.5
bitcoin-up-or-down-august-28-8pm-et,DOWN,65291832103314098292958390228316373027243815896601306006207314163947000292163,1756218003,2025-08-26 14:20:03,0.5
bitcoin-up-or-down-august-28-8pm-et,DOWN,65291832103314098292958390228316373027243815896601306006207314163947000292163,1756218063,2025-08-26 14:21:03,0.5
bitcoin-up-or-down-august-28-8pm-et,DOWN,65291832103314098292958390228316373027243815896601306006207314163947000292163,1756218122,2025-08-26 14:22:02,0.5
bitcoin-up-or-down-august-28-8pm-et,DOWN,65291832103314098292958390228316373027243815896601306006207314163947000292163,1756218182,2025-08-26 14:23:02,0.5
bitcoin-up-or-down-august-28-8pm-et,DOWN,65291832103314098292958390228316373027243815896601306006207314163947000292163,1756218243,2025-08-26 14:24:03,0.5
bitcoin-up-or-down-august-28-8pm-et,DOWN,65291832103314098292958390228316373027243815896601306006207314163947000292163,1756218303,2025-08-26 14:25:03,0.5
bitcoin-up-or-down-august-28-8pm-et,DOWN,65291832103314098292958390228316373027243815896601306006207314163947000292163,1756218363,2025-08-26 14:26:03,0.5
bitcoin-up-or-down-august-28-8pm-et,DOWN,65291832103314098292958390228316373027243815896601306006207314163947000292163,1756218422,2025-08-26 14:27:02,0.5
bitcoin-up-or-down-august-28-8pm-et,DOWN,65291832103314098292958390228316373027243815896601306006207314163947000292163,1756218483,2025-08-26 14:28:03,0.5
bitcoin-up-or-down-august-28-8pm-et,DOWN,65291832103314098292958390228316373027243815896601306006207314163947000292163,1756218543,2025-08-26 14:29:03,0.5
bitcoin-up-or-down-august-28-8pm-et,DOWN,65291832103314098292958390228316373027243815896601306006207314163947000292163,1756218603,2025-08-26 14:30:03,0.5
bitcoin-up-or-down-august-28-8pm-et,DOWN,65291832103314098292958390228316373027243815896601306006207314163947000292163,1756218663,2025-08-26 14:31:03,0.5
bitcoin-up-or-down-august-28-8pm-et,DOWN,65291832103314098292958390228316373027243815896601306006207314163947000292163,1756218723,2025-08-26 14:32:03,0.5
bitcoin-up-or-down-august-28-8pm-et,DOWN,65291832103314098292958390228316373027243815896601306006207314163947000292163,1756218782,2025-08-26 14:33:02,0.5
bitcoin-up-or-down-august-28-8pm-et,DOWN,65291832103314098292958390228316373027243815896601306006207314163947000292163,1756218842,2025-08-26 14:34:02,0.5
bitcoin-up-or-down-august-28-8pm-et,DOWN,65291832103314098292958390228316373027243815896601306006207314163947000292163,1756218903,2025-08-26 14:35:03,0.5
bitcoin-up-or-down-august-28-8pm-et,DOWN,65291832103314098292958390228316373027243815896601306006207314163947000292163,1756218963,2025-08-26 14:36:03,0.5
bitcoin-up-or-down-august-28-8pm-et,DOWN,65291832103314098292958390228316373027243815896601306006207314163947000292163,1756219023,2025-08-26 14:37:03,0.5
bitcoin-up-or-down-august-28-8pm-et,DOWN,65291832103314098292958390228316373027243815896601306006207314163947000292163,1756219083,2025-08-26 14:38:03,0.5
bitcoin-up-or-down-august-28-8pm-et,DOWN,65291832103314098292958390228316373027243815896601306006207314163947000292163,1756219143,2025-08-26 14:39:03,0.5
bitcoin-up-or-down-august-28-8pm-et,DOWN,65291832103314098292958390228316373027243815896601306006207314163947000292163,1756219203,2025-08-26 14:40:03,0.5
bitcoin-up-or-down-august-28-8pm-et,DOWN,65291832103314098292958390228316373027243815896601306006207314163947000292163,1756219263,2025-08-26 14:41:03,0.5
bitcoin-up-or-down-august-28-8pm-et,DOWN,65291832103314098292958390228316373027243815896601306006207314163947000292163,1756219323,2025-08-26 14:42:03,0.5
bitcoin-up-or-down-august-28-8pm-et,DOWN,65291832103314098292958390228316373027243815896601306006207314163947000292163,1756219383,2025-08-26 14:43:03,0.5
bitcoin-up-or-down-august-28-8pm-et,DOWN,65291832103314098292958390228316373027243815896601306006207314163947000292163,1756219442,2025-08-26 14:44:02,0.5
bitcoin-up-or-down-august-28-8pm-et,DOWN,65291832103314098292958390228316373027243815896601306006207314163947000292163,1756219504,2025-08-26 14:45:04,0.5
bitcoin-up-or-down-august-28-8pm-et,DOWN,65291832103314098292958390228316373027243815896601306006207314163947000292163,1756219563,2025-08-26 14:46:03,0.5
bitcoin-up-or-down-august-28-8pm-et,DOWN,65291832103314098292958390228316373027243815896601306006207314163947000292163,1756219622,2025-08-26 14:47:02,0.5
bitcoin-up-or-down-august-28-8pm-et,DOWN,65291832103314098292958390228316373027243815896601306006207314163947000292163,1756219683,2025-08-26 14:48:03,0.5
bitcoin-up-or-down-august-28-8pm-et,DOWN,65291832103314098292958390228316373027243815896601306006207314163947000292163,1756219743,2025-08-26 14:49:03,0.5
bitcoin-up-or-down-august-28-8pm-et,DOWN,65291832103314098292958390228316373027243815896601306006207314163947000292163,1756219803,2025-08-26 14:50:03,0.5
bitcoin-up-or-down-august-28-8pm-et,DOWN,65291832103314098292958390228316373027243815896601306006207314163947000292163,1756219863,2025-08-26 14:51:03,0.5
bitcoin-up-or-down-august-28-8pm-et,DOWN,65291832103314098292958390228316373027243815896601306006207314163947000292163,1756219928,2025-08-26 14:52:08,0.5
bitcoin-up-or-down-august-28-8pm-et,DOWN,65291832103314098292958390228316373027243815896601306006207314163947000292163,1756219982,2025-08-26 14:53:02,0.5
bitcoin-up-or-down-august-28-8pm-et,DOWN,65291832103314098292958390228316373027243815896601306006207314163947000292163,1756220043,2025-08-26 14:54:03,0.5
bitcoin-up-or-down-august-28-8pm-et,DOWN,65291832103314098292958390228316373027243815896601306006207314163947000292163,1756220105,2025-08-26 14:55:05,0.5
bitcoin-up-or-down-august-28-8pm-et,DOWN,65291832103314098292958390228316373027243815896601306006207314163947000292163,1756220163,2025-08-26 14:56:03,0.5
bitcoin-up-or-down-august-28-8pm-et,DOWN,65291832103314098292958390228316373027243815896601306006207314163947000292163,1756220222,2025-08-26 14:57:02,0.5
bitcoin-up-or-down-august-28-8pm-et,DOWN,65291832103314098292958390228316373027243815896601306006207314163947000292163,1756220284,2025-08-26 14:58:04,0.5
bitcoin-up-or-down-august-28-8pm-et,DOWN,65291832103314098292958390228316373027243815896601306006207314163947000292163,1756220344,2025-08-26 14:59:04,0.5
bitcoin-up-or-down-august-28-8pm-et,DOWN,65291832103314098292958390228316373027243815896601306006207314163947000292163,1756220403,2025-08-26 15:00:03,0.5
bitcoin-up-or-down-august-28-8pm-et,DOWN,65291832103314098292958390228316373027243815896601306006207314163947000292163,1756220463,2025-08-26 15:01:03,0.5
bitcoin-up-or-down-august-28-8pm-et,DOWN,65291832103314098292958390228316373027243815896601306006207314163947000292163,1756220523,2025-08-26 15:02:03,0.5
bitcoin-up-or-down-august-28-8pm-et,DOWN,65291832103314098292958390228316373027243815896601306006207314163947000292163,1756220582,2025-08-26 15:03:02,0.5
bitcoin-up-or-down-august-28-8pm-et,DOWN,65291832103314098292958390228316373027243815896601306006207314163947000292163,1756220642,2025-08-26 15:04:02,0.5
bitcoin-up-or-down-august-28-8pm-et,DOWN,65291832103314098292958390228316373027243815896601306006207314163947000292163,1756220703,2025-08-26 15:05:03,0.5
bitcoin-up-or-down-august-28-8pm-et,DOWN,65291832103314098292958390228316373027243815896601306006207314163947000292163,1756220762,2025-08-26 15:06:02,0.5
bitcoin-up-or-down-august-28-8pm-et,DOWN,65291832103314098292958390228316373027243815896601306006207314163947000292163,1756220822,2025-08-26 15:07:02,0.5
bitcoin-up-or-down-august-28-8pm-et,DOWN,65291832103314098292958390228316373027243815896601306006207314163947000292163,1756220883,2025-08-26 15:08:03,0.5
bitcoin-up-or-down-august-28-8pm-et,DOWN,65291832103314098292958390228316373027243815896601306006207314163947000292163,1756220943,2025-08-26 15:09:03,0.5
bitcoin-up-or-down-august-28-8pm-et,DOWN,65291832103314098292958390228316373027243815896601306006207314163947000292163,1756221002,2025-08-26 15:10:02,0.5
bitcoin-up-or-down-august-28-8pm-et,DOWN,65291832103314098292958390228316373027243815896601306006207314163947000292163,1756221063,2025-08-26 15:11:03,0.5
bitcoin-up-or-down-august-28-8pm-et,DOWN,65291832103314098292958390228316373027243815896601306006207314163947000292163,1756221123,2025-08-26 15:12:03,0.5
bitcoin-up-or-down-august-28-8pm-et,DOWN,65291832103314098292958390228316373027243815896601306006207314163947000292163,1756221182,2025-08-26 15:13:02,0.5
bitcoin-up-or-down-august-28-8pm-et,DOWN,65291832103314098292958390228316373027243815896601306006207314163947000292163,1756221242,2025-08-26 15:14:02,0.5
bitcoin-up-or-down-august-28-8pm-et,DOWN,65291832103314098292958390228316373027243815896601306006207314163947000292163,1756221303,2025-08-26 15:15:03,0.5
bitcoin-up-or-down-august-28-8pm-et,DOWN,65291832103314098292958390228316373027243815896601306006207314163947000292163,1756221363,2025-08-26 15:16:03,0.5
bitcoin-up-or-down-august-28-8pm-et,DOWN,65291832103314098292958390228316373027243815896601306006207314163947000292163,1756221423,2025-08-26 15:17:03,0.5
bitcoin-up-or-down-august-28-8pm-et,DOWN,65291832103314098292958390228316373027243815896601306006207314163947000292163,1756221483,2025-08-26 15:18:03,0.5
bitcoin-up-or-down-august-28-8pm-et,DOWN,65291832103314098292958390228316373027243815896601306006207314163947000292163,1756221543,2025-08-26 15:19:03,0.5
bitcoin-up-or-down-august-28-8pm-et,DOWN,65291832103314098292958390228316373027243815896601306006207314163947000292163,1756221603,2025-08-26 15:20:03,0.5
bitcoin-up-or-down-august-28-8pm-et,DOWN,65291832103314098292958390228316373027243815896601306006207314163947000292163,1756221663,2025-08-26 15:21:03,0.5
bitcoin-up-or-down-august-28-8pm-et,DOWN,65291832103314098292958390228316373027243815896601306006207314163947000292163,1756221723,2025-08-26 15:22:03,0.5
bitcoin-up-or-down-august-28-8pm-et,DOWN,65291832103314098292958390228316373027243815896601306006207314163947000292163,1756221782,2025-08-26 15:23:02,0.5
bitcoin-up-or-down-august-28-8pm-et,DOWN,65291832103314098292958390228316373027243815896601306006207314163947000292163,1756221843,2025-08-26 15:24:03,0.5
bitcoin-up-or-down-august-28-8pm-et,DOWN,65291832103314098292958390228316373027243815896601306006207314163947000292163,1756221902,2025-08-26 15:25:02,0.5
bitcoin-up-or-down-august-28-8pm-et,DOWN,65291832103314098292958390228316373027243815896601306006207314163947000292163,1756221967,2025-08-26 15:26:07,0.5
bitcoin-up-or-down-august-28-8pm-et,DOWN,65291832103314098292958390228316373027243815896601306006207314163947000292163,1756222023,2025-08-26 15:27:03,0.5
bitcoin-up-or-down-august-28-8pm-et,DOWN,65291832103314098292958390228316373027243815896601306006207314163947000292163,1756222083,2025-08-26 15:28:03,0.5
bitcoin-up-or-down-august-28-8pm-et,DOWN,65291832103314098292958390228316373027243815896601306006207314163947000292163,1756222143,2025-08-26 15:29:03,0.5
bitcoin-up-or-down-august-28-8pm-et,DOWN,65291832103314098292958390228316373027243815896601306006207314163947000292163,1756222204,2025-08-26 15:30:04,0.5
bitcoin-up-or-down-august-28-8pm-et,DOWN,65291832103314098292958390228316373027243815896601306006207314163947000292163,1756222264,2025-08-26 15:31:04,0.5
bitcoin-up-or-down-august-28-8pm-et,DOWN,65291832103314098292958390228316373027243815896601306006207314163947000292163,1756222323,2025-08-26 15:32:03,0.5
bitcoin-up-or-down-august-28-8pm-et,DOWN,65291832103314098292958390228316373027243815896601306006207314163947000292163,1756222383,2025-08-26 15:33:03,0.5
bitcoin-up-or-down-august-28-8pm-et,DOWN,65291832103314098292958390228316373027243815896601306006207314163947000292163,1756222442,2025-08-26 15:34:02,0.5
bitcoin-up-or-down-august-28-8pm-et,DOWN,65291832103314098292958390228316373027243815896601306006207314163947000292163,1756222504,2025-08-26 15:35:04,0.5
bitcoin-up-or-down-august-28-8pm-et,DOWN,65291832103314098292958390228316373027243815896601306006207314163947000292163,1756222563,2025-08-26 15:36:03,0.5
bitcoin-up-or-down-august-28-8pm-et,DOWN,65291832103314098292958390228316373027243815896601306006207314163947000292163,1756222623,2025-08-26 15:37:03,0.5
bitcoin-up-or-down-august-28-8pm-et,DOWN,65291832103314098292958390228316373027243815896601306006207314163947000292163,1756222682,2025-08-26 15:38:02,0.5
bitcoin-up-or-down-august-28-8pm-et,DOWN,65291832103314098292958390228316373027243815896601306006207314163947000292163,1756222742,2025-08-26 15:39:02,0.5
bitcoin-up-or-down-august-28-8pm-et,DOWN,65291832103314098292958390228316373027243815896601306006207314163947000292163,1756222802,2025-08-26 15:40:02,0.5
bitcoin-up-or-down-august-28-8pm-et,DOWN,65291832103314098292958390228316373027243815896601306006207314163947000292163,1756222863,2025-08-26 15:41:03,0.5
bitcoin-up-or-down-august-28-8pm-et,DOWN,65291832103314098292958390228316373027243815896601306006207314163947000292163,1756222922,2025-08-26 15:42:02,0.5
bitcoin-up-or-down-august-28-8pm-et,DOWN,65291832103314098292958390228316373027243815896601306006207314163947000292163,1756222984,2025-08-26 15:43:04,0.5
bitcoin-up-or-down-august-28-8pm-et,DOWN,65291832103314098292958390228316373027243815896601306006207314163947000292163,1756223042,2025-08-26 15:44:02,0.5
bitcoin-up-or-down-august-28-8pm-et,DOWN,65291832103314098292958390228316373027243815896601306006207314163947000292163,1756223104,2025-08-26 15:45:04,0.5
bitcoin-up-or-down-august-28-8pm-et,DOWN,65291832103314098292958390228316373027243815896601306006207314163947000292163,1756223162,2025-08-26 15:46:02,0.5
bitcoin-up-or-down-august-28-8pm-et,DOWN,65291832103314098292958390228316373027243815896601306006207314163947000292163,1756223222,2025-08-26 15:47:02,0.5
bitcoin-up-or-down-august-28-8pm-et,DOWN,65291832103314098292958390228316373027243815896601306006207314163947000292163,1756223282,2025-08-26 15:48:02,0.5
bitcoin-up-or-down-august-28-8pm-et,DOWN,65291832103314098292958390228316373027243815896601306006207314163947000292163,1756223343,2025-08-26 15:49:03,0.5
bitcoin-up-or-down-august-28-8pm-et,DOWN,65291832103314098292958390228316373027243815896601306006207314163947000292163,1756223403,2025-08-26 15:50:03,0.5
bitcoin-up-or-down-august-28-8pm-et,DOWN,65291832103314098292958390228316373027243815896601306006207314163947000292163,1756223462,2025-08-26 15:51:02,0.5
bitcoin-up-or-down-august-28-8pm-et,DOWN,65291832103314098292958390228316373027243815896601306006207314163947000292163,1756223533,2025-08-26 15:52:13,0.5
bitcoin-up-or-down-august-28-8pm-et,DOWN,65291832103314098292958390228316373027243815896601306006207314163947000292163,1756223582,2025-08-26 15:53:02,0.5
bitcoin-up-or-down-august-28-8pm-et,DOWN,65291832103314098292958390228316373027243815896601306006207314163947000292163,1756223643,2025-08-26 15:54:03,0.5
bitcoin-up-or-down-august-28-8pm-et,DOWN,65291832103314098292958390228316373027243815896601306006207314163947000292163,1756223703,2025-08-26 15:55:03,0.5
bitcoin-up-or-down-august-28-8pm-et,DOWN,65291832103314098292958390228316373027243815896601306006207314163947000292163,1756223762,2025-08-26 15:56:02,0.5
bitcoin-up-or-down-august-28-8pm-et,DOWN,65291832103314098292958390228316373027243815896601306006207314163947000292163,1756223823,2025-08-26 15:57:03,0.5
bitcoin-up-or-down-august-28-8pm-et,DOWN,65291832103314098292958390228316373027243815896601306006207314163947000292163,1756223882,2025-08-26 15:58:02,0.5
bitcoin-up-or-down-august-28-8pm-et,DOWN,65291832103314098292958390228316373027243815896601306006207314163947000292163,1756223942,2025-08-26 15:59:02,0.5
bitcoin-up-or-down-august-28-8pm-et,DOWN,65291832103314098292958390228316373027243815896601306006207314163947000292163,1756224013,2025-08-26 16:00:13,0.5
bitcoin-up-or-down-august-28-8pm-et,DOWN,65291832103314098292958390228316373027243815896601306006207314163947000292163,1756224063,2025-08-26 16:01:03,0.5
bitcoin-up-or-down-august-28-8pm-et,DOWN,65291832103314098292958390228316373027243815896601306006207314163947000292163,1756224122,2025-08-26 16:02:02,0.5
bitcoin-up-or-down-august-28-8pm-et,DOWN,65291832103314098292958390228316373027243815896601306006207314163947000292163,1756224183,2025-08-26 16:03:03,0.5
bitcoin-up-or-down-august-28-8pm-et,DOWN,65291832103314098292958390228316373027243815896601306006207314163947000292163,1756224242,2025-08-26 16:04:02,0.5
bitcoin-up-or-down-august-28-8pm-et,DOWN,65291832103314098292958390228316373027243815896601306006207314163947000292163,1756224304,2025-08-26 16:05:04,0.5
bitcoin-up-or-down-august-28-8pm-et,DOWN,65291832103314098292958390228316373027243815896601306006207314163947000292163,1756224363,2025-08-26 16:06:03,0.5
bitcoin-up-or-down-august-28-8pm-et,DOWN,65291832103314098292958390228316373027243815896601306006207314163947000292163,1756224423,2025-08-26 16:07:03,0.5
bitcoin-up-or-down-august-28-8pm-et,DOWN,65291832103314098292958390228316373027243815896601306006207314163947000292163,1756224483,2025-08-26 16:08:03,0.5
bitcoin-up-or-down-august-28-8pm-et,DOWN,65291832103314098292958390228316373027243815896601306006207314163947000292163,1756224542,2025-08-26 16:09:02,0.5
bitcoin-up-or-down-august-28-8pm-et,DOWN,65291832103314098292958390228316373027243815896601306006207314163947000292163,1756224602,2025-08-26 16:10:02,0.5
bitcoin-up-or-down-august-28-8pm-et,DOWN,65291832103314098292958390228316373027243815896601306006207314163947000292163,1756224664,2025-08-26 16:11:04,0.5
bitcoin-up-or-down-august-28-8pm-et,DOWN,65291832103314098292958390228316373027243815896601306006207314163947000292163,1756224724,2025-08-26 16:12:04,0.5
bitcoin-up-or-down-august-28-8pm-et,DOWN,65291832103314098292958390228316373027243815896601306006207314163947000292163,1756224782,2025-08-26 16:13:02,0.5
bitcoin-up-or-down-august-28-8pm-et,DOWN,65291832103314098292958390228316373027243815896601306006207314163947000292163,1756224842,2025-08-26 16:14:02,0.5
bitcoin-up-or-down-august-28-8pm-et,DOWN,65291832103314098292958390228316373027243815896601306006207314163947000292163,1756224902,2025-08-26 16:15:02,0.5
bitcoin-up-or-down-august-28-8pm-et,DOWN,65291832103314098292958390228316373027243815896601306006207314163947000292163,1756224962,2025-08-26 16:16:02,0.5
bitcoin-up-or-down-august-28-8pm-et,DOWN,65291832103314098292958390228316373027243815896601306006207314163947000292163,1756225023,2025-08-26 16:17:03,0.5
bitcoin-up-or-down-august-28-8pm-et,DOWN,65291832103314098292958390228316373027243815896601306006207314163947000292163,1756225083,2025-08-26 16:18:03,0.5
bitcoin-up-or-down-august-28-8pm-et,DOWN,65291832103314098292958390228316373027243815896601306006207314163947000292163,1756225142,2025-08-26 16:19:02,0.5
bitcoin-up-or-down-august-28-8pm-et,DOWN,65291832103314098292958390228316373027243815896601306006207314163947000292163,1756225203,2025-08-26 16:20:03,0.5
bitcoin-up-or-down-august-28-8pm-et,DOWN,65291832103314098292958390228316373027243815896601306006207314163947000292163,1756225262,2025-08-26 16:21:02,0.5
bitcoin-up-or-down-august-28-8pm-et,DOWN,65291832103314098292958390228316373027243815896601306006207314163947000292163,1756225322,2025-08-26 16:22:02,0.5
bitcoin-up-or-down-august-28-8pm-et,DOWN,65291832103314098292958390228316373027243815896601306006207314163947000292163,1756225382,2025-08-26 16:23:02,0.5
bitcoin-up-or-down-august-28-8pm-et,DOWN,65291832103314098292958390228316373027243815896601306006207314163947000292163,1756225442,2025-08-26 16:24:02,0.5
bitcoin-up-or-down-august-28-8pm-et,DOWN,65291832103314098292958390228316373027243815896601306006207314163947000292163,1756225503,2025-08-26 16:25:03,0.5
bitcoin-up-or-down-august-28-8pm-et,DOWN,65291832103314098292958390228316373027243815896601306006207314163947000292163,1756225564,2025-08-26 16:26:04,0.5
bitcoin-up-or-down-august-28-8pm-et,DOWN,65291832103314098292958390228316373027243815896601306006207314163947000292163,1756225622,2025-08-26 16:27:02,0.5
bitcoin-up-or-down-august-28-8pm-et,DOWN,65291832103314098292958390228316373027243815896601306006207314163947000292163,1756225683,2025-08-26 16:28:03,0.5
bitcoin-up-or-down-august-28-8pm-et,DOWN,65291832103314098292958390228316373027243815896601306006207314163947000292163,1756225742,2025-08-26 16:29:02,0.5
bitcoin-up-or-down-august-28-8pm-et,DOWN,65291832103314098292958390228316373027243815896601306006207314163947000292163,1756225807,2025-08-26 16:30:07,0.5
bitcoin-up-or-down-august-28-8pm-et,DOWN,65291832103314098292958390228316373027243815896601306006207314163947000292163,1756225863,2025-08-26 16:31:03,0.5
bitcoin-up-or-down-august-28-8pm-et,DOWN,65291832103314098292958390228316373027243815896601306006207314163947000292163,1756225923,2025-08-26 16:32:03,0.5
bitcoin-up-or-down-august-28-8pm-et,DOWN,65291832103314098292958390228316373027243815896601306006207314163947000292163,1756225982,2025-08-26 16:33:02,0.5
bitcoin-up-or-down-august-28-8pm-et,DOWN,65291832103314098292958390228316373027243815896601306006207314163947000292163,1756226042,2025-08-26 16:34:02,0.5
bitcoin-up-or-down-august-28-8pm-et,DOWN,65291832103314098292958390228316373027243815896601306006207314163947000292163,1756226103,2025-08-26 16:35:03,0.5
bitcoin-up-or-down-august-28-8pm-et,DOWN,65291832103314098292958390228316373027243815896601306006207314163947000292163,1756226162,2025-08-26 16:36:02,0.5
bitcoin-up-or-down-august-28-8pm-et,DOWN,65291832103314098292958390228316373027243815896601306006207314163947000292163,1756226223,2025-08-26 16:37:03,0.5
bitcoin-up-or-down-august-28-8pm-et,DOWN,65291832103314098292958390228316373027243815896601306006207314163947000292163,1756226283,2025-08-26 16:38:03,0.5
bitcoin-up-or-down-august-28-8pm-et,DOWN,65291832103314098292958390228316373027243815896601306006207314163947000292163,1756226342,2025-08-26 16:39:02,0.5
bitcoin-up-or-down-august-28-8pm-et,DOWN,65291832103314098292958390228316373027243815896601306006207314163947000292163,1756226403,2025-08-26 16:40:03,0.5
bitcoin-up-or-down-august-28-8pm-et,DOWN,65291832103314098292958390228316373027243815896601306006207314163947000292163,1756226462,2025-08-26 16:41:02,0.5
bitcoin-up-or-down-august-28-8pm-et,DOWN,65291832103314098292958390228316373027243815896601306006207314163947000292163,1756226523,2025-08-26 16:42:03,0.5
bitcoin-up-or-down-august-28-8pm-et,DOWN,65291832103314098292958390228316373027243815896601306006207314163947000292163,1756226583,2025-08-26 16:43:03,0.5
bitcoin-up-or-down-august-28-8pm-et,DOWN,65291832103314098292958390228316373027243815896601306006207314163947000292163,1756226642,2025-08-26 16:44:02,0.5
bitcoin-up-or-down-august-28-8pm-et,DOWN,65291832103314098292958390228316373027243815896601306006207314163947000292163,1756226702,2025-08-26 16:45:02,0.5
bitcoin-up-or-down-august-28-8pm-et,DOWN,65291832103314098292958390228316373027243815896601306006207314163947000292163,1756226762,2025-08-26 16:46:02,0.5
bitcoin-up-or-down-august-28-8pm-et,DOWN,65291832103314098292958390228316373027243815896601306006207314163947000292163,1756226823,2025-08-26 16:47:03,0.5
bitcoin-up-or-down-august-28-8pm-et,DOWN,65291832103314098292958390228316373027243815896601306006207314163947000292163,1756226884,2025-08-26 16:48:04,0.5
bitcoin-up-or-down-august-28-8pm-et,DOWN,65291832103314098292958390228316373027243815896601306006207314163947000292163,1756226942,2025-08-26 16:49:02,0.5
bitcoin-up-or-down-august-28-8pm-et,DOWN,65291832103314098292958390228316373027243815896601306006207314163947000292163,1756227010,2025-08-26 16:50:10,0.5
bitcoin-up-or-down-august-28-8pm-et,DOWN,65291832103314098292958390228316373027243815896601306006207314163947000292163,1756227063,2025-08-26 16:51:03,0.5
bitcoin-up-or-down-august-28-8pm-et,DOWN,65291832103314098292958390228316373027243815896601306006207314163947000292163,1756227123,2025-08-26 16:52:03,0.5
bitcoin-up-or-down-august-28-8pm-et,DOWN,65291832103314098292958390228316373027243815896601306006207314163947000292163,1756227183,2025-08-26 16:53:03,0.5
bitcoin-up-or-down-august-28-8pm-et,DOWN,65291832103314098292958390228316373027243815896601306006207314163947000292163,1756227243,2025-08-26 16:54:03,0.5
bitcoin-up-or-down-august-28-8pm-et,DOWN,65291832103314098292958390228316373027243815896601306006207314163947000292163,1756227302,2025-08-26 16:55:02,0.5
bitcoin-up-or-down-august-28-8pm-et,DOWN,65291832103314098292958390228316373027243815896601306006207314163947000292163,1756227363,2025-08-26 16:56:03,0.5
bitcoin-up-or-down-august-28-8pm-et,DOWN,65291832103314098292958390228316373027243815896601306006207314163947000292163,1756227423,2025-08-26 16:57:03,0.5
bitcoin-up-or-down-august-28-8pm-et,DOWN,65291832103314098292958390228316373027243815896601306006207314163947000292163,1756227482,2025-08-26 16:58:02,0.5
bitcoin-up-or-down-august-28-8pm-et,DOWN,65291832103314098292958390228316373027243815896601306006207314163947000292163,1756227542,2025-08-26 16:59:02,0.5
bitcoin-up-or-down-august-28-8pm-et,DOWN,65291832103314098292958390228316373027243815896601306006207314163947000292163,1756227614,2025-08-26 17:00:14,0.5
bitcoin-up-or-down-august-28-8pm-et,DOWN,65291832103314098292958390228316373027243815896601306006207314163947000292163,1756227663,2025-08-26 17:01:03,0.5
bitcoin-up-or-down-august-28-8pm-et,DOWN,65291832103314098292958390228316373027243815896601306006207314163947000292163,1756227723,2025-08-26 17:02:03,0.5
bitcoin-up-or-down-august-28-8pm-et,DOWN,65291832103314098292958390228316373027243815896601306006207314163947000292163,1756227783,2025-08-26 17:03:03,0.5
bitcoin-up-or-down-august-28-8pm-et,DOWN,65291832103314098292958390228316373027243815896601306006207314163947000292163,1756227843,2025-08-26 17:04:03,0.5
bitcoin-up-or-down-august-28-8pm-et,DOWN,65291832103314098292958390228316373027243815896601306006207314163947000292163,1756227908,2025-08-26 17:05:08,0.5
bitcoin-up-or-down-august-28-8pm-et,DOWN,65291832103314098292958390228316373027243815896601306006207314163947000292163,1756227963,2025-08-26 17:06:03,0.5
bitcoin-up-or-down-august-28-8pm-et,DOWN,65291832103314098292958390228316373027243815896601306006207314163947000292163,1756228023,2025-08-26 17:07:03,0.5
bitcoin-up-or-down-august-28-8pm-et,DOWN,65291832103314098292958390228316373027243815896601306006207314163947000292163,1756228082,2025-08-26 17:08:02,0.5
bitcoin-up-or-down-august-28-8pm-et,DOWN,65291832103314098292958390228316373027243815896601306006207314163947000292163,1756228143,2025-08-26 17:09:03,0.5
bitcoin-up-or-down-august-28-8pm-et,DOWN,65291832103314098292958390228316373027243815896601306006207314163947000292163,1756228210,2025-08-26 17:10:10,0.5
bitcoin-up-or-down-august-28-8pm-et,DOWN,65291832103314098292958390228316373027243815896601306006207314163947000292163,1756228262,2025-08-26 17:11:02,0.5
bitcoin-up-or-down-august-28-8pm-et,DOWN,65291832103314098292958390228316373027243815896601306006207314163947000292163,1756228322,2025-08-26 17:12:02,0.5
bitcoin-up-or-down-august-28-8pm-et,DOWN,65291832103314098292958390228316373027243815896601306006207314163947000292163,1756228383,2025-08-26 17:13:03,0.5
bitcoin-up-or-down-august-28-8pm-et,DOWN,65291832103314098292958390228316373027243815896601306006207314163947000292163,1756228443,2025-08-26 17:14:03,0.5
bitcoin-up-or-down-august-28-8pm-et,DOWN,65291832103314098292958390228316373027243815896601306006207314163947000292163,1756228510,2025-08-26 17:15:10,0.5
bitcoin-up-or-down-august-28-8pm-et,DOWN,65291832103314098292958390228316373027243815896601306006207314163947000292163,1756228562,2025-08-26 17:16:02,0.5
bitcoin-up-or-down-august-28-8pm-et,DOWN,65291832103314098292958390228316373027243815896601306006207314163947000292163,1756228623,2025-08-26 17:17:03,0.5
bitcoin-up-or-down-august-28-8pm-et,DOWN,65291832103314098292958390228316373027243815896601306006207314163947000292163,1756228682,2025-08-26 17:18:02,0.5
bitcoin-up-or-down-august-28-8pm-et,DOWN,65291832103314098292958390228316373027243815896601306006207314163947000292163,1756228742,2025-08-26 17:19:02,0.5
bitcoin-up-or-down-august-28-8pm-et,DOWN,65291832103314098292958390228316373027243815896601306006207314163947000292163,1756228810,2025-08-26 17:20:10,0.5
bitcoin-up-or-down-august-28-8pm-et,DOWN,65291832103314098292958390228316373027243815896601306006207314163947000292163,1756228862,2025-08-26 17:21:02,0.5
bitcoin-up-or-down-august-28-8pm-et,DOWN,65291832103314098292958390228316373027243815896601306006207314163947000292163,1756228922,2025-08-26 17:22:02,0.5
bitcoin-up-or-down-august-28-8pm-et,DOWN,65291832103314098292958390228316373027243815896601306006207314163947000292163,1756228983,2025-08-26 17:23:03,0.5
bitcoin-up-or-down-august-28-8pm-et,DOWN,65291832103314098292958390228316373027243815896601306006207314163947000292163,1756229044,2025-08-26 17:24:04,0.5
bitcoin-up-or-down-august-28-8pm-et,DOWN,65291832103314098292958390228316373027243815896601306006207314163947000292163,1756229114,2025-08-26 17:25:14,0.5
bitcoin-up-or-down-august-28-8pm-et,DOWN,65291832103314098292958390228316373027243815896601306006207314163947000292163,1756229163,2025-08-26 17:26:03,0.5
bitcoin-up-or-down-august-28-8pm-et,DOWN,65291832103314098292958390228316373027243815896601306006207314163947000292163,1756229222,2025-08-26 17:27:02,0.5
bitcoin-up-or-down-august-28-8pm-et,DOWN,65291832103314098292958390228316373027243815896601306006207314163947000292163,1756229284,2025-08-26 17:28:04,0.5
bitcoin-up-or-down-august-28-8pm-et,DOWN,65291832103314098292958390228316373027243815896601306006207314163947000292163,1756229342,2025-08-26 17:29:02,0.5
bitcoin-up-or-down-august-28-8pm-et,DOWN,65291832103314098292958390228316373027243815896601306006207314163947000292163,1756229409,2025-08-26 17:30:09,0.5
bitcoin-up-or-down-august-28-8pm-et,DOWN,65291832103314098292958390228316373027243815896601306006207314163947000292163,1756229463,2025-08-26 17:31:03,0.5
bitcoin-up-or-down-august-28-8pm-et,DOWN,65291832103314098292958390228316373027243815896601306006207314163947000292163,1756229523,2025-08-26 17:32:03,0.5
bitcoin-up-or-down-august-28-8pm-et,DOWN,65291832103314098292958390228316373027243815896601306006207314163947000292163,1756229582,2025-08-26 17:33:02,0.5
bitcoin-up-or-down-august-28-8pm-et,DOWN,65291832103314098292958390228316373027243815896601306006207314163947000292163,1756229643,2025-08-26 17:34:03,0.5
bitcoin-up-or-down-august-28-8pm-et,DOWN,65291832103314098292958390228316373027243815896601306006207314163947000292163,1756229705,2025-08-26 17:35:05,0.5
bitcoin-up-or-down-august-28-8pm-et,DOWN,65291832103314098292958390228316373027243815896601306006207314163947000292163,1756229763,2025-08-26 17:36:03,0.5
bitcoin-up-or-down-august-28-8pm-et,DOWN,65291832103314098292958390228316373027243815896601306006207314163947000292163,1756229822,2025-08-26 17:37:02,0.5
bitcoin-up-or-down-august-28-8pm-et,DOWN,65291832103314098292958390228316373027243815896601306006207314163947000292163,1756229882,2025-08-26 17:38:02,0.5
bitcoin-up-or-down-august-28-8pm-et,DOWN,65291832103314098292958390228316373027243815896601306006207314163947000292163,1756229942,2025-08-26 17:39:02,0.5
bitcoin-up-or-down-august-28-8pm-et,DOWN,65291832103314098292958390228316373027243815896601306006207314163947000292163,1756230009,2025-08-26 17:40:09,0.5
bitcoin-up-or-down-august-28-8pm-et,DOWN,65291832103314098292958390228316373027243815896601306006207314163947000292163,1756230063,2025-08-26 17:41:03,0.5
bitcoin-up-or-down-august-28-8pm-et,DOWN,65291832103314098292958390228316373027243815896601306006207314163947000292163,1756230122,2025-08-26 17:42:02,0.5
bitcoin-up-or-down-august-28-8pm-et,DOWN,65291832103314098292958390228316373027243815896601306006207314163947000292163,1756230183,2025-08-26 17:43:03,0.5
bitcoin-up-or-down-august-28-8pm-et,DOWN,65291832103314098292958390228316373027243815896601306006207314163947000292163,1756230243,2025-08-26 17:44:03,0.5
bitcoin-up-or-down-august-28-8pm-et,DOWN,65291832103314098292958390228316373027243815896601306006207314163947000292163,1756230303,2025-08-26 17:45:03,0.5
bitcoin-up-or-down-august-28-8pm-et,DOWN,65291832103314098292958390228316373027243815896601306006207314163947000292163,1756230363,2025-08-26 17:46:03,0.5
bitcoin-up-or-down-august-28-8pm-et,DOWN,65291832103314098292958390228316373027243815896601306006207314163947000292163,1756230423,2025-08-26 17:47:03,0.5
bitcoin-up-or-down-august-28-8pm-et,DOWN,65291832103314098292958390228316373027243815896601306006207314163947000292163,1756230483,2025-08-26 17:48:03,0.5
bitcoin-up-or-down-august-28-8pm-et,DOWN,65291832103314098292958390228316373027243815896601306006207314163947000292163,1756230543,2025-08-26 17:49:03,0.5
bitcoin-up-or-down-august-28-8pm-et,DOWN,65291832103314098292958390228316373027243815896601306006207314163947000292163,1756230605,2025-08-26 17:50:05,0.5
bitcoin-up-or-down-august-28-8pm-et,DOWN,65291832103314098292958390228316373027243815896601306006207314163947000292163,1756230662,2025-08-26 17:51:02,0.5
bitcoin-up-or-down-august-28-8pm-et,DOWN,65291832103314098292958390228316373027243815896601306006207314163947000292163,1756230722,2025-08-26 17:52:02,0.5
bitcoin-up-or-down-august-28-8pm-et,DOWN,65291832103314098292958390228316373027243815896601306006207314163947000292163,1756230783,2025-08-26 17:53:03,0.5
bitcoin-up-or-down-august-28-8pm-et,DOWN,65291832103314098292958390228316373027243815896601306006207314163947000292163,1756230843,2025-08-26 17:54:03,0.5
bitcoin-up-or-down-august-28-8pm-et,DOWN,65291832103314098292958390228316373027243815896601306006207314163947000292163,1756230903,2025-08-26 17:55:03,0.5
bitcoin-up-or-down-august-28-8pm-et,DOWN,65291832103314098292958390228316373027243815896601306006207314163947000292163,1756230962,2025-08-26 17:56:02,0.5
bitcoin-up-or-down-august-28-8pm-et,DOWN,65291832103314098292958390228316373027243815896601306006207314163947000292163,1756231023,2025-08-26 17:57:03,0.5
bitcoin-up-or-down-august-28-8pm-et,DOWN,65291832103314098292958390228316373027243815896601306006207314163947000292163,1756231083,2025-08-26 17:58:03,0.5
bitcoin-up-or-down-august-28-8pm-et,DOWN,65291832103314098292958390228316373027243815896601306006207314163947000292163,1756231142,2025-08-26 17:59:02,0.5
bitcoin-up-or-down-august-28-8pm-et,DOWN,65291832103314098292958390228316373027243815896601306006207314163947000292163,1756231202,2025-08-26 18:00:02,0.5
bitcoin-up-or-down-august-28-8pm-et,DOWN,65291832103314098292958390228316373027243815896601306006207314163947000292163,1756231262,2025-08-26 18:01:02,0.5
bitcoin-up-or-down-august-28-8pm-et,DOWN,65291832103314098292958390228316373027243815896601306006207314163947000292163,1756231323,2025-08-26 18:02:03,0.5
bitcoin-up-or-down-august-28-8pm-et,DOWN,65291832103314098292958390228316373027243815896601306006207314163947000292163,1756231383,2025-08-26 18:03:03,0.5
bitcoin-up-or-down-august-28-8pm-et,DOWN,65291832103314098292958390228316373027243815896601306006207314163947000292163,1756231443,2025-08-26 18:04:03,0.5
bitcoin-up-or-down-august-28-8pm-et,DOWN,65291832103314098292958390228316373027243815896601306006207314163947000292163,1756231515,2025-08-26 18:05:15,0.5
bitcoin-up-or-down-august-28-8pm-et,DOWN,65291832103314098292958390228316373027243815896601306006207314163947000292163,1756231562,2025-08-26 18:06:02,0.5
bitcoin-up-or-down-august-28-8pm-et,DOWN,65291832103314098292958390228316373027243815896601306006207314163947000292163,1756231623,2025-08-26 18:07:03,0.5
bitcoin-up-or-down-august-28-8pm-et,DOWN,65291832103314098292958390228316373027243815896601306006207314163947000292163,1756231683,2025-08-26 18:08:03,0.5
bitcoin-up-or-down-august-28-8pm-et,DOWN,65291832103314098292958390228316373027243815896601306006207314163947000292163,1756231742,2025-08-26 18:09:02,0.5
bitcoin-up-or-down-august-28-8pm-et,DOWN,65291832103314098292958390228316373027243815896601306006207314163947000292163,1756231805,2025-08-26 18:10:05,0.5
bitcoin-up-or-down-august-28-8pm-et,DOWN,65291832103314098292958390228316373027243815896601306006207314163947000292163,1756231863,2025-08-26 18:11:03,0.5
bitcoin-up-or-down-august-28-8pm-et,DOWN,65291832103314098292958390228316373027243815896601306006207314163947000292163,1756231922,2025-08-26 18:12:02,0.5
bitcoin-up-or-down-august-28-8pm-et,DOWN,65291832103314098292958390228316373027243815896601306006207314163947000292163,1756231983,2025-08-26 18:13:03,0.5
bitcoin-up-or-down-august-28-8pm-et,DOWN,65291832103314098292958390228316373027243815896601306006207314163947000292163,1756232042,2025-08-26 18:14:02,0.5
bitcoin-up-or-down-august-28-8pm-et,DOWN,65291832103314098292958390228316373027243815896601306006207314163947000292163,1756232104,2025-08-26 18:15:04,0.5
bitcoin-up-or-down-august-28-8pm-et,DOWN,65291832103314098292958390228316373027243815896601306006207314163947000292163,1756232163,2025-08-26 18:16:03,0.5
bitcoin-up-or-down-august-28-8pm-et,DOWN,65291832103314098292958390228316373027243815896601306006207314163947000292163,1756232222,2025-08-26 18:17:02,0.5
bitcoin-up-or-down-august-28-8pm-et,DOWN,65291832103314098292958390228316373027243815896601306006207314163947000292163,1756232282,2025-08-26 18:18:02,0.5
bitcoin-up-or-down-august-28-8pm-et,DOWN,65291832103314098292958390228316373027243815896601306006207314163947000292163,1756232343,2025-08-26 18:19:03,0.5
bitcoin-up-or-down-august-28-8pm-et,DOWN,65291832103314098292958390228316373027243815896601306006207314163947000292163,1756232408,2025-08-26 18:20:08,0.5
bitcoin-up-or-down-august-28-8pm-et,DOWN,65291832103314098292958390228316373027243815896601306006207314163947000292163,1756232464,2025-08-26 18:21:04,0.5
bitcoin-up-or-down-august-28-8pm-et,DOWN,65291832103314098292958390228316373027243815896601306006207314163947000292163,1756232523,2025-08-26 18:22:03,0.5
bitcoin-up-or-down-august-28-8pm-et,DOWN,65291832103314098292958390228316373027243815896601306006207314163947000292163,1756232582,2025-08-26 18:23:02,0.5
bitcoin-up-or-down-august-28-8pm-et,DOWN,65291832103314098292958390228316373027243815896601306006207314163947000292163,1756232644,2025-08-26 18:24:04,0.5
bitcoin-up-or-down-august-28-8pm-et,DOWN,65291832103314098292958390228316373027243815896601306006207314163947000292163,1756232702,2025-08-26 18:25:02,0.5
bitcoin-up-or-down-august-28-8pm-et,DOWN,65291832103314098292958390228316373027243815896601306006207314163947000292163,1756232763,2025-08-26 18:26:03,0.5
bitcoin-up-or-down-august-28-8pm-et,DOWN,65291832103314098292958390228316373027243815896601306006207314163947000292163,1756232823,2025-08-26 18:27:03,0.5
bitcoin-up-or-down-august-28-8pm-et,DOWN,65291832103314098292958390228316373027243815896601306006207314163947000292163,1756232882,2025-08-26 18:28:02,0.5
bitcoin-up-or-down-august-28-8pm-et,DOWN,65291832103314098292958390228316373027243815896601306006207314163947000292163,1756232942,2025-08-26 18:29:02,0.5
bitcoin-up-or-down-august-28-8pm-et,DOWN,65291832103314098292958390228316373027243815896601306006207314163947000292163,1756233008,2025-08-26 18:30:08,0.5
bitcoin-up-or-down-august-28-8pm-et,DOWN,65291832103314098292958390228316373027243815896601306006207314163947000292163,1756233063,2025-08-26 18:31:03,0.5
bitcoin-up-or-down-august-28-8pm-et,DOWN,65291832103314098292958390228316373027243815896601306006207314163947000292163,1756233123,2025-08-26 18:32:03,0.5
bitcoin-up-or-down-august-28-8pm-et,DOWN,65291832103314098292958390228316373027243815896601306006207314163947000292163,1756233183,2025-08-26 18:33:03,0.5
bitcoin-up-or-down-august-28-8pm-et,DOWN,65291832103314098292958390228316373027243815896601306006207314163947000292163,1756233242,2025-08-26 18:34:02,0.5
bitcoin-up-or-down-august-28-8pm-et,DOWN,65291832103314098292958390228316373027243815896601306006207314163947000292163,1756233302,2025-08-26 18:35:02,0.5
bitcoin-up-or-down-august-28-8pm-et,DOWN,65291832103314098292958390228316373027243815896601306006207314163947000292163,1756233362,2025-08-26 18:36:02,0.5
bitcoin-up-or-down-august-28-8pm-et,DOWN,65291832103314098292958390228316373027243815896601306006207314163947000292163,1756233422,2025-08-26 18:37:02,0.5
bitcoin-up-or-down-august-28-8pm-et,DOWN,65291832103314098292958390228316373027243815896601306006207314163947000292163,1756233482,2025-08-26 18:38:02,0.5
bitcoin-up-or-down-august-28-8pm-et,DOWN,65291832103314098292958390228316373027243815896601306006207314163947000292163,1756233542,2025-08-26 18:39:02,0.5
bitcoin-up-or-down-august-28-8pm-et,DOWN,65291832103314098292958390228316373027243815896601306006207314163947000292163,1756233602,2025-08-26 18:40:02,0.5
bitcoin-up-or-down-august-28-8pm-et,DOWN,65291832103314098292958390228316373027243815896601306006207314163947000292163,1756233662,2025-08-26 18:41:02,0.5
bitcoin-up-or-down-august-28-8pm-et,DOWN,65291832103314098292958390228316373027243815896601306006207314163947000292163,1756233722,2025-08-26 18:42:02,0.5
bitcoin-up-or-down-august-28-8pm-et,DOWN,65291832103314098292958390228316373027243815896601306006207314163947000292163,1756233782,2025-08-26 18:43:02,0.5
bitcoin-up-or-down-august-28-8pm-et,DOWN,65291832103314098292958390228316373027243815896601306006207314163947000292163,1756233843,2025-08-26 18:44:03,0.5
bitcoin-up-or-down-august-28-8pm-et,DOWN,65291832103314098292958390228316373027243815896601306006207314163947000292163,1756233904,2025-08-26 18:45:04,0.5
bitcoin-up-or-down-august-28-8pm-et,DOWN,65291832103314098292958390228316373027243815896601306006207314163947000292163,1756233962,2025-08-26 18:46:02,0.5
bitcoin-up-or-down-august-28-8pm-et,DOWN,65291832103314098292958390228316373027243815896601306006207314163947000292163,1756234023,2025-08-26 18:47:03,0.5
bitcoin-up-or-down-august-28-8pm-et,DOWN,65291832103314098292958390228316373027243815896601306006207314163947000292163,1756234083,2025-08-26 18:48:03,0.5
bitcoin-up-or-down-august-28-8pm-et,DOWN,65291832103314098292958390228316373027243815896601306006207314163947000292163,1756234142,2025-08-26 18:49:02,0.5
bitcoin-up-or-down-august-28-8pm-et,DOWN,65291832103314098292958390228316373027243815896601306006207314163947000292163,1756234204,2025-08-26 18:50:04,0.5
bitcoin-up-or-down-august-28-8pm-et,DOWN,65291832103314098292958390228316373027243815896601306006207314163947000292163,1756234263,2025-08-26 18:51:03,0.5
bitcoin-up-or-down-august-28-8pm-et,DOWN,65291832103314098292958390228316373027243815896601306006207314163947000292163,1756234322,2025-08-26 18:52:02,0.5
bitcoin-up-or-down-august-28-8pm-et,DOWN,65291832103314098292958390228316373027243815896601306006207314163947000292163,1756234382,2025-08-26 18:53:02,0.5
bitcoin-up-or-down-august-28-8pm-et,DOWN,65291832103314098292958390228316373027243815896601306006207314163947000292163,1756234443,2025-08-26 18:54:03,0.5
bitcoin-up-or-down-august-28-8pm-et,DOWN,65291832103314098292958390228316373027243815896601306006207314163947000292163,1756234502,2025-08-26 18:55:02,0.5
bitcoin-up-or-down-august-28-8pm-et,DOWN,65291832103314098292958390228316373027243815896601306006207314163947000292163,1756234563,2025-08-26 18:56:03,0.5
bitcoin-up-or-down-august-28-8pm-et,DOWN,65291832103314098292958390228316373027243815896601306006207314163947000292163,1756234623,2025-08-26 18:57:03,0.5
bitcoin-up-or-down-august-28-8pm-et,DOWN,65291832103314098292958390228316373027243815896601306006207314163947000292163,1756234682,2025-08-26 18:58:02,0.5
bitcoin-up-or-down-august-28-8pm-et,DOWN,65291832103314098292958390228316373027243815896601306006207314163947000292163,1756234742,2025-08-26 18:59:02,0.5
bitcoin-up-or-down-august-28-8pm-et,DOWN,65291832103314098292958390228316373027243815896601306006207314163947000292163,1756234805,2025-08-26 19:00:05,0.5
bitcoin-up-or-down-august-28-8pm-et,DOWN,65291832103314098292958390228316373027243815896601306006207314163947000292163,1756234863,2025-08-26 19:01:03,0.5
bitcoin-up-or-down-august-28-8pm-et,DOWN,65291832103314098292958390228316373027243815896601306006207314163947000292163,1756234922,2025-08-26 19:02:02,0.5
bitcoin-up-or-down-august-28-8pm-et,DOWN,65291832103314098292958390228316373027243815896601306006207314163947000292163,1756234982,2025-08-26 19:03:02,0.5
bitcoin-up-or-down-august-28-8pm-et,DOWN,65291832103314098292958390228316373027243815896601306006207314163947000292163,1756235044,2025-08-26 19:04:04,0.5
bitcoin-up-or-down-august-28-8pm-et,DOWN,65291832103314098292958390228316373027243815896601306006207314163947000292163,1756235102,2025-08-26 19:05:02,0.5
bitcoin-up-or-down-august-28-8pm-et,DOWN,65291832103314098292958390228316373027243815896601306006207314163947000292163,1756235162,2025-08-26 19:06:02,0.5
bitcoin-up-or-down-august-28-8pm-et,DOWN,65291832103314098292958390228316373027243815896601306006207314163947000292163,1756235222,2025-08-26 19:07:02,0.5
bitcoin-up-or-down-august-28-8pm-et,DOWN,65291832103314098292958390228316373027243815896601306006207314163947000292163,1756235283,2025-08-26 19:08:03,0.5
bitcoin-up-or-down-august-28-8pm-et,DOWN,65291832103314098292958390228316373027243815896601306006207314163947000292163,1756235342,2025-08-26 19:09:02,0.5
bitcoin-up-or-down-august-28-8pm-et,DOWN,65291832103314098292958390228316373027243815896601306006207314163947000292163,1756235402,2025-08-26 19:10:02,0.5
bitcoin-up-or-down-august-28-8pm-et,DOWN,65291832103314098292958390228316373027243815896601306006207314163947000292163,1756235463,2025-08-26 19:11:03,0.5
bitcoin-up-or-down-august-28-8pm-et,DOWN,65291832103314098292958390228316373027243815896601306006207314163947000292163,1756235522,2025-08-26 19:12:02,0.5
bitcoin-up-or-down-august-28-8pm-et,DOWN,65291832103314098292958390228316373027243815896601306006207314163947000292163,1756235583,2025-08-26 19:13:03,0.5
bitcoin-up-or-down-august-28-8pm-et,DOWN,65291832103314098292958390228316373027243815896601306006207314163947000292163,1756235642,2025-08-26 19:14:02,0.5
bitcoin-up-or-down-august-28-8pm-et,DOWN,65291832103314098292958390228316373027243815896601306006207314163947000292163,1756235712,2025-08-26 19:15:12,0.5
bitcoin-up-or-down-august-28-8pm-et,DOWN,65291832103314098292958390228316373027243815896601306006207314163947000292163,1756235762,2025-08-26 19:16:02,0.5
bitcoin-up-or-down-august-28-8pm-et,DOWN,65291832103314098292958390228316373027243815896601306006207314163947000292163,1756235823,2025-08-26 19:17:03,0.5
bitcoin-up-or-down-august-28-8pm-et,DOWN,65291832103314098292958390228316373027243815896601306006207314163947000292163,1756235882,2025-08-26 19:18:02,0.5
bitcoin-up-or-down-august-28-8pm-et,DOWN,65291832103314098292958390228316373027243815896601306006207314163947000292163,1756235943,2025-08-26 19:19:03,0.5
bitcoin-up-or-down-august-28-8pm-et,DOWN,65291832103314098292958390228316373027243815896601306006207314163947000292163,1756236006,2025-08-26 19:20:06,0.5
bitcoin-up-or-down-august-28-8pm-et,DOWN,65291832103314098292958390228316373027243815896601306006207314163947000292163,1756236062,2025-08-26 19:21:02,0.5
bitcoin-up-or-down-august-28-8pm-et,DOWN,65291832103314098292958390228316373027243815896601306006207314163947000292163,1756236122,2025-08-26 19:22:02,0.5
bitcoin-up-or-down-august-28-8pm-et,DOWN,65291832103314098292958390228316373027243815896601306006207314163947000292163,1756236182,2025-08-26 19:23:02,0.5
bitcoin-up-or-down-august-28-8pm-et,DOWN,65291832103314098292958390228316373027243815896601306006207314163947000292163,1756236242,2025-08-26 19:24:02,0.5
bitcoin-up-or-down-august-28-8pm-et,DOWN,65291832103314098292958390228316373027243815896601306006207314163947000292163,1756236314,2025-08-26 19:25:14,0.5
bitcoin-up-or-down-august-28-8pm-et,DOWN,65291832103314098292958390228316373027243815896601306006207314163947000292163,1756236364,2025-08-26 19:26:04,0.5
bitcoin-up-or-down-august-28-8pm-et,DOWN,65291832103314098292958390228316373027243815896601306006207314163947000292163,1756236423,2025-08-26 19:27:03,0.5
bitcoin-up-or-down-august-28-8pm-et,DOWN,65291832103314098292958390228316373027243815896601306006207314163947000292163,1756236482,2025-08-26 19:28:02,0.5
bitcoin-up-or-down-august-28-8pm-et,DOWN,65291832103314098292958390228316373027243815896601306006207314163947000292163,1756236544,2025-08-26 19:29:04,0.5
bitcoin-up-or-down-august-28-8pm-et,DOWN,65291832103314098292958390228316373027243815896601306006207314163947000292163,1756236607,2025-08-26 19:30:07,0.5
bitcoin-up-or-down-august-28-8pm-et,DOWN,65291832103314098292958390228316373027243815896601306006207314163947000292163,1756236663,2025-08-26 19:31:03,0.5
bitcoin-up-or-down-august-28-8pm-et,DOWN,65291832103314098292958390228316373027243815896601306006207314163947000292163,1756236723,2025-08-26 19:32:03,0.5
bitcoin-up-or-down-august-28-8pm-et,DOWN,65291832103314098292958390228316373027243815896601306006207314163947000292163,1756236782,2025-08-26 19:33:02,0.5
bitcoin-up-or-down-august-28-8pm-et,DOWN,65291832103314098292958390228316373027243815896601306006207314163947000292163,1756236842,2025-08-26 19:34:02,0.5
bitcoin-up-or-down-august-28-8pm-et,DOWN,65291832103314098292958390228316373027243815896601306006207314163947000292163,1756236907,2025-08-26 19:35:07,0.5
bitcoin-up-or-down-august-28-8pm-et,DOWN,65291832103314098292958390228316373027243815896601306006207314163947000292163,1756236963,2025-08-26 19:36:03,0.5
bitcoin-up-or-down-august-28-8pm-et,DOWN,65291832103314098292958390228316373027243815896601306006207314163947000292163,1756237022,2025-08-26 19:37:02,0.5
bitcoin-up-or-down-august-28-8pm-et,DOWN,65291832103314098292958390228316373027243815896601306006207314163947000292163,1756237082,2025-08-26 19:38:02,0.5
bitcoin-up-or-down-august-28-8pm-et,DOWN,65291832103314098292958390228316373027243815896601306006207314163947000292163,1756237143,2025-08-26 19:39:03,0.5
bitcoin-up-or-down-august-28-8pm-et,DOWN,65291832103314098292958390228316373027243815896601306006207314163947000292163,1756237204,2025-08-26 19:40:04,0.5
bitcoin-up-or-down-august-28-8pm-et,DOWN,65291832103314098292958390228316373027243815896601306006207314163947000292163,1756237263,2025-08-26 19:41:03,0.5
bitcoin-up-or-down-august-28-8pm-et,DOWN,65291832103314098292958390228316373027243815896601306006207314163947000292163,1756237324,2025-08-26 19:42:04,0.5
bitcoin-up-or-down-august-28-8pm-et,DOWN,65291832103314098292958390228316373027243815896601306006207314163947000292163,1756237383,2025-08-26 19:43:03,0.5
bitcoin-up-or-down-august-28-8pm-et,DOWN,65291832103314098292958390228316373027243815896601306006207314163947000292163,1756237444,2025-08-26 19:44:04,0.5
bitcoin-up-or-down-august-28-8pm-et,DOWN,65291832103314098292958390228316373027243815896601306006207314163947000292163,1756237512,2025-08-26 19:45:12,0.5
bitcoin-up-or-down-august-28-8pm-et,DOWN,65291832103314098292958390228316373027243815896601306006207314163947000292163,1756237562,2025-08-26 19:46:02,0.5
bitcoin-up-or-down-august-28-8pm-et,DOWN,65291832103314098292958390228316373027243815896601306006207314163947000292163,1756237622,2025-08-26 19:47:02,0.5
bitcoin-up-or-down-august-28-8pm-et,DOWN,65291832103314098292958390228316373027243815896601306006207314163947000292163,1756237683,2025-08-26 19:48:03,0.5
bitcoin-up-or-down-august-28-8pm-et,DOWN,65291832103314098292958390228316373027243815896601306006207314163947000292163,1756237743,2025-08-26 19:49:03,0.5
bitcoin-up-or-down-august-28-8pm-et,DOWN,65291832103314098292958390228316373027243815896601306006207314163947000292163,1756237803,2025-08-26 19:50:03,0.5
bitcoin-up-or-down-august-28-8pm-et,DOWN,65291832103314098292958390228316373027243815896601306006207314163947000292163,1756237863,2025-08-26 19:51:03,0.5
bitcoin-up-or-down-august-28-8pm-et,DOWN,65291832103314098292958390228316373027243815896601306006207314163947000292163,1756237923,2025-08-26 19:52:03,0.5
bitcoin-up-or-down-august-28-8pm-et,DOWN,65291832103314098292958390228316373027243815896601306006207314163947000292163,1756237982,2025-08-26 19:53:02,0.5
bitcoin-up-or-down-august-28-8pm-et,DOWN,65291832103314098292958390228316373027243815896601306006207314163947000292163,1756238043,2025-08-26 19:54:03,0.5
bitcoin-up-or-down-august-28-8pm-et,DOWN,65291832103314098292958390228316373027243815896601306006207314163947000292163,1756238104,2025-08-26 19:55:04,0.5
bitcoin-up-or-down-august-28-8pm-et,DOWN,65291832103314098292958390228316373027243815896601306006207314163947000292163,1756238162,2025-08-26 19:56:02,0.5
bitcoin-up-or-down-august-28-8pm-et,DOWN,65291832103314098292958390228316373027243815896601306006207314163947000292163,1756238223,2025-08-26 19:57:03,0.5
bitcoin-up-or-down-august-28-8pm-et,DOWN,65291832103314098292958390228316373027243815896601306006207314163947000292163,1756238282,2025-08-26 19:58:02,0.5
bitcoin-up-or-down-august-28-8pm-et,DOWN,65291832103314098292958390228316373027243815896601306006207314163947000292163,1756238342,2025-08-26 19:59:02,0.5
bitcoin-up-or-down-august-28-8pm-et,DOWN,65291832103314098292958390228316373027243815896601306006207314163947000292163,1756238412,2025-08-26 20:00:12,0.5
bitcoin-up-or-down-august-28-8pm-et,DOWN,65291832103314098292958390228316373027243815896601306006207314163947000292163,1756238463,2025-08-26 20:01:03,0.5
bitcoin-up-or-down-august-28-8pm-et,DOWN,65291832103314098292958390228316373027243815896601306006207314163947000292163,1756238523,2025-08-26 20:02:03,0.5
bitcoin-up-or-down-august-28-8pm-et,DOWN,65291832103314098292958390228316373027243815896601306006207314163947000292163,1756238583,2025-08-26 20:03:03,0.5
bitcoin-up-or-down-august-28-8pm-et,DOWN,65291832103314098292958390228316373027243815896601306006207314163947000292163,1756238642,2025-08-26 20:04:02,0.5
bitcoin-up-or-down-august-28-8pm-et,DOWN,65291832103314098292958390228316373027243815896601306006207314163947000292163,1756238706,2025-08-26 20:05:06,0.5
bitcoin-up-or-down-august-28-8pm-et,DOWN,65291832103314098292958390228316373027243815896601306006207314163947000292163,1756238763,2025-08-26 20:06:03,0.5
bitcoin-up-or-down-august-28-8pm-et,DOWN,65291832103314098292958390228316373027243815896601306006207314163947000292163,1756238822,2025-08-26 20:07:02,0.5
bitcoin-up-or-down-august-28-8pm-et,DOWN,65291832103314098292958390228316373027243815896601306006207314163947000292163,1756238883,2025-08-26 20:08:03,0.5
bitcoin-up-or-down-august-28-8pm-et,DOWN,65291832103314098292958390228316373027243815896601306006207314163947000292163,1756238942,2025-08-26 20:09:02,0.5
bitcoin-up-or-down-august-28-8pm-et,DOWN,65291832103314098292958390228316373027243815896601306006207314163947000292163,1756239006,2025-08-26 20:10:06,0.5
bitcoin-up-or-down-august-28-8pm-et,DOWN,65291832103314098292958390228316373027243815896601306006207314163947000292163,1756239062,2025-08-26 20:11:02,0.5
bitcoin-up-or-down-august-28-8pm-et,DOWN,65291832103314098292958390228316373027243815896601306006207314163947000292163,1756239122,2025-08-26 20:12:02,0.5
bitcoin-up-or-down-august-28-8pm-et,DOWN,65291832103314098292958390228316373027243815896601306006207314163947000292163,1756239182,2025-08-26 20:13:02,0.5
bitcoin-up-or-down-august-28-8pm-et,DOWN,65291832103314098292958390228316373027243815896601306006207314163947000292163,1756239243,2025-08-26 20:14:03,0.5
bitcoin-up-or-down-august-28-8pm-et,DOWN,65291832103314098292958390228316373027243815896601306006207314163947000292163,1756239313,2025-08-26 20:15:13,0.5
bitcoin-up-or-down-august-28-8pm-et,DOWN,65291832103314098292958390228316373027243815896601306006207314163947000292163,1756239362,2025-08-26 20:16:02,0.5
bitcoin-up-or-down-august-28-8pm-et,DOWN,65291832103314098292958390228316373027243815896601306006207314163947000292163,1756239422,2025-08-26 20:17:02,0.5
bitcoin-up-or-down-august-28-8pm-et,DOWN,65291832103314098292958390228316373027243815896601306006207314163947000292163,1756239483,2025-08-26 20:18:03,0.5
bitcoin-up-or-down-august-28-8pm-et,DOWN,65291832103314098292958390228316373027243815896601306006207314163947000292163,1756239543,2025-08-26 20:19:03,0.5
bitcoin-up-or-down-august-28-8pm-et,DOWN,65291832103314098292958390228316373027243815896601306006207314163947000292163,1756239608,2025-08-26 20:20:08,0.5
bitcoin-up-or-down-august-28-8pm-et,DOWN,65291832103314098292958390228316373027243815896601306006207314163947000292163,1756239663,2025-08-26 20:21:03,0.5
bitcoin-up-or-down-august-28-8pm-et,DOWN,65291832103314098292958390228316373027243815896601306006207314163947000292163,1756239723,2025-08-26 20:22:03,0.5
bitcoin-up-or-down-august-28-8pm-et,DOWN,65291832103314098292958390228316373027243815896601306006207314163947000292163,1756239783,2025-08-26 20:23:03,0.5
bitcoin-up-or-down-august-28-8pm-et,DOWN,65291832103314098292958390228316373027243815896601306006207314163947000292163,1756239843,2025-08-26 20:24:03,0.5
bitcoin-up-or-down-august-28-8pm-et,DOWN,65291832103314098292958390228316373027243815896601306006207314163947000292163,1756239904,2025-08-26 20:25:04,0.5
bitcoin-up-or-down-august-28-8pm-et,DOWN,65291832103314098292958390228316373027243815896601306006207314163947000292163,1756239963,2025-08-26 20:26:03,0.5
bitcoin-up-or-down-august-28-8pm-et,DOWN,65291832103314098292958390228316373027243815896601306006207314163947000292163,1756240023,2025-08-26 20:27:03,0.5
bitcoin-up-or-down-august-28-8pm-et,DOWN,65291832103314098292958390228316373027243815896601306006207314163947000292163,1756240082,2025-08-26 20:28:02,0.5
bitcoin-up-or-down-august-28-8pm-et,DOWN,65291832103314098292958390228316373027243815896601306006207314163947000292163,1756240143,2025-08-26 20:29:03,0.5
bitcoin-up-or-down-august-28-8pm-et,DOWN,65291832103314098292958390228316373027243815896601306006207314163947000292163,1756240213,2025-08-26 20:30:13,0.5
bitcoin-up-or-down-august-28-8pm-et,DOWN,65291832103314098292958390228316373027243815896601306006207314163947000292163,1756240262,2025-08-26 20:31:02,0.5
bitcoin-up-or-down-august-28-8pm-et,DOWN,65291832103314098292958390228316373027243815896601306006207314163947000292163,1756240324,2025-08-26 20:32:04,0.5
bitcoin-up-or-down-august-28-8pm-et,DOWN,65291832103314098292958390228316373027243815896601306006207314163947000292163,1756240383,2025-08-26 20:33:03,0.5
bitcoin-up-or-down-august-28-8pm-et,DOWN,65291832103314098292958390228316373027243815896601306006207314163947000292163,1756240443,2025-08-26 20:34:03,0.5
bitcoin-up-or-down-august-28-8pm-et,DOWN,65291832103314098292958390228316373027243815896601306006207314163947000292163,1756240504,2025-08-26 20:35:04,0.5
bitcoin-up-or-down-august-28-8pm-et,DOWN,65291832103314098292958390228316373027243815896601306006207314163947000292163,1756240562,2025-08-26 20:36:02,0.5
bitcoin-up-or-down-august-28-8pm-et,DOWN,65291832103314098292958390228316373027243815896601306006207314163947000292163,1756240622,2025-08-26 20:37:02,0.5
bitcoin-up-or-down-august-28-8pm-et,DOWN,65291832103314098292958390228316373027243815896601306006207314163947000292163,1756240683,2025-08-26 20:38:03,0.5
bitcoin-up-or-down-august-28-8pm-et,DOWN,65291832103314098292958390228316373027243815896601306006207314163947000292163,1756240743,2025-08-26 20:39:03,0.5
bitcoin-up-or-down-august-28-8pm-et,DOWN,65291832103314098292958390228316373027243815896601306006207314163947000292163,1756240803,2025-08-26 20:40:03,0.5
bitcoin-up-or-down-august-28-8pm-et,DOWN,65291832103314098292958390228316373027243815896601306006207314163947000292163,1756240863,2025-08-26 20:41:03,0.5
bitcoin-up-or-down-august-28-8pm-et,DOWN,65291832103314098292958390228316373027243815896601306006207314163947000292163,1756240923,2025-08-26 20:42:03,0.5
bitcoin-up-or-down-august-28-8pm-et,DOWN,65291832103314098292958390228316373027243815896601306006207314163947000292163,1756240983,2025-08-26 20:43:03,0.5
bitcoin-up-or-down-august-28-8pm-et,DOWN,65291832103314098292958390228316373027243815896601306006207314163947000292163,1756241042,2025-08-26 20:44:02,0.5
bitcoin-up-or-down-august-28-8pm-et,DOWN,65291832103314098292958390228316373027243815896601306006207314163947000292163,1756241103,2025-08-26 20:45:03,0.5
bitcoin-up-or-down-august-28-8pm-et,DOWN,65291832103314098292958390228316373027243815896601306006207314163947000292163,1756241163,2025-08-26 20:46:03,0.5
bitcoin-up-or-down-august-28-8pm-et,DOWN,65291832103314098292958390228316373027243815896601306006207314163947000292163,1756241222,2025-08-26 20:47:02,0.5
bitcoin-up-or-down-august-28-8pm-et,DOWN,65291832103314098292958390228316373027243815896601306006207314163947000292163,1756241283,2025-08-26 20:48:03,0.5
bitcoin-up-or-down-august-28-8pm-et,DOWN,65291832103314098292958390228316373027243815896601306006207314163947000292163,1756241342,2025-08-26 20:49:02,0.5
bitcoin-up-or-down-august-28-8pm-et,DOWN,65291832103314098292958390228316373027243815896601306006207314163947000292163,1756241402,2025-08-26 20:50:02,0.5
bitcoin-up-or-down-august-28-8pm-et,DOWN,65291832103314098292958390228316373027243815896601306006207314163947000292163,1756241462,2025-08-26 20:51:02,0.5
bitcoin-up-or-down-august-28-8pm-et,DOWN,65291832103314098292958390228316373027243815896601306006207314163947000292163,1756241523,2025-08-26 20:52:03,0.5
bitcoin-up-or-down-august-28-8pm-et,DOWN,65291832103314098292958390228316373027243815896601306006207314163947000292163,1756241583,2025-08-26 20:53:03,0.5
bitcoin-up-or-down-august-28-8pm-et,DOWN,65291832103314098292958390228316373027243815896601306006207314163947000292163,1756241642,2025-08-26 20:54:02,0.5
bitcoin-up-or-down-august-28-8pm-et,DOWN,65291832103314098292958390228316373027243815896601306006207314163947000292163,1756241703,2025-08-26 20:55:03,0.5
bitcoin-up-or-down-august-28-8pm-et,DOWN,65291832103314098292958390228316373027243815896601306006207314163947000292163,1756241764,2025-08-26 20:56:04,0.5
bitcoin-up-or-down-august-28-8pm-et,DOWN,65291832103314098292958390228316373027243815896601306006207314163947000292163,1756241823,2025-08-26 20:57:03,0.5
bitcoin-up-or-down-august-28-8pm-et,DOWN,65291832103314098292958390228316373027243815896601306006207314163947000292163,1756241882,2025-08-26 20:58:02,0.5
bitcoin-up-or-down-august-28-8pm-et,DOWN,65291832103314098292958390228316373027243815896601306006207314163947000292163,1756241942,2025-08-26 20:59:02,0.5
bitcoin-up-or-down-august-28-8pm-et,DOWN,65291832103314098292958390228316373027243815896601306006207314163947000292163,1756242019,2025-08-26 21:00:19,0.5
bitcoin-up-or-down-august-28-8pm-et,DOWN,65291832103314098292958390228316373027243815896601306006207314163947000292163,1756242063,2025-08-26 21:01:03,0.5
bitcoin-up-or-down-august-28-8pm-et,DOWN,65291832103314098292958390228316373027243815896601306006207314163947000292163,1756242122,2025-08-26 21:02:02,0.5
bitcoin-up-or-down-august-28-8pm-et,DOWN,65291832103314098292958390228316373027243815896601306006207314163947000292163,1756242184,2025-08-26 21:03:04,0.5
bitcoin-up-or-down-august-28-8pm-et,DOWN,65291832103314098292958390228316373027243815896601306006207314163947000292163,1756242243,2025-08-26 21:04:03,0.5
bitcoin-up-or-down-august-28-8pm-et,DOWN,65291832103314098292958390228316373027243815896601306006207314163947000292163,1756242307,2025-08-26 21:05:07,0.5
bitcoin-up-or-down-august-28-8pm-et,DOWN,65291832103314098292958390228316373027243815896601306006207314163947000292163,1756242363,2025-08-26 21:06:03,0.5
bitcoin-up-or-down-august-28-8pm-et,DOWN,65291832103314098292958390228316373027243815896601306006207314163947000292163,1756242423,2025-08-26 21:07:03,0.5
bitcoin-up-or-down-august-28-8pm-et,DOWN,65291832103314098292958390228316373027243815896601306006207314163947000292163,1756242482,2025-08-26 21:08:02,0.5
bitcoin-up-or-down-august-28-8pm-et,DOWN,65291832103314098292958390228316373027243815896601306006207314163947000292163,1756242542,2025-08-26 21:09:02,0.5
bitcoin-up-or-down-august-28-8pm-et,DOWN,65291832103314098292958390228316373027243815896601306006207314163947000292163,1756242603,2025-08-26 21:10:03,0.5
bitcoin-up-or-down-august-28-8pm-et,DOWN,65291832103314098292958390228316373027243815896601306006207314163947000292163,1756242664,2025-08-26 21:11:04,0.5
bitcoin-up-or-down-august-28-8pm-et,DOWN,65291832103314098292958390228316373027243815896601306006207314163947000292163,1756242722,2025-08-26 21:12:02,0.5
bitcoin-up-or-down-august-28-8pm-et,DOWN,65291832103314098292958390228316373027243815896601306006207314163947000292163,1756242784,2025-08-26 21:13:04,0.5
bitcoin-up-or-down-august-28-8pm-et,DOWN,65291832103314098292958390228316373027243815896601306006207314163947000292163,1756242843,2025-08-26 21:14:03,0.5
bitcoin-up-or-down-august-28-8pm-et,DOWN,65291832103314098292958390228316373027243815896601306006207314163947000292163,1756242909,2025-08-26 21:15:09,0.5
bitcoin-up-or-down-august-28-8pm-et,DOWN,65291832103314098292958390228316373027243815896601306006207314163947000292163,1756242962,2025-08-26 21:16:02,0.5
bitcoin-up-or-down-august-28-8pm-et,DOWN,65291832103314098292958390228316373027243815896601306006207314163947000292163,1756243023,2025-08-26 21:17:03,0.5
bitcoin-up-or-down-august-28-8pm-et,DOWN,65291832103314098292958390228316373027243815896601306006207314163947000292163,1756243083,2025-08-26 21:18:03,0.5
bitcoin-up-or-down-august-28-8pm-et,DOWN,65291832103314098292958390228316373027243815896601306006207314163947000292163,1756243142,2025-08-26 21:19:02,0.5
bitcoin-up-or-down-august-28-8pm-et,DOWN,65291832103314098292958390228316373027243815896601306006207314163947000292163,1756243212,2025-08-26 21:20:12,0.5
bitcoin-up-or-down-august-28-8pm-et,DOWN,65291832103314098292958390228316373027243815896601306006207314163947000292163,1756243264,2025-08-26 21:21:04,0.5
bitcoin-up-or-down-august-28-8pm-et,DOWN,65291832103314098292958390228316373027243815896601306006207314163947000292163,1756243323,2025-08-26 21:22:03,0.5
bitcoin-up-or-down-august-28-8pm-et,DOWN,65291832103314098292958390228316373027243815896601306006207314163947000292163,1756243382,2025-08-26 21:23:02,0.5
bitcoin-up-or-down-august-28-8pm-et,DOWN,65291832103314098292958390228316373027243815896601306006207314163947000292163,1756243442,2025-08-26 21:24:02,0.5
bitcoin-up-or-down-august-28-8pm-et,DOWN,65291832103314098292958390228316373027243815896601306006207314163947000292163,1756243506,2025-08-26 21:25:06,0.5
bitcoin-up-or-down-august-28-8pm-et,DOWN,65291832103314098292958390228316373027243815896601306006207314163947000292163,1756243564,2025-08-26 21:26:04,0.5
bitcoin-up-or-down-august-28-8pm-et,DOWN,65291832103314098292958390228316373027243815896601306006207314163947000292163,1756243623,2025-08-26 21:27:03,0.5
bitcoin-up-or-down-august-28-8pm-et,DOWN,65291832103314098292958390228316373027243815896601306006207314163947000292163,1756243683,2025-08-26 21:28:03,0.5
bitcoin-up-or-down-august-28-8pm-et,DOWN,65291832103314098292958390228316373027243815896601306006207314163947000292163,1756243743,2025-08-26 21:29:03,0.5
bitcoin-up-or-down-august-28-8pm-et,DOWN,65291832103314098292958390228316373027243815896601306006207314163947000292163,1756243819,2025-08-26 21:30:19,0.5
bitcoin-up-or-down-august-28-8pm-et,DOWN,65291832103314098292958390228316373027243815896601306006207314163947000292163,1756243863,2025-08-26 21:31:03,0.5
bitcoin-up-or-down-august-28-8pm-et,DOWN,65291832103314098292958390228316373027243815896601306006207314163947000292163,1756243923,2025-08-26 21:32:03,0.5
bitcoin-up-or-down-august-28-8pm-et,DOWN,65291832103314098292958390228316373027243815896601306006207314163947000292163,1756243983,2025-08-26 21:33:03,0.5
bitcoin-up-or-down-august-28-8pm-et,DOWN,65291832103314098292958390228316373027243815896601306006207314163947000292163,1756244042,2025-08-26 21:34:02,0.5
bitcoin-up-or-down-august-28-8pm-et,DOWN,65291832103314098292958390228316373027243815896601306006207314163947000292163,1756244102,2025-08-26 21:35:02,0.5
bitcoin-up-or-down-august-28-8pm-et,DOWN,65291832103314098292958390228316373027243815896601306006207314163947000292163,1756244165,2025-08-26 21:36:05,0.5
bitcoin-up-or-down-august-28-8pm-et,DOWN,65291832103314098292958390228316373027243815896601306006207314163947000292163,1756244223,2025-08-26 21:37:03,0.5
bitcoin-up-or-down-august-28-8pm-et,DOWN,65291832103314098292958390228316373027243815896601306006207314163947000292163,1756244283,2025-08-26 21:38:03,0.5
bitcoin-up-or-down-august-28-8pm-et,DOWN,65291832103314098292958390228316373027243815896601306006207314163947000292163,1756244343,2025-08-26 21:39:03,0.5
bitcoin-up-or-down-august-28-8pm-et,DOWN,65291832103314098292958390228316373027243815896601306006207314163947000292163,1756244404,2025-08-26 21:40:04,0.5
bitcoin-up-or-down-august-28-8pm-et,DOWN,65291832103314098292958390228316373027243815896601306006207314163947000292163,1756244462,2025-08-26 21:41:02,0.5
bitcoin-up-or-down-august-28-8pm-et,DOWN,65291832103314098292958390228316373027243815896601306006207314163947000292163,1756244522,2025-08-26 21:42:02,0.5
bitcoin-up-or-down-august-28-8pm-et,DOWN,65291832103314098292958390228316373027243815896601306006207314163947000292163,1756244583,2025-08-26 21:43:03,0.5
bitcoin-up-or-down-august-28-8pm-et,DOWN,65291832103314098292958390228316373027243815896601306006207314163947000292163,1756244642,2025-08-26 21:44:02,0.5
bitcoin-up-or-down-august-28-8pm-et,DOWN,65291832103314098292958390228316373027243815896601306006207314163947000292163,1756244704,2025-08-26 21:45:04,0.5
bitcoin-up-or-down-august-28-8pm-et,DOWN,65291832103314098292958390228316373027243815896601306006207314163947000292163,1756244763,2025-08-26 21:46:03,0.5
bitcoin-up-or-down-august-28-8pm-et,DOWN,65291832103314098292958390228316373027243815896601306006207314163947000292163,1756244822,2025-08-26 21:47:02,0.5
bitcoin-up-or-down-august-28-8pm-et,DOWN,65291832103314098292958390228316373027243815896601306006207314163947000292163,1756244883,2025-08-26 21:48:03,0.5
bitcoin-up-or-down-august-28-8pm-et,DOWN,65291832103314098292958390228316373027243815896601306006207314163947000292163,1756244942,2025-08-26 21:49:02,0.5
bitcoin-up-or-down-august-28-8pm-et,DOWN,65291832103314098292958390228316373027243815896601306006207314163947000292163,1756245008,2025-08-26 21:50:08,0.5
bitcoin-up-or-down-august-28-8pm-et,DOWN,65291832103314098292958390228316373027243815896601306006207314163947000292163,1756245065,2025-08-26 21:51:05,0.5
bitcoin-up-or-down-august-28-8pm-et,DOWN,65291832103314098292958390228316373027243815896601306006207314163947000292163,1756245124,2025-08-26 21:52:04,0.5
bitcoin-up-or-down-august-28-8pm-et,DOWN,65291832103314098292958390228316373027243815896601306006207314163947000292163,1756245182,2025-08-26 21:53:02,0.5
bitcoin-up-or-down-august-28-8pm-et,DOWN,65291832103314098292958390228316373027243815896601306006207314163947000292163,1756245243,2025-08-26 21:54:03,0.5
bitcoin-up-or-down-august-28-8pm-et,DOWN,65291832103314098292958390228316373027243815896601306006207314163947000292163,1756245306,2025-08-26 21:55:06,0.5
bitcoin-up-or-down-august-28-8pm-et,DOWN,65291832103314098292958390228316373027243815896601306006207314163947000292163,1756245365,2025-08-26 21:56:05,0.5
bitcoin-up-or-down-august-28-8pm-et,DOWN,65291832103314098292958390228316373027243815896601306006207314163947000292163,1756245422,2025-08-26 21:57:02,0.5
bitcoin-up-or-down-august-28-8pm-et,DOWN,65291832103314098292958390228316373027243815896601306006207314163947000292163,1756245483,2025-08-26 21:58:03,0.5
bitcoin-up-or-down-august-28-8pm-et,DOWN,65291832103314098292958390228316373027243815896601306006207314163947000292163,1756245542,2025-08-26 21:59:02,0.5
bitcoin-up-or-down-august-28-8pm-et,DOWN,65291832103314098292958390228316373027243815896601306006207314163947000292163,1756245617,2025-08-26 22:00:17,0.5
bitcoin-up-or-down-august-28-8pm-et,DOWN,65291832103314098292958390228316373027243815896601306006207314163947000292163,1756245663,2025-08-26 22:01:03,0.5
bitcoin-up-or-down-august-28-8pm-et,DOWN,65291832103314098292958390228316373027243815896601306006207314163947000292163,1756245723,2025-08-26 22:02:03,0.5
bitcoin-up-or-down-august-28-8pm-et,DOWN,65291832103314098292958390228316373027243815896601306006207314163947000292163,1756245783,2025-08-26 22:03:03,0.5
bitcoin-up-or-down-august-28-8pm-et,DOWN,65291832103314098292958390228316373027243815896601306006207314163947000292163,1756245843,2025-08-26 22:04:03,0.5
bitcoin-up-or-down-august-28-8pm-et,DOWN,65291832103314098292958390228316373027243815896601306006207314163947000292163,1756245908,2025-08-26 22:05:08,0.5
bitcoin-up-or-down-august-28-8pm-et,DOWN,65291832103314098292958390228316373027243815896601306006207314163947000292163,1756245965,2025-08-26 22:06:05,0.5
bitcoin-up-or-down-august-28-8pm-et,DOWN,65291832103314098292958390228316373027243815896601306006207314163947000292163,1756246023,2025-08-26 22:07:03,0.5
bitcoin-up-or-down-august-28-8pm-et,DOWN,65291832103314098292958390228316373027243815896601306006207314163947000292163,1756246082,2025-08-26 22:08:02,0.5
bitcoin-up-or-down-august-28-8pm-et,DOWN,65291832103314098292958390228316373027243815896601306006207314163947000292163,1756246142,2025-08-26 22:09:02,0.5
bitcoin-up-or-down-august-28-8pm-et,DOWN,65291832103314098292958390228316373027243815896601306006207314163947000292163,1756246204,2025-08-26 22:10:04,0.5
bitcoin-up-or-down-august-28-8pm-et,DOWN,65291832103314098292958390228316373027243815896601306006207314163947000292163,1756246264,2025-08-26 22:11:04,0.5
bitcoin-up-or-down-august-28-8pm-et,DOWN,65291832103314098292958390228316373027243815896601306006207314163947000292163,1756246322,2025-08-26 22:12:02,0.5
bitcoin-up-or-down-august-28-8pm-et,DOWN,65291832103314098292958390228316373027243815896601306006207314163947000292163,1756246382,2025-08-26 22:13:02,0.5
bitcoin-up-or-down-august-28-8pm-et,DOWN,65291832103314098292958390228316373027243815896601306006207314163947000292163,1756246442,2025-08-26 22:14:02,0.5
bitcoin-up-or-down-august-28-8pm-et,DOWN,65291832103314098292958390228316373027243815896601306006207314163947000292163,1756246512,2025-08-26 22:15:12,0.5
bitcoin-up-or-down-august-28-8pm-et,DOWN,65291832103314098292958390228316373027243815896601306006207314163947000292163,1756246563,2025-08-26 22:16:03,0.5
bitcoin-up-or-down-august-28-8pm-et,DOWN,65291832103314098292958390228316373027243815896601306006207314163947000292163,1756246622,2025-08-26 22:17:02,0.5
bitcoin-up-or-down-august-28-8pm-et,DOWN,65291832103314098292958390228316373027243815896601306006207314163947000292163,1756246683,2025-08-26 22:18:03,0.5
bitcoin-up-or-down-august-28-8pm-et,DOWN,65291832103314098292958390228316373027243815896601306006207314163947000292163,1756246742,2025-08-26 22:19:02,0.5
bitcoin-up-or-down-august-28-8pm-et,DOWN,65291832103314098292958390228316373027243815896601306006207314163947000292163,1756246812,2025-08-26 22:20:12,0.5
bitcoin-up-or-down-august-28-8pm-et,DOWN,65291832103314098292958390228316373027243815896601306006207314163947000292163,1756246862,2025-08-26 22:21:02,0.5
bitcoin-up-or-down-august-28-8pm-et,DOWN,65291832103314098292958390228316373027243815896601306006207314163947000292163,1756246923,2025-08-26 22:22:03,0.5
bitcoin-up-or-down-august-28-8pm-et,DOWN,65291832103314098292958390228316373027243815896601306006207314163947000292163,1756246983,2025-08-26 22:23:03,0.5
bitcoin-up-or-down-august-28-8pm-et,DOWN,65291832103314098292958390228316373027243815896601306006207314163947000292163,1756247042,2025-08-26 22:24:02,0.5
bitcoin-up-or-down-august-28-8pm-et,DOWN,65291832103314098292958390228316373027243815896601306006207314163947000292163,1756247102,2025-08-26 22:25:02,0.5
bitcoin-up-or-down-august-28-8pm-et,DOWN,65291832103314098292958390228316373027243815896601306006207314163947000292163,1756247162,2025-08-26 22:26:02,0.5
bitcoin-up-or-down-august-28-8pm-et,DOWN,65291832103314098292958390228316373027243815896601306006207314163947000292163,1756247224,2025-08-26 22:27:04,0.5
bitcoin-up-or-down-august-28-8pm-et,DOWN,65291832103314098292958390228316373027243815896601306006207314163947000292163,1756247282,2025-08-26 22:28:02,0.5
bitcoin-up-or-down-august-28-8pm-et,DOWN,65291832103314098292958390228316373027243815896601306006207314163947000292163,1756247342,2025-08-26 22:29:02,0.5
bitcoin-up-or-down-august-28-8pm-et,DOWN,65291832103314098292958390228316373027243815896601306006207314163947000292163,1756247406,2025-08-26 22:30:06,0.5
bitcoin-up-or-down-august-28-8pm-et,DOWN,65291832103314098292958390228316373027243815896601306006207314163947000292163,1756247462,2025-08-26 22:31:02,0.5
bitcoin-up-or-down-august-28-8pm-et,DOWN,65291832103314098292958390228316373027243815896601306006207314163947000292163,1756247523,2025-08-26 22:32:03,0.5
bitcoin-up-or-down-august-28-8pm-et,DOWN,65291832103314098292958390228316373027243815896601306006207314163947000292163,1756247582,2025-08-26 22:33:02,0.5
bitcoin-up-or-down-august-28-8pm-et,DOWN,65291832103314098292958390228316373027243815896601306006207314163947000292163,1756247643,2025-08-26 22:34:03,0.5
bitcoin-up-or-down-august-28-8pm-et,DOWN,65291832103314098292958390228316373027243815896601306006207314163947000292163,1756247705,2025-08-26 22:35:05,0.5
bitcoin-up-or-down-august-28-8pm-et,DOWN,65291832103314098292958390228316373027243815896601306006207314163947000292163,1756247765,2025-08-26 22:36:05,0.5
bitcoin-up-or-down-august-28-8pm-et,DOWN,65291832103314098292958390228316373027243815896601306006207314163947000292163,1756247823,2025-08-26 22:37:03,0.5
bitcoin-up-or-down-august-28-8pm-et,DOWN,65291832103314098292958390228316373027243815896601306006207314163947000292163,1756247883,2025-08-26 22:38:03,0.5
bitcoin-up-or-down-august-28-8pm-et,DOWN,65291832103314098292958390228316373027243815896601306006207314163947000292163,1756247943,2025-08-26 22:39:03,0.5
bitcoin-up-or-down-august-28-8pm-et,DOWN,65291832103314098292958390228316373027243815896601306006207314163947000292163,1756248010,2025-08-26 22:40:10,0.5
bitcoin-up-or-down-august-28-8pm-et,DOWN,65291832103314098292958390228316373027243815896601306006207314163947000292163,1756248062,2025-08-26 22:41:02,0.5
bitcoin-up-or-down-august-28-8pm-et,DOWN,65291832103314098292958390228316373027243815896601306006207314163947000292163,1756248123,2025-08-26 22:42:03,0.5
bitcoin-up-or-down-august-28-8pm-et,DOWN,65291832103314098292958390228316373027243815896601306006207314163947000292163,1756248183,2025-08-26 22:43:03,0.5
bitcoin-up-or-down-august-28-8pm-et,DOWN,65291832103314098292958390228316373027243815896601306006207314163947000292163,1756248243,2025-08-26 22:44:03,0.5
bitcoin-up-or-down-august-28-8pm-et,DOWN,65291832103314098292958390228316373027243815896601306006207314163947000292163,1756248303,2025-08-26 22:45:03,0.5
bitcoin-up-or-down-august-28-8pm-et,DOWN,65291832103314098292958390228316373027243815896601306006207314163947000292163,1756248362,2025-08-26 22:46:02,0.5
bitcoin-up-or-down-august-28-8pm-et,DOWN,65291832103314098292958390228316373027243815896601306006207314163947000292163,1756248422,2025-08-26 22:47:02,0.5
bitcoin-up-or-down-august-28-8pm-et,DOWN,65291832103314098292958390228316373027243815896601306006207314163947000292163,1756248483,2025-08-26 22:48:03,0.5
bitcoin-up-or-down-august-28-8pm-et,DOWN,65291832103314098292958390228316373027243815896601306006207314163947000292163,1756248544,2025-08-26 22:49:04,0.5
bitcoin-up-or-down-august-28-8pm-et,DOWN,65291832103314098292958390228316373027243815896601306006207314163947000292163,1756248604,2025-08-26 22:50:04,0.5
bitcoin-up-or-down-august-28-8pm-et,DOWN,65291832103314098292958390228316373027243815896601306006207314163947000292163,1756248665,2025-08-26 22:51:05,0.5
bitcoin-up-or-down-august-28-8pm-et,DOWN,65291832103314098292958390228316373027243815896601306006207314163947000292163,1756248722,2025-08-26 22:52:02,0.5
bitcoin-up-or-down-august-28-8pm-et,DOWN,65291832103314098292958390228316373027243815896601306006207314163947000292163,1756248784,2025-08-26 22:53:04,0.5
bitcoin-up-or-down-august-28-8pm-et,DOWN,65291832103314098292958390228316373027243815896601306006207314163947000292163,1756248843,2025-08-26 22:54:03,0.5
bitcoin-up-or-down-august-28-8pm-et,DOWN,65291832103314098292958390228316373027243815896601306006207314163947000292163,1756248912,2025-08-26 22:55:12,0.5
bitcoin-up-or-down-august-28-8pm-et,DOWN,65291832103314098292958390228316373027243815896601306006207314163947000292163,1756248962,2025-08-26 22:56:02,0.5
bitcoin-up-or-down-august-28-8pm-et,DOWN,65291832103314098292958390228316373027243815896601306006207314163947000292163,1756249022,2025-08-26 22:57:02,0.5
bitcoin-up-or-down-august-28-8pm-et,DOWN,65291832103314098292958390228316373027243815896601306006207314163947000292163,1756249083,2025-08-26 22:58:03,0.5
bitcoin-up-or-down-august-28-8pm-et,DOWN,65291832103314098292958390228316373027243815896601306006207314163947000292163,1756249142,2025-08-26 22:59:02,0.5
bitcoin-up-or-down-august-28-8pm-et,DOWN,65291832103314098292958390228316373027243815896601306006207314163947000292163,1756249208,2025-08-26 23:00:08,0.5
bitcoin-up-or-down-august-28-8pm-et,DOWN,65291832103314098292958390228316373027243815896601306006207314163947000292163,1756249262,2025-08-26 23:01:02,0.5
bitcoin-up-or-down-august-28-8pm-et,DOWN,65291832103314098292958390228316373027243815896601306006207314163947000292163,1756249322,2025-08-26 23:02:02,0.5
bitcoin-up-or-down-august-28-8pm-et,DOWN,65291832103314098292958390228316373027243815896601306006207314163947000292163,1756249382,2025-08-26 23:03:02,0.5
bitcoin-up-or-down-august-28-8pm-et,DOWN,65291832103314098292958390228316373027243815896601306006207314163947000292163,1756249443,2025-08-26 23:04:03,0.5
bitcoin-up-or-down-august-28-8pm-et,DOWN,65291832103314098292958390228316373027243815896601306006207314163947000292163,1756249506,2025-08-26 23:05:06,0.5
bitcoin-up-or-down-august-28-8pm-et,DOWN,65291832103314098292958390228316373027243815896601306006207314163947000292163,1756249563,2025-08-26 23:06:03,0.5
bitcoin-up-or-down-august-28-8pm-et,DOWN,65291832103314098292958390228316373027243815896601306006207314163947000292163,1756249623,2025-08-26 23:07:03,0.5
bitcoin-up-or-down-august-28-8pm-et,DOWN,65291832103314098292958390228316373027243815896601306006207314163947000292163,1756249683,2025-08-26 23:08:03,0.5
bitcoin-up-or-down-august-28-8pm-et,DOWN,65291832103314098292958390228316373027243815896601306006207314163947000292163,1756249743,2025-08-26 23:09:03,0.5
bitcoin-up-or-down-august-28-8pm-et,DOWN,65291832103314098292958390228316373027243815896601306006207314163947000292163,1756249807,2025-08-26 23:10:07,0.5
bitcoin-up-or-down-august-28-8pm-et,DOWN,65291832103314098292958390228316373027243815896601306006207314163947000292163,1756249864,2025-08-26 23:11:04,0.5
bitcoin-up-or-down-august-28-8pm-et,DOWN,65291832103314098292958390228316373027243815896601306006207314163947000292163,1756249922,2025-08-26 23:12:02,0.5
bitcoin-up-or-down-august-28-8pm-et,DOWN,65291832103314098292958390228316373027243815896601306006207314163947000292163,1756249982,2025-08-26 23:13:02,0.5
bitcoin-up-or-down-august-28-8pm-et,DOWN,65291832103314098292958390228316373027243815896601306006207314163947000292163,1756250043,2025-08-26 23:14:03,0.5
bitcoin-up-or-down-august-28-8pm-et,DOWN,65291832103314098292958390228316373027243815896601306006207314163947000292163,1756250104,2025-08-26 23:15:04,0.5
bitcoin-up-or-down-august-28-8pm-et,DOWN,65291832103314098292958390228316373027243815896601306006207314163947000292163,1756250163,2025-08-26 23:16:03,0.5
bitcoin-up-or-down-august-28-8pm-et,DOWN,65291832103314098292958390228316373027243815896601306006207314163947000292163,1756250222,2025-08-26 23:17:02,0.5
bitcoin-up-or-down-august-28-8pm-et,DOWN,65291832103314098292958390228316373027243815896601306006207314163947000292163,1756250283,2025-08-26 23:18:03,0.5
bitcoin-up-or-down-august-28-8pm-et,DOWN,65291832103314098292958390228316373027243815896601306006207314163947000292163,1756250343,2025-08-26 23:19:03,0.5
bitcoin-up-or-down-august-28-8pm-et,DOWN,65291832103314098292958390228316373027243815896601306006207314163947000292163,1756250403,2025-08-26 23:20:03,0.5
bitcoin-up-or-down-august-28-8pm-et,DOWN,65291832103314098292958390228316373027243815896601306006207314163947000292163,1756250463,2025-08-26 23:21:03,0.5
bitcoin-up-or-down-august-28-8pm-et,DOWN,65291832103314098292958390228316373027243815896601306006207314163947000292163,1756250523,2025-08-26 23:22:03,0.5
bitcoin-up-or-down-august-28-8pm-et,DOWN,65291832103314098292958390228316373027243815896601306006207314163947000292163,1756250582,2025-08-26 23:23:02,0.5
bitcoin-up-or-down-august-28-8pm-et,DOWN,65291832103314098292958390228316373027243815896601306006207314163947000292163,1756250642,2025-08-26 23:24:02,0.5
bitcoin-up-or-down-august-28-8pm-et,DOWN,65291832103314098292958390228316373027243815896601306006207314163947000292163,1756250702,2025-08-26 23:25:02,0.5
bitcoin-up-or-down-august-28-8pm-et,DOWN,65291832103314098292958390228316373027243815896601306006207314163947000292163,1756250763,2025-08-26 23:26:03,0.5
bitcoin-up-or-down-august-28-8pm-et,DOWN,65291832103314098292958390228316373027243815896601306006207314163947000292163,1756250823,2025-08-26 23:27:03,0.5
bitcoin-up-or-down-august-28-8pm-et,DOWN,65291832103314098292958390228316373027243815896601306006207314163947000292163,1756250883,2025-08-26 23:28:03,0.5
bitcoin-up-or-down-august-28-8pm-et,DOWN,65291832103314098292958390228316373027243815896601306006207314163947000292163,1756250942,2025-08-26 23:29:02,0.5
bitcoin-up-or-down-august-28-8pm-et,DOWN,65291832103314098292958390228316373027243815896601306006207314163947000292163,1756251003,2025-08-26 23:30:03,0.5
bitcoin-up-or-down-august-28-8pm-et,DOWN,65291832103314098292958390228316373027243815896601306006207314163947000292163,1756251063,2025-08-26 23:31:03,0.5
bitcoin-up-or-down-august-28-8pm-et,DOWN,65291832103314098292958390228316373027243815896601306006207314163947000292163,1756251122,2025-08-26 23:32:02,0.5
bitcoin-up-or-down-august-28-8pm-et,DOWN,65291832103314098292958390228316373027243815896601306006207314163947000292163,1756251183,2025-08-26 23:33:03,0.5
bitcoin-up-or-down-august-28-8pm-et,DOWN,65291832103314098292958390228316373027243815896601306006207314163947000292163,1756251243,2025-08-26 23:34:03,0.5
bitcoin-up-or-down-august-28-8pm-et,DOWN,65291832103314098292958390228316373027243815896601306006207314163947000292163,1756251302,2025-08-26 23:35:02,0.5
bitcoin-up-or-down-august-28-8pm-et,DOWN,65291832103314098292958390228316373027243815896601306006207314163947000292163,1756251363,2025-08-26 23:36:03,0.5
bitcoin-up-or-down-august-28-8pm-et,DOWN,65291832103314098292958390228316373027243815896601306006207314163947000292163,1756251422,2025-08-26 23:37:02,0.5
bitcoin-up-or-down-august-28-8pm-et,DOWN,65291832103314098292958390228316373027243815896601306006207314163947000292163,1756251482,2025-08-26 23:38:02,0.5
bitcoin-up-or-down-august-28-8pm-et,DOWN,65291832103314098292958390228316373027243815896601306006207314163947000292163,1756251543,2025-08-26 23:39:03,0.5
bitcoin-up-or-down-august-28-8pm-et,DOWN,65291832103314098292958390228316373027243815896601306006207314163947000292163,1756251646,2025-08-26 23:40:46,0.5
bitcoin-up-or-down-august-28-8pm-et,DOWN,65291832103314098292958390228316373027243815896601306006207314163947000292163,1756251663,2025-08-26 23:41:03,0.5
bitcoin-up-or-down-august-28-8pm-et,DOWN,65291832103314098292958390228316373027243815896601306006207314163947000292163,1756251723,2025-08-26 23:42:03,0.5
bitcoin-up-or-down-august-28-8pm-et,DOWN,65291832103314098292958390228316373027243815896601306006207314163947000292163,1756251782,2025-08-26 23:43:02,0.5
bitcoin-up-or-down-august-28-8pm-et,DOWN,65291832103314098292958390228316373027243815896601306006207314163947000292163,1756251842,2025-08-26 23:44:02,0.5
bitcoin-up-or-down-august-28-8pm-et,DOWN,65291832103314098292958390228316373027243815896601306006207314163947000292163,1756251905,2025-08-26 23:45:05,0.5
bitcoin-up-or-down-august-28-8pm-et,DOWN,65291832103314098292958390228316373027243815896601306006207314163947000292163,1756251962,2025-08-26 23:46:02,0.5
bitcoin-up-or-down-august-28-8pm-et,DOWN,65291832103314098292958390228316373027243815896601306006207314163947000292163,1756252023,2025-08-26 23:47:03,0.5
bitcoin-up-or-down-august-28-8pm-et,DOWN,65291832103314098292958390228316373027243815896601306006207314163947000292163,1756252083,2025-08-26 23:48:03,0.5
bitcoin-up-or-down-august-28-8pm-et,DOWN,65291832103314098292958390228316373027243815896601306006207314163947000292163,1756252142,2025-08-26 23:49:02,0.5
bitcoin-up-or-down-august-28-8pm-et,DOWN,65291832103314098292958390228316373027243815896601306006207314163947000292163,1756252202,2025-08-26 23:50:02,0.5
bitcoin-up-or-down-august-28-8pm-et,DOWN,65291832103314098292958390228316373027243815896601306006207314163947000292163,1756252263,2025-08-26 23:51:03,0.5
bitcoin-up-or-down-august-28-8pm-et,DOWN,65291832103314098292958390228316373027243815896601306006207314163947000292163,1756252323,2025-08-26 23:52:03,0.5
bitcoin-up-or-down-august-28-8pm-et,DOWN,65291832103314098292958390228316373027243815896601306006207314163947000292163,1756252383,2025-08-26 23:53:03,0.5
bitcoin-up-or-down-august-28-8pm-et,DOWN,65291832103314098292958390228316373027243815896601306006207314163947000292163,1756252443,2025-08-26 23:54:03,0.5
bitcoin-up-or-down-august-28-8pm-et,DOWN,65291832103314098292958390228316373027243815896601306006207314163947000292163,1756252510,2025-08-26 23:55:10,0.5
bitcoin-up-or-down-august-28-8pm-et,DOWN,65291832103314098292958390228316373027243815896601306006207314163947000292163,1756252562,2025-08-26 23:56:02,0.5
bitcoin-up-or-down-august-28-8pm-et,DOWN,65291832103314098292958390228316373027243815896601306006207314163947000292163,1756252623,2025-08-26 23:57:03,0.5
bitcoin-up-or-down-august-28-8pm-et,DOWN,65291832103314098292958390228316373027243815896601306006207314163947000292163,1756252683,2025-08-26 23:58:03,0.5
bitcoin-up-or-down-august-28-8pm-et,DOWN,65291832103314098292958390228316373027243815896601306006207314163947000292163,1756252743,2025-08-26 23:59:03,0.5
bitcoin-up-or-down-august-28-8pm-et,DOWN,65291832103314098292958390228316373027243815896601306006207314163947000292163,1756252802,2025-08-27 00:00:02,0.5
bitcoin-up-or-down-august-28-8pm-et,DOWN,65291832103314098292958390228316373027243815896601306006207314163947000292163,1756252862,2025-08-27 00:01:02,0.5
bitcoin-up-or-down-august-28-8pm-et,DOWN,65291832103314098292958390228316373027243815896601306006207314163947000292163,1756252923,2025-08-27 00:02:03,0.5
bitcoin-up-or-down-august-28-8pm-et,DOWN,65291832103314098292958390228316373027243815896601306006207314163947000292163,1756252983,2025-08-27 00:03:03,0.5
bitcoin-up-or-down-august-28-8pm-et,DOWN,65291832103314098292958390228316373027243815896601306006207314163947000292163,1756253043,2025-08-27 00:04:03,0.5
bitcoin-up-or-down-august-28-8pm-et,DOWN,65291832103314098292958390228316373027243815896601306006207314163947000292163,1756253103,2025-08-27 00:05:03,0.5
bitcoin-up-or-down-august-28-8pm-et,DOWN,65291832103314098292958390228316373027243815896601306006207314163947000292163,1756253163,2025-08-27 00:06:03,0.5
bitcoin-up-or-down-august-28-8pm-et,DOWN,65291832103314098292958390228316373027243815896601306006207314163947000292163,1756253224,2025-08-27 00:07:04,0.5
bitcoin-up-or-down-august-28-8pm-et,DOWN,65291832103314098292958390228316373027243815896601306006207314163947000292163,1756253284,2025-08-27 00:08:04,0.5
bitcoin-up-or-down-august-28-8pm-et,DOWN,65291832103314098292958390228316373027243815896601306006207314163947000292163,1756253343,2025-08-27 00:09:03,0.5
bitcoin-up-or-down-august-28-8pm-et,DOWN,65291832103314098292958390228316373027243815896601306006207314163947000292163,1756253403,2025-08-27 00:10:03,0.5
bitcoin-up-or-down-august-28-8pm-et,DOWN,65291832103314098292958390228316373027243815896601306006207314163947000292163,1756253463,2025-08-27 00:11:03,0.5
bitcoin-up-or-down-august-28-8pm-et,DOWN,65291832103314098292958390228316373027243815896601306006207314163947000292163,1756253522,2025-08-27 00:12:02,0.5
bitcoin-up-or-down-august-28-8pm-et,DOWN,65291832103314098292958390228316373027243815896601306006207314163947000292163,1756253582,2025-08-27 00:13:02,0.5
bitcoin-up-or-down-august-28-8pm-et,DOWN,65291832103314098292958390228316373027243815896601306006207314163947000292163,1756253643,2025-08-27 00:14:03,0.5
bitcoin-up-or-down-august-28-8pm-et,DOWN,65291832103314098292958390228316373027243815896601306006207314163947000292163,1756253707,2025-08-27 00:15:07,0.5
bitcoin-up-or-down-august-28-8pm-et,DOWN,65291832103314098292958390228316373027243815896601306006207314163947000292163,1756253762,2025-08-27 00:16:02,0.5
bitcoin-up-or-down-august-28-8pm-et,DOWN,65291832103314098292958390228316373027243815896601306006207314163947000292163,1756253822,2025-08-27 00:17:02,0.5
bitcoin-up-or-down-august-28-8pm-et,DOWN,65291832103314098292958390228316373027243815896601306006207314163947000292163,1756253884,2025-08-27 00:18:04,0.5
bitcoin-up-or-down-august-28-8pm-et,DOWN,65291832103314098292958390228316373027243815896601306006207314163947000292163,1756253943,2025-08-27 00:19:03,0.5
bitcoin-up-or-down-august-28-8pm-et,DOWN,65291832103314098292958390228316373027243815896601306006207314163947000292163,1756254010,2025-08-27 00:20:10,0.5
bitcoin-up-or-down-august-28-8pm-et,DOWN,65291832103314098292958390228316373027243815896601306006207314163947000292163,1756254063,2025-08-27 00:21:03,0.5
bitcoin-up-or-down-august-28-8pm-et,DOWN,65291832103314098292958390228316373027243815896601306006207314163947000292163,1756254122,2025-08-27 00:22:02,0.5
bitcoin-up-or-down-august-28-8pm-et,DOWN,65291832103314098292958390228316373027243815896601306006207314163947000292163,1756254182,2025-08-27 00:23:02,0.5
bitcoin-up-or-down-august-28-8pm-et,DOWN,65291832103314098292958390228316373027243815896601306006207314163947000292163,1756254242,2025-08-27 00:24:02,0.5
bitcoin-up-or-down-august-28-8pm-et,DOWN,65291832103314098292958390228316373027243815896601306006207314163947000292163,1756254303,2025-08-27 00:25:03,0.5
bitcoin-up-or-down-august-28-8pm-et,DOWN,65291832103314098292958390228316373027243815896601306006207314163947000292163,1756254363,2025-08-27 00:26:03,0.5
bitcoin-up-or-down-august-28-8pm-et,DOWN,65291832103314098292958390228316373027243815896601306006207314163947000292163,1756254423,2025-08-27 00:27:03,0.5
bitcoin-up-or-down-august-28-8pm-et,DOWN,65291832103314098292958390228316373027243815896601306006207314163947000292163,1756254482,2025-08-27 00:28:02,0.5
bitcoin-up-or-down-august-28-8pm-et,DOWN,65291832103314098292958390228316373027243815896601306006207314163947000292163,1756254542,2025-08-27 00:29:02,0.5
bitcoin-up-or-down-august-28-8pm-et,DOWN,65291832103314098292958390228316373027243815896601306006207314163947000292163,1756254609,2025-08-27 00:30:09,0.5
bitcoin-up-or-down-august-28-8pm-et,DOWN,65291832103314098292958390228316373027243815896601306006207314163947000292163,1756254663,2025-08-27 00:31:03,0.5
bitcoin-up-or-down-august-28-8pm-et,DOWN,65291832103314098292958390228316373027243815896601306006207314163947000292163,1756254722,2025-08-27 00:32:02,0.5
bitcoin-up-or-down-august-28-8pm-et,DOWN,65291832103314098292958390228316373027243815896601306006207314163947000292163,1756254783,2025-08-27 00:33:03,0.5
bitcoin-up-or-down-august-28-8pm-et,DOWN,65291832103314098292958390228316373027243815896601306006207314163947000292163,1756254843,2025-08-27 00:34:03,0.5
bitcoin-up-or-down-august-28-8pm-et,DOWN,65291832103314098292958390228316373027243815896601306006207314163947000292163,1756254904,2025-08-27 00:35:04,0.5
bitcoin-up-or-down-august-28-8pm-et,DOWN,65291832103314098292958390228316373027243815896601306006207314163947000292163,1756254962,2025-08-27 00:36:02,0.5
bitcoin-up-or-down-august-28-8pm-et,DOWN,65291832103314098292958390228316373027243815896601306006207314163947000292163,1756255023,2025-08-27 00:37:03,0.5
bitcoin-up-or-down-august-28-8pm-et,DOWN,65291832103314098292958390228316373027243815896601306006207314163947000292163,1756255083,2025-08-27 00:38:03,0.5
bitcoin-up-or-down-august-28-8pm-et,DOWN,65291832103314098292958390228316373027243815896601306006207314163947000292163,1756255143,2025-08-27 00:39:03,0.5
bitcoin-up-or-down-august-28-8pm-et,DOWN,65291832103314098292958390228316373027243815896601306006207314163947000292163,1756255210,2025-08-27 00:40:10,0.5
bitcoin-up-or-down-august-28-8pm-et,DOWN,65291832103314098292958390228316373027243815896601306006207314163947000292163,1756255263,2025-08-27 00:41:03,0.5
bitcoin-up-or-down-august-28-8pm-et,DOWN,65291832103314098292958390228316373027243815896601306006207314163947000292163,1756255323,2025-08-27 00:42:03,0.5
bitcoin-up-or-down-august-28-8pm-et,DOWN,65291832103314098292958390228316373027243815896601306006207314163947000292163,1756255382,2025-08-27 00:43:02,0.5
bitcoin-up-or-down-august-28-8pm-et,DOWN,65291832103314098292958390228316373027243815896601306006207314163947000292163,1756255443,2025-08-27 00:44:03,0.5
bitcoin-up-or-down-august-28-8pm-et,DOWN,65291832103314098292958390228316373027243815896601306006207314163947000292163,1756255504,2025-08-27 00:45:04,0.5
bitcoin-up-or-down-august-28-8pm-et,DOWN,65291832103314098292958390228316373027243815896601306006207314163947000292163,1756255564,2025-08-27 00:46:04,0.5
bitcoin-up-or-down-august-28-8pm-et,DOWN,65291832103314098292958390228316373027243815896601306006207314163947000292163,1756255622,2025-08-27 00:47:02,0.5
bitcoin-up-or-down-august-28-8pm-et,DOWN,65291832103314098292958390228316373027243815896601306006207314163947000292163,1756255683,2025-08-27 00:48:03,0.5
bitcoin-up-or-down-august-28-8pm-et,DOWN,65291832103314098292958390228316373027243815896601306006207314163947000292163,1756255743,2025-08-27 00:49:03,0.5
bitcoin-up-or-down-august-28-8pm-et,DOWN,65291832103314098292958390228316373027243815896601306006207314163947000292163,1756255804,2025-08-27 00:50:04,0.5
bitcoin-up-or-down-august-28-8pm-et,DOWN,65291832103314098292958390228316373027243815896601306006207314163947000292163,1756255864,2025-08-27 00:51:04,0.5
bitcoin-up-or-down-august-28-8pm-et,DOWN,65291832103314098292958390228316373027243815896601306006207314163947000292163,1756255922,2025-08-27 00:52:02,0.5
bitcoin-up-or-down-august-28-8pm-et,DOWN,65291832103314098292958390228316373027243815896601306006207314163947000292163,1756255983,2025-08-27 00:53:03,0.5
bitcoin-up-or-down-august-28-8pm-et,DOWN,65291832103314098292958390228316373027243815896601306006207314163947000292163,1756256042,2025-08-27 00:54:02,0.5
bitcoin-up-or-down-august-28-8pm-et,DOWN,65291832103314098292958390228316373027243815896601306006207314163947000292163,1756256104,2025-08-27 00:55:04,0.5
bitcoin-up-or-down-august-28-8pm-et,DOWN,65291832103314098292958390228316373027243815896601306006207314163947000292163,1756256162,2025-08-27 00:56:02,0.5
bitcoin-up-or-down-august-28-8pm-et,DOWN,65291832103314098292958390228316373027243815896601306006207314163947000292163,1756256223,2025-08-27 00:57:03,0.5
bitcoin-up-or-down-august-28-8pm-et,DOWN,65291832103314098292958390228316373027243815896601306006207314163947000292163,1756256283,2025-08-27 00:58:03,0.5
bitcoin-up-or-down-august-28-8pm-et,DOWN,65291832103314098292958390228316373027243815896601306006207314163947000292163,1756256344,2025-08-27 00:59:04,0.5
bitcoin-up-or-down-august-28-8pm-et,DOWN,65291832103314098292958390228316373027243815896601306006207314163947000292163,1756256407,2025-08-27 01:00:07,0.5
bitcoin-up-or-down-august-28-8pm-et,DOWN,65291832103314098292958390228316373027243815896601306006207314163947000292163,1756256463,2025-08-27 01:01:03,0.5
bitcoin-up-or-down-august-28-8pm-et,DOWN,65291832103314098292958390228316373027243815896601306006207314163947000292163,1756256523,2025-08-27 01:02:03,0.5
bitcoin-up-or-down-august-28-8pm-et,DOWN,65291832103314098292958390228316373027243815896601306006207314163947000292163,1756256582,2025-08-27 01:03:02,0.5
bitcoin-up-or-down-august-28-8pm-et,DOWN,65291832103314098292958390228316373027243815896601306006207314163947000292163,1756256643,2025-08-27 01:04:03,0.5
bitcoin-up-or-down-august-28-8pm-et,DOWN,65291832103314098292958390228316373027243815896601306006207314163947000292163,1756256703,2025-08-27 01:05:03,0.5
bitcoin-up-or-down-august-28-8pm-et,DOWN,65291832103314098292958390228316373027243815896601306006207314163947000292163,1756256763,2025-08-27 01:06:03,0.5
bitcoin-up-or-down-august-28-8pm-et,DOWN,65291832103314098292958390228316373027243815896601306006207314163947000292163,1756256822,2025-08-27 01:07:02,0.5
bitcoin-up-or-down-august-28-8pm-et,DOWN,65291832103314098292958390228316373027243815896601306006207314163947000292163,1756256882,2025-08-27 01:08:02,0.5
bitcoin-up-or-down-august-28-8pm-et,DOWN,65291832103314098292958390228316373027243815896601306006207314163947000292163,1756256943,2025-08-27 01:09:03,0.5
bitcoin-up-or-down-august-28-8pm-et,DOWN,65291832103314098292958390228316373027243815896601306006207314163947000292163,1756257003,2025-08-27 01:10:03,0.5
bitcoin-up-or-down-august-28-8pm-et,DOWN,65291832103314098292958390228316373027243815896601306006207314163947000292163,1756257062,2025-08-27 01:11:02,0.5
bitcoin-up-or-down-august-28-8pm-et,DOWN,65291832103314098292958390228316373027243815896601306006207314163947000292163,1756257124,2025-08-27 01:12:04,0.5
bitcoin-up-or-down-august-28-8pm-et,DOWN,65291832103314098292958390228316373027243815896601306006207314163947000292163,1756257183,2025-08-27 01:13:03,0.5
bitcoin-up-or-down-august-28-8pm-et,DOWN,65291832103314098292958390228316373027243815896601306006207314163947000292163,1756257243,2025-08-27 01:14:03,0.5
bitcoin-up-or-down-august-28-8pm-et,DOWN,65291832103314098292958390228316373027243815896601306006207314163947000292163,1756257304,2025-08-27 01:15:04,0.5
bitcoin-up-or-down-august-28-8pm-et,DOWN,65291832103314098292958390228316373027243815896601306006207314163947000292163,1756257363,2025-08-27 01:16:03,0.5
bitcoin-up-or-down-august-28-8pm-et,DOWN,65291832103314098292958390228316373027243815896601306006207314163947000292163,1756257422,2025-08-27 01:17:02,0.5
bitcoin-up-or-down-august-28-8pm-et,DOWN,65291832103314098292958390228316373027243815896601306006207314163947000292163,1756257483,2025-08-27 01:18:03,0.5
bitcoin-up-or-down-august-28-8pm-et,DOWN,65291832103314098292958390228316373027243815896601306006207314163947000292163,1756257543,2025-08-27 01:19:03,0.5
bitcoin-up-or-down-august-28-8pm-et,DOWN,65291832103314098292958390228316373027243815896601306006207314163947000292163,1756257604,2025-08-27 01:20:04,0.5
bitcoin-up-or-down-august-28-8pm-et,DOWN,65291832103314098292958390228316373027243815896601306006207314163947000292163,1756257663,2025-08-27 01:21:03,0.5
bitcoin-up-or-down-august-28-8pm-et,DOWN,65291832103314098292958390228316373027243815896601306006207314163947000292163,1756257722,2025-08-27 01:22:02,0.5
bitcoin-up-or-down-august-28-8pm-et,DOWN,65291832103314098292958390228316373027243815896601306006207314163947000292163,1756257782,2025-08-27 01:23:02,0.5
bitcoin-up-or-down-august-28-8pm-et,DOWN,65291832103314098292958390228316373027243815896601306006207314163947000292163,1756257843,2025-08-27 01:24:03,0.5
bitcoin-up-or-down-august-28-8pm-et,DOWN,65291832103314098292958390228316373027243815896601306006207314163947000292163,1756257912,2025-08-27 01:25:12,0.5
bitcoin-up-or-down-august-28-8pm-et,DOWN,65291832103314098292958390228316373027243815896601306006207314163947000292163,1756257963,2025-08-27 01:26:03,0.5
bitcoin-up-or-down-august-28-8pm-et,DOWN,65291832103314098292958390228316373027243815896601306006207314163947000292163,1756258023,2025-08-27 01:27:03,0.5
bitcoin-up-or-down-august-28-8pm-et,DOWN,65291832103314098292958390228316373027243815896601306006207314163947000292163,1756258082,2025-08-27 01:28:02,0.5
bitcoin-up-or-down-august-28-8pm-et,DOWN,65291832103314098292958390228316373027243815896601306006207314163947000292163,1756258143,2025-08-27 01:29:03,0.5
bitcoin-up-or-down-august-28-8pm-et,DOWN,65291832103314098292958390228316373027243815896601306006207314163947000292163,1756258204,2025-08-27 01:30:04,0.5
bitcoin-up-or-down-august-28-8pm-et,DOWN,65291832103314098292958390228316373027243815896601306006207314163947000292163,1756258263,2025-08-27 01:31:03,0.5
bitcoin-up-or-down-august-28-8pm-et,DOWN,65291832103314098292958390228316373027243815896601306006207314163947000292163,1756258323,2025-08-27 01:32:03,0.5
bitcoin-up-or-down-august-28-8pm-et,DOWN,65291832103314098292958390228316373027243815896601306006207314163947000292163,1756258382,2025-08-27 01:33:02,0.5
bitcoin-up-or-down-august-28-8pm-et,DOWN,65291832103314098292958390228316373027243815896601306006207314163947000292163,1756258443,2025-08-27 01:34:03,0.5
bitcoin-up-or-down-august-28-8pm-et,DOWN,65291832103314098292958390228316373027243815896601306006207314163947000292163,1756258504,2025-08-27 01:35:04,0.5
bitcoin-up-or-down-august-28-8pm-et,DOWN,65291832103314098292958390228316373027243815896601306006207314163947000292163,1756258563,2025-08-27 01:36:03,0.5
bitcoin-up-or-down-august-28-8pm-et,DOWN,65291832103314098292958390228316373027243815896601306006207314163947000292163,1756258624,2025-08-27 01:37:04,0.5
bitcoin-up-or-down-august-28-8pm-et,DOWN,65291832103314098292958390228316373027243815896601306006207314163947000292163,1756258682,2025-08-27 01:38:02,0.5
bitcoin-up-or-down-august-28-8pm-et,DOWN,65291832103314098292958390228316373027243815896601306006207314163947000292163,1756258743,2025-08-27 01:39:03,0.5
bitcoin-up-or-down-august-28-8pm-et,DOWN,65291832103314098292958390228316373027243815896601306006207314163947000292163,1756258802,2025-08-27 01:40:02,0.5
bitcoin-up-or-down-august-28-8pm-et,DOWN,65291832103314098292958390228316373027243815896601306006207314163947000292163,1756258863,2025-08-27 01:41:03,0.5
bitcoin-up-or-down-august-28-8pm-et,DOWN,65291832103314098292958390228316373027243815896601306006207314163947000292163,1756258922,2025-08-27 01:42:02,0.5
bitcoin-up-or-down-august-28-8pm-et,DOWN,65291832103314098292958390228316373027243815896601306006207314163947000292163,1756258983,2025-08-27 01:43:03,0.5
bitcoin-up-or-down-august-28-8pm-et,DOWN,65291832103314098292958390228316373027243815896601306006207314163947000292163,1756259043,2025-08-27 01:44:03,0.5
bitcoin-up-or-down-august-28-8pm-et,DOWN,65291832103314098292958390228316373027243815896601306006207314163947000292163,1756259102,2025-08-27 01:45:02,0.5
bitcoin-up-or-down-august-28-8pm-et,DOWN,65291832103314098292958390228316373027243815896601306006207314163947000292163,1756259162,2025-08-27 01:46:02,0.5
bitcoin-up-or-down-august-28-8pm-et,DOWN,65291832103314098292958390228316373027243815896601306006207314163947000292163,1756259222,2025-08-27 01:47:02,0.5
bitcoin-up-or-down-august-28-8pm-et,DOWN,65291832103314098292958390228316373027243815896601306006207314163947000292163,1756259282,2025-08-27 01:48:02,0.5
bitcoin-up-or-down-august-28-8pm-et,DOWN,65291832103314098292958390228316373027243815896601306006207314163947000292163,1756259343,2025-08-27 01:49:03,0.5
bitcoin-up-or-down-august-28-8pm-et,DOWN,65291832103314098292958390228316373027243815896601306006207314163947000292163,1756259403,2025-08-27 01:50:03,0.5
bitcoin-up-or-down-august-28-8pm-et,DOWN,65291832103314098292958390228316373027243815896601306006207314163947000292163,1756259463,2025-08-27 01:51:03,0.5
bitcoin-up-or-down-august-28-8pm-et,DOWN,65291832103314098292958390228316373027243815896601306006207314163947000292163,1756259523,2025-08-27 01:52:03,0.5
bitcoin-up-or-down-august-28-8pm-et,DOWN,65291832103314098292958390228316373027243815896601306006207314163947000292163,1756259582,2025-08-27 01:53:02,0.5
bitcoin-up-or-down-august-28-8pm-et,DOWN,65291832103314098292958390228316373027243815896601306006207314163947000292163,1756259643,2025-08-27 01:54:03,0.5
bitcoin-up-or-down-august-28-8pm-et,DOWN,65291832103314098292958390228316373027243815896601306006207314163947000292163,1756259712,2025-08-27 01:55:12,0.5
bitcoin-up-or-down-august-28-8pm-et,DOWN,65291832103314098292958390228316373027243815896601306006207314163947000292163,1756259763,2025-08-27 01:56:03,0.5
bitcoin-up-or-down-august-28-8pm-et,DOWN,65291832103314098292958390228316373027243815896601306006207314163947000292163,1756259824,2025-08-27 01:57:04,0.5
bitcoin-up-or-down-august-28-8pm-et,DOWN,65291832103314098292958390228316373027243815896601306006207314163947000292163,1756259883,2025-08-27 01:58:03,0.5
bitcoin-up-or-down-august-28-8pm-et,DOWN,65291832103314098292958390228316373027243815896601306006207314163947000292163,1756259942,2025-08-27 01:59:02,0.5
bitcoin-up-or-down-august-28-8pm-et,DOWN,65291832103314098292958390228316373027243815896601306006207314163947000292163,1756260007,2025-08-27 02:00:07,0.5
bitcoin-up-or-down-august-28-8pm-et,DOWN,65291832103314098292958390228316373027243815896601306006207314163947000292163,1756260062,2025-08-27 02:01:02,0.5
bitcoin-up-or-down-august-28-8pm-et,DOWN,65291832103314098292958390228316373027243815896601306006207314163947000292163,1756260122,2025-08-27 02:02:02,0.5
bitcoin-up-or-down-august-28-8pm-et,DOWN,65291832103314098292958390228316373027243815896601306006207314163947000292163,1756260183,2025-08-27 02:03:03,0.5
bitcoin-up-or-down-august-28-8pm-et,DOWN,65291832103314098292958390228316373027243815896601306006207314163947000292163,1756260242,2025-08-27 02:04:02,0.5
bitcoin-up-or-down-august-28-8pm-et,DOWN,65291832103314098292958390228316373027243815896601306006207314163947000292163,1756260307,2025-08-27 02:05:07,0.5
bitcoin-up-or-down-august-28-8pm-et,DOWN,65291832103314098292958390228316373027243815896601306006207314163947000292163,1756260365,2025-08-27 02:06:05,0.5
bitcoin-up-or-down-august-28-8pm-et,DOWN,65291832103314098292958390228316373027243815896601306006207314163947000292163,1756260424,2025-08-27 02:07:04,0.5
bitcoin-up-or-down-august-28-8pm-et,DOWN,65291832103314098292958390228316373027243815896601306006207314163947000292163,1756260482,2025-08-27 02:08:02,0.5
bitcoin-up-or-down-august-28-8pm-et,DOWN,65291832103314098292958390228316373027243815896601306006207314163947000292163,1756260542,2025-08-27 02:09:02,0.5
bitcoin-up-or-down-august-28-8pm-et,DOWN,65291832103314098292958390228316373027243815896601306006207314163947000292163,1756260602,2025-08-27 02:10:02,0.5
bitcoin-up-or-down-august-28-8pm-et,DOWN,65291832103314098292958390228316373027243815896601306006207314163947000292163,1756260664,2025-08-27 02:11:04,0.5
bitcoin-up-or-down-august-28-8pm-et,DOWN,65291832103314098292958390228316373027243815896601306006207314163947000292163,1756260723,2025-08-27 02:12:03,0.5
bitcoin-up-or-down-august-28-8pm-et,DOWN,65291832103314098292958390228316373027243815896601306006207314163947000292163,1756260782,2025-08-27 02:13:02,0.5
bitcoin-up-or-down-august-28-8pm-et,DOWN,65291832103314098292958390228316373027243815896601306006207314163947000292163,1756260843,2025-08-27 02:14:03,0.5
bitcoin-up-or-down-august-28-8pm-et,DOWN,65291832103314098292958390228316373027243815896601306006207314163947000292163,1756260903,2025-08-27 02:15:03,0.5
bitcoin-up-or-down-august-28-8pm-et,DOWN,65291832103314098292958390228316373027243815896601306006207314163947000292163,1756260963,2025-08-27 02:16:03,0.5
bitcoin-up-or-down-august-28-8pm-et,DOWN,65291832103314098292958390228316373027243815896601306006207314163947000292163,1756261022,2025-08-27 02:17:02,0.5
bitcoin-up-or-down-august-28-8pm-et,DOWN,65291832103314098292958390228316373027243815896601306006207314163947000292163,1756261083,2025-08-27 02:18:03,0.5
bitcoin-up-or-down-august-28-8pm-et,DOWN,65291832103314098292958390228316373027243815896601306006207314163947000292163,1756261143,2025-08-27 02:19:03,0.5
bitcoin-up-or-down-august-28-8pm-et,DOWN,65291832103314098292958390228316373027243815896601306006207314163947000292163,1756261208,2025-08-27 02:20:08,0.5
bitcoin-up-or-down-august-28-8pm-et,DOWN,65291832103314098292958390228316373027243815896601306006207314163947000292163,1756261263,2025-08-27 02:21:03,0.5
bitcoin-up-or-down-august-28-8pm-et,DOWN,65291832103314098292958390228316373027243815896601306006207314163947000292163,1756261322,2025-08-27 02:22:02,0.5
bitcoin-up-or-down-august-28-8pm-et,DOWN,65291832103314098292958390228316373027243815896601306006207314163947000292163,1756261383,2025-08-27 02:23:03,0.5
bitcoin-up-or-down-august-28-8pm-et,DOWN,65291832103314098292958390228316373027243815896601306006207314163947000292163,1756261443,2025-08-27 02:24:03,0.5
bitcoin-up-or-down-august-28-8pm-et,DOWN,65291832103314098292958390228316373027243815896601306006207314163947000292163,1756261512,2025-08-27 02:25:12,0.5
bitcoin-up-or-down-august-28-8pm-et,DOWN,65291832103314098292958390228316373027243815896601306006207314163947000292163,1756261563,2025-08-27 02:26:03,0.5
bitcoin-up-or-down-august-28-8pm-et,DOWN,65291832103314098292958390228316373027243815896601306006207314163947000292163,1756261623,2025-08-27 02:27:03,0.5
bitcoin-up-or-down-august-28-8pm-et,DOWN,65291832103314098292958390228316373027243815896601306006207314163947000292163,1756261683,2025-08-27 02:28:03,0.5
bitcoin-up-or-down-august-28-8pm-et,DOWN,65291832103314098292958390228316373027243815896601306006207314163947000292163,1756261743,2025-08-27 02:29:03,0.5
bitcoin-up-or-down-august-28-8pm-et,DOWN,65291832103314098292958390228316373027243815896601306006207314163947000292163,1756261811,2025-08-27 02:30:11,0.5
bitcoin-up-or-down-august-28-8pm-et,DOWN,65291832103314098292958390228316373027243815896601306006207314163947000292163,1756261863,2025-08-27 02:31:03,0.5
bitcoin-up-or-down-august-28-8pm-et,DOWN,65291832103314098292958390228316373027243815896601306006207314163947000292163,1756261924,2025-08-27 02:32:04,0.5
bitcoin-up-or-down-august-28-8pm-et,DOWN,65291832103314098292958390228316373027243815896601306006207314163947000292163,1756261983,2025-08-27 02:33:03,0.5
bitcoin-up-or-down-august-28-8pm-et,DOWN,65291832103314098292958390228316373027243815896601306006207314163947000292163,1756262043,2025-08-27 02:34:03,0.5
bitcoin-up-or-down-august-28-8pm-et,DOWN,65291832103314098292958390228316373027243815896601306006207314163947000292163,1756262102,2025-08-27 02:35:02,0.5
bitcoin-up-or-down-august-28-8pm-et,DOWN,65291832103314098292958390228316373027243815896601306006207314163947000292163,1756262163,2025-08-27 02:36:03,0.5
bitcoin-up-or-down-august-28-8pm-et,DOWN,65291832103314098292958390228316373027243815896601306006207314163947000292163,1756262222,2025-08-27 02:37:02,0.5
bitcoin-up-or-down-august-28-8pm-et,DOWN,65291832103314098292958390228316373027243815896601306006207314163947000292163,1756262282,2025-08-27 02:38:02,0.5
bitcoin-up-or-down-august-28-8pm-et,DOWN,65291832103314098292958390228316373027243815896601306006207314163947000292163,1756262343,2025-08-27 02:39:03,0.5
bitcoin-up-or-down-august-28-8pm-et,DOWN,65291832103314098292958390228316373027243815896601306006207314163947000292163,1756262411,2025-08-27 02:40:11,0.5
bitcoin-up-or-down-august-28-8pm-et,DOWN,65291832103314098292958390228316373027243815896601306006207314163947000292163,1756262465,2025-08-27 02:41:05,0.5
bitcoin-up-or-down-august-28-8pm-et,DOWN,65291832103314098292958390228316373027243815896601306006207314163947000292163,1756262522,2025-08-27 02:42:02,0.5
bitcoin-up-or-down-august-28-8pm-et,DOWN,65291832103314098292958390228316373027243815896601306006207314163947000292163,1756262583,2025-08-27 02:43:03,0.5
bitcoin-up-or-down-august-28-8pm-et,DOWN,65291832103314098292958390228316373027243815896601306006207314163947000292163,1756262642,2025-08-27 02:44:02,0.5
bitcoin-up-or-down-august-28-8pm-et,DOWN,65291832103314098292958390228316373027243815896601306006207314163947000292163,1756262707,2025-08-27 02:45:07,0.5
bitcoin-up-or-down-august-28-8pm-et,DOWN,65291832103314098292958390228316373027243815896601306006207314163947000292163,1756262762,2025-08-27 02:46:02,0.5
bitcoin-up-or-down-august-28-8pm-et,DOWN,65291832103314098292958390228316373027243815896601306006207314163947000292163,1756262823,2025-08-27 02:47:03,0.5
bitcoin-up-or-down-august-28-8pm-et,DOWN,65291832103314098292958390228316373027243815896601306006207314163947000292163,1756262883,2025-08-27 02:48:03,0.5
bitcoin-up-or-down-august-28-8pm-et,DOWN,65291832103314098292958390228316373027243815896601306006207314163947000292163,1756262943,2025-08-27 02:49:03,0.5
bitcoin-up-or-down-august-28-8pm-et,DOWN,65291832103314098292958390228316373027243815896601306006207314163947000292163,1756263002,2025-08-27 02:50:02,0.5
bitcoin-up-or-down-august-28-8pm-et,DOWN,65291832103314098292958390228316373027243815896601306006207314163947000292163,1756263065,2025-08-27 02:51:05,0.5
bitcoin-up-or-down-august-28-8pm-et,DOWN,65291832103314098292958390228316373027243815896601306006207314163947000292163,1756263122,2025-08-27 02:52:02,0.5
bitcoin-up-or-down-august-28-8pm-et,DOWN,65291832103314098292958390228316373027243815896601306006207314163947000292163,1756263182,2025-08-27 02:53:02,0.5
bitcoin-up-or-down-august-28-8pm-et,DOWN,65291832103314098292958390228316373027243815896601306006207314163947000292163,1756263242,2025-08-27 02:54:02,0.5
bitcoin-up-or-down-august-28-8pm-et,DOWN,65291832103314098292958390228316373027243815896601306006207314163947000292163,1756263310,2025-08-27 02:55:10,0.5
bitcoin-up-or-down-august-28-8pm-et,DOWN,65291832103314098292958390228316373027243815896601306006207314163947000292163,1756263365,2025-08-27 02:56:05,0.5
bitcoin-up-or-down-august-28-8pm-et,DOWN,65291832103314098292958390228316373027243815896601306006207314163947000292163,1756263423,2025-08-27 02:57:03,0.5
bitcoin-up-or-down-august-28-8pm-et,DOWN,65291832103314098292958390228316373027243815896601306006207314163947000292163,1756263482,2025-08-27 02:58:02,0.5
bitcoin-up-or-down-august-28-8pm-et,DOWN,65291832103314098292958390228316373027243815896601306006207314163947000292163,1756263542,2025-08-27 02:59:02,0.5
bitcoin-up-or-down-august-28-8pm-et,DOWN,65291832103314098292958390228316373027243815896601306006207314163947000292163,1756263614,2025-08-27 03:00:14,0.5
bitcoin-up-or-down-august-28-8pm-et,DOWN,65291832103314098292958390228316373027243815896601306006207314163947000292163,1756263663,2025-08-27 03:01:03,0.5
bitcoin-up-or-down-august-28-8pm-et,DOWN,65291832103314098292958390228316373027243815896601306006207314163947000292163,1756263722,2025-08-27 03:02:02,0.5
bitcoin-up-or-down-august-28-8pm-et,DOWN,65291832103314098292958390228316373027243815896601306006207314163947000292163,1756263782,2025-08-27 03:03:02,0.5
bitcoin-up-or-down-august-28-8pm-et,DOWN,65291832103314098292958390228316373027243815896601306006207314163947000292163,1756263842,2025-08-27 03:04:02,0.5
bitcoin-up-or-down-august-28-8pm-et,DOWN,65291832103314098292958390228316373027243815896601306006207314163947000292163,1756263906,2025-08-27 03:05:06,0.5
bitcoin-up-or-down-august-28-8pm-et,DOWN,65291832103314098292958390228316373027243815896601306006207314163947000292163,1756263964,2025-08-27 03:06:04,0.5
bitcoin-up-or-down-august-28-8pm-et,DOWN,65291832103314098292958390228316373027243815896601306006207314163947000292163,1756264022,2025-08-27 03:07:02,0.5
bitcoin-up-or-down-august-28-8pm-et,DOWN,65291832103314098292958390228316373027243815896601306006207314163947000292163,1756264082,2025-08-27 03:08:02,0.5
bitcoin-up-or-down-august-28-8pm-et,DOWN,65291832103314098292958390228316373027243815896601306006207314163947000292163,1756264142,2025-08-27 03:09:02,0.5
bitcoin-up-or-down-august-28-8pm-et,DOWN,65291832103314098292958390228316373027243815896601306006207314163947000292163,1756264214,2025-08-27 03:10:14,0.5
bitcoin-up-or-down-august-28-8pm-et,DOWN,65291832103314098292958390228316373027243815896601306006207314163947000292163,1756264262,2025-08-27 03:11:02,0.5
bitcoin-up-or-down-august-28-8pm-et,DOWN,65291832103314098292958390228316373027243815896601306006207314163947000292163,1756264324,2025-08-27 03:12:04,0.5
bitcoin-up-or-down-august-28-8pm-et,DOWN,65291832103314098292958390228316373027243815896601306006207314163947000292163,1756264382,2025-08-27 03:13:02,0.5
bitcoin-up-or-down-august-28-8pm-et,DOWN,65291832103314098292958390228316373027243815896601306006207314163947000292163,1756264443,2025-08-27 03:14:03,0.5
bitcoin-up-or-down-august-28-8pm-et,DOWN,65291832103314098292958390228316373027243815896601306006207314163947000292163,1756264506,2025-08-27 03:15:06,0.5
bitcoin-up-or-down-august-28-8pm-et,DOWN,65291832103314098292958390228316373027243815896601306006207314163947000292163,1756264563,2025-08-27 03:16:03,0.5
bitcoin-up-or-down-august-28-8pm-et,DOWN,65291832103314098292958390228316373027243815896601306006207314163947000292163,1756264622,2025-08-27 03:17:02,0.5
bitcoin-up-or-down-august-28-8pm-et,DOWN,65291832103314098292958390228316373027243815896601306006207314163947000292163,1756264683,2025-08-27 03:18:03,0.5
bitcoin-up-or-down-august-28-8pm-et,DOWN,65291832103314098292958390228316373027243815896601306006207314163947000292163,1756264743,2025-08-27 03:19:03,0.5
bitcoin-up-or-down-august-28-8pm-et,DOWN,65291832103314098292958390228316373027243815896601306006207314163947000292163,1756264802,2025-08-27 03:20:02,0.5
bitcoin-up-or-down-august-28-8pm-et,DOWN,65291832103314098292958390228316373027243815896601306006207314163947000292163,1756264863,2025-08-27 03:21:03,0.5
bitcoin-up-or-down-august-28-8pm-et,DOWN,65291832103314098292958390228316373027243815896601306006207314163947000292163,1756264923,2025-08-27 03:22:03,0.5
bitcoin-up-or-down-august-28-8pm-et,DOWN,65291832103314098292958390228316373027243815896601306006207314163947000292163,1756264983,2025-08-27 03:23:03,0.5
bitcoin-up-or-down-august-28-8pm-et,DOWN,65291832103314098292958390228316373027243815896601306006207314163947000292163,1756265043,2025-08-27 03:24:03,0.5
bitcoin-up-or-down-august-28-8pm-et,DOWN,65291832103314098292958390228316373027243815896601306006207314163947000292163,1756265104,2025-08-27 03:25:04,0.5
bitcoin-up-or-down-august-28-8pm-et,DOWN,65291832103314098292958390228316373027243815896601306006207314163947000292163,1756265162,2025-08-27 03:26:02,0.5
bitcoin-up-or-down-august-28-8pm-et,DOWN,65291832103314098292958390228316373027243815896601306006207314163947000292163,1756265223,2025-08-27 03:27:03,0.5
bitcoin-up-or-down-august-28-8pm-et,DOWN,65291832103314098292958390228316373027243815896601306006207314163947000292163,1756265283,2025-08-27 03:28:03,0.5
bitcoin-up-or-down-august-28-8pm-et,DOWN,65291832103314098292958390228316373027243815896601306006207314163947000292163,1756265343,2025-08-27 03:29:03,0.5
bitcoin-up-or-down-august-28-8pm-et,DOWN,65291832103314098292958390228316373027243815896601306006207314163947000292163,1756265405,2025-08-27 03:30:05,0.5
bitcoin-up-or-down-august-28-8pm-et,DOWN,65291832103314098292958390228316373027243815896601306006207314163947000292163,1756265462,2025-08-27 03:31:02,0.5
bitcoin-up-or-down-august-28-8pm-et,DOWN,65291832103314098292958390228316373027243815896601306006207314163947000292163,1756265522,2025-08-27 03:32:02,0.5
bitcoin-up-or-down-august-28-8pm-et,DOWN,65291832103314098292958390228316373027243815896601306006207314163947000292163,1756265582,2025-08-27 03:33:02,0.5
bitcoin-up-or-down-august-28-8pm-et,DOWN,65291832103314098292958390228316373027243815896601306006207314163947000292163,1756265643,2025-08-27 03:34:03,0.5
bitcoin-up-or-down-august-28-8pm-et,DOWN,65291832103314098292958390228316373027243815896601306006207314163947000292163,1756265704,2025-08-27 03:35:04,0.5
bitcoin-up-or-down-august-28-8pm-et,DOWN,65291832103314098292958390228316373027243815896601306006207314163947000292163,1756265764,2025-08-27 03:36:04,0.5
bitcoin-up-or-down-august-28-8pm-et,DOWN,65291832103314098292958390228316373027243815896601306006207314163947000292163,1756265823,2025-08-27 03:37:03,0.5
bitcoin-up-or-down-august-28-8pm-et,DOWN,65291832103314098292958390228316373027243815896601306006207314163947000292163,1756265882,2025-08-27 03:38:02,0.5
bitcoin-up-or-down-august-28-8pm-et,DOWN,65291832103314098292958390228316373027243815896601306006207314163947000292163,1756265942,2025-08-27 03:39:02,0.5
bitcoin-up-or-down-august-28-8pm-et,DOWN,65291832103314098292958390228316373027243815896601306006207314163947000292163,1756266011,2025-08-27 03:40:11,0.5
bitcoin-up-or-down-august-28-8pm-et,DOWN,65291832103314098292958390228316373027243815896601306006207314163947000292163,1756266063,2025-08-27 03:41:03,0.5
bitcoin-up-or-down-august-28-8pm-et,DOWN,65291832103314098292958390228316373027243815896601306006207314163947000292163,1756266122,2025-08-27 03:42:02,0.5
bitcoin-up-or-down-august-28-8pm-et,DOWN,65291832103314098292958390228316373027243815896601306006207314163947000292163,1756266183,2025-08-27 03:43:03,0.5
bitcoin-up-or-down-august-28-8pm-et,DOWN,65291832103314098292958390228316373027243815896601306006207314163947000292163,1756266244,2025-08-27 03:44:04,0.5
bitcoin-up-or-down-august-28-8pm-et,DOWN,65291832103314098292958390228316373027243815896601306006207314163947000292163,1756266315,2025-08-27 03:45:15,0.5
bitcoin-up-or-down-august-28-8pm-et,DOWN,65291832103314098292958390228316373027243815896601306006207314163947000292163,1756266363,2025-08-27 03:46:03,0.5
bitcoin-up-or-down-august-28-8pm-et,DOWN,65291832103314098292958390228316373027243815896601306006207314163947000292163,1756266423,2025-08-27 03:47:03,0.5
bitcoin-up-or-down-august-28-8pm-et,DOWN,65291832103314098292958390228316373027243815896601306006207314163947000292163,1756266483,2025-08-27 03:48:03,0.5
bitcoin-up-or-down-august-28-8pm-et,DOWN,65291832103314098292958390228316373027243815896601306006207314163947000292163,1756266544,2025-08-27 03:49:04,0.5
bitcoin-up-or-down-august-28-8pm-et,DOWN,65291832103314098292958390228316373027243815896601306006207314163947000292163,1756266603,2025-08-27 03:50:03,0.5
bitcoin-up-or-down-august-28-8pm-et,DOWN,65291832103314098292958390228316373027243815896601306006207314163947000292163,1756266663,2025-08-27 03:51:03,0.5
bitcoin-up-or-down-august-28-8pm-et,DOWN,65291832103314098292958390228316373027243815896601306006207314163947000292163,1756266722,2025-08-27 03:52:02,0.5
bitcoin-up-or-down-august-28-8pm-et,DOWN,65291832103314098292958390228316373027243815896601306006207314163947000292163,1756266783,2025-08-27 03:53:03,0.5
bitcoin-up-or-down-august-28-8pm-et,DOWN,65291832103314098292958390228316373027243815896601306006207314163947000292163,1756266842,2025-08-27 03:54:02,0.5
bitcoin-up-or-down-august-28-8pm-et,DOWN,65291832103314098292958390228316373027243815896601306006207314163947000292163,1756266902,2025-08-27 03:55:02,0.5
bitcoin-up-or-down-august-28-8pm-et,DOWN,65291832103314098292958390228316373027243815896601306006207314163947000292163,1756266962,2025-08-27 03:56:02,0.5
bitcoin-up-or-down-august-28-8pm-et,DOWN,65291832103314098292958390228316373027243815896601306006207314163947000292163,1756267022,2025-08-27 03:57:02,0.5
bitcoin-up-or-down-august-28-8pm-et,DOWN,65291832103314098292958390228316373027243815896601306006207314163947000292163,1756267082,2025-08-27 03:58:02,0.5
bitcoin-up-or-down-august-28-8pm-et,DOWN,65291832103314098292958390228316373027243815896601306006207314163947000292163,1756267142,2025-08-27 03:59:02,0.5
bitcoin-up-or-down-august-28-8pm-et,DOWN,65291832103314098292958390228316373027243815896601306006207314163947000292163,1756267218,2025-08-27 04:00:18,0.5
bitcoin-up-or-down-august-28-8pm-et,DOWN,65291832103314098292958390228316373027243815896601306006207314163947000292163,1756267264,2025-08-27 04:01:04,0.5
bitcoin-up-or-down-august-28-8pm-et,DOWN,65291832103314098292958390228316373027243815896601306006207314163947000292163,1756267323,2025-08-27 04:02:03,0.5
bitcoin-up-or-down-august-28-8pm-et,DOWN,65291832103314098292958390228316373027243815896601306006207314163947000292163,1756267383,2025-08-27 04:03:03,0.5
bitcoin-up-or-down-august-28-8pm-et,DOWN,65291832103314098292958390228316373027243815896601306006207314163947000292163,1756267442,2025-08-27 04:04:02,0.5
bitcoin-up-or-down-august-28-8pm-et,DOWN,65291832103314098292958390228316373027243815896601306006207314163947000292163,1756267514,2025-08-27 04:05:14,0.5
bitcoin-up-or-down-august-28-8pm-et,DOWN,65291832103314098292958390228316373027243815896601306006207314163947000292163,1756267564,2025-08-27 04:06:04,0.5
bitcoin-up-or-down-august-28-8pm-et,DOWN,65291832103314098292958390228316373027243815896601306006207314163947000292163,1756267623,2025-08-27 04:07:03,0.5
bitcoin-up-or-down-august-28-8pm-et,DOWN,65291832103314098292958390228316373027243815896601306006207314163947000292163,1756267682,2025-08-27 04:08:02,0.5
bitcoin-up-or-down-august-28-8pm-et,DOWN,65291832103314098292958390228316373027243815896601306006207314163947000292163,1756267742,2025-08-27 04:09:02,0.5
bitcoin-up-or-down-august-28-8pm-et,DOWN,65291832103314098292958390228316373027243815896601306006207314163947000292163,1756267811,2025-08-27 04:10:11,0.5
bitcoin-up-or-down-august-28-8pm-et,DOWN,65291832103314098292958390228316373027243815896601306006207314163947000292163,1756267863,2025-08-27 04:11:03,0.5
bitcoin-up-or-down-august-28-8pm-et,DOWN,65291832103314098292958390228316373027243815896601306006207314163947000292163,1756267922,2025-08-27 04:12:02,0.5
bitcoin-up-or-down-august-28-8pm-et,DOWN,65291832103314098292958390228316373027243815896601306006207314163947000292163,1756267983,2025-08-27 04:13:03,0.5
bitcoin-up-or-down-august-28-8pm-et,DOWN,65291832103314098292958390228316373027243815896601306006207314163947000292163,1756268042,2025-08-27 04:14:02,0.5
bitcoin-up-or-down-august-28-8pm-et,DOWN,65291832103314098292958390228316373027243815896601306006207314163947000292163,1756268108,2025-08-27 04:15:08,0.5
bitcoin-up-or-down-august-28-8pm-et,DOWN,65291832103314098292958390228316373027243815896601306006207314163947000292163,1756268162,2025-08-27 04:16:02,0.5
bitcoin-up-or-down-august-28-8pm-et,DOWN,65291832103314098292958390228316373027243815896601306006207314163947000292163,1756268222,2025-08-27 04:17:02,0.5
bitcoin-up-or-down-august-28-8pm-et,DOWN,65291832103314098292958390228316373027243815896601306006207314163947000292163,1756268283,2025-08-27 04:18:03,0.5
bitcoin-up-or-down-august-28-8pm-et,DOWN,65291832103314098292958390228316373027243815896601306006207314163947000292163,1756268343,2025-08-27 04:19:03,0.5
bitcoin-up-or-down-august-28-8pm-et,DOWN,65291832103314098292958390228316373027243815896601306006207314163947000292163,1756268416,2025-08-27 04:20:16,0.5
bitcoin-up-or-down-august-28-8pm-et,DOWN,65291832103314098292958390228316373027243815896601306006207314163947000292163,1756268463,2025-08-27 04:21:03,0.5
bitcoin-up-or-down-august-28-8pm-et,DOWN,65291832103314098292958390228316373027243815896601306006207314163947000292163,1756268522,2025-08-27 04:22:02,0.5
bitcoin-up-or-down-august-28-8pm-et,DOWN,65291832103314098292958390228316373027243815896601306006207314163947000292163,1756268583,2025-08-27 04:23:03,0.5
bitcoin-up-or-down-august-28-8pm-et,DOWN,65291832103314098292958390228316373027243815896601306006207314163947000292163,1756268643,2025-08-27 04:24:03,0.5
bitcoin-up-or-down-august-28-8pm-et,DOWN,65291832103314098292958390228316373027243815896601306006207314163947000292163,1756268710,2025-08-27 04:25:10,0.5
bitcoin-up-or-down-august-28-8pm-et,DOWN,65291832103314098292958390228316373027243815896601306006207314163947000292163,1756268762,2025-08-27 04:26:02,0.5
bitcoin-up-or-down-august-28-8pm-et,DOWN,65291832103314098292958390228316373027243815896601306006207314163947000292163,1756268823,2025-08-27 04:27:03,0.5
bitcoin-up-or-down-august-28-8pm-et,DOWN,65291832103314098292958390228316373027243815896601306006207314163947000292163,1756268882,2025-08-27 04:28:02,0.5
bitcoin-up-or-down-august-28-8pm-et,DOWN,65291832103314098292958390228316373027243815896601306006207314163947000292163,1756268943,2025-08-27 04:29:03,0.5
bitcoin-up-or-down-august-28-8pm-et,DOWN,65291832103314098292958390228316373027243815896601306006207314163947000292163,1756269009,2025-08-27 04:30:09,0.5
bitcoin-up-or-down-august-28-8pm-et,DOWN,65291832103314098292958390228316373027243815896601306006207314163947000292163,1756269063,2025-08-27 04:31:03,0.5
bitcoin-up-or-down-august-28-8pm-et,DOWN,65291832103314098292958390228316373027243815896601306006207314163947000292163,1756269122,2025-08-27 04:32:02,0.5
bitcoin-up-or-down-august-28-8pm-et,DOWN,65291832103314098292958390228316373027243815896601306006207314163947000292163,1756269184,2025-08-27 04:33:04,0.5
bitcoin-up-or-down-august-28-8pm-et,DOWN,65291832103314098292958390228316373027243815896601306006207314163947000292163,1756269243,2025-08-27 04:34:03,0.5
bitcoin-up-or-down-august-28-8pm-et,DOWN,65291832103314098292958390228316373027243815896601306006207314163947000292163,1756269303,2025-08-27 04:35:03,0.5
bitcoin-up-or-down-august-28-8pm-et,DOWN,65291832103314098292958390228316373027243815896601306006207314163947000292163,1756269362,2025-08-27 04:36:02,0.5
bitcoin-up-or-down-august-28-8pm-et,DOWN,65291832103314098292958390228316373027243815896601306006207314163947000292163,1756269422,2025-08-27 04:37:02,0.5
bitcoin-up-or-down-august-28-8pm-et,DOWN,65291832103314098292958390228316373027243815896601306006207314163947000292163,1756269483,2025-08-27 04:38:03,0.5
bitcoin-up-or-down-august-28-8pm-et,DOWN,65291832103314098292958390228316373027243815896601306006207314163947000292163,1756269542,2025-08-27 04:39:02,0.5
bitcoin-up-or-down-august-28-8pm-et,DOWN,65291832103314098292958390228316373027243815896601306006207314163947000292163,1756269604,2025-08-27 04:40:04,0.5
bitcoin-up-or-down-august-28-8pm-et,DOWN,65291832103314098292958390228316373027243815896601306006207314163947000292163,1756269662,2025-08-27 04:41:02,0.5
bitcoin-up-or-down-august-28-8pm-et,DOWN,65291832103314098292958390228316373027243815896601306006207314163947000292163,1756269722,2025-08-27 04:42:02,0.5
bitcoin-up-or-down-august-28-8pm-et,DOWN,65291832103314098292958390228316373027243815896601306006207314163947000292163,1756269782,2025-08-27 04:43:02,0.5
bitcoin-up-or-down-august-28-8pm-et,DOWN,65291832103314098292958390228316373027243815896601306006207314163947000292163,1756269843,2025-08-27 04:44:03,0.5
bitcoin-up-or-down-august-28-8pm-et,DOWN,65291832103314098292958390228316373027243815896601306006207314163947000292163,1756269903,2025-08-27 04:45:03,0.5
bitcoin-up-or-down-august-28-8pm-et,DOWN,65291832103314098292958390228316373027243815896601306006207314163947000292163,1756269963,2025-08-27 04:46:03,0.5
bitcoin-up-or-down-august-28-8pm-et,DOWN,65291832103314098292958390228316373027243815896601306006207314163947000292163,1756270023,2025-08-27 04:47:03,0.5
bitcoin-up-or-down-august-28-8pm-et,DOWN,65291832103314098292958390228316373027243815896601306006207314163947000292163,1756270083,2025-08-27 04:48:03,0.5
bitcoin-up-or-down-august-28-8pm-et,DOWN,65291832103314098292958390228316373027243815896601306006207314163947000292163,1756270144,2025-08-27 04:49:04,0.5
bitcoin-up-or-down-august-28-8pm-et,DOWN,65291832103314098292958390228316373027243815896601306006207314163947000292163,1756270207,2025-08-27 04:50:07,0.5
bitcoin-up-or-down-august-28-8pm-et,DOWN,65291832103314098292958390228316373027243815896601306006207314163947000292163,1756270263,2025-08-27 04:51:03,0.5
bitcoin-up-or-down-august-28-8pm-et,DOWN,65291832103314098292958390228316373027243815896601306006207314163947000292163,1756270323,2025-08-27 04:52:03,0.5
bitcoin-up-or-down-august-28-8pm-et,DOWN,65291832103314098292958390228316373027243815896601306006207314163947000292163,1756270382,2025-08-27 04:53:02,0.5
bitcoin-up-or-down-august-28-8pm-et,DOWN,65291832103314098292958390228316373027243815896601306006207314163947000292163,1756270444,2025-08-27 04:54:04,0.5
bitcoin-up-or-down-august-28-8pm-et,DOWN,65291832103314098292958390228316373027243815896601306006207314163947000292163,1756270502,2025-08-27 04:55:02,0.5
bitcoin-up-or-down-august-28-8pm-et,DOWN,65291832103314098292958390228316373027243815896601306006207314163947000292163,1756270562,2025-08-27 04:56:02,0.5
bitcoin-up-or-down-august-28-8pm-et,DOWN,65291832103314098292958390228316373027243815896601306006207314163947000292163,1756270623,2025-08-27 04:57:03,0.5
bitcoin-up-or-down-august-28-8pm-et,DOWN,65291832103314098292958390228316373027243815896601306006207314163947000292163,1756270683,2025-08-27 04:58:03,0.5
bitcoin-up-or-down-august-28-8pm-et,DOWN,65291832103314098292958390228316373027243815896601306006207314163947000292163,1756270743,2025-08-27 04:59:03,0.5
bitcoin-up-or-down-august-28-8pm-et,DOWN,65291832103314098292958390228316373027243815896601306006207314163947000292163,1756270810,2025-08-27 05:00:10,0.5
bitcoin-up-or-down-august-28-8pm-et,DOWN,65291832103314098292958390228316373027243815896601306006207314163947000292163,1756270863,2025-08-27 05:01:03,0.5
bitcoin-up-or-down-august-28-8pm-et,DOWN,65291832103314098292958390228316373027243815896601306006207314163947000292163,1756270922,2025-08-27 05:02:02,0.5
bitcoin-up-or-down-august-28-8pm-et,DOWN,65291832103314098292958390228316373027243815896601306006207314163947000292163,1756270983,2025-08-27 05:03:03,0.5
bitcoin-up-or-down-august-28-8pm-et,DOWN,65291832103314098292958390228316373027243815896601306006207314163947000292163,1756271042,2025-08-27 05:04:02,0.5
bitcoin-up-or-down-august-28-8pm-et,DOWN,65291832103314098292958390228316373027243815896601306006207314163947000292163,1756271111,2025-08-27 05:05:11,0.5
bitcoin-up-or-down-august-28-8pm-et,DOWN,65291832103314098292958390228316373027243815896601306006207314163947000292163,1756271162,2025-08-27 05:06:02,0.5
bitcoin-up-or-down-august-28-8pm-et,DOWN,65291832103314098292958390228316373027243815896601306006207314163947000292163,1756271222,2025-08-27 05:07:02,0.5
bitcoin-up-or-down-august-28-8pm-et,DOWN,65291832103314098292958390228316373027243815896601306006207314163947000292163,1756271283,2025-08-27 05:08:03,0.5
bitcoin-up-or-down-august-28-8pm-et,DOWN,65291832103314098292958390228316373027243815896601306006207314163947000292163,1756271342,2025-08-27 05:09:02,0.5
bitcoin-up-or-down-august-28-8pm-et,DOWN,65291832103314098292958390228316373027243815896601306006207314163947000292163,1756271413,2025-08-27 05:10:13,0.5
bitcoin-up-or-down-august-28-8pm-et,DOWN,65291832103314098292958390228316373027243815896601306006207314163947000292163,1756271463,2025-08-27 05:11:03,0.5
bitcoin-up-or-down-august-28-8pm-et,DOWN,65291832103314098292958390228316373027243815896601306006207314163947000292163,1756271523,2025-08-27 05:12:03,0.5
bitcoin-up-or-down-august-28-8pm-et,DOWN,65291832103314098292958390228316373027243815896601306006207314163947000292163,1756271582,2025-08-27 05:13:02,0.5
bitcoin-up-or-down-august-28-8pm-et,DOWN,65291832103314098292958390228316373027243815896601306006207314163947000292163,1756271644,2025-08-27 05:14:04,0.5
bitcoin-up-or-down-august-28-8pm-et,DOWN,65291832103314098292958390228316373027243815896601306006207314163947000292163,1756271713,2025-08-27 05:15:13,0.5
bitcoin-up-or-down-august-28-8pm-et,DOWN,65291832103314098292958390228316373027243815896601306006207314163947000292163,1756271762,2025-08-27 05:16:02,0.5
bitcoin-up-or-down-august-28-8pm-et,DOWN,65291832103314098292958390228316373027243815896601306006207314163947000292163,1756271822,2025-08-27 05:17:02,0.5
bitcoin-up-or-down-august-28-8pm-et,DOWN,65291832103314098292958390228316373027243815896601306006207314163947000292163,1756271882,2025-08-27 05:18:02,0.5
bitcoin-up-or-down-august-28-8pm-et,DOWN,65291832103314098292958390228316373027243815896601306006207314163947000292163,1756271942,2025-08-27 05:19:02,0.5
bitcoin-up-or-down-august-28-8pm-et,DOWN,65291832103314098292958390228316373027243815896601306006207314163947000292163,1756272012,2025-08-27 05:20:12,0.5
bitcoin-up-or-down-august-28-8pm-et,DOWN,65291832103314098292958390228316373027243815896601306006207314163947000292163,1756272062,2025-08-27 05:21:02,0.5
bitcoin-up-or-down-august-28-8pm-et,DOWN,65291832103314098292958390228316373027243815896601306006207314163947000292163,1756272122,2025-08-27 05:22:02,0.5
bitcoin-up-or-down-august-28-8pm-et,DOWN,65291832103314098292958390228316373027243815896601306006207314163947000292163,1756272183,2025-08-27 05:23:03,0.5
bitcoin-up-or-down-august-28-8pm-et,DOWN,65291832103314098292958390228316373027243815896601306006207314163947000292163,1756272242,2025-08-27 05:24:02,0.5
bitcoin-up-or-down-august-28-8pm-et,DOWN,65291832103314098292958390228316373027243815896601306006207314163947000292163,1756272306,2025-08-27 05:25:06,0.5
bitcoin-up-or-down-august-28-8pm-et,DOWN,65291832103314098292958390228316373027243815896601306006207314163947000292163,1756272365,2025-08-27 05:26:05,0.5
bitcoin-up-or-down-august-28-8pm-et,DOWN,65291832103314098292958390228316373027243815896601306006207314163947000292163,1756272422,2025-08-27 05:27:02,0.5
bitcoin-up-or-down-august-28-8pm-et,DOWN,65291832103314098292958390228316373027243815896601306006207314163947000292163,1756272484,2025-08-27 05:28:04,0.5
bitcoin-up-or-down-august-28-8pm-et,DOWN,65291832103314098292958390228316373027243815896601306006207314163947000292163,1756272543,2025-08-27 05:29:03,0.5
bitcoin-up-or-down-august-28-8pm-et,DOWN,65291832103314098292958390228316373027243815896601306006207314163947000292163,1756272614,2025-08-27 05:30:14,0.5
bitcoin-up-or-down-august-28-8pm-et,DOWN,65291832103314098292958390228316373027243815896601306006207314163947000292163,1756272662,2025-08-27 05:31:02,0.5
bitcoin-up-or-down-august-28-8pm-et,DOWN,65291832103314098292958390228316373027243815896601306006207314163947000292163,1756272722,2025-08-27 05:32:02,0.5
bitcoin-up-or-down-august-28-8pm-et,DOWN,65291832103314098292958390228316373027243815896601306006207314163947000292163,1756272783,2025-08-27 05:33:03,0.5
bitcoin-up-or-down-august-28-8pm-et,DOWN,65291832103314098292958390228316373027243815896601306006207314163947000292163,1756272842,2025-08-27 05:34:02,0.5
bitcoin-up-or-down-august-28-8pm-et,DOWN,65291832103314098292958390228316373027243815896601306006207314163947000292163,1756272914,2025-08-27 05:35:14,0.5
bitcoin-up-or-down-august-28-8pm-et,DOWN,65291832103314098292958390228316373027243815896601306006207314163947000292163,1756272965,2025-08-27 05:36:05,0.5
bitcoin-up-or-down-august-28-8pm-et,DOWN,65291832103314098292958390228316373027243815896601306006207314163947000292163,1756273022,2025-08-27 05:37:02,0.5
bitcoin-up-or-down-august-28-8pm-et,DOWN,65291832103314098292958390228316373027243815896601306006207314163947000292163,1756273083,2025-08-27 05:38:03,0.5
bitcoin-up-or-down-august-28-8pm-et,DOWN,65291832103314098292958390228316373027243815896601306006207314163947000292163,1756273142,2025-08-27 05:39:02,0.5
bitcoin-up-or-down-august-28-8pm-et,DOWN,65291832103314098292958390228316373027243815896601306006207314163947000292163,1756273212,2025-08-27 05:40:12,0.5
bitcoin-up-or-down-august-28-8pm-et,DOWN,65291832103314098292958390228316373027243815896601306006207314163947000292163,1756273265,2025-08-27 05:41:05,0.5
bitcoin-up-or-down-august-28-8pm-et,DOWN,65291832103314098292958390228316373027243815896601306006207314163947000292163,1756273324,2025-08-27 05:42:04,0.5
bitcoin-up-or-down-august-28-8pm-et,DOWN,65291832103314098292958390228316373027243815896601306006207314163947000292163,1756273382,2025-08-27 05:43:02,0.5
bitcoin-up-or-down-august-28-8pm-et,DOWN,65291832103314098292958390228316373027243815896601306006207314163947000292163,1756273443,2025-08-27 05:44:03,0.5
bitcoin-up-or-down-august-28-8pm-et,DOWN,65291832103314098292958390228316373027243815896601306006207314163947000292163,1756273507,2025-08-27 05:45:07,0.5
bitcoin-up-or-down-august-28-8pm-et,DOWN,65291832103314098292958390228316373027243815896601306006207314163947000292163,1756273563,2025-08-27 05:46:03,0.5
bitcoin-up-or-down-august-28-8pm-et,DOWN,65291832103314098292958390228316373027243815896601306006207314163947000292163,1756273623,2025-08-27 05:47:03,0.5
bitcoin-up-or-down-august-28-8pm-et,DOWN,65291832103314098292958390228316373027243815896601306006207314163947000292163,1756273683,2025-08-27 05:48:03,0.5
bitcoin-up-or-down-august-28-8pm-et,DOWN,65291832103314098292958390228316373027243815896601306006207314163947000292163,1756273742,2025-08-27 05:49:02,0.5
bitcoin-up-or-down-august-28-8pm-et,DOWN,65291832103314098292958390228316373027243815896601306006207314163947000292163,1756273812,2025-08-27 05:50:12,0.5
bitcoin-up-or-down-august-28-8pm-et,DOWN,65291832103314098292958390228316373027243815896601306006207314163947000292163,1756273862,2025-08-27 05:51:02,0.5
bitcoin-up-or-down-august-28-8pm-et,DOWN,65291832103314098292958390228316373027243815896601306006207314163947000292163,1756273923,2025-08-27 05:52:03,0.5
bitcoin-up-or-down-august-28-8pm-et,DOWN,65291832103314098292958390228316373027243815896601306006207314163947000292163,1756273982,2025-08-27 05:53:02,0.5
bitcoin-up-or-down-august-28-8pm-et,DOWN,65291832103314098292958390228316373027243815896601306006207314163947000292163,1756274043,2025-08-27 05:54:03,0.5
bitcoin-up-or-down-august-28-8pm-et,DOWN,65291832103314098292958390228316373027243815896601306006207314163947000292163,1756274104,2025-08-27 05:55:04,0.5
bitcoin-up-or-down-august-28-8pm-et,DOWN,65291832103314098292958390228316373027243815896601306006207314163947000292163,1756274162,2025-08-27 05:56:02,0.5
bitcoin-up-or-down-august-28-8pm-et,DOWN,65291832103314098292958390228316373027243815896601306006207314163947000292163,1756274222,2025-08-27 05:57:02,0.5
bitcoin-up-or-down-august-28-8pm-et,DOWN,65291832103314098292958390228316373027243815896601306006207314163947000292163,1756274282,2025-08-27 05:58:02,0.5
bitcoin-up-or-down-august-28-8pm-et,DOWN,65291832103314098292958390228316373027243815896601306006207314163947000292163,1756274343,2025-08-27 05:59:03,0.5
bitcoin-up-or-down-august-28-8pm-et,DOWN,65291832103314098292958390228316373027243815896601306006207314163947000292163,1756274407,2025-08-27 06:00:07,0.5
bitcoin-up-or-down-august-28-8pm-et,DOWN,65291832103314098292958390228316373027243815896601306006207314163947000292163,1756274463,2025-08-27 06:01:03,0.5
bitcoin-up-or-down-august-28-8pm-et,DOWN,65291832103314098292958390228316373027243815896601306006207314163947000292163,1756274524,2025-08-27 06:02:04,0.5
bitcoin-up-or-down-august-28-8pm-et,DOWN,65291832103314098292958390228316373027243815896601306006207314163947000292163,1756274582,2025-08-27 06:03:02,0.5
bitcoin-up-or-down-august-28-8pm-et,DOWN,65291832103314098292958390228316373027243815896601306006207314163947000292163,1756274642,2025-08-27 06:04:02,0.5
bitcoin-up-or-down-august-28-8pm-et,DOWN,65291832103314098292958390228316373027243815896601306006207314163947000292163,1756274714,2025-08-27 06:05:14,0.5
bitcoin-up-or-down-august-28-8pm-et,DOWN,65291832103314098292958390228316373027243815896601306006207314163947000292163,1756274762,2025-08-27 06:06:02,0.5
bitcoin-up-or-down-august-28-8pm-et,DOWN,65291832103314098292958390228316373027243815896601306006207314163947000292163,1756274823,2025-08-27 06:07:03,0.5
bitcoin-up-or-down-august-28-8pm-et,DOWN,65291832103314098292958390228316373027243815896601306006207314163947000292163,1756274884,2025-08-27 06:08:04,0.5
bitcoin-up-or-down-august-28-8pm-et,DOWN,65291832103314098292958390228316373027243815896601306006207314163947000292163,1756274942,2025-08-27 06:09:02,0.5
bitcoin-up-or-down-august-28-8pm-et,DOWN,65291832103314098292958390228316373027243815896601306006207314163947000292163,1756275015,2025-08-27 06:10:15,0.5
bitcoin-up-or-down-august-28-8pm-et,DOWN,65291832103314098292958390228316373027243815896601306006207314163947000292163,1756275062,2025-08-27 06:11:02,0.5
bitcoin-up-or-down-august-28-8pm-et,DOWN,65291832103314098292958390228316373027243815896601306006207314163947000292163,1756275123,2025-08-27 06:12:03,0.5
bitcoin-up-or-down-august-28-8pm-et,DOWN,65291832103314098292958390228316373027243815896601306006207314163947000292163,1756275183,2025-08-27 06:13:03,0.5
bitcoin-up-or-down-august-28-8pm-et,DOWN,65291832103314098292958390228316373027243815896601306006207314163947000292163,1756275243,2025-08-27 06:14:03,0.5
bitcoin-up-or-down-august-28-8pm-et,DOWN,65291832103314098292958390228316373027243815896601306006207314163947000292163,1756275302,2025-08-27 06:15:02,0.5
bitcoin-up-or-down-august-28-8pm-et,DOWN,65291832103314098292958390228316373027243815896601306006207314163947000292163,1756275363,2025-08-27 06:16:03,0.5
bitcoin-up-or-down-august-28-8pm-et,DOWN,65291832103314098292958390228316373027243815896601306006207314163947000292163,1756275422,2025-08-27 06:17:02,0.5
bitcoin-up-or-down-august-28-8pm-et,DOWN,65291832103314098292958390228316373027243815896601306006207314163947000292163,1756275482,2025-08-27 06:18:02,0.5
bitcoin-up-or-down-august-28-8pm-et,DOWN,65291832103314098292958390228316373027243815896601306006207314163947000292163,1756275544,2025-08-27 06:19:04,0.5
bitcoin-up-or-down-august-28-8pm-et,DOWN,65291832103314098292958390228316373027243815896601306006207314163947000292163,1756275614,2025-08-27 06:20:14,0.5
bitcoin-up-or-down-august-28-8pm-et,DOWN,65291832103314098292958390228316373027243815896601306006207314163947000292163,1756275662,2025-08-27 06:21:02,0.5
bitcoin-up-or-down-august-28-8pm-et,DOWN,65291832103314098292958390228316373027243815896601306006207314163947000292163,1756275723,2025-08-27 06:22:03,0.5
bitcoin-up-or-down-august-28-8pm-et,DOWN,65291832103314098292958390228316373027243815896601306006207314163947000292163,1756275783,2025-08-27 06:23:03,0.5
bitcoin-up-or-down-august-28-8pm-et,DOWN,65291832103314098292958390228316373027243815896601306006207314163947000292163,1756275843,2025-08-27 06:24:03,0.5
bitcoin-up-or-down-august-28-8pm-et,DOWN,65291832103314098292958390228316373027243815896601306006207314163947000292163,1756275912,2025-08-27 06:25:12,0.5
bitcoin-up-or-down-august-28-8pm-et,DOWN,65291832103314098292958390228316373027243815896601306006207314163947000292163,1756275963,2025-08-27 06:26:03,0.5
bitcoin-up-or-down-august-28-8pm-et,DOWN,65291832103314098292958390228316373027243815896601306006207314163947000292163,1756276023,2025-08-27 06:27:03,0.5
bitcoin-up-or-down-august-28-8pm-et,DOWN,65291832103314098292958390228316373027243815896601306006207314163947000292163,1756276082,2025-08-27 06:28:02,0.5
bitcoin-up-or-down-august-28-8pm-et,DOWN,65291832103314098292958390228316373027243815896601306006207314163947000292163,1756276143,2025-08-27 06:29:03,0.5
bitcoin-up-or-down-august-28-8pm-et,DOWN,65291832103314098292958390228316373027243815896601306006207314163947000292163,1756276210,2025-08-27 06:30:10,0.5
bitcoin-up-or-down-august-28-8pm-et,DOWN,65291832103314098292958390228316373027243815896601306006207314163947000292163,1756276263,2025-08-27 06:31:03,0.5
bitcoin-up-or-down-august-28-8pm-et,DOWN,65291832103314098292958390228316373027243815896601306006207314163947000292163,1756276323,2025-08-27 06:32:03,0.5
bitcoin-up-or-down-august-28-8pm-et,DOWN,65291832103314098292958390228316373027243815896601306006207314163947000292163,1756276382,2025-08-27 06:33:02,0.5
bitcoin-up-or-down-august-28-8pm-et,DOWN,65291832103314098292958390228316373027243815896601306006207314163947000292163,1756276448,2025-08-27 06:34:08,0.5
bitcoin-up-or-down-august-28-8pm-et,DOWN,65291832103314098292958390228316373027243815896601306006207314163947000292163,1756276502,2025-08-27 06:35:02,0.5
bitcoin-up-or-down-august-28-8pm-et,DOWN,65291832103314098292958390228316373027243815896601306006207314163947000292163,1756276562,2025-08-27 06:36:02,0.5
bitcoin-up-or-down-august-28-8pm-et,DOWN,65291832103314098292958390228316373027243815896601306006207314163947000292163,1756276622,2025-08-27 06:37:02,0.5
bitcoin-up-or-down-august-28-8pm-et,DOWN,65291832103314098292958390228316373027243815896601306006207314163947000292163,1756276682,2025-08-27 06:38:02,0.5
bitcoin-up-or-down-august-28-8pm-et,DOWN,65291832103314098292958390228316373027243815896601306006207314163947000292163,1756276744,2025-08-27 06:39:04,0.5
bitcoin-up-or-down-august-28-8pm-et,DOWN,65291832103314098292958390228316373027243815896601306006207314163947000292163,1756276802,2025-08-27 06:40:02,0.5
bitcoin-up-or-down-august-28-8pm-et,DOWN,65291832103314098292958390228316373027243815896601306006207314163947000292163,1756276863,2025-08-27 06:41:03,0.5
bitcoin-up-or-down-august-28-8pm-et,DOWN,65291832103314098292958390228316373027243815896601306006207314163947000292163,1756276923,2025-08-27 06:42:03,0.5
bitcoin-up-or-down-august-28-8pm-et,DOWN,65291832103314098292958390228316373027243815896601306006207314163947000292163,1756276983,2025-08-27 06:43:03,0.5
bitcoin-up-or-down-august-28-8pm-et,DOWN,65291832103314098292958390228316373027243815896601306006207314163947000292163,1756277051,2025-08-27 06:44:11,0.5
bitcoin-up-or-down-august-28-8pm-et,DOWN,65291832103314098292958390228316373027243815896601306006207314163947000292163,1756277103,2025-08-27 06:45:03,0.5
bitcoin-up-or-down-august-28-8pm-et,DOWN,65291832103314098292958390228316373027243815896601306006207314163947000292163,1756277163,2025-08-27 06:46:03,0.5
bitcoin-up-or-down-august-28-8pm-et,DOWN,65291832103314098292958390228316373027243815896601306006207314163947000292163,1756277224,2025-08-27 06:47:04,0.5
bitcoin-up-or-down-august-28-8pm-et,DOWN,65291832103314098292958390228316373027243815896601306006207314163947000292163,1756277282,2025-08-27 06:48:02,0.5
bitcoin-up-or-down-august-28-8pm-et,DOWN,65291832103314098292958390228316373027243815896601306006207314163947000292163,1756277352,2025-08-27 06:49:12,0.5
bitcoin-up-or-down-august-28-8pm-et,DOWN,65291832103314098292958390228316373027243815896601306006207314163947000292163,1756277405,2025-08-27 06:50:05,0.5
bitcoin-up-or-down-august-28-8pm-et,DOWN,65291832103314098292958390228316373027243815896601306006207314163947000292163,1756277463,2025-08-27 06:51:03,0.5
bitcoin-up-or-down-august-28-8pm-et,DOWN,65291832103314098292958390228316373027243815896601306006207314163947000292163,1756277523,2025-08-27 06:52:03,0.5
bitcoin-up-or-down-august-28-8pm-et,DOWN,65291832103314098292958390228316373027243815896601306006207314163947000292163,1756277583,2025-08-27 06:53:03,0.5
bitcoin-up-or-down-august-28-8pm-et,DOWN,65291832103314098292958390228316373027243815896601306006207314163947000292163,1756277643,2025-08-27 06:54:03,0.5
bitcoin-up-or-down-august-28-8pm-et,DOWN,65291832103314098292958390228316373027243815896601306006207314163947000292163,1756277703,2025-08-27 06:55:03,0.5
bitcoin-up-or-down-august-28-8pm-et,DOWN,65291832103314098292958390228316373027243815896601306006207314163947000292163,1756277762,2025-08-27 06:56:02,0.5
bitcoin-up-or-down-august-28-8pm-et,DOWN,65291832103314098292958390228316373027243815896601306006207314163947000292163,1756277824,2025-08-27 06:57:04,0.5
bitcoin-up-or-down-august-28-8pm-et,DOWN,65291832103314098292958390228316373027243815896601306006207314163947000292163,1756277883,2025-08-27 06:58:03,0.5
bitcoin-up-or-down-august-28-8pm-et,DOWN,65291832103314098292958390228316373027243815896601306006207314163947000292163,1756277947,2025-08-27 06:59:07,0.5
bitcoin-up-or-down-august-28-8pm-et,DOWN,65291832103314098292958390228316373027243815896601306006207314163947000292163,1756278015,2025-08-27 07:00:15,0.5
bitcoin-up-or-down-august-28-8pm-et,DOWN,65291832103314098292958390228316373027243815896601306006207314163947000292163,1756278062,2025-08-27 07:01:02,0.5
bitcoin-up-or-down-august-28-8pm-et,DOWN,65291832103314098292958390228316373027243815896601306006207314163947000292163,1756278122,2025-08-27 07:02:02,0.5
bitcoin-up-or-down-august-28-8pm-et,DOWN,65291832103314098292958390228316373027243815896601306006207314163947000292163,1756278183,2025-08-27 07:03:03,0.5
bitcoin-up-or-down-august-28-8pm-et,DOWN,65291832103314098292958390228316373027243815896601306006207314163947000292163,1756278243,2025-08-27 07:04:03,0.5
bitcoin-up-or-down-august-28-8pm-et,DOWN,65291832103314098292958390228316373027243815896601306006207314163947000292163,1756278314,2025-08-27 07:05:14,0.5
bitcoin-up-or-down-august-28-8pm-et,DOWN,65291832103314098292958390228316373027243815896601306006207314163947000292163,1756278362,2025-08-27 07:06:02,0.5
bitcoin-up-or-down-august-28-8pm-et,DOWN,65291832103314098292958390228316373027243815896601306006207314163947000292163,1756278423,2025-08-27 07:07:03,0.5
bitcoin-up-or-down-august-28-8pm-et,DOWN,65291832103314098292958390228316373027243815896601306006207314163947000292163,1756278482,2025-08-27 07:08:02,0.5
bitcoin-up-or-down-august-28-8pm-et,DOWN,65291832103314098292958390228316373027243815896601306006207314163947000292163,1756278543,2025-08-27 07:09:03,0.5
bitcoin-up-or-down-august-28-8pm-et,DOWN,65291832103314098292958390228316373027243815896601306006207314163947000292163,1756278605,2025-08-27 07:10:05,0.5
bitcoin-up-or-down-august-28-8pm-et,DOWN,65291832103314098292958390228316373027243815896601306006207314163947000292163,1756278664,2025-08-27 07:11:04,0.5
bitcoin-up-or-down-august-28-8pm-et,DOWN,65291832103314098292958390228316373027243815896601306006207314163947000292163,1756278723,2025-08-27 07:12:03,0.5
bitcoin-up-or-down-august-28-8pm-et,DOWN,65291832103314098292958390228316373027243815896601306006207314163947000292163,1756278782,2025-08-27 07:13:02,0.5
bitcoin-up-or-down-august-28-8pm-et,DOWN,65291832103314098292958390228316373027243815896601306006207314163947000292163,1756278843,2025-08-27 07:14:03,0.5
bitcoin-up-or-down-august-28-8pm-et,DOWN,65291832103314098292958390228316373027243815896601306006207314163947000292163,1756278911,2025-08-27 07:15:11,0.5
bitcoin-up-or-down-august-28-8pm-et,DOWN,65291832103314098292958390228316373027243815896601306006207314163947000292163,1756278965,2025-08-27 07:16:05,0.5
bitcoin-up-or-down-august-28-8pm-et,DOWN,65291832103314098292958390228316373027243815896601306006207314163947000292163,1756279022,2025-08-27 07:17:02,0.5
bitcoin-up-or-down-august-28-8pm-et,DOWN,65291832103314098292958390228316373027243815896601306006207314163947000292163,1756279084,2025-08-27 07:18:04,0.5
bitcoin-up-or-down-august-28-8pm-et,DOWN,65291832103314098292958390228316373027243815896601306006207314163947000292163,1756279143,2025-08-27 07:19:03,0.5
bitcoin-up-or-down-august-28-8pm-et,DOWN,65291832103314098292958390228316373027243815896601306006207314163947000292163,1756279202,2025-08-27 07:20:02,0.5
bitcoin-up-or-down-august-28-8pm-et,DOWN,65291832103314098292958390228316373027243815896601306006207314163947000292163,1756279264,2025-08-27 07:21:04,0.5
bitcoin-up-or-down-august-28-8pm-et,DOWN,65291832103314098292958390228316373027243815896601306006207314163947000292163,1756279323,2025-08-27 07:22:03,0.5
bitcoin-up-or-down-august-28-8pm-et,DOWN,65291832103314098292958390228316373027243815896601306006207314163947000292163,1756279382,2025-08-27 07:23:02,0.5
bitcoin-up-or-down-august-28-8pm-et,DOWN,65291832103314098292958390228316373027243815896601306006207314163947000292163,1756279444,2025-08-27 07:24:04,0.5
bitcoin-up-or-down-august-28-8pm-et,DOWN,65291832103314098292958390228316373027243815896601306006207314163947000292163,1756279505,2025-08-27 07:25:05,0.5
bitcoin-up-or-down-august-28-8pm-et,DOWN,65291832103314098292958390228316373027243815896601306006207314163947000292163,1756279565,2025-08-27 07:26:05,0.5
bitcoin-up-or-down-august-28-8pm-et,DOWN,65291832103314098292958390228316373027243815896601306006207314163947000292163,1756279622,2025-08-27 07:27:02,0.5
bitcoin-up-or-down-august-28-8pm-et,DOWN,65291832103314098292958390228316373027243815896601306006207314163947000292163,1756279682,2025-08-27 07:28:02,0.5
bitcoin-up-or-down-august-28-8pm-et,DOWN,65291832103314098292958390228316373027243815896601306006207314163947000292163,1756279743,2025-08-27 07:29:03,0.5
bitcoin-up-or-down-august-28-8pm-et,DOWN,65291832103314098292958390228316373027243815896601306006207314163947000292163,1756279810,2025-08-27 07:30:10,0.5
bitcoin-up-or-down-august-28-8pm-et,DOWN,65291832103314098292958390228316373027243815896601306006207314163947000292163,1756279863,2025-08-27 07:31:03,0.5
bitcoin-up-or-down-august-28-8pm-et,DOWN,65291832103314098292958390228316373027243815896601306006207314163947000292163,1756279923,2025-08-27 07:32:03,0.5
bitcoin-up-or-down-august-28-8pm-et,DOWN,65291832103314098292958390228316373027243815896601306006207314163947000292163,1756279984,2025-08-27 07:33:04,0.5
bitcoin-up-or-down-august-28-8pm-et,DOWN,65291832103314098292958390228316373027243815896601306006207314163947000292163,1756280044,2025-08-27 07:34:04,0.5
bitcoin-up-or-down-august-28-8pm-et,DOWN,65291832103314098292958390228316373027243815896601306006207314163947000292163,1756280104,2025-08-27 07:35:04,0.5
bitcoin-up-or-down-august-28-8pm-et,DOWN,65291832103314098292958390228316373027243815896601306006207314163947000292163,1756280165,2025-08-27 07:36:05,0.5
bitcoin-up-or-down-august-28-8pm-et,DOWN,65291832103314098292958390228316373027243815896601306006207314163947000292163,1756280222,2025-08-27 07:37:02,0.5
bitcoin-up-or-down-august-28-8pm-et,DOWN,65291832103314098292958390228316373027243815896601306006207314163947000292163,1756280283,2025-08-27 07:38:03,0.5
bitcoin-up-or-down-august-28-8pm-et,DOWN,65291832103314098292958390228316373027243815896601306006207314163947000292163,1756280343,2025-08-27 07:39:03,0.5
bitcoin-up-or-down-august-28-8pm-et,DOWN,65291832103314098292958390228316373027243815896601306006207314163947000292163,1756280413,2025-08-27 07:40:13,0.5
bitcoin-up-or-down-august-28-8pm-et,DOWN,65291832103314098292958390228316373027243815896601306006207314163947000292163,1756280463,2025-08-27 07:41:03,0.5
bitcoin-up-or-down-august-28-8pm-et,DOWN,65291832103314098292958390228316373027243815896601306006207314163947000292163,1756280522,2025-08-27 07:42:02,0.5
bitcoin-up-or-down-august-28-8pm-et,DOWN,65291832103314098292958390228316373027243815896601306006207314163947000292163,1756280582,2025-08-27 07:43:02,0.5
bitcoin-up-or-down-august-28-8pm-et,DOWN,65291832103314098292958390228316373027243815896601306006207314163947000292163,1756280642,2025-08-27 07:44:02,0.5
bitcoin-up-or-down-august-28-8pm-et,DOWN,65291832103314098292958390228316373027243815896601306006207314163947000292163,1756280706,2025-08-27 07:45:06,0.5
bitcoin-up-or-down-august-28-8pm-et,DOWN,65291832103314098292958390228316373027243815896601306006207314163947000292163,1756280762,2025-08-27 07:46:02,0.5
bitcoin-up-or-down-august-28-8pm-et,DOWN,65291832103314098292958390228316373027243815896601306006207314163947000292163,1756280823,2025-08-27 07:47:03,0.5
bitcoin-up-or-down-august-28-8pm-et,DOWN,65291832103314098292958390228316373027243815896601306006207314163947000292163,1756280883,2025-08-27 07:48:03,0.5
bitcoin-up-or-down-august-28-8pm-et,DOWN,65291832103314098292958390228316373027243815896601306006207314163947000292163,1756280942,2025-08-27 07:49:02,0.5
bitcoin-up-or-down-august-28-8pm-et,DOWN,65291832103314098292958390228316373027243815896601306006207314163947000292163,1756281014,2025-08-27 07:50:14,0.5
bitcoin-up-or-down-august-28-8pm-et,DOWN,65291832103314098292958390228316373027243815896601306006207314163947000292163,1756281063,2025-08-27 07:51:03,0.5
bitcoin-up-or-down-august-28-8pm-et,DOWN,65291832103314098292958390228316373027243815896601306006207314163947000292163,1756281122,2025-08-27 07:52:02,0.5
bitcoin-up-or-down-august-28-8pm-et,DOWN,65291832103314098292958390228316373027243815896601306006207314163947000292163,1756281183,2025-08-27 07:53:03,0.5
bitcoin-up-or-down-august-28-8pm-et,DOWN,65291832103314098292958390228316373027243815896601306006207314163947000292163,1756281243,2025-08-27 07:54:03,0.5
bitcoin-up-or-down-august-28-8pm-et,DOWN,65291832103314098292958390228316373027243815896601306006207314163947000292163,1756281308,2025-08-27 07:55:08,0.5
bitcoin-up-or-down-august-28-8pm-et,DOWN,65291832103314098292958390228316373027243815896601306006207314163947000292163,1756281362,2025-08-27 07:56:02,0.5
bitcoin-up-or-down-august-28-8pm-et,DOWN,65291832103314098292958390228316373027243815896601306006207314163947000292163,1756281422,2025-08-27 07:57:02,0.5
bitcoin-up-or-down-august-28-8pm-et,DOWN,65291832103314098292958390228316373027243815896601306006207314163947000292163,1756281483,2025-08-27 07:58:03,0.5
bitcoin-up-or-down-august-28-8pm-et,DOWN,65291832103314098292958390228316373027243815896601306006207314163947000292163,1756281543,2025-08-27 07:59:03,0.5
bitcoin-up-or-down-august-28-8pm-et,DOWN,65291832103314098292958390228316373027243815896601306006207314163947000292163,1756281606,2025-08-27 08:00:06,0.5
bitcoin-up-or-down-august-28-8pm-et,DOWN,65291832103314098292958390228316373027243815896601306006207314163947000292163,1756281663,2025-08-27 08:01:03,0.5
bitcoin-up-or-down-august-28-8pm-et,DOWN,65291832103314098292958390228316373027243815896601306006207314163947000292163,1756281723,2025-08-27 08:02:03,0.5
bitcoin-up-or-down-august-28-8pm-et,DOWN,65291832103314098292958390228316373027243815896601306006207314163947000292163,1756281783,2025-08-27 08:03:03,0.5
bitcoin-up-or-down-august-28-8pm-et,DOWN,65291832103314098292958390228316373027243815896601306006207314163947000292163,1756281843,2025-08-27 08:04:03,0.5
bitcoin-up-or-down-august-28-8pm-et,DOWN,65291832103314098292958390228316373027243815896601306006207314163947000292163,1756281912,2025-08-27 08:05:12,0.5
bitcoin-up-or-down-august-28-8pm-et,DOWN,65291832103314098292958390228316373027243815896601306006207314163947000292163,1756281962,2025-08-27 08:06:02,0.5
bitcoin-up-or-down-august-28-8pm-et,DOWN,65291832103314098292958390228316373027243815896601306006207314163947000292163,1756282023,2025-08-27 08:07:03,0.5
bitcoin-up-or-down-august-28-8pm-et,DOWN,65291832103314098292958390228316373027243815896601306006207314163947000292163,1756282098,2025-08-27 08:08:18,0.5
bitcoin-up-or-down-august-28-8pm-et,DOWN,65291832103314098292958390228316373027243815896601306006207314163947000292163,1756282142,2025-08-27 08:09:02,0.5
bitcoin-up-or-down-august-28-8pm-et,DOWN,65291832103314098292958390228316373027243815896601306006207314163947000292163,1756282206,2025-08-27 08:10:06,0.5
bitcoin-up-or-down-august-28-8pm-et,DOWN,65291832103314098292958390228316373027243815896601306006207314163947000292163,1756282263,2025-08-27 08:11:03,0.5
bitcoin-up-or-down-august-28-8pm-et,DOWN,65291832103314098292958390228316373027243815896601306006207314163947000292163,1756282322,2025-08-27 08:12:02,0.5
bitcoin-up-or-down-august-28-8pm-et,DOWN,65291832103314098292958390228316373027243815896601306006207314163947000292163,1756282382,2025-08-27 08:13:02,0.5
bitcoin-up-or-down-august-28-8pm-et,DOWN,65291832103314098292958390228316373027243815896601306006207314163947000292163,1756282443,2025-08-27 08:14:03,0.5
bitcoin-up-or-down-august-28-8pm-et,DOWN,65291832103314098292958390228316373027243815896601306006207314163947000292163,1756282506,2025-08-27 08:15:06,0.5
bitcoin-up-or-down-august-28-8pm-et,DOWN,65291832103314098292958390228316373027243815896601306006207314163947000292163,1756282563,2025-08-27 08:16:03,0.5
bitcoin-up-or-down-august-28-8pm-et,DOWN,65291832103314098292958390228316373027243815896601306006207314163947000292163,1756282623,2025-08-27 08:17:03,0.5
bitcoin-up-or-down-august-28-8pm-et,DOWN,65291832103314098292958390228316373027243815896601306006207314163947000292163,1756282682,2025-08-27 08:18:02,0.5
bitcoin-up-or-down-august-28-8pm-et,DOWN,65291832103314098292958390228316373027243815896601306006207314163947000292163,1756282743,2025-08-27 08:19:03,0.5
bitcoin-up-or-down-august-28-8pm-et,DOWN,65291832103314098292958390228316373027243815896601306006207314163947000292163,1756282803,2025-08-27 08:20:03,0.5
bitcoin-up-or-down-august-28-8pm-et,DOWN,65291832103314098292958390228316373027243815896601306006207314163947000292163,1756282863,2025-08-27 08:21:03,0.5
bitcoin-up-or-down-august-28-8pm-et,DOWN,65291832103314098292958390228316373027243815896601306006207314163947000292163,1756282923,2025-08-27 08:22:03,0.5
bitcoin-up-or-down-august-28-8pm-et,DOWN,65291832103314098292958390228316373027243815896601306006207314163947000292163,1756282984,2025-08-27 08:23:04,0.5
bitcoin-up-or-down-august-28-8pm-et,DOWN,65291832103314098292958390228316373027243815896601306006207314163947000292163,1756283043,2025-08-27 08:24:03,0.5
bitcoin-up-or-down-august-28-8pm-et,DOWN,65291832103314098292958390228316373027243815896601306006207314163947000292163,1756283103,2025-08-27 08:25:03,0.5
bitcoin-up-or-down-august-28-8pm-et,DOWN,65291832103314098292958390228316373027243815896601306006207314163947000292163,1756283162,2025-08-27 08:26:02,0.5
bitcoin-up-or-down-august-28-8pm-et,DOWN,65291832103314098292958390228316373027243815896601306006207314163947000292163,1756283222,2025-08-27 08:27:02,0.5
bitcoin-up-or-down-august-28-8pm-et,DOWN,65291832103314098292958390228316373027243815896601306006207314163947000292163,1756283282,2025-08-27 08:28:02,0.5
bitcoin-up-or-down-august-28-8pm-et,DOWN,65291832103314098292958390228316373027243815896601306006207314163947000292163,1756283343,2025-08-27 08:29:03,0.5
bitcoin-up-or-down-august-28-8pm-et,DOWN,65291832103314098292958390228316373027243815896601306006207314163947000292163,1756283409,2025-08-27 08:30:09,0.5
bitcoin-up-or-down-august-28-8pm-et,DOWN,65291832103314098292958390228316373027243815896601306006207314163947000292163,1756283463,2025-08-27 08:31:03,0.5
bitcoin-up-or-down-august-28-8pm-et,DOWN,65291832103314098292958390228316373027243815896601306006207314163947000292163,1756283523,2025-08-27 08:32:03,0.5
bitcoin-up-or-down-august-28-8pm-et,DOWN,65291832103314098292958390228316373027243815896601306006207314163947000292163,1756283584,2025-08-27 08:33:04,0.5
bitcoin-up-or-down-august-28-8pm-et,DOWN,65291832103314098292958390228316373027243815896601306006207314163947000292163,1756283643,2025-08-27 08:34:03,0.5
bitcoin-up-or-down-august-28-8pm-et,DOWN,65291832103314098292958390228316373027243815896601306006207314163947000292163,1756283707,2025-08-27 08:35:07,0.5
bitcoin-up-or-down-august-28-8pm-et,DOWN,65291832103314098292958390228316373027243815896601306006207314163947000292163,1756283762,2025-08-27 08:36:02,0.5
bitcoin-up-or-down-august-28-8pm-et,DOWN,65291832103314098292958390228316373027243815896601306006207314163947000292163,1756283822,2025-08-27 08:37:02,0.5
bitcoin-up-or-down-august-28-8pm-et,DOWN,65291832103314098292958390228316373027243815896601306006207314163947000292163,1756283883,2025-08-27 08:38:03,0.5
bitcoin-up-or-down-august-28-8pm-et,DOWN,65291832103314098292958390228316373027243815896601306006207314163947000292163,1756283942,2025-08-27 08:39:02,0.5
bitcoin-up-or-down-august-28-8pm-et,DOWN,65291832103314098292958390228316373027243815896601306006207314163947000292163,1756284006,2025-08-27 08:40:06,0.5
bitcoin-up-or-down-august-28-8pm-et,DOWN,65291832103314098292958390228316373027243815896601306006207314163947000292163,1756284063,2025-08-27 08:41:03,0.5
bitcoin-up-or-down-august-28-8pm-et,DOWN,65291832103314098292958390228316373027243815896601306006207314163947000292163,1756284123,2025-08-27 08:42:03,0.5
bitcoin-up-or-down-august-28-8pm-et,DOWN,65291832103314098292958390228316373027243815896601306006207314163947000292163,1756284183,2025-08-27 08:43:03,0.5
bitcoin-up-or-down-august-28-8pm-et,DOWN,65291832103314098292958390228316373027243815896601306006207314163947000292163,1756284242,2025-08-27 08:44:02,0.5
bitcoin-up-or-down-august-28-8pm-et,DOWN,65291832103314098292958390228316373027243815896601306006207314163947000292163,1756284312,2025-08-27 08:45:12,0.5
bitcoin-up-or-down-august-28-8pm-et,DOWN,65291832103314098292958390228316373027243815896601306006207314163947000292163,1756284362,2025-08-27 08:46:02,0.5
bitcoin-up-or-down-august-28-8pm-et,DOWN,65291832103314098292958390228316373027243815896601306006207314163947000292163,1756284422,2025-08-27 08:47:02,0.5
bitcoin-up-or-down-august-28-8pm-et,DOWN,65291832103314098292958390228316373027243815896601306006207314163947000292163,1756284483,2025-08-27 08:48:03,0.5
bitcoin-up-or-down-august-28-8pm-et,DOWN,65291832103314098292958390228316373027243815896601306006207314163947000292163,1756284542,2025-08-27 08:49:02,0.5
bitcoin-up-or-down-august-28-8pm-et,DOWN,65291832103314098292958390228316373027243815896601306006207314163947000292163,1756284602,2025-08-27 08:50:02,0.5
bitcoin-up-or-down-august-28-8pm-et,DOWN,65291832103314098292958390228316373027243815896601306006207314163947000292163,1756284663,2025-08-27 08:51:03,0.5
bitcoin-up-or-down-august-28-8pm-et,DOWN,65291832103314098292958390228316373027243815896601306006207314163947000292163,1756284722,2025-08-27 08:52:02,0.5
bitcoin-up-or-down-august-28-8pm-et,DOWN,65291832103314098292958390228316373027243815896601306006207314163947000292163,1756284782,2025-08-27 08:53:02,0.5
bitcoin-up-or-down-august-28-8pm-et,DOWN,65291832103314098292958390228316373027243815896601306006207314163947000292163,1756284843,2025-08-27 08:54:03,0.5
bitcoin-up-or-down-august-28-8pm-et,DOWN,65291832103314098292958390228316373027243815896601306006207314163947000292163,1756284902,2025-08-27 08:55:02,0.5
bitcoin-up-or-down-august-28-8pm-et,DOWN,65291832103314098292958390228316373027243815896601306006207314163947000292163,1756284963,2025-08-27 08:56:03,0.5
bitcoin-up-or-down-august-28-8pm-et,DOWN,65291832103314098292958390228316373027243815896601306006207314163947000292163,1756285022,2025-08-27 08:57:02,0.5
bitcoin-up-or-down-august-28-8pm-et,DOWN,65291832103314098292958390228316373027243815896601306006207314163947000292163,1756285083,2025-08-27 08:58:03,0.5
bitcoin-up-or-down-august-28-8pm-et,DOWN,65291832103314098292958390228316373027243815896601306006207314163947000292163,1756285142,2025-08-27 08:59:02,0.5
bitcoin-up-or-down-august-28-8pm-et,DOWN,65291832103314098292958390228316373027243815896601306006207314163947000292163,1756285218,2025-08-27 09:00:18,0.5
bitcoin-up-or-down-august-28-8pm-et,DOWN,65291832103314098292958390228316373027243815896601306006207314163947000292163,1756285268,2025-08-27 09:01:08,0.5
bitcoin-up-or-down-august-28-8pm-et,DOWN,65291832103314098292958390228316373027243815896601306006207314163947000292163,1756285322,2025-08-27 09:02:02,0.5
bitcoin-up-or-down-august-28-8pm-et,DOWN,65291832103314098292958390228316373027243815896601306006207314163947000292163,1756285406,2025-08-27 09:03:26,0.5
bitcoin-up-or-down-august-28-8pm-et,DOWN,65291832103314098292958390228316373027243815896601306006207314163947000292163,1756285442,2025-08-27 09:04:02,0.5
bitcoin-up-or-down-august-28-8pm-et,DOWN,65291832103314098292958390228316373027243815896601306006207314163947000292163,1756285806,2025-08-27 09:10:06,0.5
bitcoin-up-or-down-august-28-8pm-et,DOWN,65291832103314098292958390228316373027243815896601306006207314163947000292163,1756285838,2025-08-27 09:10:38,0.5
bitcoin-up-or-down-august-28-8pm-et,DOWN,65291832103314098292958390228316373027243815896601306006207314163947000292163,1756285862,2025-08-27 09:11:02,0.5
bitcoin-up-or-down-august-28-8pm-et,DOWN,65291832103314098292958390228316373027243815896601306006207314163947000292163,1756285922,2025-08-27 09:12:02,0.5
bitcoin-up-or-down-august-28-8pm-et,DOWN,65291832103314098292958390228316373027243815896601306006207314163947000292163,1756285983,2025-08-27 09:13:03,0.5
bitcoin-up-or-down-august-28-8pm-et,DOWN,65291832103314098292958390228316373027243815896601306006207314163947000292163,1756286043,2025-08-27 09:14:03,0.5
bitcoin-up-or-down-august-28-8pm-et,DOWN,65291832103314098292958390228316373027243815896601306006207314163947000292163,1756286104,2025-08-27 09:15:04,0.5
bitcoin-up-or-down-august-28-8pm-et,DOWN,65291832103314098292958390228316373027243815896601306006207314163947000292163,1756286170,2025-08-27 09:16:10,0.5
bitcoin-up-or-down-august-28-8pm-et,DOWN,65291832103314098292958390228316373027243815896601306006207314163947000292163,1756286224,2025-08-27 09:17:04,0.5
bitcoin-up-or-down-august-28-8pm-et,DOWN,65291832103314098292958390228316373027243815896601306006207314163947000292163,1756286282,2025-08-27 09:18:02,0.5
bitcoin-up-or-down-august-28-8pm-et,DOWN,65291832103314098292958390228316373027243815896601306006207314163947000292163,1756286344,2025-08-27 09:19:04,0.5
bitcoin-up-or-down-august-28-8pm-et,DOWN,65291832103314098292958390228316373027243815896601306006207314163947000292163,1756286402,2025-08-27 09:20:02,0.5
bitcoin-up-or-down-august-28-8pm-et,DOWN,65291832103314098292958390228316373027243815896601306006207314163947000292163,1756286466,2025-08-27 09:21:06,0.5
bitcoin-up-or-down-august-28-8pm-et,DOWN,65291832103314098292958390228316373027243815896601306006207314163947000292163,1756286523,2025-08-27 09:22:03,0.5
bitcoin-up-or-down-august-28-8pm-et,DOWN,65291832103314098292958390228316373027243815896601306006207314163947000292163,1756286582,2025-08-27 09:23:02,0.5
bitcoin-up-or-down-august-28-8pm-et,DOWN,65291832103314098292958390228316373027243815896601306006207314163947000292163,1756286642,2025-08-27 09:24:02,0.5
bitcoin-up-or-down-august-28-8pm-et,DOWN,65291832103314098292958390228316373027243815896601306006207314163947000292163,1756286704,2025-08-27 09:25:04,0.5
bitcoin-up-or-down-august-28-8pm-et,DOWN,65291832103314098292958390228316373027243815896601306006207314163947000292163,1756286767,2025-08-27 09:26:07,0.5
bitcoin-up-or-down-august-28-8pm-et,DOWN,65291832103314098292958390228316373027243815896601306006207314163947000292163,1756286823,2025-08-27 09:27:03,0.5
bitcoin-up-or-down-august-28-8pm-et,DOWN,65291832103314098292958390228316373027243815896601306006207314163947000292163,1756286884,2025-08-27 09:28:04,0.5
bitcoin-up-or-down-august-28-8pm-et,DOWN,65291832103314098292958390228316373027243815896601306006207314163947000292163,1756286943,2025-08-27 09:29:03,0.5
bitcoin-up-or-down-august-28-8pm-et,DOWN,65291832103314098292958390228316373027243815896601306006207314163947000292163,1756287002,2025-08-27 09:30:02,0.5
bitcoin-up-or-down-august-28-8pm-et,DOWN,65291832103314098292958390228316373027243815896601306006207314163947000292163,1756287066,2025-08-27 09:31:06,0.5
bitcoin-up-or-down-august-28-8pm-et,DOWN,65291832103314098292958390228316373027243815896601306006207314163947000292163,1756287123,2025-08-27 09:32:03,0.5
bitcoin-up-or-down-august-28-8pm-et,DOWN,65291832103314098292958390228316373027243815896601306006207314163947000292163,1756287182,2025-08-27 09:33:02,0.5
bitcoin-up-or-down-august-28-8pm-et,DOWN,65291832103314098292958390228316373027243815896601306006207314163947000292163,1756287242,2025-08-27 09:34:02,0.5
bitcoin-up-or-down-august-28-8pm-et,DOWN,65291832103314098292958390228316373027243815896601306006207314163947000292163,1756287302,2025-08-27 09:35:02,0.5
bitcoin-up-or-down-august-28-8pm-et,DOWN,65291832103314098292958390228316373027243815896601306006207314163947000292163,1756287365,2025-08-27 09:36:05,0.5
bitcoin-up-or-down-august-28-8pm-et,DOWN,65291832103314098292958390228316373027243815896601306006207314163947000292163,1756287422,2025-08-27 09:37:02,0.5
bitcoin-up-or-down-august-28-8pm-et,DOWN,65291832103314098292958390228316373027243815896601306006207314163947000292163,1756287483,2025-08-27 09:38:03,0.5
bitcoin-up-or-down-august-28-8pm-et,DOWN,65291832103314098292958390228316373027243815896601306006207314163947000292163,1756287542,2025-08-27 09:39:02,0.5
bitcoin-up-or-down-august-28-8pm-et,DOWN,65291832103314098292958390228316373027243815896601306006207314163947000292163,1756287611,2025-08-27 09:40:11,0.5
bitcoin-up-or-down-august-28-8pm-et,DOWN,65291832103314098292958390228316373027243815896601306006207314163947000292163,1756287664,2025-08-27 09:41:04,0.5
bitcoin-up-or-down-august-28-8pm-et,DOWN,65291832103314098292958390228316373027243815896601306006207314163947000292163,1756287723,2025-08-27 09:42:03,0.5
bitcoin-up-or-down-august-28-8pm-et,DOWN,65291832103314098292958390228316373027243815896601306006207314163947000292163,1756287782,2025-08-27 09:43:02,0.5
bitcoin-up-or-down-august-28-8pm-et,DOWN,65291832103314098292958390228316373027243815896601306006207314163947000292163,1756287842,2025-08-27 09:44:02,0.5
bitcoin-up-or-down-august-28-8pm-et,DOWN,65291832103314098292958390228316373027243815896601306006207314163947000292163,1756287904,2025-08-27 09:45:04,0.5
bitcoin-up-or-down-august-28-8pm-et,DOWN,65291832103314098292958390228316373027243815896601306006207314163947000292163,1756287964,2025-08-27 09:46:04,0.5
bitcoin-up-or-down-august-28-8pm-et,DOWN,65291832103314098292958390228316373027243815896601306006207314163947000292163,1756288023,2025-08-27 09:47:03,0.5
bitcoin-up-or-down-august-28-8pm-et,DOWN,65291832103314098292958390228316373027243815896601306006207314163947000292163,1756288084,2025-08-27 09:48:04,0.5
bitcoin-up-or-down-august-28-8pm-et,DOWN,65291832103314098292958390228316373027243815896601306006207314163947000292163,1756288142,2025-08-27 09:49:02,0.5
bitcoin-up-or-down-august-28-8pm-et,DOWN,65291832103314098292958390228316373027243815896601306006207314163947000292163,1756288206,2025-08-27 09:50:06,0.5
bitcoin-up-or-down-august-28-8pm-et,DOWN,65291832103314098292958390228316373027243815896601306006207314163947000292163,1756288270,2025-08-27 09:51:10,0.5
bitcoin-up-or-down-august-28-8pm-et,DOWN,65291832103314098292958390228316373027243815896601306006207314163947000292163,1756288324,2025-08-27 09:52:04,0.5
bitcoin-up-or-down-august-28-8pm-et,DOWN,65291832103314098292958390228316373027243815896601306006207314163947000292163,1756288382,2025-08-27 09:53:02,0.5
bitcoin-up-or-down-august-28-8pm-et,DOWN,65291832103314098292958390228316373027243815896601306006207314163947000292163,1756288442,2025-08-27 09:54:02,0.5
bitcoin-up-or-down-august-28-8pm-et,DOWN,65291832103314098292958390228316373027243815896601306006207314163947000292163,1756288504,2025-08-27 09:55:04,0.5
bitcoin-up-or-down-august-28-8pm-et,DOWN,65291832103314098292958390228316373027243815896601306006207314163947000292163,1756288565,2025-08-27 09:56:05,0.5
bitcoin-up-or-down-august-28-8pm-et,DOWN,65291832103314098292958390228316373027243815896601306006207314163947000292163,1756288623,2025-08-27 09:57:03,0.5
bitcoin-up-or-down-august-28-8pm-et,DOWN,65291832103314098292958390228316373027243815896601306006207314163947000292163,1756288682,2025-08-27 09:58:02,0.5
bitcoin-up-or-down-august-28-8pm-et,DOWN,65291832103314098292958390228316373027243815896601306006207314163947000292163,1756288743,2025-08-27 09:59:03,0.5
bitcoin-up-or-down-august-28-8pm-et,DOWN,65291832103314098292958390228316373027243815896601306006207314163947000292163,1756288808,2025-08-27 10:00:08,0.5
bitcoin-up-or-down-august-28-8pm-et,DOWN,65291832103314098292958390228316373027243815896601306006207314163947000292163,1756288862,2025-08-27 10:01:02,0.5
bitcoin-up-or-down-august-28-8pm-et,DOWN,65291832103314098292958390228316373027243815896601306006207314163947000292163,1756288923,2025-08-27 10:02:03,0.5
bitcoin-up-or-down-august-28-8pm-et,DOWN,65291832103314098292958390228316373027243815896601306006207314163947000292163,1756288983,2025-08-27 10:03:03,0.5
bitcoin-up-or-down-august-28-8pm-et,DOWN,65291832103314098292958390228316373027243815896601306006207314163947000292163,1756289042,2025-08-27 10:04:02,0.5
bitcoin-up-or-down-august-28-8pm-et,DOWN,65291832103314098292958390228316373027243815896601306006207314163947000292163,1756289102,2025-08-27 10:05:02,0.5
bitcoin-up-or-down-august-28-8pm-et,DOWN,65291832103314098292958390228316373027243815896601306006207314163947000292163,1756289164,2025-08-27 10:06:04,0.5
bitcoin-up-or-down-august-28-8pm-et,DOWN,65291832103314098292958390228316373027243815896601306006207314163947000292163,1756289222,2025-08-27 10:07:02,0.5
bitcoin-up-or-down-august-28-8pm-et,DOWN,65291832103314098292958390228316373027243815896601306006207314163947000292163,1756289284,2025-08-27 10:08:04,0.5
bitcoin-up-or-down-august-28-8pm-et,DOWN,65291832103314098292958390228316373027243815896601306006207314163947000292163,1756289342,2025-08-27 10:09:02,0.5
bitcoin-up-or-down-august-28-8pm-et,DOWN,65291832103314098292958390228316373027243815896601306006207314163947000292163,1756289412,2025-08-27 10:10:12,0.5
bitcoin-up-or-down-august-28-8pm-et,DOWN,65291832103314098292958390228316373027243815896601306006207314163947000292163,1756289466,2025-08-27 10:11:06,0.5
bitcoin-up-or-down-august-28-8pm-et,DOWN,65291832103314098292958390228316373027243815896601306006207314163947000292163,1756289523,2025-08-27 10:12:03,0.5
bitcoin-up-or-down-august-28-8pm-et,DOWN,65291832103314098292958390228316373027243815896601306006207314163947000292163,1756289582,2025-08-27 10:13:02,0.5
bitcoin-up-or-down-august-28-8pm-et,DOWN,65291832103314098292958390228316373027243815896601306006207314163947000292163,1756289643,2025-08-27 10:14:03,0.5
bitcoin-up-or-down-august-28-8pm-et,DOWN,65291832103314098292958390228316373027243815896601306006207314163947000292163,1756289712,2025-08-27 10:15:12,0.5
bitcoin-up-or-down-august-28-8pm-et,DOWN,65291832103314098292958390228316373027243815896601306006207314163947000292163,1756289762,2025-08-27 10:16:02,0.5
bitcoin-up-or-down-august-28-8pm-et,DOWN,65291832103314098292958390228316373027243815896601306006207314163947000292163,1756289822,2025-08-27 10:17:02,0.5
bitcoin-up-or-down-august-28-8pm-et,DOWN,65291832103314098292958390228316373027243815896601306006207314163947000292163,1756289882,2025-08-27 10:18:02,0.5
bitcoin-up-or-down-august-28-8pm-et,DOWN,65291832103314098292958390228316373027243815896601306006207314163947000292163,1756289942,2025-08-27 10:19:02,0.5
bitcoin-up-or-down-august-28-8pm-et,DOWN,65291832103314098292958390228316373027243815896601306006207314163947000292163,1756290015,2025-08-27 10:20:15,0.5
bitcoin-up-or-down-august-28-8pm-et,DOWN,65291832103314098292958390228316373027243815896601306006207314163947000292163,1756290064,2025-08-27 10:21:04,0.5
bitcoin-up-or-down-august-28-8pm-et,DOWN,65291832103314098292958390228316373027243815896601306006207314163947000292163,1756290122,2025-08-27 10:22:02,0.5
bitcoin-up-or-down-august-28-8pm-et,DOWN,65291832103314098292958390228316373027243815896601306006207314163947000292163,1756290183,2025-08-27 10:23:03,0.5
bitcoin-up-or-down-august-28-8pm-et,DOWN,65291832103314098292958390228316373027243815896601306006207314163947000292163,1756290243,2025-08-27 10:24:03,0.5
bitcoin-up-or-down-august-28-8pm-et,DOWN,65291832103314098292958390228316373027243815896601306006207314163947000292163,1756290308,2025-08-27 10:25:08,0.5
bitcoin-up-or-down-august-28-8pm-et,DOWN,65291832103314098292958390228316373027243815896601306006207314163947000292163,1756290362,2025-08-27 10:26:02,0.5
bitcoin-up-or-down-august-28-8pm-et,DOWN,65291832103314098292958390228316373027243815896601306006207314163947000292163,1756290422,2025-08-27 10:27:02,0.5
bitcoin-up-or-down-august-28-8pm-et,DOWN,65291832103314098292958390228316373027243815896601306006207314163947000292163,1756290482,2025-08-27 10:28:02,0.5
bitcoin-up-or-down-august-28-8pm-et,DOWN,65291832103314098292958390228316373027243815896601306006207314163947000292163,1756290542,2025-08-27 10:29:02,0.5
bitcoin-up-or-down-august-28-8pm-et,DOWN,65291832103314098292958390228316373027243815896601306006207314163947000292163,1756290609,2025-08-27 10:30:09,0.5
bitcoin-up-or-down-august-28-8pm-et,DOWN,65291832103314098292958390228316373027243815896601306006207314163947000292163,1756290662,2025-08-27 10:31:02,0.5
bitcoin-up-or-down-august-28-8pm-et,DOWN,65291832103314098292958390228316373027243815896601306006207314163947000292163,1756290723,2025-08-27 10:32:03,0.5
bitcoin-up-or-down-august-28-8pm-et,DOWN,65291832103314098292958390228316373027243815896601306006207314163947000292163,1756290784,2025-08-27 10:33:04,0.5
bitcoin-up-or-down-august-28-8pm-et,DOWN,65291832103314098292958390228316373027243815896601306006207314163947000292163,1756290842,2025-08-27 10:34:02,0.5
bitcoin-up-or-down-august-28-8pm-et,DOWN,65291832103314098292958390228316373027243815896601306006207314163947000292163,1756290912,2025-08-27 10:35:12,0.5
bitcoin-up-or-down-august-28-8pm-et,DOWN,65291832103314098292958390228316373027243815896601306006207314163947000292163,1756290962,2025-08-27 10:36:02,0.5
bitcoin-up-or-down-august-28-8pm-et,DOWN,65291832103314098292958390228316373027243815896601306006207314163947000292163,1756291022,2025-08-27 10:37:02,0.5
bitcoin-up-or-down-august-28-8pm-et,DOWN,65291832103314098292958390228316373027243815896601306006207314163947000292163,1756291082,2025-08-27 10:38:02,0.5
bitcoin-up-or-down-august-28-8pm-et,DOWN,65291832103314098292958390228316373027243815896601306006207314163947000292163,1756291143,2025-08-27 10:39:03,0.5
bitcoin-up-or-down-august-28-8pm-et,DOWN,65291832103314098292958390228316373027243815896601306006207314163947000292163,1756291207,2025-08-27 10:40:07,0.5
bitcoin-up-or-down-august-28-8pm-et,DOWN,65291832103314098292958390228316373027243815896601306006207314163947000292163,1756291262,2025-08-27 10:41:02,0.5
bitcoin-up-or-down-august-28-8pm-et,DOWN,65291832103314098292958390228316373027243815896601306006207314163947000292163,1756291323,2025-08-27 10:42:03,0.5
bitcoin-up-or-down-august-28-8pm-et,DOWN,65291832103314098292958390228316373027243815896601306006207314163947000292163,1756291382,2025-08-27 10:43:02,0.5
bitcoin-up-or-down-august-28-8pm-et,DOWN,65291832103314098292958390228316373027243815896601306006207314163947000292163,1756291442,2025-08-27 10:44:02,0.5
bitcoin-up-or-down-august-28-8pm-et,DOWN,65291832103314098292958390228316373027243815896601306006207314163947000292163,1756291508,2025-08-27 10:45:08,0.5
bitcoin-up-or-down-august-28-8pm-et,DOWN,65291832103314098292958390228316373027243815896601306006207314163947000292163,1756291563,2025-08-27 10:46:03,0.5
bitcoin-up-or-down-august-28-8pm-et,DOWN,65291832103314098292958390228316373027243815896601306006207314163947000292163,1756291623,2025-08-27 10:47:03,0.5
bitcoin-up-or-down-august-28-8pm-et,DOWN,65291832103314098292958390228316373027243815896601306006207314163947000292163,1756291682,2025-08-27 10:48:02,0.5
bitcoin-up-or-down-august-28-8pm-et,DOWN,65291832103314098292958390228316373027243815896601306006207314163947000292163,1756291742,2025-08-27 10:49:02,0.5
bitcoin-up-or-down-august-28-8pm-et,DOWN,65291832103314098292958390228316373027243815896601306006207314163947000292163,1756291815,2025-08-27 10:50:15,0.5
bitcoin-up-or-down-august-28-8pm-et,DOWN,65291832103314098292958390228316373027243815896601306006207314163947000292163,1756291863,2025-08-27 10:51:03,0.5
bitcoin-up-or-down-august-28-8pm-et,DOWN,65291832103314098292958390228316373027243815896601306006207314163947000292163,1756291923,2025-08-27 10:52:03,0.5
bitcoin-up-or-down-august-28-8pm-et,DOWN,65291832103314098292958390228316373027243815896601306006207314163947000292163,1756291983,2025-08-27 10:53:03,0.5
bitcoin-up-or-down-august-28-8pm-et,DOWN,65291832103314098292958390228316373027243815896601306006207314163947000292163,1756292042,2025-08-27 10:54:02,0.5
bitcoin-up-or-down-august-28-8pm-et,DOWN,65291832103314098292958390228316373027243815896601306006207314163947000292163,1756292113,2025-08-27 10:55:13,0.5
bitcoin-up-or-down-august-28-8pm-et,DOWN,65291832103314098292958390228316373027243815896601306006207314163947000292163,1756292162,2025-08-27 10:56:02,0.5
bitcoin-up-or-down-august-28-8pm-et,DOWN,65291832103314098292958390228316373027243815896601306006207314163947000292163,1756292222,2025-08-27 10:57:02,0.5
bitcoin-up-or-down-august-28-8pm-et,DOWN,65291832103314098292958390228316373027243815896601306006207314163947000292163,1756292283,2025-08-27 10:58:03,0.5
bitcoin-up-or-down-august-28-8pm-et,DOWN,65291832103314098292958390228316373027243815896601306006207314163947000292163,1756292343,2025-08-27 10:59:03,0.5
bitcoin-up-or-down-august-28-8pm-et,DOWN,65291832103314098292958390228316373027243815896601306006207314163947000292163,1756292416,2025-08-27 11:00:16,0.5
bitcoin-up-or-down-august-28-8pm-et,DOWN,65291832103314098292958390228316373027243815896601306006207314163947000292163,1756292462,2025-08-27 11:01:02,0.5
bitcoin-up-or-down-august-28-8pm-et,DOWN,65291832103314098292958390228316373027243815896601306006207314163947000292163,1756292524,2025-08-27 11:02:04,0.5
bitcoin-up-or-down-august-28-8pm-et,DOWN,65291832103314098292958390228316373027243815896601306006207314163947000292163,1756292582,2025-08-27 11:03:02,0.5
bitcoin-up-or-down-august-28-8pm-et,DOWN,65291832103314098292958390228316373027243815896601306006207314163947000292163,1756292643,2025-08-27 11:04:03,0.5
bitcoin-up-or-down-august-28-8pm-et,DOWN,65291832103314098292958390228316373027243815896601306006207314163947000292163,1756292711,2025-08-27 11:05:11,0.5
bitcoin-up-or-down-august-28-8pm-et,DOWN,65291832103314098292958390228316373027243815896601306006207314163947000292163,1756292764,2025-08-27 11:06:04,0.5
bitcoin-up-or-down-august-28-8pm-et,DOWN,65291832103314098292958390228316373027243815896601306006207314163947000292163,1756292823,2025-08-27 11:07:03,0.5
bitcoin-up-or-down-august-28-8pm-et,DOWN,65291832103314098292958390228316373027243815896601306006207314163947000292163,1756292882,2025-08-27 11:08:02,0.5
bitcoin-up-or-down-august-28-8pm-et,DOWN,65291832103314098292958390228316373027243815896601306006207314163947000292163,1756292944,2025-08-27 11:09:04,0.5
bitcoin-up-or-down-august-28-8pm-et,DOWN,65291832103314098292958390228316373027243815896601306006207314163947000292163,1756293016,2025-08-27 11:10:16,0.5
bitcoin-up-or-down-august-28-8pm-et,DOWN,65291832103314098292958390228316373027243815896601306006207314163947000292163,1756293064,2025-08-27 11:11:04,0.5
bitcoin-up-or-down-august-28-8pm-et,DOWN,65291832103314098292958390228316373027243815896601306006207314163947000292163,1756293122,2025-08-27 11:12:02,0.5
bitcoin-up-or-down-august-28-8pm-et,DOWN,65291832103314098292958390228316373027243815896601306006207314163947000292163,1756293183,2025-08-27 11:13:03,0.5
bitcoin-up-or-down-august-28-8pm-et,DOWN,65291832103314098292958390228316373027243815896601306006207314163947000292163,1756293243,2025-08-27 11:14:03,0.5
bitcoin-up-or-down-august-28-8pm-et,DOWN,65291832103314098292958390228316373027243815896601306006207314163947000292163,1756293308,2025-08-27 11:15:08,0.5
bitcoin-up-or-down-august-28-8pm-et,DOWN,65291832103314098292958390228316373027243815896601306006207314163947000292163,1756293362,2025-08-27 11:16:02,0.5
bitcoin-up-or-down-august-28-8pm-et,DOWN,65291832103314098292958390228316373027243815896601306006207314163947000292163,1756293424,2025-08-27 11:17:04,0.5
bitcoin-up-or-down-august-28-8pm-et,DOWN,65291832103314098292958390228316373027243815896601306006207314163947000292163,1756293482,2025-08-27 11:18:02,0.5
bitcoin-up-or-down-august-28-8pm-et,DOWN,65291832103314098292958390228316373027243815896601306006207314163947000292163,1756293543,2025-08-27 11:19:03,0.5
bitcoin-up-or-down-august-28-8pm-et,DOWN,65291832103314098292958390228316373027243815896601306006207314163947000292163,1756293605,2025-08-27 11:20:05,0.5
bitcoin-up-or-down-august-28-8pm-et,DOWN,65291832103314098292958390228316373027243815896601306006207314163947000292163,1756293663,2025-08-27 11:21:03,0.5
bitcoin-up-or-down-august-28-8pm-et,DOWN,65291832103314098292958390228316373027243815896601306006207314163947000292163,1756293724,2025-08-27 11:22:04,0.5
bitcoin-up-or-down-august-28-8pm-et,DOWN,65291832103314098292958390228316373027243815896601306006207314163947000292163,1756293784,2025-08-27 11:23:04,0.5
bitcoin-up-or-down-august-28-8pm-et,DOWN,65291832103314098292958390228316373027243815896601306006207314163947000292163,1756293843,2025-08-27 11:24:03,0.5
bitcoin-up-or-down-august-28-8pm-et,DOWN,65291832103314098292958390228316373027243815896601306006207314163947000292163,1756293916,2025-08-27 11:25:16,0.5
bitcoin-up-or-down-august-28-8pm-et,DOWN,65291832103314098292958390228316373027243815896601306006207314163947000292163,1756293963,2025-08-27 11:26:03,0.5
bitcoin-up-or-down-august-28-8pm-et,DOWN,65291832103314098292958390228316373027243815896601306006207314163947000292163,1756294024,2025-08-27 11:27:04,0.5
bitcoin-up-or-down-august-28-8pm-et,DOWN,65291832103314098292958390228316373027243815896601306006207314163947000292163,1756294084,2025-08-27 11:28:04,0.5
bitcoin-up-or-down-august-28-8pm-et,DOWN,65291832103314098292958390228316373027243815896601306006207314163947000292163,1756294142,2025-08-27 11:29:02,0.5
bitcoin-up-or-down-august-28-8pm-et,DOWN,65291832103314098292958390228316373027243815896601306006207314163947000292163,1756294204,2025-08-27 11:30:04,0.5
bitcoin-up-or-down-august-28-8pm-et,DOWN,65291832103314098292958390228316373027243815896601306006207314163947000292163,1756294264,2025-08-27 11:31:04,0.5
bitcoin-up-or-down-august-28-8pm-et,DOWN,65291832103314098292958390228316373027243815896601306006207314163947000292163,1756294323,2025-08-27 11:32:03,0.5
bitcoin-up-or-down-august-28-8pm-et,DOWN,65291832103314098292958390228316373027243815896601306006207314163947000292163,1756294382,2025-08-27 11:33:02,0.5
bitcoin-up-or-down-august-28-8pm-et,DOWN,65291832103314098292958390228316373027243815896601306006207314163947000292163,1756294444,2025-08-27 11:34:04,0.5
bitcoin-up-or-down-august-28-8pm-et,DOWN,65291832103314098292958390228316373027243815896601306006207314163947000292163,1756294505,2025-08-27 11:35:05,0.5
bitcoin-up-or-down-august-28-8pm-et,DOWN,65291832103314098292958390228316373027243815896601306006207314163947000292163,1756294564,2025-08-27 11:36:04,0.5
bitcoin-up-or-down-august-28-8pm-et,DOWN,65291832103314098292958390228316373027243815896601306006207314163947000292163,1756294622,2025-08-27 11:37:02,0.5
bitcoin-up-or-down-august-28-8pm-et,DOWN,65291832103314098292958390228316373027243815896601306006207314163947000292163,1756294683,2025-08-27 11:38:03,0.5
bitcoin-up-or-down-august-28-8pm-et,DOWN,65291832103314098292958390228316373027243815896601306006207314163947000292163,1756294743,2025-08-27 11:39:03,0.5
bitcoin-up-or-down-august-28-8pm-et,DOWN,65291832103314098292958390228316373027243815896601306006207314163947000292163,1756294816,2025-08-27 11:40:16,0.5
bitcoin-up-or-down-august-28-8pm-et,DOWN,65291832103314098292958390228316373027243815896601306006207314163947000292163,1756294864,2025-08-27 11:41:04,0.5
bitcoin-up-or-down-august-28-8pm-et,DOWN,65291832103314098292958390228316373027243815896601306006207314163947000292163,1756294923,2025-08-27 11:42:03,0.5
bitcoin-up-or-down-august-28-8pm-et,DOWN,65291832103314098292958390228316373027243815896601306006207314163947000292163,1756294982,2025-08-27 11:43:02,0.5
bitcoin-up-or-down-august-28-8pm-et,DOWN,65291832103314098292958390228316373027243815896601306006207314163947000292163,1756295044,2025-08-27 11:44:04,0.5
bitcoin-up-or-down-august-28-8pm-et,DOWN,65291832103314098292958390228316373027243815896601306006207314163947000292163,1756295106,2025-08-27 11:45:06,0.5
bitcoin-up-or-down-august-28-8pm-et,DOWN,65291832103314098292958390228316373027243815896601306006207314163947000292163,1756295163,2025-08-27 11:46:03,0.5
bitcoin-up-or-down-august-28-8pm-et,DOWN,65291832103314098292958390228316373027243815896601306006207314163947000292163,1756295223,2025-08-27 11:47:03,0.5
bitcoin-up-or-down-august-28-8pm-et,DOWN,65291832103314098292958390228316373027243815896601306006207314163947000292163,1756295282,2025-08-27 11:48:02,0.5
bitcoin-up-or-down-august-28-8pm-et,DOWN,65291832103314098292958390228316373027243815896601306006207314163947000292163,1756295344,2025-08-27 11:49:04,0.5
bitcoin-up-or-down-august-28-8pm-et,DOWN,65291832103314098292958390228316373027243815896601306006207314163947000292163,1756295410,2025-08-27 11:50:10,0.5
bitcoin-up-or-down-august-28-8pm-et,DOWN,65291832103314098292958390228316373027243815896601306006207314163947000292163,1756295463,2025-08-27 11:51:03,0.5
bitcoin-up-or-down-august-28-8pm-et,DOWN,65291832103314098292958390228316373027243815896601306006207314163947000292163,1756295523,2025-08-27 11:52:03,0.5
bitcoin-up-or-down-august-28-8pm-et,DOWN,65291832103314098292958390228316373027243815896601306006207314163947000292163,1756295583,2025-08-27 11:53:03,0.5
bitcoin-up-or-down-august-28-8pm-et,DOWN,65291832103314098292958390228316373027243815896601306006207314163947000292163,1756295644,2025-08-27 11:54:04,0.5
bitcoin-up-or-down-august-28-8pm-et,DOWN,65291832103314098292958390228316373027243815896601306006207314163947000292163,1756295711,2025-08-27 11:55:11,0.5
bitcoin-up-or-down-august-28-8pm-et,DOWN,65291832103314098292958390228316373027243815896601306006207314163947000292163,1756295764,2025-08-27 11:56:04,0.5
bitcoin-up-or-down-august-28-8pm-et,DOWN,65291832103314098292958390228316373027243815896601306006207314163947000292163,1756295823,2025-08-27 11:57:03,0.5
bitcoin-up-or-down-august-28-8pm-et,DOWN,65291832103314098292958390228316373027243815896601306006207314163947000292163,1756295882,2025-08-27 11:58:02,0.5
bitcoin-up-or-down-august-28-8pm-et,DOWN,65291832103314098292958390228316373027243815896601306006207314163947000292163,1756295942,2025-08-27 11:59:02,0.5
bitcoin-up-or-down-august-28-8pm-et,DOWN,65291832103314098292958390228316373027243815896601306006207314163947000292163,1756296019,2025-08-27 12:00:19,0.5
bitcoin-up-or-down-august-28-8pm-et,DOWN,65291832103314098292958390228316373027243815896601306006207314163947000292163,1756296063,2025-08-27 12:01:03,0.5
bitcoin-up-or-down-august-28-8pm-et,DOWN,65291832103314098292958390228316373027243815896601306006207314163947000292163,1756296123,2025-08-27 12:02:03,0.5
bitcoin-up-or-down-august-28-8pm-et,DOWN,65291832103314098292958390228316373027243815896601306006207314163947000292163,1756296183,2025-08-27 12:03:03,0.5
bitcoin-up-or-down-august-28-8pm-et,DOWN,65291832103314098292958390228316373027243815896601306006207314163947000292163,1756296243,2025-08-27 12:04:03,0.5
bitcoin-up-or-down-august-28-8pm-et,DOWN,65291832103314098292958390228316373027243815896601306006207314163947000292163,1756296304,2025-08-27 12:05:04,0.5
bitcoin-up-or-down-august-28-8pm-et,DOWN,65291832103314098292958390228316373027243815896601306006207314163947000292163,1756296363,2025-08-27 12:06:03,0.5
bitcoin-up-or-down-august-28-8pm-et,DOWN,65291832103314098292958390228316373027243815896601306006207314163947000292163,1756296423,2025-08-27 12:07:03,0.5
bitcoin-up-or-down-august-28-8pm-et,DOWN,65291832103314098292958390228316373027243815896601306006207314163947000292163,1756296482,2025-08-27 12:08:02,0.5
bitcoin-up-or-down-august-28-8pm-et,DOWN,65291832103314098292958390228316373027243815896601306006207314163947000292163,1756296542,2025-08-27 12:09:02,0.5
bitcoin-up-or-down-august-28-8pm-et,DOWN,65291832103314098292958390228316373027243815896601306006207314163947000292163,1756296614,2025-08-27 12:10:14,0.5
bitcoin-up-or-down-august-28-8pm-et,DOWN,65291832103314098292958390228316373027243815896601306006207314163947000292163,1756296663,2025-08-27 12:11:03,0.5
bitcoin-up-or-down-august-28-8pm-et,DOWN,65291832103314098292958390228316373027243815896601306006207314163947000292163,1756296725,2025-08-27 12:12:05,0.5
bitcoin-up-or-down-august-28-8pm-et,DOWN,65291832103314098292958390228316373027243815896601306006207314163947000292163,1756296784,2025-08-27 12:13:04,0.5
bitcoin-up-or-down-august-28-8pm-et,DOWN,65291832103314098292958390228316373027243815896601306006207314163947000292163,1756296843,2025-08-27 12:14:03,0.5
bitcoin-up-or-down-august-28-8pm-et,DOWN,65291832103314098292958390228316373027243815896601306006207314163947000292163,1756296915,2025-08-27 12:15:15,0.5
bitcoin-up-or-down-august-28-8pm-et,DOWN,65291832103314098292958390228316373027243815896601306006207314163947000292163,1756296964,2025-08-27 12:16:04,0.5
bitcoin-up-or-down-august-28-8pm-et,DOWN,65291832103314098292958390228316373027243815896601306006207314163947000292163,1756297023,2025-08-27 12:17:03,0.5
bitcoin-up-or-down-august-28-8pm-et,DOWN,65291832103314098292958390228316373027243815896601306006207314163947000292163,1756297082,2025-08-27 12:18:02,0.5
bitcoin-up-or-down-august-28-8pm-et,DOWN,65291832103314098292958390228316373027243815896601306006207314163947000292163,1756297143,2025-08-27 12:19:03,0.5
bitcoin-up-or-down-august-28-8pm-et,DOWN,65291832103314098292958390228316373027243815896601306006207314163947000292163,1756297212,2025-08-27 12:20:12,0.5
bitcoin-up-or-down-august-28-8pm-et,DOWN,65291832103314098292958390228316373027243815896601306006207314163947000292163,1756297264,2025-08-27 12:21:04,0.5
bitcoin-up-or-down-august-28-8pm-et,DOWN,65291832103314098292958390228316373027243815896601306006207314163947000292163,1756297323,2025-08-27 12:22:03,0.5
bitcoin-up-or-down-august-28-8pm-et,DOWN,65291832103314098292958390228316373027243815896601306006207314163947000292163,1756297384,2025-08-27 12:23:04,0.5
bitcoin-up-or-down-august-28-8pm-et,DOWN,65291832103314098292958390228316373027243815896601306006207314163947000292163,1756297443,2025-08-27 12:24:03,0.5
bitcoin-up-or-down-august-28-8pm-et,DOWN,65291832103314098292958390228316373027243815896601306006207314163947000292163,1756297504,2025-08-27 12:25:04,0.5
bitcoin-up-or-down-august-28-8pm-et,DOWN,65291832103314098292958390228316373027243815896601306006207314163947000292163,1756297563,2025-08-27 12:26:03,0.5
bitcoin-up-or-down-august-28-8pm-et,DOWN,65291832103314098292958390228316373027243815896601306006207314163947000292163,1756297623,2025-08-27 12:27:03,0.5
bitcoin-up-or-down-august-28-8pm-et,DOWN,65291832103314098292958390228316373027243815896601306006207314163947000292163,1756297683,2025-08-27 12:28:03,0.5
bitcoin-up-or-down-august-28-8pm-et,DOWN,65291832103314098292958390228316373027243815896601306006207314163947000292163,1756297742,2025-08-27 12:29:02,0.5
bitcoin-up-or-down-august-28-8pm-et,DOWN,65291832103314098292958390228316373027243815896601306006207314163947000292163,1756297809,2025-08-27 12:30:09,0.5
bitcoin-up-or-down-august-28-8pm-et,DOWN,65291832103314098292958390228316373027243815896601306006207314163947000292163,1756297863,2025-08-27 12:31:03,0.5
bitcoin-up-or-down-august-28-8pm-et,DOWN,65291832103314098292958390228316373027243815896601306006207314163947000292163,1756297924,2025-08-27 12:32:04,0.5
bitcoin-up-or-down-august-28-8pm-et,DOWN,65291832103314098292958390228316373027243815896601306006207314163947000292163,1756297982,2025-08-27 12:33:02,0.5
bitcoin-up-or-down-august-28-8pm-et,DOWN,65291832103314098292958390228316373027243815896601306006207314163947000292163,1756298044,2025-08-27 12:34:04,0.5
bitcoin-up-or-down-august-28-8pm-et,DOWN,65291832103314098292958390228316373027243815896601306006207314163947000292163,1756298112,2025-08-27 12:35:12,0.5
bitcoin-up-or-down-august-28-8pm-et,DOWN,65291832103314098292958390228316373027243815896601306006207314163947000292163,1756298162,2025-08-27 12:36:02,0.5
bitcoin-up-or-down-august-28-8pm-et,DOWN,65291832103314098292958390228316373027243815896601306006207314163947000292163,1756298224,2025-08-27 12:37:04,0.5
bitcoin-up-or-down-august-28-8pm-et,DOWN,65291832103314098292958390228316373027243815896601306006207314163947000292163,1756298283,2025-08-27 12:38:03,0.5
bitcoin-up-or-down-august-28-8pm-et,DOWN,65291832103314098292958390228316373027243815896601306006207314163947000292163,1756298343,2025-08-27 12:39:03,0.5
bitcoin-up-or-down-august-28-8pm-et,DOWN,65291832103314098292958390228316373027243815896601306006207314163947000292163,1756298404,2025-08-27 12:40:04,0.5
bitcoin-up-or-down-august-28-8pm-et,DOWN,65291832103314098292958390228316373027243815896601306006207314163947000292163,1756298463,2025-08-27 12:41:03,0.5
bitcoin-up-or-down-august-28-8pm-et,DOWN,65291832103314098292958390228316373027243815896601306006207314163947000292163,1756298523,2025-08-27 12:42:03,0.5
bitcoin-up-or-down-august-28-8pm-et,DOWN,65291832103314098292958390228316373027243815896601306006207314163947000292163,1756298582,2025-08-27 12:43:02,0.5
bitcoin-up-or-down-august-28-8pm-et,DOWN,65291832103314098292958390228316373027243815896601306006207314163947000292163,1756298643,2025-08-27 12:44:03,0.5
bitcoin-up-or-down-august-28-8pm-et,DOWN,65291832103314098292958390228316373027243815896601306006207314163947000292163,1756298708,2025-08-27 12:45:08,0.5
bitcoin-up-or-down-august-28-8pm-et,DOWN,65291832103314098292958390228316373027243815896601306006207314163947000292163,1756298764,2025-08-27 12:46:04,0.5
bitcoin-up-or-down-august-28-8pm-et,DOWN,65291832103314098292958390228316373027243815896601306006207314163947000292163,1756298823,2025-08-27 12:47:03,0.5
bitcoin-up-or-down-august-28-8pm-et,DOWN,65291832103314098292958390228316373027243815896601306006207314163947000292163,1756298882,2025-08-27 12:48:02,0.5
bitcoin-up-or-down-august-28-8pm-et,DOWN,65291832103314098292958390228316373027243815896601306006207314163947000292163,1756298942,2025-08-27 12:49:02,0.5
bitcoin-up-or-down-august-28-8pm-et,DOWN,65291832103314098292958390228316373027243815896601306006207314163947000292163,1756299005,2025-08-27 12:50:05,0.5
bitcoin-up-or-down-august-28-8pm-et,DOWN,65291832103314098292958390228316373027243815896601306006207314163947000292163,1756299064,2025-08-27 12:51:04,0.5
bitcoin-up-or-down-august-28-8pm-et,DOWN,65291832103314098292958390228316373027243815896601306006207314163947000292163,1756299124,2025-08-27 12:52:04,0.5
bitcoin-up-or-down-august-28-8pm-et,DOWN,65291832103314098292958390228316373027243815896601306006207314163947000292163,1756299183,2025-08-27 12:53:03,0.5
bitcoin-up-or-down-august-28-8pm-et,DOWN,65291832103314098292958390228316373027243815896601306006207314163947000292163,1756299243,2025-08-27 12:54:03,0.5
bitcoin-up-or-down-august-28-8pm-et,DOWN,65291832103314098292958390228316373027243815896601306006207314163947000292163,1756299316,2025-08-27 12:55:16,0.5
bitcoin-up-or-down-august-28-8pm-et,DOWN,65291832103314098292958390228316373027243815896601306006207314163947000292163,1756299362,2025-08-27 12:56:02,0.5
bitcoin-up-or-down-august-28-8pm-et,DOWN,65291832103314098292958390228316373027243815896601306006207314163947000292163,1756299423,2025-08-27 12:57:03,0.5
bitcoin-up-or-down-august-28-8pm-et,DOWN,65291832103314098292958390228316373027243815896601306006207314163947000292163,1756299482,2025-08-27 12:58:02,0.5
bitcoin-up-or-down-august-28-8pm-et,DOWN,65291832103314098292958390228316373027243815896601306006207314163947000292163,1756299543,2025-08-27 12:59:03,0.5
bitcoin-up-or-down-august-28-8pm-et,DOWN,65291832103314098292958390228316373027243815896601306006207314163947000292163,1756299611,2025-08-27 13:00:11,0.5
bitcoin-up-or-down-august-28-8pm-et,DOWN,65291832103314098292958390228316373027243815896601306006207314163947000292163,1756299663,2025-08-27 13:01:03,0.5
bitcoin-up-or-down-august-28-8pm-et,DOWN,65291832103314098292958390228316373027243815896601306006207314163947000292163,1756299722,2025-08-27 13:02:02,0.5
bitcoin-up-or-down-august-28-8pm-et,DOWN,65291832103314098292958390228316373027243815896601306006207314163947000292163,1756299782,2025-08-27 13:03:02,0.5
bitcoin-up-or-down-august-28-8pm-et,DOWN,65291832103314098292958390228316373027243815896601306006207314163947000292163,1756299843,2025-08-27 13:04:03,0.5
bitcoin-up-or-down-august-28-8pm-et,DOWN,65291832103314098292958390228316373027243815896601306006207314163947000292163,1756299906,2025-08-27 13:05:06,0.5
bitcoin-up-or-down-august-28-8pm-et,DOWN,65291832103314098292958390228316373027243815896601306006207314163947000292163,1756299965,2025-08-27 13:06:05,0.5
bitcoin-up-or-down-august-28-8pm-et,DOWN,65291832103314098292958390228316373027243815896601306006207314163947000292163,1756300023,2025-08-27 13:07:03,0.5
bitcoin-up-or-down-august-28-8pm-et,DOWN,65291832103314098292958390228316373027243815896601306006207314163947000292163,1756300082,2025-08-27 13:08:02,0.5
bitcoin-up-or-down-august-28-8pm-et,DOWN,65291832103314098292958390228316373027243815896601306006207314163947000292163,1756300144,2025-08-27 13:09:04,0.5
bitcoin-up-or-down-august-28-8pm-et,DOWN,65291832103314098292958390228316373027243815896601306006207314163947000292163,1756300206,2025-08-27 13:10:06,0.5
bitcoin-up-or-down-august-28-8pm-et,DOWN,65291832103314098292958390228316373027243815896601306006207314163947000292163,1756300263,2025-08-27 13:11:03,0.5
bitcoin-up-or-down-august-28-8pm-et,DOWN,65291832103314098292958390228316373027243815896601306006207314163947000292163,1756300323,2025-08-27 13:12:03,0.5
bitcoin-up-or-down-august-28-8pm-et,DOWN,65291832103314098292958390228316373027243815896601306006207314163947000292163,1756300383,2025-08-27 13:13:03,0.5
bitcoin-up-or-down-august-28-8pm-et,DOWN,65291832103314098292958390228316373027243815896601306006207314163947000292163,1756300442,2025-08-27 13:14:02,0.5
bitcoin-up-or-down-august-28-8pm-et,DOWN,65291832103314098292958390228316373027243815896601306006207314163947000292163,1756300502,2025-08-27 13:15:02,0.5
bitcoin-up-or-down-august-28-8pm-et,DOWN,65291832103314098292958390228316373027243815896601306006207314163947000292163,1756300562,2025-08-27 13:16:02,0.5
bitcoin-up-or-down-august-28-8pm-et,DOWN,65291832103314098292958390228316373027243815896601306006207314163947000292163,1756300623,2025-08-27 13:17:03,0.5
bitcoin-up-or-down-august-28-8pm-et,DOWN,65291832103314098292958390228316373027243815896601306006207314163947000292163,1756300683,2025-08-27 13:18:03,0.5
bitcoin-up-or-down-august-28-8pm-et,DOWN,65291832103314098292958390228316373027243815896601306006207314163947000292163,1756300744,2025-08-27 13:19:04,0.5
bitcoin-up-or-down-august-28-8pm-et,DOWN,65291832103314098292958390228316373027243815896601306006207314163947000292163,1756300816,2025-08-27 13:20:16,0.5
bitcoin-up-or-down-august-28-8pm-et,DOWN,65291832103314098292958390228316373027243815896601306006207314163947000292163,1756300863,2025-08-27 13:21:03,0.5
bitcoin-up-or-down-august-28-8pm-et,DOWN,65291832103314098292958390228316373027243815896601306006207314163947000292163,1756300922,2025-08-27 13:22:02,0.5
bitcoin-up-or-down-august-28-8pm-et,DOWN,65291832103314098292958390228316373027243815896601306006207314163947000292163,1756300984,2025-08-27 13:23:04,0.5
bitcoin-up-or-down-august-28-8pm-et,DOWN,65291832103314098292958390228316373027243815896601306006207314163947000292163,1756301043,2025-08-27 13:24:03,0.5
bitcoin-up-or-down-august-28-8pm-et,DOWN,65291832103314098292958390228316373027243815896601306006207314163947000292163,1756301107,2025-08-27 13:25:07,0.5
bitcoin-up-or-down-august-28-8pm-et,DOWN,65291832103314098292958390228316373027243815896601306006207314163947000292163,1756301164,2025-08-27 13:26:04,0.5
bitcoin-up-or-down-august-28-8pm-et,DOWN,65291832103314098292958390228316373027243815896601306006207314163947000292163,1756301222,2025-08-27 13:27:02,0.5
bitcoin-up-or-down-august-28-8pm-et,DOWN,65291832103314098292958390228316373027243815896601306006207314163947000292163,1756301283,2025-08-27 13:28:03,0.5
bitcoin-up-or-down-august-28-8pm-et,DOWN,65291832103314098292958390228316373027243815896601306006207314163947000292163,1756301343,2025-08-27 13:29:03,0.5
bitcoin-up-or-down-august-28-8pm-et,DOWN,65291832103314098292958390228316373027243815896601306006207314163947000292163,1756301414,2025-08-27 13:30:14,0.5
bitcoin-up-or-down-august-28-8pm-et,DOWN,65291832103314098292958390228316373027243815896601306006207314163947000292163,1756301463,2025-08-27 13:31:03,0.5
bitcoin-up-or-down-august-28-8pm-et,DOWN,65291832103314098292958390228316373027243815896601306006207314163947000292163,1756301522,2025-08-27 13:32:02,0.5
bitcoin-up-or-down-august-28-8pm-et,DOWN,65291832103314098292958390228316373027243815896601306006207314163947000292163,1756301582,2025-08-27 13:33:02,0.5
bitcoin-up-or-down-august-28-8pm-et,DOWN,65291832103314098292958390228316373027243815896601306006207314163947000292163,1756301643,2025-08-27 13:34:03,0.5
bitcoin-up-or-down-august-28-8pm-et,DOWN,65291832103314098292958390228316373027243815896601306006207314163947000292163,1756301702,2025-08-27 13:35:02,0.5
bitcoin-up-or-down-august-28-8pm-et,DOWN,65291832103314098292958390228316373027243815896601306006207314163947000292163,1756301762,2025-08-27 13:36:02,0.5
bitcoin-up-or-down-august-28-8pm-et,DOWN,65291832103314098292958390228316373027243815896601306006207314163947000292163,1756301823,2025-08-27 13:37:03,0.5
bitcoin-up-or-down-august-28-8pm-et,DOWN,65291832103314098292958390228316373027243815896601306006207314163947000292163,1756301882,2025-08-27 13:38:02,0.5
bitcoin-up-or-down-august-28-8pm-et,DOWN,65291832103314098292958390228316373027243815896601306006207314163947000292163,1756301944,2025-08-27 13:39:04,0.5
bitcoin-up-or-down-august-28-8pm-et,DOWN,65291832103314098292958390228316373027243815896601306006207314163947000292163,1756302010,2025-08-27 13:40:10,0.5
bitcoin-up-or-down-august-28-8pm-et,DOWN,65291832103314098292958390228316373027243815896601306006207314163947000292163,1756302062,2025-08-27 13:41:02,0.5
bitcoin-up-or-down-august-28-8pm-et,DOWN,65291832103314098292958390228316373027243815896601306006207314163947000292163,1756302122,2025-08-27 13:42:02,0.5
bitcoin-up-or-down-august-28-8pm-et,DOWN,65291832103314098292958390228316373027243815896601306006207314163947000292163,1756302183,2025-08-27 13:43:03,0.5
bitcoin-up-or-down-august-28-8pm-et,DOWN,65291832103314098292958390228316373027243815896601306006207314163947000292163,1756302242,2025-08-27 13:44:02,0.5
bitcoin-up-or-down-august-28-8pm-et,DOWN,65291832103314098292958390228316373027243815896601306006207314163947000292163,1756302313,2025-08-27 13:45:13,0.5
bitcoin-up-or-down-august-28-8pm-et,DOWN,65291832103314098292958390228316373027243815896601306006207314163947000292163,1756302363,2025-08-27 13:46:03,0.5
bitcoin-up-or-down-august-28-8pm-et,DOWN,65291832103314098292958390228316373027243815896601306006207314163947000292163,1756302423,2025-08-27 13:47:03,0.5
bitcoin-up-or-down-august-28-8pm-et,DOWN,65291832103314098292958390228316373027243815896601306006207314163947000292163,1756302483,2025-08-27 13:48:03,0.5
bitcoin-up-or-down-august-28-8pm-et,DOWN,65291832103314098292958390228316373027243815896601306006207314163947000292163,1756302544,2025-08-27 13:49:04,0.5
bitcoin-up-or-down-august-28-8pm-et,DOWN,65291832103314098292958390228316373027243815896601306006207314163947000292163,1756302607,2025-08-27 13:50:07,0.5
bitcoin-up-or-down-august-28-8pm-et,DOWN,65291832103314098292958390228316373027243815896601306006207314163947000292163,1756302662,2025-08-27 13:51:02,0.5
bitcoin-up-or-down-august-28-8pm-et,DOWN,65291832103314098292958390228316373027243815896601306006207314163947000292163,1756302722,2025-08-27 13:52:02,0.5
bitcoin-up-or-down-august-28-8pm-et,DOWN,65291832103314098292958390228316373027243815896601306006207314163947000292163,1756302783,2025-08-27 13:53:03,0.5
bitcoin-up-or-down-august-28-8pm-et,DOWN,65291832103314098292958390228316373027243815896601306006207314163947000292163,1756302843,2025-08-27 13:54:03,0.5
bitcoin-up-or-down-august-28-8pm-et,DOWN,65291832103314098292958390228316373027243815896601306006207314163947000292163,1756302914,2025-08-27 13:55:14,0.5
bitcoin-up-or-down-august-28-8pm-et,DOWN,65291832103314098292958390228316373027243815896601306006207314163947000292163,1756302963,2025-08-27 13:56:03,0.5
bitcoin-up-or-down-august-28-8pm-et,DOWN,65291832103314098292958390228316373027243815896601306006207314163947000292163,1756303024,2025-08-27 13:57:04,0.5
bitcoin-up-or-down-august-28-8pm-et,DOWN,65291832103314098292958390228316373027243815896601306006207314163947000292163,1756303083,2025-08-27 13:58:03,0.5
bitcoin-up-or-down-august-28-8pm-et,DOWN,65291832103314098292958390228316373027243815896601306006207314163947000292163,1756303142,2025-08-27 13:59:02,0.5
bitcoin-up-or-down-august-28-8pm-et,DOWN,65291832103314098292958390228316373027243815896601306006207314163947000292163,1756303208,2025-08-27 14:00:08,0.5
bitcoin-up-or-down-august-28-8pm-et,DOWN,65291832103314098292958390228316373027243815896601306006207314163947000292163,1756303264,2025-08-27 14:01:04,0.5
bitcoin-up-or-down-august-28-8pm-et,DOWN,65291832103314098292958390228316373027243815896601306006207314163947000292163,1756303324,2025-08-27 14:02:04,0.5
bitcoin-up-or-down-august-28-8pm-et,DOWN,65291832103314098292958390228316373027243815896601306006207314163947000292163,1756303383,2025-08-27 14:03:03,0.5
bitcoin-up-or-down-august-28-8pm-et,DOWN,65291832103314098292958390228316373027243815896601306006207314163947000292163,1756303442,2025-08-27 14:04:02,0.5
bitcoin-up-or-down-august-28-8pm-et,DOWN,65291832103314098292958390228316373027243815896601306006207314163947000292163,1756303505,2025-08-27 14:05:05,0.5
bitcoin-up-or-down-august-28-8pm-et,DOWN,65291832103314098292958390228316373027243815896601306006207314163947000292163,1756303564,2025-08-27 14:06:04,0.5
bitcoin-up-or-down-august-28-8pm-et,DOWN,65291832103314098292958390228316373027243815896601306006207314163947000292163,1756303624,2025-08-27 14:07:04,0.5
bitcoin-up-or-down-august-28-8pm-et,DOWN,65291832103314098292958390228316373027243815896601306006207314163947000292163,1756303683,2025-08-27 14:08:03,0.5
bitcoin-up-or-down-august-28-8pm-et,DOWN,65291832103314098292958390228316373027243815896601306006207314163947000292163,1756303743,2025-08-27 14:09:03,0.5
bitcoin-up-or-down-august-28-8pm-et,DOWN,65291832103314098292958390228316373027243815896601306006207314163947000292163,1756303804,2025-08-27 14:10:04,0.5
bitcoin-up-or-down-august-28-8pm-et,DOWN,65291832103314098292958390228316373027243815896601306006207314163947000292163,1756303864,2025-08-27 14:11:04,0.5
bitcoin-up-or-down-august-28-8pm-et,DOWN,65291832103314098292958390228316373027243815896601306006207314163947000292163,1756303922,2025-08-27 14:12:02,0.5
bitcoin-up-or-down-august-28-8pm-et,DOWN,65291832103314098292958390228316373027243815896601306006207314163947000292163,1756303982,2025-08-27 14:13:02,0.5
bitcoin-up-or-down-august-28-8pm-et,DOWN,65291832103314098292958390228316373027243815896601306006207314163947000292163,1756304042,2025-08-27 14:14:02,0.5
bitcoin-up-or-down-august-28-8pm-et,DOWN,65291832103314098292958390228316373027243815896601306006207314163947000292163,1756304117,2025-08-27 14:15:17,0.5
bitcoin-up-or-down-august-28-8pm-et,DOWN,65291832103314098292958390228316373027243815896601306006207314163947000292163,1756304162,2025-08-27 14:16:02,0.5
bitcoin-up-or-down-august-28-8pm-et,DOWN,65291832103314098292958390228316373027243815896601306006207314163947000292163,1756304224,2025-08-27 14:17:04,0.5
bitcoin-up-or-down-august-28-8pm-et,DOWN,65291832103314098292958390228316373027243815896601306006207314163947000292163,1756304283,2025-08-27 14:18:03,0.5
bitcoin-up-or-down-august-28-8pm-et,DOWN,65291832103314098292958390228316373027243815896601306006207314163947000292163,1756304343,2025-08-27 14:19:03,0.5
bitcoin-up-or-down-august-28-8pm-et,DOWN,65291832103314098292958390228316373027243815896601306006207314163947000292163,1756304419,2025-08-27 14:20:19,0.5
bitcoin-up-or-down-august-28-8pm-et,DOWN,65291832103314098292958390228316373027243815896601306006207314163947000292163,1756304463,2025-08-27 14:21:03,0.5
bitcoin-up-or-down-august-28-8pm-et,DOWN,65291832103314098292958390228316373027243815896601306006207314163947000292163,1756304522,2025-08-27 14:22:02,0.5
bitcoin-up-or-down-august-28-8pm-et,DOWN,65291832103314098292958390228316373027243815896601306006207314163947000292163,1756304584,2025-08-27 14:23:04,0.5
bitcoin-up-or-down-august-28-8pm-et,DOWN,65291832103314098292958390228316373027243815896601306006207314163947000292163,1756304642,2025-08-27 14:24:02,0.5
bitcoin-up-or-down-august-28-8pm-et,DOWN,65291832103314098292958390228316373027243815896601306006207314163947000292163,1756304709,2025-08-27 14:25:09,0.5
bitcoin-up-or-down-august-28-8pm-et,DOWN,65291832103314098292958390228316373027243815896601306006207314163947000292163,1756304763,2025-08-27 14:26:03,0.5
bitcoin-up-or-down-august-28-8pm-et,DOWN,65291832103314098292958390228316373027243815896601306006207314163947000292163,1756304822,2025-08-27 14:27:02,0.5
bitcoin-up-or-down-august-28-8pm-et,DOWN,65291832103314098292958390228316373027243815896601306006207314163947000292163,1756304883,2025-08-27 14:28:03,0.5
bitcoin-up-or-down-august-28-8pm-et,DOWN,65291832103314098292958390228316373027243815896601306006207314163947000292163,1756304943,2025-08-27 14:29:03,0.5
bitcoin-up-or-down-august-28-8pm-et,DOWN,65291832103314098292958390228316373027243815896601306006207314163947000292163,1756305009,2025-08-27 14:30:09,0.5
bitcoin-up-or-down-august-28-8pm-et,DOWN,65291832103314098292958390228316373027243815896601306006207314163947000292163,1756305064,2025-08-27 14:31:04,0.5
bitcoin-up-or-down-august-28-8pm-et,DOWN,65291832103314098292958390228316373027243815896601306006207314163947000292163,1756305122,2025-08-27 14:32:02,0.5
bitcoin-up-or-down-august-28-8pm-et,DOWN,65291832103314098292958390228316373027243815896601306006207314163947000292163,1756305184,2025-08-27 14:33:04,0.5
bitcoin-up-or-down-august-28-8pm-et,DOWN,65291832103314098292958390228316373027243815896601306006207314163947000292163,1756305243,2025-08-27 14:34:03,0.5
bitcoin-up-or-down-august-28-8pm-et,DOWN,65291832103314098292958390228316373027243815896601306006207314163947000292163,1756305308,2025-08-27 14:35:08,0.5
bitcoin-up-or-down-august-28-8pm-et,DOWN,65291832103314098292958390228316373027243815896601306006207314163947000292163,1756305363,2025-08-27 14:36:03,0.5
bitcoin-up-or-down-august-28-8pm-et,DOWN,65291832103314098292958390228316373027243815896601306006207314163947000292163,1756305422,2025-08-27 14:37:02,0.5
bitcoin-up-or-down-august-28-8pm-et,DOWN,65291832103314098292958390228316373027243815896601306006207314163947000292163,1756305485,2025-08-27 14:38:05,0.5
bitcoin-up-or-down-august-28-8pm-et,DOWN,65291832103314098292958390228316373027243815896601306006207314163947000292163,1756305543,2025-08-27 14:39:03,0.5
bitcoin-up-or-down-august-28-8pm-et,DOWN,65291832103314098292958390228316373027243815896601306006207314163947000292163,1756305615,2025-08-27 14:40:15,0.5
bitcoin-up-or-down-august-28-8pm-et,DOWN,65291832103314098292958390228316373027243815896601306006207314163947000292163,1756305663,2025-08-27 14:41:03,0.5
bitcoin-up-or-down-august-28-8pm-et,DOWN,65291832103314098292958390228316373027243815896601306006207314163947000292163,1756305723,2025-08-27 14:42:03,0.5
bitcoin-up-or-down-august-28-8pm-et,DOWN,65291832103314098292958390228316373027243815896601306006207314163947000292163,1756305782,2025-08-27 14:43:02,0.5
bitcoin-up-or-down-august-28-8pm-et,DOWN,65291832103314098292958390228316373027243815896601306006207314163947000292163,1756305844,2025-08-27 14:44:04,0.5
bitcoin-up-or-down-august-28-8pm-et,DOWN,65291832103314098292958390228316373027243815896601306006207314163947000292163,1756305911,2025-08-27 14:45:11,0.5
bitcoin-up-or-down-august-28-8pm-et,DOWN,65291832103314098292958390228316373027243815896601306006207314163947000292163,1756305962,2025-08-27 14:46:02,0.5
bitcoin-up-or-down-august-28-8pm-et,DOWN,65291832103314098292958390228316373027243815896601306006207314163947000292163,1756306022,2025-08-27 14:47:02,0.5
bitcoin-up-or-down-august-28-8pm-et,DOWN,65291832103314098292958390228316373027243815896601306006207314163947000292163,1756306082,2025-08-27 14:48:02,0.5
bitcoin-up-or-down-august-28-8pm-et,DOWN,65291832103314098292958390228316373027243815896601306006207314163947000292163,1756306142,2025-08-27 14:49:02,0.5
bitcoin-up-or-down-august-28-8pm-et,DOWN,65291832103314098292958390228316373027243815896601306006207314163947000292163,1756306215,2025-08-27 14:50:15,0.5
bitcoin-up-or-down-august-28-8pm-et,DOWN,65291832103314098292958390228316373027243815896601306006207314163947000292163,1756306263,2025-08-27 14:51:03,0.5
bitcoin-up-or-down-august-28-8pm-et,DOWN,65291832103314098292958390228316373027243815896601306006207314163947000292163,1756306322,2025-08-27 14:52:02,0.5
bitcoin-up-or-down-august-28-8pm-et,DOWN,65291832103314098292958390228316373027243815896601306006207314163947000292163,1756306384,2025-08-27 14:53:04,0.5
bitcoin-up-or-down-august-28-8pm-et,DOWN,65291832103314098292958390228316373027243815896601306006207314163947000292163,1756306443,2025-08-27 14:54:03,0.5
bitcoin-up-or-down-august-28-8pm-et,DOWN,65291832103314098292958390228316373027243815896601306006207314163947000292163,1756306509,2025-08-27 14:55:09,0.5
bitcoin-up-or-down-august-28-8pm-et,DOWN,65291832103314098292958390228316373027243815896601306006207314163947000292163,1756306562,2025-08-27 14:56:02,0.5
bitcoin-up-or-down-august-28-8pm-et,DOWN,65291832103314098292958390228316373027243815896601306006207314163947000292163,1756306622,2025-08-27 14:57:02,0.5
bitcoin-up-or-down-august-28-8pm-et,DOWN,65291832103314098292958390228316373027243815896601306006207314163947000292163,1756306684,2025-08-27 14:58:04,0.5
bitcoin-up-or-down-august-28-8pm-et,DOWN,65291832103314098292958390228316373027243815896601306006207314163947000292163,1756306743,2025-08-27 14:59:03,0.5
bitcoin-up-or-down-august-28-8pm-et,DOWN,65291832103314098292958390228316373027243815896601306006207314163947000292163,1756306816,2025-08-27 15:00:16,0.5
bitcoin-up-or-down-august-28-8pm-et,DOWN,65291832103314098292958390228316373027243815896601306006207314163947000292163,1756306862,2025-08-27 15:01:02,0.5
bitcoin-up-or-down-august-28-8pm-et,DOWN,65291832103314098292958390228316373027243815896601306006207314163947000292163,1756306924,2025-08-27 15:02:04,0.5
bitcoin-up-or-down-august-28-8pm-et,DOWN,65291832103314098292958390228316373027243815896601306006207314163947000292163,1756306982,2025-08-27 15:03:02,0.5
bitcoin-up-or-down-august-28-8pm-et,DOWN,65291832103314098292958390228316373027243815896601306006207314163947000292163,1756307043,2025-08-27 15:04:03,0.5
bitcoin-up-or-down-august-28-8pm-et,DOWN,65291832103314098292958390228316373027243815896601306006207314163947000292163,1756307102,2025-08-27 15:05:02,0.5
bitcoin-up-or-down-august-28-8pm-et,DOWN,65291832103314098292958390228316373027243815896601306006207314163947000292163,1756307163,2025-08-27 15:06:03,0.5
bitcoin-up-or-down-august-28-8pm-et,DOWN,65291832103314098292958390228316373027243815896601306006207314163947000292163,1756307222,2025-08-27 15:07:02,0.5
bitcoin-up-or-down-august-28-8pm-et,DOWN,65291832103314098292958390228316373027243815896601306006207314163947000292163,1756307283,2025-08-27 15:08:03,0.5
bitcoin-up-or-down-august-28-8pm-et,DOWN,65291832103314098292958390228316373027243815896601306006207314163947000292163,1756307344,2025-08-27 15:09:04,0.5
bitcoin-up-or-down-august-28-8pm-et,DOWN,65291832103314098292958390228316373027243815896601306006207314163947000292163,1756307411,2025-08-27 15:10:11,0.5
bitcoin-up-or-down-august-28-8pm-et,DOWN,65291832103314098292958390228316373027243815896601306006207314163947000292163,1756307464,2025-08-27 15:11:04,0.5
bitcoin-up-or-down-august-28-8pm-et,DOWN,65291832103314098292958390228316373027243815896601306006207314163947000292163,1756307523,2025-08-27 15:12:03,0.5
bitcoin-up-or-down-august-28-8pm-et,DOWN,65291832103314098292958390228316373027243815896601306006207314163947000292163,1756307582,2025-08-27 15:13:02,0.5
bitcoin-up-or-down-august-28-8pm-et,DOWN,65291832103314098292958390228316373027243815896601306006207314163947000292163,1756307644,2025-08-27 15:14:04,0.5
bitcoin-up-or-down-august-28-8pm-et,DOWN,65291832103314098292958390228316373027243815896601306006207314163947000292163,1756307716,2025-08-27 15:15:16,0.5
bitcoin-up-or-down-august-28-8pm-et,DOWN,65291832103314098292958390228316373027243815896601306006207314163947000292163,1756307764,2025-08-27 15:16:04,0.5
bitcoin-up-or-down-august-28-8pm-et,DOWN,65291832103314098292958390228316373027243815896601306006207314163947000292163,1756307822,2025-08-27 15:17:02,0.5
bitcoin-up-or-down-august-28-8pm-et,DOWN,65291832103314098292958390228316373027243815896601306006207314163947000292163,1756307882,2025-08-27 15:18:02,0.5
bitcoin-up-or-down-august-28-8pm-et,DOWN,65291832103314098292958390228316373027243815896601306006207314163947000292163,1756307942,2025-08-27 15:19:02,0.5
bitcoin-up-or-down-august-28-8pm-et,DOWN,65291832103314098292958390228316373027243815896601306006207314163947000292163,1756308017,2025-08-27 15:20:17,0.5
bitcoin-up-or-down-august-28-8pm-et,DOWN,65291832103314098292958390228316373027243815896601306006207314163947000292163,1756308063,2025-08-27 15:21:03,0.5
bitcoin-up-or-down-august-28-8pm-et,DOWN,65291832103314098292958390228316373027243815896601306006207314163947000292163,1756308123,2025-08-27 15:22:03,0.5
bitcoin-up-or-down-august-28-8pm-et,DOWN,65291832103314098292958390228316373027243815896601306006207314163947000292163,1756308184,2025-08-27 15:23:04,0.5
bitcoin-up-or-down-august-28-8pm-et,DOWN,65291832103314098292958390228316373027243815896601306006207314163947000292163,1756308242,2025-08-27 15:24:02,0.5
bitcoin-up-or-down-august-28-8pm-et,DOWN,65291832103314098292958390228316373027243815896601306006207314163947000292163,1756308311,2025-08-27 15:25:11,0.5
bitcoin-up-or-down-august-28-8pm-et,DOWN,65291832103314098292958390228316373027243815896601306006207314163947000292163,1756308362,2025-08-27 15:26:02,0.5
bitcoin-up-or-down-august-28-8pm-et,DOWN,65291832103314098292958390228316373027243815896601306006207314163947000292163,1756308423,2025-08-27 15:27:03,0.5
bitcoin-up-or-down-august-28-8pm-et,DOWN,65291832103314098292958390228316373027243815896601306006207314163947000292163,1756308482,2025-08-27 15:28:02,0.5
bitcoin-up-or-down-august-28-8pm-et,DOWN,65291832103314098292958390228316373027243815896601306006207314163947000292163,1756308543,2025-08-27 15:29:03,0.5
bitcoin-up-or-down-august-28-8pm-et,DOWN,65291832103314098292958390228316373027243815896601306006207314163947000292163,1756308607,2025-08-27 15:30:07,0.5
bitcoin-up-or-down-august-28-8pm-et,DOWN,65291832103314098292958390228316373027243815896601306006207314163947000292163,1756308662,2025-08-27 15:31:02,0.5
bitcoin-up-or-down-august-28-8pm-et,DOWN,65291832103314098292958390228316373027243815896601306006207314163947000292163,1756308724,2025-08-27 15:32:04,0.5
bitcoin-up-or-down-august-28-8pm-et,DOWN,65291832103314098292958390228316373027243815896601306006207314163947000292163,1756308782,2025-08-27 15:33:02,0.5
bitcoin-up-or-down-august-28-8pm-et,DOWN,65291832103314098292958390228316373027243815896601306006207314163947000292163,1756308844,2025-08-27 15:34:04,0.5
bitcoin-up-or-down-august-28-8pm-et,DOWN,65291832103314098292958390228316373027243815896601306006207314163947000292163,1756308904,2025-08-27 15:35:04,0.5
bitcoin-up-or-down-august-28-8pm-et,DOWN,65291832103314098292958390228316373027243815896601306006207314163947000292163,1756308963,2025-08-27 15:36:03,0.5
bitcoin-up-or-down-august-28-8pm-et,DOWN,65291832103314098292958390228316373027243815896601306006207314163947000292163,1756309023,2025-08-27 15:37:03,0.5
bitcoin-up-or-down-august-28-8pm-et,DOWN,65291832103314098292958390228316373027243815896601306006207314163947000292163,1756309082,2025-08-27 15:38:02,0.5
bitcoin-up-or-down-august-28-8pm-et,DOWN,65291832103314098292958390228316373027243815896601306006207314163947000292163,1756309142,2025-08-27 15:39:02,0.5
bitcoin-up-or-down-august-28-8pm-et,DOWN,65291832103314098292958390228316373027243815896601306006207314163947000292163,1756309202,2025-08-27 15:40:02,0.5
bitcoin-up-or-down-august-28-8pm-et,DOWN,65291832103314098292958390228316373027243815896601306006207314163947000292163,1756309263,2025-08-27 15:41:03,0.5
bitcoin-up-or-down-august-28-8pm-et,DOWN,65291832103314098292958390228316373027243815896601306006207314163947000292163,1756309323,2025-08-27 15:42:03,0.5
bitcoin-up-or-down-august-28-8pm-et,DOWN,65291832103314098292958390228316373027243815896601306006207314163947000292163,1756309384,2025-08-27 15:43:04,0.5
bitcoin-up-or-down-august-28-8pm-et,DOWN,65291832103314098292958390228316373027243815896601306006207314163947000292163,1756309442,2025-08-27 15:44:02,0.5
bitcoin-up-or-down-august-28-8pm-et,DOWN,65291832103314098292958390228316373027243815896601306006207314163947000292163,1756309505,2025-08-27 15:45:05,0.5
bitcoin-up-or-down-august-28-8pm-et,DOWN,65291832103314098292958390228316373027243815896601306006207314163947000292163,1756309563,2025-08-27 15:46:03,0.5
bitcoin-up-or-down-august-28-8pm-et,DOWN,65291832103314098292958390228316373027243815896601306006207314163947000292163,1756309623,2025-08-27 15:47:03,0.5
bitcoin-up-or-down-august-28-8pm-et,DOWN,65291832103314098292958390228316373027243815896601306006207314163947000292163,1756309683,2025-08-27 15:48:03,0.5
bitcoin-up-or-down-august-28-8pm-et,DOWN,65291832103314098292958390228316373027243815896601306006207314163947000292163,1756309744,2025-08-27 15:49:04,0.5
bitcoin-up-or-down-august-28-8pm-et,DOWN,65291832103314098292958390228316373027243815896601306006207314163947000292163,1756309803,2025-08-27 15:50:03,0.5
bitcoin-up-or-down-august-28-8pm-et,DOWN,65291832103314098292958390228316373027243815896601306006207314163947000292163,1756309863,2025-08-27 15:51:03,0.5
bitcoin-up-or-down-august-28-8pm-et,DOWN,65291832103314098292958390228316373027243815896601306006207314163947000292163,1756309922,2025-08-27 15:52:02,0.5
bitcoin-up-or-down-august-28-8pm-et,DOWN,65291832103314098292958390228316373027243815896601306006207314163947000292163,1756309982,2025-08-27 15:53:02,0.5
bitcoin-up-or-down-august-28-8pm-et,DOWN,65291832103314098292958390228316373027243815896601306006207314163947000292163,1756310043,2025-08-27 15:54:03,0.5
bitcoin-up-or-down-august-28-8pm-et,DOWN,65291832103314098292958390228316373027243815896601306006207314163947000292163,1756310103,2025-08-27 15:55:03,0.5
bitcoin-up-or-down-august-28-8pm-et,DOWN,65291832103314098292958390228316373027243815896601306006207314163947000292163,1756310163,2025-08-27 15:56:03,0.5
bitcoin-up-or-down-august-28-8pm-et,DOWN,65291832103314098292958390228316373027243815896601306006207314163947000292163,1756310224,2025-08-27 15:57:04,0.5
bitcoin-up-or-down-august-28-8pm-et,DOWN,65291832103314098292958390228316373027243815896601306006207314163947000292163,1756310283,2025-08-27 15:58:03,0.5
bitcoin-up-or-down-august-28-8pm-et,DOWN,65291832103314098292958390228316373027243815896601306006207314163947000292163,1756310343,2025-08-27 15:59:03,0.5
bitcoin-up-or-down-august-28-8pm-et,DOWN,65291832103314098292958390228316373027243815896601306006207314163947000292163,1756310415,2025-08-27 16:00:15,0.5
bitcoin-up-or-down-august-28-8pm-et,DOWN,65291832103314098292958390228316373027243815896601306006207314163947000292163,1756310464,2025-08-27 16:01:04,0.5
bitcoin-up-or-down-august-28-8pm-et,DOWN,65291832103314098292958390228316373027243815896601306006207314163947000292163,1756310523,2025-08-27 16:02:03,0.5
bitcoin-up-or-down-august-28-8pm-et,DOWN,65291832103314098292958390228316373027243815896601306006207314163947000292163,1756310583,2025-08-27 16:03:03,0.5
bitcoin-up-or-down-august-28-8pm-et,DOWN,65291832103314098292958390228316373027243815896601306006207314163947000292163,1756310643,2025-08-27 16:04:03,0.5
bitcoin-up-or-down-august-28-8pm-et,DOWN,65291832103314098292958390228316373027243815896601306006207314163947000292163,1756310713,2025-08-27 16:05:13,0.5
bitcoin-up-or-down-august-28-8pm-et,DOWN,65291832103314098292958390228316373027243815896601306006207314163947000292163,1756310778,2025-08-27 16:06:18,0.5
bitcoin-up-or-down-august-28-8pm-et,DOWN,65291832103314098292958390228316373027243815896601306006207314163947000292163,1756310823,2025-08-27 16:07:03,0.5
bitcoin-up-or-down-august-28-8pm-et,DOWN,65291832103314098292958390228316373027243815896601306006207314163947000292163,1756310883,2025-08-27 16:08:03,0.5
bitcoin-up-or-down-august-28-8pm-et,DOWN,65291832103314098292958390228316373027243815896601306006207314163947000292163,1756310945,2025-08-27 16:09:05,0.5
bitcoin-up-or-down-august-28-8pm-et,DOWN,65291832103314098292958390228316373027243815896601306006207314163947000292163,1756311006,2025-08-27 16:10:06,0.5
bitcoin-up-or-down-august-28-8pm-et,DOWN,65291832103314098292958390228316373027243815896601306006207314163947000292163,1756311064,2025-08-27 16:11:04,0.5
bitcoin-up-or-down-august-28-8pm-et,DOWN,65291832103314098292958390228316373027243815896601306006207314163947000292163,1756311123,2025-08-27 16:12:03,0.5
bitcoin-up-or-down-august-28-8pm-et,DOWN,65291832103314098292958390228316373027243815896601306006207314163947000292163,1756311182,2025-08-27 16:13:02,0.5
bitcoin-up-or-down-august-28-8pm-et,DOWN,65291832103314098292958390228316373027243815896601306006207314163947000292163,1756311242,2025-08-27 16:14:02,0.5
bitcoin-up-or-down-august-28-8pm-et,DOWN,65291832103314098292958390228316373027243815896601306006207314163947000292163,1756311304,2025-08-27 16:15:04,0.5
bitcoin-up-or-down-august-28-8pm-et,DOWN,65291832103314098292958390228316373027243815896601306006207314163947000292163,1756311363,2025-08-27 16:16:03,0.5
bitcoin-up-or-down-august-28-8pm-et,DOWN,65291832103314098292958390228316373027243815896601306006207314163947000292163,1756311424,2025-08-27 16:17:04,0.5
bitcoin-up-or-down-august-28-8pm-et,DOWN,65291832103314098292958390228316373027243815896601306006207314163947000292163,1756311484,2025-08-27 16:18:04,0.5
bitcoin-up-or-down-august-28-8pm-et,DOWN,65291832103314098292958390228316373027243815896601306006207314163947000292163,1756311542,2025-08-27 16:19:02,0.5
bitcoin-up-or-down-august-28-8pm-et,DOWN,65291832103314098292958390228316373027243815896601306006207314163947000292163,1756311608,2025-08-27 16:20:08,0.5
bitcoin-up-or-down-august-28-8pm-et,DOWN,65291832103314098292958390228316373027243815896601306006207314163947000292163,1756311662,2025-08-27 16:21:02,0.5
bitcoin-up-or-down-august-28-8pm-et,DOWN,65291832103314098292958390228316373027243815896601306006207314163947000292163,1756311722,2025-08-27 16:22:02,0.5
bitcoin-up-or-down-august-28-8pm-et,DOWN,65291832103314098292958390228316373027243815896601306006207314163947000292163,1756311784,2025-08-27 16:23:04,0.5
bitcoin-up-or-down-august-28-8pm-et,DOWN,65291832103314098292958390228316373027243815896601306006207314163947000292163,1756311842,2025-08-27 16:24:02,0.5
bitcoin-up-or-down-august-28-8pm-et,DOWN,65291832103314098292958390228316373027243815896601306006207314163947000292163,1756311909,2025-08-27 16:25:09,0.5
bitcoin-up-or-down-august-28-8pm-et,DOWN,65291832103314098292958390228316373027243815896601306006207314163947000292163,1756311964,2025-08-27 16:26:04,0.5
bitcoin-up-or-down-august-28-8pm-et,DOWN,65291832103314098292958390228316373027243815896601306006207314163947000292163,1756312023,2025-08-27 16:27:03,0.5
bitcoin-up-or-down-august-28-8pm-et,DOWN,65291832103314098292958390228316373027243815896601306006207314163947000292163,1756312083,2025-08-27 16:28:03,0.5
bitcoin-up-or-down-august-28-8pm-et,DOWN,65291832103314098292958390228316373027243815896601306006207314163947000292163,1756312143,2025-08-27 16:29:03,0.5
bitcoin-up-or-down-august-28-8pm-et,DOWN,65291832103314098292958390228316373027243815896601306006207314163947000292163,1756312218,2025-08-27 16:30:18,0.5
bitcoin-up-or-down-august-28-8pm-et,DOWN,65291832103314098292958390228316373027243815896601306006207314163947000292163,1756312262,2025-08-27 16:31:02,0.5
bitcoin-up-or-down-august-28-8pm-et,DOWN,65291832103314098292958390228316373027243815896601306006207314163947000292163,1756312323,2025-08-27 16:32:03,0.5
bitcoin-up-or-down-august-28-8pm-et,DOWN,65291832103314098292958390228316373027243815896601306006207314163947000292163,1756312383,2025-08-27 16:33:03,0.5
bitcoin-up-or-down-august-28-8pm-et,DOWN,65291832103314098292958390228316373027243815896601306006207314163947000292163,1756312442,2025-08-27 16:34:02,0.5
bitcoin-up-or-down-august-28-8pm-et,DOWN,65291832103314098292958390228316373027243815896601306006207314163947000292163,1756312515,2025-08-27 16:35:15,0.5
bitcoin-up-or-down-august-28-8pm-et,DOWN,65291832103314098292958390228316373027243815896601306006207314163947000292163,1756312563,2025-08-27 16:36:03,0.5
bitcoin-up-or-down-august-28-8pm-et,DOWN,65291832103314098292958390228316373027243815896601306006207314163947000292163,1756312622,2025-08-27 16:37:02,0.5
bitcoin-up-or-down-august-28-8pm-et,DOWN,65291832103314098292958390228316373027243815896601306006207314163947000292163,1756312682,2025-08-27 16:38:02,0.5
bitcoin-up-or-down-august-28-8pm-et,DOWN,65291832103314098292958390228316373027243815896601306006207314163947000292163,1756312743,2025-08-27 16:39:03,0.5
bitcoin-up-or-down-august-28-8pm-et,DOWN,65291832103314098292958390228316373027243815896601306006207314163947000292163,1756312807,2025-08-27 16:40:07,0.5
bitcoin-up-or-down-august-28-8pm-et,DOWN,65291832103314098292958390228316373027243815896601306006207314163947000292163,1756312864,2025-08-27 16:41:04,0.5
bitcoin-up-or-down-august-28-8pm-et,DOWN,65291832103314098292958390228316373027243815896601306006207314163947000292163,1756312924,2025-08-27 16:42:04,0.5
bitcoin-up-or-down-august-28-8pm-et,DOWN,65291832103314098292958390228316373027243815896601306006207314163947000292163,1756312982,2025-08-27 16:43:02,0.5
bitcoin-up-or-down-august-28-8pm-et,DOWN,65291832103314098292958390228316373027243815896601306006207314163947000292163,1756313044,2025-08-27 16:44:04,0.5
bitcoin-up-or-down-august-28-8pm-et,DOWN,65291832103314098292958390228316373027243815896601306006207314163947000292163,1756313104,2025-08-27 16:45:04,0.5
bitcoin-up-or-down-august-28-8pm-et,DOWN,65291832103314098292958390228316373027243815896601306006207314163947000292163,1756313164,2025-08-27 16:46:04,0.5
bitcoin-up-or-down-august-28-8pm-et,DOWN,65291832103314098292958390228316373027243815896601306006207314163947000292163,1756313222,2025-08-27 16:47:02,0.5
bitcoin-up-or-down-august-28-8pm-et,DOWN,65291832103314098292958390228316373027243815896601306006207314163947000292163,1756313284,2025-08-27 16:48:04,0.5
bitcoin-up-or-down-august-28-8pm-et,DOWN,65291832103314098292958390228316373027243815896601306006207314163947000292163,1756313344,2025-08-27 16:49:04,0.5
bitcoin-up-or-down-august-28-8pm-et,DOWN,65291832103314098292958390228316373027243815896601306006207314163947000292163,1756313404,2025-08-27 16:50:04,0.5
bitcoin-up-or-down-august-28-8pm-et,DOWN,65291832103314098292958390228316373027243815896601306006207314163947000292163,1756313464,2025-08-27 16:51:04,0.5
bitcoin-up-or-down-august-28-8pm-et,DOWN,65291832103314098292958390228316373027243815896601306006207314163947000292163,1756313522,2025-08-27 16:52:02,0.5
bitcoin-up-or-down-august-28-8pm-et,DOWN,65291832103314098292958390228316373027243815896601306006207314163947000292163,1756313583,2025-08-27 16:53:03,0.5
bitcoin-up-or-down-august-28-8pm-et,DOWN,65291832103314098292958390228316373027243815896601306006207314163947000292163,1756313642,2025-08-27 16:54:02,0.5
bitcoin-up-or-down-august-28-8pm-et,DOWN,65291832103314098292958390228316373027243815896601306006207314163947000292163,1756313706,2025-08-27 16:55:06,0.5
bitcoin-up-or-down-august-28-8pm-et,DOWN,65291832103314098292958390228316373027243815896601306006207314163947000292163,1756313762,2025-08-27 16:56:02,0.5
bitcoin-up-or-down-august-28-8pm-et,DOWN,65291832103314098292958390228316373027243815896601306006207314163947000292163,1756313823,2025-08-27 16:57:03,0.5
bitcoin-up-or-down-august-28-8pm-et,DOWN,65291832103314098292958390228316373027243815896601306006207314163947000292163,1756313883,2025-08-27 16:58:03,0.5
bitcoin-up-or-down-august-28-8pm-et,DOWN,65291832103314098292958390228316373027243815896601306006207314163947000292163,1756313944,2025-08-27 16:59:04,0.5
bitcoin-up-or-down-august-28-8pm-et,DOWN,65291832103314098292958390228316373027243815896601306006207314163947000292163,1756314005,2025-08-27 17:00:05,0.5
bitcoin-up-or-down-august-28-8pm-et,DOWN,65291832103314098292958390228316373027243815896601306006207314163947000292163,1756314063,2025-08-27 17:01:03,0.5
bitcoin-up-or-down-august-28-8pm-et,DOWN,65291832103314098292958390228316373027243815896601306006207314163947000292163,1756314123,2025-08-27 17:02:03,0.5
bitcoin-up-or-down-august-28-8pm-et,DOWN,65291832103314098292958390228316373027243815896601306006207314163947000292163,1756314183,2025-08-27 17:03:03,0.5
bitcoin-up-or-down-august-28-8pm-et,DOWN,65291832103314098292958390228316373027243815896601306006207314163947000292163,1756314242,2025-08-27 17:04:02,0.5
bitcoin-up-or-down-august-28-8pm-et,DOWN,65291832103314098292958390228316373027243815896601306006207314163947000292163,1756314314,2025-08-27 17:05:14,0.5
bitcoin-up-or-down-august-28-8pm-et,DOWN,65291832103314098292958390228316373027243815896601306006207314163947000292163,1756314363,2025-08-27 17:06:03,0.5
bitcoin-up-or-down-august-28-8pm-et,DOWN,65291832103314098292958390228316373027243815896601306006207314163947000292163,1756314423,2025-08-27 17:07:03,0.5
bitcoin-up-or-down-august-28-8pm-et,DOWN,65291832103314098292958390228316373027243815896601306006207314163947000292163,1756314482,2025-08-27 17:08:02,0.5
bitcoin-up-or-down-august-28-8pm-et,DOWN,65291832103314098292958390228316373027243815896601306006207314163947000292163,1756314542,2025-08-27 17:09:02,0.5
bitcoin-up-or-down-august-28-8pm-et,DOWN,65291832103314098292958390228316373027243815896601306006207314163947000292163,1756314616,2025-08-27 17:10:16,0.5
bitcoin-up-or-down-august-28-8pm-et,DOWN,65291832103314098292958390228316373027243815896601306006207314163947000292163,1756314663,2025-08-27 17:11:03,0.5
bitcoin-up-or-down-august-28-8pm-et,DOWN,65291832103314098292958390228316373027243815896601306006207314163947000292163,1756314724,2025-08-27 17:12:04,0.5
bitcoin-up-or-down-august-28-8pm-et,DOWN,65291832103314098292958390228316373027243815896601306006207314163947000292163,1756314783,2025-08-27 17:13:03,0.5
bitcoin-up-or-down-august-28-8pm-et,DOWN,65291832103314098292958390228316373027243815896601306006207314163947000292163,1756314843,2025-08-27 17:14:03,0.5
bitcoin-up-or-down-august-28-8pm-et,DOWN,65291832103314098292958390228316373027243815896601306006207314163947000292163,1756314902,2025-08-27 17:15:02,0.5
bitcoin-up-or-down-august-28-8pm-et,DOWN,65291832103314098292958390228316373027243815896601306006207314163947000292163,1756314963,2025-08-27 17:16:03,0.5
bitcoin-up-or-down-august-28-8pm-et,DOWN,65291832103314098292958390228316373027243815896601306006207314163947000292163,1756315024,2025-08-27 17:17:04,0.5
bitcoin-up-or-down-august-28-8pm-et,DOWN,65291832103314098292958390228316373027243815896601306006207314163947000292163,1756315083,2025-08-27 17:18:03,0.5
bitcoin-up-or-down-august-28-8pm-et,DOWN,65291832103314098292958390228316373027243815896601306006207314163947000292163,1756315143,2025-08-27 17:19:03,0.5
bitcoin-up-or-down-august-28-8pm-et,DOWN,65291832103314098292958390228316373027243815896601306006207314163947000292163,1756315208,2025-08-27 17:20:08,0.5
bitcoin-up-or-down-august-28-8pm-et,DOWN,65291832103314098292958390228316373027243815896601306006207314163947000292163,1756315263,2025-08-27 17:21:03,0.5
bitcoin-up-or-down-august-28-8pm-et,DOWN,65291832103314098292958390228316373027243815896601306006207314163947000292163,1756315323,2025-08-27 17:22:03,0.5
bitcoin-up-or-down-august-28-8pm-et,DOWN,65291832103314098292958390228316373027243815896601306006207314163947000292163,1756315384,2025-08-27 17:23:04,0.5
bitcoin-up-or-down-august-28-8pm-et,DOWN,65291832103314098292958390228316373027243815896601306006207314163947000292163,1756315443,2025-08-27 17:24:03,0.5
bitcoin-up-or-down-august-28-8pm-et,DOWN,65291832103314098292958390228316373027243815896601306006207314163947000292163,1756315509,2025-08-27 17:25:09,0.5
bitcoin-up-or-down-august-28-8pm-et,DOWN,65291832103314098292958390228316373027243815896601306006207314163947000292163,1756315564,2025-08-27 17:26:04,0.5
bitcoin-up-or-down-august-28-8pm-et,DOWN,65291832103314098292958390228316373027243815896601306006207314163947000292163,1756315623,2025-08-27 17:27:03,0.5
bitcoin-up-or-down-august-28-8pm-et,DOWN,65291832103314098292958390228316373027243815896601306006207314163947000292163,1756315684,2025-08-27 17:28:04,0.5
bitcoin-up-or-down-august-28-8pm-et,DOWN,65291832103314098292958390228316373027243815896601306006207314163947000292163,1756315744,2025-08-27 17:29:04,0.5
bitcoin-up-or-down-august-28-8pm-et,DOWN,65291832103314098292958390228316373027243815896601306006207314163947000292163,1756315817,2025-08-27 17:30:17,0.5
bitcoin-up-or-down-august-28-8pm-et,DOWN,65291832103314098292958390228316373027243815896601306006207314163947000292163,1756315862,2025-08-27 17:31:02,0.5
bitcoin-up-or-down-august-28-8pm-et,DOWN,65291832103314098292958390228316373027243815896601306006207314163947000292163,1756315923,2025-08-27 17:32:03,0.5
bitcoin-up-or-down-august-28-8pm-et,DOWN,65291832103314098292958390228316373027243815896601306006207314163947000292163,1756315982,2025-08-27 17:33:02,0.5
bitcoin-up-or-down-august-28-8pm-et,DOWN,65291832103314098292958390228316373027243815896601306006207314163947000292163,1756316043,2025-08-27 17:34:03,0.5
bitcoin-up-or-down-august-28-8pm-et,DOWN,65291832103314098292958390228316373027243815896601306006207314163947000292163,1756316110,2025-08-27 17:35:10,0.5
bitcoin-up-or-down-august-28-8pm-et,DOWN,65291832103314098292958390228316373027243815896601306006207314163947000292163,1756316162,2025-08-27 17:36:02,0.5
bitcoin-up-or-down-august-28-8pm-et,DOWN,65291832103314098292958390228316373027243815896601306006207314163947000292163,1756316223,2025-08-27 17:37:03,0.5
bitcoin-up-or-down-august-28-8pm-et,DOWN,65291832103314098292958390228316373027243815896601306006207314163947000292163,1756316283,2025-08-27 17:38:03,0.5
bitcoin-up-or-down-august-28-8pm-et,DOWN,65291832103314098292958390228316373027243815896601306006207314163947000292163,1756316342,2025-08-27 17:39:02,0.5
bitcoin-up-or-down-august-28-8pm-et,DOWN,65291832103314098292958390228316373027243815896601306006207314163947000292163,1756316411,2025-08-27 17:40:11,0.5
bitcoin-up-or-down-august-28-8pm-et,DOWN,65291832103314098292958390228316373027243815896601306006207314163947000292163,1756316464,2025-08-27 17:41:04,0.5
bitcoin-up-or-down-august-28-8pm-et,DOWN,65291832103314098292958390228316373027243815896601306006207314163947000292163,1756316523,2025-08-27 17:42:03,0.5
bitcoin-up-or-down-august-28-8pm-et,DOWN,65291832103314098292958390228316373027243815896601306006207314163947000292163,1756316583,2025-08-27 17:43:03,0.5
bitcoin-up-or-down-august-28-8pm-et,DOWN,65291832103314098292958390228316373027243815896601306006207314163947000292163,1756316643,2025-08-27 17:44:03,0.5
bitcoin-up-or-down-august-28-8pm-et,DOWN,65291832103314098292958390228316373027243815896601306006207314163947000292163,1756316703,2025-08-27 17:45:03,0.5
bitcoin-up-or-down-august-28-8pm-et,DOWN,65291832103314098292958390228316373027243815896601306006207314163947000292163,1756316763,2025-08-27 17:46:03,0.5
bitcoin-up-or-down-august-28-8pm-et,DOWN,65291832103314098292958390228316373027243815896601306006207314163947000292163,1756316823,2025-08-27 17:47:03,0.5
bitcoin-up-or-down-august-28-8pm-et,DOWN,65291832103314098292958390228316373027243815896601306006207314163947000292163,1756316883,2025-08-27 17:48:03,0.5
bitcoin-up-or-down-august-28-8pm-et,DOWN,65291832103314098292958390228316373027243815896601306006207314163947000292163,1756316943,2025-08-27 17:49:03,0.5
bitcoin-up-or-down-august-28-8pm-et,DOWN,65291832103314098292958390228316373027243815896601306006207314163947000292163,1756317008,2025-08-27 17:50:08,0.5
bitcoin-up-or-down-august-28-8pm-et,DOWN,65291832103314098292958390228316373027243815896601306006207314163947000292163,1756317064,2025-08-27 17:51:04,0.5
bitcoin-up-or-down-august-28-8pm-et,DOWN,65291832103314098292958390228316373027243815896601306006207314163947000292163,1756317123,2025-08-27 17:52:03,0.5
bitcoin-up-or-down-august-28-8pm-et,DOWN,65291832103314098292958390228316373027243815896601306006207314163947000292163,1756317183,2025-08-27 17:53:03,0.5
bitcoin-up-or-down-august-28-8pm-et,DOWN,65291832103314098292958390228316373027243815896601306006207314163947000292163,1756317244,2025-08-27 17:54:04,0.5
bitcoin-up-or-down-august-28-8pm-et,DOWN,65291832103314098292958390228316373027243815896601306006207314163947000292163,1756317308,2025-08-27 17:55:08,0.5
bitcoin-up-or-down-august-28-8pm-et,DOWN,65291832103314098292958390228316373027243815896601306006207314163947000292163,1756317364,2025-08-27 17:56:04,0.5
bitcoin-up-or-down-august-28-8pm-et,DOWN,65291832103314098292958390228316373027243815896601306006207314163947000292163,1756317422,2025-08-27 17:57:02,0.5
bitcoin-up-or-down-august-28-8pm-et,DOWN,65291832103314098292958390228316373027243815896601306006207314163947000292163,1756317482,2025-08-27 17:58:02,0.5
bitcoin-up-or-down-august-28-8pm-et,DOWN,65291832103314098292958390228316373027243815896601306006207314163947000292163,1756317544,2025-08-27 17:59:04,0.5
bitcoin-up-or-down-august-28-8pm-et,DOWN,65291832103314098292958390228316373027243815896601306006207314163947000292163,1756317610,2025-08-27 18:00:10,0.5
bitcoin-up-or-down-august-28-8pm-et,DOWN,65291832103314098292958390228316373027243815896601306006207314163947000292163,1756317663,2025-08-27 18:01:03,0.5
bitcoin-up-or-down-august-28-8pm-et,DOWN,65291832103314098292958390228316373027243815896601306006207314163947000292163,1756317722,2025-08-27 18:02:02,0.5
bitcoin-up-or-down-august-28-8pm-et,DOWN,65291832103314098292958390228316373027243815896601306006207314163947000292163,1756317782,2025-08-27 18:03:02,0.5
bitcoin-up-or-down-august-28-8pm-et,DOWN,65291832103314098292958390228316373027243815896601306006207314163947000292163,1756317843,2025-08-27 18:04:03,0.5
bitcoin-up-or-down-august-28-8pm-et,DOWN,65291832103314098292958390228316373027243815896601306006207314163947000292163,1756317904,2025-08-27 18:05:04,0.5
bitcoin-up-or-down-august-28-8pm-et,DOWN,65291832103314098292958390228316373027243815896601306006207314163947000292163,1756317963,2025-08-27 18:06:03,0.5
bitcoin-up-or-down-august-28-8pm-et,DOWN,65291832103314098292958390228316373027243815896601306006207314163947000292163,1756318024,2025-08-27 18:07:04,0.5
bitcoin-up-or-down-august-28-8pm-et,DOWN,65291832103314098292958390228316373027243815896601306006207314163947000292163,1756318083,2025-08-27 18:08:03,0.5
bitcoin-up-or-down-august-28-8pm-et,DOWN,65291832103314098292958390228316373027243815896601306006207314163947000292163,1756318144,2025-08-27 18:09:04,0.5
bitcoin-up-or-down-august-28-8pm-et,DOWN,65291832103314098292958390228316373027243815896601306006207314163947000292163,1756318204,2025-08-27 18:10:04,0.5
bitcoin-up-or-down-august-28-8pm-et,DOWN,65291832103314098292958390228316373027243815896601306006207314163947000292163,1756318263,2025-08-27 18:11:03,0.5
bitcoin-up-or-down-august-28-8pm-et,DOWN,65291832103314098292958390228316373027243815896601306006207314163947000292163,1756318323,2025-08-27 18:12:03,0.5
bitcoin-up-or-down-august-28-8pm-et,DOWN,65291832103314098292958390228316373027243815896601306006207314163947000292163,1756318383,2025-08-27 18:13:03,0.5
bitcoin-up-or-down-august-28-8pm-et,DOWN,65291832103314098292958390228316373027243815896601306006207314163947000292163,1756318443,2025-08-27 18:14:03,0.5
bitcoin-up-or-down-august-28-8pm-et,DOWN,65291832103314098292958390228316373027243815896601306006207314163947000292163,1756318503,2025-08-27 18:15:03,0.5
bitcoin-up-or-down-august-28-8pm-et,DOWN,65291832103314098292958390228316373027243815896601306006207314163947000292163,1756318563,2025-08-27 18:16:03,0.5
bitcoin-up-or-down-august-28-8pm-et,DOWN,65291832103314098292958390228316373027243815896601306006207314163947000292163,1756318622,2025-08-27 18:17:02,0.5
bitcoin-up-or-down-august-28-8pm-et,DOWN,65291832103314098292958390228316373027243815896601306006207314163947000292163,1756318682,2025-08-27 18:18:02,0.5
bitcoin-up-or-down-august-28-8pm-et,DOWN,65291832103314098292958390228316373027243815896601306006207314163947000292163,1756318742,2025-08-27 18:19:02,0.5
bitcoin-up-or-down-august-28-8pm-et,DOWN,65291832103314098292958390228316373027243815896601306006207314163947000292163,1756318811,2025-08-27 18:20:11,0.5
bitcoin-up-or-down-august-28-8pm-et,DOWN,65291832103314098292958390228316373027243815896601306006207314163947000292163,1756318862,2025-08-27 18:21:02,0.5
bitcoin-up-or-down-august-28-8pm-et,DOWN,65291832103314098292958390228316373027243815896601306006207314163947000292163,1756318923,2025-08-27 18:22:03,0.5
bitcoin-up-or-down-august-28-8pm-et,DOWN,65291832103314098292958390228316373027243815896601306006207314163947000292163,1756318983,2025-08-27 18:23:03,0.5
bitcoin-up-or-down-august-28-8pm-et,DOWN,65291832103314098292958390228316373027243815896601306006207314163947000292163,1756319044,2025-08-27 18:24:04,0.5
bitcoin-up-or-down-august-28-8pm-et,DOWN,65291832103314098292958390228316373027243815896601306006207314163947000292163,1756319111,2025-08-27 18:25:11,0.5
bitcoin-up-or-down-august-28-8pm-et,DOWN,65291832103314098292958390228316373027243815896601306006207314163947000292163,1756319164,2025-08-27 18:26:04,0.5
bitcoin-up-or-down-august-28-8pm-et,DOWN,65291832103314098292958390228316373027243815896601306006207314163947000292163,1756319222,2025-08-27 18:27:02,0.5
bitcoin-up-or-down-august-28-8pm-et,DOWN,65291832103314098292958390228316373027243815896601306006207314163947000292163,1756319283,2025-08-27 18:28:03,0.5
bitcoin-up-or-down-august-28-8pm-et,DOWN,65291832103314098292958390228316373027243815896601306006207314163947000292163,1756319342,2025-08-27 18:29:02,0.5
bitcoin-up-or-down-august-28-8pm-et,DOWN,65291832103314098292958390228316373027243815896601306006207314163947000292163,1756319419,2025-08-27 18:30:19,0.5
bitcoin-up-or-down-august-28-8pm-et,DOWN,65291832103314098292958390228316373027243815896601306006207314163947000292163,1756319463,2025-08-27 18:31:03,0.5
bitcoin-up-or-down-august-28-8pm-et,DOWN,65291832103314098292958390228316373027243815896601306006207314163947000292163,1756319522,2025-08-27 18:32:02,0.5
bitcoin-up-or-down-august-28-8pm-et,DOWN,65291832103314098292958390228316373027243815896601306006207314163947000292163,1756319583,2025-08-27 18:33:03,0.5
bitcoin-up-or-down-august-28-8pm-et,DOWN,65291832103314098292958390228316373027243815896601306006207314163947000292163,1756319643,2025-08-27 18:34:03,0.5
bitcoin-up-or-down-august-28-8pm-et,DOWN,65291832103314098292958390228316373027243815896601306006207314163947000292163,1756319707,2025-08-27 18:35:07,0.5
bitcoin-up-or-down-august-28-8pm-et,DOWN,65291832103314098292958390228316373027243815896601306006207314163947000292163,1756319763,2025-08-27 18:36:03,0.5
bitcoin-up-or-down-august-28-8pm-et,DOWN,65291832103314098292958390228316373027243815896601306006207314163947000292163,1756319823,2025-08-27 18:37:03,0.5
bitcoin-up-or-down-august-28-8pm-et,DOWN,65291832103314098292958390228316373027243815896601306006207314163947000292163,1756319884,2025-08-27 18:38:04,0.5
bitcoin-up-or-down-august-28-8pm-et,DOWN,65291832103314098292958390228316373027243815896601306006207314163947000292163,1756319944,2025-08-27 18:39:04,0.5
bitcoin-up-or-down-august-28-8pm-et,DOWN,65291832103314098292958390228316373027243815896601306006207314163947000292163,1756320014,2025-08-27 18:40:14,0.5
bitcoin-up-or-down-august-28-8pm-et,DOWN,65291832103314098292958390228316373027243815896601306006207314163947000292163,1756320065,2025-08-27 18:41:05,0.5
bitcoin-up-or-down-august-28-8pm-et,DOWN,65291832103314098292958390228316373027243815896601306006207314163947000292163,1756320124,2025-08-27 18:42:04,0.5
bitcoin-up-or-down-august-28-8pm-et,DOWN,65291832103314098292958390228316373027243815896601306006207314163947000292163,1756320183,2025-08-27 18:43:03,0.5
bitcoin-up-or-down-august-28-8pm-et,DOWN,65291832103314098292958390228316373027243815896601306006207314163947000292163,1756320242,2025-08-27 18:44:02,0.5
bitcoin-up-or-down-august-28-8pm-et,DOWN,65291832103314098292958390228316373027243815896601306006207314163947000292163,1756320314,2025-08-27 18:45:14,0.5
bitcoin-up-or-down-august-28-8pm-et,DOWN,65291832103314098292958390228316373027243815896601306006207314163947000292163,1756320363,2025-08-27 18:46:03,0.5
bitcoin-up-or-down-august-28-8pm-et,DOWN,65291832103314098292958390228316373027243815896601306006207314163947000292163,1756320422,2025-08-27 18:47:02,0.5
bitcoin-up-or-down-august-28-8pm-et,DOWN,65291832103314098292958390228316373027243815896601306006207314163947000292163,1756320482,2025-08-27 18:48:02,0.5
bitcoin-up-or-down-august-28-8pm-et,DOWN,65291832103314098292958390228316373027243815896601306006207314163947000292163,1756320543,2025-08-27 18:49:03,0.5
bitcoin-up-or-down-august-28-8pm-et,DOWN,65291832103314098292958390228316373027243815896601306006207314163947000292163,1756320613,2025-08-27 18:50:13,0.5
bitcoin-up-or-down-august-28-8pm-et,DOWN,65291832103314098292958390228316373027243815896601306006207314163947000292163,1756320663,2025-08-27 18:51:03,0.5
bitcoin-up-or-down-august-28-8pm-et,DOWN,65291832103314098292958390228316373027243815896601306006207314163947000292163,1756320724,2025-08-27 18:52:04,0.5
bitcoin-up-or-down-august-28-8pm-et,DOWN,65291832103314098292958390228316373027243815896601306006207314163947000292163,1756320782,2025-08-27 18:53:02,0.5
bitcoin-up-or-down-august-28-8pm-et,DOWN,65291832103314098292958390228316373027243815896601306006207314163947000292163,1756320842,2025-08-27 18:54:02,0.5
bitcoin-up-or-down-august-28-8pm-et,DOWN,65291832103314098292958390228316373027243815896601306006207314163947000292163,1756320914,2025-08-27 18:55:14,0.5
bitcoin-up-or-down-august-28-8pm-et,DOWN,65291832103314098292958390228316373027243815896601306006207314163947000292163,1756320963,2025-08-27 18:56:03,0.5
bitcoin-up-or-down-august-28-8pm-et,DOWN,65291832103314098292958390228316373027243815896601306006207314163947000292163,1756321023,2025-08-27 18:57:03,0.5
bitcoin-up-or-down-august-28-8pm-et,DOWN,65291832103314098292958390228316373027243815896601306006207314163947000292163,1756321083,2025-08-27 18:58:03,0.5
bitcoin-up-or-down-august-28-8pm-et,DOWN,65291832103314098292958390228316373027243815896601306006207314163947000292163,1756321143,2025-08-27 18:59:03,0.5
bitcoin-up-or-down-august-28-8pm-et,DOWN,65291832103314098292958390228316373027243815896601306006207314163947000292163,1756321202,2025-08-27 19:00:02,0.5
bitcoin-up-or-down-august-28-8pm-et,DOWN,65291832103314098292958390228316373027243815896601306006207314163947000292163,1756321262,2025-08-27 19:01:02,0.5
bitcoin-up-or-down-august-28-8pm-et,DOWN,65291832103314098292958390228316373027243815896601306006207314163947000292163,1756321323,2025-08-27 19:02:03,0.5
bitcoin-up-or-down-august-28-8pm-et,DOWN,65291832103314098292958390228316373027243815896601306006207314163947000292163,1756321383,2025-08-27 19:03:03,0.5
bitcoin-up-or-down-august-28-8pm-et,DOWN,65291832103314098292958390228316373027243815896601306006207314163947000292163,1756321442,2025-08-27 19:04:02,0.5
bitcoin-up-or-down-august-28-8pm-et,DOWN,65291832103314098292958390228316373027243815896601306006207314163947000292163,1756321505,2025-08-27 19:05:05,0.5
bitcoin-up-or-down-august-28-8pm-et,DOWN,65291832103314098292958390228316373027243815896601306006207314163947000292163,1756321563,2025-08-27 19:06:03,0.5
bitcoin-up-or-down-august-28-8pm-et,DOWN,65291832103314098292958390228316373027243815896601306006207314163947000292163,1756321623,2025-08-27 19:07:03,0.5
bitcoin-up-or-down-august-28-8pm-et,DOWN,65291832103314098292958390228316373027243815896601306006207314163947000292163,1756321684,2025-08-27 19:08:04,0.5
bitcoin-up-or-down-august-28-8pm-et,DOWN,65291832103314098292958390228316373027243815896601306006207314163947000292163,1756321743,2025-08-27 19:09:03,0.5
bitcoin-up-or-down-august-28-8pm-et,DOWN,65291832103314098292958390228316373027243815896601306006207314163947000292163,1756321816,2025-08-27 19:10:16,0.5
bitcoin-up-or-down-august-28-8pm-et,DOWN,65291832103314098292958390228316373027243815896601306006207314163947000292163,1756321862,2025-08-27 19:11:02,0.5
bitcoin-up-or-down-august-28-8pm-et,DOWN,65291832103314098292958390228316373027243815896601306006207314163947000292163,1756321922,2025-08-27 19:12:02,0.5
bitcoin-up-or-down-august-28-8pm-et,DOWN,65291832103314098292958390228316373027243815896601306006207314163947000292163,1756321983,2025-08-27 19:13:03,0.5
bitcoin-up-or-down-august-28-8pm-et,DOWN,65291832103314098292958390228316373027243815896601306006207314163947000292163,1756322044,2025-08-27 19:14:04,0.5
bitcoin-up-or-down-august-28-8pm-et,DOWN,65291832103314098292958390228316373027243815896601306006207314163947000292163,1756322106,2025-08-27 19:15:06,0.5
bitcoin-up-or-down-august-28-8pm-et,DOWN,65291832103314098292958390228316373027243815896601306006207314163947000292163,1756322163,2025-08-27 19:16:03,0.5
bitcoin-up-or-down-august-28-8pm-et,DOWN,65291832103314098292958390228316373027243815896601306006207314163947000292163,1756322223,2025-08-27 19:17:03,0.5
bitcoin-up-or-down-august-28-8pm-et,DOWN,65291832103314098292958390228316373027243815896601306006207314163947000292163,1756322283,2025-08-27 19:18:03,0.5
bitcoin-up-or-down-august-28-8pm-et,DOWN,65291832103314098292958390228316373027243815896601306006207314163947000292163,1756322342,2025-08-27 19:19:02,0.5
bitcoin-up-or-down-august-28-8pm-et,DOWN,65291832103314098292958390228316373027243815896601306006207314163947000292163,1756322406,2025-08-27 19:20:06,0.5
bitcoin-up-or-down-august-28-8pm-et,DOWN,65291832103314098292958390228316373027243815896601306006207314163947000292163,1756322464,2025-08-27 19:21:04,0.5
bitcoin-up-or-down-august-28-8pm-et,DOWN,65291832103314098292958390228316373027243815896601306006207314163947000292163,1756322522,2025-08-27 19:22:02,0.5
bitcoin-up-or-down-august-28-8pm-et,DOWN,65291832103314098292958390228316373027243815896601306006207314163947000292163,1756322582,2025-08-27 19:23:02,0.5
bitcoin-up-or-down-august-28-8pm-et,DOWN,65291832103314098292958390228316373027243815896601306006207314163947000292163,1756322644,2025-08-27 19:24:04,0.5
bitcoin-up-or-down-august-28-8pm-et,DOWN,65291832103314098292958390228316373027243815896601306006207314163947000292163,1756322712,2025-08-27 19:25:12,0.5
bitcoin-up-or-down-august-28-8pm-et,DOWN,65291832103314098292958390228316373027243815896601306006207314163947000292163,1756322763,2025-08-27 19:26:03,0.5
bitcoin-up-or-down-august-28-8pm-et,DOWN,65291832103314098292958390228316373027243815896601306006207314163947000292163,1756322823,2025-08-27 19:27:03,0.5
bitcoin-up-or-down-august-28-8pm-et,DOWN,65291832103314098292958390228316373027243815896601306006207314163947000292163,1756322884,2025-08-27 19:28:04,0.5
bitcoin-up-or-down-august-28-8pm-et,DOWN,65291832103314098292958390228316373027243815896601306006207314163947000292163,1756322943,2025-08-27 19:29:03,0.5
bitcoin-up-or-down-august-28-8pm-et,DOWN,65291832103314098292958390228316373027243815896601306006207314163947000292163,1756323008,2025-08-27 19:30:08,0.5
bitcoin-up-or-down-august-28-8pm-et,DOWN,65291832103314098292958390228316373027243815896601306006207314163947000292163,1756323063,2025-08-27 19:31:03,0.5
bitcoin-up-or-down-august-28-8pm-et,DOWN,65291832103314098292958390228316373027243815896601306006207314163947000292163,1756323122,2025-08-27 19:32:02,0.5
bitcoin-up-or-down-august-28-8pm-et,DOWN,65291832103314098292958390228316373027243815896601306006207314163947000292163,1756323183,2025-08-27 19:33:03,0.5
bitcoin-up-or-down-august-28-8pm-et,DOWN,65291832103314098292958390228316373027243815896601306006207314163947000292163,1756323242,2025-08-27 19:34:02,0.5
bitcoin-up-or-down-august-28-8pm-et,DOWN,65291832103314098292958390228316373027243815896601306006207314163947000292163,1756323314,2025-08-27 19:35:14,0.5
bitcoin-up-or-down-august-28-8pm-et,DOWN,65291832103314098292958390228316373027243815896601306006207314163947000292163,1756323363,2025-08-27 19:36:03,0.5
bitcoin-up-or-down-august-28-8pm-et,DOWN,65291832103314098292958390228316373027243815896601306006207314163947000292163,1756323424,2025-08-27 19:37:04,0.5
bitcoin-up-or-down-august-28-8pm-et,DOWN,65291832103314098292958390228316373027243815896601306006207314163947000292163,1756323482,2025-08-27 19:38:02,0.5
bitcoin-up-or-down-august-28-8pm-et,DOWN,65291832103314098292958390228316373027243815896601306006207314163947000292163,1756323543,2025-08-27 19:39:03,0.5
bitcoin-up-or-down-august-28-8pm-et,DOWN,65291832103314098292958390228316373027243815896601306006207314163947000292163,1756323613,2025-08-27 19:40:13,0.5
bitcoin-up-or-down-august-28-8pm-et,DOWN,65291832103314098292958390228316373027243815896601306006207314163947000292163,1756323663,2025-08-27 19:41:03,0.5
bitcoin-up-or-down-august-28-8pm-et,DOWN,65291832103314098292958390228316373027243815896601306006207314163947000292163,1756323722,2025-08-27 19:42:02,0.5
bitcoin-up-or-down-august-28-8pm-et,DOWN,65291832103314098292958390228316373027243815896601306006207314163947000292163,1756323784,2025-08-27 19:43:04,0.5
bitcoin-up-or-down-august-28-8pm-et,DOWN,65291832103314098292958390228316373027243815896601306006207314163947000292163,1756323843,2025-08-27 19:44:03,0.5
bitcoin-up-or-down-august-28-8pm-et,DOWN,65291832103314098292958390228316373027243815896601306006207314163947000292163,1756323913,2025-08-27 19:45:13,0.5
bitcoin-up-or-down-august-28-8pm-et,DOWN,65291832103314098292958390228316373027243815896601306006207314163947000292163,1756323964,2025-08-27 19:46:04,0.5
bitcoin-up-or-down-august-28-8pm-et,DOWN,65291832103314098292958390228316373027243815896601306006207314163947000292163,1756324023,2025-08-27 19:47:03,0.5
bitcoin-up-or-down-august-28-8pm-et,DOWN,65291832103314098292958390228316373027243815896601306006207314163947000292163,1756324082,2025-08-27 19:48:02,0.5
bitcoin-up-or-down-august-28-8pm-et,DOWN,65291832103314098292958390228316373027243815896601306006207314163947000292163,1756324143,2025-08-27 19:49:03,0.5
bitcoin-up-or-down-august-28-8pm-et,DOWN,65291832103314098292958390228316373027243815896601306006207314163947000292163,1756324208,2025-08-27 19:50:08,0.5
bitcoin-up-or-down-august-28-8pm-et,DOWN,65291832103314098292958390228316373027243815896601306006207314163947000292163,1756324264,2025-08-27 19:51:04,0.5
bitcoin-up-or-down-august-28-8pm-et,DOWN,65291832103314098292958390228316373027243815896601306006207314163947000292163,1756324324,2025-08-27 19:52:04,0.5
bitcoin-up-or-down-august-28-8pm-et,DOWN,65291832103314098292958390228316373027243815896601306006207314163947000292163,1756324383,2025-08-27 19:53:03,0.5
bitcoin-up-or-down-august-28-8pm-et,DOWN,65291832103314098292958390228316373027243815896601306006207314163947000292163,1756324445,2025-08-27 19:54:05,0.5
bitcoin-up-or-down-august-28-8pm-et,DOWN,65291832103314098292958390228316373027243815896601306006207314163947000292163,1756324507,2025-08-27 19:55:07,0.5
bitcoin-up-or-down-august-28-8pm-et,DOWN,65291832103314098292958390228316373027243815896601306006207314163947000292163,1756324564,2025-08-27 19:56:04,0.5
bitcoin-up-or-down-august-28-8pm-et,DOWN,65291832103314098292958390228316373027243815896601306006207314163947000292163,1756324622,2025-08-27 19:57:02,0.5
bitcoin-up-or-down-august-28-8pm-et,DOWN,65291832103314098292958390228316373027243815896601306006207314163947000292163,1756324683,2025-08-27 19:58:03,0.5
bitcoin-up-or-down-august-28-8pm-et,DOWN,65291832103314098292958390228316373027243815896601306006207314163947000292163,1756324742,2025-08-27 19:59:02,0.5
bitcoin-up-or-down-august-28-8pm-et,DOWN,65291832103314098292958390228316373027243815896601306006207314163947000292163,1756324806,2025-08-27 20:00:06,0.5
bitcoin-up-or-down-august-28-8pm-et,DOWN,65291832103314098292958390228316373027243815896601306006207314163947000292163,1756324863,2025-08-27 20:01:03,0.5
bitcoin-up-or-down-august-28-8pm-et,DOWN,65291832103314098292958390228316373027243815896601306006207314163947000292163,1756324923,2025-08-27 20:02:03,0.5
bitcoin-up-or-down-august-28-8pm-et,DOWN,65291832103314098292958390228316373027243815896601306006207314163947000292163,1756324982,2025-08-27 20:03:02,0.5
bitcoin-up-or-down-august-28-8pm-et,DOWN,65291832103314098292958390228316373027243815896601306006207314163947000292163,1756325044,2025-08-27 20:04:04,0.5
bitcoin-up-or-down-august-28-8pm-et,DOWN,65291832103314098292958390228316373027243815896601306006207314163947000292163,1756325104,2025-08-27 20:05:04,0.5
bitcoin-up-or-down-august-28-8pm-et,DOWN,65291832103314098292958390228316373027243815896601306006207314163947000292163,1756325162,2025-08-27 20:06:02,0.5
bitcoin-up-or-down-august-28-8pm-et,DOWN,65291832103314098292958390228316373027243815896601306006207314163947000292163,1756325223,2025-08-27 20:07:03,0.5
bitcoin-up-or-down-august-28-8pm-et,DOWN,65291832103314098292958390228316373027243815896601306006207314163947000292163,1756325283,2025-08-27 20:08:03,0.5
bitcoin-up-or-down-august-28-8pm-et,DOWN,65291832103314098292958390228316373027243815896601306006207314163947000292163,1756325344,2025-08-27 20:09:04,0.5
bitcoin-up-or-down-august-28-8pm-et,DOWN,65291832103314098292958390228316373027243815896601306006207314163947000292163,1756325412,2025-08-27 20:10:12,0.5
bitcoin-up-or-down-august-28-8pm-et,DOWN,65291832103314098292958390228316373027243815896601306006207314163947000292163,1756325462,2025-08-27 20:11:02,0.5
bitcoin-up-or-down-august-28-8pm-et,DOWN,65291832103314098292958390228316373027243815896601306006207314163947000292163,1756325523,2025-08-27 20:12:03,0.5
bitcoin-up-or-down-august-28-8pm-et,DOWN,65291832103314098292958390228316373027243815896601306006207314163947000292163,1756325582,2025-08-27 20:13:02,0.5
bitcoin-up-or-down-august-28-8pm-et,DOWN,65291832103314098292958390228316373027243815896601306006207314163947000292163,1756325643,2025-08-27 20:14:03,0.5
bitcoin-up-or-down-august-28-8pm-et,DOWN,65291832103314098292958390228316373027243815896601306006207314163947000292163,1756325711,2025-08-27 20:15:11,0.5
bitcoin-up-or-down-august-28-8pm-et,DOWN,65291832103314098292958390228316373027243815896601306006207314163947000292163,1756325763,2025-08-27 20:16:03,0.5
bitcoin-up-or-down-august-28-8pm-et,DOWN,65291832103314098292958390228316373027243815896601306006207314163947000292163,1756325823,2025-08-27 20:17:03,0.5
bitcoin-up-or-down-august-28-8pm-et,DOWN,65291832103314098292958390228316373027243815896601306006207314163947000292163,1756325883,2025-08-27 20:18:03,0.5
bitcoin-up-or-down-august-28-8pm-et,DOWN,65291832103314098292958390228316373027243815896601306006207314163947000292163,1756325943,2025-08-27 20:19:03,0.5
bitcoin-up-or-down-august-28-8pm-et,DOWN,65291832103314098292958390228316373027243815896601306006207314163947000292163,1756326002,2025-08-27 20:20:02,0.5
bitcoin-up-or-down-august-28-8pm-et,DOWN,65291832103314098292958390228316373027243815896601306006207314163947000292163,1756326063,2025-08-27 20:21:03,0.5
bitcoin-up-or-down-august-28-8pm-et,DOWN,65291832103314098292958390228316373027243815896601306006207314163947000292163,1756326123,2025-08-27 20:22:03,0.5
bitcoin-up-or-down-august-28-8pm-et,DOWN,65291832103314098292958390228316373027243815896601306006207314163947000292163,1756326182,2025-08-27 20:23:02,0.5
bitcoin-up-or-down-august-28-8pm-et,DOWN,65291832103314098292958390228316373027243815896601306006207314163947000292163,1756326243,2025-08-27 20:24:03,0.5
bitcoin-up-or-down-august-28-8pm-et,DOWN,65291832103314098292958390228316373027243815896601306006207314163947000292163,1756326305,2025-08-27 20:25:05,0.5
bitcoin-up-or-down-august-28-8pm-et,DOWN,65291832103314098292958390228316373027243815896601306006207314163947000292163,1756326363,2025-08-27 20:26:03,0.5
bitcoin-up-or-down-august-28-8pm-et,DOWN,65291832103314098292958390228316373027243815896601306006207314163947000292163,1756326424,2025-08-27 20:27:04,0.5
bitcoin-up-or-down-august-28-8pm-et,DOWN,65291832103314098292958390228316373027243815896601306006207314163947000292163,1756326484,2025-08-27 20:28:04,0.5
bitcoin-up-or-down-august-28-8pm-et,DOWN,65291832103314098292958390228316373027243815896601306006207314163947000292163,1756326543,2025-08-27 20:29:03,0.5
bitcoin-up-or-down-august-28-8pm-et,DOWN,65291832103314098292958390228316373027243815896601306006207314163947000292163,1756326605,2025-08-27 20:30:05,0.5
bitcoin-up-or-down-august-28-8pm-et,DOWN,65291832103314098292958390228316373027243815896601306006207314163947000292163,1756326662,2025-08-27 20:31:02,0.5
bitcoin-up-or-down-august-28-8pm-et,DOWN,65291832103314098292958390228316373027243815896601306006207314163947000292163,1756326723,2025-08-27 20:32:03,0.5
bitcoin-up-or-down-august-28-8pm-et,DOWN,65291832103314098292958390228316373027243815896601306006207314163947000292163,1756326783,2025-08-27 20:33:03,0.5
bitcoin-up-or-down-august-28-8pm-et,DOWN,65291832103314098292958390228316373027243815896601306006207314163947000292163,1756326842,2025-08-27 20:34:02,0.5
bitcoin-up-or-down-august-28-8pm-et,DOWN,65291832103314098292958390228316373027243815896601306006207314163947000292163,1756326902,2025-08-27 20:35:02,0.5
bitcoin-up-or-down-august-28-8pm-et,DOWN,65291832103314098292958390228316373027243815896601306006207314163947000292163,1756326963,2025-08-27 20:36:03,0.5
bitcoin-up-or-down-august-28-8pm-et,DOWN,65291832103314098292958390228316373027243815896601306006207314163947000292163,1756327023,2025-08-27 20:37:03,0.5
bitcoin-up-or-down-august-28-8pm-et,DOWN,65291832103314098292958390228316373027243815896601306006207314163947000292163,1756327082,2025-08-27 20:38:02,0.5
bitcoin-up-or-down-august-28-8pm-et,DOWN,65291832103314098292958390228316373027243815896601306006207314163947000292163,1756327142,2025-08-27 20:39:02,0.5
bitcoin-up-or-down-august-28-8pm-et,DOWN,65291832103314098292958390228316373027243815896601306006207314163947000292163,1756327203,2025-08-27 20:40:03,0.5
bitcoin-up-or-down-august-28-8pm-et,DOWN,65291832103314098292958390228316373027243815896601306006207314163947000292163,1756327264,2025-08-27 20:41:04,0.5
bitcoin-up-or-down-august-28-8pm-et,DOWN,65291832103314098292958390228316373027243815896601306006207314163947000292163,1756327324,2025-08-27 20:42:04,0.5
bitcoin-up-or-down-august-28-8pm-et,DOWN,65291832103314098292958390228316373027243815896601306006207314163947000292163,1756327382,2025-08-27 20:43:02,0.5
bitcoin-up-or-down-august-28-8pm-et,DOWN,65291832103314098292958390228316373027243815896601306006207314163947000292163,1756327443,2025-08-27 20:44:03,0.5
bitcoin-up-or-down-august-28-8pm-et,DOWN,65291832103314098292958390228316373027243815896601306006207314163947000292163,1756327509,2025-08-27 20:45:09,0.5
bitcoin-up-or-down-august-28-8pm-et,DOWN,65291832103314098292958390228316373027243815896601306006207314163947000292163,1756327563,2025-08-27 20:46:03,0.5
bitcoin-up-or-down-august-28-8pm-et,DOWN,65291832103314098292958390228316373027243815896601306006207314163947000292163,1756327622,2025-08-27 20:47:02,0.5
bitcoin-up-or-down-august-28-8pm-et,DOWN,65291832103314098292958390228316373027243815896601306006207314163947000292163,1756327682,2025-08-27 20:48:02,0.5
bitcoin-up-or-down-august-28-8pm-et,DOWN,65291832103314098292958390228316373027243815896601306006207314163947000292163,1756327742,2025-08-27 20:49:02,0.5
bitcoin-up-or-down-august-28-8pm-et,DOWN,65291832103314098292958390228316373027243815896601306006207314163947000292163,1756327816,2025-08-27 20:50:16,0.5
bitcoin-up-or-down-august-28-8pm-et,DOWN,65291832103314098292958390228316373027243815896601306006207314163947000292163,1756327863,2025-08-27 20:51:03,0.5
bitcoin-up-or-down-august-28-8pm-et,DOWN,65291832103314098292958390228316373027243815896601306006207314163947000292163,1756327924,2025-08-27 20:52:04,0.5
bitcoin-up-or-down-august-28-8pm-et,DOWN,65291832103314098292958390228316373027243815896601306006207314163947000292163,1756327983,2025-08-27 20:53:03,0.5
bitcoin-up-or-down-august-28-8pm-et,DOWN,65291832103314098292958390228316373027243815896601306006207314163947000292163,1756328042,2025-08-27 20:54:02,0.5
bitcoin-up-or-down-august-28-8pm-et,DOWN,65291832103314098292958390228316373027243815896601306006207314163947000292163,1756328116,2025-08-27 20:55:16,0.5
bitcoin-up-or-down-august-28-8pm-et,DOWN,65291832103314098292958390228316373027243815896601306006207314163947000292163,1756328163,2025-08-27 20:56:03,0.5
bitcoin-up-or-down-august-28-8pm-et,DOWN,65291832103314098292958390228316373027243815896601306006207314163947000292163,1756328224,2025-08-27 20:57:04,0.5
bitcoin-up-or-down-august-28-8pm-et,DOWN,65291832103314098292958390228316373027243815896601306006207314163947000292163,1756328282,2025-08-27 20:58:02,0.5
bitcoin-up-or-down-august-28-8pm-et,DOWN,65291832103314098292958390228316373027243815896601306006207314163947000292163,1756328343,2025-08-27 20:59:03,0.5
bitcoin-up-or-down-august-28-8pm-et,DOWN,65291832103314098292958390228316373027243815896601306006207314163947000292163,1756328402,2025-08-27 21:00:02,0.5
bitcoin-up-or-down-august-28-8pm-et,DOWN,65291832103314098292958390228316373027243815896601306006207314163947000292163,1756328462,2025-08-27 21:01:02,0.5
bitcoin-up-or-down-august-28-8pm-et,DOWN,65291832103314098292958390228316373027243815896601306006207314163947000292163,1756328522,2025-08-27 21:02:02,0.5
bitcoin-up-or-down-august-28-8pm-et,DOWN,65291832103314098292958390228316373027243815896601306006207314163947000292163,1756328583,2025-08-27 21:03:03,0.5
bitcoin-up-or-down-august-28-8pm-et,DOWN,65291832103314098292958390228316373027243815896601306006207314163947000292163,1756328643,2025-08-27 21:04:03,0.5
bitcoin-up-or-down-august-28-8pm-et,DOWN,65291832103314098292958390228316373027243815896601306006207314163947000292163,1756328709,2025-08-27 21:05:09,0.5
bitcoin-up-or-down-august-28-8pm-et,DOWN,65291832103314098292958390228316373027243815896601306006207314163947000292163,1756328763,2025-08-27 21:06:03,0.5
bitcoin-up-or-down-august-28-8pm-et,DOWN,65291832103314098292958390228316373027243815896601306006207314163947000292163,1756328825,2025-08-27 21:07:05,0.5
bitcoin-up-or-down-august-28-8pm-et,DOWN,65291832103314098292958390228316373027243815896601306006207314163947000292163,1756328882,2025-08-27 21:08:02,0.5
bitcoin-up-or-down-august-28-8pm-et,DOWN,65291832103314098292958390228316373027243815896601306006207314163947000292163,1756328942,2025-08-27 21:09:02,0.5
bitcoin-up-or-down-august-28-8pm-et,DOWN,65291832103314098292958390228316373027243815896601306006207314163947000292163,1756329002,2025-08-27 21:10:02,0.5
bitcoin-up-or-down-august-28-8pm-et,DOWN,65291832103314098292958390228316373027243815896601306006207314163947000292163,1756329064,2025-08-27 21:11:04,0.5
bitcoin-up-or-down-august-28-8pm-et,DOWN,65291832103314098292958390228316373027243815896601306006207314163947000292163,1756329122,2025-08-27 21:12:02,0.5
bitcoin-up-or-down-august-28-8pm-et,DOWN,65291832103314098292958390228316373027243815896601306006207314163947000292163,1756329182,2025-08-27 21:13:02,0.5
bitcoin-up-or-down-august-28-8pm-et,DOWN,65291832103314098292958390228316373027243815896601306006207314163947000292163,1756329243,2025-08-27 21:14:03,0.5
bitcoin-up-or-down-august-28-8pm-et,DOWN,65291832103314098292958390228316373027243815896601306006207314163947000292163,1756329303,2025-08-27 21:15:03,0.5
bitcoin-up-or-down-august-28-8pm-et,DOWN,65291832103314098292958390228316373027243815896601306006207314163947000292163,1756329363,2025-08-27 21:16:03,0.5
bitcoin-up-or-down-august-28-8pm-et,DOWN,65291832103314098292958390228316373027243815896601306006207314163947000292163,1756329423,2025-08-27 21:17:03,0.5
bitcoin-up-or-down-august-28-8pm-et,DOWN,65291832103314098292958390228316373027243815896601306006207314163947000292163,1756329483,2025-08-27 21:18:03,0.5
bitcoin-up-or-down-august-28-8pm-et,DOWN,65291832103314098292958390228316373027243815896601306006207314163947000292163,1756329543,2025-08-27 21:19:03,0.5
bitcoin-up-or-down-august-28-8pm-et,DOWN,65291832103314098292958390228316373027243815896601306006207314163947000292163,1756329602,2025-08-27 21:20:02,0.5
bitcoin-up-or-down-august-28-8pm-et,DOWN,65291832103314098292958390228316373027243815896601306006207314163947000292163,1756329662,2025-08-27 21:21:02,0.5
bitcoin-up-or-down-august-28-8pm-et,DOWN,65291832103314098292958390228316373027243815896601306006207314163947000292163,1756329723,2025-08-27 21:22:03,0.5
bitcoin-up-or-down-august-28-8pm-et,DOWN,65291832103314098292958390228316373027243815896601306006207314163947000292163,1756329784,2025-08-27 21:23:04,0.5
bitcoin-up-or-down-august-28-8pm-et,DOWN,65291832103314098292958390228316373027243815896601306006207314163947000292163,1756329843,2025-08-27 21:24:03,0.5
bitcoin-up-or-down-august-28-8pm-et,DOWN,65291832103314098292958390228316373027243815896601306006207314163947000292163,1756329912,2025-08-27 21:25:12,0.5
bitcoin-up-or-down-august-28-8pm-et,DOWN,65291832103314098292958390228316373027243815896601306006207314163947000292163,1756329964,2025-08-27 21:26:04,0.5
bitcoin-up-or-down-august-28-8pm-et,DOWN,65291832103314098292958390228316373027243815896601306006207314163947000292163,1756330024,2025-08-27 21:27:04,0.5
bitcoin-up-or-down-august-28-8pm-et,DOWN,65291832103314098292958390228316373027243815896601306006207314163947000292163,1756330083,2025-08-27 21:28:03,0.5
bitcoin-up-or-down-august-28-8pm-et,DOWN,65291832103314098292958390228316373027243815896601306006207314163947000292163,1756330143,2025-08-27 21:29:03,0.5
bitcoin-up-or-down-august-28-8pm-et,DOWN,65291832103314098292958390228316373027243815896601306006207314163947000292163,1756330219,2025-08-27 21:30:19,0.5
bitcoin-up-or-down-august-28-8pm-et,DOWN,65291832103314098292958390228316373027243815896601306006207314163947000292163,1756330263,2025-08-27 21:31:03,0.5
bitcoin-up-or-down-august-28-8pm-et,DOWN,65291832103314098292958390228316373027243815896601306006207314163947000292163,1756330322,2025-08-27 21:32:02,0.5
bitcoin-up-or-down-august-28-8pm-et,DOWN,65291832103314098292958390228316373027243815896601306006207314163947000292163,1756330383,2025-08-27 21:33:03,0.5
bitcoin-up-or-down-august-28-8pm-et,DOWN,65291832103314098292958390228316373027243815896601306006207314163947000292163,1756330444,2025-08-27 21:34:04,0.5
bitcoin-up-or-down-august-28-8pm-et,DOWN,65291832103314098292958390228316373027243815896601306006207314163947000292163,1756330514,2025-08-27 21:35:14,0.5
bitcoin-up-or-down-august-28-8pm-et,DOWN,65291832103314098292958390228316373027243815896601306006207314163947000292163,1756330564,2025-08-27 21:36:04,0.5
bitcoin-up-or-down-august-28-8pm-et,DOWN,65291832103314098292958390228316373027243815896601306006207314163947000292163,1756330622,2025-08-27 21:37:02,0.5
bitcoin-up-or-down-august-28-8pm-et,DOWN,65291832103314098292958390228316373027243815896601306006207314163947000292163,1756330683,2025-08-27 21:38:03,0.5
bitcoin-up-or-down-august-28-8pm-et,DOWN,65291832103314098292958390228316373027243815896601306006207314163947000292163,1756330743,2025-08-27 21:39:03,0.5
bitcoin-up-or-down-august-28-8pm-et,DOWN,65291832103314098292958390228316373027243815896601306006207314163947000292163,1756330808,2025-08-27 21:40:08,0.5
bitcoin-up-or-down-august-28-8pm-et,DOWN,65291832103314098292958390228316373027243815896601306006207314163947000292163,1756330864,2025-08-27 21:41:04,0.5
bitcoin-up-or-down-august-28-8pm-et,DOWN,65291832103314098292958390228316373027243815896601306006207314163947000292163,1756330924,2025-08-27 21:42:04,0.5
bitcoin-up-or-down-august-28-8pm-et,DOWN,65291832103314098292958390228316373027243815896601306006207314163947000292163,1756330982,2025-08-27 21:43:02,0.5
bitcoin-up-or-down-august-28-8pm-et,DOWN,65291832103314098292958390228316373027243815896601306006207314163947000292163,1756331043,2025-08-27 21:44:03,0.5
bitcoin-up-or-down-august-28-8pm-et,DOWN,65291832103314098292958390228316373027243815896601306006207314163947000292163,1756331108,2025-08-27 21:45:08,0.5
bitcoin-up-or-down-august-28-8pm-et,DOWN,65291832103314098292958390228316373027243815896601306006207314163947000292163,1756331163,2025-08-27 21:46:03,0.5
bitcoin-up-or-down-august-28-8pm-et,DOWN,65291832103314098292958390228316373027243815896601306006207314163947000292163,1756331223,2025-08-27 21:47:03,0.5
bitcoin-up-or-down-august-28-8pm-et,DOWN,65291832103314098292958390228316373027243815896601306006207314163947000292163,1756331283,2025-08-27 21:48:03,0.5
bitcoin-up-or-down-august-28-8pm-et,DOWN,65291832103314098292958390228316373027243815896601306006207314163947000292163,1756331342,2025-08-27 21:49:02,0.5
bitcoin-up-or-down-august-28-8pm-et,DOWN,65291832103314098292958390228316373027243815896601306006207314163947000292163,1756331403,2025-08-27 21:50:03,0.5
bitcoin-up-or-down-august-28-8pm-et,DOWN,65291832103314098292958390228316373027243815896601306006207314163947000292163,1756331463,2025-08-27 21:51:03,0.5
bitcoin-up-or-down-august-28-8pm-et,DOWN,65291832103314098292958390228316373027243815896601306006207314163947000292163,1756331523,2025-08-27 21:52:03,0.5
bitcoin-up-or-down-august-28-8pm-et,DOWN,65291832103314098292958390228316373027243815896601306006207314163947000292163,1756331582,2025-08-27 21:53:02,0.5
bitcoin-up-or-down-august-28-8pm-et,DOWN,65291832103314098292958390228316373027243815896601306006207314163947000292163,1756331642,2025-08-27 21:54:02,0.5
bitcoin-up-or-down-august-28-8pm-et,DOWN,65291832103314098292958390228316373027243815896601306006207314163947000292163,1756331703,2025-08-27 21:55:03,0.5
bitcoin-up-or-down-august-28-8pm-et,DOWN,65291832103314098292958390228316373027243815896601306006207314163947000292163,1756331762,2025-08-27 21:56:02,0.5
bitcoin-up-or-down-august-28-8pm-et,DOWN,65291832103314098292958390228316373027243815896601306006207314163947000292163,1756331822,2025-08-27 21:57:02,0.5
bitcoin-up-or-down-august-28-8pm-et,DOWN,65291832103314098292958390228316373027243815896601306006207314163947000292163,1756331884,2025-08-27 21:58:04,0.5
bitcoin-up-or-down-august-28-8pm-et,DOWN,65291832103314098292958390228316373027243815896601306006207314163947000292163,1756331943,2025-08-27 21:59:03,0.5
bitcoin-up-or-down-august-28-8pm-et,DOWN,65291832103314098292958390228316373027243815896601306006207314163947000292163,1756332012,2025-08-27 22:00:12,0.5
bitcoin-up-or-down-august-28-8pm-et,DOWN,65291832103314098292958390228316373027243815896601306006207314163947000292163,1756332064,2025-08-27 22:01:04,0.5
bitcoin-up-or-down-august-28-8pm-et,DOWN,65291832103314098292958390228316373027243815896601306006207314163947000292163,1756332124,2025-08-27 22:02:04,0.5
bitcoin-up-or-down-august-28-8pm-et,DOWN,65291832103314098292958390228316373027243815896601306006207314163947000292163,1756332183,2025-08-27 22:03:03,0.5
bitcoin-up-or-down-august-28-8pm-et,DOWN,65291832103314098292958390228316373027243815896601306006207314163947000292163,1756332242,2025-08-27 22:04:02,0.5
bitcoin-up-or-down-august-28-8pm-et,DOWN,65291832103314098292958390228316373027243815896601306006207314163947000292163,1756332302,2025-08-27 22:05:02,0.5
bitcoin-up-or-down-august-28-8pm-et,DOWN,65291832103314098292958390228316373027243815896601306006207314163947000292163,1756332366,2025-08-27 22:06:06,0.5
bitcoin-up-or-down-august-28-8pm-et,DOWN,65291832103314098292958390228316373027243815896601306006207314163947000292163,1756332422,2025-08-27 22:07:02,0.5
bitcoin-up-or-down-august-28-8pm-et,DOWN,65291832103314098292958390228316373027243815896601306006207314163947000292163,1756332483,2025-08-27 22:08:03,0.5
bitcoin-up-or-down-august-28-8pm-et,DOWN,65291832103314098292958390228316373027243815896601306006207314163947000292163,1756332543,2025-08-27 22:09:03,0.5
bitcoin-up-or-down-august-28-8pm-et,DOWN,65291832103314098292958390228316373027243815896601306006207314163947000292163,1756332608,2025-08-27 22:10:08,0.5
bitcoin-up-or-down-august-28-8pm-et,DOWN,65291832103314098292958390228316373027243815896601306006207314163947000292163,1756332664,2025-08-27 22:11:04,0.5
bitcoin-up-or-down-august-28-8pm-et,DOWN,65291832103314098292958390228316373027243815896601306006207314163947000292163,1756332722,2025-08-27 22:12:02,0.5
bitcoin-up-or-down-august-28-8pm-et,DOWN,65291832103314098292958390228316373027243815896601306006207314163947000292163,1756332784,2025-08-27 22:13:04,0.5
bitcoin-up-or-down-august-28-8pm-et,DOWN,65291832103314098292958390228316373027243815896601306006207314163947000292163,1756332843,2025-08-27 22:14:03,0.5
bitcoin-up-or-down-august-28-8pm-et,DOWN,65291832103314098292958390228316373027243815896601306006207314163947000292163,1756332902,2025-08-27 22:15:02,0.5
bitcoin-up-or-down-august-28-8pm-et,DOWN,65291832103314098292958390228316373027243815896601306006207314163947000292163,1756332964,2025-08-27 22:16:04,0.5
bitcoin-up-or-down-august-28-8pm-et,DOWN,65291832103314098292958390228316373027243815896601306006207314163947000292163,1756333024,2025-08-27 22:17:04,0.5
bitcoin-up-or-down-august-28-8pm-et,DOWN,65291832103314098292958390228316373027243815896601306006207314163947000292163,1756333083,2025-08-27 22:18:03,0.5
bitcoin-up-or-down-august-28-8pm-et,DOWN,65291832103314098292958390228316373027243815896601306006207314163947000292163,1756333142,2025-08-27 22:19:02,0.5
bitcoin-up-or-down-august-28-8pm-et,DOWN,65291832103314098292958390228316373027243815896601306006207314163947000292163,1756333208,2025-08-27 22:20:08,0.5
bitcoin-up-or-down-august-28-8pm-et,DOWN,65291832103314098292958390228316373027243815896601306006207314163947000292163,1756333262,2025-08-27 22:21:02,0.5
bitcoin-up-or-down-august-28-8pm-et,DOWN,65291832103314098292958390228316373027243815896601306006207314163947000292163,1756333322,2025-08-27 22:22:02,0.5
bitcoin-up-or-down-august-28-8pm-et,DOWN,65291832103314098292958390228316373027243815896601306006207314163947000292163,1756333382,2025-08-27 22:23:02,0.5
bitcoin-up-or-down-august-28-8pm-et,DOWN,65291832103314098292958390228316373027243815896601306006207314163947000292163,1756333444,2025-08-27 22:24:04,0.5
bitcoin-up-or-down-august-28-8pm-et,DOWN,65291832103314098292958390228316373027243815896601306006207314163947000292163,1756333512,2025-08-27 22:25:12,0.5
bitcoin-up-or-down-august-28-8pm-et,DOWN,65291832103314098292958390228316373027243815896601306006207314163947000292163,1756333563,2025-08-27 22:26:03,0.5
bitcoin-up-or-down-august-28-8pm-et,DOWN,65291832103314098292958390228316373027243815896601306006207314163947000292163,1756333622,2025-08-27 22:27:02,0.5
bitcoin-up-or-down-august-28-8pm-et,DOWN,65291832103314098292958390228316373027243815896601306006207314163947000292163,1756333683,2025-08-27 22:28:03,0.5
bitcoin-up-or-down-august-28-8pm-et,DOWN,65291832103314098292958390228316373027243815896601306006207314163947000292163,1756333742,2025-08-27 22:29:02,0.5
bitcoin-up-or-down-august-28-8pm-et,DOWN,65291832103314098292958390228316373027243815896601306006207314163947000292163,1756333804,2025-08-27 22:30:04,0.5
bitcoin-up-or-down-august-28-8pm-et,DOWN,65291832103314098292958390228316373027243815896601306006207314163947000292163,1756333864,2025-08-27 22:31:04,0.5
bitcoin-up-or-down-august-28-8pm-et,DOWN,65291832103314098292958390228316373027243815896601306006207314163947000292163,1756333924,2025-08-27 22:32:04,0.5
bitcoin-up-or-down-august-28-8pm-et,DOWN,65291832103314098292958390228316373027243815896601306006207314163947000292163,1756333982,2025-08-27 22:33:02,0.5
bitcoin-up-or-down-august-28-8pm-et,DOWN,65291832103314098292958390228316373027243815896601306006207314163947000292163,1756334043,2025-08-27 22:34:03,0.5
bitcoin-up-or-down-august-28-8pm-et,DOWN,65291832103314098292958390228316373027243815896601306006207314163947000292163,1756334111,2025-08-27 22:35:11,0.5
bitcoin-up-or-down-august-28-8pm-et,DOWN,65291832103314098292958390228316373027243815896601306006207314163947000292163,1756334166,2025-08-27 22:36:06,0.5
bitcoin-up-or-down-august-28-8pm-et,DOWN,65291832103314098292958390228316373027243815896601306006207314163947000292163,1756334222,2025-08-27 22:37:02,0.5
bitcoin-up-or-down-august-28-8pm-et,DOWN,65291832103314098292958390228316373027243815896601306006207314163947000292163,1756334283,2025-08-27 22:38:03,0.5
bitcoin-up-or-down-august-28-8pm-et,DOWN,65291832103314098292958390228316373027243815896601306006207314163947000292163,1756334342,2025-08-27 22:39:02,0.5
bitcoin-up-or-down-august-28-8pm-et,DOWN,65291832103314098292958390228316373027243815896601306006207314163947000292163,1756334408,2025-08-27 22:40:08,0.5
bitcoin-up-or-down-august-28-8pm-et,DOWN,65291832103314098292958390228316373027243815896601306006207314163947000292163,1756334462,2025-08-27 22:41:02,0.5
bitcoin-up-or-down-august-28-8pm-et,DOWN,65291832103314098292958390228316373027243815896601306006207314163947000292163,1756334523,2025-08-27 22:42:03,0.5
bitcoin-up-or-down-august-28-8pm-et,DOWN,65291832103314098292958390228316373027243815896601306006207314163947000292163,1756334583,2025-08-27 22:43:03,0.5
bitcoin-up-or-down-august-28-8pm-et,DOWN,65291832103314098292958390228316373027243815896601306006207314163947000292163,1756334643,2025-08-27 22:44:03,0.5
bitcoin-up-or-down-august-28-8pm-et,DOWN,65291832103314098292958390228316373027243815896601306006207314163947000292163,1756334708,2025-08-27 22:45:08,0.5
bitcoin-up-or-down-august-28-8pm-et,DOWN,65291832103314098292958390228316373027243815896601306006207314163947000292163,1756334762,2025-08-27 22:46:02,0.5
bitcoin-up-or-down-august-28-8pm-et,DOWN,65291832103314098292958390228316373027243815896601306006207314163947000292163,1756334824,2025-08-27 22:47:04,0.5
bitcoin-up-or-down-august-28-8pm-et,DOWN,65291832103314098292958390228316373027243815896601306006207314163947000292163,1756334883,2025-08-27 22:48:03,0.5
bitcoin-up-or-down-august-28-8pm-et,DOWN,65291832103314098292958390228316373027243815896601306006207314163947000292163,1756334942,2025-08-27 22:49:02,0.5
bitcoin-up-or-down-august-28-8pm-et,DOWN,65291832103314098292958390228316373027243815896601306006207314163947000292163,1756335006,2025-08-27 22:50:06,0.5
bitcoin-up-or-down-august-28-8pm-et,DOWN,65291832103314098292958390228316373027243815896601306006207314163947000292163,1756335062,2025-08-27 22:51:02,0.5
bitcoin-up-or-down-august-28-8pm-et,DOWN,65291832103314098292958390228316373027243815896601306006207314163947000292163,1756335124,2025-08-27 22:52:04,0.5
bitcoin-up-or-down-august-28-8pm-et,DOWN,65291832103314098292958390228316373027243815896601306006207314163947000292163,1756335183,2025-08-27 22:53:03,0.5
bitcoin-up-or-down-august-28-8pm-et,DOWN,65291832103314098292958390228316373027243815896601306006207314163947000292163,1756335244,2025-08-27 22:54:04,0.5
bitcoin-up-or-down-august-28-8pm-et,DOWN,65291832103314098292958390228316373027243815896601306006207314163947000292163,1756335314,2025-08-27 22:55:14,0.5
bitcoin-up-or-down-august-28-8pm-et,DOWN,65291832103314098292958390228316373027243815896601306006207314163947000292163,1756335365,2025-08-27 22:56:05,0.5
bitcoin-up-or-down-august-28-8pm-et,DOWN,65291832103314098292958390228316373027243815896601306006207314163947000292163,1756335423,2025-08-27 22:57:03,0.5
bitcoin-up-or-down-august-28-8pm-et,DOWN,65291832103314098292958390228316373027243815896601306006207314163947000292163,1756335482,2025-08-27 22:58:02,0.5
bitcoin-up-or-down-august-28-8pm-et,DOWN,65291832103314098292958390228316373027243815896601306006207314163947000292163,1756335544,2025-08-27 22:59:04,0.5
bitcoin-up-or-down-august-28-8pm-et,DOWN,65291832103314098292958390228316373027243815896601306006207314163947000292163,1756335613,2025-08-27 23:00:13,0.5
bitcoin-up-or-down-august-28-8pm-et,DOWN,65291832103314098292958390228316373027243815896601306006207314163947000292163,1756335662,2025-08-27 23:01:02,0.5
bitcoin-up-or-down-august-28-8pm-et,DOWN,65291832103314098292958390228316373027243815896601306006207314163947000292163,1756335723,2025-08-27 23:02:03,0.5
bitcoin-up-or-down-august-28-8pm-et,DOWN,65291832103314098292958390228316373027243815896601306006207314163947000292163,1756335783,2025-08-27 23:03:03,0.5
bitcoin-up-or-down-august-28-8pm-et,DOWN,65291832103314098292958390228316373027243815896601306006207314163947000292163,1756335842,2025-08-27 23:04:02,0.5
bitcoin-up-or-down-august-28-8pm-et,DOWN,65291832103314098292958390228316373027243815896601306006207314163947000292163,1756335910,2025-08-27 23:05:10,0.5
bitcoin-up-or-down-august-28-8pm-et,DOWN,65291832103314098292958390228316373027243815896601306006207314163947000292163,1756335963,2025-08-27 23:06:03,0.5
bitcoin-up-or-down-august-28-8pm-et,DOWN,65291832103314098292958390228316373027243815896601306006207314163947000292163,1756336022,2025-08-27 23:07:02,0.5
bitcoin-up-or-down-august-28-8pm-et,DOWN,65291832103314098292958390228316373027243815896601306006207314163947000292163,1756336082,2025-08-27 23:08:02,0.5
bitcoin-up-or-down-august-28-8pm-et,DOWN,65291832103314098292958390228316373027243815896601306006207314163947000292163,1756336143,2025-08-27 23:09:03,0.5
bitcoin-up-or-down-august-28-8pm-et,DOWN,65291832103314098292958390228316373027243815896601306006207314163947000292163,1756336214,2025-08-27 23:10:14,0.5
bitcoin-up-or-down-august-28-8pm-et,DOWN,65291832103314098292958390228316373027243815896601306006207314163947000292163,1756336262,2025-08-27 23:11:02,0.5
bitcoin-up-or-down-august-28-8pm-et,DOWN,65291832103314098292958390228316373027243815896601306006207314163947000292163,1756336322,2025-08-27 23:12:02,0.5
bitcoin-up-or-down-august-28-8pm-et,DOWN,65291832103314098292958390228316373027243815896601306006207314163947000292163,1756336383,2025-08-27 23:13:03,0.5
bitcoin-up-or-down-august-28-8pm-et,DOWN,65291832103314098292958390228316373027243815896601306006207314163947000292163,1756336444,2025-08-27 23:14:04,0.5
bitcoin-up-or-down-august-28-8pm-et,DOWN,65291832103314098292958390228316373027243815896601306006207314163947000292163,1756336503,2025-08-27 23:15:03,0.5
bitcoin-up-or-down-august-28-8pm-et,DOWN,65291832103314098292958390228316373027243815896601306006207314163947000292163,1756336562,2025-08-27 23:16:02,0.5
bitcoin-up-or-down-august-28-8pm-et,DOWN,65291832103314098292958390228316373027243815896601306006207314163947000292163,1756336624,2025-08-27 23:17:04,0.5
bitcoin-up-or-down-august-28-8pm-et,DOWN,65291832103314098292958390228316373027243815896601306006207314163947000292163,1756336683,2025-08-27 23:18:03,0.5
bitcoin-up-or-down-august-28-8pm-et,DOWN,65291832103314098292958390228316373027243815896601306006207314163947000292163,1756336743,2025-08-27 23:19:03,0.5
bitcoin-up-or-down-august-28-8pm-et,DOWN,65291832103314098292958390228316373027243815896601306006207314163947000292163,1756336807,2025-08-27 23:20:07,0.5
bitcoin-up-or-down-august-28-8pm-et,DOWN,65291832103314098292958390228316373027243815896601306006207314163947000292163,1756336864,2025-08-27 23:21:04,0.5
bitcoin-up-or-down-august-28-8pm-et,DOWN,65291832103314098292958390228316373027243815896601306006207314163947000292163,1756336922,2025-08-27 23:22:02,0.5
bitcoin-up-or-down-august-28-8pm-et,DOWN,65291832103314098292958390228316373027243815896601306006207314163947000292163,1756336983,2025-08-27 23:23:03,0.5
bitcoin-up-or-down-august-28-8pm-et,DOWN,65291832103314098292958390228316373027243815896601306006207314163947000292163,1756337043,2025-08-27 23:24:03,0.5
bitcoin-up-or-down-august-28-8pm-et,DOWN,65291832103314098292958390228316373027243815896601306006207314163947000292163,1756337102,2025-08-27 23:25:02,0.5
bitcoin-up-or-down-august-28-8pm-et,DOWN,65291832103314098292958390228316373027243815896601306006207314163947000292163,1756337162,2025-08-27 23:26:02,0.5
bitcoin-up-or-down-august-28-8pm-et,DOWN,65291832103314098292958390228316373027243815896601306006207314163947000292163,1756337223,2025-08-27 23:27:03,0.5
bitcoin-up-or-down-august-28-8pm-et,DOWN,65291832103314098292958390228316373027243815896601306006207314163947000292163,1756337283,2025-08-27 23:28:03,0.5
bitcoin-up-or-down-august-28-8pm-et,DOWN,65291832103314098292958390228316373027243815896601306006207314163947000292163,1756337343,2025-08-27 23:29:03,0.5
bitcoin-up-or-down-august-28-8pm-et,DOWN,65291832103314098292958390228316373027243815896601306006207314163947000292163,1756337402,2025-08-27 23:30:02,0.5
bitcoin-up-or-down-august-28-8pm-et,DOWN,65291832103314098292958390228316373027243815896601306006207314163947000292163,1756337464,2025-08-27 23:31:04,0.5
bitcoin-up-or-down-august-28-8pm-et,DOWN,65291832103314098292958390228316373027243815896601306006207314163947000292163,1756337523,2025-08-27 23:32:03,0.5
bitcoin-up-or-down-august-28-8pm-et,DOWN,65291832103314098292958390228316373027243815896601306006207314163947000292163,1756337582,2025-08-27 23:33:02,0.5
bitcoin-up-or-down-august-28-8pm-et,DOWN,65291832103314098292958390228316373027243815896601306006207314163947000292163,1756337643,2025-08-27 23:34:03,0.5
bitcoin-up-or-down-august-28-8pm-et,DOWN,65291832103314098292958390228316373027243815896601306006207314163947000292163,1756337704,2025-08-27 23:35:04,0.5
bitcoin-up-or-down-august-28-8pm-et,DOWN,65291832103314098292958390228316373027243815896601306006207314163947000292163,1756337763,2025-08-27 23:36:03,0.5
bitcoin-up-or-down-august-28-8pm-et,DOWN,65291832103314098292958390228316373027243815896601306006207314163947000292163,1756337823,2025-08-27 23:37:03,0.5
bitcoin-up-or-down-august-28-8pm-et,DOWN,65291832103314098292958390228316373027243815896601306006207314163947000292163,1756337883,2025-08-27 23:38:03,0.5
bitcoin-up-or-down-august-28-8pm-et,DOWN,65291832103314098292958390228316373027243815896601306006207314163947000292163,1756337944,2025-08-27 23:39:04,0.5
bitcoin-up-or-down-august-28-8pm-et,DOWN,65291832103314098292958390228316373027243815896601306006207314163947000292163,1756338005,2025-08-27 23:40:05,0.5
bitcoin-up-or-down-august-28-8pm-et,DOWN,65291832103314098292958390228316373027243815896601306006207314163947000292163,1756338064,2025-08-27 23:41:04,0.5
bitcoin-up-or-down-august-28-8pm-et,DOWN,65291832103314098292958390228316373027243815896601306006207314163947000292163,1756338124,2025-08-27 23:42:04,0.5
bitcoin-up-or-down-august-28-8pm-et,DOWN,65291832103314098292958390228316373027243815896601306006207314163947000292163,1756338183,2025-08-27 23:43:03,0.5
bitcoin-up-or-down-august-28-8pm-et,DOWN,65291832103314098292958390228316373027243815896601306006207314163947000292163,1756338243,2025-08-27 23:44:03,0.5
bitcoin-up-or-down-august-28-8pm-et,DOWN,65291832103314098292958390228316373027243815896601306006207314163947000292163,1756338317,2025-08-27 23:45:17,0.5
bitcoin-up-or-down-august-28-8pm-et,DOWN,65291832103314098292958390228316373027243815896601306006207314163947000292163,1756338362,2025-08-27 23:46:02,0.5
bitcoin-up-or-down-august-28-8pm-et,DOWN,65291832103314098292958390228316373027243815896601306006207314163947000292163,1756338424,2025-08-27 23:47:04,0.5
bitcoin-up-or-down-august-28-8pm-et,DOWN,65291832103314098292958390228316373027243815896601306006207314163947000292163,1756338484,2025-08-27 23:48:04,0.5
bitcoin-up-or-down-august-28-8pm-et,DOWN,65291832103314098292958390228316373027243815896601306006207314163947000292163,1756338543,2025-08-27 23:49:03,0.5
bitcoin-up-or-down-august-28-8pm-et,DOWN,65291832103314098292958390228316373027243815896601306006207314163947000292163,1756338609,2025-08-27 23:50:09,0.5
bitcoin-up-or-down-august-28-8pm-et,DOWN,65291832103314098292958390228316373027243815896601306006207314163947000292163,1756338662,2025-08-27 23:51:02,0.5
bitcoin-up-or-down-august-28-8pm-et,DOWN,65291832103314098292958390228316373027243815896601306006207314163947000292163,1756338723,2025-08-27 23:52:03,0.5
bitcoin-up-or-down-august-28-8pm-et,DOWN,65291832103314098292958390228316373027243815896601306006207314163947000292163,1756338783,2025-08-27 23:53:03,0.5
bitcoin-up-or-down-august-28-8pm-et,DOWN,65291832103314098292958390228316373027243815896601306006207314163947000292163,1756338843,2025-08-27 23:54:03,0.5
bitcoin-up-or-down-august-28-8pm-et,DOWN,65291832103314098292958390228316373027243815896601306006207314163947000292163,1756338902,2025-08-27 23:55:02,0.5
bitcoin-up-or-down-august-28-8pm-et,DOWN,65291832103314098292958390228316373027243815896601306006207314163947000292163,1756338962,2025-08-27 23:56:02,0.5
bitcoin-up-or-down-august-28-8pm-et,DOWN,65291832103314098292958390228316373027243815896601306006207314163947000292163,1756339023,2025-08-27 23:57:03,0.5
bitcoin-up-or-down-august-28-8pm-et,DOWN,65291832103314098292958390228316373027243815896601306006207314163947000292163,1756339083,2025-08-27 23:58:03,0.5
bitcoin-up-or-down-august-28-8pm-et,DOWN,65291832103314098292958390228316373027243815896601306006207314163947000292163,1756339143,2025-08-27 23:59:03,0.5
bitcoin-up-or-down-august-28-8pm-et,DOWN,65291832103314098292958390228316373027243815896601306006207314163947000292163,1756339202,2025-08-28 00:00:02,0.5
bitcoin-up-or-down-august-28-8pm-et,DOWN,65291832103314098292958390228316373027243815896601306006207314163947000292163,1756339262,2025-08-28 00:01:02,0.5
bitcoin-up-or-down-august-28-8pm-et,DOWN,65291832103314098292958390228316373027243815896601306006207314163947000292163,1756339323,2025-08-28 00:02:03,0.5
bitcoin-up-or-down-august-28-8pm-et,DOWN,65291832103314098292958390228316373027243815896601306006207314163947000292163,1756339384,2025-08-28 00:03:04,0.5
bitcoin-up-or-down-august-28-8pm-et,DOWN,65291832103314098292958390228316373027243815896601306006207314163947000292163,1756339443,2025-08-28 00:04:03,0.5
bitcoin-up-or-down-august-28-8pm-et,DOWN,65291832103314098292958390228316373027243815896601306006207314163947000292163,1756339502,2025-08-28 00:05:02,0.5
bitcoin-up-or-down-august-28-8pm-et,DOWN,65291832103314098292958390228316373027243815896601306006207314163947000292163,1756339563,2025-08-28 00:06:03,0.5
bitcoin-up-or-down-august-28-8pm-et,DOWN,65291832103314098292958390228316373027243815896601306006207314163947000292163,1756339622,2025-08-28 00:07:02,0.5
bitcoin-up-or-down-august-28-8pm-et,DOWN,65291832103314098292958390228316373027243815896601306006207314163947000292163,1756339682,2025-08-28 00:08:02,0.5
bitcoin-up-or-down-august-28-8pm-et,DOWN,65291832103314098292958390228316373027243815896601306006207314163947000292163,1756339743,2025-08-28 00:09:03,0.5
bitcoin-up-or-down-august-28-8pm-et,DOWN,65291832103314098292958390228316373027243815896601306006207314163947000292163,1756339802,2025-08-28 00:10:02,0.5
bitcoin-up-or-down-august-28-8pm-et,DOWN,65291832103314098292958390228316373027243815896601306006207314163947000292163,1756339863,2025-08-28 00:11:03,0.5
bitcoin-up-or-down-august-28-8pm-et,DOWN,65291832103314098292958390228316373027243815896601306006207314163947000292163,1756339922,2025-08-28 00:12:02,0.5
bitcoin-up-or-down-august-28-8pm-et,DOWN,65291832103314098292958390228316373027243815896601306006207314163947000292163,1756339982,2025-08-28 00:13:02,0.5
bitcoin-up-or-down-august-28-8pm-et,DOWN,65291832103314098292958390228316373027243815896601306006207314163947000292163,1756340043,2025-08-28 00:14:03,0.5
bitcoin-up-or-down-august-28-8pm-et,DOWN,65291832103314098292958390228316373027243815896601306006207314163947000292163,1756340104,2025-08-28 00:15:04,0.5
bitcoin-up-or-down-august-28-8pm-et,DOWN,65291832103314098292958390228316373027243815896601306006207314163947000292163,1756340163,2025-08-28 00:16:03,0.5
bitcoin-up-or-down-august-28-8pm-et,DOWN,65291832103314098292958390228316373027243815896601306006207314163947000292163,1756340222,2025-08-28 00:17:02,0.5
bitcoin-up-or-down-august-28-8pm-et,DOWN,65291832103314098292958390228316373027243815896601306006207314163947000292163,1756340283,2025-08-28 00:18:03,0.5
bitcoin-up-or-down-august-28-8pm-et,DOWN,65291832103314098292958390228316373027243815896601306006207314163947000292163,1756340342,2025-08-28 00:19:02,0.5
bitcoin-up-or-down-august-28-8pm-et,DOWN,65291832103314098292958390228316373027243815896601306006207314163947000292163,1756340403,2025-08-28 00:20:03,0.5
bitcoin-up-or-down-august-28-8pm-et,DOWN,65291832103314098292958390228316373027243815896601306006207314163947000292163,1756340463,2025-08-28 00:21:03,0.5
bitcoin-up-or-down-august-28-8pm-et,DOWN,65291832103314098292958390228316373027243815896601306006207314163947000292163,1756340523,2025-08-28 00:22:03,0.5
bitcoin-up-or-down-august-28-8pm-et,DOWN,65291832103314098292958390228316373027243815896601306006207314163947000292163,1756340582,2025-08-28 00:23:02,0.5
bitcoin-up-or-down-august-28-8pm-et,DOWN,65291832103314098292958390228316373027243815896601306006207314163947000292163,1756340642,2025-08-28 00:24:02,0.5
bitcoin-up-or-down-august-28-8pm-et,DOWN,65291832103314098292958390228316373027243815896601306006207314163947000292163,1756340703,2025-08-28 00:25:03,0.5
bitcoin-up-or-down-august-28-8pm-et,DOWN,65291832103314098292958390228316373027243815896601306006207314163947000292163,1756340764,2025-08-28 00:26:04,0.5
bitcoin-up-or-down-august-28-8pm-et,DOWN,65291832103314098292958390228316373027243815896601306006207314163947000292163,1756340823,2025-08-28 00:27:03,0.5
bitcoin-up-or-down-august-28-8pm-et,DOWN,65291832103314098292958390228316373027243815896601306006207314163947000292163,1756340884,2025-08-28 00:28:04,0.5
bitcoin-up-or-down-august-28-8pm-et,DOWN,65291832103314098292958390228316373027243815896601306006207314163947000292163,1756340942,2025-08-28 00:29:02,0.5
bitcoin-up-or-down-august-28-8pm-et,DOWN,65291832103314098292958390228316373027243815896601306006207314163947000292163,1756341002,2025-08-28 00:30:02,0.5
bitcoin-up-or-down-august-28-8pm-et,DOWN,65291832103314098292958390228316373027243815896601306006207314163947000292163,1756341063,2025-08-28 00:31:03,0.5
bitcoin-up-or-down-august-28-8pm-et,DOWN,65291832103314098292958390228316373027243815896601306006207314163947000292163,1756341124,2025-08-28 00:32:04,0.5
bitcoin-up-or-down-august-28-8pm-et,DOWN,65291832103314098292958390228316373027243815896601306006207314163947000292163,1756341182,2025-08-28 00:33:02,0.5
bitcoin-up-or-down-august-28-8pm-et,DOWN,65291832103314098292958390228316373027243815896601306006207314163947000292163,1756341243,2025-08-28 00:34:03,0.5
bitcoin-up-or-down-august-28-8pm-et,DOWN,65291832103314098292958390228316373027243815896601306006207314163947000292163,1756341305,2025-08-28 00:35:05,0.5
bitcoin-up-or-down-august-28-8pm-et,DOWN,65291832103314098292958390228316373027243815896601306006207314163947000292163,1756341362,2025-08-28 00:36:02,0.5
bitcoin-up-or-down-august-28-8pm-et,DOWN,65291832103314098292958390228316373027243815896601306006207314163947000292163,1756341422,2025-08-28 00:37:02,0.5
bitcoin-up-or-down-august-28-8pm-et,DOWN,65291832103314098292958390228316373027243815896601306006207314163947000292163,1756341482,2025-08-28 00:38:02,0.5
bitcoin-up-or-down-august-28-8pm-et,DOWN,65291832103314098292958390228316373027243815896601306006207314163947000292163,1756341543,2025-08-28 00:39:03,0.5
bitcoin-up-or-down-august-28-8pm-et,DOWN,65291832103314098292958390228316373027243815896601306006207314163947000292163,1756341603,2025-08-28 00:40:03,0.5
bitcoin-up-or-down-august-28-8pm-et,DOWN,65291832103314098292958390228316373027243815896601306006207314163947000292163,1756341664,2025-08-28 00:41:04,0.5
bitcoin-up-or-down-august-28-8pm-et,DOWN,65291832103314098292958390228316373027243815896601306006207314163947000292163,1756341722,2025-08-28 00:42:02,0.5
bitcoin-up-or-down-august-28-8pm-et,DOWN,65291832103314098292958390228316373027243815896601306006207314163947000292163,1756341782,2025-08-28 00:43:02,0.5
bitcoin-up-or-down-august-28-8pm-et,DOWN,65291832103314098292958390228316373027243815896601306006207314163947000292163,1756341842,2025-08-28 00:44:02,0.5
bitcoin-up-or-down-august-28-8pm-et,DOWN,65291832103314098292958390228316373027243815896601306006207314163947000292163,1756341902,2025-08-28 00:45:02,0.5
bitcoin-up-or-down-august-28-8pm-et,DOWN,65291832103314098292958390228316373027243815896601306006207314163947000292163,1756341964,2025-08-28 00:46:04,0.5
bitcoin-up-or-down-august-28-8pm-et,DOWN,65291832103314098292958390228316373027243815896601306006207314163947000292163,1756342023,2025-08-28 00:47:03,0.5
bitcoin-up-or-down-august-28-8pm-et,DOWN,65291832103314098292958390228316373027243815896601306006207314163947000292163,1756342084,2025-08-28 00:48:04,0.5
bitcoin-up-or-down-august-28-8pm-et,DOWN,65291832103314098292958390228316373027243815896601306006207314163947000292163,1756342143,2025-08-28 00:49:03,0.5
bitcoin-up-or-down-august-28-8pm-et,DOWN,65291832103314098292958390228316373027243815896601306006207314163947000292163,1756342204,2025-08-28 00:50:04,0.5
bitcoin-up-or-down-august-28-8pm-et,DOWN,65291832103314098292958390228316373027243815896601306006207314163947000292163,1756342263,2025-08-28 00:51:03,0.5
bitcoin-up-or-down-august-28-8pm-et,DOWN,65291832103314098292958390228316373027243815896601306006207314163947000292163,1756342323,2025-08-28 00:52:03,0.5
bitcoin-up-or-down-august-28-8pm-et,DOWN,65291832103314098292958390228316373027243815896601306006207314163947000292163,1756342383,2025-08-28 00:53:03,0.5
bitcoin-up-or-down-august-28-8pm-et,DOWN,65291832103314098292958390228316373027243815896601306006207314163947000292163,1756342442,2025-08-28 00:54:02,0.5
bitcoin-up-or-down-august-28-8pm-et,DOWN,65291832103314098292958390228316373027243815896601306006207314163947000292163,1756342503,2025-08-28 00:55:03,0.5
bitcoin-up-or-down-august-28-8pm-et,DOWN,65291832103314098292958390228316373027243815896601306006207314163947000292163,1756342564,2025-08-28 00:56:04,0.5
bitcoin-up-or-down-august-28-8pm-et,DOWN,65291832103314098292958390228316373027243815896601306006207314163947000292163,1756342624,2025-08-28 00:57:04,0.5
bitcoin-up-or-down-august-28-8pm-et,DOWN,65291832103314098292958390228316373027243815896601306006207314163947000292163,1756342683,2025-08-28 00:58:03,0.5
bitcoin-up-or-down-august-28-8pm-et,DOWN,65291832103314098292958390228316373027243815896601306006207314163947000292163,1756342742,2025-08-28 00:59:02,0.5
bitcoin-up-or-down-august-28-8pm-et,DOWN,65291832103314098292958390228316373027243815896601306006207314163947000292163,1756342806,2025-08-28 01:00:06,0.5
bitcoin-up-or-down-august-28-8pm-et,DOWN,65291832103314098292958390228316373027243815896601306006207314163947000292163,1756342862,2025-08-28 01:01:02,0.5
bitcoin-up-or-down-august-28-8pm-et,DOWN,65291832103314098292958390228316373027243815896601306006207314163947000292163,1756342923,2025-08-28 01:02:03,0.5
bitcoin-up-or-down-august-28-8pm-et,DOWN,65291832103314098292958390228316373027243815896601306006207314163947000292163,1756342982,2025-08-28 01:03:02,0.5
bitcoin-up-or-down-august-28-8pm-et,DOWN,65291832103314098292958390228316373027243815896601306006207314163947000292163,1756343043,2025-08-28 01:04:03,0.5
bitcoin-up-or-down-august-28-8pm-et,DOWN,65291832103314098292958390228316373027243815896601306006207314163947000292163,1756343105,2025-08-28 01:05:05,0.5
bitcoin-up-or-down-august-28-8pm-et,DOWN,65291832103314098292958390228316373027243815896601306006207314163947000292163,1756343163,2025-08-28 01:06:03,0.5
bitcoin-up-or-down-august-28-8pm-et,DOWN,65291832103314098292958390228316373027243815896601306006207314163947000292163,1756343222,2025-08-28 01:07:02,0.5
bitcoin-up-or-down-august-28-8pm-et,DOWN,65291832103314098292958390228316373027243815896601306006207314163947000292163,1756343283,2025-08-28 01:08:03,0.5
bitcoin-up-or-down-august-28-8pm-et,DOWN,65291832103314098292958390228316373027243815896601306006207314163947000292163,1756343343,2025-08-28 01:09:03,0.5
bitcoin-up-or-down-august-28-8pm-et,DOWN,65291832103314098292958390228316373027243815896601306006207314163947000292163,1756343408,2025-08-28 01:10:08,0.5
bitcoin-up-or-down-august-28-8pm-et,DOWN,65291832103314098292958390228316373027243815896601306006207314163947000292163,1756343463,2025-08-28 01:11:03,0.5
bitcoin-up-or-down-august-28-8pm-et,DOWN,65291832103314098292958390228316373027243815896601306006207314163947000292163,1756343522,2025-08-28 01:12:02,0.5
bitcoin-up-or-down-august-28-8pm-et,DOWN,65291832103314098292958390228316373027243815896601306006207314163947000292163,1756343582,2025-08-28 01:13:02,0.5
bitcoin-up-or-down-august-28-8pm-et,DOWN,65291832103314098292958390228316373027243815896601306006207314163947000292163,1756343643,2025-08-28 01:14:03,0.5
bitcoin-up-or-down-august-28-8pm-et,DOWN,65291832103314098292958390228316373027243815896601306006207314163947000292163,1756343708,2025-08-28 01:15:08,0.5
bitcoin-up-or-down-august-28-8pm-et,DOWN,65291832103314098292958390228316373027243815896601306006207314163947000292163,1756343764,2025-08-28 01:16:04,0.5
bitcoin-up-or-down-august-28-8pm-et,DOWN,65291832103314098292958390228316373027243815896601306006207314163947000292163,1756343823,2025-08-28 01:17:03,0.5
bitcoin-up-or-down-august-28-8pm-et,DOWN,65291832103314098292958390228316373027243815896601306006207314163947000292163,1756343883,2025-08-28 01:18:03,0.5
bitcoin-up-or-down-august-28-8pm-et,DOWN,65291832103314098292958390228316373027243815896601306006207314163947000292163,1756343943,2025-08-28 01:19:03,0.5
bitcoin-up-or-down-august-28-8pm-et,DOWN,65291832103314098292958390228316373027243815896601306006207314163947000292163,1756344008,2025-08-28 01:20:08,0.5
bitcoin-up-or-down-august-28-8pm-et,DOWN,65291832103314098292958390228316373027243815896601306006207314163947000292163,1756344063,2025-08-28 01:21:03,0.5
bitcoin-up-or-down-august-28-8pm-et,DOWN,65291832103314098292958390228316373027243815896601306006207314163947000292163,1756344123,2025-08-28 01:22:03,0.5
bitcoin-up-or-down-august-28-8pm-et,DOWN,65291832103314098292958390228316373027243815896601306006207314163947000292163,1756344183,2025-08-28 01:23:03,0.5
bitcoin-up-or-down-august-28-8pm-et,DOWN,65291832103314098292958390228316373027243815896601306006207314163947000292163,1756344243,2025-08-28 01:24:03,0.5
bitcoin-up-or-down-august-28-8pm-et,DOWN,65291832103314098292958390228316373027243815896601306006207314163947000292163,1756344308,2025-08-28 01:25:08,0.5
bitcoin-up-or-down-august-28-8pm-et,DOWN,65291832103314098292958390228316373027243815896601306006207314163947000292163,1756344362,2025-08-28 01:26:02,0.5
bitcoin-up-or-down-august-28-8pm-et,DOWN,65291832103314098292958390228316373027243815896601306006207314163947000292163,1756344422,2025-08-28 01:27:02,0.5
bitcoin-up-or-down-august-28-8pm-et,DOWN,65291832103314098292958390228316373027243815896601306006207314163947000292163,1756344482,2025-08-28 01:28:02,0.5
bitcoin-up-or-down-august-28-8pm-et,DOWN,65291832103314098292958390228316373027243815896601306006207314163947000292163,1756344542,2025-08-28 01:29:02,0.5
bitcoin-up-or-down-august-28-8pm-et,DOWN,65291832103314098292958390228316373027243815896601306006207314163947000292163,1756344610,2025-08-28 01:30:10,0.5
bitcoin-up-or-down-august-28-8pm-et,DOWN,65291832103314098292958390228316373027243815896601306006207314163947000292163,1756344663,2025-08-28 01:31:03,0.5
bitcoin-up-or-down-august-28-8pm-et,DOWN,65291832103314098292958390228316373027243815896601306006207314163947000292163,1756344722,2025-08-28 01:32:02,0.5
bitcoin-up-or-down-august-28-8pm-et,DOWN,65291832103314098292958390228316373027243815896601306006207314163947000292163,1756344783,2025-08-28 01:33:03,0.5
bitcoin-up-or-down-august-28-8pm-et,DOWN,65291832103314098292958390228316373027243815896601306006207314163947000292163,1756344843,2025-08-28 01:34:03,0.5
bitcoin-up-or-down-august-28-8pm-et,DOWN,65291832103314098292958390228316373027243815896601306006207314163947000292163,1756344908,2025-08-28 01:35:08,0.5
bitcoin-up-or-down-august-28-8pm-et,DOWN,65291832103314098292958390228316373027243815896601306006207314163947000292163,1756344962,2025-08-28 01:36:02,0.5
bitcoin-up-or-down-august-28-8pm-et,DOWN,65291832103314098292958390228316373027243815896601306006207314163947000292163,1756345022,2025-08-28 01:37:02,0.5
bitcoin-up-or-down-august-28-8pm-et,DOWN,65291832103314098292958390228316373027243815896601306006207314163947000292163,1756345082,2025-08-28 01:38:02,0.5
bitcoin-up-or-down-august-28-8pm-et,DOWN,65291832103314098292958390228316373027243815896601306006207314163947000292163,1756345142,2025-08-28 01:39:02,0.5
bitcoin-up-or-down-august-28-8pm-et,DOWN,65291832103314098292958390228316373027243815896601306006207314163947000292163,1756345209,2025-08-28 01:40:09,0.5
bitcoin-up-or-down-august-28-8pm-et,DOWN,65291832103314098292958390228316373027243815896601306006207314163947000292163,1756345263,2025-08-28 01:41:03,0.5
bitcoin-up-or-down-august-28-8pm-et,DOWN,65291832103314098292958390228316373027243815896601306006207314163947000292163,1756345322,2025-08-28 01:42:02,0.5
bitcoin-up-or-down-august-28-8pm-et,DOWN,65291832103314098292958390228316373027243815896601306006207314163947000292163,1756345383,2025-08-28 01:43:03,0.5
bitcoin-up-or-down-august-28-8pm-et,DOWN,65291832103314098292958390228316373027243815896601306006207314163947000292163,1756345442,2025-08-28 01:44:02,0.5
bitcoin-up-or-down-august-28-8pm-et,DOWN,65291832103314098292958390228316373027243815896601306006207314163947000292163,1756345510,2025-08-28 01:45:10,0.5
bitcoin-up-or-down-august-28-8pm-et,DOWN,65291832103314098292958390228316373027243815896601306006207314163947000292163,1756345562,2025-08-28 01:46:02,0.5
bitcoin-up-or-down-august-28-8pm-et,DOWN,65291832103314098292958390228316373027243815896601306006207314163947000292163,1756345624,2025-08-28 01:47:04,0.5
bitcoin-up-or-down-august-28-8pm-et,DOWN,65291832103314098292958390228316373027243815896601306006207314163947000292163,1756345682,2025-08-28 01:48:02,0.5
bitcoin-up-or-down-august-28-8pm-et,DOWN,65291832103314098292958390228316373027243815896601306006207314163947000292163,1756345742,2025-08-28 01:49:02,0.5
bitcoin-up-or-down-august-28-8pm-et,DOWN,65291832103314098292958390228316373027243815896601306006207314163947000292163,1756345807,2025-08-28 01:50:07,0.5
bitcoin-up-or-down-august-28-8pm-et,DOWN,65291832103314098292958390228316373027243815896601306006207314163947000292163,1756345863,2025-08-28 01:51:03,0.5
bitcoin-up-or-down-august-28-8pm-et,DOWN,65291832103314098292958390228316373027243815896601306006207314163947000292163,1756345922,2025-08-28 01:52:02,0.5
bitcoin-up-or-down-august-28-8pm-et,DOWN,65291832103314098292958390228316373027243815896601306006207314163947000292163,1756345983,2025-08-28 01:53:03,0.5
bitcoin-up-or-down-august-28-8pm-et,DOWN,65291832103314098292958390228316373027243815896601306006207314163947000292163,1756346044,2025-08-28 01:54:04,0.5
bitcoin-up-or-down-august-28-8pm-et,DOWN,65291832103314098292958390228316373027243815896601306006207314163947000292163,1756346109,2025-08-28 01:55:09,0.5
bitcoin-up-or-down-august-28-8pm-et,DOWN,65291832103314098292958390228316373027243815896601306006207314163947000292163,1756346162,2025-08-28 01:56:02,0.5
bitcoin-up-or-down-august-28-8pm-et,DOWN,65291832103314098292958390228316373027243815896601306006207314163947000292163,1756346223,2025-08-28 01:57:03,0.5
bitcoin-up-or-down-august-28-8pm-et,DOWN,65291832103314098292958390228316373027243815896601306006207314163947000292163,1756346283,2025-08-28 01:58:03,0.5
bitcoin-up-or-down-august-28-8pm-et,DOWN,65291832103314098292958390228316373027243815896601306006207314163947000292163,1756346343,2025-08-28 01:59:03,0.5
bitcoin-up-or-down-august-28-8pm-et,DOWN,65291832103314098292958390228316373027243815896601306006207314163947000292163,1756346409,2025-08-28 02:00:09,0.5
bitcoin-up-or-down-august-28-8pm-et,DOWN,65291832103314098292958390228316373027243815896601306006207314163947000292163,1756346463,2025-08-28 02:01:03,0.5
bitcoin-up-or-down-august-28-8pm-et,DOWN,65291832103314098292958390228316373027243815896601306006207314163947000292163,1756346523,2025-08-28 02:02:03,0.5
bitcoin-up-or-down-august-28-8pm-et,DOWN,65291832103314098292958390228316373027243815896601306006207314163947000292163,1756346583,2025-08-28 02:03:03,0.5
bitcoin-up-or-down-august-28-8pm-et,DOWN,65291832103314098292958390228316373027243815896601306006207314163947000292163,1756346643,2025-08-28 02:04:03,0.5
bitcoin-up-or-down-august-28-8pm-et,DOWN,65291832103314098292958390228316373027243815896601306006207314163947000292163,1756346703,2025-08-28 02:05:03,0.5
bitcoin-up-or-down-august-28-8pm-et,DOWN,65291832103314098292958390228316373027243815896601306006207314163947000292163,1756346762,2025-08-28 02:06:02,0.5
bitcoin-up-or-down-august-28-8pm-et,DOWN,65291832103314098292958390228316373027243815896601306006207314163947000292163,1756346824,2025-08-28 02:07:04,0.5
bitcoin-up-or-down-august-28-8pm-et,DOWN,65291832103314098292958390228316373027243815896601306006207314163947000292163,1756346882,2025-08-28 02:08:02,0.5
bitcoin-up-or-down-august-28-8pm-et,DOWN,65291832103314098292958390228316373027243815896601306006207314163947000292163,1756346943,2025-08-28 02:09:03,0.5
bitcoin-up-or-down-august-28-8pm-et,DOWN,65291832103314098292958390228316373027243815896601306006207314163947000292163,1756347007,2025-08-28 02:10:07,0.5
bitcoin-up-or-down-august-28-8pm-et,DOWN,65291832103314098292958390228316373027243815896601306006207314163947000292163,1756347062,2025-08-28 02:11:02,0.5
bitcoin-up-or-down-august-28-8pm-et,DOWN,65291832103314098292958390228316373027243815896601306006207314163947000292163,1756347124,2025-08-28 02:12:04,0.5
bitcoin-up-or-down-august-28-8pm-et,DOWN,65291832103314098292958390228316373027243815896601306006207314163947000292163,1756347183,2025-08-28 02:13:03,0.5
bitcoin-up-or-down-august-28-8pm-et,DOWN,65291832103314098292958390228316373027243815896601306006207314163947000292163,1756347243,2025-08-28 02:14:03,0.5
bitcoin-up-or-down-august-28-8pm-et,DOWN,65291832103314098292958390228316373027243815896601306006207314163947000292163,1756347311,2025-08-28 02:15:11,0.5
bitcoin-up-or-down-august-28-8pm-et,DOWN,65291832103314098292958390228316373027243815896601306006207314163947000292163,1756347363,2025-08-28 02:16:03,0.5
bitcoin-up-or-down-august-28-8pm-et,DOWN,65291832103314098292958390228316373027243815896601306006207314163947000292163,1756347423,2025-08-28 02:17:03,0.5
bitcoin-up-or-down-august-28-8pm-et,DOWN,65291832103314098292958390228316373027243815896601306006207314163947000292163,1756347482,2025-08-28 02:18:02,0.5
bitcoin-up-or-down-august-28-8pm-et,DOWN,65291832103314098292958390228316373027243815896601306006207314163947000292163,1756347543,2025-08-28 02:19:03,0.5
bitcoin-up-or-down-august-28-8pm-et,DOWN,65291832103314098292958390228316373027243815896601306006207314163947000292163,1756347610,2025-08-28 02:20:10,0.5
bitcoin-up-or-down-august-28-8pm-et,DOWN,65291832103314098292958390228316373027243815896601306006207314163947000292163,1756347663,2025-08-28 02:21:03,0.5
bitcoin-up-or-down-august-28-8pm-et,DOWN,65291832103314098292958390228316373027243815896601306006207314163947000292163,1756347723,2025-08-28 02:22:03,0.5
bitcoin-up-or-down-august-28-8pm-et,DOWN,65291832103314098292958390228316373027243815896601306006207314163947000292163,1756347782,2025-08-28 02:23:02,0.5
bitcoin-up-or-down-august-28-8pm-et,DOWN,65291832103314098292958390228316373027243815896601306006207314163947000292163,1756347844,2025-08-28 02:24:04,0.5
bitcoin-up-or-down-august-28-8pm-et,DOWN,65291832103314098292958390228316373027243815896601306006207314163947000292163,1756347908,2025-08-28 02:25:08,0.5
bitcoin-up-or-down-august-28-8pm-et,DOWN,65291832103314098292958390228316373027243815896601306006207314163947000292163,1756347962,2025-08-28 02:26:02,0.5
bitcoin-up-or-down-august-28-8pm-et,DOWN,65291832103314098292958390228316373027243815896601306006207314163947000292163,1756348023,2025-08-28 02:27:03,0.5
bitcoin-up-or-down-august-28-8pm-et,DOWN,65291832103314098292958390228316373027243815896601306006207314163947000292163,1756348082,2025-08-28 02:28:02,0.5
bitcoin-up-or-down-august-28-8pm-et,DOWN,65291832103314098292958390228316373027243815896601306006207314163947000292163,1756348142,2025-08-28 02:29:02,0.5
bitcoin-up-or-down-august-28-8pm-et,DOWN,65291832103314098292958390228316373027243815896601306006207314163947000292163,1756348211,2025-08-28 02:30:11,0.5
bitcoin-up-or-down-august-28-8pm-et,DOWN,65291832103314098292958390228316373027243815896601306006207314163947000292163,1756348263,2025-08-28 02:31:03,0.5
bitcoin-up-or-down-august-28-8pm-et,DOWN,65291832103314098292958390228316373027243815896601306006207314163947000292163,1756348323,2025-08-28 02:32:03,0.5
bitcoin-up-or-down-august-28-8pm-et,DOWN,65291832103314098292958390228316373027243815896601306006207314163947000292163,1756348382,2025-08-28 02:33:02,0.5
bitcoin-up-or-down-august-28-8pm-et,DOWN,65291832103314098292958390228316373027243815896601306006207314163947000292163,1756348443,2025-08-28 02:34:03,0.5
bitcoin-up-or-down-august-28-8pm-et,DOWN,65291832103314098292958390228316373027243815896601306006207314163947000292163,1756348509,2025-08-28 02:35:09,0.5
bitcoin-up-or-down-august-28-8pm-et,DOWN,65291832103314098292958390228316373027243815896601306006207314163947000292163,1756348563,2025-08-28 02:36:03,0.5
bitcoin-up-or-down-august-28-8pm-et,DOWN,65291832103314098292958390228316373027243815896601306006207314163947000292163,1756348622,2025-08-28 02:37:02,0.5
bitcoin-up-or-down-august-28-8pm-et,DOWN,65291832103314098292958390228316373027243815896601306006207314163947000292163,1756348683,2025-08-28 02:38:03,0.5
bitcoin-up-or-down-august-28-8pm-et,DOWN,65291832103314098292958390228316373027243815896601306006207314163947000292163,1756348743,2025-08-28 02:39:03,0.5
bitcoin-up-or-down-august-28-8pm-et,DOWN,65291832103314098292958390228316373027243815896601306006207314163947000292163,1756348810,2025-08-28 02:40:10,0.5
bitcoin-up-or-down-august-28-8pm-et,DOWN,65291832103314098292958390228316373027243815896601306006207314163947000292163,1756348863,2025-08-28 02:41:03,0.5
bitcoin-up-or-down-august-28-8pm-et,DOWN,65291832103314098292958390228316373027243815896601306006207314163947000292163,1756348922,2025-08-28 02:42:02,0.5
bitcoin-up-or-down-august-28-8pm-et,DOWN,65291832103314098292958390228316373027243815896601306006207314163947000292163,1756348983,2025-08-28 02:43:03,0.5
bitcoin-up-or-down-august-28-8pm-et,DOWN,65291832103314098292958390228316373027243815896601306006207314163947000292163,1756349043,2025-08-28 02:44:03,0.5
bitcoin-up-or-down-august-28-8pm-et,DOWN,65291832103314098292958390228316373027243815896601306006207314163947000292163,1756349104,2025-08-28 02:45:04,0.5
bitcoin-up-or-down-august-28-8pm-et,DOWN,65291832103314098292958390228316373027243815896601306006207314163947000292163,1756349163,2025-08-28 02:46:03,0.5
bitcoin-up-or-down-august-28-8pm-et,DOWN,65291832103314098292958390228316373027243815896601306006207314163947000292163,1756349223,2025-08-28 02:47:03,0.5
bitcoin-up-or-down-august-28-8pm-et,DOWN,65291832103314098292958390228316373027243815896601306006207314163947000292163,1756349283,2025-08-28 02:48:03,0.5
bitcoin-up-or-down-august-28-8pm-et,DOWN,65291832103314098292958390228316373027243815896601306006207314163947000292163,1756349344,2025-08-28 02:49:04,0.5
bitcoin-up-or-down-august-28-8pm-et,DOWN,65291832103314098292958390228316373027243815896601306006207314163947000292163,1756349407,2025-08-28 02:50:07,0.5
bitcoin-up-or-down-august-28-8pm-et,DOWN,65291832103314098292958390228316373027243815896601306006207314163947000292163,1756349462,2025-08-28 02:51:02,0.5
bitcoin-up-or-down-august-28-8pm-et,DOWN,65291832103314098292958390228316373027243815896601306006207314163947000292163,1756349522,2025-08-28 02:52:02,0.5
bitcoin-up-or-down-august-28-8pm-et,DOWN,65291832103314098292958390228316373027243815896601306006207314163947000292163,1756349584,2025-08-28 02:53:04,0.5
bitcoin-up-or-down-august-28-8pm-et,DOWN,65291832103314098292958390228316373027243815896601306006207314163947000292163,1756349642,2025-08-28 02:54:02,0.5
bitcoin-up-or-down-august-28-8pm-et,DOWN,65291832103314098292958390228316373027243815896601306006207314163947000292163,1756349708,2025-08-28 02:55:08,0.5
bitcoin-up-or-down-august-28-8pm-et,DOWN,65291832103314098292958390228316373027243815896601306006207314163947000292163,1756349763,2025-08-28 02:56:03,0.5
bitcoin-up-or-down-august-28-8pm-et,DOWN,65291832103314098292958390228316373027243815896601306006207314163947000292163,1756349824,2025-08-28 02:57:04,0.5
bitcoin-up-or-down-august-28-8pm-et,DOWN,65291832103314098292958390228316373027243815896601306006207314163947000292163,1756349883,2025-08-28 02:58:03,0.5
bitcoin-up-or-down-august-28-8pm-et,DOWN,65291832103314098292958390228316373027243815896601306006207314163947000292163,1756349943,2025-08-28 02:59:03,0.5
bitcoin-up-or-down-august-28-8pm-et,DOWN,65291832103314098292958390228316373027243815896601306006207314163947000292163,1756350009,2025-08-28 03:00:09,0.5
bitcoin-up-or-down-august-28-8pm-et,DOWN,65291832103314098292958390228316373027243815896601306006207314163947000292163,1756350063,2025-08-28 03:01:03,0.5
bitcoin-up-or-down-august-28-8pm-et,DOWN,65291832103314098292958390228316373027243815896601306006207314163947000292163,1756350122,2025-08-28 03:02:02,0.5
bitcoin-up-or-down-august-28-8pm-et,DOWN,65291832103314098292958390228316373027243815896601306006207314163947000292163,1756350182,2025-08-28 03:03:02,0.5
bitcoin-up-or-down-august-28-8pm-et,DOWN,65291832103314098292958390228316373027243815896601306006207314163947000292163,1756350242,2025-08-28 03:04:02,0.5
bitcoin-up-or-down-august-28-8pm-et,DOWN,65291832103314098292958390228316373027243815896601306006207314163947000292163,1756350312,2025-08-28 03:05:12,0.5
bitcoin-up-or-down-august-28-8pm-et,DOWN,65291832103314098292958390228316373027243815896601306006207314163947000292163,1756350363,2025-08-28 03:06:03,0.5
bitcoin-up-or-down-august-28-8pm-et,DOWN,65291832103314098292958390228316373027243815896601306006207314163947000292163,1756350423,2025-08-28 03:07:03,0.5
bitcoin-up-or-down-august-28-8pm-et,DOWN,65291832103314098292958390228316373027243815896601306006207314163947000292163,1756350482,2025-08-28 03:08:02,0.5
bitcoin-up-or-down-august-28-8pm-et,DOWN,65291832103314098292958390228316373027243815896601306006207314163947000292163,1756350542,2025-08-28 03:09:02,0.5
bitcoin-up-or-down-august-28-8pm-et,DOWN,65291832103314098292958390228316373027243815896601306006207314163947000292163,1756350604,2025-08-28 03:10:04,0.5
bitcoin-up-or-down-august-28-8pm-et,DOWN,65291832103314098292958390228316373027243815896601306006207314163947000292163,1756350663,2025-08-28 03:11:03,0.5
bitcoin-up-or-down-august-28-8pm-et,DOWN,65291832103314098292958390228316373027243815896601306006207314163947000292163,1756350722,2025-08-28 03:12:02,0.5
bitcoin-up-or-down-august-28-8pm-et,DOWN,65291832103314098292958390228316373027243815896601306006207314163947000292163,1756350784,2025-08-28 03:13:04,0.5
bitcoin-up-or-down-august-28-8pm-et,DOWN,65291832103314098292958390228316373027243815896601306006207314163947000292163,1756350842,2025-08-28 03:14:02,0.5
bitcoin-up-or-down-august-28-8pm-et,DOWN,65291832103314098292958390228316373027243815896601306006207314163947000292163,1756350906,2025-08-28 03:15:06,0.5
bitcoin-up-or-down-august-28-8pm-et,DOWN,65291832103314098292958390228316373027243815896601306006207314163947000292163,1756350962,2025-08-28 03:16:02,0.5
bitcoin-up-or-down-august-28-8pm-et,DOWN,65291832103314098292958390228316373027243815896601306006207314163947000292163,1756351024,2025-08-28 03:17:04,0.5
bitcoin-up-or-down-august-28-8pm-et,DOWN,65291832103314098292958390228316373027243815896601306006207314163947000292163,1756351083,2025-08-28 03:18:03,0.5
bitcoin-up-or-down-august-28-8pm-et,DOWN,65291832103314098292958390228316373027243815896601306006207314163947000292163,1756351142,2025-08-28 03:19:02,0.5
bitcoin-up-or-down-august-28-8pm-et,DOWN,65291832103314098292958390228316373027243815896601306006207314163947000292163,1756351202,2025-08-28 03:20:02,0.5
bitcoin-up-or-down-august-28-8pm-et,DOWN,65291832103314098292958390228316373027243815896601306006207314163947000292163,1756351262,2025-08-28 03:21:02,0.5
bitcoin-up-or-down-august-28-8pm-et,DOWN,65291832103314098292958390228316373027243815896601306006207314163947000292163,1756351322,2025-08-28 03:22:02,0.5
bitcoin-up-or-down-august-28-8pm-et,DOWN,65291832103314098292958390228316373027243815896601306006207314163947000292163,1756351384,2025-08-28 03:23:04,0.5
bitcoin-up-or-down-august-28-8pm-et,DOWN,65291832103314098292958390228316373027243815896601306006207314163947000292163,1756351443,2025-08-28 03:24:03,0.5
bitcoin-up-or-down-august-28-8pm-et,DOWN,65291832103314098292958390228316373027243815896601306006207314163947000292163,1756351504,2025-08-28 03:25:04,0.5
bitcoin-up-or-down-august-28-8pm-et,DOWN,65291832103314098292958390228316373027243815896601306006207314163947000292163,1756351563,2025-08-28 03:26:03,0.5
bitcoin-up-or-down-august-28-8pm-et,DOWN,65291832103314098292958390228316373027243815896601306006207314163947000292163,1756351622,2025-08-28 03:27:02,0.5
bitcoin-up-or-down-august-28-8pm-et,DOWN,65291832103314098292958390228316373027243815896601306006207314163947000292163,1756351682,2025-08-28 03:28:02,0.5
bitcoin-up-or-down-august-28-8pm-et,DOWN,65291832103314098292958390228316373027243815896601306006207314163947000292163,1756351743,2025-08-28 03:29:03,0.5
bitcoin-up-or-down-august-28-8pm-et,DOWN,65291832103314098292958390228316373027243815896601306006207314163947000292163,1756351813,2025-08-28 03:30:13,0.5
bitcoin-up-or-down-august-28-8pm-et,DOWN,65291832103314098292958390228316373027243815896601306006207314163947000292163,1756351864,2025-08-28 03:31:04,0.5
bitcoin-up-or-down-august-28-8pm-et,DOWN,65291832103314098292958390228316373027243815896601306006207314163947000292163,1756351922,2025-08-28 03:32:02,0.5
bitcoin-up-or-down-august-28-8pm-et,DOWN,65291832103314098292958390228316373027243815896601306006207314163947000292163,1756351982,2025-08-28 03:33:02,0.5
bitcoin-up-or-down-august-28-8pm-et,DOWN,65291832103314098292958390228316373027243815896601306006207314163947000292163,1756352044,2025-08-28 03:34:04,0.5
bitcoin-up-or-down-august-28-8pm-et,DOWN,65291832103314098292958390228316373027243815896601306006207314163947000292163,1756352103,2025-08-28 03:35:03,0.5
bitcoin-up-or-down-august-28-8pm-et,DOWN,65291832103314098292958390228316373027243815896601306006207314163947000292163,1756352163,2025-08-28 03:36:03,0.5
bitcoin-up-or-down-august-28-8pm-et,DOWN,65291832103314098292958390228316373027243815896601306006207314163947000292163,1756352223,2025-08-28 03:37:03,0.5
bitcoin-up-or-down-august-28-8pm-et,DOWN,65291832103314098292958390228316373027243815896601306006207314163947000292163,1756352284,2025-08-28 03:38:04,0.5
bitcoin-up-or-down-august-28-8pm-et,DOWN,65291832103314098292958390228316373027243815896601306006207314163947000292163,1756352343,2025-08-28 03:39:03,0.5
bitcoin-up-or-down-august-28-8pm-et,DOWN,65291832103314098292958390228316373027243815896601306006207314163947000292163,1756352405,2025-08-28 03:40:05,0.5
bitcoin-up-or-down-august-28-8pm-et,DOWN,65291832103314098292958390228316373027243815896601306006207314163947000292163,1756352462,2025-08-28 03:41:02,0.5
bitcoin-up-or-down-august-28-8pm-et,DOWN,65291832103314098292958390228316373027243815896601306006207314163947000292163,1756352522,2025-08-28 03:42:02,0.5
bitcoin-up-or-down-august-28-8pm-et,DOWN,65291832103314098292958390228316373027243815896601306006207314163947000292163,1756352583,2025-08-28 03:43:03,0.5
bitcoin-up-or-down-august-28-8pm-et,DOWN,65291832103314098292958390228316373027243815896601306006207314163947000292163,1756352643,2025-08-28 03:44:03,0.5
bitcoin-up-or-down-august-28-8pm-et,DOWN,65291832103314098292958390228316373027243815896601306006207314163947000292163,1756352709,2025-08-28 03:45:09,0.5
bitcoin-up-or-down-august-28-8pm-et,DOWN,65291832103314098292958390228316373027243815896601306006207314163947000292163,1756352764,2025-08-28 03:46:04,0.5
bitcoin-up-or-down-august-28-8pm-et,DOWN,65291832103314098292958390228316373027243815896601306006207314163947000292163,1756352822,2025-08-28 03:47:02,0.5
bitcoin-up-or-down-august-28-8pm-et,DOWN,65291832103314098292958390228316373027243815896601306006207314163947000292163,1756352883,2025-08-28 03:48:03,0.5
bitcoin-up-or-down-august-28-8pm-et,DOWN,65291832103314098292958390228316373027243815896601306006207314163947000292163,1756352943,2025-08-28 03:49:03,0.5
bitcoin-up-or-down-august-28-8pm-et,DOWN,65291832103314098292958390228316373027243815896601306006207314163947000292163,1756353009,2025-08-28 03:50:09,0.5
bitcoin-up-or-down-august-28-8pm-et,DOWN,65291832103314098292958390228316373027243815896601306006207314163947000292163,1756353063,2025-08-28 03:51:03,0.5
bitcoin-up-or-down-august-28-8pm-et,DOWN,65291832103314098292958390228316373027243815896601306006207314163947000292163,1756353122,2025-08-28 03:52:02,0.5
bitcoin-up-or-down-august-28-8pm-et,DOWN,65291832103314098292958390228316373027243815896601306006207314163947000292163,1756353183,2025-08-28 03:53:03,0.5
bitcoin-up-or-down-august-28-8pm-et,DOWN,65291832103314098292958390228316373027243815896601306006207314163947000292163,1756353243,2025-08-28 03:54:03,0.5
bitcoin-up-or-down-august-28-8pm-et,DOWN,65291832103314098292958390228316373027243815896601306006207314163947000292163,1756353312,2025-08-28 03:55:12,0.5
bitcoin-up-or-down-august-28-8pm-et,DOWN,65291832103314098292958390228316373027243815896601306006207314163947000292163,1756353362,2025-08-28 03:56:02,0.5
bitcoin-up-or-down-august-28-8pm-et,DOWN,65291832103314098292958390228316373027243815896601306006207314163947000292163,1756353423,2025-08-28 03:57:03,0.5
bitcoin-up-or-down-august-28-8pm-et,DOWN,65291832103314098292958390228316373027243815896601306006207314163947000292163,1756353482,2025-08-28 03:58:02,0.5
bitcoin-up-or-down-august-28-8pm-et,DOWN,65291832103314098292958390228316373027243815896601306006207314163947000292163,1756353543,2025-08-28 03:59:03,0.5
bitcoin-up-or-down-august-28-8pm-et,DOWN,65291832103314098292958390228316373027243815896601306006207314163947000292163,1756353615,2025-08-28 04:00:15,0.5
bitcoin-up-or-down-august-28-8pm-et,DOWN,65291832103314098292958390228316373027243815896601306006207314163947000292163,1756353662,2025-08-28 04:01:02,0.5
bitcoin-up-or-down-august-28-8pm-et,DOWN,65291832103314098292958390228316373027243815896601306006207314163947000292163,1756353723,2025-08-28 04:02:03,0.5
bitcoin-up-or-down-august-28-8pm-et,DOWN,65291832103314098292958390228316373027243815896601306006207314163947000292163,1756353782,2025-08-28 04:03:02,0.5
bitcoin-up-or-down-august-28-8pm-et,DOWN,65291832103314098292958390228316373027243815896601306006207314163947000292163,1756353843,2025-08-28 04:04:03,0.5
bitcoin-up-or-down-august-28-8pm-et,DOWN,65291832103314098292958390228316373027243815896601306006207314163947000292163,1756353912,2025-08-28 04:05:12,0.5
bitcoin-up-or-down-august-28-8pm-et,DOWN,65291832103314098292958390228316373027243815896601306006207314163947000292163,1756353963,2025-08-28 04:06:03,0.5
bitcoin-up-or-down-august-28-8pm-et,DOWN,65291832103314098292958390228316373027243815896601306006207314163947000292163,1756354023,2025-08-28 04:07:03,0.5
bitcoin-up-or-down-august-28-8pm-et,DOWN,65291832103314098292958390228316373027243815896601306006207314163947000292163,1756354083,2025-08-28 04:08:03,0.5
bitcoin-up-or-down-august-28-8pm-et,DOWN,65291832103314098292958390228316373027243815896601306006207314163947000292163,1756354144,2025-08-28 04:09:04,0.5
bitcoin-up-or-down-august-28-8pm-et,DOWN,65291832103314098292958390228316373027243815896601306006207314163947000292163,1756354212,2025-08-28 04:10:12,0.5
bitcoin-up-or-down-august-28-8pm-et,DOWN,65291832103314098292958390228316373027243815896601306006207314163947000292163,1756354262,2025-08-28 04:11:02,0.5
bitcoin-up-or-down-august-28-8pm-et,DOWN,65291832103314098292958390228316373027243815896601306006207314163947000292163,1756354323,2025-08-28 04:12:03,0.5
bitcoin-up-or-down-august-28-8pm-et,DOWN,65291832103314098292958390228316373027243815896601306006207314163947000292163,1756354384,2025-08-28 04:13:04,0.5
bitcoin-up-or-down-august-28-8pm-et,DOWN,65291832103314098292958390228316373027243815896601306006207314163947000292163,1756354444,2025-08-28 04:14:04,0.5
bitcoin-up-or-down-august-28-8pm-et,DOWN,65291832103314098292958390228316373027243815896601306006207314163947000292163,1756354504,2025-08-28 04:15:04,0.5
bitcoin-up-or-down-august-28-8pm-et,DOWN,65291832103314098292958390228316373027243815896601306006207314163947000292163,1756354564,2025-08-28 04:16:04,0.5
bitcoin-up-or-down-august-28-8pm-et,DOWN,65291832103314098292958390228316373027243815896601306006207314163947000292163,1756354624,2025-08-28 04:17:04,0.5
bitcoin-up-or-down-august-28-8pm-et,DOWN,65291832103314098292958390228316373027243815896601306006207314163947000292163,1756354683,2025-08-28 04:18:03,0.5
bitcoin-up-or-down-august-28-8pm-et,DOWN,65291832103314098292958390228316373027243815896601306006207314163947000292163,1756354771,2025-08-28 04:19:31,0.5
bitcoin-up-or-down-august-28-8pm-et,DOWN,65291832103314098292958390228316373027243815896601306006207314163947000292163,1756354811,2025-08-28 04:20:11,0.5
bitcoin-up-or-down-august-28-8pm-et,DOWN,65291832103314098292958390228316373027243815896601306006207314163947000292163,1756354862,2025-08-28 04:21:02,0.5
bitcoin-up-or-down-august-28-8pm-et,DOWN,65291832103314098292958390228316373027243815896601306006207314163947000292163,1756354922,2025-08-28 04:22:02,0.5
bitcoin-up-or-down-august-28-8pm-et,DOWN,65291832103314098292958390228316373027243815896601306006207314163947000292163,1756354983,2025-08-28 04:23:03,0.5
bitcoin-up-or-down-august-28-8pm-et,DOWN,65291832103314098292958390228316373027243815896601306006207314163947000292163,1756355043,2025-08-28 04:24:03,0.5
bitcoin-up-or-down-august-28-8pm-et,DOWN,65291832103314098292958390228316373027243815896601306006207314163947000292163,1756355102,2025-08-28 04:25:02,0.5
bitcoin-up-or-down-august-28-8pm-et,DOWN,65291832103314098292958390228316373027243815896601306006207314163947000292163,1756355164,2025-08-28 04:26:04,0.5
bitcoin-up-or-down-august-28-8pm-et,DOWN,65291832103314098292958390228316373027243815896601306006207314163947000292163,1756355223,2025-08-28 04:27:03,0.5
bitcoin-up-or-down-august-28-8pm-et,DOWN,65291832103314098292958390228316373027243815896601306006207314163947000292163,1756355283,2025-08-28 04:28:03,0.5
bitcoin-up-or-down-august-28-8pm-et,DOWN,65291832103314098292958390228316373027243815896601306006207314163947000292163,1756355342,2025-08-28 04:29:02,0.5
bitcoin-up-or-down-august-28-8pm-et,DOWN,65291832103314098292958390228316373027243815896601306006207314163947000292163,1756355412,2025-08-28 04:30:12,0.5
bitcoin-up-or-down-august-28-8pm-et,DOWN,65291832103314098292958390228316373027243815896601306006207314163947000292163,1756355465,2025-08-28 04:31:05,0.5
bitcoin-up-or-down-august-28-8pm-et,DOWN,65291832103314098292958390228316373027243815896601306006207314163947000292163,1756355523,2025-08-28 04:32:03,0.5
bitcoin-up-or-down-august-28-8pm-et,DOWN,65291832103314098292958390228316373027243815896601306006207314163947000292163,1756355584,2025-08-28 04:33:04,0.5
bitcoin-up-or-down-august-28-8pm-et,DOWN,65291832103314098292958390228316373027243815896601306006207314163947000292163,1756355643,2025-08-28 04:34:03,0.5
bitcoin-up-or-down-august-28-8pm-et,DOWN,65291832103314098292958390228316373027243815896601306006207314163947000292163,1756355705,2025-08-28 04:35:05,0.5
bitcoin-up-or-down-august-28-8pm-et,DOWN,65291832103314098292958390228316373027243815896601306006207314163947000292163,1756355764,2025-08-28 04:36:04,0.5
bitcoin-up-or-down-august-28-8pm-et,DOWN,65291832103314098292958390228316373027243815896601306006207314163947000292163,1756355823,2025-08-28 04:37:03,0.5
bitcoin-up-or-down-august-28-8pm-et,DOWN,65291832103314098292958390228316373027243815896601306006207314163947000292163,1756355883,2025-08-28 04:38:03,0.5
bitcoin-up-or-down-august-28-8pm-et,DOWN,65291832103314098292958390228316373027243815896601306006207314163947000292163,1756355943,2025-08-28 04:39:03,0.5
bitcoin-up-or-down-august-28-8pm-et,DOWN,65291832103314098292958390228316373027243815896601306006207314163947000292163,1756356002,2025-08-28 04:40:02,0.5
bitcoin-up-or-down-august-28-8pm-et,DOWN,65291832103314098292958390228316373027243815896601306006207314163947000292163,1756356062,2025-08-28 04:41:02,0.5
bitcoin-up-or-down-august-28-8pm-et,DOWN,65291832103314098292958390228316373027243815896601306006207314163947000292163,1756356123,2025-08-28 04:42:03,0.5
bitcoin-up-or-down-august-28-8pm-et,DOWN,65291832103314098292958390228316373027243815896601306006207314163947000292163,1756356184,2025-08-28 04:43:04,0.5
bitcoin-up-or-down-august-28-8pm-et,DOWN,65291832103314098292958390228316373027243815896601306006207314163947000292163,1756356244,2025-08-28 04:44:04,0.5
bitcoin-up-or-down-august-28-8pm-et,DOWN,65291832103314098292958390228316373027243815896601306006207314163947000292163,1756356305,2025-08-28 04:45:05,0.5
bitcoin-up-or-down-august-28-8pm-et,DOWN,65291832103314098292958390228316373027243815896601306006207314163947000292163,1756356362,2025-08-28 04:46:02,0.5
bitcoin-up-or-down-august-28-8pm-et,DOWN,65291832103314098292958390228316373027243815896601306006207314163947000292163,1756356423,2025-08-28 04:47:03,0.5
bitcoin-up-or-down-august-28-8pm-et,DOWN,65291832103314098292958390228316373027243815896601306006207314163947000292163,1756356483,2025-08-28 04:48:03,0.5
bitcoin-up-or-down-august-28-8pm-et,DOWN,65291832103314098292958390228316373027243815896601306006207314163947000292163,1756356543,2025-08-28 04:49:03,0.5
bitcoin-up-or-down-august-28-8pm-et,DOWN,65291832103314098292958390228316373027243815896601306006207314163947000292163,1756356612,2025-08-28 04:50:12,0.5
bitcoin-up-or-down-august-28-8pm-et,DOWN,65291832103314098292958390228316373027243815896601306006207314163947000292163,1756356663,2025-08-28 04:51:03,0.5
bitcoin-up-or-down-august-28-8pm-et,DOWN,65291832103314098292958390228316373027243815896601306006207314163947000292163,1756356723,2025-08-28 04:52:03,0.5
bitcoin-up-or-down-august-28-8pm-et,DOWN,65291832103314098292958390228316373027243815896601306006207314163947000292163,1756356784,2025-08-28 04:53:04,0.5
bitcoin-up-or-down-august-28-8pm-et,DOWN,65291832103314098292958390228316373027243815896601306006207314163947000292163,1756356843,2025-08-28 04:54:03,0.5
bitcoin-up-or-down-august-28-8pm-et,DOWN,65291832103314098292958390228316373027243815896601306006207314163947000292163,1756356913,2025-08-28 04:55:13,0.5
bitcoin-up-or-down-august-28-8pm-et,DOWN,65291832103314098292958390228316373027243815896601306006207314163947000292163,1756356963,2025-08-28 04:56:03,0.5
bitcoin-up-or-down-august-28-8pm-et,DOWN,65291832103314098292958390228316373027243815896601306006207314163947000292163,1756357023,2025-08-28 04:57:03,0.5
bitcoin-up-or-down-august-28-8pm-et,DOWN,65291832103314098292958390228316373027243815896601306006207314163947000292163,1756357083,2025-08-28 04:58:03,0.5
bitcoin-up-or-down-august-28-8pm-et,DOWN,65291832103314098292958390228316373027243815896601306006207314163947000292163,1756357142,2025-08-28 04:59:02,0.5
bitcoin-up-or-down-august-28-8pm-et,DOWN,65291832103314098292958390228316373027243815896601306006207314163947000292163,1756357203,2025-08-28 05:00:03,0.5
bitcoin-up-or-down-august-28-8pm-et,DOWN,65291832103314098292958390228316373027243815896601306006207314163947000292163,1756357262,2025-08-28 05:01:02,0.5
bitcoin-up-or-down-august-28-8pm-et,DOWN,65291832103314098292958390228316373027243815896601306006207314163947000292163,1756357323,2025-08-28 05:02:03,0.5
bitcoin-up-or-down-august-28-8pm-et,DOWN,65291832103314098292958390228316373027243815896601306006207314163947000292163,1756357383,2025-08-28 05:03:03,0.5
bitcoin-up-or-down-august-28-8pm-et,DOWN,65291832103314098292958390228316373027243815896601306006207314163947000292163,1756357442,2025-08-28 05:04:02,0.5
bitcoin-up-or-down-august-28-8pm-et,DOWN,65291832103314098292958390228316373027243815896601306006207314163947000292163,1756357517,2025-08-28 05:05:17,0.5
bitcoin-up-or-down-august-28-8pm-et,DOWN,65291832103314098292958390228316373027243815896601306006207314163947000292163,1756357564,2025-08-28 05:06:04,0.5
bitcoin-up-or-down-august-28-8pm-et,DOWN,65291832103314098292958390228316373027243815896601306006207314163947000292163,1756357622,2025-08-28 05:07:02,0.5
bitcoin-up-or-down-august-28-8pm-et,DOWN,65291832103314098292958390228316373027243815896601306006207314163947000292163,1756357684,2025-08-28 05:08:04,0.5
bitcoin-up-or-down-august-28-8pm-et,DOWN,65291832103314098292958390228316373027243815896601306006207314163947000292163,1756357742,2025-08-28 05:09:02,0.5
bitcoin-up-or-down-august-28-8pm-et,DOWN,65291832103314098292958390228316373027243815896601306006207314163947000292163,1756357809,2025-08-28 05:10:09,0.5
bitcoin-up-or-down-august-28-8pm-et,DOWN,65291832103314098292958390228316373027243815896601306006207314163947000292163,1756357862,2025-08-28 05:11:02,0.5
bitcoin-up-or-down-august-28-8pm-et,DOWN,65291832103314098292958390228316373027243815896601306006207314163947000292163,1756357924,2025-08-28 05:12:04,0.5
bitcoin-up-or-down-august-28-8pm-et,DOWN,65291832103314098292958390228316373027243815896601306006207314163947000292163,1756357983,2025-08-28 05:13:03,0.5
bitcoin-up-or-down-august-28-8pm-et,DOWN,65291832103314098292958390228316373027243815896601306006207314163947000292163,1756358043,2025-08-28 05:14:03,0.5
bitcoin-up-or-down-august-28-8pm-et,DOWN,65291832103314098292958390228316373027243815896601306006207314163947000292163,1756358113,2025-08-28 05:15:13,0.5
bitcoin-up-or-down-august-28-8pm-et,DOWN,65291832103314098292958390228316373027243815896601306006207314163947000292163,1756358162,2025-08-28 05:16:02,0.5
bitcoin-up-or-down-august-28-8pm-et,DOWN,65291832103314098292958390228316373027243815896601306006207314163947000292163,1756358222,2025-08-28 05:17:02,0.5
bitcoin-up-or-down-august-28-8pm-et,DOWN,65291832103314098292958390228316373027243815896601306006207314163947000292163,1756358282,2025-08-28 05:18:02,0.5
bitcoin-up-or-down-august-28-8pm-et,DOWN,65291832103314098292958390228316373027243815896601306006207314163947000292163,1756358344,2025-08-28 05:19:04,0.5
bitcoin-up-or-down-august-28-8pm-et,DOWN,65291832103314098292958390228316373027243815896601306006207314163947000292163,1756358412,2025-08-28 05:20:12,0.5
bitcoin-up-or-down-august-28-8pm-et,DOWN,65291832103314098292958390228316373027243815896601306006207314163947000292163,1756358462,2025-08-28 05:21:02,0.5
bitcoin-up-or-down-august-28-8pm-et,DOWN,65291832103314098292958390228316373027243815896601306006207314163947000292163,1756358523,2025-08-28 05:22:03,0.5
bitcoin-up-or-down-august-28-8pm-et,DOWN,65291832103314098292958390228316373027243815896601306006207314163947000292163,1756358583,2025-08-28 05:23:03,0.5
bitcoin-up-or-down-august-28-8pm-et,DOWN,65291832103314098292958390228316373027243815896601306006207314163947000292163,1756358642,2025-08-28 05:24:02,0.5
bitcoin-up-or-down-august-28-8pm-et,DOWN,65291832103314098292958390228316373027243815896601306006207314163947000292163,1756358707,2025-08-28 05:25:07,0.5
bitcoin-up-or-down-august-28-8pm-et,DOWN,65291832103314098292958390228316373027243815896601306006207314163947000292163,1756358762,2025-08-28 05:26:02,0.5
bitcoin-up-or-down-august-28-8pm-et,DOWN,65291832103314098292958390228316373027243815896601306006207314163947000292163,1756358823,2025-08-28 05:27:03,0.5
bitcoin-up-or-down-august-28-8pm-et,DOWN,65291832103314098292958390228316373027243815896601306006207314163947000292163,1756358882,2025-08-28 05:28:02,0.5
bitcoin-up-or-down-august-28-8pm-et,DOWN,65291832103314098292958390228316373027243815896601306006207314163947000292163,1756358942,2025-08-28 05:29:02,0.5
bitcoin-up-or-down-august-28-8pm-et,DOWN,65291832103314098292958390228316373027243815896601306006207314163947000292163,1756359009,2025-08-28 05:30:09,0.5
bitcoin-up-or-down-august-28-8pm-et,DOWN,65291832103314098292958390228316373027243815896601306006207314163947000292163,1756359062,2025-08-28 05:31:02,0.5
bitcoin-up-or-down-august-28-8pm-et,DOWN,65291832103314098292958390228316373027243815896601306006207314163947000292163,1756359122,2025-08-28 05:32:02,0.5
bitcoin-up-or-down-august-28-8pm-et,DOWN,65291832103314098292958390228316373027243815896601306006207314163947000292163,1756359184,2025-08-28 05:33:04,0.5
bitcoin-up-or-down-august-28-8pm-et,DOWN,65291832103314098292958390228316373027243815896601306006207314163947000292163,1756359243,2025-08-28 05:34:03,0.5
bitcoin-up-or-down-august-28-8pm-et,DOWN,65291832103314098292958390228316373027243815896601306006207314163947000292163,1756359315,2025-08-28 05:35:15,0.5
bitcoin-up-or-down-august-28-8pm-et,DOWN,65291832103314098292958390228316373027243815896601306006207314163947000292163,1756359363,2025-08-28 05:36:03,0.5
bitcoin-up-or-down-august-28-8pm-et,DOWN,65291832103314098292958390228316373027243815896601306006207314163947000292163,1756359422,2025-08-28 05:37:02,0.5
bitcoin-up-or-down-august-28-8pm-et,DOWN,65291832103314098292958390228316373027243815896601306006207314163947000292163,1756359483,2025-08-28 05:38:03,0.5
bitcoin-up-or-down-august-28-8pm-et,DOWN,65291832103314098292958390228316373027243815896601306006207314163947000292163,1756359543,2025-08-28 05:39:03,0.5
bitcoin-up-or-down-august-28-8pm-et,DOWN,65291832103314098292958390228316373027243815896601306006207314163947000292163,1756359605,2025-08-28 05:40:05,0.5
bitcoin-up-or-down-august-28-8pm-et,DOWN,65291832103314098292958390228316373027243815896601306006207314163947000292163,1756359662,2025-08-28 05:41:02,0.5
bitcoin-up-or-down-august-28-8pm-et,DOWN,65291832103314098292958390228316373027243815896601306006207314163947000292163,1756359724,2025-08-28 05:42:04,0.5
bitcoin-up-or-down-august-28-8pm-et,DOWN,65291832103314098292958390228316373027243815896601306006207314163947000292163,1756359782,2025-08-28 05:43:02,0.5
bitcoin-up-or-down-august-28-8pm-et,DOWN,65291832103314098292958390228316373027243815896601306006207314163947000292163,1756359842,2025-08-28 05:44:02,0.5
bitcoin-up-or-down-august-28-8pm-et,DOWN,65291832103314098292958390228316373027243815896601306006207314163947000292163,1756359907,2025-08-28 05:45:07,0.5
bitcoin-up-or-down-august-28-8pm-et,DOWN,65291832103314098292958390228316373027243815896601306006207314163947000292163,1756359962,2025-08-28 05:46:02,0.5
bitcoin-up-or-down-august-28-8pm-et,DOWN,65291832103314098292958390228316373027243815896601306006207314163947000292163,1756360023,2025-08-28 05:47:03,0.5
bitcoin-up-or-down-august-28-8pm-et,DOWN,65291832103314098292958390228316373027243815896601306006207314163947000292163,1756360082,2025-08-28 05:48:02,0.5
bitcoin-up-or-down-august-28-8pm-et,DOWN,65291832103314098292958390228316373027243815896601306006207314163947000292163,1756360143,2025-08-28 05:49:03,0.5
bitcoin-up-or-down-august-28-8pm-et,DOWN,65291832103314098292958390228316373027243815896601306006207314163947000292163,1756360207,2025-08-28 05:50:07,0.5
bitcoin-up-or-down-august-28-8pm-et,DOWN,65291832103314098292958390228316373027243815896601306006207314163947000292163,1756360263,2025-08-28 05:51:03,0.5
bitcoin-up-or-down-august-28-8pm-et,DOWN,65291832103314098292958390228316373027243815896601306006207314163947000292163,1756360322,2025-08-28 05:52:02,0.5
bitcoin-up-or-down-august-28-8pm-et,DOWN,65291832103314098292958390228316373027243815896601306006207314163947000292163,1756360384,2025-08-28 05:53:04,0.5
bitcoin-up-or-down-august-28-8pm-et,DOWN,65291832103314098292958390228316373027243815896601306006207314163947000292163,1756360444,2025-08-28 05:54:04,0.5
bitcoin-up-or-down-august-28-8pm-et,DOWN,65291832103314098292958390228316373027243815896601306006207314163947000292163,1756360506,2025-08-28 05:55:06,0.5
bitcoin-up-or-down-august-28-8pm-et,DOWN,65291832103314098292958390228316373027243815896601306006207314163947000292163,1756360564,2025-08-28 05:56:04,0.5
bitcoin-up-or-down-august-28-8pm-et,DOWN,65291832103314098292958390228316373027243815896601306006207314163947000292163,1756360622,2025-08-28 05:57:02,0.5
bitcoin-up-or-down-august-28-8pm-et,DOWN,65291832103314098292958390228316373027243815896601306006207314163947000292163,1756360683,2025-08-28 05:58:03,0.5
bitcoin-up-or-down-august-28-8pm-et,DOWN,65291832103314098292958390228316373027243815896601306006207314163947000292163,1756360743,2025-08-28 05:59:03,0.5
bitcoin-up-or-down-august-28-8pm-et,DOWN,65291832103314098292958390228316373027243815896601306006207314163947000292163,1756360814,2025-08-28 06:00:14,0.5
bitcoin-up-or-down-august-28-8pm-et,DOWN,65291832103314098292958390228316373027243815896601306006207314163947000292163,1756360862,2025-08-28 06:01:02,0.5
bitcoin-up-or-down-august-28-8pm-et,DOWN,65291832103314098292958390228316373027243815896601306006207314163947000292163,1756360923,2025-08-28 06:02:03,0.5
bitcoin-up-or-down-august-28-8pm-et,DOWN,65291832103314098292958390228316373027243815896601306006207314163947000292163,1756360983,2025-08-28 06:03:03,0.5
bitcoin-up-or-down-august-28-8pm-et,DOWN,65291832103314098292958390228316373027243815896601306006207314163947000292163,1756361043,2025-08-28 06:04:03,0.5
bitcoin-up-or-down-august-28-8pm-et,DOWN,65291832103314098292958390228316373027243815896601306006207314163947000292163,1756361107,2025-08-28 06:05:07,0.5
bitcoin-up-or-down-august-28-8pm-et,DOWN,65291832103314098292958390228316373027243815896601306006207314163947000292163,1756361165,2025-08-28 06:06:05,0.5
bitcoin-up-or-down-august-28-8pm-et,DOWN,65291832103314098292958390228316373027243815896601306006207314163947000292163,1756361223,2025-08-28 06:07:03,0.5
bitcoin-up-or-down-august-28-8pm-et,DOWN,65291832103314098292958390228316373027243815896601306006207314163947000292163,1756361282,2025-08-28 06:08:02,0.5
bitcoin-up-or-down-august-28-8pm-et,DOWN,65291832103314098292958390228316373027243815896601306006207314163947000292163,1756361342,2025-08-28 06:09:02,0.5
bitcoin-up-or-down-august-28-8pm-et,DOWN,65291832103314098292958390228316373027243815896601306006207314163947000292163,1756361410,2025-08-28 06:10:10,0.5
bitcoin-up-or-down-august-28-8pm-et,DOWN,65291832103314098292958390228316373027243815896601306006207314163947000292163,1756361462,2025-08-28 06:11:02,0.5
bitcoin-up-or-down-august-28-8pm-et,DOWN,65291832103314098292958390228316373027243815896601306006207314163947000292163,1756361524,2025-08-28 06:12:04,0.5
bitcoin-up-or-down-august-28-8pm-et,DOWN,65291832103314098292958390228316373027243815896601306006207314163947000292163,1756361583,2025-08-28 06:13:03,0.5
bitcoin-up-or-down-august-28-8pm-et,DOWN,65291832103314098292958390228316373027243815896601306006207314163947000292163,1756361643,2025-08-28 06:14:03,0.5
bitcoin-up-or-down-august-28-8pm-et,DOWN,65291832103314098292958390228316373027243815896601306006207314163947000292163,1756361710,2025-08-28 06:15:10,0.5
bitcoin-up-or-down-august-28-8pm-et,DOWN,65291832103314098292958390228316373027243815896601306006207314163947000292163,1756361763,2025-08-28 06:16:03,0.5
bitcoin-up-or-down-august-28-8pm-et,DOWN,65291832103314098292958390228316373027243815896601306006207314163947000292163,1756361822,2025-08-28 06:17:02,0.5
bitcoin-up-or-down-august-28-8pm-et,DOWN,65291832103314098292958390228316373027243815896601306006207314163947000292163,1756361938,2025-08-28 06:18:58,0.5
bitcoin-up-or-down-august-28-8pm-et,DOWN,65291832103314098292958390228316373027243815896601306006207314163947000292163,1756361946,2025-08-28 06:19:06,0.5
bitcoin-up-or-down-august-28-8pm-et,DOWN,65291832103314098292958390228316373027243815896601306006207314163947000292163,1756362013,2025-08-28 06:20:13,0.5
bitcoin-up-or-down-august-28-8pm-et,DOWN,65291832103314098292958390228316373027243815896601306006207314163947000292163,1756362063,2025-08-28 06:21:03,0.5
bitcoin-up-or-down-august-28-8pm-et,DOWN,65291832103314098292958390228316373027243815896601306006207314163947000292163,1756362123,2025-08-28 06:22:03,0.5
bitcoin-up-or-down-august-28-8pm-et,DOWN,65291832103314098292958390228316373027243815896601306006207314163947000292163,1756362183,2025-08-28 06:23:03,0.5
bitcoin-up-or-down-august-28-8pm-et,DOWN,65291832103314098292958390228316373027243815896601306006207314163947000292163,1756362243,2025-08-28 06:24:03,0.5
bitcoin-up-or-down-august-28-8pm-et,DOWN,65291832103314098292958390228316373027243815896601306006207314163947000292163,1756362314,2025-08-28 06:25:14,0.5
bitcoin-up-or-down-august-28-8pm-et,DOWN,65291832103314098292958390228316373027243815896601306006207314163947000292163,1756362363,2025-08-28 06:26:03,0.5
bitcoin-up-or-down-august-28-8pm-et,DOWN,65291832103314098292958390228316373027243815896601306006207314163947000292163,1756362427,2025-08-28 06:27:07,0.5
bitcoin-up-or-down-august-28-8pm-et,DOWN,65291832103314098292958390228316373027243815896601306006207314163947000292163,1756362483,2025-08-28 06:28:03,0.5
bitcoin-up-or-down-august-28-8pm-et,DOWN,65291832103314098292958390228316373027243815896601306006207314163947000292163,1756362544,2025-08-28 06:29:04,0.5
bitcoin-up-or-down-august-28-8pm-et,DOWN,65291832103314098292958390228316373027243815896601306006207314163947000292163,1756362615,2025-08-28 06:30:15,0.5
bitcoin-up-or-down-august-28-8pm-et,DOWN,65291832103314098292958390228316373027243815896601306006207314163947000292163,1756362662,2025-08-28 06:31:02,0.5
bitcoin-up-or-down-august-28-8pm-et,DOWN,65291832103314098292958390228316373027243815896601306006207314163947000292163,1756362722,2025-08-28 06:32:02,0.5
bitcoin-up-or-down-august-28-8pm-et,DOWN,65291832103314098292958390228316373027243815896601306006207314163947000292163,1756362784,2025-08-28 06:33:04,0.5
bitcoin-up-or-down-august-28-8pm-et,DOWN,65291832103314098292958390228316373027243815896601306006207314163947000292163,1756362842,2025-08-28 06:34:02,0.5
bitcoin-up-or-down-august-28-8pm-et,DOWN,65291832103314098292958390228316373027243815896601306006207314163947000292163,1756362905,2025-08-28 06:35:05,0.5
bitcoin-up-or-down-august-28-8pm-et,DOWN,65291832103314098292958390228316373027243815896601306006207314163947000292163,1756362962,2025-08-28 06:36:02,0.5
bitcoin-up-or-down-august-28-8pm-et,DOWN,65291832103314098292958390228316373027243815896601306006207314163947000292163,1756363023,2025-08-28 06:37:03,0.5
bitcoin-up-or-down-august-28-8pm-et,DOWN,65291832103314098292958390228316373027243815896601306006207314163947000292163,1756363083,2025-08-28 06:38:03,0.5
bitcoin-up-or-down-august-28-8pm-et,DOWN,65291832103314098292958390228316373027243815896601306006207314163947000292163,1756363146,2025-08-28 06:39:06,0.5
bitcoin-up-or-down-august-28-8pm-et,DOWN,65291832103314098292958390228316373027243815896601306006207314163947000292163,1756363204,2025-08-28 06:40:04,0.5
bitcoin-up-or-down-august-28-8pm-et,DOWN,65291832103314098292958390228316373027243815896601306006207314163947000292163,1756363264,2025-08-28 06:41:04,0.5
bitcoin-up-or-down-august-28-8pm-et,DOWN,65291832103314098292958390228316373027243815896601306006207314163947000292163,1756363324,2025-08-28 06:42:04,0.5
bitcoin-up-or-down-august-28-8pm-et,DOWN,65291832103314098292958390228316373027243815896601306006207314163947000292163,1756363383,2025-08-28 06:43:03,0.5
bitcoin-up-or-down-august-28-8pm-et,DOWN,65291832103314098292958390228316373027243815896601306006207314163947000292163,1756363449,2025-08-28 06:44:09,0.5
bitcoin-up-or-down-august-28-8pm-et,DOWN,65291832103314098292958390228316373027243815896601306006207314163947000292163,1756363505,2025-08-28 06:45:05,0.5
bitcoin-up-or-down-august-28-8pm-et,DOWN,65291832103314098292958390228316373027243815896601306006207314163947000292163,1756363564,2025-08-28 06:46:04,0.5
bitcoin-up-or-down-august-28-8pm-et,DOWN,65291832103314098292958390228316373027243815896601306006207314163947000292163,1756363624,2025-08-28 06:47:04,0.5
bitcoin-up-or-down-august-28-8pm-et,DOWN,65291832103314098292958390228316373027243815896601306006207314163947000292163,1756363682,2025-08-28 06:48:02,0.5
bitcoin-up-or-down-august-28-8pm-et,DOWN,65291832103314098292958390228316373027243815896601306006207314163947000292163,1756363755,2025-08-28 06:49:15,0.5
bitcoin-up-or-down-august-28-8pm-et,DOWN,65291832103314098292958390228316373027243815896601306006207314163947000292163,1756363805,2025-08-28 06:50:05,0.5
bitcoin-up-or-down-august-28-8pm-et,DOWN,65291832103314098292958390228316373027243815896601306006207314163947000292163,1756363862,2025-08-28 06:51:02,0.5
bitcoin-up-or-down-august-28-8pm-et,DOWN,65291832103314098292958390228316373027243815896601306006207314163947000292163,1756363922,2025-08-28 06:52:02,0.5
bitcoin-up-or-down-august-28-8pm-et,DOWN,65291832103314098292958390228316373027243815896601306006207314163947000292163,1756363982,2025-08-28 06:53:02,0.5
bitcoin-up-or-down-august-28-8pm-et,DOWN,65291832103314098292958390228316373027243815896601306006207314163947000292163,1756364048,2025-08-28 06:54:08,0.5
bitcoin-up-or-down-august-28-8pm-et,DOWN,65291832103314098292958390228316373027243815896601306006207314163947000292163,1756364104,2025-08-28 06:55:04,0.5
bitcoin-up-or-down-august-28-8pm-et,DOWN,65291832103314098292958390228316373027243815896601306006207314163947000292163,1756364163,2025-08-28 06:56:03,0.5
bitcoin-up-or-down-august-28-8pm-et,DOWN,65291832103314098292958390228316373027243815896601306006207314163947000292163,1756364222,2025-08-28 06:57:02,0.5
bitcoin-up-or-down-august-28-8pm-et,DOWN,65291832103314098292958390228316373027243815896601306006207314163947000292163,1756364283,2025-08-28 06:58:03,0.5
bitcoin-up-or-down-august-28-8pm-et,DOWN,65291832103314098292958390228316373027243815896601306006207314163947000292163,1756364353,2025-08-28 06:59:13,0.5
bitcoin-up-or-down-august-28-8pm-et,DOWN,65291832103314098292958390228316373027243815896601306006207314163947000292163,1756364411,2025-08-28 07:00:11,0.5
bitcoin-up-or-down-august-28-8pm-et,DOWN,65291832103314098292958390228316373027243815896601306006207314163947000292163,1756364462,2025-08-28 07:01:02,0.5
bitcoin-up-or-down-august-28-8pm-et,DOWN,65291832103314098292958390228316373027243815896601306006207314163947000292163,1756364522,2025-08-28 07:02:02,0.5
bitcoin-up-or-down-august-28-8pm-et,DOWN,65291832103314098292958390228316373027243815896601306006207314163947000292163,1756364582,2025-08-28 07:03:02,0.5
bitcoin-up-or-down-august-28-8pm-et,DOWN,65291832103314098292958390228316373027243815896601306006207314163947000292163,1756364643,2025-08-28 07:04:03,0.5
bitcoin-up-or-down-august-28-8pm-et,DOWN,65291832103314098292958390228316373027243815896601306006207314163947000292163,1756364713,2025-08-28 07:05:13,0.5
bitcoin-up-or-down-august-28-8pm-et,DOWN,65291832103314098292958390228316373027243815896601306006207314163947000292163,1756364764,2025-08-28 07:06:04,0.5
bitcoin-up-or-down-august-28-8pm-et,DOWN,65291832103314098292958390228316373027243815896601306006207314163947000292163,1756364822,2025-08-28 07:07:02,0.5
bitcoin-up-or-down-august-28-8pm-et,DOWN,65291832103314098292958390228316373027243815896601306006207314163947000292163,1756364882,2025-08-28 07:08:02,0.5
bitcoin-up-or-down-august-28-8pm-et,DOWN,65291832103314098292958390228316373027243815896601306006207314163947000292163,1756364943,2025-08-28 07:09:03,0.5
bitcoin-up-or-down-august-28-8pm-et,DOWN,65291832103314098292958390228316373027243815896601306006207314163947000292163,1756365010,2025-08-28 07:10:10,0.5
bitcoin-up-or-down-august-28-8pm-et,DOWN,65291832103314098292958390228316373027243815896601306006207314163947000292163,1756365063,2025-08-28 07:11:03,0.5
bitcoin-up-or-down-august-28-8pm-et,DOWN,65291832103314098292958390228316373027243815896601306006207314163947000292163,1756365123,2025-08-28 07:12:03,0.5
bitcoin-up-or-down-august-28-8pm-et,DOWN,65291832103314098292958390228316373027243815896601306006207314163947000292163,1756365183,2025-08-28 07:13:03,0.5
bitcoin-up-or-down-august-28-8pm-et,DOWN,65291832103314098292958390228316373027243815896601306006207314163947000292163,1756365243,2025-08-28 07:14:03,0.5
bitcoin-up-or-down-august-28-8pm-et,DOWN,65291832103314098292958390228316373027243815896601306006207314163947000292163,1756365307,2025-08-28 07:15:07,0.5
bitcoin-up-or-down-august-28-8pm-et,DOWN,65291832103314098292958390228316373027243815896601306006207314163947000292163,1756365365,2025-08-28 07:16:05,0.5
bitcoin-up-or-down-august-28-8pm-et,DOWN,65291832103314098292958390228316373027243815896601306006207314163947000292163,1756365422,2025-08-28 07:17:02,0.5
bitcoin-up-or-down-august-28-8pm-et,DOWN,65291832103314098292958390228316373027243815896601306006207314163947000292163,1756365484,2025-08-28 07:18:04,0.5
bitcoin-up-or-down-august-28-8pm-et,DOWN,65291832103314098292958390228316373027243815896601306006207314163947000292163,1756365543,2025-08-28 07:19:03,0.5
bitcoin-up-or-down-august-28-8pm-et,DOWN,65291832103314098292958390228316373027243815896601306006207314163947000292163,1756365616,2025-08-28 07:20:16,0.5
bitcoin-up-or-down-august-28-8pm-et,DOWN,65291832103314098292958390228316373027243815896601306006207314163947000292163,1756365664,2025-08-28 07:21:04,0.5
bitcoin-up-or-down-august-28-8pm-et,DOWN,65291832103314098292958390228316373027243815896601306006207314163947000292163,1756365723,2025-08-28 07:22:03,0.5
bitcoin-up-or-down-august-28-8pm-et,DOWN,65291832103314098292958390228316373027243815896601306006207314163947000292163,1756365783,2025-08-28 07:23:03,0.5
bitcoin-up-or-down-august-28-8pm-et,DOWN,65291832103314098292958390228316373027243815896601306006207314163947000292163,1756365843,2025-08-28 07:24:03,0.5
bitcoin-up-or-down-august-28-8pm-et,DOWN,65291832103314098292958390228316373027243815896601306006207314163947000292163,1756365911,2025-08-28 07:25:11,0.5
bitcoin-up-or-down-august-28-8pm-et,DOWN,65291832103314098292958390228316373027243815896601306006207314163947000292163,1756365964,2025-08-28 07:26:04,0.5
bitcoin-up-or-down-august-28-8pm-et,DOWN,65291832103314098292958390228316373027243815896601306006207314163947000292163,1756366022,2025-08-28 07:27:02,0.5
bitcoin-up-or-down-august-28-8pm-et,DOWN,65291832103314098292958390228316373027243815896601306006207314163947000292163,1756366083,2025-08-28 07:28:03,0.5
bitcoin-up-or-down-august-28-8pm-et,DOWN,65291832103314098292958390228316373027243815896601306006207314163947000292163,1756366142,2025-08-28 07:29:02,0.5
bitcoin-up-or-down-august-28-8pm-et,DOWN,65291832103314098292958390228316373027243815896601306006207314163947000292163,1756366214,2025-08-28 07:30:14,0.5
bitcoin-up-or-down-august-28-8pm-et,DOWN,65291832103314098292958390228316373027243815896601306006207314163947000292163,1756366263,2025-08-28 07:31:03,0.5
bitcoin-up-or-down-august-28-8pm-et,DOWN,65291832103314098292958390228316373027243815896601306006207314163947000292163,1756366323,2025-08-28 07:32:03,0.5
bitcoin-up-or-down-august-28-8pm-et,DOWN,65291832103314098292958390228316373027243815896601306006207314163947000292163,1756366382,2025-08-28 07:33:02,0.5
bitcoin-up-or-down-august-28-8pm-et,DOWN,65291832103314098292958390228316373027243815896601306006207314163947000292163,1756366442,2025-08-28 07:34:02,0.5
bitcoin-up-or-down-august-28-8pm-et,DOWN,65291832103314098292958390228316373027243815896601306006207314163947000292163,1756366505,2025-08-28 07:35:05,0.5
bitcoin-up-or-down-august-28-8pm-et,DOWN,65291832103314098292958390228316373027243815896601306006207314163947000292163,1756366564,2025-08-28 07:36:04,0.5
bitcoin-up-or-down-august-28-8pm-et,DOWN,65291832103314098292958390228316373027243815896601306006207314163947000292163,1756366624,2025-08-28 07:37:04,0.5
bitcoin-up-or-down-august-28-8pm-et,DOWN,65291832103314098292958390228316373027243815896601306006207314163947000292163,1756366684,2025-08-28 07:38:04,0.5
bitcoin-up-or-down-august-28-8pm-et,DOWN,65291832103314098292958390228316373027243815896601306006207314163947000292163,1756366742,2025-08-28 07:39:02,0.5
bitcoin-up-or-down-august-28-8pm-et,DOWN,65291832103314098292958390228316373027243815896601306006207314163947000292163,1756366808,2025-08-28 07:40:08,0.5
bitcoin-up-or-down-august-28-8pm-et,DOWN,65291832103314098292958390228316373027243815896601306006207314163947000292163,1756366862,2025-08-28 07:41:02,0.5
bitcoin-up-or-down-august-28-8pm-et,DOWN,65291832103314098292958390228316373027243815896601306006207314163947000292163,1756366922,2025-08-28 07:42:02,0.5
bitcoin-up-or-down-august-28-8pm-et,DOWN,65291832103314098292958390228316373027243815896601306006207314163947000292163,1756366983,2025-08-28 07:43:03,0.5
bitcoin-up-or-down-august-28-8pm-et,DOWN,65291832103314098292958390228316373027243815896601306006207314163947000292163,1756367042,2025-08-28 07:44:02,0.5
bitcoin-up-or-down-august-28-8pm-et,DOWN,65291832103314098292958390228316373027243815896601306006207314163947000292163,1756367113,2025-08-28 07:45:13,0.5
bitcoin-up-or-down-august-28-8pm-et,DOWN,65291832103314098292958390228316373027243815896601306006207314163947000292163,1756367162,2025-08-28 07:46:02,0.5
bitcoin-up-or-down-august-28-8pm-et,DOWN,65291832103314098292958390228316373027243815896601306006207314163947000292163,1756367223,2025-08-28 07:47:03,0.5
bitcoin-up-or-down-august-28-8pm-et,DOWN,65291832103314098292958390228316373027243815896601306006207314163947000292163,1756367282,2025-08-28 07:48:02,0.5
bitcoin-up-or-down-august-28-8pm-et,DOWN,65291832103314098292958390228316373027243815896601306006207314163947000292163,1756367342,2025-08-28 07:49:02,0.5
bitcoin-up-or-down-august-28-8pm-et,DOWN,65291832103314098292958390228316373027243815896601306006207314163947000292163,1756367405,2025-08-28 07:50:05,0.5
bitcoin-up-or-down-august-28-8pm-et,DOWN,65291832103314098292958390228316373027243815896601306006207314163947000292163,1756367464,2025-08-28 07:51:04,0.5
bitcoin-up-or-down-august-28-8pm-et,DOWN,65291832103314098292958390228316373027243815896601306006207314163947000292163,1756367523,2025-08-28 07:52:03,0.5
bitcoin-up-or-down-august-28-8pm-et,DOWN,65291832103314098292958390228316373027243815896601306006207314163947000292163,1756367583,2025-08-28 07:53:03,0.5
bitcoin-up-or-down-august-28-8pm-et,DOWN,65291832103314098292958390228316373027243815896601306006207314163947000292163,1756367642,2025-08-28 07:54:02,0.5
bitcoin-up-or-down-august-28-8pm-et,DOWN,65291832103314098292958390228316373027243815896601306006207314163947000292163,1756367711,2025-08-28 07:55:11,0.5
bitcoin-up-or-down-august-28-8pm-et,DOWN,65291832103314098292958390228316373027243815896601306006207314163947000292163,1756367762,2025-08-28 07:56:02,0.5
bitcoin-up-or-down-august-28-8pm-et,DOWN,65291832103314098292958390228316373027243815896601306006207314163947000292163,1756367822,2025-08-28 07:57:02,0.5
bitcoin-up-or-down-august-28-8pm-et,DOWN,65291832103314098292958390228316373027243815896601306006207314163947000292163,1756367882,2025-08-28 07:58:02,0.5
bitcoin-up-or-down-august-28-8pm-et,DOWN,65291832103314098292958390228316373027243815896601306006207314163947000292163,1756367943,2025-08-28 07:59:03,0.5
bitcoin-up-or-down-august-28-8pm-et,DOWN,65291832103314098292958390228316373027243815896601306006207314163947000292163,1756368005,2025-08-28 08:00:05,0.5
bitcoin-up-or-down-august-28-8pm-et,DOWN,65291832103314098292958390228316373027243815896601306006207314163947000292163,1756368063,2025-08-28 08:01:03,0.5
bitcoin-up-or-down-august-28-8pm-et,DOWN,65291832103314098292958390228316373027243815896601306006207314163947000292163,1756368124,2025-08-28 08:02:04,0.5
bitcoin-up-or-down-august-28-8pm-et,DOWN,65291832103314098292958390228316373027243815896601306006207314163947000292163,1756368182,2025-08-28 08:03:02,0.5
bitcoin-up-or-down-august-28-8pm-et,DOWN,65291832103314098292958390228316373027243815896601306006207314163947000292163,1756368242,2025-08-28 08:04:02,0.5
bitcoin-up-or-down-august-28-8pm-et,DOWN,65291832103314098292958390228316373027243815896601306006207314163947000292163,1756368306,2025-08-28 08:05:06,0.5
bitcoin-up-or-down-august-28-8pm-et,DOWN,65291832103314098292958390228316373027243815896601306006207314163947000292163,1756368362,2025-08-28 08:06:02,0.5
bitcoin-up-or-down-august-28-8pm-et,DOWN,65291832103314098292958390228316373027243815896601306006207314163947000292163,1756368422,2025-08-28 08:07:02,0.5
bitcoin-up-or-down-august-28-8pm-et,DOWN,65291832103314098292958390228316373027243815896601306006207314163947000292163,1756368500,2025-08-28 08:08:20,0.5
bitcoin-up-or-down-august-28-8pm-et,DOWN,65291832103314098292958390228316373027243815896601306006207314163947000292163,1756368543,2025-08-28 08:09:03,0.5
bitcoin-up-or-down-august-28-8pm-et,DOWN,65291832103314098292958390228316373027243815896601306006207314163947000292163,1756368609,2025-08-28 08:10:09,0.5
bitcoin-up-or-down-august-28-8pm-et,DOWN,65291832103314098292958390228316373027243815896601306006207314163947000292163,1756368662,2025-08-28 08:11:02,0.5
bitcoin-up-or-down-august-28-8pm-et,DOWN,65291832103314098292958390228316373027243815896601306006207314163947000292163,1756368722,2025-08-28 08:12:02,0.5
bitcoin-up-or-down-august-28-8pm-et,DOWN,65291832103314098292958390228316373027243815896601306006207314163947000292163,1756368783,2025-08-28 08:13:03,0.5
bitcoin-up-or-down-august-28-8pm-et,DOWN,65291832103314098292958390228316373027243815896601306006207314163947000292163,1756368844,2025-08-28 08:14:04,0.5
bitcoin-up-or-down-august-28-8pm-et,DOWN,65291832103314098292958390228316373027243815896601306006207314163947000292163,1756368904,2025-08-28 08:15:04,0.5
bitcoin-up-or-down-august-28-8pm-et,DOWN,65291832103314098292958390228316373027243815896601306006207314163947000292163,1756368964,2025-08-28 08:16:04,0.5
bitcoin-up-or-down-august-28-8pm-et,DOWN,65291832103314098292958390228316373027243815896601306006207314163947000292163,1756369024,2025-08-28 08:17:04,0.5
bitcoin-up-or-down-august-28-8pm-et,DOWN,65291832103314098292958390228316373027243815896601306006207314163947000292163,1756369082,2025-08-28 08:18:02,0.5
bitcoin-up-or-down-august-28-8pm-et,DOWN,65291832103314098292958390228316373027243815896601306006207314163947000292163,1756369143,2025-08-28 08:19:03,0.5
bitcoin-up-or-down-august-28-8pm-et,DOWN,65291832103314098292958390228316373027243815896601306006207314163947000292163,1756369214,2025-08-28 08:20:14,0.5
bitcoin-up-or-down-august-28-8pm-et,DOWN,65291832103314098292958390228316373027243815896601306006207314163947000292163,1756369263,2025-08-28 08:21:03,0.5
bitcoin-up-or-down-august-28-8pm-et,DOWN,65291832103314098292958390228316373027243815896601306006207314163947000292163,1756369323,2025-08-28 08:22:03,0.5
bitcoin-up-or-down-august-28-8pm-et,DOWN,65291832103314098292958390228316373027243815896601306006207314163947000292163,1756369382,2025-08-28 08:23:02,0.5
bitcoin-up-or-down-august-28-8pm-et,DOWN,65291832103314098292958390228316373027243815896601306006207314163947000292163,1756369442,2025-08-28 08:24:02,0.5
bitcoin-up-or-down-august-28-8pm-et,DOWN,65291832103314098292958390228316373027243815896601306006207314163947000292163,1756369512,2025-08-28 08:25:12,0.5
bitcoin-up-or-down-august-28-8pm-et,DOWN,65291832103314098292958390228316373027243815896601306006207314163947000292163,1756369563,2025-08-28 08:26:03,0.5
bitcoin-up-or-down-august-28-8pm-et,DOWN,65291832103314098292958390228316373027243815896601306006207314163947000292163,1756369623,2025-08-28 08:27:03,0.5
bitcoin-up-or-down-august-28-8pm-et,DOWN,65291832103314098292958390228316373027243815896601306006207314163947000292163,1756369684,2025-08-28 08:28:04,0.5
bitcoin-up-or-down-august-28-8pm-et,DOWN,65291832103314098292958390228316373027243815896601306006207314163947000292163,1756369743,2025-08-28 08:29:03,0.5
bitcoin-up-or-down-august-28-8pm-et,DOWN,65291832103314098292958390228316373027243815896601306006207314163947000292163,1756369807,2025-08-28 08:30:07,0.5
bitcoin-up-or-down-august-28-8pm-et,DOWN,65291832103314098292958390228316373027243815896601306006207314163947000292163,1756369863,2025-08-28 08:31:03,0.5
bitcoin-up-or-down-august-28-8pm-et,DOWN,65291832103314098292958390228316373027243815896601306006207314163947000292163,1756369922,2025-08-28 08:32:02,0.5
bitcoin-up-or-down-august-28-8pm-et,DOWN,65291832103314098292958390228316373027243815896601306006207314163947000292163,1756369983,2025-08-28 08:33:03,0.5
bitcoin-up-or-down-august-28-8pm-et,DOWN,65291832103314098292958390228316373027243815896601306006207314163947000292163,1756370043,2025-08-28 08:34:03,0.5
bitcoin-up-or-down-august-28-8pm-et,DOWN,65291832103314098292958390228316373027243815896601306006207314163947000292163,1756370107,2025-08-28 08:35:07,0.5
bitcoin-up-or-down-august-28-8pm-et,DOWN,65291832103314098292958390228316373027243815896601306006207314163947000292163,1756370164,2025-08-28 08:36:04,0.5
bitcoin-up-or-down-august-28-8pm-et,DOWN,65291832103314098292958390228316373027243815896601306006207314163947000292163,1756370223,2025-08-28 08:37:03,0.5
bitcoin-up-or-down-august-28-8pm-et,DOWN,65291832103314098292958390228316373027243815896601306006207314163947000292163,1756370283,2025-08-28 08:38:03,0.5
bitcoin-up-or-down-august-28-8pm-et,DOWN,65291832103314098292958390228316373027243815896601306006207314163947000292163,1756370342,2025-08-28 08:39:02,0.5
bitcoin-up-or-down-august-28-8pm-et,DOWN,65291832103314098292958390228316373027243815896601306006207314163947000292163,1756370404,2025-08-28 08:40:04,0.5
bitcoin-up-or-down-august-28-8pm-et,DOWN,65291832103314098292958390228316373027243815896601306006207314163947000292163,1756370463,2025-08-28 08:41:03,0.5
bitcoin-up-or-down-august-28-8pm-et,DOWN,65291832103314098292958390228316373027243815896601306006207314163947000292163,1756370522,2025-08-28 08:42:02,0.5
bitcoin-up-or-down-august-28-8pm-et,DOWN,65291832103314098292958390228316373027243815896601306006207314163947000292163,1756370582,2025-08-28 08:43:02,0.5
bitcoin-up-or-down-august-28-8pm-et,DOWN,65291832103314098292958390228316373027243815896601306006207314163947000292163,1756370643,2025-08-28 08:44:03,0.5
bitcoin-up-or-down-august-28-8pm-et,DOWN,65291832103314098292958390228316373027243815896601306006207314163947000292163,1756370716,2025-08-28 08:45:16,0.5
bitcoin-up-or-down-august-28-8pm-et,DOWN,65291832103314098292958390228316373027243815896601306006207314163947000292163,1756370763,2025-08-28 08:46:03,0.5
bitcoin-up-or-down-august-28-8pm-et,DOWN,65291832103314098292958390228316373027243815896601306006207314163947000292163,1756370822,2025-08-28 08:47:02,0.5
bitcoin-up-or-down-august-28-8pm-et,DOWN,65291832103314098292958390228316373027243815896601306006207314163947000292163,1756370882,2025-08-28 08:48:02,0.5
bitcoin-up-or-down-august-28-8pm-et,DOWN,65291832103314098292958390228316373027243815896601306006207314163947000292163,1756370942,2025-08-28 08:49:02,0.5
bitcoin-up-or-down-august-28-8pm-et,DOWN,65291832103314098292958390228316373027243815896601306006207314163947000292163,1756371011,2025-08-28 08:50:11,0.5
bitcoin-up-or-down-august-28-8pm-et,DOWN,65291832103314098292958390228316373027243815896601306006207314163947000292163,1756371063,2025-08-28 08:51:03,0.5
bitcoin-up-or-down-august-28-8pm-et,DOWN,65291832103314098292958390228316373027243815896601306006207314163947000292163,1756371123,2025-08-28 08:52:03,0.5
bitcoin-up-or-down-august-28-8pm-et,DOWN,65291832103314098292958390228316373027243815896601306006207314163947000292163,1756371182,2025-08-28 08:53:02,0.5
bitcoin-up-or-down-august-28-8pm-et,DOWN,65291832103314098292958390228316373027243815896601306006207314163947000292163,1756371243,2025-08-28 08:54:03,0.5
bitcoin-up-or-down-august-28-8pm-et,DOWN,65291832103314098292958390228316373027243815896601306006207314163947000292163,1756371302,2025-08-28 08:55:02,0.5
bitcoin-up-or-down-august-28-8pm-et,DOWN,65291832103314098292958390228316373027243815896601306006207314163947000292163,1756371364,2025-08-28 08:56:04,0.5
bitcoin-up-or-down-august-28-8pm-et,DOWN,65291832103314098292958390228316373027243815896601306006207314163947000292163,1756371422,2025-08-28 08:57:02,0.5
bitcoin-up-or-down-august-28-8pm-et,DOWN,65291832103314098292958390228316373027243815896601306006207314163947000292163,1756371483,2025-08-28 08:58:03,0.5
bitcoin-up-or-down-august-28-8pm-et,DOWN,65291832103314098292958390228316373027243815896601306006207314163947000292163,1756371542,2025-08-28 08:59:02,0.5
bitcoin-up-or-down-august-28-8pm-et,DOWN,65291832103314098292958390228316373027243815896601306006207314163947000292163,1756371614,2025-08-28 09:00:14,0.5
bitcoin-up-or-down-august-28-8pm-et,DOWN,65291832103314098292958390228316373027243815896601306006207314163947000292163,1756371663,2025-08-28 09:01:03,0.5
bitcoin-up-or-down-august-28-8pm-et,DOWN,65291832103314098292958390228316373027243815896601306006207314163947000292163,1756371724,2025-08-28 09:02:04,0.5
bitcoin-up-or-down-august-28-8pm-et,DOWN,65291832103314098292958390228316373027243815896601306006207314163947000292163,1756371782,2025-08-28 09:03:02,0.5
bitcoin-up-or-down-august-28-8pm-et,DOWN,65291832103314098292958390228316373027243815896601306006207314163947000292163,1756371843,2025-08-28 09:04:03,0.5
bitcoin-up-or-down-august-28-8pm-et,DOWN,65291832103314098292958390228316373027243815896601306006207314163947000292163,1756371906,2025-08-28 09:05:06,0.5
bitcoin-up-or-down-august-28-8pm-et,DOWN,65291832103314098292958390228316373027243815896601306006207314163947000292163,1756371964,2025-08-28 09:06:04,0.5
bitcoin-up-or-down-august-28-8pm-et,DOWN,65291832103314098292958390228316373027243815896601306006207314163947000292163,1756372024,2025-08-28 09:07:04,0.5
bitcoin-up-or-down-august-28-8pm-et,DOWN,65291832103314098292958390228316373027243815896601306006207314163947000292163,1756372082,2025-08-28 09:08:02,0.5
bitcoin-up-or-down-august-28-8pm-et,DOWN,65291832103314098292958390228316373027243815896601306006207314163947000292163,1756372143,2025-08-28 09:09:03,0.5
bitcoin-up-or-down-august-28-8pm-et,DOWN,65291832103314098292958390228316373027243815896601306006207314163947000292163,1756372207,2025-08-28 09:10:07,0.5
bitcoin-up-or-down-august-28-8pm-et,DOWN,65291832103314098292958390228316373027243815896601306006207314163947000292163,1756372262,2025-08-28 09:11:02,0.5
bitcoin-up-or-down-august-28-8pm-et,DOWN,65291832103314098292958390228316373027243815896601306006207314163947000292163,1756372322,2025-08-28 09:12:02,0.5
bitcoin-up-or-down-august-28-8pm-et,DOWN,65291832103314098292958390228316373027243815896601306006207314163947000292163,1756372383,2025-08-28 09:13:03,0.5
bitcoin-up-or-down-august-28-8pm-et,DOWN,65291832103314098292958390228316373027243815896601306006207314163947000292163,1756372443,2025-08-28 09:14:03,0.5
bitcoin-up-or-down-august-28-8pm-et,DOWN,65291832103314098292958390228316373027243815896601306006207314163947000292163,1756372504,2025-08-28 09:15:04,0.5
bitcoin-up-or-down-august-28-8pm-et,DOWN,65291832103314098292958390228316373027243815896601306006207314163947000292163,1756372564,2025-08-28 09:16:04,0.5
bitcoin-up-or-down-august-28-8pm-et,DOWN,65291832103314098292958390228316373027243815896601306006207314163947000292163,1756372622,2025-08-28 09:17:02,0.5
bitcoin-up-or-down-august-28-8pm-et,DOWN,65291832103314098292958390228316373027243815896601306006207314163947000292163,1756372682,2025-08-28 09:18:02,0.5
bitcoin-up-or-down-august-28-8pm-et,DOWN,65291832103314098292958390228316373027243815896601306006207314163947000292163,1756372743,2025-08-28 09:19:03,0.5
bitcoin-up-or-down-august-28-8pm-et,DOWN,65291832103314098292958390228316373027243815896601306006207314163947000292163,1756372812,2025-08-28 09:20:12,0.5
bitcoin-up-or-down-august-28-8pm-et,DOWN,65291832103314098292958390228316373027243815896601306006207314163947000292163,1756372863,2025-08-28 09:21:03,0.5
bitcoin-up-or-down-august-28-8pm-et,DOWN,65291832103314098292958390228316373027243815896601306006207314163947000292163,1756372923,2025-08-28 09:22:03,0.5
bitcoin-up-or-down-august-28-8pm-et,DOWN,65291832103314098292958390228316373027243815896601306006207314163947000292163,1756372983,2025-08-28 09:23:03,0.5
bitcoin-up-or-down-august-28-8pm-et,DOWN,65291832103314098292958390228316373027243815896601306006207314163947000292163,1756373043,2025-08-28 09:24:03,0.5
bitcoin-up-or-down-august-28-8pm-et,DOWN,65291832103314098292958390228316373027243815896601306006207314163947000292163,1756373105,2025-08-28 09:25:05,0.5
bitcoin-up-or-down-august-28-8pm-et,DOWN,65291832103314098292958390228316373027243815896601306006207314163947000292163,1756373165,2025-08-28 09:26:05,0.5
bitcoin-up-or-down-august-28-8pm-et,DOWN,65291832103314098292958390228316373027243815896601306006207314163947000292163,1756373225,2025-08-28 09:27:05,0.5
bitcoin-up-or-down-august-28-8pm-et,DOWN,65291832103314098292958390228316373027243815896601306006207314163947000292163,1756373282,2025-08-28 09:28:02,0.5
bitcoin-up-or-down-august-28-8pm-et,DOWN,65291832103314098292958390228316373027243815896601306006207314163947000292163,1756373342,2025-08-28 09:29:02,0.5
bitcoin-up-or-down-august-28-8pm-et,DOWN,65291832103314098292958390228316373027243815896601306006207314163947000292163,1756373406,2025-08-28 09:30:06,0.5
bitcoin-up-or-down-august-28-8pm-et,DOWN,65291832103314098292958390228316373027243815896601306006207314163947000292163,1756373464,2025-08-28 09:31:04,0.5
bitcoin-up-or-down-august-28-8pm-et,DOWN,65291832103314098292958390228316373027243815896601306006207314163947000292163,1756373524,2025-08-28 09:32:04,0.5
bitcoin-up-or-down-august-28-8pm-et,DOWN,65291832103314098292958390228316373027243815896601306006207314163947000292163,1756373584,2025-08-28 09:33:04,0.5
bitcoin-up-or-down-august-28-8pm-et,DOWN,65291832103314098292958390228316373027243815896601306006207314163947000292163,1756373643,2025-08-28 09:34:03,0.5
bitcoin-up-or-down-august-28-8pm-et,DOWN,65291832103314098292958390228316373027243815896601306006207314163947000292163,1756373710,2025-08-28 09:35:10,0.5
bitcoin-up-or-down-august-28-8pm-et,DOWN,65291832103314098292958390228316373027243815896601306006207314163947000292163,1756373764,2025-08-28 09:36:04,0.5
bitcoin-up-or-down-august-28-8pm-et,DOWN,65291832103314098292958390228316373027243815896601306006207314163947000292163,1756373823,2025-08-28 09:37:03,0.5
bitcoin-up-or-down-august-28-8pm-et,DOWN,65291832103314098292958390228316373027243815896601306006207314163947000292163,1756373882,2025-08-28 09:38:02,0.5
bitcoin-up-or-down-august-28-8pm-et,DOWN,65291832103314098292958390228316373027243815896601306006207314163947000292163,1756373942,2025-08-28 09:39:02,0.5
bitcoin-up-or-down-august-28-8pm-et,DOWN,65291832103314098292958390228316373027243815896601306006207314163947000292163,1756374004,2025-08-28 09:40:04,0.5
bitcoin-up-or-down-august-28-8pm-et,DOWN,65291832103314098292958390228316373027243815896601306006207314163947000292163,1756374062,2025-08-28 09:41:02,0.5
bitcoin-up-or-down-august-28-8pm-et,DOWN,65291832103314098292958390228316373027243815896601306006207314163947000292163,1756374124,2025-08-28 09:42:04,0.5
bitcoin-up-or-down-august-28-8pm-et,DOWN,65291832103314098292958390228316373027243815896601306006207314163947000292163,1756374183,2025-08-28 09:43:03,0.5
bitcoin-up-or-down-august-28-8pm-et,DOWN,65291832103314098292958390228316373027243815896601306006207314163947000292163,1756374243,2025-08-28 09:44:03,0.5
bitcoin-up-or-down-august-28-8pm-et,DOWN,65291832103314098292958390228316373027243815896601306006207314163947000292163,1756374310,2025-08-28 09:45:10,0.5
bitcoin-up-or-down-august-28-8pm-et,DOWN,65291832103314098292958390228316373027243815896601306006207314163947000292163,1756374362,2025-08-28 09:46:02,0.5
bitcoin-up-or-down-august-28-8pm-et,DOWN,65291832103314098292958390228316373027243815896601306006207314163947000292163,1756374422,2025-08-28 09:47:02,0.5
bitcoin-up-or-down-august-28-8pm-et,DOWN,65291832103314098292958390228316373027243815896601306006207314163947000292163,1756374482,2025-08-28 09:48:02,0.5
bitcoin-up-or-down-august-28-8pm-et,DOWN,65291832103314098292958390228316373027243815896601306006207314163947000292163,1756374543,2025-08-28 09:49:03,0.5
bitcoin-up-or-down-august-28-8pm-et,DOWN,65291832103314098292958390228316373027243815896601306006207314163947000292163,1756374612,2025-08-28 09:50:12,0.5
bitcoin-up-or-down-august-28-8pm-et,DOWN,65291832103314098292958390228316373027243815896601306006207314163947000292163,1756374663,2025-08-28 09:51:03,0.5
bitcoin-up-or-down-august-28-8pm-et,DOWN,65291832103314098292958390228316373027243815896601306006207314163947000292163,1756374723,2025-08-28 09:52:03,0.5
bitcoin-up-or-down-august-28-8pm-et,DOWN,65291832103314098292958390228316373027243815896601306006207314163947000292163,1756374782,2025-08-28 09:53:02,0.5
bitcoin-up-or-down-august-28-8pm-et,DOWN,65291832103314098292958390228316373027243815896601306006207314163947000292163,1756374843,2025-08-28 09:54:03,0.5
bitcoin-up-or-down-august-28-8pm-et,DOWN,65291832103314098292958390228316373027243815896601306006207314163947000292163,1756374904,2025-08-28 09:55:04,0.5
bitcoin-up-or-down-august-28-8pm-et,DOWN,65291832103314098292958390228316373027243815896601306006207314163947000292163,1756374962,2025-08-28 09:56:02,0.5
bitcoin-up-or-down-august-28-8pm-et,DOWN,65291832103314098292958390228316373027243815896601306006207314163947000292163,1756375023,2025-08-28 09:57:03,0.5
bitcoin-up-or-down-august-28-8pm-et,DOWN,65291832103314098292958390228316373027243815896601306006207314163947000292163,1756375082,2025-08-28 09:58:02,0.5
bitcoin-up-or-down-august-28-8pm-et,DOWN,65291832103314098292958390228316373027243815896601306006207314163947000292163,1756375142,2025-08-28 09:59:02,0.5
bitcoin-up-or-down-august-28-8pm-et,DOWN,65291832103314098292958390228316373027243815896601306006207314163947000292163,1756375214,2025-08-28 10:00:14,0.5
bitcoin-up-or-down-august-28-8pm-et,DOWN,65291832103314098292958390228316373027243815896601306006207314163947000292163,1756375262,2025-08-28 10:01:02,0.5
bitcoin-up-or-down-august-28-8pm-et,DOWN,65291832103314098292958390228316373027243815896601306006207314163947000292163,1756375322,2025-08-28 10:02:02,0.5
bitcoin-up-or-down-august-28-8pm-et,DOWN,65291832103314098292958390228316373027243815896601306006207314163947000292163,1756375383,2025-08-28 10:03:03,0.5
bitcoin-up-or-down-august-28-8pm-et,DOWN,65291832103314098292958390228316373027243815896601306006207314163947000292163,1756375444,2025-08-28 10:04:04,0.5
bitcoin-up-or-down-august-28-8pm-et,DOWN,65291832103314098292958390228316373027243815896601306006207314163947000292163,1756375516,2025-08-28 10:05:16,0.5
bitcoin-up-or-down-august-28-8pm-et,DOWN,65291832103314098292958390228316373027243815896601306006207314163947000292163,1756375568,2025-08-28 10:06:08,0.5
bitcoin-up-or-down-august-28-8pm-et,DOWN,65291832103314098292958390228316373027243815896601306006207314163947000292163,1756375624,2025-08-28 10:07:04,0.5
bitcoin-up-or-down-august-28-8pm-et,DOWN,65291832103314098292958390228316373027243815896601306006207314163947000292163,1756375683,2025-08-28 10:08:03,0.5
bitcoin-up-or-down-august-28-8pm-et,DOWN,65291832103314098292958390228316373027243815896601306006207314163947000292163,1756375742,2025-08-28 10:09:02,0.5
bitcoin-up-or-down-august-28-8pm-et,DOWN,65291832103314098292958390228316373027243815896601306006207314163947000292163,1756375811,2025-08-28 10:10:11,0.5
bitcoin-up-or-down-august-28-8pm-et,DOWN,65291832103314098292958390228316373027243815896601306006207314163947000292163,1756375862,2025-08-28 10:11:02,0.5
bitcoin-up-or-down-august-28-8pm-et,DOWN,65291832103314098292958390228316373027243815896601306006207314163947000292163,1756375923,2025-08-28 10:12:03,0.5
bitcoin-up-or-down-august-28-8pm-et,DOWN,65291832103314098292958390228316373027243815896601306006207314163947000292163,1756375982,2025-08-28 10:13:02,0.5
bitcoin-up-or-down-august-28-8pm-et,DOWN,65291832103314098292958390228316373027243815896601306006207314163947000292163,1756376043,2025-08-28 10:14:03,0.5
bitcoin-up-or-down-august-28-8pm-et,DOWN,65291832103314098292958390228316373027243815896601306006207314163947000292163,1756376105,2025-08-28 10:15:05,0.5
bitcoin-up-or-down-august-28-8pm-et,DOWN,65291832103314098292958390228316373027243815896601306006207314163947000292163,1756376165,2025-08-28 10:16:05,0.5
bitcoin-up-or-down-august-28-8pm-et,DOWN,65291832103314098292958390228316373027243815896601306006207314163947000292163,1756376224,2025-08-28 10:17:04,0.5
bitcoin-up-or-down-august-28-8pm-et,DOWN,65291832103314098292958390228316373027243815896601306006207314163947000292163,1756376283,2025-08-28 10:18:03,0.5
bitcoin-up-or-down-august-28-8pm-et,DOWN,65291832103314098292958390228316373027243815896601306006207314163947000292163,1756376343,2025-08-28 10:19:03,0.5
bitcoin-up-or-down-august-28-8pm-et,DOWN,65291832103314098292958390228316373027243815896601306006207314163947000292163,1756376408,2025-08-28 10:20:08,0.5
bitcoin-up-or-down-august-28-8pm-et,DOWN,65291832103314098292958390228316373027243815896601306006207314163947000292163,1756376464,2025-08-28 10:21:04,0.5
bitcoin-up-or-down-august-28-8pm-et,DOWN,65291832103314098292958390228316373027243815896601306006207314163947000292163,1756376522,2025-08-28 10:22:02,0.5
bitcoin-up-or-down-august-28-8pm-et,DOWN,65291832103314098292958390228316373027243815896601306006207314163947000292163,1756376583,2025-08-28 10:23:03,0.5
bitcoin-up-or-down-august-28-8pm-et,DOWN,65291832103314098292958390228316373027243815896601306006207314163947000292163,1756376643,2025-08-28 10:24:03,0.5
bitcoin-up-or-down-august-28-8pm-et,DOWN,65291832103314098292958390228316373027243815896601306006207314163947000292163,1756376704,2025-08-28 10:25:04,0.5
bitcoin-up-or-down-august-28-8pm-et,DOWN,65291832103314098292958390228316373027243815896601306006207314163947000292163,1756376762,2025-08-28 10:26:02,0.5
bitcoin-up-or-down-august-28-8pm-et,DOWN,65291832103314098292958390228316373027243815896601306006207314163947000292163,1756376823,2025-08-28 10:27:03,0.5
bitcoin-up-or-down-august-28-8pm-et,DOWN,65291832103314098292958390228316373027243815896601306006207314163947000292163,1756376883,2025-08-28 10:28:03,0.5
bitcoin-up-or-down-august-28-8pm-et,DOWN,65291832103314098292958390228316373027243815896601306006207314163947000292163,1756376942,2025-08-28 10:29:02,0.5
bitcoin-up-or-down-august-28-8pm-et,DOWN,65291832103314098292958390228316373027243815896601306006207314163947000292163,1756377009,2025-08-28 10:30:09,0.5
bitcoin-up-or-down-august-28-8pm-et,DOWN,65291832103314098292958390228316373027243815896601306006207314163947000292163,1756377062,2025-08-28 10:31:02,0.5
bitcoin-up-or-down-august-28-8pm-et,DOWN,65291832103314098292958390228316373027243815896601306006207314163947000292163,1756377123,2025-08-28 10:32:03,0.5
bitcoin-up-or-down-august-28-8pm-et,DOWN,65291832103314098292958390228316373027243815896601306006207314163947000292163,1756377183,2025-08-28 10:33:03,0.5
bitcoin-up-or-down-august-28-8pm-et,DOWN,65291832103314098292958390228316373027243815896601306006207314163947000292163,1756377242,2025-08-28 10:34:02,0.5
bitcoin-up-or-down-august-28-8pm-et,DOWN,65291832103314098292958390228316373027243815896601306006207314163947000292163,1756377303,2025-08-28 10:35:03,0.5
bitcoin-up-or-down-august-28-8pm-et,DOWN,65291832103314098292958390228316373027243815896601306006207314163947000292163,1756377362,2025-08-28 10:36:02,0.5
bitcoin-up-or-down-august-28-8pm-et,DOWN,65291832103314098292958390228316373027243815896601306006207314163947000292163,1756377423,2025-08-28 10:37:03,0.5
bitcoin-up-or-down-august-28-8pm-et,DOWN,65291832103314098292958390228316373027243815896601306006207314163947000292163,1756377483,2025-08-28 10:38:03,0.5
bitcoin-up-or-down-august-28-8pm-et,DOWN,65291832103314098292958390228316373027243815896601306006207314163947000292163,1756377542,2025-08-28 10:39:02,0.5
bitcoin-up-or-down-august-28-8pm-et,DOWN,65291832103314098292958390228316373027243815896601306006207314163947000292163,1756377609,2025-08-28 10:40:09,0.5
bitcoin-up-or-down-august-28-8pm-et,DOWN,65291832103314098292958390228316373027243815896601306006207314163947000292163,1756377662,2025-08-28 10:41:02,0.5
bitcoin-up-or-down-august-28-8pm-et,DOWN,65291832103314098292958390228316373027243815896601306006207314163947000292163,1756377723,2025-08-28 10:42:03,0.5
bitcoin-up-or-down-august-28-8pm-et,DOWN,65291832103314098292958390228316373027243815896601306006207314163947000292163,1756377783,2025-08-28 10:43:03,0.5
bitcoin-up-or-down-august-28-8pm-et,DOWN,65291832103314098292958390228316373027243815896601306006207314163947000292163,1756377844,2025-08-28 10:44:04,0.5
bitcoin-up-or-down-august-28-8pm-et,DOWN,65291832103314098292958390228316373027243815896601306006207314163947000292163,1756377902,2025-08-28 10:45:02,0.5
bitcoin-up-or-down-august-28-8pm-et,DOWN,65291832103314098292958390228316373027243815896601306006207314163947000292163,1756377962,2025-08-28 10:46:02,0.5
bitcoin-up-or-down-august-28-8pm-et,DOWN,65291832103314098292958390228316373027243815896601306006207314163947000292163,1756378024,2025-08-28 10:47:04,0.5
bitcoin-up-or-down-august-28-8pm-et,DOWN,65291832103314098292958390228316373027243815896601306006207314163947000292163,1756378083,2025-08-28 10:48:03,0.5
bitcoin-up-or-down-august-28-8pm-et,DOWN,65291832103314098292958390228316373027243815896601306006207314163947000292163,1756378142,2025-08-28 10:49:02,0.5
bitcoin-up-or-down-august-28-8pm-et,DOWN,65291832103314098292958390228316373027243815896601306006207314163947000292163,1756378204,2025-08-28 10:50:04,0.5
bitcoin-up-or-down-august-28-8pm-et,DOWN,65291832103314098292958390228316373027243815896601306006207314163947000292163,1756378263,2025-08-28 10:51:03,0.5
bitcoin-up-or-down-august-28-8pm-et,DOWN,65291832103314098292958390228316373027243815896601306006207314163947000292163,1756378322,2025-08-28 10:52:02,0.5
bitcoin-up-or-down-august-28-8pm-et,DOWN,65291832103314098292958390228316373027243815896601306006207314163947000292163,1756378382,2025-08-28 10:53:02,0.5
bitcoin-up-or-down-august-28-8pm-et,DOWN,65291832103314098292958390228316373027243815896601306006207314163947000292163,1756378443,2025-08-28 10:54:03,0.5
bitcoin-up-or-down-august-28-8pm-et,DOWN,65291832103314098292958390228316373027243815896601306006207314163947000292163,1756378503,2025-08-28 10:55:03,0.5
bitcoin-up-or-down-august-28-8pm-et,DOWN,65291832103314098292958390228316373027243815896601306006207314163947000292163,1756378564,2025-08-28 10:56:04,0.5
bitcoin-up-or-down-august-28-8pm-et,DOWN,65291832103314098292958390228316373027243815896601306006207314163947000292163,1756378622,2025-08-28 10:57:02,0.5
bitcoin-up-or-down-august-28-8pm-et,DOWN,65291832103314098292958390228316373027243815896601306006207314163947000292163,1756378683,2025-08-28 10:58:03,0.5
bitcoin-up-or-down-august-28-8pm-et,DOWN,65291832103314098292958390228316373027243815896601306006207314163947000292163,1756378742,2025-08-28 10:59:02,0.5
bitcoin-up-or-down-august-28-8pm-et,DOWN,65291832103314098292958390228316373027243815896601306006207314163947000292163,1756378808,2025-08-28 11:00:08,0.5
bitcoin-up-or-down-august-28-8pm-et,DOWN,65291832103314098292958390228316373027243815896601306006207314163947000292163,1756378863,2025-08-28 11:01:03,0.5
bitcoin-up-or-down-august-28-8pm-et,DOWN,65291832103314098292958390228316373027243815896601306006207314163947000292163,1756378923,2025-08-28 11:02:03,0.5
bitcoin-up-or-down-august-28-8pm-et,DOWN,65291832103314098292958390228316373027243815896601306006207314163947000292163,1756378982,2025-08-28 11:03:02,0.5
bitcoin-up-or-down-august-28-8pm-et,DOWN,65291832103314098292958390228316373027243815896601306006207314163947000292163,1756379042,2025-08-28 11:04:02,0.5
bitcoin-up-or-down-august-28-8pm-et,DOWN,65291832103314098292958390228316373027243815896601306006207314163947000292163,1756379104,2025-08-28 11:05:04,0.5
bitcoin-up-or-down-august-28-8pm-et,DOWN,65291832103314098292958390228316373027243815896601306006207314163947000292163,1756379163,2025-08-28 11:06:03,0.5
bitcoin-up-or-down-august-28-8pm-et,DOWN,65291832103314098292958390228316373027243815896601306006207314163947000292163,1756379222,2025-08-28 11:07:02,0.5
bitcoin-up-or-down-august-28-8pm-et,DOWN,65291832103314098292958390228316373027243815896601306006207314163947000292163,1756379284,2025-08-28 11:08:04,0.5
bitcoin-up-or-down-august-28-8pm-et,DOWN,65291832103314098292958390228316373027243815896601306006207314163947000292163,1756379343,2025-08-28 11:09:03,0.5
bitcoin-up-or-down-august-28-8pm-et,DOWN,65291832103314098292958390228316373027243815896601306006207314163947000292163,1756379410,2025-08-28 11:10:10,0.5
bitcoin-up-or-down-august-28-8pm-et,DOWN,65291832103314098292958390228316373027243815896601306006207314163947000292163,1756379464,2025-08-28 11:11:04,0.5
bitcoin-up-or-down-august-28-8pm-et,DOWN,65291832103314098292958390228316373027243815896601306006207314163947000292163,1756379524,2025-08-28 11:12:04,0.5
bitcoin-up-or-down-august-28-8pm-et,DOWN,65291832103314098292958390228316373027243815896601306006207314163947000292163,1756379584,2025-08-28 11:13:04,0.5
bitcoin-up-or-down-august-28-8pm-et,DOWN,65291832103314098292958390228316373027243815896601306006207314163947000292163,1756379642,2025-08-28 11:14:02,0.5
bitcoin-up-or-down-august-28-8pm-et,DOWN,65291832103314098292958390228316373027243815896601306006207314163947000292163,1756379703,2025-08-28 11:15:03,0.5
bitcoin-up-or-down-august-28-8pm-et,DOWN,65291832103314098292958390228316373027243815896601306006207314163947000292163,1756379764,2025-08-28 11:16:04,0.5
bitcoin-up-or-down-august-28-8pm-et,DOWN,65291832103314098292958390228316373027243815896601306006207314163947000292163,1756379822,2025-08-28 11:17:02,0.5
bitcoin-up-or-down-august-28-8pm-et,DOWN,65291832103314098292958390228316373027243815896601306006207314163947000292163,1756379882,2025-08-28 11:18:02,0.5
bitcoin-up-or-down-august-28-8pm-et,DOWN,65291832103314098292958390228316373027243815896601306006207314163947000292163,1756379944,2025-08-28 11:19:04,0.5
bitcoin-up-or-down-august-28-8pm-et,DOWN,65291832103314098292958390228316373027243815896601306006207314163947000292163,1756380015,2025-08-28 11:20:15,0.5
bitcoin-up-or-down-august-28-8pm-et,DOWN,65291832103314098292958390228316373027243815896601306006207314163947000292163,1756380064,2025-08-28 11:21:04,0.5
bitcoin-up-or-down-august-28-8pm-et,DOWN,65291832103314098292958390228316373027243815896601306006207314163947000292163,1756380122,2025-08-28 11:22:02,0.5
bitcoin-up-or-down-august-28-8pm-et,DOWN,65291832103314098292958390228316373027243815896601306006207314163947000292163,1756380183,2025-08-28 11:23:03,0.5
bitcoin-up-or-down-august-28-8pm-et,DOWN,65291832103314098292958390228316373027243815896601306006207314163947000292163,1756380243,2025-08-28 11:24:03,0.5
bitcoin-up-or-down-august-28-8pm-et,DOWN,65291832103314098292958390228316373027243815896601306006207314163947000292163,1756380302,2025-08-28 11:25:02,0.5
bitcoin-up-or-down-august-28-8pm-et,DOWN,65291832103314098292958390228316373027243815896601306006207314163947000292163,1756380364,2025-08-28 11:26:04,0.5
bitcoin-up-or-down-august-28-8pm-et,DOWN,65291832103314098292958390228316373027243815896601306006207314163947000292163,1756380424,2025-08-28 11:27:04,0.5
bitcoin-up-or-down-august-28-8pm-et,DOWN,65291832103314098292958390228316373027243815896601306006207314163947000292163,1756380483,2025-08-28 11:28:03,0.5
bitcoin-up-or-down-august-28-8pm-et,DOWN,65291832103314098292958390228316373027243815896601306006207314163947000292163,1756380544,2025-08-28 11:29:04,0.5
bitcoin-up-or-down-august-28-8pm-et,DOWN,65291832103314098292958390228316373027243815896601306006207314163947000292163,1756380604,2025-08-28 11:30:04,0.5
bitcoin-up-or-down-august-28-8pm-et,DOWN,65291832103314098292958390228316373027243815896601306006207314163947000292163,1756380663,2025-08-28 11:31:03,0.5
bitcoin-up-or-down-august-28-8pm-et,DOWN,65291832103314098292958390228316373027243815896601306006207314163947000292163,1756380724,2025-08-28 11:32:04,0.5
bitcoin-up-or-down-august-28-8pm-et,DOWN,65291832103314098292958390228316373027243815896601306006207314163947000292163,1756380783,2025-08-28 11:33:03,0.5
bitcoin-up-or-down-august-28-8pm-et,DOWN,65291832103314098292958390228316373027243815896601306006207314163947000292163,1756380843,2025-08-28 11:34:03,0.5
bitcoin-up-or-down-august-28-8pm-et,DOWN,65291832103314098292958390228316373027243815896601306006207314163947000292163,1756380907,2025-08-28 11:35:07,0.5
bitcoin-up-or-down-august-28-8pm-et,DOWN,65291832103314098292958390228316373027243815896601306006207314163947000292163,1756380962,2025-08-28 11:36:02,0.5
bitcoin-up-or-down-august-28-8pm-et,DOWN,65291832103314098292958390228316373027243815896601306006207314163947000292163,1756381023,2025-08-28 11:37:03,0.5
bitcoin-up-or-down-august-28-8pm-et,DOWN,65291832103314098292958390228316373027243815896601306006207314163947000292163,1756381082,2025-08-28 11:38:02,0.5
bitcoin-up-or-down-august-28-8pm-et,DOWN,65291832103314098292958390228316373027243815896601306006207314163947000292163,1756381142,2025-08-28 11:39:02,0.5
bitcoin-up-or-down-august-28-8pm-et,DOWN,65291832103314098292958390228316373027243815896601306006207314163947000292163,1756381203,2025-08-28 11:40:03,0.5
bitcoin-up-or-down-august-28-8pm-et,DOWN,65291832103314098292958390228316373027243815896601306006207314163947000292163,1756381265,2025-08-28 11:41:05,0.5
bitcoin-up-or-down-august-28-8pm-et,DOWN,65291832103314098292958390228316373027243815896601306006207314163947000292163,1756381323,2025-08-28 11:42:03,0.5
bitcoin-up-or-down-august-28-8pm-et,DOWN,65291832103314098292958390228316373027243815896601306006207314163947000292163,1756381383,2025-08-28 11:43:03,0.5
bitcoin-up-or-down-august-28-8pm-et,DOWN,65291832103314098292958390228316373027243815896601306006207314163947000292163,1756381444,2025-08-28 11:44:04,0.5
bitcoin-up-or-down-august-28-8pm-et,DOWN,65291832103314098292958390228316373027243815896601306006207314163947000292163,1756381505,2025-08-28 11:45:05,0.5
bitcoin-up-or-down-august-28-8pm-et,DOWN,65291832103314098292958390228316373027243815896601306006207314163947000292163,1756381563,2025-08-28 11:46:03,0.5
bitcoin-up-or-down-august-28-8pm-et,DOWN,65291832103314098292958390228316373027243815896601306006207314163947000292163,1756381624,2025-08-28 11:47:04,0.5
bitcoin-up-or-down-august-28-8pm-et,DOWN,65291832103314098292958390228316373027243815896601306006207314163947000292163,1756381683,2025-08-28 11:48:03,0.5
bitcoin-up-or-down-august-28-8pm-et,DOWN,65291832103314098292958390228316373027243815896601306006207314163947000292163,1756381743,2025-08-28 11:49:03,0.5
bitcoin-up-or-down-august-28-8pm-et,DOWN,65291832103314098292958390228316373027243815896601306006207314163947000292163,1756381811,2025-08-28 11:50:11,0.5
bitcoin-up-or-down-august-28-8pm-et,DOWN,65291832103314098292958390228316373027243815896601306006207314163947000292163,1756381863,2025-08-28 11:51:03,0.5
bitcoin-up-or-down-august-28-8pm-et,DOWN,65291832103314098292958390228316373027243815896601306006207314163947000292163,1756381924,2025-08-28 11:52:04,0.5
bitcoin-up-or-down-august-28-8pm-et,DOWN,65291832103314098292958390228316373027243815896601306006207314163947000292163,1756381984,2025-08-28 11:53:04,0.5
bitcoin-up-or-down-august-28-8pm-et,DOWN,65291832103314098292958390228316373027243815896601306006207314163947000292163,1756382043,2025-08-28 11:54:03,0.5
bitcoin-up-or-down-august-28-8pm-et,DOWN,65291832103314098292958390228316373027243815896601306006207314163947000292163,1756382102,2025-08-28 11:55:02,0.5
bitcoin-up-or-down-august-28-8pm-et,DOWN,65291832103314098292958390228316373027243815896601306006207314163947000292163,1756382162,2025-08-28 11:56:02,0.5
bitcoin-up-or-down-august-28-8pm-et,DOWN,65291832103314098292958390228316373027243815896601306006207314163947000292163,1756382223,2025-08-28 11:57:03,0.5
bitcoin-up-or-down-august-28-8pm-et,DOWN,65291832103314098292958390228316373027243815896601306006207314163947000292163,1756382284,2025-08-28 11:58:04,0.5
bitcoin-up-or-down-august-28-8pm-et,DOWN,65291832103314098292958390228316373027243815896601306006207314163947000292163,1756382342,2025-08-28 11:59:02,0.5
bitcoin-up-or-down-august-28-8pm-et,DOWN,65291832103314098292958390228316373027243815896601306006207314163947000292163,1756382419,2025-08-28 12:00:19,0.5
bitcoin-up-or-down-august-28-8pm-et,DOWN,65291832103314098292958390228316373027243815896601306006207314163947000292163,1756382462,2025-08-28 12:01:02,0.5
bitcoin-up-or-down-august-28-8pm-et,DOWN,65291832103314098292958390228316373027243815896601306006207314163947000292163,1756382522,2025-08-28 12:02:02,0.5
bitcoin-up-or-down-august-28-8pm-et,DOWN,65291832103314098292958390228316373027243815896601306006207314163947000292163,1756382583,2025-08-28 12:03:03,0.5
bitcoin-up-or-down-august-28-8pm-et,DOWN,65291832103314098292958390228316373027243815896601306006207314163947000292163,1756382643,2025-08-28 12:04:03,0.5
bitcoin-up-or-down-august-28-8pm-et,DOWN,65291832103314098292958390228316373027243815896601306006207314163947000292163,1756382714,2025-08-28 12:05:14,0.5
bitcoin-up-or-down-august-28-8pm-et,DOWN,65291832103314098292958390228316373027243815896601306006207314163947000292163,1756382763,2025-08-28 12:06:03,0.5
bitcoin-up-or-down-august-28-8pm-et,DOWN,65291832103314098292958390228316373027243815896601306006207314163947000292163,1756382823,2025-08-28 12:07:03,0.5
bitcoin-up-or-down-august-28-8pm-et,DOWN,65291832103314098292958390228316373027243815896601306006207314163947000292163,1756382883,2025-08-28 12:08:03,0.5
bitcoin-up-or-down-august-28-8pm-et,DOWN,65291832103314098292958390228316373027243815896601306006207314163947000292163,1756382943,2025-08-28 12:09:03,0.5
bitcoin-up-or-down-august-28-8pm-et,DOWN,65291832103314098292958390228316373027243815896601306006207314163947000292163,1756383004,2025-08-28 12:10:04,0.5
bitcoin-up-or-down-august-28-8pm-et,DOWN,65291832103314098292958390228316373027243815896601306006207314163947000292163,1756383062,2025-08-28 12:11:02,0.5
bitcoin-up-or-down-august-28-8pm-et,DOWN,65291832103314098292958390228316373027243815896601306006207314163947000292163,1756383122,2025-08-28 12:12:02,0.5
bitcoin-up-or-down-august-28-8pm-et,DOWN,65291832103314098292958390228316373027243815896601306006207314163947000292163,1756383184,2025-08-28 12:13:04,0.5
bitcoin-up-or-down-august-28-8pm-et,DOWN,65291832103314098292958390228316373027243815896601306006207314163947000292163,1756383243,2025-08-28 12:14:03,0.5
bitcoin-up-or-down-august-28-8pm-et,DOWN,65291832103314098292958390228316373027243815896601306006207314163947000292163,1756383316,2025-08-28 12:15:16,0.5
bitcoin-up-or-down-august-28-8pm-et,DOWN,65291832103314098292958390228316373027243815896601306006207314163947000292163,1756383364,2025-08-28 12:16:04,0.5
bitcoin-up-or-down-august-28-8pm-et,DOWN,65291832103314098292958390228316373027243815896601306006207314163947000292163,1756383424,2025-08-28 12:17:04,0.5
bitcoin-up-or-down-august-28-8pm-et,DOWN,65291832103314098292958390228316373027243815896601306006207314163947000292163,1756383482,2025-08-28 12:18:02,0.5
bitcoin-up-or-down-august-28-8pm-et,DOWN,65291832103314098292958390228316373027243815896601306006207314163947000292163,1756383543,2025-08-28 12:19:03,0.5
bitcoin-up-or-down-august-28-8pm-et,DOWN,65291832103314098292958390228316373027243815896601306006207314163947000292163,1756383604,2025-08-28 12:20:04,0.5
bitcoin-up-or-down-august-28-8pm-et,DOWN,65291832103314098292958390228316373027243815896601306006207314163947000292163,1756383663,2025-08-28 12:21:03,0.5
bitcoin-up-or-down-august-28-8pm-et,DOWN,65291832103314098292958390228316373027243815896601306006207314163947000292163,1756383722,2025-08-28 12:22:02,0.5
bitcoin-up-or-down-august-28-8pm-et,DOWN,65291832103314098292958390228316373027243815896601306006207314163947000292163,1756383783,2025-08-28 12:23:03,0.5
bitcoin-up-or-down-august-28-8pm-et,DOWN,65291832103314098292958390228316373027243815896601306006207314163947000292163,1756383843,2025-08-28 12:24:03,0.5
bitcoin-up-or-down-august-28-8pm-et,DOWN,65291832103314098292958390228316373027243815896601306006207314163947000292163,1756383917,2025-08-28 12:25:17,0.5
bitcoin-up-or-down-august-28-8pm-et,DOWN,65291832103314098292958390228316373027243815896601306006207314163947000292163,1756383962,2025-08-28 12:26:02,0.5
bitcoin-up-or-down-august-28-8pm-et,DOWN,65291832103314098292958390228316373027243815896601306006207314163947000292163,1756384022,2025-08-28 12:27:02,0.5
bitcoin-up-or-down-august-28-8pm-et,DOWN,65291832103314098292958390228316373027243815896601306006207314163947000292163,1756384082,2025-08-28 12:28:02,0.5
bitcoin-up-or-down-august-28-8pm-et,DOWN,65291832103314098292958390228316373027243815896601306006207314163947000292163,1756384143,2025-08-28 12:29:03,0.5
bitcoin-up-or-down-august-28-8pm-et,DOWN,65291832103314098292958390228316373027243815896601306006207314163947000292163,1756384218,2025-08-28 12:30:18,0.5
bitcoin-up-or-down-august-28-8pm-et,DOWN,65291832103314098292958390228316373027243815896601306006207314163947000292163,1756384264,2025-08-28 12:31:04,0.5
bitcoin-up-or-down-august-28-8pm-et,DOWN,65291832103314098292958390228316373027243815896601306006207314163947000292163,1756384323,2025-08-28 12:32:03,0.5
bitcoin-up-or-down-august-28-8pm-et,DOWN,65291832103314098292958390228316373027243815896601306006207314163947000292163,1756384384,2025-08-28 12:33:04,0.5
bitcoin-up-or-down-august-28-8pm-et,DOWN,65291832103314098292958390228316373027243815896601306006207314163947000292163,1756384444,2025-08-28 12:34:04,0.5
bitcoin-up-or-down-august-28-8pm-et,DOWN,65291832103314098292958390228316373027243815896601306006207314163947000292163,1756384502,2025-08-28 12:35:02,0.5
bitcoin-up-or-down-august-28-8pm-et,DOWN,65291832103314098292958390228316373027243815896601306006207314163947000292163,1756384563,2025-08-28 12:36:03,0.5
bitcoin-up-or-down-august-28-8pm-et,DOWN,65291832103314098292958390228316373027243815896601306006207314163947000292163,1756384624,2025-08-28 12:37:04,0.5
bitcoin-up-or-down-august-28-8pm-et,DOWN,65291832103314098292958390228316373027243815896601306006207314163947000292163,1756384683,2025-08-28 12:38:03,0.5
bitcoin-up-or-down-august-28-8pm-et,DOWN,65291832103314098292958390228316373027243815896601306006207314163947000292163,1756384742,2025-08-28 12:39:02,0.5
bitcoin-up-or-down-august-28-8pm-et,DOWN,65291832103314098292958390228316373027243815896601306006207314163947000292163,1756384807,2025-08-28 12:40:07,0.5
bitcoin-up-or-down-august-28-8pm-et,DOWN,65291832103314098292958390228316373027243815896601306006207314163947000292163,1756384863,2025-08-28 12:41:03,0.5
bitcoin-up-or-down-august-28-8pm-et,DOWN,65291832103314098292958390228316373027243815896601306006207314163947000292163,1756384924,2025-08-28 12:42:04,0.5
bitcoin-up-or-down-august-28-8pm-et,DOWN,65291832103314098292958390228316373027243815896601306006207314163947000292163,1756384984,2025-08-28 12:43:04,0.5
bitcoin-up-or-down-august-28-8pm-et,DOWN,65291832103314098292958390228316373027243815896601306006207314163947000292163,1756385043,2025-08-28 12:44:03,0.5
bitcoin-up-or-down-august-28-8pm-et,DOWN,65291832103314098292958390228316373027243815896601306006207314163947000292163,1756385107,2025-08-28 12:45:07,0.5
bitcoin-up-or-down-august-28-8pm-et,DOWN,65291832103314098292958390228316373027243815896601306006207314163947000292163,1756385162,2025-08-28 12:46:02,0.5
bitcoin-up-or-down-august-28-8pm-et,DOWN,65291832103314098292958390228316373027243815896601306006207314163947000292163,1756385223,2025-08-28 12:47:03,0.5
bitcoin-up-or-down-august-28-8pm-et,DOWN,65291832103314098292958390228316373027243815896601306006207314163947000292163,1756385282,2025-08-28 12:48:02,0.5
bitcoin-up-or-down-august-28-8pm-et,DOWN,65291832103314098292958390228316373027243815896601306006207314163947000292163,1756385342,2025-08-28 12:49:02,0.5
bitcoin-up-or-down-august-28-8pm-et,DOWN,65291832103314098292958390228316373027243815896601306006207314163947000292163,1756385402,2025-08-28 12:50:02,0.5
bitcoin-up-or-down-august-28-8pm-et,DOWN,65291832103314098292958390228316373027243815896601306006207314163947000292163,1756385463,2025-08-28 12:51:03,0.5
bitcoin-up-or-down-august-28-8pm-et,DOWN,65291832103314098292958390228316373027243815896601306006207314163947000292163,1756385523,2025-08-28 12:52:03,0.5
bitcoin-up-or-down-august-28-8pm-et,DOWN,65291832103314098292958390228316373027243815896601306006207314163947000292163,1756385584,2025-08-28 12:53:04,0.5
bitcoin-up-or-down-august-28-8pm-et,DOWN,65291832103314098292958390228316373027243815896601306006207314163947000292163,1756385642,2025-08-28 12:54:02,0.5
bitcoin-up-or-down-august-28-8pm-et,DOWN,65291832103314098292958390228316373027243815896601306006207314163947000292163,1756385715,2025-08-28 12:55:15,0.5
bitcoin-up-or-down-august-28-8pm-et,DOWN,65291832103314098292958390228316373027243815896601306006207314163947000292163,1756385764,2025-08-28 12:56:04,0.5
bitcoin-up-or-down-august-28-8pm-et,DOWN,65291832103314098292958390228316373027243815896601306006207314163947000292163,1756385822,2025-08-28 12:57:02,0.5
bitcoin-up-or-down-august-28-8pm-et,DOWN,65291832103314098292958390228316373027243815896601306006207314163947000292163,1756385883,2025-08-28 12:58:03,0.5
bitcoin-up-or-down-august-28-8pm-et,DOWN,65291832103314098292958390228316373027243815896601306006207314163947000292163,1756385943,2025-08-28 12:59:03,0.5
bitcoin-up-or-down-august-28-8pm-et,DOWN,65291832103314098292958390228316373027243815896601306006207314163947000292163,1756386013,2025-08-28 13:00:13,0.5
bitcoin-up-or-down-august-28-8pm-et,DOWN,65291832103314098292958390228316373027243815896601306006207314163947000292163,1756386063,2025-08-28 13:01:03,0.5
bitcoin-up-or-down-august-28-8pm-et,DOWN,65291832103314098292958390228316373027243815896601306006207314163947000292163,1756386124,2025-08-28 13:02:04,0.5
bitcoin-up-or-down-august-28-8pm-et,DOWN,65291832103314098292958390228316373027243815896601306006207314163947000292163,1756386182,2025-08-28 13:03:02,0.5
bitcoin-up-or-down-august-28-8pm-et,DOWN,65291832103314098292958390228316373027243815896601306006207314163947000292163,1756386243,2025-08-28 13:04:03,0.5
bitcoin-up-or-down-august-28-8pm-et,DOWN,65291832103314098292958390228316373027243815896601306006207314163947000292163,1756386314,2025-08-28 13:05:14,0.5
bitcoin-up-or-down-august-28-8pm-et,DOWN,65291832103314098292958390228316373027243815896601306006207314163947000292163,1756386362,2025-08-28 13:06:02,0.5
bitcoin-up-or-down-august-28-8pm-et,DOWN,65291832103314098292958390228316373027243815896601306006207314163947000292163,1756386423,2025-08-28 13:07:03,0.5
bitcoin-up-or-down-august-28-8pm-et,DOWN,65291832103314098292958390228316373027243815896601306006207314163947000292163,1756386482,2025-08-28 13:08:02,0.5
bitcoin-up-or-down-august-28-8pm-et,DOWN,65291832103314098292958390228316373027243815896601306006207314163947000292163,1756386543,2025-08-28 13:09:03,0.5
bitcoin-up-or-down-august-28-8pm-et,DOWN,65291832103314098292958390228316373027243815896601306006207314163947000292163,1756386603,2025-08-28 13:10:03,0.5
bitcoin-up-or-down-august-28-8pm-et,DOWN,65291832103314098292958390228316373027243815896601306006207314163947000292163,1756386664,2025-08-28 13:11:04,0.5
bitcoin-up-or-down-august-28-8pm-et,DOWN,65291832103314098292958390228316373027243815896601306006207314163947000292163,1756386723,2025-08-28 13:12:03,0.5
bitcoin-up-or-down-august-28-8pm-et,DOWN,65291832103314098292958390228316373027243815896601306006207314163947000292163,1756386782,2025-08-28 13:13:02,0.5
bitcoin-up-or-down-august-28-8pm-et,DOWN,65291832103314098292958390228316373027243815896601306006207314163947000292163,1756386844,2025-08-28 13:14:04,0.5
bitcoin-up-or-down-august-28-8pm-et,DOWN,65291832103314098292958390228316373027243815896601306006207314163947000292163,1756386915,2025-08-28 13:15:15,0.5
bitcoin-up-or-down-august-28-8pm-et,DOWN,65291832103314098292958390228316373027243815896601306006207314163947000292163,1756386963,2025-08-28 13:16:03,0.5
bitcoin-up-or-down-august-28-8pm-et,DOWN,65291832103314098292958390228316373027243815896601306006207314163947000292163,1756387022,2025-08-28 13:17:02,0.5
bitcoin-up-or-down-august-28-8pm-et,DOWN,65291832103314098292958390228316373027243815896601306006207314163947000292163,1756387083,2025-08-28 13:18:03,0.5
bitcoin-up-or-down-august-28-8pm-et,DOWN,65291832103314098292958390228316373027243815896601306006207314163947000292163,1756387142,2025-08-28 13:19:02,0.5
bitcoin-up-or-down-august-28-8pm-et,DOWN,65291832103314098292958390228316373027243815896601306006207314163947000292163,1756387203,2025-08-28 13:20:03,0.5
bitcoin-up-or-down-august-28-8pm-et,DOWN,65291832103314098292958390228316373027243815896601306006207314163947000292163,1756387264,2025-08-28 13:21:04,0.5
bitcoin-up-or-down-august-28-8pm-et,DOWN,65291832103314098292958390228316373027243815896601306006207314163947000292163,1756387324,2025-08-28 13:22:04,0.5
bitcoin-up-or-down-august-28-8pm-et,DOWN,65291832103314098292958390228316373027243815896601306006207314163947000292163,1756387383,2025-08-28 13:23:03,0.5
bitcoin-up-or-down-august-28-8pm-et,DOWN,65291832103314098292958390228316373027243815896601306006207314163947000292163,1756387442,2025-08-28 13:24:02,0.5
bitcoin-up-or-down-august-28-8pm-et,DOWN,65291832103314098292958390228316373027243815896601306006207314163947000292163,1756387504,2025-08-28 13:25:04,0.5
bitcoin-up-or-down-august-28-8pm-et,DOWN,65291832103314098292958390228316373027243815896601306006207314163947000292163,1756387563,2025-08-28 13:26:03,0.5
bitcoin-up-or-down-august-28-8pm-et,DOWN,65291832103314098292958390228316373027243815896601306006207314163947000292163,1756387623,2025-08-28 13:27:03,0.5
bitcoin-up-or-down-august-28-8pm-et,DOWN,65291832103314098292958390228316373027243815896601306006207314163947000292163,1756387739,2025-08-28 13:28:59,0.5
bitcoin-up-or-down-august-28-8pm-et,DOWN,65291832103314098292958390228316373027243815896601306006207314163947000292163,1756387745,2025-08-28 13:29:05,0.5
bitcoin-up-or-down-august-28-8pm-et,DOWN,65291832103314098292958390228316373027243815896601306006207314163947000292163,1756387815,2025-08-28 13:30:15,0.5
bitcoin-up-or-down-august-28-8pm-et,DOWN,65291832103314098292958390228316373027243815896601306006207314163947000292163,1756387863,2025-08-28 13:31:03,0.5
bitcoin-up-or-down-august-28-8pm-et,DOWN,65291832103314098292958390228316373027243815896601306006207314163947000292163,1756387923,2025-08-28 13:32:03,0.5
bitcoin-up-or-down-august-28-8pm-et,DOWN,65291832103314098292958390228316373027243815896601306006207314163947000292163,1756387984,2025-08-28 13:33:04,0.5
bitcoin-up-or-down-august-28-8pm-et,DOWN,65291832103314098292958390228316373027243815896601306006207314163947000292163,1756388043,2025-08-28 13:34:03,0.5
bitcoin-up-or-down-august-28-8pm-et,DOWN,65291832103314098292958390228316373027243815896601306006207314163947000292163,1756388104,2025-08-28 13:35:04,0.5
bitcoin-up-or-down-august-28-8pm-et,DOWN,65291832103314098292958390228316373027243815896601306006207314163947000292163,1756388163,2025-08-28 13:36:03,0.5
bitcoin-up-or-down-august-28-8pm-et,DOWN,65291832103314098292958390228316373027243815896601306006207314163947000292163,1756388223,2025-08-28 13:37:03,0.5
bitcoin-up-or-down-august-28-8pm-et,DOWN,65291832103314098292958390228316373027243815896601306006207314163947000292163,1756388284,2025-08-28 13:38:04,0.5
bitcoin-up-or-down-august-28-8pm-et,DOWN,65291832103314098292958390228316373027243815896601306006207314163947000292163,1756388343,2025-08-28 13:39:03,0.5
bitcoin-up-or-down-august-28-8pm-et,DOWN,65291832103314098292958390228316373027243815896601306006207314163947000292163,1756388406,2025-08-28 13:40:06,0.5
bitcoin-up-or-down-august-28-8pm-et,DOWN,65291832103314098292958390228316373027243815896601306006207314163947000292163,1756388463,2025-08-28 13:41:03,0.5
bitcoin-up-or-down-august-28-8pm-et,DOWN,65291832103314098292958390228316373027243815896601306006207314163947000292163,1756388523,2025-08-28 13:42:03,0.5
bitcoin-up-or-down-august-28-8pm-et,DOWN,65291832103314098292958390228316373027243815896601306006207314163947000292163,1756388583,2025-08-28 13:43:03,0.5
bitcoin-up-or-down-august-28-8pm-et,DOWN,65291832103314098292958390228316373027243815896601306006207314163947000292163,1756388644,2025-08-28 13:44:04,0.5
bitcoin-up-or-down-august-28-8pm-et,DOWN,65291832103314098292958390228316373027243815896601306006207314163947000292163,1756388703,2025-08-28 13:45:03,0.5
bitcoin-up-or-down-august-28-8pm-et,DOWN,65291832103314098292958390228316373027243815896601306006207314163947000292163,1756388764,2025-08-28 13:46:04,0.5
bitcoin-up-or-down-august-28-8pm-et,DOWN,65291832103314098292958390228316373027243815896601306006207314163947000292163,1756388822,2025-08-28 13:47:02,0.5
bitcoin-up-or-down-august-28-8pm-et,DOWN,65291832103314098292958390228316373027243815896601306006207314163947000292163,1756388883,2025-08-28 13:48:03,0.5
bitcoin-up-or-down-august-28-8pm-et,DOWN,65291832103314098292958390228316373027243815896601306006207314163947000292163,1756388942,2025-08-28 13:49:02,0.5
bitcoin-up-or-down-august-28-8pm-et,DOWN,65291832103314098292958390228316373027243815896601306006207314163947000292163,1756389004,2025-08-28 13:50:04,0.5
bitcoin-up-or-down-august-28-8pm-et,DOWN,65291832103314098292958390228316373027243815896601306006207314163947000292163,1756389063,2025-08-28 13:51:03,0.5
bitcoin-up-or-down-august-28-8pm-et,DOWN,65291832103314098292958390228316373027243815896601306006207314163947000292163,1756389123,2025-08-28 13:52:03,0.5
bitcoin-up-or-down-august-28-8pm-et,DOWN,65291832103314098292958390228316373027243815896601306006207314163947000292163,1756389183,2025-08-28 13:53:03,0.5
bitcoin-up-or-down-august-28-8pm-et,DOWN,65291832103314098292958390228316373027243815896601306006207314163947000292163,1756389243,2025-08-28 13:54:03,0.5
bitcoin-up-or-down-august-28-8pm-et,DOWN,65291832103314098292958390228316373027243815896601306006207314163947000292163,1756389310,2025-08-28 13:55:10,0.5
bitcoin-up-or-down-august-28-8pm-et,DOWN,65291832103314098292958390228316373027243815896601306006207314163947000292163,1756389363,2025-08-28 13:56:03,0.5
bitcoin-up-or-down-august-28-8pm-et,DOWN,65291832103314098292958390228316373027243815896601306006207314163947000292163,1756389423,2025-08-28 13:57:03,0.5
bitcoin-up-or-down-august-28-8pm-et,DOWN,65291832103314098292958390228316373027243815896601306006207314163947000292163,1756389483,2025-08-28 13:58:03,0.5
bitcoin-up-or-down-august-28-8pm-et,DOWN,65291832103314098292958390228316373027243815896601306006207314163947000292163,1756389542,2025-08-28 13:59:02,0.5
bitcoin-up-or-down-august-28-8pm-et,DOWN,65291832103314098292958390228316373027243815896601306006207314163947000292163,1756389616,2025-08-28 14:00:16,0.5
bitcoin-up-or-down-august-28-8pm-et,DOWN,65291832103314098292958390228316373027243815896601306006207314163947000292163,1756389662,2025-08-28 14:01:02,0.5
bitcoin-up-or-down-august-28-8pm-et,DOWN,65291832103314098292958390228316373027243815896601306006207314163947000292163,1756389724,2025-08-28 14:02:04,0.5
bitcoin-up-or-down-august-28-8pm-et,DOWN,65291832103314098292958390228316373027243815896601306006207314163947000292163,1756389782,2025-08-28 14:03:02,0.5
bitcoin-up-or-down-august-28-8pm-et,DOWN,65291832103314098292958390228316373027243815896601306006207314163947000292163,1756389844,2025-08-28 14:04:04,0.5
bitcoin-up-or-down-august-28-8pm-et,DOWN,65291832103314098292958390228316373027243815896601306006207314163947000292163,1756389917,2025-08-28 14:05:17,0.5
bitcoin-up-or-down-august-28-8pm-et,DOWN,65291832103314098292958390228316373027243815896601306006207314163947000292163,1756389964,2025-08-28 14:06:04,0.5
bitcoin-up-or-down-august-28-8pm-et,DOWN,65291832103314098292958390228316373027243815896601306006207314163947000292163,1756390023,2025-08-28 14:07:03,0.5
bitcoin-up-or-down-august-28-8pm-et,DOWN,65291832103314098292958390228316373027243815896601306006207314163947000292163,1756390083,2025-08-28 14:08:03,0.5
bitcoin-up-or-down-august-28-8pm-et,DOWN,65291832103314098292958390228316373027243815896601306006207314163947000292163,1756390143,2025-08-28 14:09:03,0.5
bitcoin-up-or-down-august-28-8pm-et,DOWN,65291832103314098292958390228316373027243815896601306006207314163947000292163,1756390217,2025-08-28 14:10:17,0.5
bitcoin-up-or-down-august-28-8pm-et,DOWN,65291832103314098292958390228316373027243815896601306006207314163947000292163,1756390264,2025-08-28 14:11:04,0.5
bitcoin-up-or-down-august-28-8pm-et,DOWN,65291832103314098292958390228316373027243815896601306006207314163947000292163,1756390324,2025-08-28 14:12:04,0.5
bitcoin-up-or-down-august-28-8pm-et,DOWN,65291832103314098292958390228316373027243815896601306006207314163947000292163,1756390382,2025-08-28 14:13:02,0.5
bitcoin-up-or-down-august-28-8pm-et,DOWN,65291832103314098292958390228316373027243815896601306006207314163947000292163,1756390443,2025-08-28 14:14:03,0.5
bitcoin-up-or-down-august-28-8pm-et,DOWN,65291832103314098292958390228316373027243815896601306006207314163947000292163,1756390502,2025-08-28 14:15:02,0.5
bitcoin-up-or-down-august-28-8pm-et,DOWN,65291832103314098292958390228316373027243815896601306006207314163947000292163,1756390564,2025-08-28 14:16:04,0.5
bitcoin-up-or-down-august-28-8pm-et,DOWN,65291832103314098292958390228316373027243815896601306006207314163947000292163,1756390623,2025-08-28 14:17:03,0.5
bitcoin-up-or-down-august-28-8pm-et,DOWN,65291832103314098292958390228316373027243815896601306006207314163947000292163,1756390683,2025-08-28 14:18:03,0.5
bitcoin-up-or-down-august-28-8pm-et,DOWN,65291832103314098292958390228316373027243815896601306006207314163947000292163,1756390744,2025-08-28 14:19:04,0.5
bitcoin-up-or-down-august-28-8pm-et,DOWN,65291832103314098292958390228316373027243815896601306006207314163947000292163,1756390805,2025-08-28 14:20:05,0.5
bitcoin-up-or-down-august-28-8pm-et,DOWN,65291832103314098292958390228316373027243815896601306006207314163947000292163,1756390863,2025-08-28 14:21:03,0.5
bitcoin-up-or-down-august-28-8pm-et,DOWN,65291832103314098292958390228316373027243815896601306006207314163947000292163,1756390922,2025-08-28 14:22:02,0.5
bitcoin-up-or-down-august-28-8pm-et,DOWN,65291832103314098292958390228316373027243815896601306006207314163947000292163,1756390983,2025-08-28 14:23:03,0.5
bitcoin-up-or-down-august-28-8pm-et,DOWN,65291832103314098292958390228316373027243815896601306006207314163947000292163,1756391042,2025-08-28 14:24:02,0.5
bitcoin-up-or-down-august-28-8pm-et,DOWN,65291832103314098292958390228316373027243815896601306006207314163947000292163,1756391116,2025-08-28 14:25:16,0.5
bitcoin-up-or-down-august-28-8pm-et,DOWN,65291832103314098292958390228316373027243815896601306006207314163947000292163,1756391164,2025-08-28 14:26:04,0.5
bitcoin-up-or-down-august-28-8pm-et,DOWN,65291832103314098292958390228316373027243815896601306006207314163947000292163,1756391224,2025-08-28 14:27:04,0.5
bitcoin-up-or-down-august-28-8pm-et,DOWN,65291832103314098292958390228316373027243815896601306006207314163947000292163,1756391282,2025-08-28 14:28:02,0.5
bitcoin-up-or-down-august-28-8pm-et,DOWN,65291832103314098292958390228316373027243815896601306006207314163947000292163,1756391343,2025-08-28 14:29:03,0.5
bitcoin-up-or-down-august-28-8pm-et,DOWN,65291832103314098292958390228316373027243815896601306006207314163947000292163,1756391419,2025-08-28 14:30:19,0.5
bitcoin-up-or-down-august-28-8pm-et,DOWN,65291832103314098292958390228316373027243815896601306006207314163947000292163,1756391464,2025-08-28 14:31:04,0.5
bitcoin-up-or-down-august-28-8pm-et,DOWN,65291832103314098292958390228316373027243815896601306006207314163947000292163,1756391594,2025-08-28 14:33:14,0.5
bitcoin-up-or-down-august-28-8pm-et,DOWN,65291832103314098292958390228316373027243815896601306006207314163947000292163,1756391600,2025-08-28 14:33:20,0.5
bitcoin-up-or-down-august-28-8pm-et,DOWN,65291832103314098292958390228316373027243815896601306006207314163947000292163,1756391644,2025-08-28 14:34:04,0.5
bitcoin-up-or-down-august-28-8pm-et,DOWN,65291832103314098292958390228316373027243815896601306006207314163947000292163,1756391703,2025-08-28 14:35:03,0.5
bitcoin-up-or-down-august-28-8pm-et,DOWN,65291832103314098292958390228316373027243815896601306006207314163947000292163,1756391763,2025-08-28 14:36:03,0.5
bitcoin-up-or-down-august-28-8pm-et,DOWN,65291832103314098292958390228316373027243815896601306006207314163947000292163,1756391824,2025-08-28 14:37:04,0.5
bitcoin-up-or-down-august-28-8pm-et,DOWN,65291832103314098292958390228316373027243815896601306006207314163947000292163,1756391883,2025-08-28 14:38:03,0.5
bitcoin-up-or-down-august-28-8pm-et,DOWN,65291832103314098292958390228316373027243815896601306006207314163947000292163,1756391944,2025-08-28 14:39:04,0.5
bitcoin-up-or-down-august-28-8pm-et,DOWN,65291832103314098292958390228316373027243815896601306006207314163947000292163,1756392016,2025-08-28 14:40:16,0.5
bitcoin-up-or-down-august-28-8pm-et,DOWN,65291832103314098292958390228316373027243815896601306006207314163947000292163,1756392062,2025-08-28 14:41:02,0.5
bitcoin-up-or-down-august-28-8pm-et,DOWN,65291832103314098292958390228316373027243815896601306006207314163947000292163,1756392122,2025-08-28 14:42:02,0.5
bitcoin-up-or-down-august-28-8pm-et,DOWN,65291832103314098292958390228316373027243815896601306006207314163947000292163,1756392182,2025-08-28 14:43:02,0.5
bitcoin-up-or-down-august-28-8pm-et,DOWN,65291832103314098292958390228316373027243815896601306006207314163947000292163,1756392244,2025-08-28 14:44:04,0.5
bitcoin-up-or-down-august-28-8pm-et,DOWN,65291832103314098292958390228316373027243815896601306006207314163947000292163,1756392303,2025-08-28 14:45:03,0.5
bitcoin-up-or-down-august-28-8pm-et,DOWN,65291832103314098292958390228316373027243815896601306006207314163947000292163,1756392363,2025-08-28 14:46:03,0.5
bitcoin-up-or-down-august-28-8pm-et,DOWN,65291832103314098292958390228316373027243815896601306006207314163947000292163,1756392422,2025-08-28 14:47:02,0.5
bitcoin-up-or-down-august-28-8pm-et,DOWN,65291832103314098292958390228316373027243815896601306006207314163947000292163,1756392483,2025-08-28 14:48:03,0.5
bitcoin-up-or-down-august-28-8pm-et,DOWN,65291832103314098292958390228316373027243815896601306006207314163947000292163,1756392543,2025-08-28 14:49:03,0.5
bitcoin-up-or-down-august-28-8pm-et,DOWN,65291832103314098292958390228316373027243815896601306006207314163947000292163,1756392604,2025-08-28 14:50:04,0.5
bitcoin-up-or-down-august-28-8pm-et,DOWN,65291832103314098292958390228316373027243815896601306006207314163947000292163,1756392664,2025-08-28 14:51:04,0.5
bitcoin-up-or-down-august-28-8pm-et,DOWN,65291832103314098292958390228316373027243815896601306006207314163947000292163,1756392724,2025-08-28 14:52:04,0.5
bitcoin-up-or-down-august-28-8pm-et,DOWN,65291832103314098292958390228316373027243815896601306006207314163947000292163,1756392782,2025-08-28 14:53:02,0.5
bitcoin-up-or-down-august-28-8pm-et,DOWN,65291832103314098292958390228316373027243815896601306006207314163947000292163,1756392843,2025-08-28 14:54:03,0.5
bitcoin-up-or-down-august-28-8pm-et,DOWN,65291832103314098292958390228316373027243815896601306006207314163947000292163,1756392905,2025-08-28 14:55:05,0.5
bitcoin-up-or-down-august-28-8pm-et,DOWN,65291832103314098292958390228316373027243815896601306006207314163947000292163,1756392963,2025-08-28 14:56:03,0.5
bitcoin-up-or-down-august-28-8pm-et,DOWN,65291832103314098292958390228316373027243815896601306006207314163947000292163,1756393022,2025-08-28 14:57:02,0.5
bitcoin-up-or-down-august-28-8pm-et,DOWN,65291832103314098292958390228316373027243815896601306006207314163947000292163,1756393085,2025-08-28 14:58:05,0.5
bitcoin-up-or-down-august-28-8pm-et,DOWN,65291832103314098292958390228316373027243815896601306006207314163947000292163,1756393143,2025-08-28 14:59:03,0.5
bitcoin-up-or-down-august-28-8pm-et,DOWN,65291832103314098292958390228316373027243815896601306006207314163947000292163,1756393209,2025-08-28 15:00:09,0.5
bitcoin-up-or-down-august-28-8pm-et,DOWN,65291832103314098292958390228316373027243815896601306006207314163947000292163,1756393263,2025-08-28 15:01:03,0.5
bitcoin-up-or-down-august-28-8pm-et,DOWN,65291832103314098292958390228316373027243815896601306006207314163947000292163,1756393324,2025-08-28 15:02:04,0.5
bitcoin-up-or-down-august-28-8pm-et,DOWN,65291832103314098292958390228316373027243815896601306006207314163947000292163,1756393383,2025-08-28 15:03:03,0.5
bitcoin-up-or-down-august-28-8pm-et,DOWN,65291832103314098292958390228316373027243815896601306006207314163947000292163,1756393442,2025-08-28 15:04:02,0.5
bitcoin-up-or-down-august-28-8pm-et,DOWN,65291832103314098292958390228316373027243815896601306006207314163947000292163,1756393503,2025-08-28 15:05:03,0.5
bitcoin-up-or-down-august-28-8pm-et,DOWN,65291832103314098292958390228316373027243815896601306006207314163947000292163,1756393564,2025-08-28 15:06:04,0.5
bitcoin-up-or-down-august-28-8pm-et,DOWN,65291832103314098292958390228316373027243815896601306006207314163947000292163,1756393624,2025-08-28 15:07:04,0.5
bitcoin-up-or-down-august-28-8pm-et,DOWN,65291832103314098292958390228316373027243815896601306006207314163947000292163,1756393684,2025-08-28 15:08:04,0.5
bitcoin-up-or-down-august-28-8pm-et,DOWN,65291832103314098292958390228316373027243815896601306006207314163947000292163,1756393743,2025-08-28 15:09:03,0.5
bitcoin-up-or-down-august-28-8pm-et,DOWN,65291832103314098292958390228316373027243815896601306006207314163947000292163,1756393805,2025-08-28 15:10:05,0.5
bitcoin-up-or-down-august-28-8pm-et,DOWN,65291832103314098292958390228316373027243815896601306006207314163947000292163,1756393862,2025-08-28 15:11:02,0.5
bitcoin-up-or-down-august-28-8pm-et,DOWN,65291832103314098292958390228316373027243815896601306006207314163947000292163,1756393923,2025-08-28 15:12:03,0.5
bitcoin-up-or-down-august-28-8pm-et,DOWN,65291832103314098292958390228316373027243815896601306006207314163947000292163,1756393983,2025-08-28 15:13:03,0.5
bitcoin-up-or-down-august-28-8pm-et,DOWN,65291832103314098292958390228316373027243815896601306006207314163947000292163,1756394043,2025-08-28 15:14:03,0.5
bitcoin-up-or-down-august-28-8pm-et,DOWN,65291832103314098292958390228316373027243815896601306006207314163947000292163,1756394110,2025-08-28 15:15:10,0.5
bitcoin-up-or-down-august-28-8pm-et,DOWN,65291832103314098292958390228316373027243815896601306006207314163947000292163,1756394162,2025-08-28 15:16:02,0.5
bitcoin-up-or-down-august-28-8pm-et,DOWN,65291832103314098292958390228316373027243815896601306006207314163947000292163,1756394223,2025-08-28 15:17:03,0.5
bitcoin-up-or-down-august-28-8pm-et,DOWN,65291832103314098292958390228316373027243815896601306006207314163947000292163,1756394283,2025-08-28 15:18:03,0.5
bitcoin-up-or-down-august-28-8pm-et,DOWN,65291832103314098292958390228316373027243815896601306006207314163947000292163,1756394344,2025-08-28 15:19:04,0.5
bitcoin-up-or-down-august-28-8pm-et,DOWN,65291832103314098292958390228316373027243815896601306006207314163947000292163,1756394403,2025-08-28 15:20:03,0.5
bitcoin-up-or-down-august-28-8pm-et,DOWN,65291832103314098292958390228316373027243815896601306006207314163947000292163,1756394463,2025-08-28 15:21:03,0.5
bitcoin-up-or-down-august-28-8pm-et,DOWN,65291832103314098292958390228316373027243815896601306006207314163947000292163,1756394524,2025-08-28 15:22:04,0.5
bitcoin-up-or-down-august-28-8pm-et,DOWN,65291832103314098292958390228316373027243815896601306006207314163947000292163,1756394583,2025-08-28 15:23:03,0.5
bitcoin-up-or-down-august-28-8pm-et,DOWN,65291832103314098292958390228316373027243815896601306006207314163947000292163,1756394643,2025-08-28 15:24:03,0.5
bitcoin-up-or-down-august-28-8pm-et,DOWN,65291832103314098292958390228316373027243815896601306006207314163947000292163,1756394710,2025-08-28 15:25:10,0.5
bitcoin-up-or-down-august-28-8pm-et,DOWN,65291832103314098292958390228316373027243815896601306006207314163947000292163,1756394763,2025-08-28 15:26:03,0.5
bitcoin-up-or-down-august-28-8pm-et,DOWN,65291832103314098292958390228316373027243815896601306006207314163947000292163,1756394822,2025-08-28 15:27:02,0.5
bitcoin-up-or-down-august-28-8pm-et,DOWN,65291832103314098292958390228316373027243815896601306006207314163947000292163,1756394882,2025-08-28 15:28:02,0.5
bitcoin-up-or-down-august-28-8pm-et,DOWN,65291832103314098292958390228316373027243815896601306006207314163947000292163,1756394944,2025-08-28 15:29:04,0.5
bitcoin-up-or-down-august-28-8pm-et,DOWN,65291832103314098292958390228316373027243815896601306006207314163947000292163,1756395004,2025-08-28 15:30:04,0.5
bitcoin-up-or-down-august-28-8pm-et,DOWN,65291832103314098292958390228316373027243815896601306006207314163947000292163,1756395063,2025-08-28 15:31:03,0.5
bitcoin-up-or-down-august-28-8pm-et,DOWN,65291832103314098292958390228316373027243815896601306006207314163947000292163,1756395124,2025-08-28 15:32:04,0.5
bitcoin-up-or-down-august-28-8pm-et,DOWN,65291832103314098292958390228316373027243815896601306006207314163947000292163,1756395183,2025-08-28 15:33:03,0.5
bitcoin-up-or-down-august-28-8pm-et,DOWN,65291832103314098292958390228316373027243815896601306006207314163947000292163,1756395243,2025-08-28 15:34:03,0.5
bitcoin-up-or-down-august-28-8pm-et,DOWN,65291832103314098292958390228316373027243815896601306006207314163947000292163,1756395302,2025-08-28 15:35:02,0.5
bitcoin-up-or-down-august-28-8pm-et,DOWN,65291832103314098292958390228316373027243815896601306006207314163947000292163,1756395364,2025-08-28 15:36:04,0.5
bitcoin-up-or-down-august-28-8pm-et,DOWN,65291832103314098292958390228316373027243815896601306006207314163947000292163,1756395422,2025-08-28 15:37:02,0.5
bitcoin-up-or-down-august-28-8pm-et,DOWN,65291832103314098292958390228316373027243815896601306006207314163947000292163,1756395484,2025-08-28 15:38:04,0.5
bitcoin-up-or-down-august-28-8pm-et,DOWN,65291832103314098292958390228316373027243815896601306006207314163947000292163,1756395542,2025-08-28 15:39:02,0.5
bitcoin-up-or-down-august-28-8pm-et,DOWN,65291832103314098292958390228316373027243815896601306006207314163947000292163,1756395604,2025-08-28 15:40:04,0.5
bitcoin-up-or-down-august-28-8pm-et,DOWN,65291832103314098292958390228316373027243815896601306006207314163947000292163,1756395663,2025-08-28 15:41:03,0.5
bitcoin-up-or-down-august-28-8pm-et,DOWN,65291832103314098292958390228316373027243815896601306006207314163947000292163,1756395723,2025-08-28 15:42:03,0.5
bitcoin-up-or-down-august-28-8pm-et,DOWN,65291832103314098292958390228316373027243815896601306006207314163947000292163,1756395783,2025-08-28 15:43:03,0.5
bitcoin-up-or-down-august-28-8pm-et,DOWN,65291832103314098292958390228316373027243815896601306006207314163947000292163,1756395842,2025-08-28 15:44:02,0.5
bitcoin-up-or-down-august-28-8pm-et,DOWN,65291832103314098292958390228316373027243815896601306006207314163947000292163,1756395916,2025-08-28 15:45:16,0.5
bitcoin-up-or-down-august-28-8pm-et,DOWN,65291832103314098292958390228316373027243815896601306006207314163947000292163,1756395963,2025-08-28 15:46:03,0.5
bitcoin-up-or-down-august-28-8pm-et,DOWN,65291832103314098292958390228316373027243815896601306006207314163947000292163,1756396023,2025-08-28 15:47:03,0.5
bitcoin-up-or-down-august-28-8pm-et,DOWN,65291832103314098292958390228316373027243815896601306006207314163947000292163,1756396082,2025-08-28 15:48:02,0.5
bitcoin-up-or-down-august-28-8pm-et,DOWN,65291832103314098292958390228316373027243815896601306006207314163947000292163,1756396143,2025-08-28 15:49:03,0.5
bitcoin-up-or-down-august-28-8pm-et,DOWN,65291832103314098292958390228316373027243815896601306006207314163947000292163,1756396206,2025-08-28 15:50:06,0.5
bitcoin-up-or-down-august-28-8pm-et,DOWN,65291832103314098292958390228316373027243815896601306006207314163947000292163,1756396263,2025-08-28 15:51:03,0.5
bitcoin-up-or-down-august-28-8pm-et,DOWN,65291832103314098292958390228316373027243815896601306006207314163947000292163,1756396324,2025-08-28 15:52:04,0.5
bitcoin-up-or-down-august-28-8pm-et,DOWN,65291832103314098292958390228316373027243815896601306006207314163947000292163,1756396382,2025-08-28 15:53:02,0.5
bitcoin-up-or-down-august-28-8pm-et,DOWN,65291832103314098292958390228316373027243815896601306006207314163947000292163,1756396442,2025-08-28 15:54:02,0.5
bitcoin-up-or-down-august-28-8pm-et,DOWN,65291832103314098292958390228316373027243815896601306006207314163947000292163,1756396502,2025-08-28 15:55:02,0.5
bitcoin-up-or-down-august-28-8pm-et,DOWN,65291832103314098292958390228316373027243815896601306006207314163947000292163,1756396562,2025-08-28 15:56:02,0.5
bitcoin-up-or-down-august-28-8pm-et,DOWN,65291832103314098292958390228316373027243815896601306006207314163947000292163,1756396622,2025-08-28 15:57:02,0.5
bitcoin-up-or-down-august-28-8pm-et,DOWN,65291832103314098292958390228316373027243815896601306006207314163947000292163,1756396682,2025-08-28 15:58:02,0.5
bitcoin-up-or-down-august-28-8pm-et,DOWN,65291832103314098292958390228316373027243815896601306006207314163947000292163,1756396743,2025-08-28 15:59:03,0.5
bitcoin-up-or-down-august-28-8pm-et,DOWN,65291832103314098292958390228316373027243815896601306006207314163947000292163,1756396811,2025-08-28 16:00:11,0.5
bitcoin-up-or-down-august-28-8pm-et,DOWN,65291832103314098292958390228316373027243815896601306006207314163947000292163,1756396863,2025-08-28 16:01:03,0.5
bitcoin-up-or-down-august-28-8pm-et,DOWN,65291832103314098292958390228316373027243815896601306006207314163947000292163,1756396922,2025-08-28 16:02:02,0.5
bitcoin-up-or-down-august-28-8pm-et,DOWN,65291832103314098292958390228316373027243815896601306006207314163947000292163,1756396984,2025-08-28 16:03:04,0.5
bitcoin-up-or-down-august-28-8pm-et,DOWN,65291832103314098292958390228316373027243815896601306006207314163947000292163,1756397043,2025-08-28 16:04:03,0.5
bitcoin-up-or-down-august-28-8pm-et,DOWN,65291832103314098292958390228316373027243815896601306006207314163947000292163,1756397105,2025-08-28 16:05:05,0.5
bitcoin-up-or-down-august-28-8pm-et,DOWN,65291832103314098292958390228316373027243815896601306006207314163947000292163,1756397163,2025-08-28 16:06:03,0.5
bitcoin-up-or-down-august-28-8pm-et,DOWN,65291832103314098292958390228316373027243815896601306006207314163947000292163,1756397224,2025-08-28 16:07:04,0.5
bitcoin-up-or-down-august-28-8pm-et,DOWN,65291832103314098292958390228316373027243815896601306006207314163947000292163,1756397283,2025-08-28 16:08:03,0.5
bitcoin-up-or-down-august-28-8pm-et,DOWN,65291832103314098292958390228316373027243815896601306006207314163947000292163,1756397343,2025-08-28 16:09:03,0.5
bitcoin-up-or-down-august-28-8pm-et,DOWN,65291832103314098292958390228316373027243815896601306006207314163947000292163,1756397403,2025-08-28 16:10:03,0.5
bitcoin-up-or-down-august-28-8pm-et,DOWN,65291832103314098292958390228316373027243815896601306006207314163947000292163,1756397462,2025-08-28 16:11:02,0.5
bitcoin-up-or-down-august-28-8pm-et,DOWN,65291832103314098292958390228316373027243815896601306006207314163947000292163,1756397522,2025-08-28 16:12:02,0.5
bitcoin-up-or-down-august-28-8pm-et,DOWN,65291832103314098292958390228316373027243815896601306006207314163947000292163,1756397582,2025-08-28 16:13:02,0.5
bitcoin-up-or-down-august-28-8pm-et,DOWN,65291832103314098292958390228316373027243815896601306006207314163947000292163,1756397642,2025-08-28 16:14:02,0.5
bitcoin-up-or-down-august-28-8pm-et,DOWN,65291832103314098292958390228316373027243815896601306006207314163947000292163,1756397708,2025-08-28 16:15:08,0.5
bitcoin-up-or-down-august-28-8pm-et,DOWN,65291832103314098292958390228316373027243815896601306006207314163947000292163,1756397762,2025-08-28 16:16:02,0.5
bitcoin-up-or-down-august-28-8pm-et,DOWN,65291832103314098292958390228316373027243815896601306006207314163947000292163,1756397822,2025-08-28 16:17:02,0.5
bitcoin-up-or-down-august-28-8pm-et,DOWN,65291832103314098292958390228316373027243815896601306006207314163947000292163,1756397883,2025-08-28 16:18:03,0.5
bitcoin-up-or-down-august-28-8pm-et,DOWN,65291832103314098292958390228316373027243815896601306006207314163947000292163,1756397944,2025-08-28 16:19:04,0.5
bitcoin-up-or-down-august-28-8pm-et,DOWN,65291832103314098292958390228316373027243815896601306006207314163947000292163,1756398012,2025-08-28 16:20:12,0.5
bitcoin-up-or-down-august-28-8pm-et,DOWN,65291832103314098292958390228316373027243815896601306006207314163947000292163,1756398063,2025-08-28 16:21:03,0.5
bitcoin-up-or-down-august-28-8pm-et,DOWN,65291832103314098292958390228316373027243815896601306006207314163947000292163,1756398124,2025-08-28 16:22:04,0.5
bitcoin-up-or-down-august-28-8pm-et,DOWN,65291832103314098292958390228316373027243815896601306006207314163947000292163,1756398182,2025-08-28 16:23:02,0.5
bitcoin-up-or-down-august-28-8pm-et,DOWN,65291832103314098292958390228316373027243815896601306006207314163947000292163,1756398243,2025-08-28 16:24:03,0.5
bitcoin-up-or-down-august-28-8pm-et,DOWN,65291832103314098292958390228316373027243815896601306006207314163947000292163,1756398311,2025-08-28 16:25:11,0.5
bitcoin-up-or-down-august-28-8pm-et,DOWN,65291832103314098292958390228316373027243815896601306006207314163947000292163,1756398363,2025-08-28 16:26:03,0.5
bitcoin-up-or-down-august-28-8pm-et,DOWN,65291832103314098292958390228316373027243815896601306006207314163947000292163,1756398423,2025-08-28 16:27:03,0.5
bitcoin-up-or-down-august-28-8pm-et,DOWN,65291832103314098292958390228316373027243815896601306006207314163947000292163,1756398484,2025-08-28 16:28:04,0.5
bitcoin-up-or-down-august-28-8pm-et,DOWN,65291832103314098292958390228316373027243815896601306006207314163947000292163,1756398543,2025-08-28 16:29:03,0.5
bitcoin-up-or-down-august-28-8pm-et,DOWN,65291832103314098292958390228316373027243815896601306006207314163947000292163,1756398619,2025-08-28 16:30:19,0.5
bitcoin-up-or-down-august-28-8pm-et,DOWN,65291832103314098292958390228316373027243815896601306006207314163947000292163,1756398663,2025-08-28 16:31:03,0.5
bitcoin-up-or-down-august-28-8pm-et,DOWN,65291832103314098292958390228316373027243815896601306006207314163947000292163,1756398724,2025-08-28 16:32:04,0.5
bitcoin-up-or-down-august-28-8pm-et,DOWN,65291832103314098292958390228316373027243815896601306006207314163947000292163,1756398783,2025-08-28 16:33:03,0.5
bitcoin-up-or-down-august-28-8pm-et,DOWN,65291832103314098292958390228316373027243815896601306006207314163947000292163,1756398843,2025-08-28 16:34:03,0.5
bitcoin-up-or-down-august-28-8pm-et,DOWN,65291832103314098292958390228316373027243815896601306006207314163947000292163,1756398918,2025-08-28 16:35:18,0.5
bitcoin-up-or-down-august-28-8pm-et,DOWN,65291832103314098292958390228316373027243815896601306006207314163947000292163,1756398962,2025-08-28 16:36:02,0.5
bitcoin-up-or-down-august-28-8pm-et,DOWN,65291832103314098292958390228316373027243815896601306006207314163947000292163,1756399022,2025-08-28 16:37:02,0.5
bitcoin-up-or-down-august-28-8pm-et,DOWN,65291832103314098292958390228316373027243815896601306006207314163947000292163,1756399083,2025-08-28 16:38:03,0.5
bitcoin-up-or-down-august-28-8pm-et,DOWN,65291832103314098292958390228316373027243815896601306006207314163947000292163,1756399143,2025-08-28 16:39:03,0.5
bitcoin-up-or-down-august-28-8pm-et,DOWN,65291832103314098292958390228316373027243815896601306006207314163947000292163,1756399204,2025-08-28 16:40:04,0.5
bitcoin-up-or-down-august-28-8pm-et,DOWN,65291832103314098292958390228316373027243815896601306006207314163947000292163,1756399264,2025-08-28 16:41:04,0.5
bitcoin-up-or-down-august-28-8pm-et,DOWN,65291832103314098292958390228316373027243815896601306006207314163947000292163,1756399325,2025-08-28 16:42:05,0.5
bitcoin-up-or-down-august-28-8pm-et,DOWN,65291832103314098292958390228316373027243815896601306006207314163947000292163,1756399382,2025-08-28 16:43:02,0.5
bitcoin-up-or-down-august-28-8pm-et,DOWN,65291832103314098292958390228316373027243815896601306006207314163947000292163,1756399442,2025-08-28 16:44:02,0.5
bitcoin-up-or-down-august-28-8pm-et,DOWN,65291832103314098292958390228316373027243815896601306006207314163947000292163,1756399513,2025-08-28 16:45:13,0.5
bitcoin-up-or-down-august-28-8pm-et,DOWN,65291832103314098292958390228316373027243815896601306006207314163947000292163,1756399563,2025-08-28 16:46:03,0.5
bitcoin-up-or-down-august-28-8pm-et,DOWN,65291832103314098292958390228316373027243815896601306006207314163947000292163,1756399622,2025-08-28 16:47:02,0.5
bitcoin-up-or-down-august-28-8pm-et,DOWN,65291832103314098292958390228316373027243815896601306006207314163947000292163,1756399683,2025-08-28 16:48:03,0.5
bitcoin-up-or-down-august-28-8pm-et,DOWN,65291832103314098292958390228316373027243815896601306006207314163947000292163,1756399743,2025-08-28 16:49:03,0.5
bitcoin-up-or-down-august-28-8pm-et,DOWN,65291832103314098292958390228316373027243815896601306006207314163947000292163,1756399802,2025-08-28 16:50:02,0.5
bitcoin-up-or-down-august-28-8pm-et,DOWN,65291832103314098292958390228316373027243815896601306006207314163947000292163,1756399863,2025-08-28 16:51:03,0.5
bitcoin-up-or-down-august-28-8pm-et,DOWN,65291832103314098292958390228316373027243815896601306006207314163947000292163,1756399924,2025-08-28 16:52:04,0.5
bitcoin-up-or-down-august-28-8pm-et,DOWN,65291832103314098292958390228316373027243815896601306006207314163947000292163,1756399982,2025-08-28 16:53:02,0.5
bitcoin-up-or-down-august-28-8pm-et,DOWN,65291832103314098292958390228316373027243815896601306006207314163947000292163,1756400043,2025-08-28 16:54:03,0.5
bitcoin-up-or-down-august-28-8pm-et,DOWN,65291832103314098292958390228316373027243815896601306006207314163947000292163,1756400103,2025-08-28 16:55:03,0.5
bitcoin-up-or-down-august-28-8pm-et,DOWN,65291832103314098292958390228316373027243815896601306006207314163947000292163,1756400162,2025-08-28 16:56:02,0.5
bitcoin-up-or-down-august-28-8pm-et,DOWN,65291832103314098292958390228316373027243815896601306006207314163947000292163,1756400222,2025-08-28 16:57:02,0.5
bitcoin-up-or-down-august-28-8pm-et,DOWN,65291832103314098292958390228316373027243815896601306006207314163947000292163,1756400282,2025-08-28 16:58:02,0.5
bitcoin-up-or-down-august-28-8pm-et,DOWN,65291832103314098292958390228316373027243815896601306006207314163947000292163,1756400343,2025-08-28 16:59:03,0.5
bitcoin-up-or-down-august-28-8pm-et,DOWN,65291832103314098292958390228316373027243815896601306006207314163947000292163,1756400408,2025-08-28 17:00:08,0.5
bitcoin-up-or-down-august-28-8pm-et,DOWN,65291832103314098292958390228316373027243815896601306006207314163947000292163,1756400462,2025-08-28 17:01:02,0.5
bitcoin-up-or-down-august-28-8pm-et,DOWN,65291832103314098292958390228316373027243815896601306006207314163947000292163,1756400522,2025-08-28 17:02:02,0.5
bitcoin-up-or-down-august-28-8pm-et,DOWN,65291832103314098292958390228316373027243815896601306006207314163947000292163,1756400584,2025-08-28 17:03:04,0.5
bitcoin-up-or-down-august-28-8pm-et,DOWN,65291832103314098292958390228316373027243815896601306006207314163947000292163,1756400644,2025-08-28 17:04:04,0.5
bitcoin-up-or-down-august-28-8pm-et,DOWN,65291832103314098292958390228316373027243815896601306006207314163947000292163,1756400702,2025-08-28 17:05:02,0.5
bitcoin-up-or-down-august-28-8pm-et,DOWN,65291832103314098292958390228316373027243815896601306006207314163947000292163,1756400764,2025-08-28 17:06:04,0.5
bitcoin-up-or-down-august-28-8pm-et,DOWN,65291832103314098292958390228316373027243815896601306006207314163947000292163,1756400823,2025-08-28 17:07:03,0.5
bitcoin-up-or-down-august-28-8pm-et,DOWN,65291832103314098292958390228316373027243815896601306006207314163947000292163,1756400882,2025-08-28 17:08:02,0.5
bitcoin-up-or-down-august-28-8pm-et,DOWN,65291832103314098292958390228316373027243815896601306006207314163947000292163,1756400943,2025-08-28 17:09:03,0.5
bitcoin-up-or-down-august-28-8pm-et,DOWN,65291832103314098292958390228316373027243815896601306006207314163947000292163,1756401008,2025-08-28 17:10:08,0.5
bitcoin-up-or-down-august-28-8pm-et,DOWN,65291832103314098292958390228316373027243815896601306006207314163947000292163,1756401062,2025-08-28 17:11:02,0.5
bitcoin-up-or-down-august-28-8pm-et,DOWN,65291832103314098292958390228316373027243815896601306006207314163947000292163,1756401123,2025-08-28 17:12:03,0.5
bitcoin-up-or-down-august-28-8pm-et,DOWN,65291832103314098292958390228316373027243815896601306006207314163947000292163,1756401184,2025-08-28 17:13:04,0.5
bitcoin-up-or-down-august-28-8pm-et,DOWN,65291832103314098292958390228316373027243815896601306006207314163947000292163,1756401243,2025-08-28 17:14:03,0.5
bitcoin-up-or-down-august-28-8pm-et,DOWN,65291832103314098292958390228316373027243815896601306006207314163947000292163,1756401310,2025-08-28 17:15:10,0.5
bitcoin-up-or-down-august-28-8pm-et,DOWN,65291832103314098292958390228316373027243815896601306006207314163947000292163,1756401362,2025-08-28 17:16:02,0.5
bitcoin-up-or-down-august-28-8pm-et,DOWN,65291832103314098292958390228316373027243815896601306006207314163947000292163,1756401424,2025-08-28 17:17:04,0.5
bitcoin-up-or-down-august-28-8pm-et,DOWN,65291832103314098292958390228316373027243815896601306006207314163947000292163,1756401483,2025-08-28 17:18:03,0.5
bitcoin-up-or-down-august-28-8pm-et,DOWN,65291832103314098292958390228316373027243815896601306006207314163947000292163,1756401542,2025-08-28 17:19:02,0.5
bitcoin-up-or-down-august-28-8pm-et,DOWN,65291832103314098292958390228316373027243815896601306006207314163947000292163,1756401602,2025-08-28 17:20:02,0.5
bitcoin-up-or-down-august-28-8pm-et,DOWN,65291832103314098292958390228316373027243815896601306006207314163947000292163,1756401663,2025-08-28 17:21:03,0.5
bitcoin-up-or-down-august-28-8pm-et,DOWN,65291832103314098292958390228316373027243815896601306006207314163947000292163,1756401722,2025-08-28 17:22:02,0.5
bitcoin-up-or-down-august-28-8pm-et,DOWN,65291832103314098292958390228316373027243815896601306006207314163947000292163,1756401784,2025-08-28 17:23:04,0.5
bitcoin-up-or-down-august-28-8pm-et,DOWN,65291832103314098292958390228316373027243815896601306006207314163947000292163,1756401843,2025-08-28 17:24:03,0.5
bitcoin-up-or-down-august-28-8pm-et,DOWN,65291832103314098292958390228316373027243815896601306006207314163947000292163,1756401906,2025-08-28 17:25:06,0.5
bitcoin-up-or-down-august-28-8pm-et,DOWN,65291832103314098292958390228316373027243815896601306006207314163947000292163,1756401964,2025-08-28 17:26:04,0.5
bitcoin-up-or-down-august-28-8pm-et,DOWN,65291832103314098292958390228316373027243815896601306006207314163947000292163,1756402023,2025-08-28 17:27:03,0.5
bitcoin-up-or-down-august-28-8pm-et,DOWN,65291832103314098292958390228316373027243815896601306006207314163947000292163,1756402083,2025-08-28 17:28:03,0.5
bitcoin-up-or-down-august-28-8pm-et,DOWN,65291832103314098292958390228316373027243815896601306006207314163947000292163,1756402143,2025-08-28 17:29:03,0.5
bitcoin-up-or-down-august-28-8pm-et,DOWN,65291832103314098292958390228316373027243815896601306006207314163947000292163,1756402204,2025-08-28 17:30:04,0.5
bitcoin-up-or-down-august-28-8pm-et,DOWN,65291832103314098292958390228316373027243815896601306006207314163947000292163,1756402263,2025-08-28 17:31:03,0.5
bitcoin-up-or-down-august-28-8pm-et,DOWN,65291832103314098292958390228316373027243815896601306006207314163947000292163,1756402322,2025-08-28 17:32:02,0.5
bitcoin-up-or-down-august-28-8pm-et,DOWN,65291832103314098292958390228316373027243815896601306006207314163947000292163,1756402382,2025-08-28 17:33:02,0.5
bitcoin-up-or-down-august-28-8pm-et,DOWN,65291832103314098292958390228316373027243815896601306006207314163947000292163,1756402444,2025-08-28 17:34:04,0.5
bitcoin-up-or-down-august-28-8pm-et,DOWN,65291832103314098292958390228316373027243815896601306006207314163947000292163,1756402514,2025-08-28 17:35:14,0.5
bitcoin-up-or-down-august-28-8pm-et,DOWN,65291832103314098292958390228316373027243815896601306006207314163947000292163,1756402564,2025-08-28 17:36:04,0.5
bitcoin-up-or-down-august-28-8pm-et,DOWN,65291832103314098292958390228316373027243815896601306006207314163947000292163,1756402622,2025-08-28 17:37:02,0.5
bitcoin-up-or-down-august-28-8pm-et,DOWN,65291832103314098292958390228316373027243815896601306006207314163947000292163,1756402684,2025-08-28 17:38:04,0.5
bitcoin-up-or-down-august-28-8pm-et,DOWN,65291832103314098292958390228316373027243815896601306006207314163947000292163,1756402744,2025-08-28 17:39:04,0.5
bitcoin-up-or-down-august-28-8pm-et,DOWN,65291832103314098292958390228316373027243815896601306006207314163947000292163,1756402806,2025-08-28 17:40:06,0.5
bitcoin-up-or-down-august-28-8pm-et,DOWN,65291832103314098292958390228316373027243815896601306006207314163947000292163,1756402865,2025-08-28 17:41:05,0.5
bitcoin-up-or-down-august-28-8pm-et,DOWN,65291832103314098292958390228316373027243815896601306006207314163947000292163,1756402924,2025-08-28 17:42:04,0.5
bitcoin-up-or-down-august-28-8pm-et,DOWN,65291832103314098292958390228316373027243815896601306006207314163947000292163,1756402982,2025-08-28 17:43:02,0.5
bitcoin-up-or-down-august-28-8pm-et,DOWN,65291832103314098292958390228316373027243815896601306006207314163947000292163,1756403042,2025-08-28 17:44:02,0.5
bitcoin-up-or-down-august-28-8pm-et,DOWN,65291832103314098292958390228316373027243815896601306006207314163947000292163,1756403103,2025-08-28 17:45:03,0.5
bitcoin-up-or-down-august-28-8pm-et,DOWN,65291832103314098292958390228316373027243815896601306006207314163947000292163,1756403162,2025-08-28 17:46:02,0.5
bitcoin-up-or-down-august-28-8pm-et,DOWN,65291832103314098292958390228316373027243815896601306006207314163947000292163,1756403222,2025-08-28 17:47:02,0.5
bitcoin-up-or-down-august-28-8pm-et,DOWN,65291832103314098292958390228316373027243815896601306006207314163947000292163,1756403283,2025-08-28 17:48:03,0.5
bitcoin-up-or-down-august-28-8pm-et,DOWN,65291832103314098292958390228316373027243815896601306006207314163947000292163,1756403343,2025-08-28 17:49:03,0.5
bitcoin-up-or-down-august-28-8pm-et,DOWN,65291832103314098292958390228316373027243815896601306006207314163947000292163,1756403408,2025-08-28 17:50:08,0.5
bitcoin-up-or-down-august-28-8pm-et,DOWN,65291832103314098292958390228316373027243815896601306006207314163947000292163,1756403462,2025-08-28 17:51:02,0.5
bitcoin-up-or-down-august-28-8pm-et,DOWN,65291832103314098292958390228316373027243815896601306006207314163947000292163,1756403524,2025-08-28 17:52:04,0.5
bitcoin-up-or-down-august-28-8pm-et,DOWN,65291832103314098292958390228316373027243815896601306006207314163947000292163,1756403584,2025-08-28 17:53:04,0.5
bitcoin-up-or-down-august-28-8pm-et,DOWN,65291832103314098292958390228316373027243815896601306006207314163947000292163,1756403642,2025-08-28 17:54:02,0.5
bitcoin-up-or-down-august-28-8pm-et,DOWN,65291832103314098292958390228316373027243815896601306006207314163947000292163,1756403704,2025-08-28 17:55:04,0.5
bitcoin-up-or-down-august-28-8pm-et,DOWN,65291832103314098292958390228316373027243815896601306006207314163947000292163,1756403762,2025-08-28 17:56:02,0.5
bitcoin-up-or-down-august-28-8pm-et,DOWN,65291832103314098292958390228316373027243815896601306006207314163947000292163,1756403822,2025-08-28 17:57:02,0.5
bitcoin-up-or-down-august-28-8pm-et,DOWN,65291832103314098292958390228316373027243815896601306006207314163947000292163,1756403883,2025-08-28 17:58:03,0.5
bitcoin-up-or-down-august-28-8pm-et,DOWN,65291832103314098292958390228316373027243815896601306006207314163947000292163,1756403943,2025-08-28 17:59:03,0.5
bitcoin-up-or-down-august-28-8pm-et,DOWN,65291832103314098292958390228316373027243815896601306006207314163947000292163,1756404006,2025-08-28 18:00:06,0.5
bitcoin-up-or-down-august-28-8pm-et,DOWN,65291832103314098292958390228316373027243815896601306006207314163947000292163,1756404063,2025-08-28 18:01:03,0.5
bitcoin-up-or-down-august-28-8pm-et,DOWN,65291832103314098292958390228316373027243815896601306006207314163947000292163,1756404122,2025-08-28 18:02:02,0.5
bitcoin-up-or-down-august-28-8pm-et,DOWN,65291832103314098292958390228316373027243815896601306006207314163947000292163,1756404183,2025-08-28 18:03:03,0.5
bitcoin-up-or-down-august-28-8pm-et,DOWN,65291832103314098292958390228316373027243815896601306006207314163947000292163,1756404242,2025-08-28 18:04:02,0.5
bitcoin-up-or-down-august-28-8pm-et,DOWN,65291832103314098292958390228316373027243815896601306006207314163947000292163,1756404302,2025-08-28 18:05:02,0.5
bitcoin-up-or-down-august-28-8pm-et,DOWN,65291832103314098292958390228316373027243815896601306006207314163947000292163,1756404363,2025-08-28 18:06:03,0.5
bitcoin-up-or-down-august-28-8pm-et,DOWN,65291832103314098292958390228316373027243815896601306006207314163947000292163,1756404424,2025-08-28 18:07:04,0.5
bitcoin-up-or-down-august-28-8pm-et,DOWN,65291832103314098292958390228316373027243815896601306006207314163947000292163,1756404482,2025-08-28 18:08:02,0.5
bitcoin-up-or-down-august-28-8pm-et,DOWN,65291832103314098292958390228316373027243815896601306006207314163947000292163,1756404543,2025-08-28 18:09:03,0.5
bitcoin-up-or-down-august-28-8pm-et,DOWN,65291832103314098292958390228316373027243815896601306006207314163947000292163,1756404603,2025-08-28 18:10:03,0.5
bitcoin-up-or-down-august-28-8pm-et,DOWN,65291832103314098292958390228316373027243815896601306006207314163947000292163,1756404664,2025-08-28 18:11:04,0.5
bitcoin-up-or-down-august-28-8pm-et,DOWN,65291832103314098292958390228316373027243815896601306006207314163947000292163,1756404722,2025-08-28 18:12:02,0.5
bitcoin-up-or-down-august-28-8pm-et,DOWN,65291832103314098292958390228316373027243815896601306006207314163947000292163,1756404783,2025-08-28 18:13:03,0.5
bitcoin-up-or-down-august-28-8pm-et,DOWN,65291832103314098292958390228316373027243815896601306006207314163947000292163,1756404844,2025-08-28 18:14:04,0.5
bitcoin-up-or-down-august-28-8pm-et,DOWN,65291832103314098292958390228316373027243815896601306006207314163947000292163,1756404906,2025-08-28 18:15:06,0.5
bitcoin-up-or-down-august-28-8pm-et,DOWN,65291832103314098292958390228316373027243815896601306006207314163947000292163,1756404962,2025-08-28 18:16:02,0.5
bitcoin-up-or-down-august-28-8pm-et,DOWN,65291832103314098292958390228316373027243815896601306006207314163947000292163,1756405024,2025-08-28 18:17:04,0.5
bitcoin-up-or-down-august-28-8pm-et,DOWN,65291832103314098292958390228316373027243815896601306006207314163947000292163,1756405083,2025-08-28 18:18:03,0.5
bitcoin-up-or-down-august-28-8pm-et,DOWN,65291832103314098292958390228316373027243815896601306006207314163947000292163,1756405143,2025-08-28 18:19:03,0.5
bitcoin-up-or-down-august-28-8pm-et,DOWN,65291832103314098292958390228316373027243815896601306006207314163947000292163,1756405202,2025-08-28 18:20:02,0.5
bitcoin-up-or-down-august-28-8pm-et,DOWN,65291832103314098292958390228316373027243815896601306006207314163947000292163,1756405262,2025-08-28 18:21:02,0.5
bitcoin-up-or-down-august-28-8pm-et,DOWN,65291832103314098292958390228316373027243815896601306006207314163947000292163,1756405324,2025-08-28 18:22:04,0.5
bitcoin-up-or-down-august-28-8pm-et,DOWN,65291832103314098292958390228316373027243815896601306006207314163947000292163,1756405383,2025-08-28 18:23:03,0.5
bitcoin-up-or-down-august-28-8pm-et,DOWN,65291832103314098292958390228316373027243815896601306006207314163947000292163,1756405443,2025-08-28 18:24:03,0.5
bitcoin-up-or-down-august-28-8pm-et,DOWN,65291832103314098292958390228316373027243815896601306006207314163947000292163,1756405518,2025-08-28 18:25:18,0.5
bitcoin-up-or-down-august-28-8pm-et,DOWN,65291832103314098292958390228316373027243815896601306006207314163947000292163,1756405562,2025-08-28 18:26:02,0.5
bitcoin-up-or-down-august-28-8pm-et,DOWN,65291832103314098292958390228316373027243815896601306006207314163947000292163,1756405624,2025-08-28 18:27:04,0.5
bitcoin-up-or-down-august-28-8pm-et,DOWN,65291832103314098292958390228316373027243815896601306006207314163947000292163,1756405684,2025-08-28 18:28:04,0.5
bitcoin-up-or-down-august-28-8pm-et,DOWN,65291832103314098292958390228316373027243815896601306006207314163947000292163,1756405742,2025-08-28 18:29:02,0.5
bitcoin-up-or-down-august-28-8pm-et,DOWN,65291832103314098292958390228316373027243815896601306006207314163947000292163,1756405807,2025-08-28 18:30:07,0.5
bitcoin-up-or-down-august-28-8pm-et,DOWN,65291832103314098292958390228316373027243815896601306006207314163947000292163,1756405863,2025-08-28 18:31:03,0.5
bitcoin-up-or-down-august-28-8pm-et,DOWN,65291832103314098292958390228316373027243815896601306006207314163947000292163,1756405924,2025-08-28 18:32:04,0.5
bitcoin-up-or-down-august-28-8pm-et,DOWN,65291832103314098292958390228316373027243815896601306006207314163947000292163,1756405983,2025-08-28 18:33:03,0.5
bitcoin-up-or-down-august-28-8pm-et,DOWN,65291832103314098292958390228316373027243815896601306006207314163947000292163,1756406043,2025-08-28 18:34:03,0.5
bitcoin-up-or-down-august-28-8pm-et,DOWN,65291832103314098292958390228316373027243815896601306006207314163947000292163,1756406114,2025-08-28 18:35:14,0.5
bitcoin-up-or-down-august-28-8pm-et,DOWN,65291832103314098292958390228316373027243815896601306006207314163947000292163,1756406162,2025-08-28 18:36:02,0.5
bitcoin-up-or-down-august-28-8pm-et,DOWN,65291832103314098292958390228316373027243815896601306006207314163947000292163,1756406222,2025-08-28 18:37:02,0.5
bitcoin-up-or-down-august-28-8pm-et,DOWN,65291832103314098292958390228316373027243815896601306006207314163947000292163,1756406283,2025-08-28 18:38:03,0.5
bitcoin-up-or-down-august-28-8pm-et,DOWN,65291832103314098292958390228316373027243815896601306006207314163947000292163,1756406344,2025-08-28 18:39:04,0.5
bitcoin-up-or-down-august-28-8pm-et,DOWN,65291832103314098292958390228316373027243815896601306006207314163947000292163,1756406404,2025-08-28 18:40:04,0.5
bitcoin-up-or-down-august-28-8pm-et,DOWN,65291832103314098292958390228316373027243815896601306006207314163947000292163,1756406463,2025-08-28 18:41:03,0.5
bitcoin-up-or-down-august-28-8pm-et,DOWN,65291832103314098292958390228316373027243815896601306006207314163947000292163,1756406523,2025-08-28 18:42:03,0.5
bitcoin-up-or-down-august-28-8pm-et,DOWN,65291832103314098292958390228316373027243815896601306006207314163947000292163,1756406583,2025-08-28 18:43:03,0.5
bitcoin-up-or-down-august-28-8pm-et,DOWN,65291832103314098292958390228316373027243815896601306006207314163947000292163,1756406642,2025-08-28 18:44:02,0.5
bitcoin-up-or-down-august-28-8pm-et,DOWN,65291832103314098292958390228316373027243815896601306006207314163947000292163,1756406710,2025-08-28 18:45:10,0.5
bitcoin-up-or-down-august-28-8pm-et,DOWN,65291832103314098292958390228316373027243815896601306006207314163947000292163,1756406764,2025-08-28 18:46:04,0.5
bitcoin-up-or-down-august-28-8pm-et,DOWN,65291832103314098292958390228316373027243815896601306006207314163947000292163,1756406823,2025-08-28 18:47:03,0.5
bitcoin-up-or-down-august-28-8pm-et,DOWN,65291832103314098292958390228316373027243815896601306006207314163947000292163,1756406882,2025-08-28 18:48:02,0.5
bitcoin-up-or-down-august-28-8pm-et,DOWN,65291832103314098292958390228316373027243815896601306006207314163947000292163,1756406943,2025-08-28 18:49:03,0.5
bitcoin-up-or-down-august-28-8pm-et,DOWN,65291832103314098292958390228316373027243815896601306006207314163947000292163,1756407004,2025-08-28 18:50:04,0.5
bitcoin-up-or-down-august-28-8pm-et,DOWN,65291832103314098292958390228316373027243815896601306006207314163947000292163,1756407064,2025-08-28 18:51:04,0.5
bitcoin-up-or-down-august-28-8pm-et,DOWN,65291832103314098292958390228316373027243815896601306006207314163947000292163,1756407123,2025-08-28 18:52:03,0.5
bitcoin-up-or-down-august-28-8pm-et,DOWN,65291832103314098292958390228316373027243815896601306006207314163947000292163,1756407183,2025-08-28 18:53:03,0.5
bitcoin-up-or-down-august-28-8pm-et,DOWN,65291832103314098292958390228316373027243815896601306006207314163947000292163,1756407242,2025-08-28 18:54:02,0.5
bitcoin-up-or-down-august-28-8pm-et,DOWN,65291832103314098292958390228316373027243815896601306006207314163947000292163,1756407315,2025-08-28 18:55:15,0.5
bitcoin-up-or-down-august-28-8pm-et,DOWN,65291832103314098292958390228316373027243815896601306006207314163947000292163,1756407362,2025-08-28 18:56:02,0.5
bitcoin-up-or-down-august-28-8pm-et,DOWN,65291832103314098292958390228316373027243815896601306006207314163947000292163,1756407422,2025-08-28 18:57:02,0.5
bitcoin-up-or-down-august-28-8pm-et,DOWN,65291832103314098292958390228316373027243815896601306006207314163947000292163,1756407483,2025-08-28 18:58:03,0.5
bitcoin-up-or-down-august-28-8pm-et,DOWN,65291832103314098292958390228316373027243815896601306006207314163947000292163,1756407543,2025-08-28 18:59:03,0.5
bitcoin-up-or-down-august-28-8pm-et,DOWN,65291832103314098292958390228316373027243815896601306006207314163947000292163,1756407619,2025-08-28 19:00:19,0.5
bitcoin-up-or-down-august-28-8pm-et,DOWN,65291832103314098292958390228316373027243815896601306006207314163947000292163,1756407663,2025-08-28 19:01:03,0.5
bitcoin-up-or-down-august-28-8pm-et,DOWN,65291832103314098292958390228316373027243815896601306006207314163947000292163,1756407722,2025-08-28 19:02:02,0.5
bitcoin-up-or-down-august-28-8pm-et,DOWN,65291832103314098292958390228316373027243815896601306006207314163947000292163,1756407784,2025-08-28 19:03:04,0.5
bitcoin-up-or-down-august-28-8pm-et,DOWN,65291832103314098292958390228316373027243815896601306006207314163947000292163,1756407843,2025-08-28 19:04:03,0.5
bitcoin-up-or-down-august-28-8pm-et,DOWN,65291832103314098292958390228316373027243815896601306006207314163947000292163,1756407907,2025-08-28 19:05:07,0.5
bitcoin-up-or-down-august-28-8pm-et,DOWN,65291832103314098292958390228316373027243815896601306006207314163947000292163,1756407963,2025-08-28 19:06:03,0.5
bitcoin-up-or-down-august-28-8pm-et,DOWN,65291832103314098292958390228316373027243815896601306006207314163947000292163,1756408023,2025-08-28 19:07:03,0.5
bitcoin-up-or-down-august-28-8pm-et,DOWN,65291832103314098292958390228316373027243815896601306006207314163947000292163,1756408082,2025-08-28 19:08:02,0.5
bitcoin-up-or-down-august-28-8pm-et,DOWN,65291832103314098292958390228316373027243815896601306006207314163947000292163,1756408144,2025-08-28 19:09:04,0.5
bitcoin-up-or-down-august-28-8pm-et,DOWN,65291832103314098292958390228316373027243815896601306006207314163947000292163,1756408213,2025-08-28 19:10:13,0.5
bitcoin-up-or-down-august-28-8pm-et,DOWN,65291832103314098292958390228316373027243815896601306006207314163947000292163,1756408263,2025-08-28 19:11:03,0.5
bitcoin-up-or-down-august-28-8pm-et,DOWN,65291832103314098292958390228316373027243815896601306006207314163947000292163,1756408324,2025-08-28 19:12:04,0.5
bitcoin-up-or-down-august-28-8pm-et,DOWN,65291832103314098292958390228316373027243815896601306006207314163947000292163,1756408383,2025-08-28 19:13:03,0.5
bitcoin-up-or-down-august-28-8pm-et,DOWN,65291832103314098292958390228316373027243815896601306006207314163947000292163,1756408442,2025-08-28 19:14:02,0.5
bitcoin-up-or-down-august-28-8pm-et,DOWN,65291832103314098292958390228316373027243815896601306006207314163947000292163,1756408505,2025-08-28 19:15:05,0.5
bitcoin-up-or-down-august-28-8pm-et,DOWN,65291832103314098292958390228316373027243815896601306006207314163947000292163,1756408563,2025-08-28 19:16:03,0.5
bitcoin-up-or-down-august-28-8pm-et,DOWN,65291832103314098292958390228316373027243815896601306006207314163947000292163,1756408623,2025-08-28 19:17:03,0.5
bitcoin-up-or-down-august-28-8pm-et,DOWN,65291832103314098292958390228316373027243815896601306006207314163947000292163,1756408683,2025-08-28 19:18:03,0.5
bitcoin-up-or-down-august-28-8pm-et,DOWN,65291832103314098292958390228316373027243815896601306006207314163947000292163,1756408743,2025-08-28 19:19:03,0.5
bitcoin-up-or-down-august-28-8pm-et,DOWN,65291832103314098292958390228316373027243815896601306006207314163947000292163,1756408803,2025-08-28 19:20:03,0.5
bitcoin-up-or-down-august-28-8pm-et,DOWN,65291832103314098292958390228316373027243815896601306006207314163947000292163,1756408863,2025-08-28 19:21:03,0.5
bitcoin-up-or-down-august-28-8pm-et,DOWN,65291832103314098292958390228316373027243815896601306006207314163947000292163,1756408923,2025-08-28 19:22:03,0.5
bitcoin-up-or-down-august-28-8pm-et,DOWN,65291832103314098292958390228316373027243815896601306006207314163947000292163,1756408982,2025-08-28 19:23:02,0.5
bitcoin-up-or-down-august-28-8pm-et,DOWN,65291832103314098292958390228316373027243815896601306006207314163947000292163,1756409043,2025-08-28 19:24:03,0.5
bitcoin-up-or-down-august-28-8pm-et,DOWN,65291832103314098292958390228316373027243815896601306006207314163947000292163,1756409106,2025-08-28 19:25:06,0.5
bitcoin-up-or-down-august-28-8pm-et,DOWN,65291832103314098292958390228316373027243815896601306006207314163947000292163,1756409165,2025-08-28 19:26:05,0.5
bitcoin-up-or-down-august-28-8pm-et,DOWN,65291832103314098292958390228316373027243815896601306006207314163947000292163,1756409224,2025-08-28 19:27:04,0.5
bitcoin-up-or-down-august-28-8pm-et,DOWN,65291832103314098292958390228316373027243815896601306006207314163947000292163,1756409282,2025-08-28 19:28:02,0.5
bitcoin-up-or-down-august-28-8pm-et,DOWN,65291832103314098292958390228316373027243815896601306006207314163947000292163,1756409343,2025-08-28 19:29:03,0.5
bitcoin-up-or-down-august-28-8pm-et,DOWN,65291832103314098292958390228316373027243815896601306006207314163947000292163,1756409406,2025-08-28 19:30:06,0.5
bitcoin-up-or-down-august-28-8pm-et,DOWN,65291832103314098292958390228316373027243815896601306006207314163947000292163,1756409464,2025-08-28 19:31:04,0.5
bitcoin-up-or-down-august-28-8pm-et,DOWN,65291832103314098292958390228316373027243815896601306006207314163947000292163,1756409523,2025-08-28 19:32:03,0.5
bitcoin-up-or-down-august-28-8pm-et,DOWN,65291832103314098292958390228316373027243815896601306006207314163947000292163,1756409584,2025-08-28 19:33:04,0.5
bitcoin-up-or-down-august-28-8pm-et,DOWN,65291832103314098292958390228316373027243815896601306006207314163947000292163,1756409643,2025-08-28 19:34:03,0.5
bitcoin-up-or-down-august-28-8pm-et,DOWN,65291832103314098292958390228316373027243815896601306006207314163947000292163,1756409704,2025-08-28 19:35:04,0.5
bitcoin-up-or-down-august-28-8pm-et,DOWN,65291832103314098292958390228316373027243815896601306006207314163947000292163,1756409762,2025-08-28 19:36:02,0.5
bitcoin-up-or-down-august-28-8pm-et,DOWN,65291832103314098292958390228316373027243815896601306006207314163947000292163,1756409822,2025-08-28 19:37:02,0.5
bitcoin-up-or-down-august-28-8pm-et,DOWN,65291832103314098292958390228316373027243815896601306006207314163947000292163,1756409884,2025-08-28 19:38:04,0.5
bitcoin-up-or-down-august-28-8pm-et,DOWN,65291832103314098292958390228316373027243815896601306006207314163947000292163,1756409942,2025-08-28 19:39:02,0.5
bitcoin-up-or-down-august-28-8pm-et,DOWN,65291832103314098292958390228316373027243815896601306006207314163947000292163,1756410004,2025-08-28 19:40:04,0.5
bitcoin-up-or-down-august-28-8pm-et,DOWN,65291832103314098292958390228316373027243815896601306006207314163947000292163,1756410062,2025-08-28 19:41:02,0.5
bitcoin-up-or-down-august-28-8pm-et,DOWN,65291832103314098292958390228316373027243815896601306006207314163947000292163,1756410123,2025-08-28 19:42:03,0.5
bitcoin-up-or-down-august-28-8pm-et,DOWN,65291832103314098292958390228316373027243815896601306006207314163947000292163,1756410182,2025-08-28 19:43:02,0.5
bitcoin-up-or-down-august-28-8pm-et,DOWN,65291832103314098292958390228316373027243815896601306006207314163947000292163,1756410243,2025-08-28 19:44:03,0.505
bitcoin-up-or-down-august-28-8pm-et,DOWN,65291832103314098292958390228316373027243815896601306006207314163947000292163,1756410313,2025-08-28 19:45:13,0.505
bitcoin-up-or-down-august-28-8pm-et,DOWN,65291832103314098292958390228316373027243815896601306006207314163947000292163,1756410363,2025-08-28 19:46:03,0.505
bitcoin-up-or-down-august-28-8pm-et,DOWN,65291832103314098292958390228316373027243815896601306006207314163947000292163,1756410423,2025-08-28 19:47:03,0.505
bitcoin-up-or-down-august-28-8pm-et,DOWN,65291832103314098292958390228316373027243815896601306006207314163947000292163,1756410483,2025-08-28 19:48:03,0.505
bitcoin-up-or-down-august-28-8pm-et,DOWN,65291832103314098292958390228316373027243815896601306006207314163947000292163,1756410543,2025-08-28 19:49:03,0.505
bitcoin-up-or-down-august-28-8pm-et,DOWN,65291832103314098292958390228316373027243815896601306006207314163947000292163,1756410612,2025-08-28 19:50:12,0.505
bitcoin-up-or-down-august-28-8pm-et,DOWN,65291832103314098292958390228316373027243815896601306006207314163947000292163,1756410666,2025-08-28 19:51:06,0.505
bitcoin-up-or-down-august-28-8pm-et,DOWN,65291832103314098292958390228316373027243815896601306006207314163947000292163,1756410722,2025-08-28 19:52:02,0.505
bitcoin-up-or-down-august-28-8pm-et,DOWN,65291832103314098292958390228316373027243815896601306006207314163947000292163,1756410782,2025-08-28 19:53:02,0.505
bitcoin-up-or-down-august-28-8pm-et,DOWN,65291832103314098292958390228316373027243815896601306006207314163947000292163,1756410844,2025-08-28 19:54:04,0.505
bitcoin-up-or-down-august-28-8pm-et,DOWN,65291832103314098292958390228316373027243815896601306006207314163947000292163,1756410911,2025-08-28 19:55:11,0.505
bitcoin-up-or-down-august-28-8pm-et,DOWN,65291832103314098292958390228316373027243815896601306006207314163947000292163,1756410963,2025-08-28 19:56:03,0.505
bitcoin-up-or-down-august-28-8pm-et,DOWN,65291832103314098292958390228316373027243815896601306006207314163947000292163,1756411022,2025-08-28 19:57:02,0.505
bitcoin-up-or-down-august-28-8pm-et,DOWN,65291832103314098292958390228316373027243815896601306006207314163947000292163,1756411084,2025-08-28 19:58:04,0.505
bitcoin-up-or-down-august-28-8pm-et,DOWN,65291832103314098292958390228316373027243815896601306006207314163947000292163,1756411142,2025-08-28 19:59:02,0.505
bitcoin-up-or-down-august-28-8pm-et,DOWN,65291832103314098292958390228316373027243815896601306006207314163947000292163,1756411210,2025-08-28 20:00:10,0.505
bitcoin-up-or-down-august-28-8pm-et,DOWN,65291832103314098292958390228316373027243815896601306006207314163947000292163,1756411263,2025-08-28 20:01:03,0.505
bitcoin-up-or-down-august-28-8pm-et,DOWN,65291832103314098292958390228316373027243815896601306006207314163947000292163,1756411322,2025-08-28 20:02:02,0.505
bitcoin-up-or-down-august-28-8pm-et,DOWN,65291832103314098292958390228316373027243815896601306006207314163947000292163,1756411383,2025-08-28 20:03:03,0.505
bitcoin-up-or-down-august-28-8pm-et,DOWN,65291832103314098292958390228316373027243815896601306006207314163947000292163,1756411443,2025-08-28 20:04:03,0.505
bitcoin-up-or-down-august-28-8pm-et,DOWN,65291832103314098292958390228316373027243815896601306006207314163947000292163,1756411508,2025-08-28 20:05:08,0.505
bitcoin-up-or-down-august-28-8pm-et,DOWN,65291832103314098292958390228316373027243815896601306006207314163947000292163,1756411562,2025-08-28 20:06:02,0.505
bitcoin-up-or-down-august-28-8pm-et,DOWN,65291832103314098292958390228316373027243815896601306006207314163947000292163,1756411623,2025-08-28 20:07:03,0.505
bitcoin-up-or-down-august-28-8pm-et,DOWN,65291832103314098292958390228316373027243815896601306006207314163947000292163,1756411683,2025-08-28 20:08:03,0.505
bitcoin-up-or-down-august-28-8pm-et,DOWN,65291832103314098292958390228316373027243815896601306006207314163947000292163,1756411742,2025-08-28 20:09:02,0.505
bitcoin-up-or-down-august-28-8pm-et,DOWN,65291832103314098292958390228316373027243815896601306006207314163947000292163,1756411806,2025-08-28 20:10:06,0.505
bitcoin-up-or-down-august-28-8pm-et,DOWN,65291832103314098292958390228316373027243815896601306006207314163947000292163,1756411864,2025-08-28 20:11:04,0.505
bitcoin-up-or-down-august-28-8pm-et,DOWN,65291832103314098292958390228316373027243815896601306006207314163947000292163,1756411924,2025-08-28 20:12:04,0.505
bitcoin-up-or-down-august-28-8pm-et,DOWN,65291832103314098292958390228316373027243815896601306006207314163947000292163,1756411983,2025-08-28 20:13:03,0.505
bitcoin-up-or-down-august-28-8pm-et,DOWN,65291832103314098292958390228316373027243815896601306006207314163947000292163,1756412042,2025-08-28 20:14:02,0.505
bitcoin-up-or-down-august-28-8pm-et,DOWN,65291832103314098292958390228316373027243815896601306006207314163947000292163,1756412117,2025-08-28 20:15:17,0.505
bitcoin-up-or-down-august-28-8pm-et,DOWN,65291832103314098292958390228316373027243815896601306006207314163947000292163,1756412163,2025-08-28 20:16:03,0.505
bitcoin-up-or-down-august-28-8pm-et,DOWN,65291832103314098292958390228316373027243815896601306006207314163947000292163,1756412222,2025-08-28 20:17:02,0.505
bitcoin-up-or-down-august-28-8pm-et,DOWN,65291832103314098292958390228316373027243815896601306006207314163947000292163,1756412284,2025-08-28 20:18:04,0.505
bitcoin-up-or-down-august-28-8pm-et,DOWN,65291832103314098292958390228316373027243815896601306006207314163947000292163,1756412343,2025-08-28 20:19:03,0.505
bitcoin-up-or-down-august-28-8pm-et,DOWN,65291832103314098292958390228316373027243815896601306006207314163947000292163,1756412416,2025-08-28 20:20:16,0.505
bitcoin-up-or-down-august-28-8pm-et,DOWN,65291832103314098292958390228316373027243815896601306006207314163947000292163,1756412463,2025-08-28 20:21:03,0.505
bitcoin-up-or-down-august-28-8pm-et,DOWN,65291832103314098292958390228316373027243815896601306006207314163947000292163,1756412523,2025-08-28 20:22:03,0.505
bitcoin-up-or-down-august-28-8pm-et,DOWN,65291832103314098292958390228316373027243815896601306006207314163947000292163,1756412583,2025-08-28 20:23:03,0.505
bitcoin-up-or-down-august-28-8pm-et,DOWN,65291832103314098292958390228316373027243815896601306006207314163947000292163,1756412642,2025-08-28 20:24:02,0.505
bitcoin-up-or-down-august-28-8pm-et,DOWN,65291832103314098292958390228316373027243815896601306006207314163947000292163,1756412702,2025-08-28 20:25:02,0.505
bitcoin-up-or-down-august-28-8pm-et,DOWN,65291832103314098292958390228316373027243815896601306006207314163947000292163,1756412763,2025-08-28 20:26:03,0.505
bitcoin-up-or-down-august-28-8pm-et,DOWN,65291832103314098292958390228316373027243815896601306006207314163947000292163,1756412823,2025-08-28 20:27:03,0.505
bitcoin-up-or-down-august-28-8pm-et,DOWN,65291832103314098292958390228316373027243815896601306006207314163947000292163,1756412883,2025-08-28 20:28:03,0.505
bitcoin-up-or-down-august-28-8pm-et,DOWN,65291832103314098292958390228316373027243815896601306006207314163947000292163,1756412943,2025-08-28 20:29:03,0.505
bitcoin-up-or-down-august-28-8pm-et,DOWN,65291832103314098292958390228316373027243815896601306006207314163947000292163,1756413005,2025-08-28 20:30:05,0.505
bitcoin-up-or-down-august-28-8pm-et,DOWN,65291832103314098292958390228316373027243815896601306006207314163947000292163,1756413063,2025-08-28 20:31:03,0.505
bitcoin-up-or-down-august-28-8pm-et,DOWN,65291832103314098292958390228316373027243815896601306006207314163947000292163,1756413123,2025-08-28 20:32:03,0.505
bitcoin-up-or-down-august-28-8pm-et,DOWN,65291832103314098292958390228316373027243815896601306006207314163947000292163,1756413182,2025-08-28 20:33:02,0.505
bitcoin-up-or-down-august-28-8pm-et,DOWN,65291832103314098292958390228316373027243815896601306006207314163947000292163,1756413244,2025-08-28 20:34:04,0.505
bitcoin-up-or-down-august-28-8pm-et,DOWN,65291832103314098292958390228316373027243815896601306006207314163947000292163,1756413305,2025-08-28 20:35:05,0.505
bitcoin-up-or-down-august-28-8pm-et,DOWN,65291832103314098292958390228316373027243815896601306006207314163947000292163,1756413364,2025-08-28 20:36:04,0.505
bitcoin-up-or-down-august-28-8pm-et,DOWN,65291832103314098292958390228316373027243815896601306006207314163947000292163,1756413423,2025-08-28 20:37:03,0.505
bitcoin-up-or-down-august-28-8pm-et,DOWN,65291832103314098292958390228316373027243815896601306006207314163947000292163,1756413483,2025-08-28 20:38:03,0.505
bitcoin-up-or-down-august-28-8pm-et,DOWN,65291832103314098292958390228316373027243815896601306006207314163947000292163,1756413544,2025-08-28 20:39:04,0.505
bitcoin-up-or-down-august-28-8pm-et,DOWN,65291832103314098292958390228316373027243815896601306006207314163947000292163,1756413609,2025-08-28 20:40:09,0.505
bitcoin-up-or-down-august-28-8pm-et,DOWN,65291832103314098292958390228316373027243815896601306006207314163947000292163,1756413662,2025-08-28 20:41:02,0.505
bitcoin-up-or-down-august-28-8pm-et,DOWN,65291832103314098292958390228316373027243815896601306006207314163947000292163,1756413723,2025-08-28 20:42:03,0.505
bitcoin-up-or-down-august-28-8pm-et,DOWN,65291832103314098292958390228316373027243815896601306006207314163947000292163,1756413783,2025-08-28 20:43:03,0.505
bitcoin-up-or-down-august-28-8pm-et,DOWN,65291832103314098292958390228316373027243815896601306006207314163947000292163,1756413842,2025-08-28 20:44:02,0.505
bitcoin-up-or-down-august-28-8pm-et,DOWN,65291832103314098292958390228316373027243815896601306006207314163947000292163,1756413916,2025-08-28 20:45:16,0.505
bitcoin-up-or-down-august-28-8pm-et,DOWN,65291832103314098292958390228316373027243815896601306006207314163947000292163,1756413963,2025-08-28 20:46:03,0.505
bitcoin-up-or-down-august-28-8pm-et,DOWN,65291832103314098292958390228316373027243815896601306006207314163947000292163,1756414023,2025-08-28 20:47:03,0.505
bitcoin-up-or-down-august-28-8pm-et,DOWN,65291832103314098292958390228316373027243815896601306006207314163947000292163,1756414082,2025-08-28 20:48:02,0.505
bitcoin-up-or-down-august-28-8pm-et,DOWN,65291832103314098292958390228316373027243815896601306006207314163947000292163,1756414143,2025-08-28 20:49:03,0.505
bitcoin-up-or-down-august-28-8pm-et,DOWN,65291832103314098292958390228316373027243815896601306006207314163947000292163,1756414204,2025-08-28 20:50:04,0.505
bitcoin-up-or-down-august-28-8pm-et,DOWN,65291832103314098292958390228316373027243815896601306006207314163947000292163,1756414262,2025-08-28 20:51:02,0.505
bitcoin-up-or-down-august-28-8pm-et,DOWN,65291832103314098292958390228316373027243815896601306006207314163947000292163,1756414322,2025-08-28 20:52:02,0.505
bitcoin-up-or-down-august-28-8pm-et,DOWN,65291832103314098292958390228316373027243815896601306006207314163947000292163,1756414382,2025-08-28 20:53:02,0.505
bitcoin-up-or-down-august-28-8pm-et,DOWN,65291832103314098292958390228316373027243815896601306006207314163947000292163,1756414443,2025-08-28 20:54:03,0.505
bitcoin-up-or-down-august-28-8pm-et,DOWN,65291832103314098292958390228316373027243815896601306006207314163947000292163,1756414510,2025-08-28 20:55:10,0.505
bitcoin-up-or-down-august-28-8pm-et,DOWN,65291832103314098292958390228316373027243815896601306006207314163947000292163,1756414562,2025-08-28 20:56:02,0.505
bitcoin-up-or-down-august-28-8pm-et,DOWN,65291832103314098292958390228316373027243815896601306006207314163947000292163,1756414623,2025-08-28 20:57:03,0.505
bitcoin-up-or-down-august-28-8pm-et,DOWN,65291832103314098292958390228316373027243815896601306006207314163947000292163,1756414683,2025-08-28 20:58:03,0.505
bitcoin-up-or-down-august-28-8pm-et,DOWN,65291832103314098292958390228316373027243815896601306006207314163947000292163,1756414742,2025-08-28 20:59:02,0.505
bitcoin-up-or-down-august-28-8pm-et,DOWN,65291832103314098292958390228316373027243815896601306006207314163947000292163,1756414809,2025-08-28 21:00:09,0.505
bitcoin-up-or-down-august-28-8pm-et,DOWN,65291832103314098292958390228316373027243815896601306006207314163947000292163,1756414864,2025-08-28 21:01:04,0.505
bitcoin-up-or-down-august-28-8pm-et,DOWN,65291832103314098292958390228316373027243815896601306006207314163947000292163,1756414924,2025-08-28 21:02:04,0.505
bitcoin-up-or-down-august-28-8pm-et,DOWN,65291832103314098292958390228316373027243815896601306006207314163947000292163,1756414983,2025-08-28 21:03:03,0.505
bitcoin-up-or-down-august-28-8pm-et,DOWN,65291832103314098292958390228316373027243815896601306006207314163947000292163,1756415043,2025-08-28 21:04:03,0.505
bitcoin-up-or-down-august-28-8pm-et,DOWN,65291832103314098292958390228316373027243815896601306006207314163947000292163,1756415108,2025-08-28 21:05:08,0.505
bitcoin-up-or-down-august-28-8pm-et,DOWN,65291832103314098292958390228316373027243815896601306006207314163947000292163,1756415164,2025-08-28 21:06:04,0.505
bitcoin-up-or-down-august-28-8pm-et,DOWN,65291832103314098292958390228316373027243815896601306006207314163947000292163,1756415222,2025-08-28 21:07:02,0.505
bitcoin-up-or-down-august-28-8pm-et,DOWN,65291832103314098292958390228316373027243815896601306006207314163947000292163,1756415282,2025-08-28 21:08:02,0.505
bitcoin-up-or-down-august-28-8pm-et,DOWN,65291832103314098292958390228316373027243815896601306006207314163947000292163,1756415342,2025-08-28 21:09:02,0.505
bitcoin-up-or-down-august-28-8pm-et,DOWN,65291832103314098292958390228316373027243815896601306006207314163947000292163,1756415411,2025-08-28 21:10:11,0.505
bitcoin-up-or-down-august-28-8pm-et,DOWN,65291832103314098292958390228316373027243815896601306006207314163947000292163,1756415464,2025-08-28 21:11:04,0.505
bitcoin-up-or-down-august-28-8pm-et,DOWN,65291832103314098292958390228316373027243815896601306006207314163947000292163,1756415524,2025-08-28 21:12:04,0.505
bitcoin-up-or-down-august-28-8pm-et,DOWN,65291832103314098292958390228316373027243815896601306006207314163947000292163,1756415583,2025-08-28 21:13:03,0.505
bitcoin-up-or-down-august-28-8pm-et,DOWN,65291832103314098292958390228316373027243815896601306006207314163947000292163,1756415642,2025-08-28 21:14:02,0.505
bitcoin-up-or-down-august-28-8pm-et,DOWN,65291832103314098292958390228316373027243815896601306006207314163947000292163,1756415708,2025-08-28 21:15:08,0.505
bitcoin-up-or-down-august-28-8pm-et,DOWN,65291832103314098292958390228316373027243815896601306006207314163947000292163,1756415763,2025-08-28 21:16:03,0.505
bitcoin-up-or-down-august-28-8pm-et,DOWN,65291832103314098292958390228316373027243815896601306006207314163947000292163,1756415824,2025-08-28 21:17:04,0.505
bitcoin-up-or-down-august-28-8pm-et,DOWN,65291832103314098292958390228316373027243815896601306006207314163947000292163,1756415882,2025-08-28 21:18:02,0.505
bitcoin-up-or-down-august-28-8pm-et,DOWN,65291832103314098292958390228316373027243815896601306006207314163947000292163,1756415943,2025-08-28 21:19:03,0.505
bitcoin-up-or-down-august-28-8pm-et,DOWN,65291832103314098292958390228316373027243815896601306006207314163947000292163,1756416010,2025-08-28 21:20:10,0.505
bitcoin-up-or-down-august-28-8pm-et,DOWN,65291832103314098292958390228316373027243815896601306006207314163947000292163,1756416064,2025-08-28 21:21:04,0.505
bitcoin-up-or-down-august-28-8pm-et,DOWN,65291832103314098292958390228316373027243815896601306006207314163947000292163,1756416124,2025-08-28 21:22:04,0.505
bitcoin-up-or-down-august-28-8pm-et,DOWN,65291832103314098292958390228316373027243815896601306006207314163947000292163,1756416183,2025-08-28 21:23:03,0.505
bitcoin-up-or-down-august-28-8pm-et,DOWN,65291832103314098292958390228316373027243815896601306006207314163947000292163,1756416243,2025-08-28 21:24:03,0.505
bitcoin-up-or-down-august-28-8pm-et,DOWN,65291832103314098292958390228316373027243815896601306006207314163947000292163,1756416308,2025-08-28 21:25:08,0.505
bitcoin-up-or-down-august-28-8pm-et,DOWN,65291832103314098292958390228316373027243815896601306006207314163947000292163,1756416362,2025-08-28 21:26:02,0.505
bitcoin-up-or-down-august-28-8pm-et,DOWN,65291832103314098292958390228316373027243815896601306006207314163947000292163,1756416422,2025-08-28 21:27:02,0.505
bitcoin-up-or-down-august-28-8pm-et,DOWN,65291832103314098292958390228316373027243815896601306006207314163947000292163,1756416483,2025-08-28 21:28:03,0.505
bitcoin-up-or-down-august-28-8pm-et,DOWN,65291832103314098292958390228316373027243815896601306006207314163947000292163,1756416544,2025-08-28 21:29:04,0.505
bitcoin-up-or-down-august-28-8pm-et,DOWN,65291832103314098292958390228316373027243815896601306006207314163947000292163,1756416616,2025-08-28 21:30:16,0.505
bitcoin-up-or-down-august-28-8pm-et,DOWN,65291832103314098292958390228316373027243815896601306006207314163947000292163,1756416664,2025-08-28 21:31:04,0.505
bitcoin-up-or-down-august-28-8pm-et,DOWN,65291832103314098292958390228316373027243815896601306006207314163947000292163,1756416722,2025-08-28 21:32:02,0.505
bitcoin-up-or-down-august-28-8pm-et,DOWN,65291832103314098292958390228316373027243815896601306006207314163947000292163,1756416782,2025-08-28 21:33:02,0.505
bitcoin-up-or-down-august-28-8pm-et,DOWN,65291832103314098292958390228316373027243815896601306006207314163947000292163,1756416843,2025-08-28 21:34:03,0.505
bitcoin-up-or-down-august-28-8pm-et,DOWN,65291832103314098292958390228316373027243815896601306006207314163947000292163,1756416911,2025-08-28 21:35:11,0.505
bitcoin-up-or-down-august-28-8pm-et,DOWN,65291832103314098292958390228316373027243815896601306006207314163947000292163,1756416962,2025-08-28 21:36:02,0.505
bitcoin-up-or-down-august-28-8pm-et,DOWN,65291832103314098292958390228316373027243815896601306006207314163947000292163,1756417023,2025-08-28 21:37:03,0.505
bitcoin-up-or-down-august-28-8pm-et,DOWN,65291832103314098292958390228316373027243815896601306006207314163947000292163,1756417083,2025-08-28 21:38:03,0.505
bitcoin-up-or-down-august-28-8pm-et,DOWN,65291832103314098292958390228316373027243815896601306006207314163947000292163,1756417143,2025-08-28 21:39:03,0.505
bitcoin-up-or-down-august-28-8pm-et,DOWN,65291832103314098292958390228316373027243815896601306006207314163947000292163,1756417204,2025-08-28 21:40:04,0.505
bitcoin-up-or-down-august-28-8pm-et,DOWN,65291832103314098292958390228316373027243815896601306006207314163947000292163,1756417263,2025-08-28 21:41:03,0.505
bitcoin-up-or-down-august-28-8pm-et,DOWN,65291832103314098292958390228316373027243815896601306006207314163947000292163,1756417322,2025-08-28 21:42:02,0.505
bitcoin-up-or-down-august-28-8pm-et,DOWN,65291832103314098292958390228316373027243815896601306006207314163947000292163,1756417384,2025-08-28 21:43:04,0.505
bitcoin-up-or-down-august-28-8pm-et,DOWN,65291832103314098292958390228316373027243815896601306006207314163947000292163,1756417444,2025-08-28 21:44:04,0.505
bitcoin-up-or-down-august-28-8pm-et,DOWN,65291832103314098292958390228316373027243815896601306006207314163947000292163,1756417512,2025-08-28 21:45:12,0.505
bitcoin-up-or-down-august-28-8pm-et,DOWN,65291832103314098292958390228316373027243815896601306006207314163947000292163,1756417563,2025-08-28 21:46:03,0.505
bitcoin-up-or-down-august-28-8pm-et,DOWN,65291832103314098292958390228316373027243815896601306006207314163947000292163,1756417623,2025-08-28 21:47:03,0.505
bitcoin-up-or-down-august-28-8pm-et,DOWN,65291832103314098292958390228316373027243815896601306006207314163947000292163,1756417683,2025-08-28 21:48:03,0.505
bitcoin-up-or-down-august-28-8pm-et,DOWN,65291832103314098292958390228316373027243815896601306006207314163947000292163,1756417742,2025-08-28 21:49:02,0.505
bitcoin-up-or-down-august-28-8pm-et,DOWN,65291832103314098292958390228316373027243815896601306006207314163947000292163,1756417816,2025-08-28 21:50:16,0.505
bitcoin-up-or-down-august-28-8pm-et,DOWN,65291832103314098292958390228316373027243815896601306006207314163947000292163,1756417863,2025-08-28 21:51:03,0.505
bitcoin-up-or-down-august-28-8pm-et,DOWN,65291832103314098292958390228316373027243815896601306006207314163947000292163,1756417925,2025-08-28 21:52:05,0.505
bitcoin-up-or-down-august-28-8pm-et,DOWN,65291832103314098292958390228316373027243815896601306006207314163947000292163,1756417982,2025-08-28 21:53:02,0.505
bitcoin-up-or-down-august-28-8pm-et,DOWN,65291832103314098292958390228316373027243815896601306006207314163947000292163,1756418043,2025-08-28 21:54:03,0.505
bitcoin-up-or-down-august-28-8pm-et,DOWN,65291832103314098292958390228316373027243815896601306006207314163947000292163,1756418102,2025-08-28 21:55:02,0.505
bitcoin-up-or-down-august-28-8pm-et,DOWN,65291832103314098292958390228316373027243815896601306006207314163947000292163,1756418162,2025-08-28 21:56:02,0.505
bitcoin-up-or-down-august-28-8pm-et,DOWN,65291832103314098292958390228316373027243815896601306006207314163947000292163,1756418222,2025-08-28 21:57:02,0.505
bitcoin-up-or-down-august-28-8pm-et,DOWN,65291832103314098292958390228316373027243815896601306006207314163947000292163,1756418283,2025-08-28 21:58:03,0.505
bitcoin-up-or-down-august-28-8pm-et,DOWN,65291832103314098292958390228316373027243815896601306006207314163947000292163,1756418344,2025-08-28 21:59:04,0.505
bitcoin-up-or-down-august-28-8pm-et,DOWN,65291832103314098292958390228316373027243815896601306006207314163947000292163,1756418414,2025-08-28 22:00:14,0.505
bitcoin-up-or-down-august-28-8pm-et,DOWN,65291832103314098292958390228316373027243815896601306006207314163947000292163,1756418463,2025-08-28 22:01:03,0.505
bitcoin-up-or-down-august-28-8pm-et,DOWN,65291832103314098292958390228316373027243815896601306006207314163947000292163,1756418522,2025-08-28 22:02:02,0.505
bitcoin-up-or-down-august-28-8pm-et,DOWN,65291832103314098292958390228316373027243815896601306006207314163947000292163,1756418583,2025-08-28 22:03:03,0.505
bitcoin-up-or-down-august-28-8pm-et,DOWN,65291832103314098292958390228316373027243815896601306006207314163947000292163,1756418642,2025-08-28 22:04:02,0.505
bitcoin-up-or-down-august-28-8pm-et,DOWN,65291832103314098292958390228316373027243815896601306006207314163947000292163,1756418705,2025-08-28 22:05:05,0.505
bitcoin-up-or-down-august-28-8pm-et,DOWN,65291832103314098292958390228316373027243815896601306006207314163947000292163,1756418764,2025-08-28 22:06:04,0.505
bitcoin-up-or-down-august-28-8pm-et,DOWN,65291832103314098292958390228316373027243815896601306006207314163947000292163,1756418822,2025-08-28 22:07:02,0.505
bitcoin-up-or-down-august-28-8pm-et,DOWN,65291832103314098292958390228316373027243815896601306006207314163947000292163,1756418884,2025-08-28 22:08:04,0.505
bitcoin-up-or-down-august-28-8pm-et,DOWN,65291832103314098292958390228316373027243815896601306006207314163947000292163,1756418944,2025-08-28 22:09:04,0.505
bitcoin-up-or-down-august-28-8pm-et,DOWN,65291832103314098292958390228316373027243815896601306006207314163947000292163,1756419003,2025-08-28 22:10:03,0.505
bitcoin-up-or-down-august-28-8pm-et,DOWN,65291832103314098292958390228316373027243815896601306006207314163947000292163,1756419063,2025-08-28 22:11:03,0.505
bitcoin-up-or-down-august-28-8pm-et,DOWN,65291832103314098292958390228316373027243815896601306006207314163947000292163,1756419123,2025-08-28 22:12:03,0.505
bitcoin-up-or-down-august-28-8pm-et,DOWN,65291832103314098292958390228316373027243815896601306006207314163947000292163,1756419183,2025-08-28 22:13:03,0.505
bitcoin-up-or-down-august-28-8pm-et,DOWN,65291832103314098292958390228316373027243815896601306006207314163947000292163,1756419243,2025-08-28 22:14:03,0.505
bitcoin-up-or-down-august-28-8pm-et,DOWN,65291832103314098292958390228316373027243815896601306006207314163947000292163,1756419311,2025-08-28 22:15:11,0.505
bitcoin-up-or-down-august-28-8pm-et,DOWN,65291832103314098292958390228316373027243815896601306006207314163947000292163,1756419365,2025-08-28 22:16:05,0.505
bitcoin-up-or-down-august-28-8pm-et,DOWN,65291832103314098292958390228316373027243815896601306006207314163947000292163,1756419426,2025-08-28 22:17:06,0.505
bitcoin-up-or-down-august-28-8pm-et,DOWN,65291832103314098292958390228316373027243815896601306006207314163947000292163,1756419483,2025-08-28 22:18:03,0.505
bitcoin-up-or-down-august-28-8pm-et,DOWN,65291832103314098292958390228316373027243815896601306006207314163947000292163,1756419544,2025-08-28 22:19:04,0.505
bitcoin-up-or-down-august-28-8pm-et,DOWN,65291832103314098292958390228316373027243815896601306006207314163947000292163,1756419605,2025-08-28 22:20:05,0.505
bitcoin-up-or-down-august-28-8pm-et,DOWN,65291832103314098292958390228316373027243815896601306006207314163947000292163,1756419663,2025-08-28 22:21:03,0.505
bitcoin-up-or-down-august-28-8pm-et,DOWN,65291832103314098292958390228316373027243815896601306006207314163947000292163,1756419722,2025-08-28 22:22:02,0.505
bitcoin-up-or-down-august-28-8pm-et,DOWN,65291832103314098292958390228316373027243815896601306006207314163947000292163,1756419782,2025-08-28 22:23:02,0.505
bitcoin-up-or-down-august-28-8pm-et,DOWN,65291832103314098292958390228316373027243815896601306006207314163947000292163,1756419843,2025-08-28 22:24:03,0.505
bitcoin-up-or-down-august-28-8pm-et,DOWN,65291832103314098292958390228316373027243815896601306006207314163947000292163,1756419912,2025-08-28 22:25:12,0.505
bitcoin-up-or-down-august-28-8pm-et,DOWN,65291832103314098292958390228316373027243815896601306006207314163947000292163,1756419964,2025-08-28 22:26:04,0.505
bitcoin-up-or-down-august-28-8pm-et,DOWN,65291832103314098292958390228316373027243815896601306006207314163947000292163,1756420022,2025-08-28 22:27:02,0.505
bitcoin-up-or-down-august-28-8pm-et,DOWN,65291832103314098292958390228316373027243815896601306006207314163947000292163,1756420082,2025-08-28 22:28:02,0.505
bitcoin-up-or-down-august-28-8pm-et,DOWN,65291832103314098292958390228316373027243815896601306006207314163947000292163,1756420143,2025-08-28 22:29:03,0.505
bitcoin-up-or-down-august-28-8pm-et,DOWN,65291832103314098292958390228316373027243815896601306006207314163947000292163,1756420206,2025-08-28 22:30:06,0.505
bitcoin-up-or-down-august-28-8pm-et,DOWN,65291832103314098292958390228316373027243815896601306006207314163947000292163,1756420263,2025-08-28 22:31:03,0.505
bitcoin-up-or-down-august-28-8pm-et,DOWN,65291832103314098292958390228316373027243815896601306006207314163947000292163,1756420323,2025-08-28 22:32:03,0.505
bitcoin-up-or-down-august-28-8pm-et,DOWN,65291832103314098292958390228316373027243815896601306006207314163947000292163,1756420384,2025-08-28 22:33:04,0.505
bitcoin-up-or-down-august-28-8pm-et,DOWN,65291832103314098292958390228316373027243815896601306006207314163947000292163,1756420444,2025-08-28 22:34:04,0.505
bitcoin-up-or-down-august-28-8pm-et,DOWN,65291832103314098292958390228316373027243815896601306006207314163947000292163,1756420507,2025-08-28 22:35:07,0.505
bitcoin-up-or-down-august-28-8pm-et,DOWN,65291832103314098292958390228316373027243815896601306006207314163947000292163,1756420563,2025-08-28 22:36:03,0.505
bitcoin-up-or-down-august-28-8pm-et,DOWN,65291832103314098292958390228316373027243815896601306006207314163947000292163,1756420622,2025-08-28 22:37:02,0.505
bitcoin-up-or-down-august-28-8pm-et,DOWN,65291832103314098292958390228316373027243815896601306006207314163947000292163,1756420682,2025-08-28 22:38:02,0.505
bitcoin-up-or-down-august-28-8pm-et,DOWN,65291832103314098292958390228316373027243815896601306006207314163947000292163,1756420743,2025-08-28 22:39:03,0.505
bitcoin-up-or-down-august-28-8pm-et,DOWN,65291832103314098292958390228316373027243815896601306006207314163947000292163,1756420811,2025-08-28 22:40:11,0.505
bitcoin-up-or-down-august-28-8pm-et,DOWN,65291832103314098292958390228316373027243815896601306006207314163947000292163,1756420863,2025-08-28 22:41:03,0.505
bitcoin-up-or-down-august-28-8pm-et,DOWN,65291832103314098292958390228316373027243815896601306006207314163947000292163,1756420924,2025-08-28 22:42:04,0.505
bitcoin-up-or-down-august-28-8pm-et,DOWN,65291832103314098292958390228316373027243815896601306006207314163947000292163,1756420982,2025-08-28 22:43:02,0.505
bitcoin-up-or-down-august-28-8pm-et,DOWN,65291832103314098292958390228316373027243815896601306006207314163947000292163,1756421044,2025-08-28 22:44:04,0.505
bitcoin-up-or-down-august-28-8pm-et,DOWN,65291832103314098292958390228316373027243815896601306006207314163947000292163,1756421105,2025-08-28 22:45:05,0.505
bitcoin-up-or-down-august-28-8pm-et,DOWN,65291832103314098292958390228316373027243815896601306006207314163947000292163,1756421163,2025-08-28 22:46:03,0.505
bitcoin-up-or-down-august-28-8pm-et,DOWN,65291832103314098292958390228316373027243815896601306006207314163947000292163,1756421223,2025-08-28 22:47:03,0.505
bitcoin-up-or-down-august-28-8pm-et,DOWN,65291832103314098292958390228316373027243815896601306006207314163947000292163,1756421283,2025-08-28 22:48:03,0.505
bitcoin-up-or-down-august-28-8pm-et,DOWN,65291832103314098292958390228316373027243815896601306006207314163947000292163,1756421342,2025-08-28 22:49:02,0.505
bitcoin-up-or-down-august-28-8pm-et,DOWN,65291832103314098292958390228316373027243815896601306006207314163947000292163,1756421416,2025-08-28 22:50:16,0.505
bitcoin-up-or-down-august-28-8pm-et,DOWN,65291832103314098292958390228316373027243815896601306006207314163947000292163,1756421462,2025-08-28 22:51:02,0.505
bitcoin-up-or-down-august-28-8pm-et,DOWN,65291832103314098292958390228316373027243815896601306006207314163947000292163,1756421524,2025-08-28 22:52:04,0.505
bitcoin-up-or-down-august-28-8pm-et,DOWN,65291832103314098292958390228316373027243815896601306006207314163947000292163,1756421582,2025-08-28 22:53:02,0.505
bitcoin-up-or-down-august-28-8pm-et,DOWN,65291832103314098292958390228316373027243815896601306006207314163947000292163,1756421643,2025-08-28 22:54:03,0.505
bitcoin-up-or-down-august-28-8pm-et,DOWN,65291832103314098292958390228316373027243815896601306006207314163947000292163,1756421703,2025-08-28 22:55:03,0.505
bitcoin-up-or-down-august-28-8pm-et,DOWN,65291832103314098292958390228316373027243815896601306006207314163947000292163,1756421764,2025-08-28 22:56:04,0.505
bitcoin-up-or-down-august-28-8pm-et,DOWN,65291832103314098292958390228316373027243815896601306006207314163947000292163,1756421824,2025-08-28 22:57:04,0.505
bitcoin-up-or-down-august-28-8pm-et,DOWN,65291832103314098292958390228316373027243815896601306006207314163947000292163,1756421883,2025-08-28 22:58:03,0.505
bitcoin-up-or-down-august-28-8pm-et,DOWN,65291832103314098292958390228316373027243815896601306006207314163947000292163,1756421943,2025-08-28 22:59:03,0.505
bitcoin-up-or-down-august-28-8pm-et,DOWN,65291832103314098292958390228316373027243815896601306006207314163947000292163,1756422011,2025-08-28 23:00:11,0.505
bitcoin-up-or-down-august-28-8pm-et,DOWN,65291832103314098292958390228316373027243815896601306006207314163947000292163,1756422062,2025-08-28 23:01:02,0.505
bitcoin-up-or-down-august-28-8pm-et,DOWN,65291832103314098292958390228316373027243815896601306006207314163947000292163,1756422124,2025-08-28 23:02:04,0.505
bitcoin-up-or-down-august-28-8pm-et,DOWN,65291832103314098292958390228316373027243815896601306006207314163947000292163,1756422183,2025-08-28 23:03:03,0.505
bitcoin-up-or-down-august-28-8pm-et,DOWN,65291832103314098292958390228316373027243815896601306006207314163947000292163,1756422243,2025-08-28 23:04:03,0.505
bitcoin-up-or-down-august-28-8pm-et,DOWN,65291832103314098292958390228316373027243815896601306006207314163947000292163,1756422315,2025-08-28 23:05:15,0.505
bitcoin-up-or-down-august-28-8pm-et,DOWN,65291832103314098292958390228316373027243815896601306006207314163947000292163,1756422363,2025-08-28 23:06:03,0.505
bitcoin-up-or-down-august-28-8pm-et,DOWN,65291832103314098292958390228316373027243815896601306006207314163947000292163,1756422423,2025-08-28 23:07:03,0.505
bitcoin-up-or-down-august-28-8pm-et,DOWN,65291832103314098292958390228316373027243815896601306006207314163947000292163,1756422484,2025-08-28 23:08:04,0.505
bitcoin-up-or-down-august-28-8pm-et,DOWN,65291832103314098292958390228316373027243815896601306006207314163947000292163,1756422542,2025-08-28 23:09:02,0.505
bitcoin-up-or-down-august-28-8pm-et,DOWN,65291832103314098292958390228316373027243815896601306006207314163947000292163,1756422604,2025-08-28 23:10:04,0.505
bitcoin-up-or-down-august-28-8pm-et,DOWN,65291832103314098292958390228316373027243815896601306006207314163947000292163,1756422663,2025-08-28 23:11:03,0.505
bitcoin-up-or-down-august-28-8pm-et,DOWN,65291832103314098292958390228316373027243815896601306006207314163947000292163,1756422724,2025-08-28 23:12:04,0.505
bitcoin-up-or-down-august-28-8pm-et,DOWN,65291832103314098292958390228316373027243815896601306006207314163947000292163,1756422782,2025-08-28 23:13:02,0.505
bitcoin-up-or-down-august-28-8pm-et,DOWN,65291832103314098292958390228316373027243815896601306006207314163947000292163,1756422843,2025-08-28 23:14:03,0.505
bitcoin-up-or-down-august-28-8pm-et,DOWN,65291832103314098292958390228316373027243815896601306006207314163947000292163,1756422910,2025-08-28 23:15:10,0.505
bitcoin-up-or-down-august-28-8pm-et,DOWN,65291832103314098292958390228316373027243815896601306006207314163947000292163,1756422963,2025-08-28 23:16:03,0.505
bitcoin-up-or-down-august-28-8pm-et,DOWN,65291832103314098292958390228316373027243815896601306006207314163947000292163,1756423022,2025-08-28 23:17:02,0.505
bitcoin-up-or-down-august-28-8pm-et,DOWN,65291832103314098292958390228316373027243815896601306006207314163947000292163,1756423083,2025-08-28 23:18:03,0.505
bitcoin-up-or-down-august-28-8pm-et,DOWN,65291832103314098292958390228316373027243815896601306006207314163947000292163,1756423143,2025-08-28 23:19:03,0.505
bitcoin-up-or-down-august-28-8pm-et,DOWN,65291832103314098292958390228316373027243815896601306006207314163947000292163,1756423202,2025-08-28 23:20:02,0.505
bitcoin-up-or-down-august-28-8pm-et,DOWN,65291832103314098292958390228316373027243815896601306006207314163947000292163,1756423263,2025-08-28 23:21:03,0.505
bitcoin-up-or-down-august-28-8pm-et,DOWN,65291832103314098292958390228316373027243815896601306006207314163947000292163,1756423323,2025-08-28 23:22:03,0.505
bitcoin-up-or-down-august-28-8pm-et,DOWN,65291832103314098292958390228316373027243815896601306006207314163947000292163,1756423383,2025-08-28 23:23:03,0.5
bitcoin-up-or-down-august-28-8pm-et,DOWN,65291832103314098292958390228316373027243815896601306006207314163947000292163,1756423444,2025-08-28 23:24:04,0.5
bitcoin-up-or-down-august-28-8pm-et,DOWN,65291832103314098292958390228316373027243815896601306006207314163947000292163,1756423506,2025-08-28 23:25:06,0.5
bitcoin-up-or-down-august-28-8pm-et,DOWN,65291832103314098292958390228316373027243815896601306006207314163947000292163,1756423562,2025-08-28 23:26:02,0.5
bitcoin-up-or-down-august-28-8pm-et,DOWN,65291832103314098292958390228316373027243815896601306006207314163947000292163,1756423623,2025-08-28 23:27:03,0.5
bitcoin-up-or-down-august-28-8pm-et,DOWN,65291832103314098292958390228316373027243815896601306006207314163947000292163,1756423683,2025-08-28 23:28:03,0.5
bitcoin-up-or-down-august-28-8pm-et,DOWN,65291832103314098292958390228316373027243815896601306006207314163947000292163,1756423746,2025-08-28 23:29:06,0.5
bitcoin-up-or-down-august-28-8pm-et,DOWN,65291832103314098292958390228316373027243815896601306006207314163947000292163,1756423806,2025-08-28 23:30:06,0.5
bitcoin-up-or-down-august-28-8pm-et,DOWN,65291832103314098292958390228316373027243815896601306006207314163947000292163,1756423862,2025-08-28 23:31:02,0.5
bitcoin-up-or-down-august-28-8pm-et,DOWN,65291832103314098292958390228316373027243815896601306006207314163947000292163,1756423923,2025-08-28 23:32:03,0.5
bitcoin-up-or-down-august-28-8pm-et,DOWN,65291832103314098292958390228316373027243815896601306006207314163947000292163,1756423982,2025-08-28 23:33:02,0.5
bitcoin-up-or-down-august-28-8pm-et,DOWN,65291832103314098292958390228316373027243815896601306006207314163947000292163,1756424043,2025-08-28 23:34:03,0.5
bitcoin-up-or-down-august-28-8pm-et,DOWN,65291832103314098292958390228316373027243815896601306006207314163947000292163,1756424106,2025-08-28 23:35:06,0.5
bitcoin-up-or-down-august-28-8pm-et,DOWN,65291832103314098292958390228316373027243815896601306006207314163947000292163,1756424162,2025-08-28 23:36:02,0.5
bitcoin-up-or-down-august-28-8pm-et,DOWN,65291832103314098292958390228316373027243815896601306006207314163947000292163,1756424222,2025-08-28 23:37:02,0.505
bitcoin-up-or-down-august-28-8pm-et,DOWN,65291832103314098292958390228316373027243815896601306006207314163947000292163,1756424284,2025-08-28 23:38:04,0.505
bitcoin-up-or-down-august-28-8pm-et,DOWN,65291832103314098292958390228316373027243815896601306006207314163947000292163,1756424342,2025-08-28 23:39:02,0.505
bitcoin-up-or-down-august-28-8pm-et,DOWN,65291832103314098292958390228316373027243815896601306006207314163947000292163,1756424405,2025-08-28 23:40:05,0.505
bitcoin-up-or-down-august-28-8pm-et,DOWN,65291832103314098292958390228316373027243815896601306006207314163947000292163,1756424462,2025-08-28 23:41:02,0.505
bitcoin-up-or-down-august-28-8pm-et,DOWN,65291832103314098292958390228316373027243815896601306006207314163947000292163,1756424523,2025-08-28 23:42:03,0.505
bitcoin-up-or-down-august-28-8pm-et,DOWN,65291832103314098292958390228316373027243815896601306006207314163947000292163,1756424584,2025-08-28 23:43:04,0.505
bitcoin-up-or-down-august-28-8pm-et,DOWN,65291832103314098292958390228316373027243815896601306006207314163947000292163,1756424643,2025-08-28 23:44:03,0.505
bitcoin-up-or-down-august-28-8pm-et,DOWN,65291832103314098292958390228316373027243815896601306006207314163947000292163,1756424711,2025-08-28 23:45:11,0.505
bitcoin-up-or-down-august-28-8pm-et,DOWN,65291832103314098292958390228316373027243815896601306006207314163947000292163,1756424762,2025-08-28 23:46:02,0.51
bitcoin-up-or-down-august-28-8pm-et,DOWN,65291832103314098292958390228316373027243815896601306006207314163947000292163,1756424822,2025-08-28 23:47:02,0.51
bitcoin-up-or-down-august-28-8pm-et,DOWN,65291832103314098292958390228316373027243815896601306006207314163947000292163,1756424882,2025-08-28 23:48:02,0.51
bitcoin-up-or-down-august-28-8pm-et,DOWN,65291832103314098292958390228316373027243815896601306006207314163947000292163,1756424942,2025-08-28 23:49:02,0.515
bitcoin-up-or-down-august-28-8pm-et,DOWN,65291832103314098292958390228316373027243815896601306006207314163947000292163,1756425002,2025-08-28 23:50:02,0.505
bitcoin-up-or-down-august-28-8pm-et,DOWN,65291832103314098292958390228316373027243815896601306006207314163947000292163,1756425062,2025-08-28 23:51:02,0.505
bitcoin-up-or-down-august-28-8pm-et,DOWN,65291832103314098292958390228316373027243815896601306006207314163947000292163,1756425123,2025-08-28 23:52:03,0.505
bitcoin-up-or-down-august-28-8pm-et,DOWN,65291832103314098292958390228316373027243815896601306006207314163947000292163,1756425183,2025-08-28 23:53:03,0.505
bitcoin-up-or-down-august-28-8pm-et,DOWN,65291832103314098292958390228316373027243815896601306006207314163947000292163,1756425243,2025-08-28 23:54:03,0.505
bitcoin-up-or-down-august-28-8pm-et,DOWN,65291832103314098292958390228316373027243815896601306006207314163947000292163,1756425315,2025-08-28 23:55:15,0.505
bitcoin-up-or-down-august-28-8pm-et,DOWN,65291832103314098292958390228316373027243815896601306006207314163947000292163,1756425363,2025-08-28 23:56:03,0.505
bitcoin-up-or-down-august-28-8pm-et,DOWN,65291832103314098292958390228316373027243815896601306006207314163947000292163,1756425423,2025-08-28 23:57:03,0.515
bitcoin-up-or-down-august-28-8pm-et,DOWN,65291832103314098292958390228316373027243815896601306006207314163947000292163,1756425483,2025-08-28 23:58:03,0.51
bitcoin-up-or-down-august-28-8pm-et,DOWN,65291832103314098292958390228316373027243815896601306006207314163947000292163,1756425542,2025-08-28 23:59:02,0.53
bitcoin-up-or-down-august-28-8pm-et,DOWN,65291832103314098292958390228316373027243815896601306006207314163947000292163,1756425610,2025-08-29 00:00:10,0.535
bitcoin-up-or-down-august-28-8pm-et,DOWN,65291832103314098292958390228316373027243815896601306006207314163947000292163,1756425664,2025-08-29 00:01:04,0.62
bitcoin-up-or-down-august-28-8pm-et,DOWN,65291832103314098292958390228316373027243815896601306006207314163947000292163,1756425723,2025-08-29 00:02:03,0.55
bitcoin-up-or-down-august-28-8pm-et,DOWN,65291832103314098292958390228316373027243815896601306006207314163947000292163,1756425782,2025-08-29 00:03:02,0.595
bitcoin-up-or-down-august-28-8pm-et,DOWN,65291832103314098292958390228316373027243815896601306006207314163947000292163,1756425843,2025-08-29 00:04:03,0.54
bitcoin-up-or-down-august-28-8pm-et,DOWN,65291832103314098292958390228316373027243815896601306006207314163947000292163,1756425906,2025-08-29 00:05:06,0.58
bitcoin-up-or-down-august-28-8pm-et,DOWN,65291832103314098292958390228316373027243815896601306006207314163947000292163,1756425962,2025-08-29 00:06:02,0.61
bitcoin-up-or-down-august-28-8pm-et,DOWN,65291832103314098292958390228316373027243815896601306006207314163947000292163,1756426022,2025-08-29 00:07:02,0.635
bitcoin-up-or-down-august-28-8pm-et,DOWN,65291832103314098292958390228316373027243815896601306006207314163947000292163,1756426084,2025-08-29 00:08:04,0.645
bitcoin-up-or-down-august-28-8pm-et,DOWN,65291832103314098292958390228316373027243815896601306006207314163947000292163,1756426142,2025-08-29 00:09:02,0.705
bitcoin-up-or-down-august-28-8pm-et,DOWN,65291832103314098292958390228316373027243815896601306006207314163947000292163,1756426208,2025-08-29 00:10:08,0.725
bitcoin-up-or-down-august-28-8pm-et,DOWN,65291832103314098292958390228316373027243815896601306006207314163947000292163,1756426262,2025-08-29 00:11:02,0.73
bitcoin-up-or-down-august-28-8pm-et,DOWN,65291832103314098292958390228316373027243815896601306006207314163947000292163,1756426322,2025-08-29 00:12:02,0.64
bitcoin-up-or-down-august-28-8pm-et,DOWN,65291832103314098292958390228316373027243815896601306006207314163947000292163,1756426382,2025-08-29 00:13:02,0.61
bitcoin-up-or-down-august-28-8pm-et,DOWN,65291832103314098292958390228316373027243815896601306006207314163947000292163,1756426442,2025-08-29 00:14:02,0.655
bitcoin-up-or-down-august-28-8pm-et,DOWN,65291832103314098292958390228316373027243815896601306006207314163947000292163,1756426511,2025-08-29 00:15:11,0.675
bitcoin-up-or-down-august-28-8pm-et,DOWN,65291832103314098292958390228316373027243815896601306006207314163947000292163,1756426562,2025-08-29 00:16:02,0.7
bitcoin-up-or-down-august-28-8pm-et,DOWN,65291832103314098292958390228316373027243815896601306006207314163947000292163,1756426623,2025-08-29 00:17:03,0.68
bitcoin-up-or-down-august-28-8pm-et,DOWN,65291832103314098292958390228316373027243815896601306006207314163947000292163,1756426684,2025-08-29 00:18:04,0.63
bitcoin-up-or-down-august-28-8pm-et,DOWN,65291832103314098292958390228316373027243815896601306006207314163947000292163,1756426742,2025-08-29 00:19:02,0.62
bitcoin-up-or-down-august-28-8pm-et,DOWN,65291832103314098292958390228316373027243815896601306006207314163947000292163,1756426813,2025-08-29 00:20:13,0.535
bitcoin-up-or-down-august-28-8pm-et,DOWN,65291832103314098292958390228316373027243815896601306006207314163947000292163,1756426863,2025-08-29 00:21:03,0.635
bitcoin-up-or-down-august-28-8pm-et,DOWN,65291832103314098292958390228316373027243815896601306006207314163947000292163,1756426922,2025-08-29 00:22:02,0.77
bitcoin-up-or-down-august-28-8pm-et,DOWN,65291832103314098292958390228316373027243815896601306006207314163947000292163,1756426982,2025-08-29 00:23:02,0.645
bitcoin-up-or-down-august-28-8pm-et,DOWN,65291832103314098292958390228316373027243815896601306006207314163947000292163,1756427044,2025-08-29 00:24:04,0.645
bitcoin-up-or-down-august-28-8pm-et,DOWN,65291832103314098292958390228316373027243815896601306006207314163947000292163,1756427103,2025-08-29 00:25:03,0.72
bitcoin-up-or-down-august-28-8pm-et,DOWN,65291832103314098292958390228316373027243815896601306006207314163947000292163,1756427162,2025-08-29 00:26:02,0.69
bitcoin-up-or-down-august-28-8pm-et,DOWN,65291832103314098292958390228316373027243815896601306006207314163947000292163,1756427222,2025-08-29 00:27:02,0.75
bitcoin-up-or-down-august-28-8pm-et,DOWN,65291832103314098292958390228316373027243815896601306006207314163947000292163,1756427282,2025-08-29 00:28:02,0.73
bitcoin-up-or-down-august-28-8pm-et,DOWN,65291832103314098292958390228316373027243815896601306006207314163947000292163,1756427342,2025-08-29 00:29:02,0.53
bitcoin-up-or-down-august-28-8pm-et,DOWN,65291832103314098292958390228316373027243815896601306006207314163947000292163,1756427404,2025-08-29 00:30:04,0.455
bitcoin-up-or-down-august-28-8pm-et,DOWN,65291832103314098292958390228316373027243815896601306006207314163947000292163,1756427464,2025-08-29 00:31:04,0.575
bitcoin-up-or-down-august-28-8pm-et,DOWN,65291832103314098292958390228316373027243815896601306006207314163947000292163,1756427522,2025-08-29 00:32:02,0.63
bitcoin-up-or-down-august-28-8pm-et,DOWN,65291832103314098292958390228316373027243815896601306006207314163947000292163,1756427582,2025-08-29 00:33:02,0.715
bitcoin-up-or-down-august-28-8pm-et,DOWN,65291832103314098292958390228316373027243815896601306006207314163947000292163,1756427642,2025-08-29 00:34:02,0.775
bitcoin-up-or-down-august-28-8pm-et,DOWN,65291832103314098292958390228316373027243815896601306006207314163947000292163,1756427705,2025-08-29 00:35:05,0.785
bitcoin-up-or-down-august-28-8pm-et,DOWN,65291832103314098292958390228316373027243815896601306006207314163947000292163,1756427762,2025-08-29 00:36:02,0.78
bitcoin-up-or-down-august-28-8pm-et,DOWN,65291832103314098292958390228316373027243815896601306006207314163947000292163,1756427823,2025-08-29 00:37:03,0.76
bitcoin-up-or-down-august-28-8pm-et,DOWN,65291832103314098292958390228316373027243815896601306006207314163947000292163,1756427883,2025-08-29 00:38:03,0.79
bitcoin-up-or-down-august-28-8pm-et,DOWN,65291832103314098292958390228316373027243815896601306006207314163947000292163,1756427942,2025-08-29 00:39:02,0.86
bitcoin-up-or-down-august-28-8pm-et,DOWN,65291832103314098292958390228316373027243815896601306006207314163947000292163,1756428010,2025-08-29 00:40:10,0.835
bitcoin-up-or-down-august-28-8pm-et,DOWN,65291832103314098292958390228316373027243815896601306006207314163947000292163,1756428062,2025-08-29 00:41:02,0.88
bitcoin-up-or-down-august-28-8pm-et,DOWN,65291832103314098292958390228316373027243815896601306006207314163947000292163,1756428125,2025-08-29 00:42:05,0.88
bitcoin-up-or-down-august-28-8pm-et,DOWN,65291832103314098292958390228316373027243815896601306006207314163947000292163,1756428183,2025-08-29 00:43:03,0.89
bitcoin-up-or-down-august-28-8pm-et,DOWN,65291832103314098292958390228316373027243815896601306006207314163947000292163,1756428242,2025-08-29 00:44:02,0.9
bitcoin-up-or-down-august-28-8pm-et,DOWN,65291832103314098292958390228316373027243815896601306006207314163947000292163,1756428311,2025-08-29 00:45:11,0.945
bitcoin-up-or-down-august-28-8pm-et,DOWN,65291832103314098292958390228316373027243815896601306006207314163947000292163,1756428363,2025-08-29 00:46:03,0.955
bitcoin-up-or-down-august-28-8pm-et,DOWN,65291832103314098292958390228316373027243815896601306006207314163947000292163,1756428424,2025-08-29 00:47:04,0.96
bitcoin-up-or-down-august-28-8pm-et,DOWN,65291832103314098292958390228316373027243815896601306006207314163947000292163,1756428483,2025-08-29 00:48:03,0.985
bitcoin-up-or-down-august-28-8pm-et,DOWN,65291832103314098292958390228316373027243815896601306006207314163947000292163,1756428542,2025-08-29 00:49:02,0.975
bitcoin-up-or-down-august-28-8pm-et,DOWN,65291832103314098292958390228316373027243815896601306006207314163947000292163,1756428613,2025-08-29 00:50:13,0.985
bitcoin-up-or-down-august-28-8pm-et,DOWN,65291832103314098292958390228316373027243815896601306006207314163947000292163,1756428663,2025-08-29 00:51:03,0.985
bitcoin-up-or-down-august-28-8pm-et,DOWN,65291832103314098292958390228316373027243815896601306006207314163947000292163,1756428724,2025-08-29 00:52:04,0.995
bitcoin-up-or-down-august-28-8pm-et,DOWN,65291832103314098292958390228316373027243815896601306006207314163947000292163,1756428782,2025-08-29 00:53:02,0.995
bitcoin-up-or-down-august-28-8pm-et,DOWN,65291832103314098292958390228316373027243815896601306006207314163947000292163,1756428842,2025-08-29 00:54:02,0.995
bitcoin-up-or-down-august-28-8pm-et,DOWN,65291832103314098292958390228316373027243815896601306006207314163947000292163,1756428910,2025-08-29 00:55:10,0.995
bitcoin-up-or-down-august-28-8pm-et,DOWN,65291832103314098292958390228316373027243815896601306006207314163947000292163,1756428963,2025-08-29 00:56:03,0.995
bitcoin-up-or-down-august-28-8pm-et,DOWN,65291832103314098292958390228316373027243815896601306006207314163947000292163,1756429022,2025-08-29 00:57:02,0.995
bitcoin-up-or-down-august-28-8pm-et,DOWN,65291832103314098292958390228316373027243815896601306006207314163947000292163,1756429083,2025-08-29 00:58:03,0.995
bitcoin-up-or-down-august-28-8pm-et,DOWN,65291832103314098292958390228316373027243815896601306006207314163947000292163,1756429143,2025-08-29 00:59:03,0.995
