event_slug,leg,token_id,timestamp,iso_time_utc,midpoint
bitcoin-up-or-down-august-28-5am-et,UP,6791777700662748561554896865768845768474800581889937927345344110541968706131,1756198330,2025-08-26 08:52:10,0.5
bitcoin-up-or-down-august-28-5am-et,UP,6791777700662748561554896865768845768474800581889937927345344110541968706131,1756198382,2025-08-26 08:53:02,0.5
bitcoin-up-or-down-august-28-5am-et,UP,6791777700662748561554896865768845768474800581889937927345344110541968706131,1756198443,2025-08-26 08:54:03,0.5
bitcoin-up-or-down-august-28-5am-et,UP,6791777700662748561554896865768845768474800581889937927345344110541968706131,1756198505,2025-08-26 08:55:05,0.5
bitcoin-up-or-down-august-28-5am-et,UP,6791777700662748561554896865768845768474800581889937927345344110541968706131,1756198563,2025-08-26 08:56:03,0.5
bitcoin-up-or-down-august-28-5am-et,UP,6791777700662748561554896865768845768474800581889937927345344110541968706131,1756198622,2025-08-26 08:57:02,0.5
bitcoin-up-or-down-august-28-5am-et,UP,6791777700662748561554896865768845768474800581889937927345344110541968706131,1756198682,2025-08-26 08:58:02,0.5
bitcoin-up-or-down-august-28-5am-et,UP,6791777700662748561554896865768845768474800581889937927345344110541968706131,1756198742,2025-08-26 08:59:02,0.5
bitcoin-up-or-down-august-28-5am-et,UP,6791777700662748561554896865768845768474800581889937927345344110541968706131,1756198806,2025-08-26 09:00:06,0.5
bitcoin-up-or-down-august-28-5am-et,UP,6791777700662748561554896865768845768474800581889937927345344110541968706131,1756198862,2025-08-26 09:01:02,0.5
bitcoin-up-or-down-august-28-5am-et,UP,6791777700662748561554896865768845768474800581889937927345344110541968706131,1756198923,2025-08-26 09:02:03,0.5
bitcoin-up-or-down-august-28-5am-et,UP,6791777700662748561554896865768845768474800581889937927345344110541968706131,1756198984,2025-08-26 09:03:04,0.5
bitcoin-up-or-down-august-28-5am-et,UP,6791777700662748561554896865768845768474800581889937927345344110541968706131,1756199042,2025-08-26 09:04:02,0.5
bitcoin-up-or-down-august-28-5am-et,UP,6791777700662748561554896865768845768474800581889937927345344110541968706131,1756199102,2025-08-26 09:05:02,0.5
bitcoin-up-or-down-august-28-5am-et,UP,6791777700662748561554896865768845768474800581889937927345344110541968706131,1756199162,2025-08-26 09:06:02,0.5
bitcoin-up-or-down-august-28-5am-et,UP,6791777700662748561554896865768845768474800581889937927345344110541968706131,1756199222,2025-08-26 09:07:02,0.5
bitcoin-up-or-down-august-28-5am-et,UP,6791777700662748561554896865768845768474800581889937927345344110541968706131,1756199282,2025-08-26 09:08:02,0.5
bitcoin-up-or-down-august-28-5am-et,UP,6791777700662748561554896865768845768474800581889937927345344110541968706131,1756199342,2025-08-26 09:09:02,0.5
bitcoin-up-or-down-august-28-5am-et,UP,6791777700662748561554896865768845768474800581889937927345344110541968706131,1756199402,2025-08-26 09:10:02,0.5
bitcoin-up-or-down-august-28-5am-et,UP,6791777700662748561554896865768845768474800581889937927345344110541968706131,1756199463,2025-08-26 09:11:03,0.5
bitcoin-up-or-down-august-28-5am-et,UP,6791777700662748561554896865768845768474800581889937927345344110541968706131,1756199523,2025-08-26 09:12:03,0.5
bitcoin-up-or-down-august-28-5am-et,UP,6791777700662748561554896865768845768474800581889937927345344110541968706131,1756199583,2025-08-26 09:13:03,0.5
bitcoin-up-or-down-august-28-5am-et,UP,6791777700662748561554896865768845768474800581889937927345344110541968706131,1756199642,2025-08-26 09:14:02,0.5
bitcoin-up-or-down-august-28-5am-et,UP,6791777700662748561554896865768845768474800581889937927345344110541968706131,1756199703,2025-08-26 09:15:03,0.5
bitcoin-up-or-down-august-28-5am-et,UP,6791777700662748561554896865768845768474800581889937927345344110541968706131,1756199762,2025-08-26 09:16:02,0.5
bitcoin-up-or-down-august-28-5am-et,UP,6791777700662748561554896865768845768474800581889937927345344110541968706131,1756199823,2025-08-26 09:17:03,0.5
bitcoin-up-or-down-august-28-5am-et,UP,6791777700662748561554896865768845768474800581889937927345344110541968706131,1756199883,2025-08-26 09:18:03,0.5
bitcoin-up-or-down-august-28-5am-et,UP,6791777700662748561554896865768845768474800581889937927345344110541968706131,1756199942,2025-08-26 09:19:02,0.5
bitcoin-up-or-down-august-28-5am-et,UP,6791777700662748561554896865768845768474800581889937927345344110541968706131,1756200003,2025-08-26 09:20:03,0.5
bitcoin-up-or-down-august-28-5am-et,UP,6791777700662748561554896865768845768474800581889937927345344110541968706131,1756200063,2025-08-26 09:21:03,0.5
bitcoin-up-or-down-august-28-5am-et,UP,6791777700662748561554896865768845768474800581889937927345344110541968706131,1756200123,2025-08-26 09:22:03,0.5
bitcoin-up-or-down-august-28-5am-et,UP,6791777700662748561554896865768845768474800581889937927345344110541968706131,1756200182,2025-08-26 09:23:02,0.5
bitcoin-up-or-down-august-28-5am-et,UP,6791777700662748561554896865768845768474800581889937927345344110541968706131,1756200243,2025-08-26 09:24:03,0.5
bitcoin-up-or-down-august-28-5am-et,UP,6791777700662748561554896865768845768474800581889937927345344110541968706131,1756200303,2025-08-26 09:25:03,0.5
bitcoin-up-or-down-august-28-5am-et,UP,6791777700662748561554896865768845768474800581889937927345344110541968706131,1756200363,2025-08-26 09:26:03,0.5
bitcoin-up-or-down-august-28-5am-et,UP,6791777700662748561554896865768845768474800581889937927345344110541968706131,1756200422,2025-08-26 09:27:02,0.5
bitcoin-up-or-down-august-28-5am-et,UP,6791777700662748561554896865768845768474800581889937927345344110541968706131,1756200483,2025-08-26 09:28:03,0.5
bitcoin-up-or-down-august-28-5am-et,UP,6791777700662748561554896865768845768474800581889937927345344110541968706131,1756200542,2025-08-26 09:29:02,0.5
bitcoin-up-or-down-august-28-5am-et,UP,6791777700662748561554896865768845768474800581889937927345344110541968706131,1756200608,2025-08-26 09:30:08,0.5
bitcoin-up-or-down-august-28-5am-et,UP,6791777700662748561554896865768845768474800581889937927345344110541968706131,1756200662,2025-08-26 09:31:02,0.5
bitcoin-up-or-down-august-28-5am-et,UP,6791777700662748561554896865768845768474800581889937927345344110541968706131,1756200723,2025-08-26 09:32:03,0.5
bitcoin-up-or-down-august-28-5am-et,UP,6791777700662748561554896865768845768474800581889937927345344110541968706131,1756200782,2025-08-26 09:33:02,0.5
bitcoin-up-or-down-august-28-5am-et,UP,6791777700662748561554896865768845768474800581889937927345344110541968706131,1756200842,2025-08-26 09:34:02,0.5
bitcoin-up-or-down-august-28-5am-et,UP,6791777700662748561554896865768845768474800581889937927345344110541968706131,1756200902,2025-08-26 09:35:02,0.5
bitcoin-up-or-down-august-28-5am-et,UP,6791777700662748561554896865768845768474800581889937927345344110541968706131,1756200963,2025-08-26 09:36:03,0.5
bitcoin-up-or-down-august-28-5am-et,UP,6791777700662748561554896865768845768474800581889937927345344110541968706131,1756201022,2025-08-26 09:37:02,0.5
bitcoin-up-or-down-august-28-5am-et,UP,6791777700662748561554896865768845768474800581889937927345344110541968706131,1756201082,2025-08-26 09:38:02,0.5
bitcoin-up-or-down-august-28-5am-et,UP,6791777700662748561554896865768845768474800581889937927345344110541968706131,1756201142,2025-08-26 09:39:02,0.5
bitcoin-up-or-down-august-28-5am-et,UP,6791777700662748561554896865768845768474800581889937927345344110541968706131,1756201204,2025-08-26 09:40:04,0.5
bitcoin-up-or-down-august-28-5am-et,UP,6791777700662748561554896865768845768474800581889937927345344110541968706131,1756201262,2025-08-26 09:41:02,0.5
bitcoin-up-or-down-august-28-5am-et,UP,6791777700662748561554896865768845768474800581889937927345344110541968706131,1756201323,2025-08-26 09:42:03,0.5
bitcoin-up-or-down-august-28-5am-et,UP,6791777700662748561554896865768845768474800581889937927345344110541968706131,1756201383,2025-08-26 09:43:03,0.5
bitcoin-up-or-down-august-28-5am-et,UP,6791777700662748561554896865768845768474800581889937927345344110541968706131,1756201442,2025-08-26 09:44:02,0.5
bitcoin-up-or-down-august-28-5am-et,UP,6791777700662748561554896865768845768474800581889937927345344110541968706131,1756201503,2025-08-26 09:45:03,0.5
bitcoin-up-or-down-august-28-5am-et,UP,6791777700662748561554896865768845768474800581889937927345344110541968706131,1756201563,2025-08-26 09:46:03,0.5
bitcoin-up-or-down-august-28-5am-et,UP,6791777700662748561554896865768845768474800581889937927345344110541968706131,1756201623,2025-08-26 09:47:03,0.5
bitcoin-up-or-down-august-28-5am-et,UP,6791777700662748561554896865768845768474800581889937927345344110541968706131,1756201682,2025-08-26 09:48:02,0.5
bitcoin-up-or-down-august-28-5am-et,UP,6791777700662748561554896865768845768474800581889937927345344110541968706131,1756201743,2025-08-26 09:49:03,0.5
bitcoin-up-or-down-august-28-5am-et,UP,6791777700662748561554896865768845768474800581889937927345344110541968706131,1756201802,2025-08-26 09:50:02,0.5
bitcoin-up-or-down-august-28-5am-et,UP,6791777700662748561554896865768845768474800581889937927345344110541968706131,1756201863,2025-08-26 09:51:03,0.5
bitcoin-up-or-down-august-28-5am-et,UP,6791777700662748561554896865768845768474800581889937927345344110541968706131,1756201922,2025-08-26 09:52:02,0.5
bitcoin-up-or-down-august-28-5am-et,UP,6791777700662748561554896865768845768474800581889937927345344110541968706131,1756201982,2025-08-26 09:53:02,0.5
bitcoin-up-or-down-august-28-5am-et,UP,6791777700662748561554896865768845768474800581889937927345344110541968706131,1756202044,2025-08-26 09:54:04,0.5
bitcoin-up-or-down-august-28-5am-et,UP,6791777700662748561554896865768845768474800581889937927345344110541968706131,1756202102,2025-08-26 09:55:02,0.5
bitcoin-up-or-down-august-28-5am-et,UP,6791777700662748561554896865768845768474800581889937927345344110541968706131,1756202162,2025-08-26 09:56:02,0.5
bitcoin-up-or-down-august-28-5am-et,UP,6791777700662748561554896865768845768474800581889937927345344110541968706131,1756202223,2025-08-26 09:57:03,0.5
bitcoin-up-or-down-august-28-5am-et,UP,6791777700662748561554896865768845768474800581889937927345344110541968706131,1756202284,2025-08-26 09:58:04,0.5
bitcoin-up-or-down-august-28-5am-et,UP,6791777700662748561554896865768845768474800581889937927345344110541968706131,1756202343,2025-08-26 09:59:03,0.5
bitcoin-up-or-down-august-28-5am-et,UP,6791777700662748561554896865768845768474800581889937927345344110541968706131,1756202406,2025-08-26 10:00:06,0.5
bitcoin-up-or-down-august-28-5am-et,UP,6791777700662748561554896865768845768474800581889937927345344110541968706131,1756202462,2025-08-26 10:01:02,0.5
bitcoin-up-or-down-august-28-5am-et,UP,6791777700662748561554896865768845768474800581889937927345344110541968706131,1756202523,2025-08-26 10:02:03,0.5
bitcoin-up-or-down-august-28-5am-et,UP,6791777700662748561554896865768845768474800581889937927345344110541968706131,1756202584,2025-08-26 10:03:04,0.5
bitcoin-up-or-down-august-28-5am-et,UP,6791777700662748561554896865768845768474800581889937927345344110541968706131,1756202644,2025-08-26 10:04:04,0.5
bitcoin-up-or-down-august-28-5am-et,UP,6791777700662748561554896865768845768474800581889937927345344110541968706131,1756202702,2025-08-26 10:05:02,0.5
bitcoin-up-or-down-august-28-5am-et,UP,6791777700662748561554896865768845768474800581889937927345344110541968706131,1756202764,2025-08-26 10:06:04,0.5
bitcoin-up-or-down-august-28-5am-et,UP,6791777700662748561554896865768845768474800581889937927345344110541968706131,1756202823,2025-08-26 10:07:03,0.5
bitcoin-up-or-down-august-28-5am-et,UP,6791777700662748561554896865768845768474800581889937927345344110541968706131,1756202883,2025-08-26 10:08:03,0.5
bitcoin-up-or-down-august-28-5am-et,UP,6791777700662748561554896865768845768474800581889937927345344110541968706131,1756202942,2025-08-26 10:09:02,0.5
bitcoin-up-or-down-august-28-5am-et,UP,6791777700662748561554896865768845768474800581889937927345344110541968706131,1756203003,2025-08-26 10:10:03,0.5
bitcoin-up-or-down-august-28-5am-et,UP,6791777700662748561554896865768845768474800581889937927345344110541968706131,1756203063,2025-08-26 10:11:03,0.5
bitcoin-up-or-down-august-28-5am-et,UP,6791777700662748561554896865768845768474800581889937927345344110541968706131,1756203123,2025-08-26 10:12:03,0.5
bitcoin-up-or-down-august-28-5am-et,UP,6791777700662748561554896865768845768474800581889937927345344110541968706131,1756203183,2025-08-26 10:13:03,0.5
bitcoin-up-or-down-august-28-5am-et,UP,6791777700662748561554896865768845768474800581889937927345344110541968706131,1756203242,2025-08-26 10:14:02,0.5
bitcoin-up-or-down-august-28-5am-et,UP,6791777700662748561554896865768845768474800581889937927345344110541968706131,1756203304,2025-08-26 10:15:04,0.5
bitcoin-up-or-down-august-28-5am-et,UP,6791777700662748561554896865768845768474800581889937927345344110541968706131,1756203362,2025-08-26 10:16:02,0.5
bitcoin-up-or-down-august-28-5am-et,UP,6791777700662748561554896865768845768474800581889937927345344110541968706131,1756203422,2025-08-26 10:17:02,0.5
bitcoin-up-or-down-august-28-5am-et,UP,6791777700662748561554896865768845768474800581889937927345344110541968706131,1756203486,2025-08-26 10:18:06,0.5
bitcoin-up-or-down-august-28-5am-et,UP,6791777700662748561554896865768845768474800581889937927345344110541968706131,1756203543,2025-08-26 10:19:03,0.5
bitcoin-up-or-down-august-28-5am-et,UP,6791777700662748561554896865768845768474800581889937927345344110541968706131,1756203603,2025-08-26 10:20:03,0.5
bitcoin-up-or-down-august-28-5am-et,UP,6791777700662748561554896865768845768474800581889937927345344110541968706131,1756203662,2025-08-26 10:21:02,0.5
bitcoin-up-or-down-august-28-5am-et,UP,6791777700662748561554896865768845768474800581889937927345344110541968706131,1756203723,2025-08-26 10:22:03,0.5
bitcoin-up-or-down-august-28-5am-et,UP,6791777700662748561554896865768845768474800581889937927345344110541968706131,1756203783,2025-08-26 10:23:03,0.5
bitcoin-up-or-down-august-28-5am-et,UP,6791777700662748561554896865768845768474800581889937927345344110541968706131,1756203842,2025-08-26 10:24:02,0.5
bitcoin-up-or-down-august-28-5am-et,UP,6791777700662748561554896865768845768474800581889937927345344110541968706131,1756203904,2025-08-26 10:25:04,0.5
bitcoin-up-or-down-august-28-5am-et,UP,6791777700662748561554896865768845768474800581889937927345344110541968706131,1756203963,2025-08-26 10:26:03,0.5
bitcoin-up-or-down-august-28-5am-et,UP,6791777700662748561554896865768845768474800581889937927345344110541968706131,1756204022,2025-08-26 10:27:02,0.5
bitcoin-up-or-down-august-28-5am-et,UP,6791777700662748561554896865768845768474800581889937927345344110541968706131,1756204083,2025-08-26 10:28:03,0.5
bitcoin-up-or-down-august-28-5am-et,UP,6791777700662748561554896865768845768474800581889937927345344110541968706131,1756204143,2025-08-26 10:29:03,0.5
bitcoin-up-or-down-august-28-5am-et,UP,6791777700662748561554896865768845768474800581889937927345344110541968706131,1756204202,2025-08-26 10:30:02,0.5
bitcoin-up-or-down-august-28-5am-et,UP,6791777700662748561554896865768845768474800581889937927345344110541968706131,1756204263,2025-08-26 10:31:03,0.5
bitcoin-up-or-down-august-28-5am-et,UP,6791777700662748561554896865768845768474800581889937927345344110541968706131,1756204324,2025-08-26 10:32:04,0.5
bitcoin-up-or-down-august-28-5am-et,UP,6791777700662748561554896865768845768474800581889937927345344110541968706131,1756204382,2025-08-26 10:33:02,0.5
bitcoin-up-or-down-august-28-5am-et,UP,6791777700662748561554896865768845768474800581889937927345344110541968706131,1756204442,2025-08-26 10:34:02,0.5
bitcoin-up-or-down-august-28-5am-et,UP,6791777700662748561554896865768845768474800581889937927345344110541968706131,1756204502,2025-08-26 10:35:02,0.5
bitcoin-up-or-down-august-28-5am-et,UP,6791777700662748561554896865768845768474800581889937927345344110541968706131,1756204563,2025-08-26 10:36:03,0.5
bitcoin-up-or-down-august-28-5am-et,UP,6791777700662748561554896865768845768474800581889937927345344110541968706131,1756204622,2025-08-26 10:37:02,0.5
bitcoin-up-or-down-august-28-5am-et,UP,6791777700662748561554896865768845768474800581889937927345344110541968706131,1756204682,2025-08-26 10:38:02,0.5
bitcoin-up-or-down-august-28-5am-et,UP,6791777700662748561554896865768845768474800581889937927345344110541968706131,1756204743,2025-08-26 10:39:03,0.5
bitcoin-up-or-down-august-28-5am-et,UP,6791777700662748561554896865768845768474800581889937927345344110541968706131,1756204802,2025-08-26 10:40:02,0.5
bitcoin-up-or-down-august-28-5am-et,UP,6791777700662748561554896865768845768474800581889937927345344110541968706131,1756204863,2025-08-26 10:41:03,0.5
bitcoin-up-or-down-august-28-5am-et,UP,6791777700662748561554896865768845768474800581889937927345344110541968706131,1756204923,2025-08-26 10:42:03,0.5
bitcoin-up-or-down-august-28-5am-et,UP,6791777700662748561554896865768845768474800581889937927345344110541968706131,1756204983,2025-08-26 10:43:03,0.5
bitcoin-up-or-down-august-28-5am-et,UP,6791777700662748561554896865768845768474800581889937927345344110541968706131,1756205050,2025-08-26 10:44:10,0.5
bitcoin-up-or-down-august-28-5am-et,UP,6791777700662748561554896865768845768474800581889937927345344110541968706131,1756205105,2025-08-26 10:45:05,0.5
bitcoin-up-or-down-august-28-5am-et,UP,6791777700662748561554896865768845768474800581889937927345344110541968706131,1756205162,2025-08-26 10:46:02,0.5
bitcoin-up-or-down-august-28-5am-et,UP,6791777700662748561554896865768845768474800581889937927345344110541968706131,1756205223,2025-08-26 10:47:03,0.5
bitcoin-up-or-down-august-28-5am-et,UP,6791777700662748561554896865768845768474800581889937927345344110541968706131,1756205283,2025-08-26 10:48:03,0.5
bitcoin-up-or-down-august-28-5am-et,UP,6791777700662748561554896865768845768474800581889937927345344110541968706131,1756205343,2025-08-26 10:49:03,0.5
bitcoin-up-or-down-august-28-5am-et,UP,6791777700662748561554896865768845768474800581889937927345344110541968706131,1756205402,2025-08-26 10:50:02,0.5
bitcoin-up-or-down-august-28-5am-et,UP,6791777700662748561554896865768845768474800581889937927345344110541968706131,1756205464,2025-08-26 10:51:04,0.5
bitcoin-up-or-down-august-28-5am-et,UP,6791777700662748561554896865768845768474800581889937927345344110541968706131,1756205523,2025-08-26 10:52:03,0.5
bitcoin-up-or-down-august-28-5am-et,UP,6791777700662748561554896865768845768474800581889937927345344110541968706131,1756205582,2025-08-26 10:53:02,0.5
bitcoin-up-or-down-august-28-5am-et,UP,6791777700662748561554896865768845768474800581889937927345344110541968706131,1756205644,2025-08-26 10:54:04,0.5
bitcoin-up-or-down-august-28-5am-et,UP,6791777700662748561554896865768845768474800581889937927345344110541968706131,1756205703,2025-08-26 10:55:03,0.5
bitcoin-up-or-down-august-28-5am-et,UP,6791777700662748561554896865768845768474800581889937927345344110541968706131,1756205762,2025-08-26 10:56:02,0.5
bitcoin-up-or-down-august-28-5am-et,UP,6791777700662748561554896865768845768474800581889937927345344110541968706131,1756205823,2025-08-26 10:57:03,0.5
bitcoin-up-or-down-august-28-5am-et,UP,6791777700662748561554896865768845768474800581889937927345344110541968706131,1756205882,2025-08-26 10:58:02,0.5
bitcoin-up-or-down-august-28-5am-et,UP,6791777700662748561554896865768845768474800581889937927345344110541968706131,1756205943,2025-08-26 10:59:03,0.5
bitcoin-up-or-down-august-28-5am-et,UP,6791777700662748561554896865768845768474800581889937927345344110541968706131,1756206016,2025-08-26 11:00:16,0.5
bitcoin-up-or-down-august-28-5am-et,UP,6791777700662748561554896865768845768474800581889937927345344110541968706131,1756206064,2025-08-26 11:01:04,0.5
bitcoin-up-or-down-august-28-5am-et,UP,6791777700662748561554896865768845768474800581889937927345344110541968706131,1756206122,2025-08-26 11:02:02,0.5
bitcoin-up-or-down-august-28-5am-et,UP,6791777700662748561554896865768845768474800581889937927345344110541968706131,1756206182,2025-08-26 11:03:02,0.5
bitcoin-up-or-down-august-28-5am-et,UP,6791777700662748561554896865768845768474800581889937927345344110541968706131,1756206243,2025-08-26 11:04:03,0.5
bitcoin-up-or-down-august-28-5am-et,UP,6791777700662748561554896865768845768474800581889937927345344110541968706131,1756206302,2025-08-26 11:05:02,0.5
bitcoin-up-or-down-august-28-5am-et,UP,6791777700662748561554896865768845768474800581889937927345344110541968706131,1756206363,2025-08-26 11:06:03,0.5
bitcoin-up-or-down-august-28-5am-et,UP,6791777700662748561554896865768845768474800581889937927345344110541968706131,1756206424,2025-08-26 11:07:04,0.5
bitcoin-up-or-down-august-28-5am-et,UP,6791777700662748561554896865768845768474800581889937927345344110541968706131,1756206483,2025-08-26 11:08:03,0.5
bitcoin-up-or-down-august-28-5am-et,UP,6791777700662748561554896865768845768474800581889937927345344110541968706131,1756206542,2025-08-26 11:09:02,0.5
bitcoin-up-or-down-august-28-5am-et,UP,6791777700662748561554896865768845768474800581889937927345344110541968706131,1756206602,2025-08-26 11:10:02,0.5
bitcoin-up-or-down-august-28-5am-et,UP,6791777700662748561554896865768845768474800581889937927345344110541968706131,1756206663,2025-08-26 11:11:03,0.5
bitcoin-up-or-down-august-28-5am-et,UP,6791777700662748561554896865768845768474800581889937927345344110541968706131,1756206724,2025-08-26 11:12:04,0.5
bitcoin-up-or-down-august-28-5am-et,UP,6791777700662748561554896865768845768474800581889937927345344110541968706131,1756206782,2025-08-26 11:13:02,0.5
bitcoin-up-or-down-august-28-5am-et,UP,6791777700662748561554896865768845768474800581889937927345344110541968706131,1756206843,2025-08-26 11:14:03,0.5
bitcoin-up-or-down-august-28-5am-et,UP,6791777700662748561554896865768845768474800581889937927345344110541968706131,1756206902,2025-08-26 11:15:02,0.5
bitcoin-up-or-down-august-28-5am-et,UP,6791777700662748561554896865768845768474800581889937927345344110541968706131,1756206962,2025-08-26 11:16:02,0.5
bitcoin-up-or-down-august-28-5am-et,UP,6791777700662748561554896865768845768474800581889937927345344110541968706131,1756207022,2025-08-26 11:17:02,0.5
bitcoin-up-or-down-august-28-5am-et,UP,6791777700662748561554896865768845768474800581889937927345344110541968706131,1756207082,2025-08-26 11:18:02,0.5
bitcoin-up-or-down-august-28-5am-et,UP,6791777700662748561554896865768845768474800581889937927345344110541968706131,1756207144,2025-08-26 11:19:04,0.5
bitcoin-up-or-down-august-28-5am-et,UP,6791777700662748561554896865768845768474800581889937927345344110541968706131,1756207203,2025-08-26 11:20:03,0.5
bitcoin-up-or-down-august-28-5am-et,UP,6791777700662748561554896865768845768474800581889937927345344110541968706131,1756207263,2025-08-26 11:21:03,0.5
bitcoin-up-or-down-august-28-5am-et,UP,6791777700662748561554896865768845768474800581889937927345344110541968706131,1756207322,2025-08-26 11:22:02,0.5
bitcoin-up-or-down-august-28-5am-et,UP,6791777700662748561554896865768845768474800581889937927345344110541968706131,1756207382,2025-08-26 11:23:02,0.5
bitcoin-up-or-down-august-28-5am-et,UP,6791777700662748561554896865768845768474800581889937927345344110541968706131,1756207442,2025-08-26 11:24:02,0.5
bitcoin-up-or-down-august-28-5am-et,UP,6791777700662748561554896865768845768474800581889937927345344110541968706131,1756207504,2025-08-26 11:25:04,0.5
bitcoin-up-or-down-august-28-5am-et,UP,6791777700662748561554896865768845768474800581889937927345344110541968706131,1756207567,2025-08-26 11:26:07,0.5
bitcoin-up-or-down-august-28-5am-et,UP,6791777700662748561554896865768845768474800581889937927345344110541968706131,1756207623,2025-08-26 11:27:03,0.5
bitcoin-up-or-down-august-28-5am-et,UP,6791777700662748561554896865768845768474800581889937927345344110541968706131,1756207682,2025-08-26 11:28:02,0.5
bitcoin-up-or-down-august-28-5am-et,UP,6791777700662748561554896865768845768474800581889937927345344110541968706131,1756207743,2025-08-26 11:29:03,0.5
bitcoin-up-or-down-august-28-5am-et,UP,6791777700662748561554896865768845768474800581889937927345344110541968706131,1756207803,2025-08-26 11:30:03,0.5
bitcoin-up-or-down-august-28-5am-et,UP,6791777700662748561554896865768845768474800581889937927345344110541968706131,1756207863,2025-08-26 11:31:03,0.5
bitcoin-up-or-down-august-28-5am-et,UP,6791777700662748561554896865768845768474800581889937927345344110541968706131,1756207923,2025-08-26 11:32:03,0.5
bitcoin-up-or-down-august-28-5am-et,UP,6791777700662748561554896865768845768474800581889937927345344110541968706131,1756207982,2025-08-26 11:33:02,0.5
bitcoin-up-or-down-august-28-5am-et,UP,6791777700662748561554896865768845768474800581889937927345344110541968706131,1756208043,2025-08-26 11:34:03,0.5
bitcoin-up-or-down-august-28-5am-et,UP,6791777700662748561554896865768845768474800581889937927345344110541968706131,1756208103,2025-08-26 11:35:03,0.5
bitcoin-up-or-down-august-28-5am-et,UP,6791777700662748561554896865768845768474800581889937927345344110541968706131,1756208162,2025-08-26 11:36:02,0.5
bitcoin-up-or-down-august-28-5am-et,UP,6791777700662748561554896865768845768474800581889937927345344110541968706131,1756208222,2025-08-26 11:37:02,0.5
bitcoin-up-or-down-august-28-5am-et,UP,6791777700662748561554896865768845768474800581889937927345344110541968706131,1756208283,2025-08-26 11:38:03,0.5
bitcoin-up-or-down-august-28-5am-et,UP,6791777700662748561554896865768845768474800581889937927345344110541968706131,1756208343,2025-08-26 11:39:03,0.5
bitcoin-up-or-down-august-28-5am-et,UP,6791777700662748561554896865768845768474800581889937927345344110541968706131,1756208403,2025-08-26 11:40:03,0.5
bitcoin-up-or-down-august-28-5am-et,UP,6791777700662748561554896865768845768474800581889937927345344110541968706131,1756208462,2025-08-26 11:41:02,0.5
bitcoin-up-or-down-august-28-5am-et,UP,6791777700662748561554896865768845768474800581889937927345344110541968706131,1756208523,2025-08-26 11:42:03,0.5
bitcoin-up-or-down-august-28-5am-et,UP,6791777700662748561554896865768845768474800581889937927345344110541968706131,1756208583,2025-08-26 11:43:03,0.5
bitcoin-up-or-down-august-28-5am-et,UP,6791777700662748561554896865768845768474800581889937927345344110541968706131,1756208643,2025-08-26 11:44:03,0.5
bitcoin-up-or-down-august-28-5am-et,UP,6791777700662748561554896865768845768474800581889937927345344110541968706131,1756208702,2025-08-26 11:45:02,0.5
bitcoin-up-or-down-august-28-5am-et,UP,6791777700662748561554896865768845768474800581889937927345344110541968706131,1756208763,2025-08-26 11:46:03,0.5
bitcoin-up-or-down-august-28-5am-et,UP,6791777700662748561554896865768845768474800581889937927345344110541968706131,1756208824,2025-08-26 11:47:04,0.5
bitcoin-up-or-down-august-28-5am-et,UP,6791777700662748561554896865768845768474800581889937927345344110541968706131,1756208882,2025-08-26 11:48:02,0.5
bitcoin-up-or-down-august-28-5am-et,UP,6791777700662748561554896865768845768474800581889937927345344110541968706131,1756208942,2025-08-26 11:49:02,0.5
bitcoin-up-or-down-august-28-5am-et,UP,6791777700662748561554896865768845768474800581889937927345344110541968706131,1756209002,2025-08-26 11:50:02,0.5
bitcoin-up-or-down-august-28-5am-et,UP,6791777700662748561554896865768845768474800581889937927345344110541968706131,1756209063,2025-08-26 11:51:03,0.5
bitcoin-up-or-down-august-28-5am-et,UP,6791777700662748561554896865768845768474800581889937927345344110541968706131,1756209125,2025-08-26 11:52:05,0.5
bitcoin-up-or-down-august-28-5am-et,UP,6791777700662748561554896865768845768474800581889937927345344110541968706131,1756209182,2025-08-26 11:53:02,0.5
bitcoin-up-or-down-august-28-5am-et,UP,6791777700662748561554896865768845768474800581889937927345344110541968706131,1756209243,2025-08-26 11:54:03,0.5
bitcoin-up-or-down-august-28-5am-et,UP,6791777700662748561554896865768845768474800581889937927345344110541968706131,1756209304,2025-08-26 11:55:04,0.5
bitcoin-up-or-down-august-28-5am-et,UP,6791777700662748561554896865768845768474800581889937927345344110541968706131,1756209363,2025-08-26 11:56:03,0.5
bitcoin-up-or-down-august-28-5am-et,UP,6791777700662748561554896865768845768474800581889937927345344110541968706131,1756209423,2025-08-26 11:57:03,0.5
bitcoin-up-or-down-august-28-5am-et,UP,6791777700662748561554896865768845768474800581889937927345344110541968706131,1756209482,2025-08-26 11:58:02,0.5
bitcoin-up-or-down-august-28-5am-et,UP,6791777700662748561554896865768845768474800581889937927345344110541968706131,1756209542,2025-08-26 11:59:02,0.5
bitcoin-up-or-down-august-28-5am-et,UP,6791777700662748561554896865768845768474800581889937927345344110541968706131,1756209613,2025-08-26 12:00:13,0.5
bitcoin-up-or-down-august-28-5am-et,UP,6791777700662748561554896865768845768474800581889937927345344110541968706131,1756209662,2025-08-26 12:01:02,0.5
bitcoin-up-or-down-august-28-5am-et,UP,6791777700662748561554896865768845768474800581889937927345344110541968706131,1756209723,2025-08-26 12:02:03,0.5
bitcoin-up-or-down-august-28-5am-et,UP,6791777700662748561554896865768845768474800581889937927345344110541968706131,1756209782,2025-08-26 12:03:02,0.5
bitcoin-up-or-down-august-28-5am-et,UP,6791777700662748561554896865768845768474800581889937927345344110541968706131,1756209842,2025-08-26 12:04:02,0.5
bitcoin-up-or-down-august-28-5am-et,UP,6791777700662748561554896865768845768474800581889937927345344110541968706131,1756209903,2025-08-26 12:05:03,0.5
bitcoin-up-or-down-august-28-5am-et,UP,6791777700662748561554896865768845768474800581889937927345344110541968706131,1756209963,2025-08-26 12:06:03,0.5
bitcoin-up-or-down-august-28-5am-et,UP,6791777700662748561554896865768845768474800581889937927345344110541968706131,1756210022,2025-08-26 12:07:02,0.5
bitcoin-up-or-down-august-28-5am-et,UP,6791777700662748561554896865768845768474800581889937927345344110541968706131,1756210083,2025-08-26 12:08:03,0.5
bitcoin-up-or-down-august-28-5am-et,UP,6791777700662748561554896865768845768474800581889937927345344110541968706131,1756210142,2025-08-26 12:09:02,0.5
bitcoin-up-or-down-august-28-5am-et,UP,6791777700662748561554896865768845768474800581889937927345344110541968706131,1756210203,2025-08-26 12:10:03,0.5
bitcoin-up-or-down-august-28-5am-et,UP,6791777700662748561554896865768845768474800581889937927345344110541968706131,1756210263,2025-08-26 12:11:03,0.5
bitcoin-up-or-down-august-28-5am-et,UP,6791777700662748561554896865768845768474800581889937927345344110541968706131,1756210322,2025-08-26 12:12:02,0.5
bitcoin-up-or-down-august-28-5am-et,UP,6791777700662748561554896865768845768474800581889937927345344110541968706131,1756210383,2025-08-26 12:13:03,0.5
bitcoin-up-or-down-august-28-5am-et,UP,6791777700662748561554896865768845768474800581889937927345344110541968706131,1756210442,2025-08-26 12:14:02,0.5
bitcoin-up-or-down-august-28-5am-et,UP,6791777700662748561554896865768845768474800581889937927345344110541968706131,1756210503,2025-08-26 12:15:03,0.5
bitcoin-up-or-down-august-28-5am-et,UP,6791777700662748561554896865768845768474800581889937927345344110541968706131,1756210562,2025-08-26 12:16:02,0.5
bitcoin-up-or-down-august-28-5am-et,UP,6791777700662748561554896865768845768474800581889937927345344110541968706131,1756210623,2025-08-26 12:17:03,0.5
bitcoin-up-or-down-august-28-5am-et,UP,6791777700662748561554896865768845768474800581889937927345344110541968706131,1756210683,2025-08-26 12:18:03,0.5
bitcoin-up-or-down-august-28-5am-et,UP,6791777700662748561554896865768845768474800581889937927345344110541968706131,1756210743,2025-08-26 12:19:03,0.5
bitcoin-up-or-down-august-28-5am-et,UP,6791777700662748561554896865768845768474800581889937927345344110541968706131,1756210803,2025-08-26 12:20:03,0.5
bitcoin-up-or-down-august-28-5am-et,UP,6791777700662748561554896865768845768474800581889937927345344110541968706131,1756210863,2025-08-26 12:21:03,0.5
bitcoin-up-or-down-august-28-5am-et,UP,6791777700662748561554896865768845768474800581889937927345344110541968706131,1756210923,2025-08-26 12:22:03,0.5
bitcoin-up-or-down-august-28-5am-et,UP,6791777700662748561554896865768845768474800581889937927345344110541968706131,1756210982,2025-08-26 12:23:02,0.5
bitcoin-up-or-down-august-28-5am-et,UP,6791777700662748561554896865768845768474800581889937927345344110541968706131,1756211043,2025-08-26 12:24:03,0.5
bitcoin-up-or-down-august-28-5am-et,UP,6791777700662748561554896865768845768474800581889937927345344110541968706131,1756211103,2025-08-26 12:25:03,0.5
bitcoin-up-or-down-august-28-5am-et,UP,6791777700662748561554896865768845768474800581889937927345344110541968706131,1756211172,2025-08-26 12:26:12,0.5
bitcoin-up-or-down-august-28-5am-et,UP,6791777700662748561554896865768845768474800581889937927345344110541968706131,1756211222,2025-08-26 12:27:02,0.5
bitcoin-up-or-down-august-28-5am-et,UP,6791777700662748561554896865768845768474800581889937927345344110541968706131,1756211283,2025-08-26 12:28:03,0.5
bitcoin-up-or-down-august-28-5am-et,UP,6791777700662748561554896865768845768474800581889937927345344110541968706131,1756211343,2025-08-26 12:29:03,0.5
bitcoin-up-or-down-august-28-5am-et,UP,6791777700662748561554896865768845768474800581889937927345344110541968706131,1756211407,2025-08-26 12:30:07,0.5
bitcoin-up-or-down-august-28-5am-et,UP,6791777700662748561554896865768845768474800581889937927345344110541968706131,1756211463,2025-08-26 12:31:03,0.5
bitcoin-up-or-down-august-28-5am-et,UP,6791777700662748561554896865768845768474800581889937927345344110541968706131,1756211523,2025-08-26 12:32:03,0.5
bitcoin-up-or-down-august-28-5am-et,UP,6791777700662748561554896865768845768474800581889937927345344110541968706131,1756211582,2025-08-26 12:33:02,0.5
bitcoin-up-or-down-august-28-5am-et,UP,6791777700662748561554896865768845768474800581889937927345344110541968706131,1756211643,2025-08-26 12:34:03,0.5
bitcoin-up-or-down-august-28-5am-et,UP,6791777700662748561554896865768845768474800581889937927345344110541968706131,1756211702,2025-08-26 12:35:02,0.5
bitcoin-up-or-down-august-28-5am-et,UP,6791777700662748561554896865768845768474800581889937927345344110541968706131,1756211763,2025-08-26 12:36:03,0.5
bitcoin-up-or-down-august-28-5am-et,UP,6791777700662748561554896865768845768474800581889937927345344110541968706131,1756211823,2025-08-26 12:37:03,0.5
bitcoin-up-or-down-august-28-5am-et,UP,6791777700662748561554896865768845768474800581889937927345344110541968706131,1756211882,2025-08-26 12:38:02,0.5
bitcoin-up-or-down-august-28-5am-et,UP,6791777700662748561554896865768845768474800581889937927345344110541968706131,1756211942,2025-08-26 12:39:02,0.5
bitcoin-up-or-down-august-28-5am-et,UP,6791777700662748561554896865768845768474800581889937927345344110541968706131,1756212002,2025-08-26 12:40:02,0.5
bitcoin-up-or-down-august-28-5am-et,UP,6791777700662748561554896865768845768474800581889937927345344110541968706131,1756212062,2025-08-26 12:41:02,0.5
bitcoin-up-or-down-august-28-5am-et,UP,6791777700662748561554896865768845768474800581889937927345344110541968706131,1756212122,2025-08-26 12:42:02,0.5
bitcoin-up-or-down-august-28-5am-et,UP,6791777700662748561554896865768845768474800581889937927345344110541968706131,1756212183,2025-08-26 12:43:03,0.5
bitcoin-up-or-down-august-28-5am-et,UP,6791777700662748561554896865768845768474800581889937927345344110541968706131,1756212242,2025-08-26 12:44:02,0.5
bitcoin-up-or-down-august-28-5am-et,UP,6791777700662748561554896865768845768474800581889937927345344110541968706131,1756212303,2025-08-26 12:45:03,0.5
bitcoin-up-or-down-august-28-5am-et,UP,6791777700662748561554896865768845768474800581889937927345344110541968706131,1756212362,2025-08-26 12:46:02,0.5
bitcoin-up-or-down-august-28-5am-et,UP,6791777700662748561554896865768845768474800581889937927345344110541968706131,1756212423,2025-08-26 12:47:03,0.5
bitcoin-up-or-down-august-28-5am-et,UP,6791777700662748561554896865768845768474800581889937927345344110541968706131,1756212482,2025-08-26 12:48:02,0.5
bitcoin-up-or-down-august-28-5am-et,UP,6791777700662748561554896865768845768474800581889937927345344110541968706131,1756212542,2025-08-26 12:49:02,0.5
bitcoin-up-or-down-august-28-5am-et,UP,6791777700662748561554896865768845768474800581889937927345344110541968706131,1756212602,2025-08-26 12:50:02,0.5
bitcoin-up-or-down-august-28-5am-et,UP,6791777700662748561554896865768845768474800581889937927345344110541968706131,1756212662,2025-08-26 12:51:02,0.5
bitcoin-up-or-down-august-28-5am-et,UP,6791777700662748561554896865768845768474800581889937927345344110541968706131,1756212724,2025-08-26 12:52:04,0.5
bitcoin-up-or-down-august-28-5am-et,UP,6791777700662748561554896865768845768474800581889937927345344110541968706131,1756212783,2025-08-26 12:53:03,0.5
bitcoin-up-or-down-august-28-5am-et,UP,6791777700662748561554896865768845768474800581889937927345344110541968706131,1756212842,2025-08-26 12:54:02,0.5
bitcoin-up-or-down-august-28-5am-et,UP,6791777700662748561554896865768845768474800581889937927345344110541968706131,1756212904,2025-08-26 12:55:04,0.5
bitcoin-up-or-down-august-28-5am-et,UP,6791777700662748561554896865768845768474800581889937927345344110541968706131,1756212962,2025-08-26 12:56:02,0.5
bitcoin-up-or-down-august-28-5am-et,UP,6791777700662748561554896865768845768474800581889937927345344110541968706131,1756213023,2025-08-26 12:57:03,0.5
bitcoin-up-or-down-august-28-5am-et,UP,6791777700662748561554896865768845768474800581889937927345344110541968706131,1756213082,2025-08-26 12:58:02,0.5
bitcoin-up-or-down-august-28-5am-et,UP,6791777700662748561554896865768845768474800581889937927345344110541968706131,1756213143,2025-08-26 12:59:03,0.5
bitcoin-up-or-down-august-28-5am-et,UP,6791777700662748561554896865768845768474800581889937927345344110541968706131,1756213214,2025-08-26 13:00:14,0.5
bitcoin-up-or-down-august-28-5am-et,UP,6791777700662748561554896865768845768474800581889937927345344110541968706131,1756213263,2025-08-26 13:01:03,0.5
bitcoin-up-or-down-august-28-5am-et,UP,6791777700662748561554896865768845768474800581889937927345344110541968706131,1756213323,2025-08-26 13:02:03,0.5
bitcoin-up-or-down-august-28-5am-et,UP,6791777700662748561554896865768845768474800581889937927345344110541968706131,1756213383,2025-08-26 13:03:03,0.5
bitcoin-up-or-down-august-28-5am-et,UP,6791777700662748561554896865768845768474800581889937927345344110541968706131,1756213443,2025-08-26 13:04:03,0.5
bitcoin-up-or-down-august-28-5am-et,UP,6791777700662748561554896865768845768474800581889937927345344110541968706131,1756213503,2025-08-26 13:05:03,0.5
bitcoin-up-or-down-august-28-5am-et,UP,6791777700662748561554896865768845768474800581889937927345344110541968706131,1756213563,2025-08-26 13:06:03,0.5
bitcoin-up-or-down-august-28-5am-et,UP,6791777700662748561554896865768845768474800581889937927345344110541968706131,1756213622,2025-08-26 13:07:02,0.5
bitcoin-up-or-down-august-28-5am-et,UP,6791777700662748561554896865768845768474800581889937927345344110541968706131,1756213682,2025-08-26 13:08:02,0.5
bitcoin-up-or-down-august-28-5am-et,UP,6791777700662748561554896865768845768474800581889937927345344110541968706131,1756213742,2025-08-26 13:09:02,0.5
bitcoin-up-or-down-august-28-5am-et,UP,6791777700662748561554896865768845768474800581889937927345344110541968706131,1756213803,2025-08-26 13:10:03,0.5
bitcoin-up-or-down-august-28-5am-et,UP,6791777700662748561554896865768845768474800581889937927345344110541968706131,1756213863,2025-08-26 13:11:03,0.5
bitcoin-up-or-down-august-28-5am-et,UP,6791777700662748561554896865768845768474800581889937927345344110541968706131,1756213923,2025-08-26 13:12:03,0.5
bitcoin-up-or-down-august-28-5am-et,UP,6791777700662748561554896865768845768474800581889937927345344110541968706131,1756213982,2025-08-26 13:13:02,0.5
bitcoin-up-or-down-august-28-5am-et,UP,6791777700662748561554896865768845768474800581889937927345344110541968706131,1756214043,2025-08-26 13:14:03,0.5
bitcoin-up-or-down-august-28-5am-et,UP,6791777700662748561554896865768845768474800581889937927345344110541968706131,1756214103,2025-08-26 13:15:03,0.5
bitcoin-up-or-down-august-28-5am-et,UP,6791777700662748561554896865768845768474800581889937927345344110541968706131,1756214163,2025-08-26 13:16:03,0.5
bitcoin-up-or-down-august-28-5am-et,UP,6791777700662748561554896865768845768474800581889937927345344110541968706131,1756214223,2025-08-26 13:17:03,0.5
bitcoin-up-or-down-august-28-5am-et,UP,6791777700662748561554896865768845768474800581889937927345344110541968706131,1756214283,2025-08-26 13:18:03,0.5
bitcoin-up-or-down-august-28-5am-et,UP,6791777700662748561554896865768845768474800581889937927345344110541968706131,1756214342,2025-08-26 13:19:02,0.5
bitcoin-up-or-down-august-28-5am-et,UP,6791777700662748561554896865768845768474800581889937927345344110541968706131,1756214402,2025-08-26 13:20:02,0.5
bitcoin-up-or-down-august-28-5am-et,UP,6791777700662748561554896865768845768474800581889937927345344110541968706131,1756214462,2025-08-26 13:21:02,0.5
bitcoin-up-or-down-august-28-5am-et,UP,6791777700662748561554896865768845768474800581889937927345344110541968706131,1756214522,2025-08-26 13:22:02,0.5
bitcoin-up-or-down-august-28-5am-et,UP,6791777700662748561554896865768845768474800581889937927345344110541968706131,1756214582,2025-08-26 13:23:02,0.5
bitcoin-up-or-down-august-28-5am-et,UP,6791777700662748561554896865768845768474800581889937927345344110541968706131,1756214642,2025-08-26 13:24:02,0.5
bitcoin-up-or-down-august-28-5am-et,UP,6791777700662748561554896865768845768474800581889937927345344110541968706131,1756214703,2025-08-26 13:25:03,0.5
bitcoin-up-or-down-august-28-5am-et,UP,6791777700662748561554896865768845768474800581889937927345344110541968706131,1756214770,2025-08-26 13:26:10,0.5
bitcoin-up-or-down-august-28-5am-et,UP,6791777700662748561554896865768845768474800581889937927345344110541968706131,1756214823,2025-08-26 13:27:03,0.5
bitcoin-up-or-down-august-28-5am-et,UP,6791777700662748561554896865768845768474800581889937927345344110541968706131,1756214882,2025-08-26 13:28:02,0.5
bitcoin-up-or-down-august-28-5am-et,UP,6791777700662748561554896865768845768474800581889937927345344110541968706131,1756214942,2025-08-26 13:29:02,0.5
bitcoin-up-or-down-august-28-5am-et,UP,6791777700662748561554896865768845768474800581889937927345344110541968706131,1756215002,2025-08-26 13:30:02,0.5
bitcoin-up-or-down-august-28-5am-et,UP,6791777700662748561554896865768845768474800581889937927345344110541968706131,1756215063,2025-08-26 13:31:03,0.5
bitcoin-up-or-down-august-28-5am-et,UP,6791777700662748561554896865768845768474800581889937927345344110541968706131,1756215123,2025-08-26 13:32:03,0.5
bitcoin-up-or-down-august-28-5am-et,UP,6791777700662748561554896865768845768474800581889937927345344110541968706131,1756215183,2025-08-26 13:33:03,0.5
bitcoin-up-or-down-august-28-5am-et,UP,6791777700662748561554896865768845768474800581889937927345344110541968706131,1756215242,2025-08-26 13:34:02,0.5
bitcoin-up-or-down-august-28-5am-et,UP,6791777700662748561554896865768845768474800581889937927345344110541968706131,1756215303,2025-08-26 13:35:03,0.5
bitcoin-up-or-down-august-28-5am-et,UP,6791777700662748561554896865768845768474800581889937927345344110541968706131,1756215364,2025-08-26 13:36:04,0.5
bitcoin-up-or-down-august-28-5am-et,UP,6791777700662748561554896865768845768474800581889937927345344110541968706131,1756215423,2025-08-26 13:37:03,0.5
bitcoin-up-or-down-august-28-5am-et,UP,6791777700662748561554896865768845768474800581889937927345344110541968706131,1756215482,2025-08-26 13:38:02,0.5
bitcoin-up-or-down-august-28-5am-et,UP,6791777700662748561554896865768845768474800581889937927345344110541968706131,1756215542,2025-08-26 13:39:02,0.5
bitcoin-up-or-down-august-28-5am-et,UP,6791777700662748561554896865768845768474800581889937927345344110541968706131,1756215603,2025-08-26 13:40:03,0.5
bitcoin-up-or-down-august-28-5am-et,UP,6791777700662748561554896865768845768474800581889937927345344110541968706131,1756215663,2025-08-26 13:41:03,0.5
bitcoin-up-or-down-august-28-5am-et,UP,6791777700662748561554896865768845768474800581889937927345344110541968706131,1756215723,2025-08-26 13:42:03,0.5
bitcoin-up-or-down-august-28-5am-et,UP,6791777700662748561554896865768845768474800581889937927345344110541968706131,1756215782,2025-08-26 13:43:02,0.5
bitcoin-up-or-down-august-28-5am-et,UP,6791777700662748561554896865768845768474800581889937927345344110541968706131,1756215843,2025-08-26 13:44:03,0.5
bitcoin-up-or-down-august-28-5am-et,UP,6791777700662748561554896865768845768474800581889937927345344110541968706131,1756215903,2025-08-26 13:45:03,0.5
bitcoin-up-or-down-august-28-5am-et,UP,6791777700662748561554896865768845768474800581889937927345344110541968706131,1756215963,2025-08-26 13:46:03,0.5
bitcoin-up-or-down-august-28-5am-et,UP,6791777700662748561554896865768845768474800581889937927345344110541968706131,1756216022,2025-08-26 13:47:02,0.5
bitcoin-up-or-down-august-28-5am-et,UP,6791777700662748561554896865768845768474800581889937927345344110541968706131,1756216083,2025-08-26 13:48:03,0.5
bitcoin-up-or-down-august-28-5am-et,UP,6791777700662748561554896865768845768474800581889937927345344110541968706131,1756216142,2025-08-26 13:49:02,0.5
bitcoin-up-or-down-august-28-5am-et,UP,6791777700662748561554896865768845768474800581889937927345344110541968706131,1756216203,2025-08-26 13:50:03,0.5
bitcoin-up-or-down-august-28-5am-et,UP,6791777700662748561554896865768845768474800581889937927345344110541968706131,1756216263,2025-08-26 13:51:03,0.5
bitcoin-up-or-down-august-28-5am-et,UP,6791777700662748561554896865768845768474800581889937927345344110541968706131,1756216328,2025-08-26 13:52:08,0.5
bitcoin-up-or-down-august-28-5am-et,UP,6791777700662748561554896865768845768474800581889937927345344110541968706131,1756216382,2025-08-26 13:53:02,0.5
bitcoin-up-or-down-august-28-5am-et,UP,6791777700662748561554896865768845768474800581889937927345344110541968706131,1756216444,2025-08-26 13:54:04,0.5
bitcoin-up-or-down-august-28-5am-et,UP,6791777700662748561554896865768845768474800581889937927345344110541968706131,1756216505,2025-08-26 13:55:05,0.5
bitcoin-up-or-down-august-28-5am-et,UP,6791777700662748561554896865768845768474800581889937927345344110541968706131,1756216563,2025-08-26 13:56:03,0.5
bitcoin-up-or-down-august-28-5am-et,UP,6791777700662748561554896865768845768474800581889937927345344110541968706131,1756216623,2025-08-26 13:57:03,0.5
bitcoin-up-or-down-august-28-5am-et,UP,6791777700662748561554896865768845768474800581889937927345344110541968706131,1756216683,2025-08-26 13:58:03,0.5
bitcoin-up-or-down-august-28-5am-et,UP,6791777700662748561554896865768845768474800581889937927345344110541968706131,1756216742,2025-08-26 13:59:02,0.5
bitcoin-up-or-down-august-28-5am-et,UP,6791777700662748561554896865768845768474800581889937927345344110541968706131,1756216806,2025-08-26 14:00:06,0.5
bitcoin-up-or-down-august-28-5am-et,UP,6791777700662748561554896865768845768474800581889937927345344110541968706131,1756216862,2025-08-26 14:01:02,0.5
bitcoin-up-or-down-august-28-5am-et,UP,6791777700662748561554896865768845768474800581889937927345344110541968706131,1756216924,2025-08-26 14:02:04,0.5
bitcoin-up-or-down-august-28-5am-et,UP,6791777700662748561554896865768845768474800581889937927345344110541968706131,1756216984,2025-08-26 14:03:04,0.5
bitcoin-up-or-down-august-28-5am-et,UP,6791777700662748561554896865768845768474800581889937927345344110541968706131,1756217043,2025-08-26 14:04:03,0.5
bitcoin-up-or-down-august-28-5am-et,UP,6791777700662748561554896865768845768474800581889937927345344110541968706131,1756217103,2025-08-26 14:05:03,0.5
bitcoin-up-or-down-august-28-5am-et,UP,6791777700662748561554896865768845768474800581889937927345344110541968706131,1756217162,2025-08-26 14:06:02,0.5
bitcoin-up-or-down-august-28-5am-et,UP,6791777700662748561554896865768845768474800581889937927345344110541968706131,1756217223,2025-08-26 14:07:03,0.5
bitcoin-up-or-down-august-28-5am-et,UP,6791777700662748561554896865768845768474800581889937927345344110541968706131,1756217284,2025-08-26 14:08:04,0.5
bitcoin-up-or-down-august-28-5am-et,UP,6791777700662748561554896865768845768474800581889937927345344110541968706131,1756217343,2025-08-26 14:09:03,0.5
bitcoin-up-or-down-august-28-5am-et,UP,6791777700662748561554896865768845768474800581889937927345344110541968706131,1756217404,2025-08-26 14:10:04,0.5
bitcoin-up-or-down-august-28-5am-et,UP,6791777700662748561554896865768845768474800581889937927345344110541968706131,1756217463,2025-08-26 14:11:03,0.5
bitcoin-up-or-down-august-28-5am-et,UP,6791777700662748561554896865768845768474800581889937927345344110541968706131,1756217524,2025-08-26 14:12:04,0.5
bitcoin-up-or-down-august-28-5am-et,UP,6791777700662748561554896865768845768474800581889937927345344110541968706131,1756217583,2025-08-26 14:13:03,0.5
bitcoin-up-or-down-august-28-5am-et,UP,6791777700662748561554896865768845768474800581889937927345344110541968706131,1756217644,2025-08-26 14:14:04,0.5
bitcoin-up-or-down-august-28-5am-et,UP,6791777700662748561554896865768845768474800581889937927345344110541968706131,1756217704,2025-08-26 14:15:04,0.5
bitcoin-up-or-down-august-28-5am-et,UP,6791777700662748561554896865768845768474800581889937927345344110541968706131,1756217764,2025-08-26 14:16:04,0.5
bitcoin-up-or-down-august-28-5am-et,UP,6791777700662748561554896865768845768474800581889937927345344110541968706131,1756217823,2025-08-26 14:17:03,0.5
bitcoin-up-or-down-august-28-5am-et,UP,6791777700662748561554896865768845768474800581889937927345344110541968706131,1756217883,2025-08-26 14:18:03,0.5
bitcoin-up-or-down-august-28-5am-et,UP,6791777700662748561554896865768845768474800581889937927345344110541968706131,1756217944,2025-08-26 14:19:04,0.5
bitcoin-up-or-down-august-28-5am-et,UP,6791777700662748561554896865768845768474800581889937927345344110541968706131,1756218003,2025-08-26 14:20:03,0.5
bitcoin-up-or-down-august-28-5am-et,UP,6791777700662748561554896865768845768474800581889937927345344110541968706131,1756218063,2025-08-26 14:21:03,0.5
bitcoin-up-or-down-august-28-5am-et,UP,6791777700662748561554896865768845768474800581889937927345344110541968706131,1756218122,2025-08-26 14:22:02,0.5
bitcoin-up-or-down-august-28-5am-et,UP,6791777700662748561554896865768845768474800581889937927345344110541968706131,1756218182,2025-08-26 14:23:02,0.5
bitcoin-up-or-down-august-28-5am-et,UP,6791777700662748561554896865768845768474800581889937927345344110541968706131,1756218243,2025-08-26 14:24:03,0.5
bitcoin-up-or-down-august-28-5am-et,UP,6791777700662748561554896865768845768474800581889937927345344110541968706131,1756218303,2025-08-26 14:25:03,0.5
bitcoin-up-or-down-august-28-5am-et,UP,6791777700662748561554896865768845768474800581889937927345344110541968706131,1756218364,2025-08-26 14:26:04,0.5
bitcoin-up-or-down-august-28-5am-et,UP,6791777700662748561554896865768845768474800581889937927345344110541968706131,1756218423,2025-08-26 14:27:03,0.5
bitcoin-up-or-down-august-28-5am-et,UP,6791777700662748561554896865768845768474800581889937927345344110541968706131,1756218483,2025-08-26 14:28:03,0.5
bitcoin-up-or-down-august-28-5am-et,UP,6791777700662748561554896865768845768474800581889937927345344110541968706131,1756218543,2025-08-26 14:29:03,0.5
bitcoin-up-or-down-august-28-5am-et,UP,6791777700662748561554896865768845768474800581889937927345344110541968706131,1756218603,2025-08-26 14:30:03,0.5
bitcoin-up-or-down-august-28-5am-et,UP,6791777700662748561554896865768845768474800581889937927345344110541968706131,1756218663,2025-08-26 14:31:03,0.5
bitcoin-up-or-down-august-28-5am-et,UP,6791777700662748561554896865768845768474800581889937927345344110541968706131,1756218722,2025-08-26 14:32:02,0.5
bitcoin-up-or-down-august-28-5am-et,UP,6791777700662748561554896865768845768474800581889937927345344110541968706131,1756218782,2025-08-26 14:33:02,0.5
bitcoin-up-or-down-august-28-5am-et,UP,6791777700662748561554896865768845768474800581889937927345344110541968706131,1756218843,2025-08-26 14:34:03,0.5
bitcoin-up-or-down-august-28-5am-et,UP,6791777700662748561554896865768845768474800581889937927345344110541968706131,1756218904,2025-08-26 14:35:04,0.5
bitcoin-up-or-down-august-28-5am-et,UP,6791777700662748561554896865768845768474800581889937927345344110541968706131,1756218963,2025-08-26 14:36:03,0.5
bitcoin-up-or-down-august-28-5am-et,UP,6791777700662748561554896865768845768474800581889937927345344110541968706131,1756219023,2025-08-26 14:37:03,0.5
bitcoin-up-or-down-august-28-5am-et,UP,6791777700662748561554896865768845768474800581889937927345344110541968706131,1756219084,2025-08-26 14:38:04,0.5
bitcoin-up-or-down-august-28-5am-et,UP,6791777700662748561554896865768845768474800581889937927345344110541968706131,1756219143,2025-08-26 14:39:03,0.5
bitcoin-up-or-down-august-28-5am-et,UP,6791777700662748561554896865768845768474800581889937927345344110541968706131,1756219203,2025-08-26 14:40:03,0.5
bitcoin-up-or-down-august-28-5am-et,UP,6791777700662748561554896865768845768474800581889937927345344110541968706131,1756219263,2025-08-26 14:41:03,0.5
bitcoin-up-or-down-august-28-5am-et,UP,6791777700662748561554896865768845768474800581889937927345344110541968706131,1756219323,2025-08-26 14:42:03,0.5
bitcoin-up-or-down-august-28-5am-et,UP,6791777700662748561554896865768845768474800581889937927345344110541968706131,1756219383,2025-08-26 14:43:03,0.5
bitcoin-up-or-down-august-28-5am-et,UP,6791777700662748561554896865768845768474800581889937927345344110541968706131,1756219442,2025-08-26 14:44:02,0.5
bitcoin-up-or-down-august-28-5am-et,UP,6791777700662748561554896865768845768474800581889937927345344110541968706131,1756219504,2025-08-26 14:45:04,0.5
bitcoin-up-or-down-august-28-5am-et,UP,6791777700662748561554896865768845768474800581889937927345344110541968706131,1756219563,2025-08-26 14:46:03,0.5
bitcoin-up-or-down-august-28-5am-et,UP,6791777700662748561554896865768845768474800581889937927345344110541968706131,1756219622,2025-08-26 14:47:02,0.5
bitcoin-up-or-down-august-28-5am-et,UP,6791777700662748561554896865768845768474800581889937927345344110541968706131,1756219682,2025-08-26 14:48:02,0.5
bitcoin-up-or-down-august-28-5am-et,UP,6791777700662748561554896865768845768474800581889937927345344110541968706131,1756219743,2025-08-26 14:49:03,0.5
bitcoin-up-or-down-august-28-5am-et,UP,6791777700662748561554896865768845768474800581889937927345344110541968706131,1756219803,2025-08-26 14:50:03,0.5
bitcoin-up-or-down-august-28-5am-et,UP,6791777700662748561554896865768845768474800581889937927345344110541968706131,1756219863,2025-08-26 14:51:03,0.5
bitcoin-up-or-down-august-28-5am-et,UP,6791777700662748561554896865768845768474800581889937927345344110541968706131,1756219929,2025-08-26 14:52:09,0.5
bitcoin-up-or-down-august-28-5am-et,UP,6791777700662748561554896865768845768474800581889937927345344110541968706131,1756219983,2025-08-26 14:53:03,0.5
bitcoin-up-or-down-august-28-5am-et,UP,6791777700662748561554896865768845768474800581889937927345344110541968706131,1756220043,2025-08-26 14:54:03,0.5
bitcoin-up-or-down-august-28-5am-et,UP,6791777700662748561554896865768845768474800581889937927345344110541968706131,1756220102,2025-08-26 14:55:02,0.5
bitcoin-up-or-down-august-28-5am-et,UP,6791777700662748561554896865768845768474800581889937927345344110541968706131,1756220163,2025-08-26 14:56:03,0.5
bitcoin-up-or-down-august-28-5am-et,UP,6791777700662748561554896865768845768474800581889937927345344110541968706131,1756220222,2025-08-26 14:57:02,0.5
bitcoin-up-or-down-august-28-5am-et,UP,6791777700662748561554896865768845768474800581889937927345344110541968706131,1756220284,2025-08-26 14:58:04,0.5
bitcoin-up-or-down-august-28-5am-et,UP,6791777700662748561554896865768845768474800581889937927345344110541968706131,1756220345,2025-08-26 14:59:05,0.5
bitcoin-up-or-down-august-28-5am-et,UP,6791777700662748561554896865768845768474800581889937927345344110541968706131,1756220406,2025-08-26 15:00:06,0.5
bitcoin-up-or-down-august-28-5am-et,UP,6791777700662748561554896865768845768474800581889937927345344110541968706131,1756220463,2025-08-26 15:01:03,0.5
bitcoin-up-or-down-august-28-5am-et,UP,6791777700662748561554896865768845768474800581889937927345344110541968706131,1756220522,2025-08-26 15:02:02,0.5
bitcoin-up-or-down-august-28-5am-et,UP,6791777700662748561554896865768845768474800581889937927345344110541968706131,1756220582,2025-08-26 15:03:02,0.5
bitcoin-up-or-down-august-28-5am-et,UP,6791777700662748561554896865768845768474800581889937927345344110541968706131,1756220643,2025-08-26 15:04:03,0.5
bitcoin-up-or-down-august-28-5am-et,UP,6791777700662748561554896865768845768474800581889937927345344110541968706131,1756220703,2025-08-26 15:05:03,0.5
bitcoin-up-or-down-august-28-5am-et,UP,6791777700662748561554896865768845768474800581889937927345344110541968706131,1756220762,2025-08-26 15:06:02,0.5
bitcoin-up-or-down-august-28-5am-et,UP,6791777700662748561554896865768845768474800581889937927345344110541968706131,1756220822,2025-08-26 15:07:02,0.5
bitcoin-up-or-down-august-28-5am-et,UP,6791777700662748561554896865768845768474800581889937927345344110541968706131,1756220883,2025-08-26 15:08:03,0.5
bitcoin-up-or-down-august-28-5am-et,UP,6791777700662748561554896865768845768474800581889937927345344110541968706131,1756220943,2025-08-26 15:09:03,0.5
bitcoin-up-or-down-august-28-5am-et,UP,6791777700662748561554896865768845768474800581889937927345344110541968706131,1756221003,2025-08-26 15:10:03,0.5
bitcoin-up-or-down-august-28-5am-et,UP,6791777700662748561554896865768845768474800581889937927345344110541968706131,1756221063,2025-08-26 15:11:03,0.5
bitcoin-up-or-down-august-28-5am-et,UP,6791777700662748561554896865768845768474800581889937927345344110541968706131,1756221123,2025-08-26 15:12:03,0.5
bitcoin-up-or-down-august-28-5am-et,UP,6791777700662748561554896865768845768474800581889937927345344110541968706131,1756221182,2025-08-26 15:13:02,0.5
bitcoin-up-or-down-august-28-5am-et,UP,6791777700662748561554896865768845768474800581889937927345344110541968706131,1756221242,2025-08-26 15:14:02,0.5
bitcoin-up-or-down-august-28-5am-et,UP,6791777700662748561554896865768845768474800581889937927345344110541968706131,1756221303,2025-08-26 15:15:03,0.5
bitcoin-up-or-down-august-28-5am-et,UP,6791777700662748561554896865768845768474800581889937927345344110541968706131,1756221363,2025-08-26 15:16:03,0.5
bitcoin-up-or-down-august-28-5am-et,UP,6791777700662748561554896865768845768474800581889937927345344110541968706131,1756221423,2025-08-26 15:17:03,0.5
bitcoin-up-or-down-august-28-5am-et,UP,6791777700662748561554896865768845768474800581889937927345344110541968706131,1756221482,2025-08-26 15:18:02,0.5
bitcoin-up-or-down-august-28-5am-et,UP,6791777700662748561554896865768845768474800581889937927345344110541968706131,1756221542,2025-08-26 15:19:02,0.5
bitcoin-up-or-down-august-28-5am-et,UP,6791777700662748561554896865768845768474800581889937927345344110541968706131,1756221604,2025-08-26 15:20:04,0.5
bitcoin-up-or-down-august-28-5am-et,UP,6791777700662748561554896865768845768474800581889937927345344110541968706131,1756221663,2025-08-26 15:21:03,0.5
bitcoin-up-or-down-august-28-5am-et,UP,6791777700662748561554896865768845768474800581889937927345344110541968706131,1756221723,2025-08-26 15:22:03,0.5
bitcoin-up-or-down-august-28-5am-et,UP,6791777700662748561554896865768845768474800581889937927345344110541968706131,1756221782,2025-08-26 15:23:02,0.5
bitcoin-up-or-down-august-28-5am-et,UP,6791777700662748561554896865768845768474800581889937927345344110541968706131,1756221842,2025-08-26 15:24:02,0.5
bitcoin-up-or-down-august-28-5am-et,UP,6791777700662748561554896865768845768474800581889937927345344110541968706131,1756221903,2025-08-26 15:25:03,0.5
bitcoin-up-or-down-august-28-5am-et,UP,6791777700662748561554896865768845768474800581889937927345344110541968706131,1756221968,2025-08-26 15:26:08,0.5
bitcoin-up-or-down-august-28-5am-et,UP,6791777700662748561554896865768845768474800581889937927345344110541968706131,1756222023,2025-08-26 15:27:03,0.5
bitcoin-up-or-down-august-28-5am-et,UP,6791777700662748561554896865768845768474800581889937927345344110541968706131,1756222083,2025-08-26 15:28:03,0.5
bitcoin-up-or-down-august-28-5am-et,UP,6791777700662748561554896865768845768474800581889937927345344110541968706131,1756222143,2025-08-26 15:29:03,0.5
bitcoin-up-or-down-august-28-5am-et,UP,6791777700662748561554896865768845768474800581889937927345344110541968706131,1756222205,2025-08-26 15:30:05,0.5
bitcoin-up-or-down-august-28-5am-et,UP,6791777700662748561554896865768845768474800581889937927345344110541968706131,1756222262,2025-08-26 15:31:02,0.5
bitcoin-up-or-down-august-28-5am-et,UP,6791777700662748561554896865768845768474800581889937927345344110541968706131,1756222323,2025-08-26 15:32:03,0.5
bitcoin-up-or-down-august-28-5am-et,UP,6791777700662748561554896865768845768474800581889937927345344110541968706131,1756222383,2025-08-26 15:33:03,0.5
bitcoin-up-or-down-august-28-5am-et,UP,6791777700662748561554896865768845768474800581889937927345344110541968706131,1756222442,2025-08-26 15:34:02,0.5
bitcoin-up-or-down-august-28-5am-et,UP,6791777700662748561554896865768845768474800581889937927345344110541968706131,1756222502,2025-08-26 15:35:02,0.5
bitcoin-up-or-down-august-28-5am-et,UP,6791777700662748561554896865768845768474800581889937927345344110541968706131,1756222563,2025-08-26 15:36:03,0.5
bitcoin-up-or-down-august-28-5am-et,UP,6791777700662748561554896865768845768474800581889937927345344110541968706131,1756222623,2025-08-26 15:37:03,0.5
bitcoin-up-or-down-august-28-5am-et,UP,6791777700662748561554896865768845768474800581889937927345344110541968706131,1756222682,2025-08-26 15:38:02,0.5
bitcoin-up-or-down-august-28-5am-et,UP,6791777700662748561554896865768845768474800581889937927345344110541968706131,1756222742,2025-08-26 15:39:02,0.5
bitcoin-up-or-down-august-28-5am-et,UP,6791777700662748561554896865768845768474800581889937927345344110541968706131,1756222802,2025-08-26 15:40:02,0.5
bitcoin-up-or-down-august-28-5am-et,UP,6791777700662748561554896865768845768474800581889937927345344110541968706131,1756222863,2025-08-26 15:41:03,0.5
bitcoin-up-or-down-august-28-5am-et,UP,6791777700662748561554896865768845768474800581889937927345344110541968706131,1756222923,2025-08-26 15:42:03,0.5
bitcoin-up-or-down-august-28-5am-et,UP,6791777700662748561554896865768845768474800581889937927345344110541968706131,1756222982,2025-08-26 15:43:02,0.5
bitcoin-up-or-down-august-28-5am-et,UP,6791777700662748561554896865768845768474800581889937927345344110541968706131,1756223042,2025-08-26 15:44:02,0.5
bitcoin-up-or-down-august-28-5am-et,UP,6791777700662748561554896865768845768474800581889937927345344110541968706131,1756223102,2025-08-26 15:45:02,0.5
bitcoin-up-or-down-august-28-5am-et,UP,6791777700662748561554896865768845768474800581889937927345344110541968706131,1756223162,2025-08-26 15:46:02,0.5
bitcoin-up-or-down-august-28-5am-et,UP,6791777700662748561554896865768845768474800581889937927345344110541968706131,1756223222,2025-08-26 15:47:02,0.5
bitcoin-up-or-down-august-28-5am-et,UP,6791777700662748561554896865768845768474800581889937927345344110541968706131,1756223282,2025-08-26 15:48:02,0.5
bitcoin-up-or-down-august-28-5am-et,UP,6791777700662748561554896865768845768474800581889937927345344110541968706131,1756223343,2025-08-26 15:49:03,0.5
bitcoin-up-or-down-august-28-5am-et,UP,6791777700662748561554896865768845768474800581889937927345344110541968706131,1756223403,2025-08-26 15:50:03,0.5
bitcoin-up-or-down-august-28-5am-et,UP,6791777700662748561554896865768845768474800581889937927345344110541968706131,1756223462,2025-08-26 15:51:02,0.5
bitcoin-up-or-down-august-28-5am-et,UP,6791777700662748561554896865768845768474800581889937927345344110541968706131,1756223522,2025-08-26 15:52:02,0.5
bitcoin-up-or-down-august-28-5am-et,UP,6791777700662748561554896865768845768474800581889937927345344110541968706131,1756223582,2025-08-26 15:53:02,0.5
bitcoin-up-or-down-august-28-5am-et,UP,6791777700662748561554896865768845768474800581889937927345344110541968706131,1756223643,2025-08-26 15:54:03,0.5
bitcoin-up-or-down-august-28-5am-et,UP,6791777700662748561554896865768845768474800581889937927345344110541968706131,1756223704,2025-08-26 15:55:04,0.5
bitcoin-up-or-down-august-28-5am-et,UP,6791777700662748561554896865768845768474800581889937927345344110541968706131,1756223762,2025-08-26 15:56:02,0.5
bitcoin-up-or-down-august-28-5am-et,UP,6791777700662748561554896865768845768474800581889937927345344110541968706131,1756223823,2025-08-26 15:57:03,0.5
bitcoin-up-or-down-august-28-5am-et,UP,6791777700662748561554896865768845768474800581889937927345344110541968706131,1756223883,2025-08-26 15:58:03,0.5
bitcoin-up-or-down-august-28-5am-et,UP,6791777700662748561554896865768845768474800581889937927345344110541968706131,1756223942,2025-08-26 15:59:02,0.5
bitcoin-up-or-down-august-28-5am-et,UP,6791777700662748561554896865768845768474800581889937927345344110541968706131,1756224014,2025-08-26 16:00:14,0.5
bitcoin-up-or-down-august-28-5am-et,UP,6791777700662748561554896865768845768474800581889937927345344110541968706131,1756224063,2025-08-26 16:01:03,0.5
bitcoin-up-or-down-august-28-5am-et,UP,6791777700662748561554896865768845768474800581889937927345344110541968706131,1756224123,2025-08-26 16:02:03,0.5
bitcoin-up-or-down-august-28-5am-et,UP,6791777700662748561554896865768845768474800581889937927345344110541968706131,1756224182,2025-08-26 16:03:02,0.5
bitcoin-up-or-down-august-28-5am-et,UP,6791777700662748561554896865768845768474800581889937927345344110541968706131,1756224242,2025-08-26 16:04:02,0.5
bitcoin-up-or-down-august-28-5am-et,UP,6791777700662748561554896865768845768474800581889937927345344110541968706131,1756224304,2025-08-26 16:05:04,0.5
bitcoin-up-or-down-august-28-5am-et,UP,6791777700662748561554896865768845768474800581889937927345344110541968706131,1756224363,2025-08-26 16:06:03,0.5
bitcoin-up-or-down-august-28-5am-et,UP,6791777700662748561554896865768845768474800581889937927345344110541968706131,1756224423,2025-08-26 16:07:03,0.5
bitcoin-up-or-down-august-28-5am-et,UP,6791777700662748561554896865768845768474800581889937927345344110541968706131,1756224483,2025-08-26 16:08:03,0.5
bitcoin-up-or-down-august-28-5am-et,UP,6791777700662748561554896865768845768474800581889937927345344110541968706131,1756224542,2025-08-26 16:09:02,0.5
bitcoin-up-or-down-august-28-5am-et,UP,6791777700662748561554896865768845768474800581889937927345344110541968706131,1756224603,2025-08-26 16:10:03,0.5
bitcoin-up-or-down-august-28-5am-et,UP,6791777700662748561554896865768845768474800581889937927345344110541968706131,1756224664,2025-08-26 16:11:04,0.5
bitcoin-up-or-down-august-28-5am-et,UP,6791777700662748561554896865768845768474800581889937927345344110541968706131,1756224722,2025-08-26 16:12:02,0.5
bitcoin-up-or-down-august-28-5am-et,UP,6791777700662748561554896865768845768474800581889937927345344110541968706131,1756224782,2025-08-26 16:13:02,0.5
bitcoin-up-or-down-august-28-5am-et,UP,6791777700662748561554896865768845768474800581889937927345344110541968706131,1756224842,2025-08-26 16:14:02,0.5
bitcoin-up-or-down-august-28-5am-et,UP,6791777700662748561554896865768845768474800581889937927345344110541968706131,1756224903,2025-08-26 16:15:03,0.5
bitcoin-up-or-down-august-28-5am-et,UP,6791777700662748561554896865768845768474800581889937927345344110541968706131,1756224962,2025-08-26 16:16:02,0.5
bitcoin-up-or-down-august-28-5am-et,UP,6791777700662748561554896865768845768474800581889937927345344110541968706131,1756225023,2025-08-26 16:17:03,0.5
bitcoin-up-or-down-august-28-5am-et,UP,6791777700662748561554896865768845768474800581889937927345344110541968706131,1756225083,2025-08-26 16:18:03,0.5
bitcoin-up-or-down-august-28-5am-et,UP,6791777700662748561554896865768845768474800581889937927345344110541968706131,1756225143,2025-08-26 16:19:03,0.5
bitcoin-up-or-down-august-28-5am-et,UP,6791777700662748561554896865768845768474800581889937927345344110541968706131,1756225204,2025-08-26 16:20:04,0.5
bitcoin-up-or-down-august-28-5am-et,UP,6791777700662748561554896865768845768474800581889937927345344110541968706131,1756225262,2025-08-26 16:21:02,0.5
bitcoin-up-or-down-august-28-5am-et,UP,6791777700662748561554896865768845768474800581889937927345344110541968706131,1756225323,2025-08-26 16:22:03,0.5
bitcoin-up-or-down-august-28-5am-et,UP,6791777700662748561554896865768845768474800581889937927345344110541968706131,1756225383,2025-08-26 16:23:03,0.5
bitcoin-up-or-down-august-28-5am-et,UP,6791777700662748561554896865768845768474800581889937927345344110541968706131,1756225443,2025-08-26 16:24:03,0.5
bitcoin-up-or-down-august-28-5am-et,UP,6791777700662748561554896865768845768474800581889937927345344110541968706131,1756225503,2025-08-26 16:25:03,0.5
bitcoin-up-or-down-august-28-5am-et,UP,6791777700662748561554896865768845768474800581889937927345344110541968706131,1756225565,2025-08-26 16:26:05,0.5
bitcoin-up-or-down-august-28-5am-et,UP,6791777700662748561554896865768845768474800581889937927345344110541968706131,1756225622,2025-08-26 16:27:02,0.5
bitcoin-up-or-down-august-28-5am-et,UP,6791777700662748561554896865768845768474800581889937927345344110541968706131,1756225683,2025-08-26 16:28:03,0.5
bitcoin-up-or-down-august-28-5am-et,UP,6791777700662748561554896865768845768474800581889937927345344110541968706131,1756225742,2025-08-26 16:29:02,0.5
bitcoin-up-or-down-august-28-5am-et,UP,6791777700662748561554896865768845768474800581889937927345344110541968706131,1756225808,2025-08-26 16:30:08,0.5
bitcoin-up-or-down-august-28-5am-et,UP,6791777700662748561554896865768845768474800581889937927345344110541968706131,1756225863,2025-08-26 16:31:03,0.5
bitcoin-up-or-down-august-28-5am-et,UP,6791777700662748561554896865768845768474800581889937927345344110541968706131,1756225924,2025-08-26 16:32:04,0.5
bitcoin-up-or-down-august-28-5am-et,UP,6791777700662748561554896865768845768474800581889937927345344110541968706131,1756225982,2025-08-26 16:33:02,0.5
bitcoin-up-or-down-august-28-5am-et,UP,6791777700662748561554896865768845768474800581889937927345344110541968706131,1756226042,2025-08-26 16:34:02,0.5
bitcoin-up-or-down-august-28-5am-et,UP,6791777700662748561554896865768845768474800581889937927345344110541968706131,1756226103,2025-08-26 16:35:03,0.5
bitcoin-up-or-down-august-28-5am-et,UP,6791777700662748561554896865768845768474800581889937927345344110541968706131,1756226163,2025-08-26 16:36:03,0.5
bitcoin-up-or-down-august-28-5am-et,UP,6791777700662748561554896865768845768474800581889937927345344110541968706131,1756226222,2025-08-26 16:37:02,0.5
bitcoin-up-or-down-august-28-5am-et,UP,6791777700662748561554896865768845768474800581889937927345344110541968706131,1756226284,2025-08-26 16:38:04,0.5
bitcoin-up-or-down-august-28-5am-et,UP,6791777700662748561554896865768845768474800581889937927345344110541968706131,1756226343,2025-08-26 16:39:03,0.5
bitcoin-up-or-down-august-28-5am-et,UP,6791777700662748561554896865768845768474800581889937927345344110541968706131,1756226403,2025-08-26 16:40:03,0.5
bitcoin-up-or-down-august-28-5am-et,UP,6791777700662748561554896865768845768474800581889937927345344110541968706131,1756226462,2025-08-26 16:41:02,0.5
bitcoin-up-or-down-august-28-5am-et,UP,6791777700662748561554896865768845768474800581889937927345344110541968706131,1756226523,2025-08-26 16:42:03,0.5
bitcoin-up-or-down-august-28-5am-et,UP,6791777700662748561554896865768845768474800581889937927345344110541968706131,1756226583,2025-08-26 16:43:03,0.5
bitcoin-up-or-down-august-28-5am-et,UP,6791777700662748561554896865768845768474800581889937927345344110541968706131,1756226643,2025-08-26 16:44:03,0.5
bitcoin-up-or-down-august-28-5am-et,UP,6791777700662748561554896865768845768474800581889937927345344110541968706131,1756226702,2025-08-26 16:45:02,0.5
bitcoin-up-or-down-august-28-5am-et,UP,6791777700662748561554896865768845768474800581889937927345344110541968706131,1756226762,2025-08-26 16:46:02,0.5
bitcoin-up-or-down-august-28-5am-et,UP,6791777700662748561554896865768845768474800581889937927345344110541968706131,1756226823,2025-08-26 16:47:03,0.5
bitcoin-up-or-down-august-28-5am-et,UP,6791777700662748561554896865768845768474800581889937927345344110541968706131,1756226882,2025-08-26 16:48:02,0.5
bitcoin-up-or-down-august-28-5am-et,UP,6791777700662748561554896865768845768474800581889937927345344110541968706131,1756226942,2025-08-26 16:49:02,0.5
bitcoin-up-or-down-august-28-5am-et,UP,6791777700662748561554896865768845768474800581889937927345344110541968706131,1756227013,2025-08-26 16:50:13,0.5
bitcoin-up-or-down-august-28-5am-et,UP,6791777700662748561554896865768845768474800581889937927345344110541968706131,1756227063,2025-08-26 16:51:03,0.5
bitcoin-up-or-down-august-28-5am-et,UP,6791777700662748561554896865768845768474800581889937927345344110541968706131,1756227123,2025-08-26 16:52:03,0.5
bitcoin-up-or-down-august-28-5am-et,UP,6791777700662748561554896865768845768474800581889937927345344110541968706131,1756227183,2025-08-26 16:53:03,0.5
bitcoin-up-or-down-august-28-5am-et,UP,6791777700662748561554896865768845768474800581889937927345344110541968706131,1756227243,2025-08-26 16:54:03,0.5
bitcoin-up-or-down-august-28-5am-et,UP,6791777700662748561554896865768845768474800581889937927345344110541968706131,1756227303,2025-08-26 16:55:03,0.5
bitcoin-up-or-down-august-28-5am-et,UP,6791777700662748561554896865768845768474800581889937927345344110541968706131,1756227363,2025-08-26 16:56:03,0.5
bitcoin-up-or-down-august-28-5am-et,UP,6791777700662748561554896865768845768474800581889937927345344110541968706131,1756227422,2025-08-26 16:57:02,0.5
bitcoin-up-or-down-august-28-5am-et,UP,6791777700662748561554896865768845768474800581889937927345344110541968706131,1756227482,2025-08-26 16:58:02,0.5
bitcoin-up-or-down-august-28-5am-et,UP,6791777700662748561554896865768845768474800581889937927345344110541968706131,1756227542,2025-08-26 16:59:02,0.5
bitcoin-up-or-down-august-28-5am-et,UP,6791777700662748561554896865768845768474800581889937927345344110541968706131,1756227617,2025-08-26 17:00:17,0.5
bitcoin-up-or-down-august-28-5am-et,UP,6791777700662748561554896865768845768474800581889937927345344110541968706131,1756227663,2025-08-26 17:01:03,0.5
bitcoin-up-or-down-august-28-5am-et,UP,6791777700662748561554896865768845768474800581889937927345344110541968706131,1756227723,2025-08-26 17:02:03,0.5
bitcoin-up-or-down-august-28-5am-et,UP,6791777700662748561554896865768845768474800581889937927345344110541968706131,1756227783,2025-08-26 17:03:03,0.5
bitcoin-up-or-down-august-28-5am-et,UP,6791777700662748561554896865768845768474800581889937927345344110541968706131,1756227843,2025-08-26 17:04:03,0.5
bitcoin-up-or-down-august-28-5am-et,UP,6791777700662748561554896865768845768474800581889937927345344110541968706131,1756227909,2025-08-26 17:05:09,0.5
bitcoin-up-or-down-august-28-5am-et,UP,6791777700662748561554896865768845768474800581889937927345344110541968706131,1756227964,2025-08-26 17:06:04,0.5
bitcoin-up-or-down-august-28-5am-et,UP,6791777700662748561554896865768845768474800581889937927345344110541968706131,1756228023,2025-08-26 17:07:03,0.5
bitcoin-up-or-down-august-28-5am-et,UP,6791777700662748561554896865768845768474800581889937927345344110541968706131,1756228083,2025-08-26 17:08:03,0.5
bitcoin-up-or-down-august-28-5am-et,UP,6791777700662748561554896865768845768474800581889937927345344110541968706131,1756228143,2025-08-26 17:09:03,0.5
bitcoin-up-or-down-august-28-5am-et,UP,6791777700662748561554896865768845768474800581889937927345344110541968706131,1756228211,2025-08-26 17:10:11,0.5
bitcoin-up-or-down-august-28-5am-et,UP,6791777700662748561554896865768845768474800581889937927345344110541968706131,1756228263,2025-08-26 17:11:03,0.5
bitcoin-up-or-down-august-28-5am-et,UP,6791777700662748561554896865768845768474800581889937927345344110541968706131,1756228322,2025-08-26 17:12:02,0.5
bitcoin-up-or-down-august-28-5am-et,UP,6791777700662748561554896865768845768474800581889937927345344110541968706131,1756228383,2025-08-26 17:13:03,0.5
bitcoin-up-or-down-august-28-5am-et,UP,6791777700662748561554896865768845768474800581889937927345344110541968706131,1756228443,2025-08-26 17:14:03,0.5
bitcoin-up-or-down-august-28-5am-et,UP,6791777700662748561554896865768845768474800581889937927345344110541968706131,1756228513,2025-08-26 17:15:13,0.5
bitcoin-up-or-down-august-28-5am-et,UP,6791777700662748561554896865768845768474800581889937927345344110541968706131,1756228562,2025-08-26 17:16:02,0.5
bitcoin-up-or-down-august-28-5am-et,UP,6791777700662748561554896865768845768474800581889937927345344110541968706131,1756228623,2025-08-26 17:17:03,0.5
bitcoin-up-or-down-august-28-5am-et,UP,6791777700662748561554896865768845768474800581889937927345344110541968706131,1756228682,2025-08-26 17:18:02,0.5
bitcoin-up-or-down-august-28-5am-et,UP,6791777700662748561554896865768845768474800581889937927345344110541968706131,1756228742,2025-08-26 17:19:02,0.5
bitcoin-up-or-down-august-28-5am-et,UP,6791777700662748561554896865768845768474800581889937927345344110541968706131,1756228812,2025-08-26 17:20:12,0.5
bitcoin-up-or-down-august-28-5am-et,UP,6791777700662748561554896865768845768474800581889937927345344110541968706131,1756228862,2025-08-26 17:21:02,0.5
bitcoin-up-or-down-august-28-5am-et,UP,6791777700662748561554896865768845768474800581889937927345344110541968706131,1756228923,2025-08-26 17:22:03,0.5
bitcoin-up-or-down-august-28-5am-et,UP,6791777700662748561554896865768845768474800581889937927345344110541968706131,1756228983,2025-08-26 17:23:03,0.5
bitcoin-up-or-down-august-28-5am-et,UP,6791777700662748561554896865768845768474800581889937927345344110541968706131,1756229044,2025-08-26 17:24:04,0.5
bitcoin-up-or-down-august-28-5am-et,UP,6791777700662748561554896865768845768474800581889937927345344110541968706131,1756229102,2025-08-26 17:25:02,0.5
bitcoin-up-or-down-august-28-5am-et,UP,6791777700662748561554896865768845768474800581889937927345344110541968706131,1756229163,2025-08-26 17:26:03,0.5
bitcoin-up-or-down-august-28-5am-et,UP,6791777700662748561554896865768845768474800581889937927345344110541968706131,1756229222,2025-08-26 17:27:02,0.5
bitcoin-up-or-down-august-28-5am-et,UP,6791777700662748561554896865768845768474800581889937927345344110541968706131,1756229282,2025-08-26 17:28:02,0.5
bitcoin-up-or-down-august-28-5am-et,UP,6791777700662748561554896865768845768474800581889937927345344110541968706131,1756229343,2025-08-26 17:29:03,0.5
bitcoin-up-or-down-august-28-5am-et,UP,6791777700662748561554896865768845768474800581889937927345344110541968706131,1756229411,2025-08-26 17:30:11,0.5
bitcoin-up-or-down-august-28-5am-et,UP,6791777700662748561554896865768845768474800581889937927345344110541968706131,1756229463,2025-08-26 17:31:03,0.5
bitcoin-up-or-down-august-28-5am-et,UP,6791777700662748561554896865768845768474800581889937927345344110541968706131,1756229522,2025-08-26 17:32:02,0.5
bitcoin-up-or-down-august-28-5am-et,UP,6791777700662748561554896865768845768474800581889937927345344110541968706131,1756229583,2025-08-26 17:33:03,0.5
bitcoin-up-or-down-august-28-5am-et,UP,6791777700662748561554896865768845768474800581889937927345344110541968706131,1756229643,2025-08-26 17:34:03,0.5
bitcoin-up-or-down-august-28-5am-et,UP,6791777700662748561554896865768845768474800581889937927345344110541968706131,1756229702,2025-08-26 17:35:02,0.5
bitcoin-up-or-down-august-28-5am-et,UP,6791777700662748561554896865768845768474800581889937927345344110541968706131,1756229763,2025-08-26 17:36:03,0.5
bitcoin-up-or-down-august-28-5am-et,UP,6791777700662748561554896865768845768474800581889937927345344110541968706131,1756229823,2025-08-26 17:37:03,0.5
bitcoin-up-or-down-august-28-5am-et,UP,6791777700662748561554896865768845768474800581889937927345344110541968706131,1756229882,2025-08-26 17:38:02,0.5
bitcoin-up-or-down-august-28-5am-et,UP,6791777700662748561554896865768845768474800581889937927345344110541968706131,1756229942,2025-08-26 17:39:02,0.5
bitcoin-up-or-down-august-28-5am-et,UP,6791777700662748561554896865768845768474800581889937927345344110541968706131,1756230011,2025-08-26 17:40:11,0.5
bitcoin-up-or-down-august-28-5am-et,UP,6791777700662748561554896865768845768474800581889937927345344110541968706131,1756230063,2025-08-26 17:41:03,0.5
bitcoin-up-or-down-august-28-5am-et,UP,6791777700662748561554896865768845768474800581889937927345344110541968706131,1756230122,2025-08-26 17:42:02,0.5
bitcoin-up-or-down-august-28-5am-et,UP,6791777700662748561554896865768845768474800581889937927345344110541968706131,1756230183,2025-08-26 17:43:03,0.5
bitcoin-up-or-down-august-28-5am-et,UP,6791777700662748561554896865768845768474800581889937927345344110541968706131,1756230244,2025-08-26 17:44:04,0.5
bitcoin-up-or-down-august-28-5am-et,UP,6791777700662748561554896865768845768474800581889937927345344110541968706131,1756230303,2025-08-26 17:45:03,0.5
bitcoin-up-or-down-august-28-5am-et,UP,6791777700662748561554896865768845768474800581889937927345344110541968706131,1756230363,2025-08-26 17:46:03,0.5
bitcoin-up-or-down-august-28-5am-et,UP,6791777700662748561554896865768845768474800581889937927345344110541968706131,1756230422,2025-08-26 17:47:02,0.5
bitcoin-up-or-down-august-28-5am-et,UP,6791777700662748561554896865768845768474800581889937927345344110541968706131,1756230483,2025-08-26 17:48:03,0.5
bitcoin-up-or-down-august-28-5am-et,UP,6791777700662748561554896865768845768474800581889937927345344110541968706131,1756230543,2025-08-26 17:49:03,0.5
bitcoin-up-or-down-august-28-5am-et,UP,6791777700662748561554896865768845768474800581889937927345344110541968706131,1756230606,2025-08-26 17:50:06,0.5
bitcoin-up-or-down-august-28-5am-et,UP,6791777700662748561554896865768845768474800581889937927345344110541968706131,1756230662,2025-08-26 17:51:02,0.5
bitcoin-up-or-down-august-28-5am-et,UP,6791777700662748561554896865768845768474800581889937927345344110541968706131,1756230722,2025-08-26 17:52:02,0.5
bitcoin-up-or-down-august-28-5am-et,UP,6791777700662748561554896865768845768474800581889937927345344110541968706131,1756230783,2025-08-26 17:53:03,0.5
bitcoin-up-or-down-august-28-5am-et,UP,6791777700662748561554896865768845768474800581889937927345344110541968706131,1756230843,2025-08-26 17:54:03,0.5
bitcoin-up-or-down-august-28-5am-et,UP,6791777700662748561554896865768845768474800581889937927345344110541968706131,1756230903,2025-08-26 17:55:03,0.5
bitcoin-up-or-down-august-28-5am-et,UP,6791777700662748561554896865768845768474800581889937927345344110541968706131,1756230962,2025-08-26 17:56:02,0.5
bitcoin-up-or-down-august-28-5am-et,UP,6791777700662748561554896865768845768474800581889937927345344110541968706131,1756231023,2025-08-26 17:57:03,0.5
bitcoin-up-or-down-august-28-5am-et,UP,6791777700662748561554896865768845768474800581889937927345344110541968706131,1756231083,2025-08-26 17:58:03,0.5
bitcoin-up-or-down-august-28-5am-et,UP,6791777700662748561554896865768845768474800581889937927345344110541968706131,1756231143,2025-08-26 17:59:03,0.5
bitcoin-up-or-down-august-28-5am-et,UP,6791777700662748561554896865768845768474800581889937927345344110541968706131,1756231205,2025-08-26 18:00:05,0.5
bitcoin-up-or-down-august-28-5am-et,UP,6791777700662748561554896865768845768474800581889937927345344110541968706131,1756231262,2025-08-26 18:01:02,0.5
bitcoin-up-or-down-august-28-5am-et,UP,6791777700662748561554896865768845768474800581889937927345344110541968706131,1756231323,2025-08-26 18:02:03,0.5
bitcoin-up-or-down-august-28-5am-et,UP,6791777700662748561554896865768845768474800581889937927345344110541968706131,1756231382,2025-08-26 18:03:02,0.5
bitcoin-up-or-down-august-28-5am-et,UP,6791777700662748561554896865768845768474800581889937927345344110541968706131,1756231443,2025-08-26 18:04:03,0.5
bitcoin-up-or-down-august-28-5am-et,UP,6791777700662748561554896865768845768474800581889937927345344110541968706131,1756231502,2025-08-26 18:05:02,0.5
bitcoin-up-or-down-august-28-5am-et,UP,6791777700662748561554896865768845768474800581889937927345344110541968706131,1756231562,2025-08-26 18:06:02,0.5
bitcoin-up-or-down-august-28-5am-et,UP,6791777700662748561554896865768845768474800581889937927345344110541968706131,1756231623,2025-08-26 18:07:03,0.5
bitcoin-up-or-down-august-28-5am-et,UP,6791777700662748561554896865768845768474800581889937927345344110541968706131,1756231683,2025-08-26 18:08:03,0.5
bitcoin-up-or-down-august-28-5am-et,UP,6791777700662748561554896865768845768474800581889937927345344110541968706131,1756231743,2025-08-26 18:09:03,0.5
bitcoin-up-or-down-august-28-5am-et,UP,6791777700662748561554896865768845768474800581889937927345344110541968706131,1756231805,2025-08-26 18:10:05,0.5
bitcoin-up-or-down-august-28-5am-et,UP,6791777700662748561554896865768845768474800581889937927345344110541968706131,1756231863,2025-08-26 18:11:03,0.5
bitcoin-up-or-down-august-28-5am-et,UP,6791777700662748561554896865768845768474800581889937927345344110541968706131,1756231923,2025-08-26 18:12:03,0.5
bitcoin-up-or-down-august-28-5am-et,UP,6791777700662748561554896865768845768474800581889937927345344110541968706131,1756231983,2025-08-26 18:13:03,0.5
bitcoin-up-or-down-august-28-5am-et,UP,6791777700662748561554896865768845768474800581889937927345344110541968706131,1756232042,2025-08-26 18:14:02,0.5
bitcoin-up-or-down-august-28-5am-et,UP,6791777700662748561554896865768845768474800581889937927345344110541968706131,1756232105,2025-08-26 18:15:05,0.5
bitcoin-up-or-down-august-28-5am-et,UP,6791777700662748561554896865768845768474800581889937927345344110541968706131,1756232163,2025-08-26 18:16:03,0.5
bitcoin-up-or-down-august-28-5am-et,UP,6791777700662748561554896865768845768474800581889937927345344110541968706131,1756232223,2025-08-26 18:17:03,0.5
bitcoin-up-or-down-august-28-5am-et,UP,6791777700662748561554896865768845768474800581889937927345344110541968706131,1756232282,2025-08-26 18:18:02,0.5
bitcoin-up-or-down-august-28-5am-et,UP,6791777700662748561554896865768845768474800581889937927345344110541968706131,1756232343,2025-08-26 18:19:03,0.5
bitcoin-up-or-down-august-28-5am-et,UP,6791777700662748561554896865768845768474800581889937927345344110541968706131,1756232410,2025-08-26 18:20:10,0.5
bitcoin-up-or-down-august-28-5am-et,UP,6791777700662748561554896865768845768474800581889937927345344110541968706131,1756232462,2025-08-26 18:21:02,0.5
bitcoin-up-or-down-august-28-5am-et,UP,6791777700662748561554896865768845768474800581889937927345344110541968706131,1756232523,2025-08-26 18:22:03,0.5
bitcoin-up-or-down-august-28-5am-et,UP,6791777700662748561554896865768845768474800581889937927345344110541968706131,1756232582,2025-08-26 18:23:02,0.5
bitcoin-up-or-down-august-28-5am-et,UP,6791777700662748561554896865768845768474800581889937927345344110541968706131,1756232642,2025-08-26 18:24:02,0.5
bitcoin-up-or-down-august-28-5am-et,UP,6791777700662748561554896865768845768474800581889937927345344110541968706131,1756232702,2025-08-26 18:25:02,0.5
bitcoin-up-or-down-august-28-5am-et,UP,6791777700662748561554896865768845768474800581889937927345344110541968706131,1756232763,2025-08-26 18:26:03,0.5
bitcoin-up-or-down-august-28-5am-et,UP,6791777700662748561554896865768845768474800581889937927345344110541968706131,1756232822,2025-08-26 18:27:02,0.5
bitcoin-up-or-down-august-28-5am-et,UP,6791777700662748561554896865768845768474800581889937927345344110541968706131,1756232882,2025-08-26 18:28:02,0.5
bitcoin-up-or-down-august-28-5am-et,UP,6791777700662748561554896865768845768474800581889937927345344110541968706131,1756232942,2025-08-26 18:29:02,0.5
bitcoin-up-or-down-august-28-5am-et,UP,6791777700662748561554896865768845768474800581889937927345344110541968706131,1756233009,2025-08-26 18:30:09,0.5
bitcoin-up-or-down-august-28-5am-et,UP,6791777700662748561554896865768845768474800581889937927345344110541968706131,1756233063,2025-08-26 18:31:03,0.5
bitcoin-up-or-down-august-28-5am-et,UP,6791777700662748561554896865768845768474800581889937927345344110541968706131,1756233123,2025-08-26 18:32:03,0.5
bitcoin-up-or-down-august-28-5am-et,UP,6791777700662748561554896865768845768474800581889937927345344110541968706131,1756233183,2025-08-26 18:33:03,0.5
bitcoin-up-or-down-august-28-5am-et,UP,6791777700662748561554896865768845768474800581889937927345344110541968706131,1756233242,2025-08-26 18:34:02,0.5
bitcoin-up-or-down-august-28-5am-et,UP,6791777700662748561554896865768845768474800581889937927345344110541968706131,1756233302,2025-08-26 18:35:02,0.5
bitcoin-up-or-down-august-28-5am-et,UP,6791777700662748561554896865768845768474800581889937927345344110541968706131,1756233363,2025-08-26 18:36:03,0.5
bitcoin-up-or-down-august-28-5am-et,UP,6791777700662748561554896865768845768474800581889937927345344110541968706131,1756233423,2025-08-26 18:37:03,0.5
bitcoin-up-or-down-august-28-5am-et,UP,6791777700662748561554896865768845768474800581889937927345344110541968706131,1756233482,2025-08-26 18:38:02,0.5
bitcoin-up-or-down-august-28-5am-et,UP,6791777700662748561554896865768845768474800581889937927345344110541968706131,1756233542,2025-08-26 18:39:02,0.5
bitcoin-up-or-down-august-28-5am-et,UP,6791777700662748561554896865768845768474800581889937927345344110541968706131,1756233603,2025-08-26 18:40:03,0.5
bitcoin-up-or-down-august-28-5am-et,UP,6791777700662748561554896865768845768474800581889937927345344110541968706131,1756233662,2025-08-26 18:41:02,0.5
bitcoin-up-or-down-august-28-5am-et,UP,6791777700662748561554896865768845768474800581889937927345344110541968706131,1756233722,2025-08-26 18:42:02,0.5
bitcoin-up-or-down-august-28-5am-et,UP,6791777700662748561554896865768845768474800581889937927345344110541968706131,1756233782,2025-08-26 18:43:02,0.5
bitcoin-up-or-down-august-28-5am-et,UP,6791777700662748561554896865768845768474800581889937927345344110541968706131,1756233843,2025-08-26 18:44:03,0.5
bitcoin-up-or-down-august-28-5am-et,UP,6791777700662748561554896865768845768474800581889937927345344110541968706131,1756233902,2025-08-26 18:45:02,0.5
bitcoin-up-or-down-august-28-5am-et,UP,6791777700662748561554896865768845768474800581889937927345344110541968706131,1756233962,2025-08-26 18:46:02,0.5
bitcoin-up-or-down-august-28-5am-et,UP,6791777700662748561554896865768845768474800581889937927345344110541968706131,1756234024,2025-08-26 18:47:04,0.5
bitcoin-up-or-down-august-28-5am-et,UP,6791777700662748561554896865768845768474800581889937927345344110541968706131,1756234083,2025-08-26 18:48:03,0.5
bitcoin-up-or-down-august-28-5am-et,UP,6791777700662748561554896865768845768474800581889937927345344110541968706131,1756234142,2025-08-26 18:49:02,0.5
bitcoin-up-or-down-august-28-5am-et,UP,6791777700662748561554896865768845768474800581889937927345344110541968706131,1756234205,2025-08-26 18:50:05,0.5
bitcoin-up-or-down-august-28-5am-et,UP,6791777700662748561554896865768845768474800581889937927345344110541968706131,1756234263,2025-08-26 18:51:03,0.5
bitcoin-up-or-down-august-28-5am-et,UP,6791777700662748561554896865768845768474800581889937927345344110541968706131,1756234323,2025-08-26 18:52:03,0.5
bitcoin-up-or-down-august-28-5am-et,UP,6791777700662748561554896865768845768474800581889937927345344110541968706131,1756234382,2025-08-26 18:53:02,0.5
bitcoin-up-or-down-august-28-5am-et,UP,6791777700662748561554896865768845768474800581889937927345344110541968706131,1756234443,2025-08-26 18:54:03,0.5
bitcoin-up-or-down-august-28-5am-et,UP,6791777700662748561554896865768845768474800581889937927345344110541968706131,1756234502,2025-08-26 18:55:02,0.5
bitcoin-up-or-down-august-28-5am-et,UP,6791777700662748561554896865768845768474800581889937927345344110541968706131,1756234562,2025-08-26 18:56:02,0.5
bitcoin-up-or-down-august-28-5am-et,UP,6791777700662748561554896865768845768474800581889937927345344110541968706131,1756234623,2025-08-26 18:57:03,0.5
bitcoin-up-or-down-august-28-5am-et,UP,6791777700662748561554896865768845768474800581889937927345344110541968706131,1756234682,2025-08-26 18:58:02,0.5
bitcoin-up-or-down-august-28-5am-et,UP,6791777700662748561554896865768845768474800581889937927345344110541968706131,1756234742,2025-08-26 18:59:02,0.5
bitcoin-up-or-down-august-28-5am-et,UP,6791777700662748561554896865768845768474800581889937927345344110541968706131,1756234806,2025-08-26 19:00:06,0.5
bitcoin-up-or-down-august-28-5am-et,UP,6791777700662748561554896865768845768474800581889937927345344110541968706131,1756234863,2025-08-26 19:01:03,0.5
bitcoin-up-or-down-august-28-5am-et,UP,6791777700662748561554896865768845768474800581889937927345344110541968706131,1756234922,2025-08-26 19:02:02,0.5
bitcoin-up-or-down-august-28-5am-et,UP,6791777700662748561554896865768845768474800581889937927345344110541968706131,1756234982,2025-08-26 19:03:02,0.5
bitcoin-up-or-down-august-28-5am-et,UP,6791777700662748561554896865768845768474800581889937927345344110541968706131,1756235044,2025-08-26 19:04:04,0.5
bitcoin-up-or-down-august-28-5am-et,UP,6791777700662748561554896865768845768474800581889937927345344110541968706131,1756235104,2025-08-26 19:05:04,0.5
bitcoin-up-or-down-august-28-5am-et,UP,6791777700662748561554896865768845768474800581889937927345344110541968706131,1756235162,2025-08-26 19:06:02,0.5
bitcoin-up-or-down-august-28-5am-et,UP,6791777700662748561554896865768845768474800581889937927345344110541968706131,1756235222,2025-08-26 19:07:02,0.5
bitcoin-up-or-down-august-28-5am-et,UP,6791777700662748561554896865768845768474800581889937927345344110541968706131,1756235283,2025-08-26 19:08:03,0.5
bitcoin-up-or-down-august-28-5am-et,UP,6791777700662748561554896865768845768474800581889937927345344110541968706131,1756235343,2025-08-26 19:09:03,0.5
bitcoin-up-or-down-august-28-5am-et,UP,6791777700662748561554896865768845768474800581889937927345344110541968706131,1756235403,2025-08-26 19:10:03,0.5
bitcoin-up-or-down-august-28-5am-et,UP,6791777700662748561554896865768845768474800581889937927345344110541968706131,1756235463,2025-08-26 19:11:03,0.5
bitcoin-up-or-down-august-28-5am-et,UP,6791777700662748561554896865768845768474800581889937927345344110541968706131,1756235522,2025-08-26 19:12:02,0.5
bitcoin-up-or-down-august-28-5am-et,UP,6791777700662748561554896865768845768474800581889937927345344110541968706131,1756235583,2025-08-26 19:13:03,0.5
bitcoin-up-or-down-august-28-5am-et,UP,6791777700662748561554896865768845768474800581889937927345344110541968706131,1756235642,2025-08-26 19:14:02,0.5
bitcoin-up-or-down-august-28-5am-et,UP,6791777700662748561554896865768845768474800581889937927345344110541968706131,1756235713,2025-08-26 19:15:13,0.5
bitcoin-up-or-down-august-28-5am-et,UP,6791777700662748561554896865768845768474800581889937927345344110541968706131,1756235763,2025-08-26 19:16:03,0.5
bitcoin-up-or-down-august-28-5am-et,UP,6791777700662748561554896865768845768474800581889937927345344110541968706131,1756235823,2025-08-26 19:17:03,0.5
bitcoin-up-or-down-august-28-5am-et,UP,6791777700662748561554896865768845768474800581889937927345344110541968706131,1756235882,2025-08-26 19:18:02,0.5
bitcoin-up-or-down-august-28-5am-et,UP,6791777700662748561554896865768845768474800581889937927345344110541968706131,1756235943,2025-08-26 19:19:03,0.5
bitcoin-up-or-down-august-28-5am-et,UP,6791777700662748561554896865768845768474800581889937927345344110541968706131,1756236007,2025-08-26 19:20:07,0.5
bitcoin-up-or-down-august-28-5am-et,UP,6791777700662748561554896865768845768474800581889937927345344110541968706131,1756236062,2025-08-26 19:21:02,0.5
bitcoin-up-or-down-august-28-5am-et,UP,6791777700662748561554896865768845768474800581889937927345344110541968706131,1756236123,2025-08-26 19:22:03,0.5
bitcoin-up-or-down-august-28-5am-et,UP,6791777700662748561554896865768845768474800581889937927345344110541968706131,1756236182,2025-08-26 19:23:02,0.5
bitcoin-up-or-down-august-28-5am-et,UP,6791777700662748561554896865768845768474800581889937927345344110541968706131,1756236242,2025-08-26 19:24:02,0.5
bitcoin-up-or-down-august-28-5am-et,UP,6791777700662748561554896865768845768474800581889937927345344110541968706131,1756236302,2025-08-26 19:25:02,0.5
bitcoin-up-or-down-august-28-5am-et,UP,6791777700662748561554896865768845768474800581889937927345344110541968706131,1756236364,2025-08-26 19:26:04,0.5
bitcoin-up-or-down-august-28-5am-et,UP,6791777700662748561554896865768845768474800581889937927345344110541968706131,1756236423,2025-08-26 19:27:03,0.5
bitcoin-up-or-down-august-28-5am-et,UP,6791777700662748561554896865768845768474800581889937927345344110541968706131,1756236483,2025-08-26 19:28:03,0.5
bitcoin-up-or-down-august-28-5am-et,UP,6791777700662748561554896865768845768474800581889937927345344110541968706131,1756236542,2025-08-26 19:29:02,0.5
bitcoin-up-or-down-august-28-5am-et,UP,6791777700662748561554896865768845768474800581889937927345344110541968706131,1756236603,2025-08-26 19:30:03,0.5
bitcoin-up-or-down-august-28-5am-et,UP,6791777700662748561554896865768845768474800581889937927345344110541968706131,1756236663,2025-08-26 19:31:03,0.5
bitcoin-up-or-down-august-28-5am-et,UP,6791777700662748561554896865768845768474800581889937927345344110541968706131,1756236723,2025-08-26 19:32:03,0.5
bitcoin-up-or-down-august-28-5am-et,UP,6791777700662748561554896865768845768474800581889937927345344110541968706131,1756236782,2025-08-26 19:33:02,0.5
bitcoin-up-or-down-august-28-5am-et,UP,6791777700662748561554896865768845768474800581889937927345344110541968706131,1756236843,2025-08-26 19:34:03,0.5
bitcoin-up-or-down-august-28-5am-et,UP,6791777700662748561554896865768845768474800581889937927345344110541968706131,1756236909,2025-08-26 19:35:09,0.5
bitcoin-up-or-down-august-28-5am-et,UP,6791777700662748561554896865768845768474800581889937927345344110541968706131,1756236962,2025-08-26 19:36:02,0.5
bitcoin-up-or-down-august-28-5am-et,UP,6791777700662748561554896865768845768474800581889937927345344110541968706131,1756237022,2025-08-26 19:37:02,0.5
bitcoin-up-or-down-august-28-5am-et,UP,6791777700662748561554896865768845768474800581889937927345344110541968706131,1756237082,2025-08-26 19:38:02,0.5
bitcoin-up-or-down-august-28-5am-et,UP,6791777700662748561554896865768845768474800581889937927345344110541968706131,1756237142,2025-08-26 19:39:02,0.5
bitcoin-up-or-down-august-28-5am-et,UP,6791777700662748561554896865768845768474800581889937927345344110541968706131,1756237202,2025-08-26 19:40:02,0.5
bitcoin-up-or-down-august-28-5am-et,UP,6791777700662748561554896865768845768474800581889937927345344110541968706131,1756237262,2025-08-26 19:41:02,0.5
bitcoin-up-or-down-august-28-5am-et,UP,6791777700662748561554896865768845768474800581889937927345344110541968706131,1756237324,2025-08-26 19:42:04,0.5
bitcoin-up-or-down-august-28-5am-et,UP,6791777700662748561554896865768845768474800581889937927345344110541968706131,1756237383,2025-08-26 19:43:03,0.5
bitcoin-up-or-down-august-28-5am-et,UP,6791777700662748561554896865768845768474800581889937927345344110541968706131,1756237442,2025-08-26 19:44:02,0.5
bitcoin-up-or-down-august-28-5am-et,UP,6791777700662748561554896865768845768474800581889937927345344110541968706131,1756237514,2025-08-26 19:45:14,0.5
bitcoin-up-or-down-august-28-5am-et,UP,6791777700662748561554896865768845768474800581889937927345344110541968706131,1756237562,2025-08-26 19:46:02,0.5
bitcoin-up-or-down-august-28-5am-et,UP,6791777700662748561554896865768845768474800581889937927345344110541968706131,1756237623,2025-08-26 19:47:03,0.5
bitcoin-up-or-down-august-28-5am-et,UP,6791777700662748561554896865768845768474800581889937927345344110541968706131,1756237683,2025-08-26 19:48:03,0.5
bitcoin-up-or-down-august-28-5am-et,UP,6791777700662748561554896865768845768474800581889937927345344110541968706131,1756237743,2025-08-26 19:49:03,0.5
bitcoin-up-or-down-august-28-5am-et,UP,6791777700662748561554896865768845768474800581889937927345344110541968706131,1756237805,2025-08-26 19:50:05,0.5
bitcoin-up-or-down-august-28-5am-et,UP,6791777700662748561554896865768845768474800581889937927345344110541968706131,1756237863,2025-08-26 19:51:03,0.5
bitcoin-up-or-down-august-28-5am-et,UP,6791777700662748561554896865768845768474800581889937927345344110541968706131,1756237923,2025-08-26 19:52:03,0.5
bitcoin-up-or-down-august-28-5am-et,UP,6791777700662748561554896865768845768474800581889937927345344110541968706131,1756237982,2025-08-26 19:53:02,0.5
bitcoin-up-or-down-august-28-5am-et,UP,6791777700662748561554896865768845768474800581889937927345344110541968706131,1756238044,2025-08-26 19:54:04,0.5
bitcoin-up-or-down-august-28-5am-et,UP,6791777700662748561554896865768845768474800581889937927345344110541968706131,1756238105,2025-08-26 19:55:05,0.5
bitcoin-up-or-down-august-28-5am-et,UP,6791777700662748561554896865768845768474800581889937927345344110541968706131,1756238163,2025-08-26 19:56:03,0.5
bitcoin-up-or-down-august-28-5am-et,UP,6791777700662748561554896865768845768474800581889937927345344110541968706131,1756238223,2025-08-26 19:57:03,0.5
bitcoin-up-or-down-august-28-5am-et,UP,6791777700662748561554896865768845768474800581889937927345344110541968706131,1756238283,2025-08-26 19:58:03,0.5
bitcoin-up-or-down-august-28-5am-et,UP,6791777700662748561554896865768845768474800581889937927345344110541968706131,1756238342,2025-08-26 19:59:02,0.5
bitcoin-up-or-down-august-28-5am-et,UP,6791777700662748561554896865768845768474800581889937927345344110541968706131,1756238415,2025-08-26 20:00:15,0.5
bitcoin-up-or-down-august-28-5am-et,UP,6791777700662748561554896865768845768474800581889937927345344110541968706131,1756238463,2025-08-26 20:01:03,0.5
bitcoin-up-or-down-august-28-5am-et,UP,6791777700662748561554896865768845768474800581889937927345344110541968706131,1756238523,2025-08-26 20:02:03,0.5
bitcoin-up-or-down-august-28-5am-et,UP,6791777700662748561554896865768845768474800581889937927345344110541968706131,1756238582,2025-08-26 20:03:02,0.5
bitcoin-up-or-down-august-28-5am-et,UP,6791777700662748561554896865768845768474800581889937927345344110541968706131,1756238642,2025-08-26 20:04:02,0.5
bitcoin-up-or-down-august-28-5am-et,UP,6791777700662748561554896865768845768474800581889937927345344110541968706131,1756238707,2025-08-26 20:05:07,0.5
bitcoin-up-or-down-august-28-5am-et,UP,6791777700662748561554896865768845768474800581889937927345344110541968706131,1756238764,2025-08-26 20:06:04,0.5
bitcoin-up-or-down-august-28-5am-et,UP,6791777700662748561554896865768845768474800581889937927345344110541968706131,1756238822,2025-08-26 20:07:02,0.5
bitcoin-up-or-down-august-28-5am-et,UP,6791777700662748561554896865768845768474800581889937927345344110541968706131,1756238883,2025-08-26 20:08:03,0.5
bitcoin-up-or-down-august-28-5am-et,UP,6791777700662748561554896865768845768474800581889937927345344110541968706131,1756238942,2025-08-26 20:09:02,0.5
bitcoin-up-or-down-august-28-5am-et,UP,6791777700662748561554896865768845768474800581889937927345344110541968706131,1756239007,2025-08-26 20:10:07,0.5
bitcoin-up-or-down-august-28-5am-et,UP,6791777700662748561554896865768845768474800581889937927345344110541968706131,1756239062,2025-08-26 20:11:02,0.5
bitcoin-up-or-down-august-28-5am-et,UP,6791777700662748561554896865768845768474800581889937927345344110541968706131,1756239123,2025-08-26 20:12:03,0.5
bitcoin-up-or-down-august-28-5am-et,UP,6791777700662748561554896865768845768474800581889937927345344110541968706131,1756239182,2025-08-26 20:13:02,0.5
bitcoin-up-or-down-august-28-5am-et,UP,6791777700662748561554896865768845768474800581889937927345344110541968706131,1756239242,2025-08-26 20:14:02,0.5
bitcoin-up-or-down-august-28-5am-et,UP,6791777700662748561554896865768845768474800581889937927345344110541968706131,1756239302,2025-08-26 20:15:02,0.5
bitcoin-up-or-down-august-28-5am-et,UP,6791777700662748561554896865768845768474800581889937927345344110541968706131,1756239363,2025-08-26 20:16:03,0.5
bitcoin-up-or-down-august-28-5am-et,UP,6791777700662748561554896865768845768474800581889937927345344110541968706131,1756239422,2025-08-26 20:17:02,0.5
bitcoin-up-or-down-august-28-5am-et,UP,6791777700662748561554896865768845768474800581889937927345344110541968706131,1756239483,2025-08-26 20:18:03,0.5
bitcoin-up-or-down-august-28-5am-et,UP,6791777700662748561554896865768845768474800581889937927345344110541968706131,1756239544,2025-08-26 20:19:04,0.5
bitcoin-up-or-down-august-28-5am-et,UP,6791777700662748561554896865768845768474800581889937927345344110541968706131,1756239609,2025-08-26 20:20:09,0.5
bitcoin-up-or-down-august-28-5am-et,UP,6791777700662748561554896865768845768474800581889937927345344110541968706131,1756239663,2025-08-26 20:21:03,0.5
bitcoin-up-or-down-august-28-5am-et,UP,6791777700662748561554896865768845768474800581889937927345344110541968706131,1756239723,2025-08-26 20:22:03,0.5
bitcoin-up-or-down-august-28-5am-et,UP,6791777700662748561554896865768845768474800581889937927345344110541968706131,1756239783,2025-08-26 20:23:03,0.5
bitcoin-up-or-down-august-28-5am-et,UP,6791777700662748561554896865768845768474800581889937927345344110541968706131,1756239843,2025-08-26 20:24:03,0.5
bitcoin-up-or-down-august-28-5am-et,UP,6791777700662748561554896865768845768474800581889937927345344110541968706131,1756239904,2025-08-26 20:25:04,0.5
bitcoin-up-or-down-august-28-5am-et,UP,6791777700662748561554896865768845768474800581889937927345344110541968706131,1756239963,2025-08-26 20:26:03,0.5
bitcoin-up-or-down-august-28-5am-et,UP,6791777700662748561554896865768845768474800581889937927345344110541968706131,1756240024,2025-08-26 20:27:04,0.5
bitcoin-up-or-down-august-28-5am-et,UP,6791777700662748561554896865768845768474800581889937927345344110541968706131,1756240082,2025-08-26 20:28:02,0.5
bitcoin-up-or-down-august-28-5am-et,UP,6791777700662748561554896865768845768474800581889937927345344110541968706131,1756240143,2025-08-26 20:29:03,0.5
bitcoin-up-or-down-august-28-5am-et,UP,6791777700662748561554896865768845768474800581889937927345344110541968706131,1756240214,2025-08-26 20:30:14,0.5
bitcoin-up-or-down-august-28-5am-et,UP,6791777700662748561554896865768845768474800581889937927345344110541968706131,1756240262,2025-08-26 20:31:02,0.5
bitcoin-up-or-down-august-28-5am-et,UP,6791777700662748561554896865768845768474800581889937927345344110541968706131,1756240322,2025-08-26 20:32:02,0.5
bitcoin-up-or-down-august-28-5am-et,UP,6791777700662748561554896865768845768474800581889937927345344110541968706131,1756240383,2025-08-26 20:33:03,0.5
bitcoin-up-or-down-august-28-5am-et,UP,6791777700662748561554896865768845768474800581889937927345344110541968706131,1756240442,2025-08-26 20:34:02,0.5
bitcoin-up-or-down-august-28-5am-et,UP,6791777700662748561554896865768845768474800581889937927345344110541968706131,1756240504,2025-08-26 20:35:04,0.5
bitcoin-up-or-down-august-28-5am-et,UP,6791777700662748561554896865768845768474800581889937927345344110541968706131,1756240562,2025-08-26 20:36:02,0.5
bitcoin-up-or-down-august-28-5am-et,UP,6791777700662748561554896865768845768474800581889937927345344110541968706131,1756240623,2025-08-26 20:37:03,0.5
bitcoin-up-or-down-august-28-5am-et,UP,6791777700662748561554896865768845768474800581889937927345344110541968706131,1756240683,2025-08-26 20:38:03,0.5
bitcoin-up-or-down-august-28-5am-et,UP,6791777700662748561554896865768845768474800581889937927345344110541968706131,1756240744,2025-08-26 20:39:04,0.5
bitcoin-up-or-down-august-28-5am-et,UP,6791777700662748561554896865768845768474800581889937927345344110541968706131,1756240804,2025-08-26 20:40:04,0.5
bitcoin-up-or-down-august-28-5am-et,UP,6791777700662748561554896865768845768474800581889937927345344110541968706131,1756240862,2025-08-26 20:41:02,0.5
bitcoin-up-or-down-august-28-5am-et,UP,6791777700662748561554896865768845768474800581889937927345344110541968706131,1756240923,2025-08-26 20:42:03,0.5
bitcoin-up-or-down-august-28-5am-et,UP,6791777700662748561554896865768845768474800581889937927345344110541968706131,1756240983,2025-08-26 20:43:03,0.5
bitcoin-up-or-down-august-28-5am-et,UP,6791777700662748561554896865768845768474800581889937927345344110541968706131,1756241042,2025-08-26 20:44:02,0.5
bitcoin-up-or-down-august-28-5am-et,UP,6791777700662748561554896865768845768474800581889937927345344110541968706131,1756241103,2025-08-26 20:45:03,0.5
bitcoin-up-or-down-august-28-5am-et,UP,6791777700662748561554896865768845768474800581889937927345344110541968706131,1756241162,2025-08-26 20:46:02,0.5
bitcoin-up-or-down-august-28-5am-et,UP,6791777700662748561554896865768845768474800581889937927345344110541968706131,1756241222,2025-08-26 20:47:02,0.5
bitcoin-up-or-down-august-28-5am-et,UP,6791777700662748561554896865768845768474800581889937927345344110541968706131,1756241283,2025-08-26 20:48:03,0.5
bitcoin-up-or-down-august-28-5am-et,UP,6791777700662748561554896865768845768474800581889937927345344110541968706131,1756241343,2025-08-26 20:49:03,0.5
bitcoin-up-or-down-august-28-5am-et,UP,6791777700662748561554896865768845768474800581889937927345344110541968706131,1756241404,2025-08-26 20:50:04,0.5
bitcoin-up-or-down-august-28-5am-et,UP,6791777700662748561554896865768845768474800581889937927345344110541968706131,1756241462,2025-08-26 20:51:02,0.5
bitcoin-up-or-down-august-28-5am-et,UP,6791777700662748561554896865768845768474800581889937927345344110541968706131,1756241523,2025-08-26 20:52:03,0.5
bitcoin-up-or-down-august-28-5am-et,UP,6791777700662748561554896865768845768474800581889937927345344110541968706131,1756241583,2025-08-26 20:53:03,0.5
bitcoin-up-or-down-august-28-5am-et,UP,6791777700662748561554896865768845768474800581889937927345344110541968706131,1756241642,2025-08-26 20:54:02,0.5
bitcoin-up-or-down-august-28-5am-et,UP,6791777700662748561554896865768845768474800581889937927345344110541968706131,1756241703,2025-08-26 20:55:03,0.5
bitcoin-up-or-down-august-28-5am-et,UP,6791777700662748561554896865768845768474800581889937927345344110541968706131,1756241764,2025-08-26 20:56:04,0.5
bitcoin-up-or-down-august-28-5am-et,UP,6791777700662748561554896865768845768474800581889937927345344110541968706131,1756241823,2025-08-26 20:57:03,0.5
bitcoin-up-or-down-august-28-5am-et,UP,6791777700662748561554896865768845768474800581889937927345344110541968706131,1756241882,2025-08-26 20:58:02,0.5
bitcoin-up-or-down-august-28-5am-et,UP,6791777700662748561554896865768845768474800581889937927345344110541968706131,1756241943,2025-08-26 20:59:03,0.5
bitcoin-up-or-down-august-28-5am-et,UP,6791777700662748561554896865768845768474800581889937927345344110541968706131,1756242002,2025-08-26 21:00:02,0.5
bitcoin-up-or-down-august-28-5am-et,UP,6791777700662748561554896865768845768474800581889937927345344110541968706131,1756242064,2025-08-26 21:01:04,0.5
bitcoin-up-or-down-august-28-5am-et,UP,6791777700662748561554896865768845768474800581889937927345344110541968706131,1756242122,2025-08-26 21:02:02,0.5
bitcoin-up-or-down-august-28-5am-et,UP,6791777700662748561554896865768845768474800581889937927345344110541968706131,1756242184,2025-08-26 21:03:04,0.5
bitcoin-up-or-down-august-28-5am-et,UP,6791777700662748561554896865768845768474800581889937927345344110541968706131,1756242243,2025-08-26 21:04:03,0.5
bitcoin-up-or-down-august-28-5am-et,UP,6791777700662748561554896865768845768474800581889937927345344110541968706131,1756242309,2025-08-26 21:05:09,0.5
bitcoin-up-or-down-august-28-5am-et,UP,6791777700662748561554896865768845768474800581889937927345344110541968706131,1756242363,2025-08-26 21:06:03,0.5
bitcoin-up-or-down-august-28-5am-et,UP,6791777700662748561554896865768845768474800581889937927345344110541968706131,1756242423,2025-08-26 21:07:03,0.5
bitcoin-up-or-down-august-28-5am-et,UP,6791777700662748561554896865768845768474800581889937927345344110541968706131,1756242483,2025-08-26 21:08:03,0.5
bitcoin-up-or-down-august-28-5am-et,UP,6791777700662748561554896865768845768474800581889937927345344110541968706131,1756242542,2025-08-26 21:09:02,0.5
bitcoin-up-or-down-august-28-5am-et,UP,6791777700662748561554896865768845768474800581889937927345344110541968706131,1756242604,2025-08-26 21:10:04,0.5
bitcoin-up-or-down-august-28-5am-et,UP,6791777700662748561554896865768845768474800581889937927345344110541968706131,1756242665,2025-08-26 21:11:05,0.5
bitcoin-up-or-down-august-28-5am-et,UP,6791777700662748561554896865768845768474800581889937927345344110541968706131,1756242722,2025-08-26 21:12:02,0.5
bitcoin-up-or-down-august-28-5am-et,UP,6791777700662748561554896865768845768474800581889937927345344110541968706131,1756242782,2025-08-26 21:13:02,0.5
bitcoin-up-or-down-august-28-5am-et,UP,6791777700662748561554896865768845768474800581889937927345344110541968706131,1756242843,2025-08-26 21:14:03,0.5
bitcoin-up-or-down-august-28-5am-et,UP,6791777700662748561554896865768845768474800581889937927345344110541968706131,1756242910,2025-08-26 21:15:10,0.5
bitcoin-up-or-down-august-28-5am-et,UP,6791777700662748561554896865768845768474800581889937927345344110541968706131,1756242962,2025-08-26 21:16:02,0.5
bitcoin-up-or-down-august-28-5am-et,UP,6791777700662748561554896865768845768474800581889937927345344110541968706131,1756243023,2025-08-26 21:17:03,0.5
bitcoin-up-or-down-august-28-5am-et,UP,6791777700662748561554896865768845768474800581889937927345344110541968706131,1756243083,2025-08-26 21:18:03,0.5
bitcoin-up-or-down-august-28-5am-et,UP,6791777700662748561554896865768845768474800581889937927345344110541968706131,1756243142,2025-08-26 21:19:02,0.5
bitcoin-up-or-down-august-28-5am-et,UP,6791777700662748561554896865768845768474800581889937927345344110541968706131,1756243213,2025-08-26 21:20:13,0.5
bitcoin-up-or-down-august-28-5am-et,UP,6791777700662748561554896865768845768474800581889937927345344110541968706131,1756243264,2025-08-26 21:21:04,0.5
bitcoin-up-or-down-august-28-5am-et,UP,6791777700662748561554896865768845768474800581889937927345344110541968706131,1756243322,2025-08-26 21:22:02,0.5
bitcoin-up-or-down-august-28-5am-et,UP,6791777700662748561554896865768845768474800581889937927345344110541968706131,1756243382,2025-08-26 21:23:02,0.5
bitcoin-up-or-down-august-28-5am-et,UP,6791777700662748561554896865768845768474800581889937927345344110541968706131,1756243442,2025-08-26 21:24:02,0.5
bitcoin-up-or-down-august-28-5am-et,UP,6791777700662748561554896865768845768474800581889937927345344110541968706131,1756243507,2025-08-26 21:25:07,0.5
bitcoin-up-or-down-august-28-5am-et,UP,6791777700662748561554896865768845768474800581889937927345344110541968706131,1756243564,2025-08-26 21:26:04,0.5
bitcoin-up-or-down-august-28-5am-et,UP,6791777700662748561554896865768845768474800581889937927345344110541968706131,1756243622,2025-08-26 21:27:02,0.5
bitcoin-up-or-down-august-28-5am-et,UP,6791777700662748561554896865768845768474800581889937927345344110541968706131,1756243683,2025-08-26 21:28:03,0.5
bitcoin-up-or-down-august-28-5am-et,UP,6791777700662748561554896865768845768474800581889937927345344110541968706131,1756243743,2025-08-26 21:29:03,0.5
bitcoin-up-or-down-august-28-5am-et,UP,6791777700662748561554896865768845768474800581889937927345344110541968706131,1756243804,2025-08-26 21:30:04,0.5
bitcoin-up-or-down-august-28-5am-et,UP,6791777700662748561554896865768845768474800581889937927345344110541968706131,1756243863,2025-08-26 21:31:03,0.5
bitcoin-up-or-down-august-28-5am-et,UP,6791777700662748561554896865768845768474800581889937927345344110541968706131,1756243923,2025-08-26 21:32:03,0.5
bitcoin-up-or-down-august-28-5am-et,UP,6791777700662748561554896865768845768474800581889937927345344110541968706131,1756243982,2025-08-26 21:33:02,0.5
bitcoin-up-or-down-august-28-5am-et,UP,6791777700662748561554896865768845768474800581889937927345344110541968706131,1756244042,2025-08-26 21:34:02,0.5
bitcoin-up-or-down-august-28-5am-et,UP,6791777700662748561554896865768845768474800581889937927345344110541968706131,1756244104,2025-08-26 21:35:04,0.5
bitcoin-up-or-down-august-28-5am-et,UP,6791777700662748561554896865768845768474800581889937927345344110541968706131,1756244162,2025-08-26 21:36:02,0.5
bitcoin-up-or-down-august-28-5am-et,UP,6791777700662748561554896865768845768474800581889937927345344110541968706131,1756244224,2025-08-26 21:37:04,0.5
bitcoin-up-or-down-august-28-5am-et,UP,6791777700662748561554896865768845768474800581889937927345344110541968706131,1756244283,2025-08-26 21:38:03,0.5
bitcoin-up-or-down-august-28-5am-et,UP,6791777700662748561554896865768845768474800581889937927345344110541968706131,1756244344,2025-08-26 21:39:04,0.5
bitcoin-up-or-down-august-28-5am-et,UP,6791777700662748561554896865768845768474800581889937927345344110541968706131,1756244406,2025-08-26 21:40:06,0.5
bitcoin-up-or-down-august-28-5am-et,UP,6791777700662748561554896865768845768474800581889937927345344110541968706131,1756244463,2025-08-26 21:41:03,0.5
bitcoin-up-or-down-august-28-5am-et,UP,6791777700662748561554896865768845768474800581889937927345344110541968706131,1756244522,2025-08-26 21:42:02,0.5
bitcoin-up-or-down-august-28-5am-et,UP,6791777700662748561554896865768845768474800581889937927345344110541968706131,1756244583,2025-08-26 21:43:03,0.5
bitcoin-up-or-down-august-28-5am-et,UP,6791777700662748561554896865768845768474800581889937927345344110541968706131,1756244643,2025-08-26 21:44:03,0.5
bitcoin-up-or-down-august-28-5am-et,UP,6791777700662748561554896865768845768474800581889937927345344110541968706131,1756244704,2025-08-26 21:45:04,0.5
bitcoin-up-or-down-august-28-5am-et,UP,6791777700662748561554896865768845768474800581889937927345344110541968706131,1756244763,2025-08-26 21:46:03,0.5
bitcoin-up-or-down-august-28-5am-et,UP,6791777700662748561554896865768845768474800581889937927345344110541968706131,1756244822,2025-08-26 21:47:02,0.5
bitcoin-up-or-down-august-28-5am-et,UP,6791777700662748561554896865768845768474800581889937927345344110541968706131,1756244883,2025-08-26 21:48:03,0.5
bitcoin-up-or-down-august-28-5am-et,UP,6791777700662748561554896865768845768474800581889937927345344110541968706131,1756244942,2025-08-26 21:49:02,0.5
bitcoin-up-or-down-august-28-5am-et,UP,6791777700662748561554896865768845768474800581889937927345344110541968706131,1756245009,2025-08-26 21:50:09,0.5
bitcoin-up-or-down-august-28-5am-et,UP,6791777700662748561554896865768845768474800581889937927345344110541968706131,1756245065,2025-08-26 21:51:05,0.5
bitcoin-up-or-down-august-28-5am-et,UP,6791777700662748561554896865768845768474800581889937927345344110541968706131,1756245124,2025-08-26 21:52:04,0.5
bitcoin-up-or-down-august-28-5am-et,UP,6791777700662748561554896865768845768474800581889937927345344110541968706131,1756245182,2025-08-26 21:53:02,0.5
bitcoin-up-or-down-august-28-5am-et,UP,6791777700662748561554896865768845768474800581889937927345344110541968706131,1756245243,2025-08-26 21:54:03,0.5
bitcoin-up-or-down-august-28-5am-et,UP,6791777700662748561554896865768845768474800581889937927345344110541968706131,1756245308,2025-08-26 21:55:08,0.5
bitcoin-up-or-down-august-28-5am-et,UP,6791777700662748561554896865768845768474800581889937927345344110541968706131,1756245365,2025-08-26 21:56:05,0.5
bitcoin-up-or-down-august-28-5am-et,UP,6791777700662748561554896865768845768474800581889937927345344110541968706131,1756245422,2025-08-26 21:57:02,0.5
bitcoin-up-or-down-august-28-5am-et,UP,6791777700662748561554896865768845768474800581889937927345344110541968706131,1756245484,2025-08-26 21:58:04,0.5
bitcoin-up-or-down-august-28-5am-et,UP,6791777700662748561554896865768845768474800581889937927345344110541968706131,1756245542,2025-08-26 21:59:02,0.5
bitcoin-up-or-down-august-28-5am-et,UP,6791777700662748561554896865768845768474800581889937927345344110541968706131,1756245602,2025-08-26 22:00:02,0.5
bitcoin-up-or-down-august-28-5am-et,UP,6791777700662748561554896865768845768474800581889937927345344110541968706131,1756245663,2025-08-26 22:01:03,0.5
bitcoin-up-or-down-august-28-5am-et,UP,6791777700662748561554896865768845768474800581889937927345344110541968706131,1756245723,2025-08-26 22:02:03,0.5
bitcoin-up-or-down-august-28-5am-et,UP,6791777700662748561554896865768845768474800581889937927345344110541968706131,1756245783,2025-08-26 22:03:03,0.5
bitcoin-up-or-down-august-28-5am-et,UP,6791777700662748561554896865768845768474800581889937927345344110541968706131,1756245843,2025-08-26 22:04:03,0.5
bitcoin-up-or-down-august-28-5am-et,UP,6791777700662748561554896865768845768474800581889937927345344110541968706131,1756245910,2025-08-26 22:05:10,0.5
bitcoin-up-or-down-august-28-5am-et,UP,6791777700662748561554896865768845768474800581889937927345344110541968706131,1756245965,2025-08-26 22:06:05,0.5
bitcoin-up-or-down-august-28-5am-et,UP,6791777700662748561554896865768845768474800581889937927345344110541968706131,1756246023,2025-08-26 22:07:03,0.5
bitcoin-up-or-down-august-28-5am-et,UP,6791777700662748561554896865768845768474800581889937927345344110541968706131,1756246082,2025-08-26 22:08:02,0.5
bitcoin-up-or-down-august-28-5am-et,UP,6791777700662748561554896865768845768474800581889937927345344110541968706131,1756246142,2025-08-26 22:09:02,0.5
bitcoin-up-or-down-august-28-5am-et,UP,6791777700662748561554896865768845768474800581889937927345344110541968706131,1756246206,2025-08-26 22:10:06,0.5
bitcoin-up-or-down-august-28-5am-et,UP,6791777700662748561554896865768845768474800581889937927345344110541968706131,1756246264,2025-08-26 22:11:04,0.5
bitcoin-up-or-down-august-28-5am-et,UP,6791777700662748561554896865768845768474800581889937927345344110541968706131,1756246322,2025-08-26 22:12:02,0.5
bitcoin-up-or-down-august-28-5am-et,UP,6791777700662748561554896865768845768474800581889937927345344110541968706131,1756246382,2025-08-26 22:13:02,0.5
bitcoin-up-or-down-august-28-5am-et,UP,6791777700662748561554896865768845768474800581889937927345344110541968706131,1756246443,2025-08-26 22:14:03,0.5
bitcoin-up-or-down-august-28-5am-et,UP,6791777700662748561554896865768845768474800581889937927345344110541968706131,1756246513,2025-08-26 22:15:13,0.5
bitcoin-up-or-down-august-28-5am-et,UP,6791777700662748561554896865768845768474800581889937927345344110541968706131,1756246564,2025-08-26 22:16:04,0.5
bitcoin-up-or-down-august-28-5am-et,UP,6791777700662748561554896865768845768474800581889937927345344110541968706131,1756246622,2025-08-26 22:17:02,0.5
bitcoin-up-or-down-august-28-5am-et,UP,6791777700662748561554896865768845768474800581889937927345344110541968706131,1756246683,2025-08-26 22:18:03,0.5
bitcoin-up-or-down-august-28-5am-et,UP,6791777700662748561554896865768845768474800581889937927345344110541968706131,1756246743,2025-08-26 22:19:03,0.5
bitcoin-up-or-down-august-28-5am-et,UP,6791777700662748561554896865768845768474800581889937927345344110541968706131,1756246813,2025-08-26 22:20:13,0.5
bitcoin-up-or-down-august-28-5am-et,UP,6791777700662748561554896865768845768474800581889937927345344110541968706131,1756246862,2025-08-26 22:21:02,0.5
bitcoin-up-or-down-august-28-5am-et,UP,6791777700662748561554896865768845768474800581889937927345344110541968706131,1756246922,2025-08-26 22:22:02,0.5
bitcoin-up-or-down-august-28-5am-et,UP,6791777700662748561554896865768845768474800581889937927345344110541968706131,1756246983,2025-08-26 22:23:03,0.5
bitcoin-up-or-down-august-28-5am-et,UP,6791777700662748561554896865768845768474800581889937927345344110541968706131,1756247042,2025-08-26 22:24:02,0.5
bitcoin-up-or-down-august-28-5am-et,UP,6791777700662748561554896865768845768474800581889937927345344110541968706131,1756247102,2025-08-26 22:25:02,0.5
bitcoin-up-or-down-august-28-5am-et,UP,6791777700662748561554896865768845768474800581889937927345344110541968706131,1756247163,2025-08-26 22:26:03,0.5
bitcoin-up-or-down-august-28-5am-et,UP,6791777700662748561554896865768845768474800581889937927345344110541968706131,1756247224,2025-08-26 22:27:04,0.5
bitcoin-up-or-down-august-28-5am-et,UP,6791777700662748561554896865768845768474800581889937927345344110541968706131,1756247283,2025-08-26 22:28:03,0.5
bitcoin-up-or-down-august-28-5am-et,UP,6791777700662748561554896865768845768474800581889937927345344110541968706131,1756247342,2025-08-26 22:29:02,0.5
bitcoin-up-or-down-august-28-5am-et,UP,6791777700662748561554896865768845768474800581889937927345344110541968706131,1756247409,2025-08-26 22:30:09,0.5
bitcoin-up-or-down-august-28-5am-et,UP,6791777700662748561554896865768845768474800581889937927345344110541968706131,1756247463,2025-08-26 22:31:03,0.5
bitcoin-up-or-down-august-28-5am-et,UP,6791777700662748561554896865768845768474800581889937927345344110541968706131,1756247523,2025-08-26 22:32:03,0.5
bitcoin-up-or-down-august-28-5am-et,UP,6791777700662748561554896865768845768474800581889937927345344110541968706131,1756247582,2025-08-26 22:33:02,0.5
bitcoin-up-or-down-august-28-5am-et,UP,6791777700662748561554896865768845768474800581889937927345344110541968706131,1756247643,2025-08-26 22:34:03,0.5
bitcoin-up-or-down-august-28-5am-et,UP,6791777700662748561554896865768845768474800581889937927345344110541968706131,1756247706,2025-08-26 22:35:06,0.5
bitcoin-up-or-down-august-28-5am-et,UP,6791777700662748561554896865768845768474800581889937927345344110541968706131,1756247765,2025-08-26 22:36:05,0.5
bitcoin-up-or-down-august-28-5am-et,UP,6791777700662748561554896865768845768474800581889937927345344110541968706131,1756247823,2025-08-26 22:37:03,0.5
bitcoin-up-or-down-august-28-5am-et,UP,6791777700662748561554896865768845768474800581889937927345344110541968706131,1756247884,2025-08-26 22:38:04,0.5
bitcoin-up-or-down-august-28-5am-et,UP,6791777700662748561554896865768845768474800581889937927345344110541968706131,1756247943,2025-08-26 22:39:03,0.5
bitcoin-up-or-down-august-28-5am-et,UP,6791777700662748561554896865768845768474800581889937927345344110541968706131,1756248011,2025-08-26 22:40:11,0.5
bitcoin-up-or-down-august-28-5am-et,UP,6791777700662748561554896865768845768474800581889937927345344110541968706131,1756248062,2025-08-26 22:41:02,0.5
bitcoin-up-or-down-august-28-5am-et,UP,6791777700662748561554896865768845768474800581889937927345344110541968706131,1756248123,2025-08-26 22:42:03,0.5
bitcoin-up-or-down-august-28-5am-et,UP,6791777700662748561554896865768845768474800581889937927345344110541968706131,1756248183,2025-08-26 22:43:03,0.5
bitcoin-up-or-down-august-28-5am-et,UP,6791777700662748561554896865768845768474800581889937927345344110541968706131,1756248243,2025-08-26 22:44:03,0.5
bitcoin-up-or-down-august-28-5am-et,UP,6791777700662748561554896865768845768474800581889937927345344110541968706131,1756248305,2025-08-26 22:45:05,0.5
bitcoin-up-or-down-august-28-5am-et,UP,6791777700662748561554896865768845768474800581889937927345344110541968706131,1756248362,2025-08-26 22:46:02,0.5
bitcoin-up-or-down-august-28-5am-et,UP,6791777700662748561554896865768845768474800581889937927345344110541968706131,1756248422,2025-08-26 22:47:02,0.5
bitcoin-up-or-down-august-28-5am-et,UP,6791777700662748561554896865768845768474800581889937927345344110541968706131,1756248483,2025-08-26 22:48:03,0.5
bitcoin-up-or-down-august-28-5am-et,UP,6791777700662748561554896865768845768474800581889937927345344110541968706131,1756248542,2025-08-26 22:49:02,0.5
bitcoin-up-or-down-august-28-5am-et,UP,6791777700662748561554896865768845768474800581889937927345344110541968706131,1756248605,2025-08-26 22:50:05,0.5
bitcoin-up-or-down-august-28-5am-et,UP,6791777700662748561554896865768845768474800581889937927345344110541968706131,1756248662,2025-08-26 22:51:02,0.5
bitcoin-up-or-down-august-28-5am-et,UP,6791777700662748561554896865768845768474800581889937927345344110541968706131,1756248722,2025-08-26 22:52:02,0.5
bitcoin-up-or-down-august-28-5am-et,UP,6791777700662748561554896865768845768474800581889937927345344110541968706131,1756248782,2025-08-26 22:53:02,0.5
bitcoin-up-or-down-august-28-5am-et,UP,6791777700662748561554896865768845768474800581889937927345344110541968706131,1756248843,2025-08-26 22:54:03,0.5
bitcoin-up-or-down-august-28-5am-et,UP,6791777700662748561554896865768845768474800581889937927345344110541968706131,1756248902,2025-08-26 22:55:02,0.5
bitcoin-up-or-down-august-28-5am-et,UP,6791777700662748561554896865768845768474800581889937927345344110541968706131,1756248962,2025-08-26 22:56:02,0.5
bitcoin-up-or-down-august-28-5am-et,UP,6791777700662748561554896865768845768474800581889937927345344110541968706131,1756249023,2025-08-26 22:57:03,0.5
bitcoin-up-or-down-august-28-5am-et,UP,6791777700662748561554896865768845768474800581889937927345344110541968706131,1756249083,2025-08-26 22:58:03,0.5
bitcoin-up-or-down-august-28-5am-et,UP,6791777700662748561554896865768845768474800581889937927345344110541968706131,1756249142,2025-08-26 22:59:02,0.5
bitcoin-up-or-down-august-28-5am-et,UP,6791777700662748561554896865768845768474800581889937927345344110541968706131,1756249210,2025-08-26 23:00:10,0.5
bitcoin-up-or-down-august-28-5am-et,UP,6791777700662748561554896865768845768474800581889937927345344110541968706131,1756249262,2025-08-26 23:01:02,0.5
bitcoin-up-or-down-august-28-5am-et,UP,6791777700662748561554896865768845768474800581889937927345344110541968706131,1756249322,2025-08-26 23:02:02,0.5
bitcoin-up-or-down-august-28-5am-et,UP,6791777700662748561554896865768845768474800581889937927345344110541968706131,1756249382,2025-08-26 23:03:02,0.5
bitcoin-up-or-down-august-28-5am-et,UP,6791777700662748561554896865768845768474800581889937927345344110541968706131,1756249443,2025-08-26 23:04:03,0.5
bitcoin-up-or-down-august-28-5am-et,UP,6791777700662748561554896865768845768474800581889937927345344110541968706131,1756249508,2025-08-26 23:05:08,0.5
bitcoin-up-or-down-august-28-5am-et,UP,6791777700662748561554896865768845768474800581889937927345344110541968706131,1756249563,2025-08-26 23:06:03,0.5
bitcoin-up-or-down-august-28-5am-et,UP,6791777700662748561554896865768845768474800581889937927345344110541968706131,1756249623,2025-08-26 23:07:03,0.5
bitcoin-up-or-down-august-28-5am-et,UP,6791777700662748561554896865768845768474800581889937927345344110541968706131,1756249683,2025-08-26 23:08:03,0.5
bitcoin-up-or-down-august-28-5am-et,UP,6791777700662748561554896865768845768474800581889937927345344110541968706131,1756249743,2025-08-26 23:09:03,0.5
bitcoin-up-or-down-august-28-5am-et,UP,6791777700662748561554896865768845768474800581889937927345344110541968706131,1756249809,2025-08-26 23:10:09,0.5
bitcoin-up-or-down-august-28-5am-et,UP,6791777700662748561554896865768845768474800581889937927345344110541968706131,1756249862,2025-08-26 23:11:02,0.5
bitcoin-up-or-down-august-28-5am-et,UP,6791777700662748561554896865768845768474800581889937927345344110541968706131,1756249923,2025-08-26 23:12:03,0.5
bitcoin-up-or-down-august-28-5am-et,UP,6791777700662748561554896865768845768474800581889937927345344110541968706131,1756249982,2025-08-26 23:13:02,0.5
bitcoin-up-or-down-august-28-5am-et,UP,6791777700662748561554896865768845768474800581889937927345344110541968706131,1756250043,2025-08-26 23:14:03,0.5
bitcoin-up-or-down-august-28-5am-et,UP,6791777700662748561554896865768845768474800581889937927345344110541968706131,1756250105,2025-08-26 23:15:05,0.5
bitcoin-up-or-down-august-28-5am-et,UP,6791777700662748561554896865768845768474800581889937927345344110541968706131,1756250163,2025-08-26 23:16:03,0.5
bitcoin-up-or-down-august-28-5am-et,UP,6791777700662748561554896865768845768474800581889937927345344110541968706131,1756250223,2025-08-26 23:17:03,0.5
bitcoin-up-or-down-august-28-5am-et,UP,6791777700662748561554896865768845768474800581889937927345344110541968706131,1756250283,2025-08-26 23:18:03,0.5
bitcoin-up-or-down-august-28-5am-et,UP,6791777700662748561554896865768845768474800581889937927345344110541968706131,1756250343,2025-08-26 23:19:03,0.5
bitcoin-up-or-down-august-28-5am-et,UP,6791777700662748561554896865768845768474800581889937927345344110541968706131,1756250405,2025-08-26 23:20:05,0.5
bitcoin-up-or-down-august-28-5am-et,UP,6791777700662748561554896865768845768474800581889937927345344110541968706131,1756250464,2025-08-26 23:21:04,0.5
bitcoin-up-or-down-august-28-5am-et,UP,6791777700662748561554896865768845768474800581889937927345344110541968706131,1756250524,2025-08-26 23:22:04,0.5
bitcoin-up-or-down-august-28-5am-et,UP,6791777700662748561554896865768845768474800581889937927345344110541968706131,1756250583,2025-08-26 23:23:03,0.5
bitcoin-up-or-down-august-28-5am-et,UP,6791777700662748561554896865768845768474800581889937927345344110541968706131,1756250643,2025-08-26 23:24:03,0.5
bitcoin-up-or-down-august-28-5am-et,UP,6791777700662748561554896865768845768474800581889937927345344110541968706131,1756250702,2025-08-26 23:25:02,0.5
bitcoin-up-or-down-august-28-5am-et,UP,6791777700662748561554896865768845768474800581889937927345344110541968706131,1756250763,2025-08-26 23:26:03,0.5
bitcoin-up-or-down-august-28-5am-et,UP,6791777700662748561554896865768845768474800581889937927345344110541968706131,1756250823,2025-08-26 23:27:03,0.5
bitcoin-up-or-down-august-28-5am-et,UP,6791777700662748561554896865768845768474800581889937927345344110541968706131,1756250883,2025-08-26 23:28:03,0.5
bitcoin-up-or-down-august-28-5am-et,UP,6791777700662748561554896865768845768474800581889937927345344110541968706131,1756250943,2025-08-26 23:29:03,0.5
bitcoin-up-or-down-august-28-5am-et,UP,6791777700662748561554896865768845768474800581889937927345344110541968706131,1756251004,2025-08-26 23:30:04,0.5
bitcoin-up-or-down-august-28-5am-et,UP,6791777700662748561554896865768845768474800581889937927345344110541968706131,1756251063,2025-08-26 23:31:03,0.5
bitcoin-up-or-down-august-28-5am-et,UP,6791777700662748561554896865768845768474800581889937927345344110541968706131,1756251122,2025-08-26 23:32:02,0.5
bitcoin-up-or-down-august-28-5am-et,UP,6791777700662748561554896865768845768474800581889937927345344110541968706131,1756251183,2025-08-26 23:33:03,0.5
bitcoin-up-or-down-august-28-5am-et,UP,6791777700662748561554896865768845768474800581889937927345344110541968706131,1756251244,2025-08-26 23:34:04,0.5
bitcoin-up-or-down-august-28-5am-et,UP,6791777700662748561554896865768845768474800581889937927345344110541968706131,1756251302,2025-08-26 23:35:02,0.5
bitcoin-up-or-down-august-28-5am-et,UP,6791777700662748561554896865768845768474800581889937927345344110541968706131,1756251363,2025-08-26 23:36:03,0.5
bitcoin-up-or-down-august-28-5am-et,UP,6791777700662748561554896865768845768474800581889937927345344110541968706131,1756251422,2025-08-26 23:37:02,0.5
bitcoin-up-or-down-august-28-5am-et,UP,6791777700662748561554896865768845768474800581889937927345344110541968706131,1756251482,2025-08-26 23:38:02,0.5
bitcoin-up-or-down-august-28-5am-et,UP,6791777700662748561554896865768845768474800581889937927345344110541968706131,1756251543,2025-08-26 23:39:03,0.5
bitcoin-up-or-down-august-28-5am-et,UP,6791777700662748561554896865768845768474800581889937927345344110541968706131,1756251644,2025-08-26 23:40:44,0.5
bitcoin-up-or-down-august-28-5am-et,UP,6791777700662748561554896865768845768474800581889937927345344110541968706131,1756251662,2025-08-26 23:41:02,0.5
bitcoin-up-or-down-august-28-5am-et,UP,6791777700662748561554896865768845768474800581889937927345344110541968706131,1756251723,2025-08-26 23:42:03,0.5
bitcoin-up-or-down-august-28-5am-et,UP,6791777700662748561554896865768845768474800581889937927345344110541968706131,1756251782,2025-08-26 23:43:02,0.5
bitcoin-up-or-down-august-28-5am-et,UP,6791777700662748561554896865768845768474800581889937927345344110541968706131,1756251842,2025-08-26 23:44:02,0.5
bitcoin-up-or-down-august-28-5am-et,UP,6791777700662748561554896865768845768474800581889937927345344110541968706131,1756251903,2025-08-26 23:45:03,0.5
bitcoin-up-or-down-august-28-5am-et,UP,6791777700662748561554896865768845768474800581889937927345344110541968706131,1756251962,2025-08-26 23:46:02,0.5
bitcoin-up-or-down-august-28-5am-et,UP,6791777700662748561554896865768845768474800581889937927345344110541968706131,1756252022,2025-08-26 23:47:02,0.5
bitcoin-up-or-down-august-28-5am-et,UP,6791777700662748561554896865768845768474800581889937927345344110541968706131,1756252082,2025-08-26 23:48:02,0.5
bitcoin-up-or-down-august-28-5am-et,UP,6791777700662748561554896865768845768474800581889937927345344110541968706131,1756252142,2025-08-26 23:49:02,0.5
bitcoin-up-or-down-august-28-5am-et,UP,6791777700662748561554896865768845768474800581889937927345344110541968706131,1756252204,2025-08-26 23:50:04,0.5
bitcoin-up-or-down-august-28-5am-et,UP,6791777700662748561554896865768845768474800581889937927345344110541968706131,1756252262,2025-08-26 23:51:02,0.5
bitcoin-up-or-down-august-28-5am-et,UP,6791777700662748561554896865768845768474800581889937927345344110541968706131,1756252323,2025-08-26 23:52:03,0.5
bitcoin-up-or-down-august-28-5am-et,UP,6791777700662748561554896865768845768474800581889937927345344110541968706131,1756252383,2025-08-26 23:53:03,0.5
bitcoin-up-or-down-august-28-5am-et,UP,6791777700662748561554896865768845768474800581889937927345344110541968706131,1756252442,2025-08-26 23:54:02,0.5
bitcoin-up-or-down-august-28-5am-et,UP,6791777700662748561554896865768845768474800581889937927345344110541968706131,1756252507,2025-08-26 23:55:07,0.5
bitcoin-up-or-down-august-28-5am-et,UP,6791777700662748561554896865768845768474800581889937927345344110541968706131,1756252562,2025-08-26 23:56:02,0.5
bitcoin-up-or-down-august-28-5am-et,UP,6791777700662748561554896865768845768474800581889937927345344110541968706131,1756252623,2025-08-26 23:57:03,0.5
bitcoin-up-or-down-august-28-5am-et,UP,6791777700662748561554896865768845768474800581889937927345344110541968706131,1756252683,2025-08-26 23:58:03,0.5
bitcoin-up-or-down-august-28-5am-et,UP,6791777700662748561554896865768845768474800581889937927345344110541968706131,1756252743,2025-08-26 23:59:03,0.5
bitcoin-up-or-down-august-28-5am-et,UP,6791777700662748561554896865768845768474800581889937927345344110541968706131,1756252814,2025-08-27 00:00:14,0.5
bitcoin-up-or-down-august-28-5am-et,UP,6791777700662748561554896865768845768474800581889937927345344110541968706131,1756252863,2025-08-27 00:01:03,0.5
bitcoin-up-or-down-august-28-5am-et,UP,6791777700662748561554896865768845768474800581889937927345344110541968706131,1756252923,2025-08-27 00:02:03,0.5
bitcoin-up-or-down-august-28-5am-et,UP,6791777700662748561554896865768845768474800581889937927345344110541968706131,1756252983,2025-08-27 00:03:03,0.5
bitcoin-up-or-down-august-28-5am-et,UP,6791777700662748561554896865768845768474800581889937927345344110541968706131,1756253043,2025-08-27 00:04:03,0.5
bitcoin-up-or-down-august-28-5am-et,UP,6791777700662748561554896865768845768474800581889937927345344110541968706131,1756253111,2025-08-27 00:05:11,0.5
bitcoin-up-or-down-august-28-5am-et,UP,6791777700662748561554896865768845768474800581889937927345344110541968706131,1756253163,2025-08-27 00:06:03,0.5
bitcoin-up-or-down-august-28-5am-et,UP,6791777700662748561554896865768845768474800581889937927345344110541968706131,1756253223,2025-08-27 00:07:03,0.5
bitcoin-up-or-down-august-28-5am-et,UP,6791777700662748561554896865768845768474800581889937927345344110541968706131,1756253284,2025-08-27 00:08:04,0.5
bitcoin-up-or-down-august-28-5am-et,UP,6791777700662748561554896865768845768474800581889937927345344110541968706131,1756253343,2025-08-27 00:09:03,0.5
bitcoin-up-or-down-august-28-5am-et,UP,6791777700662748561554896865768845768474800581889937927345344110541968706131,1756253403,2025-08-27 00:10:03,0.5
bitcoin-up-or-down-august-28-5am-et,UP,6791777700662748561554896865768845768474800581889937927345344110541968706131,1756253463,2025-08-27 00:11:03,0.5
bitcoin-up-or-down-august-28-5am-et,UP,6791777700662748561554896865768845768474800581889937927345344110541968706131,1756253523,2025-08-27 00:12:03,0.5
bitcoin-up-or-down-august-28-5am-et,UP,6791777700662748561554896865768845768474800581889937927345344110541968706131,1756253583,2025-08-27 00:13:03,0.5
bitcoin-up-or-down-august-28-5am-et,UP,6791777700662748561554896865768845768474800581889937927345344110541968706131,1756253642,2025-08-27 00:14:02,0.5
bitcoin-up-or-down-august-28-5am-et,UP,6791777700662748561554896865768845768474800581889937927345344110541968706131,1756253706,2025-08-27 00:15:06,0.5
bitcoin-up-or-down-august-28-5am-et,UP,6791777700662748561554896865768845768474800581889937927345344110541968706131,1756253763,2025-08-27 00:16:03,0.5
bitcoin-up-or-down-august-28-5am-et,UP,6791777700662748561554896865768845768474800581889937927345344110541968706131,1756253822,2025-08-27 00:17:02,0.5
bitcoin-up-or-down-august-28-5am-et,UP,6791777700662748561554896865768845768474800581889937927345344110541968706131,1756253883,2025-08-27 00:18:03,0.5
bitcoin-up-or-down-august-28-5am-et,UP,6791777700662748561554896865768845768474800581889937927345344110541968706131,1756253942,2025-08-27 00:19:02,0.5
bitcoin-up-or-down-august-28-5am-et,UP,6791777700662748561554896865768845768474800581889937927345344110541968706131,1756254009,2025-08-27 00:20:09,0.5
bitcoin-up-or-down-august-28-5am-et,UP,6791777700662748561554896865768845768474800581889937927345344110541968706131,1756254063,2025-08-27 00:21:03,0.5
bitcoin-up-or-down-august-28-5am-et,UP,6791777700662748561554896865768845768474800581889937927345344110541968706131,1756254122,2025-08-27 00:22:02,0.5
bitcoin-up-or-down-august-28-5am-et,UP,6791777700662748561554896865768845768474800581889937927345344110541968706131,1756254183,2025-08-27 00:23:03,0.5
bitcoin-up-or-down-august-28-5am-et,UP,6791777700662748561554896865768845768474800581889937927345344110541968706131,1756254242,2025-08-27 00:24:02,0.5
bitcoin-up-or-down-august-28-5am-et,UP,6791777700662748561554896865768845768474800581889937927345344110541968706131,1756254302,2025-08-27 00:25:02,0.5
bitcoin-up-or-down-august-28-5am-et,UP,6791777700662748561554896865768845768474800581889937927345344110541968706131,1756254362,2025-08-27 00:26:02,0.5
bitcoin-up-or-down-august-28-5am-et,UP,6791777700662748561554896865768845768474800581889937927345344110541968706131,1756254423,2025-08-27 00:27:03,0.5
bitcoin-up-or-down-august-28-5am-et,UP,6791777700662748561554896865768845768474800581889937927345344110541968706131,1756254484,2025-08-27 00:28:04,0.5
bitcoin-up-or-down-august-28-5am-et,UP,6791777700662748561554896865768845768474800581889937927345344110541968706131,1756254542,2025-08-27 00:29:02,0.5
bitcoin-up-or-down-august-28-5am-et,UP,6791777700662748561554896865768845768474800581889937927345344110541968706131,1756254608,2025-08-27 00:30:08,0.5
bitcoin-up-or-down-august-28-5am-et,UP,6791777700662748561554896865768845768474800581889937927345344110541968706131,1756254662,2025-08-27 00:31:02,0.5
bitcoin-up-or-down-august-28-5am-et,UP,6791777700662748561554896865768845768474800581889937927345344110541968706131,1756254722,2025-08-27 00:32:02,0.5
bitcoin-up-or-down-august-28-5am-et,UP,6791777700662748561554896865768845768474800581889937927345344110541968706131,1756254783,2025-08-27 00:33:03,0.5
bitcoin-up-or-down-august-28-5am-et,UP,6791777700662748561554896865768845768474800581889937927345344110541968706131,1756254843,2025-08-27 00:34:03,0.5
bitcoin-up-or-down-august-28-5am-et,UP,6791777700662748561554896865768845768474800581889937927345344110541968706131,1756254904,2025-08-27 00:35:04,0.5
bitcoin-up-or-down-august-28-5am-et,UP,6791777700662748561554896865768845768474800581889937927345344110541968706131,1756254963,2025-08-27 00:36:03,0.5
bitcoin-up-or-down-august-28-5am-et,UP,6791777700662748561554896865768845768474800581889937927345344110541968706131,1756255023,2025-08-27 00:37:03,0.5
bitcoin-up-or-down-august-28-5am-et,UP,6791777700662748561554896865768845768474800581889937927345344110541968706131,1756255083,2025-08-27 00:38:03,0.5
bitcoin-up-or-down-august-28-5am-et,UP,6791777700662748561554896865768845768474800581889937927345344110541968706131,1756255143,2025-08-27 00:39:03,0.5
bitcoin-up-or-down-august-28-5am-et,UP,6791777700662748561554896865768845768474800581889937927345344110541968706131,1756255208,2025-08-27 00:40:08,0.5
bitcoin-up-or-down-august-28-5am-et,UP,6791777700662748561554896865768845768474800581889937927345344110541968706131,1756255263,2025-08-27 00:41:03,0.5
bitcoin-up-or-down-august-28-5am-et,UP,6791777700662748561554896865768845768474800581889937927345344110541968706131,1756255322,2025-08-27 00:42:02,0.5
bitcoin-up-or-down-august-28-5am-et,UP,6791777700662748561554896865768845768474800581889937927345344110541968706131,1756255382,2025-08-27 00:43:02,0.5
bitcoin-up-or-down-august-28-5am-et,UP,6791777700662748561554896865768845768474800581889937927345344110541968706131,1756255442,2025-08-27 00:44:02,0.5
bitcoin-up-or-down-august-28-5am-et,UP,6791777700662748561554896865768845768474800581889937927345344110541968706131,1756255502,2025-08-27 00:45:02,0.5
bitcoin-up-or-down-august-28-5am-et,UP,6791777700662748561554896865768845768474800581889937927345344110541968706131,1756255564,2025-08-27 00:46:04,0.5
bitcoin-up-or-down-august-28-5am-et,UP,6791777700662748561554896865768845768474800581889937927345344110541968706131,1756255622,2025-08-27 00:47:02,0.5
bitcoin-up-or-down-august-28-5am-et,UP,6791777700662748561554896865768845768474800581889937927345344110541968706131,1756255683,2025-08-27 00:48:03,0.5
bitcoin-up-or-down-august-28-5am-et,UP,6791777700662748561554896865768845768474800581889937927345344110541968706131,1756255743,2025-08-27 00:49:03,0.5
bitcoin-up-or-down-august-28-5am-et,UP,6791777700662748561554896865768845768474800581889937927345344110541968706131,1756255803,2025-08-27 00:50:03,0.5
bitcoin-up-or-down-august-28-5am-et,UP,6791777700662748561554896865768845768474800581889937927345344110541968706131,1756255864,2025-08-27 00:51:04,0.5
bitcoin-up-or-down-august-28-5am-et,UP,6791777700662748561554896865768845768474800581889937927345344110541968706131,1756255924,2025-08-27 00:52:04,0.5
bitcoin-up-or-down-august-28-5am-et,UP,6791777700662748561554896865768845768474800581889937927345344110541968706131,1756255983,2025-08-27 00:53:03,0.5
bitcoin-up-or-down-august-28-5am-et,UP,6791777700662748561554896865768845768474800581889937927345344110541968706131,1756256042,2025-08-27 00:54:02,0.5
bitcoin-up-or-down-august-28-5am-et,UP,6791777700662748561554896865768845768474800581889937927345344110541968706131,1756256104,2025-08-27 00:55:04,0.5
bitcoin-up-or-down-august-28-5am-et,UP,6791777700662748561554896865768845768474800581889937927345344110541968706131,1756256164,2025-08-27 00:56:04,0.5
bitcoin-up-or-down-august-28-5am-et,UP,6791777700662748561554896865768845768474800581889937927345344110541968706131,1756256223,2025-08-27 00:57:03,0.5
bitcoin-up-or-down-august-28-5am-et,UP,6791777700662748561554896865768845768474800581889937927345344110541968706131,1756256283,2025-08-27 00:58:03,0.5
bitcoin-up-or-down-august-28-5am-et,UP,6791777700662748561554896865768845768474800581889937927345344110541968706131,1756256344,2025-08-27 00:59:04,0.5
bitcoin-up-or-down-august-28-5am-et,UP,6791777700662748561554896865768845768474800581889937927345344110541968706131,1756256406,2025-08-27 01:00:06,0.5
bitcoin-up-or-down-august-28-5am-et,UP,6791777700662748561554896865768845768474800581889937927345344110541968706131,1756256463,2025-08-27 01:01:03,0.5
bitcoin-up-or-down-august-28-5am-et,UP,6791777700662748561554896865768845768474800581889937927345344110541968706131,1756256522,2025-08-27 01:02:02,0.5
bitcoin-up-or-down-august-28-5am-et,UP,6791777700662748561554896865768845768474800581889937927345344110541968706131,1756256582,2025-08-27 01:03:02,0.5
bitcoin-up-or-down-august-28-5am-et,UP,6791777700662748561554896865768845768474800581889937927345344110541968706131,1756256643,2025-08-27 01:04:03,0.5
bitcoin-up-or-down-august-28-5am-et,UP,6791777700662748561554896865768845768474800581889937927345344110541968706131,1756256702,2025-08-27 01:05:02,0.5
bitcoin-up-or-down-august-28-5am-et,UP,6791777700662748561554896865768845768474800581889937927345344110541968706131,1756256762,2025-08-27 01:06:02,0.5
bitcoin-up-or-down-august-28-5am-et,UP,6791777700662748561554896865768845768474800581889937927345344110541968706131,1756256822,2025-08-27 01:07:02,0.5
bitcoin-up-or-down-august-28-5am-et,UP,6791777700662748561554896865768845768474800581889937927345344110541968706131,1756256884,2025-08-27 01:08:04,0.5
bitcoin-up-or-down-august-28-5am-et,UP,6791777700662748561554896865768845768474800581889937927345344110541968706131,1756256943,2025-08-27 01:09:03,0.5
bitcoin-up-or-down-august-28-5am-et,UP,6791777700662748561554896865768845768474800581889937927345344110541968706131,1756257003,2025-08-27 01:10:03,0.5
bitcoin-up-or-down-august-28-5am-et,UP,6791777700662748561554896865768845768474800581889937927345344110541968706131,1756257062,2025-08-27 01:11:02,0.5
bitcoin-up-or-down-august-28-5am-et,UP,6791777700662748561554896865768845768474800581889937927345344110541968706131,1756257124,2025-08-27 01:12:04,0.5
bitcoin-up-or-down-august-28-5am-et,UP,6791777700662748561554896865768845768474800581889937927345344110541968706131,1756257183,2025-08-27 01:13:03,0.5
bitcoin-up-or-down-august-28-5am-et,UP,6791777700662748561554896865768845768474800581889937927345344110541968706131,1756257243,2025-08-27 01:14:03,0.5
bitcoin-up-or-down-august-28-5am-et,UP,6791777700662748561554896865768845768474800581889937927345344110541968706131,1756257303,2025-08-27 01:15:03,0.5
bitcoin-up-or-down-august-28-5am-et,UP,6791777700662748561554896865768845768474800581889937927345344110541968706131,1756257363,2025-08-27 01:16:03,0.5
bitcoin-up-or-down-august-28-5am-et,UP,6791777700662748561554896865768845768474800581889937927345344110541968706131,1756257422,2025-08-27 01:17:02,0.5
bitcoin-up-or-down-august-28-5am-et,UP,6791777700662748561554896865768845768474800581889937927345344110541968706131,1756257483,2025-08-27 01:18:03,0.5
bitcoin-up-or-down-august-28-5am-et,UP,6791777700662748561554896865768845768474800581889937927345344110541968706131,1756257542,2025-08-27 01:19:02,0.5
bitcoin-up-or-down-august-28-5am-et,UP,6791777700662748561554896865768845768474800581889937927345344110541968706131,1756257603,2025-08-27 01:20:03,0.5
bitcoin-up-or-down-august-28-5am-et,UP,6791777700662748561554896865768845768474800581889937927345344110541968706131,1756257663,2025-08-27 01:21:03,0.5
bitcoin-up-or-down-august-28-5am-et,UP,6791777700662748561554896865768845768474800581889937927345344110541968706131,1756257722,2025-08-27 01:22:02,0.5
bitcoin-up-or-down-august-28-5am-et,UP,6791777700662748561554896865768845768474800581889937927345344110541968706131,1756257782,2025-08-27 01:23:02,0.5
bitcoin-up-or-down-august-28-5am-et,UP,6791777700662748561554896865768845768474800581889937927345344110541968706131,1756257843,2025-08-27 01:24:03,0.5
bitcoin-up-or-down-august-28-5am-et,UP,6791777700662748561554896865768845768474800581889937927345344110541968706131,1756257911,2025-08-27 01:25:11,0.5
bitcoin-up-or-down-august-28-5am-et,UP,6791777700662748561554896865768845768474800581889937927345344110541968706131,1756257963,2025-08-27 01:26:03,0.5
bitcoin-up-or-down-august-28-5am-et,UP,6791777700662748561554896865768845768474800581889937927345344110541968706131,1756258023,2025-08-27 01:27:03,0.5
bitcoin-up-or-down-august-28-5am-et,UP,6791777700662748561554896865768845768474800581889937927345344110541968706131,1756258082,2025-08-27 01:28:02,0.5
bitcoin-up-or-down-august-28-5am-et,UP,6791777700662748561554896865768845768474800581889937927345344110541968706131,1756258143,2025-08-27 01:29:03,0.5
bitcoin-up-or-down-august-28-5am-et,UP,6791777700662748561554896865768845768474800581889937927345344110541968706131,1756258204,2025-08-27 01:30:04,0.5
bitcoin-up-or-down-august-28-5am-et,UP,6791777700662748561554896865768845768474800581889937927345344110541968706131,1756258263,2025-08-27 01:31:03,0.5
bitcoin-up-or-down-august-28-5am-et,UP,6791777700662748561554896865768845768474800581889937927345344110541968706131,1756258323,2025-08-27 01:32:03,0.5
bitcoin-up-or-down-august-28-5am-et,UP,6791777700662748561554896865768845768474800581889937927345344110541968706131,1756258382,2025-08-27 01:33:02,0.5
bitcoin-up-or-down-august-28-5am-et,UP,6791777700662748561554896865768845768474800581889937927345344110541968706131,1756258443,2025-08-27 01:34:03,0.5
bitcoin-up-or-down-august-28-5am-et,UP,6791777700662748561554896865768845768474800581889937927345344110541968706131,1756258503,2025-08-27 01:35:03,0.5
bitcoin-up-or-down-august-28-5am-et,UP,6791777700662748561554896865768845768474800581889937927345344110541968706131,1756258562,2025-08-27 01:36:02,0.5
bitcoin-up-or-down-august-28-5am-et,UP,6791777700662748561554896865768845768474800581889937927345344110541968706131,1756258623,2025-08-27 01:37:03,0.5
bitcoin-up-or-down-august-28-5am-et,UP,6791777700662748561554896865768845768474800581889937927345344110541968706131,1756258682,2025-08-27 01:38:02,0.5
bitcoin-up-or-down-august-28-5am-et,UP,6791777700662748561554896865768845768474800581889937927345344110541968706131,1756258742,2025-08-27 01:39:02,0.5
bitcoin-up-or-down-august-28-5am-et,UP,6791777700662748561554896865768845768474800581889937927345344110541968706131,1756258802,2025-08-27 01:40:02,0.5
bitcoin-up-or-down-august-28-5am-et,UP,6791777700662748561554896865768845768474800581889937927345344110541968706131,1756258863,2025-08-27 01:41:03,0.5
bitcoin-up-or-down-august-28-5am-et,UP,6791777700662748561554896865768845768474800581889937927345344110541968706131,1756258924,2025-08-27 01:42:04,0.5
bitcoin-up-or-down-august-28-5am-et,UP,6791777700662748561554896865768845768474800581889937927345344110541968706131,1756258983,2025-08-27 01:43:03,0.5
bitcoin-up-or-down-august-28-5am-et,UP,6791777700662748561554896865768845768474800581889937927345344110541968706131,1756259043,2025-08-27 01:44:03,0.5
bitcoin-up-or-down-august-28-5am-et,UP,6791777700662748561554896865768845768474800581889937927345344110541968706131,1756259113,2025-08-27 01:45:13,0.5
bitcoin-up-or-down-august-28-5am-et,UP,6791777700662748561554896865768845768474800581889937927345344110541968706131,1756259162,2025-08-27 01:46:02,0.5
bitcoin-up-or-down-august-28-5am-et,UP,6791777700662748561554896865768845768474800581889937927345344110541968706131,1756259222,2025-08-27 01:47:02,0.5
bitcoin-up-or-down-august-28-5am-et,UP,6791777700662748561554896865768845768474800581889937927345344110541968706131,1756259282,2025-08-27 01:48:02,0.5
bitcoin-up-or-down-august-28-5am-et,UP,6791777700662748561554896865768845768474800581889937927345344110541968706131,1756259343,2025-08-27 01:49:03,0.5
bitcoin-up-or-down-august-28-5am-et,UP,6791777700662748561554896865768845768474800581889937927345344110541968706131,1756259403,2025-08-27 01:50:03,0.5
bitcoin-up-or-down-august-28-5am-et,UP,6791777700662748561554896865768845768474800581889937927345344110541968706131,1756259462,2025-08-27 01:51:02,0.5
bitcoin-up-or-down-august-28-5am-et,UP,6791777700662748561554896865768845768474800581889937927345344110541968706131,1756259523,2025-08-27 01:52:03,0.5
bitcoin-up-or-down-august-28-5am-et,UP,6791777700662748561554896865768845768474800581889937927345344110541968706131,1756259582,2025-08-27 01:53:02,0.5
bitcoin-up-or-down-august-28-5am-et,UP,6791777700662748561554896865768845768474800581889937927345344110541968706131,1756259643,2025-08-27 01:54:03,0.5
bitcoin-up-or-down-august-28-5am-et,UP,6791777700662748561554896865768845768474800581889937927345344110541968706131,1756259711,2025-08-27 01:55:11,0.5
bitcoin-up-or-down-august-28-5am-et,UP,6791777700662748561554896865768845768474800581889937927345344110541968706131,1756259763,2025-08-27 01:56:03,0.5
bitcoin-up-or-down-august-28-5am-et,UP,6791777700662748561554896865768845768474800581889937927345344110541968706131,1756259824,2025-08-27 01:57:04,0.5
bitcoin-up-or-down-august-28-5am-et,UP,6791777700662748561554896865768845768474800581889937927345344110541968706131,1756259882,2025-08-27 01:58:02,0.5
bitcoin-up-or-down-august-28-5am-et,UP,6791777700662748561554896865768845768474800581889937927345344110541968706131,1756259942,2025-08-27 01:59:02,0.5
bitcoin-up-or-down-august-28-5am-et,UP,6791777700662748561554896865768845768474800581889937927345344110541968706131,1756260006,2025-08-27 02:00:06,0.5
bitcoin-up-or-down-august-28-5am-et,UP,6791777700662748561554896865768845768474800581889937927345344110541968706131,1756260062,2025-08-27 02:01:02,0.5
bitcoin-up-or-down-august-28-5am-et,UP,6791777700662748561554896865768845768474800581889937927345344110541968706131,1756260124,2025-08-27 02:02:04,0.5
bitcoin-up-or-down-august-28-5am-et,UP,6791777700662748561554896865768845768474800581889937927345344110541968706131,1756260183,2025-08-27 02:03:03,0.5
bitcoin-up-or-down-august-28-5am-et,UP,6791777700662748561554896865768845768474800581889937927345344110541968706131,1756260242,2025-08-27 02:04:02,0.5
bitcoin-up-or-down-august-28-5am-et,UP,6791777700662748561554896865768845768474800581889937927345344110541968706131,1756260305,2025-08-27 02:05:05,0.5
bitcoin-up-or-down-august-28-5am-et,UP,6791777700662748561554896865768845768474800581889937927345344110541968706131,1756260364,2025-08-27 02:06:04,0.5
bitcoin-up-or-down-august-28-5am-et,UP,6791777700662748561554896865768845768474800581889937927345344110541968706131,1756260423,2025-08-27 02:07:03,0.5
bitcoin-up-or-down-august-28-5am-et,UP,6791777700662748561554896865768845768474800581889937927345344110541968706131,1756260482,2025-08-27 02:08:02,0.5
bitcoin-up-or-down-august-28-5am-et,UP,6791777700662748561554896865768845768474800581889937927345344110541968706131,1756260542,2025-08-27 02:09:02,0.5
bitcoin-up-or-down-august-28-5am-et,UP,6791777700662748561554896865768845768474800581889937927345344110541968706131,1756260602,2025-08-27 02:10:02,0.5
bitcoin-up-or-down-august-28-5am-et,UP,6791777700662748561554896865768845768474800581889937927345344110541968706131,1756260663,2025-08-27 02:11:03,0.5
bitcoin-up-or-down-august-28-5am-et,UP,6791777700662748561554896865768845768474800581889937927345344110541968706131,1756260723,2025-08-27 02:12:03,0.5
bitcoin-up-or-down-august-28-5am-et,UP,6791777700662748561554896865768845768474800581889937927345344110541968706131,1756260783,2025-08-27 02:13:03,0.5
bitcoin-up-or-down-august-28-5am-et,UP,6791777700662748561554896865768845768474800581889937927345344110541968706131,1756260843,2025-08-27 02:14:03,0.5
bitcoin-up-or-down-august-28-5am-et,UP,6791777700662748561554896865768845768474800581889937927345344110541968706131,1756260902,2025-08-27 02:15:02,0.5
bitcoin-up-or-down-august-28-5am-et,UP,6791777700662748561554896865768845768474800581889937927345344110541968706131,1756260963,2025-08-27 02:16:03,0.5
bitcoin-up-or-down-august-28-5am-et,UP,6791777700662748561554896865768845768474800581889937927345344110541968706131,1756261022,2025-08-27 02:17:02,0.5
bitcoin-up-or-down-august-28-5am-et,UP,6791777700662748561554896865768845768474800581889937927345344110541968706131,1756261083,2025-08-27 02:18:03,0.5
bitcoin-up-or-down-august-28-5am-et,UP,6791777700662748561554896865768845768474800581889937927345344110541968706131,1756261143,2025-08-27 02:19:03,0.5
bitcoin-up-or-down-august-28-5am-et,UP,6791777700662748561554896865768845768474800581889937927345344110541968706131,1756261207,2025-08-27 02:20:07,0.5
bitcoin-up-or-down-august-28-5am-et,UP,6791777700662748561554896865768845768474800581889937927345344110541968706131,1756261262,2025-08-27 02:21:02,0.5
bitcoin-up-or-down-august-28-5am-et,UP,6791777700662748561554896865768845768474800581889937927345344110541968706131,1756261322,2025-08-27 02:22:02,0.5
bitcoin-up-or-down-august-28-5am-et,UP,6791777700662748561554896865768845768474800581889937927345344110541968706131,1756261383,2025-08-27 02:23:03,0.5
bitcoin-up-or-down-august-28-5am-et,UP,6791777700662748561554896865768845768474800581889937927345344110541968706131,1756261443,2025-08-27 02:24:03,0.5
bitcoin-up-or-down-august-28-5am-et,UP,6791777700662748561554896865768845768474800581889937927345344110541968706131,1756261511,2025-08-27 02:25:11,0.5
bitcoin-up-or-down-august-28-5am-et,UP,6791777700662748561554896865768845768474800581889937927345344110541968706131,1756261562,2025-08-27 02:26:02,0.5
bitcoin-up-or-down-august-28-5am-et,UP,6791777700662748561554896865768845768474800581889937927345344110541968706131,1756261623,2025-08-27 02:27:03,0.5
bitcoin-up-or-down-august-28-5am-et,UP,6791777700662748561554896865768845768474800581889937927345344110541968706131,1756261683,2025-08-27 02:28:03,0.5
bitcoin-up-or-down-august-28-5am-et,UP,6791777700662748561554896865768845768474800581889937927345344110541968706131,1756261743,2025-08-27 02:29:03,0.5
bitcoin-up-or-down-august-28-5am-et,UP,6791777700662748561554896865768845768474800581889937927345344110541968706131,1756261810,2025-08-27 02:30:10,0.5
bitcoin-up-or-down-august-28-5am-et,UP,6791777700662748561554896865768845768474800581889937927345344110541968706131,1756261863,2025-08-27 02:31:03,0.5
bitcoin-up-or-down-august-28-5am-et,UP,6791777700662748561554896865768845768474800581889937927345344110541968706131,1756261924,2025-08-27 02:32:04,0.5
bitcoin-up-or-down-august-28-5am-et,UP,6791777700662748561554896865768845768474800581889937927345344110541968706131,1756261983,2025-08-27 02:33:03,0.5
bitcoin-up-or-down-august-28-5am-et,UP,6791777700662748561554896865768845768474800581889937927345344110541968706131,1756262043,2025-08-27 02:34:03,0.5
bitcoin-up-or-down-august-28-5am-et,UP,6791777700662748561554896865768845768474800581889937927345344110541968706131,1756262102,2025-08-27 02:35:02,0.5
bitcoin-up-or-down-august-28-5am-et,UP,6791777700662748561554896865768845768474800581889937927345344110541968706131,1756262163,2025-08-27 02:36:03,0.5
bitcoin-up-or-down-august-28-5am-et,UP,6791777700662748561554896865768845768474800581889937927345344110541968706131,1756262222,2025-08-27 02:37:02,0.5
bitcoin-up-or-down-august-28-5am-et,UP,6791777700662748561554896865768845768474800581889937927345344110541968706131,1756262282,2025-08-27 02:38:02,0.5
bitcoin-up-or-down-august-28-5am-et,UP,6791777700662748561554896865768845768474800581889937927345344110541968706131,1756262343,2025-08-27 02:39:03,0.5
bitcoin-up-or-down-august-28-5am-et,UP,6791777700662748561554896865768845768474800581889937927345344110541968706131,1756262410,2025-08-27 02:40:10,0.5
bitcoin-up-or-down-august-28-5am-et,UP,6791777700662748561554896865768845768474800581889937927345344110541968706131,1756262465,2025-08-27 02:41:05,0.5
bitcoin-up-or-down-august-28-5am-et,UP,6791777700662748561554896865768845768474800581889937927345344110541968706131,1756262522,2025-08-27 02:42:02,0.5
bitcoin-up-or-down-august-28-5am-et,UP,6791777700662748561554896865768845768474800581889937927345344110541968706131,1756262582,2025-08-27 02:43:02,0.5
bitcoin-up-or-down-august-28-5am-et,UP,6791777700662748561554896865768845768474800581889937927345344110541968706131,1756262644,2025-08-27 02:44:04,0.5
bitcoin-up-or-down-august-28-5am-et,UP,6791777700662748561554896865768845768474800581889937927345344110541968706131,1756262706,2025-08-27 02:45:06,0.5
bitcoin-up-or-down-august-28-5am-et,UP,6791777700662748561554896865768845768474800581889937927345344110541968706131,1756262765,2025-08-27 02:46:05,0.5
bitcoin-up-or-down-august-28-5am-et,UP,6791777700662748561554896865768845768474800581889937927345344110541968706131,1756262823,2025-08-27 02:47:03,0.5
bitcoin-up-or-down-august-28-5am-et,UP,6791777700662748561554896865768845768474800581889937927345344110541968706131,1756262883,2025-08-27 02:48:03,0.5
bitcoin-up-or-down-august-28-5am-et,UP,6791777700662748561554896865768845768474800581889937927345344110541968706131,1756262943,2025-08-27 02:49:03,0.5
bitcoin-up-or-down-august-28-5am-et,UP,6791777700662748561554896865768845768474800581889937927345344110541968706131,1756263002,2025-08-27 02:50:02,0.5
bitcoin-up-or-down-august-28-5am-et,UP,6791777700662748561554896865768845768474800581889937927345344110541968706131,1756263064,2025-08-27 02:51:04,0.5
bitcoin-up-or-down-august-28-5am-et,UP,6791777700662748561554896865768845768474800581889937927345344110541968706131,1756263122,2025-08-27 02:52:02,0.5
bitcoin-up-or-down-august-28-5am-et,UP,6791777700662748561554896865768845768474800581889937927345344110541968706131,1756263182,2025-08-27 02:53:02,0.5
bitcoin-up-or-down-august-28-5am-et,UP,6791777700662748561554896865768845768474800581889937927345344110541968706131,1756263242,2025-08-27 02:54:02,0.5
bitcoin-up-or-down-august-28-5am-et,UP,6791777700662748561554896865768845768474800581889937927345344110541968706131,1756263309,2025-08-27 02:55:09,0.5
bitcoin-up-or-down-august-28-5am-et,UP,6791777700662748561554896865768845768474800581889937927345344110541968706131,1756263365,2025-08-27 02:56:05,0.5
bitcoin-up-or-down-august-28-5am-et,UP,6791777700662748561554896865768845768474800581889937927345344110541968706131,1756263423,2025-08-27 02:57:03,0.5
bitcoin-up-or-down-august-28-5am-et,UP,6791777700662748561554896865768845768474800581889937927345344110541968706131,1756263482,2025-08-27 02:58:02,0.5
bitcoin-up-or-down-august-28-5am-et,UP,6791777700662748561554896865768845768474800581889937927345344110541968706131,1756263543,2025-08-27 02:59:03,0.5
bitcoin-up-or-down-august-28-5am-et,UP,6791777700662748561554896865768845768474800581889937927345344110541968706131,1756263612,2025-08-27 03:00:12,0.5
bitcoin-up-or-down-august-28-5am-et,UP,6791777700662748561554896865768845768474800581889937927345344110541968706131,1756263663,2025-08-27 03:01:03,0.5
bitcoin-up-or-down-august-28-5am-et,UP,6791777700662748561554896865768845768474800581889937927345344110541968706131,1756263722,2025-08-27 03:02:02,0.5
bitcoin-up-or-down-august-28-5am-et,UP,6791777700662748561554896865768845768474800581889937927345344110541968706131,1756263782,2025-08-27 03:03:02,0.5
bitcoin-up-or-down-august-28-5am-et,UP,6791777700662748561554896865768845768474800581889937927345344110541968706131,1756263842,2025-08-27 03:04:02,0.5
bitcoin-up-or-down-august-28-5am-et,UP,6791777700662748561554896865768845768474800581889937927345344110541968706131,1756263905,2025-08-27 03:05:05,0.5
bitcoin-up-or-down-august-28-5am-et,UP,6791777700662748561554896865768845768474800581889937927345344110541968706131,1756263963,2025-08-27 03:06:03,0.5
bitcoin-up-or-down-august-28-5am-et,UP,6791777700662748561554896865768845768474800581889937927345344110541968706131,1756264022,2025-08-27 03:07:02,0.5
bitcoin-up-or-down-august-28-5am-et,UP,6791777700662748561554896865768845768474800581889937927345344110541968706131,1756264082,2025-08-27 03:08:02,0.5
bitcoin-up-or-down-august-28-5am-et,UP,6791777700662748561554896865768845768474800581889937927345344110541968706131,1756264145,2025-08-27 03:09:05,0.5
bitcoin-up-or-down-august-28-5am-et,UP,6791777700662748561554896865768845768474800581889937927345344110541968706131,1756264213,2025-08-27 03:10:13,0.5
bitcoin-up-or-down-august-28-5am-et,UP,6791777700662748561554896865768845768474800581889937927345344110541968706131,1756264262,2025-08-27 03:11:02,0.5
bitcoin-up-or-down-august-28-5am-et,UP,6791777700662748561554896865768845768474800581889937927345344110541968706131,1756264324,2025-08-27 03:12:04,0.5
bitcoin-up-or-down-august-28-5am-et,UP,6791777700662748561554896865768845768474800581889937927345344110541968706131,1756264382,2025-08-27 03:13:02,0.5
bitcoin-up-or-down-august-28-5am-et,UP,6791777700662748561554896865768845768474800581889937927345344110541968706131,1756264443,2025-08-27 03:14:03,0.5
bitcoin-up-or-down-august-28-5am-et,UP,6791777700662748561554896865768845768474800581889937927345344110541968706131,1756264505,2025-08-27 03:15:05,0.5
bitcoin-up-or-down-august-28-5am-et,UP,6791777700662748561554896865768845768474800581889937927345344110541968706131,1756264563,2025-08-27 03:16:03,0.5
bitcoin-up-or-down-august-28-5am-et,UP,6791777700662748561554896865768845768474800581889937927345344110541968706131,1756264622,2025-08-27 03:17:02,0.5
bitcoin-up-or-down-august-28-5am-et,UP,6791777700662748561554896865768845768474800581889937927345344110541968706131,1756264683,2025-08-27 03:18:03,0.5
bitcoin-up-or-down-august-28-5am-et,UP,6791777700662748561554896865768845768474800581889937927345344110541968706131,1756264743,2025-08-27 03:19:03,0.5
bitcoin-up-or-down-august-28-5am-et,UP,6791777700662748561554896865768845768474800581889937927345344110541968706131,1756264804,2025-08-27 03:20:04,0.5
bitcoin-up-or-down-august-28-5am-et,UP,6791777700662748561554896865768845768474800581889937927345344110541968706131,1756264863,2025-08-27 03:21:03,0.5
bitcoin-up-or-down-august-28-5am-et,UP,6791777700662748561554896865768845768474800581889937927345344110541968706131,1756264922,2025-08-27 03:22:02,0.5
bitcoin-up-or-down-august-28-5am-et,UP,6791777700662748561554896865768845768474800581889937927345344110541968706131,1756264983,2025-08-27 03:23:03,0.5
bitcoin-up-or-down-august-28-5am-et,UP,6791777700662748561554896865768845768474800581889937927345344110541968706131,1756265043,2025-08-27 03:24:03,0.5
bitcoin-up-or-down-august-28-5am-et,UP,6791777700662748561554896865768845768474800581889937927345344110541968706131,1756265103,2025-08-27 03:25:03,0.5
bitcoin-up-or-down-august-28-5am-et,UP,6791777700662748561554896865768845768474800581889937927345344110541968706131,1756265162,2025-08-27 03:26:02,0.5
bitcoin-up-or-down-august-28-5am-et,UP,6791777700662748561554896865768845768474800581889937927345344110541968706131,1756265223,2025-08-27 03:27:03,0.5
bitcoin-up-or-down-august-28-5am-et,UP,6791777700662748561554896865768845768474800581889937927345344110541968706131,1756265282,2025-08-27 03:28:02,0.5
bitcoin-up-or-down-august-28-5am-et,UP,6791777700662748561554896865768845768474800581889937927345344110541968706131,1756265343,2025-08-27 03:29:03,0.5
bitcoin-up-or-down-august-28-5am-et,UP,6791777700662748561554896865768845768474800581889937927345344110541968706131,1756265405,2025-08-27 03:30:05,0.5
bitcoin-up-or-down-august-28-5am-et,UP,6791777700662748561554896865768845768474800581889937927345344110541968706131,1756265462,2025-08-27 03:31:02,0.5
bitcoin-up-or-down-august-28-5am-et,UP,6791777700662748561554896865768845768474800581889937927345344110541968706131,1756265522,2025-08-27 03:32:02,0.5
bitcoin-up-or-down-august-28-5am-et,UP,6791777700662748561554896865768845768474800581889937927345344110541968706131,1756265582,2025-08-27 03:33:02,0.5
bitcoin-up-or-down-august-28-5am-et,UP,6791777700662748561554896865768845768474800581889937927345344110541968706131,1756265643,2025-08-27 03:34:03,0.5
bitcoin-up-or-down-august-28-5am-et,UP,6791777700662748561554896865768845768474800581889937927345344110541968706131,1756265703,2025-08-27 03:35:03,0.5
bitcoin-up-or-down-august-28-5am-et,UP,6791777700662748561554896865768845768474800581889937927345344110541968706131,1756265764,2025-08-27 03:36:04,0.5
bitcoin-up-or-down-august-28-5am-et,UP,6791777700662748561554896865768845768474800581889937927345344110541968706131,1756265823,2025-08-27 03:37:03,0.5
bitcoin-up-or-down-august-28-5am-et,UP,6791777700662748561554896865768845768474800581889937927345344110541968706131,1756265884,2025-08-27 03:38:04,0.5
bitcoin-up-or-down-august-28-5am-et,UP,6791777700662748561554896865768845768474800581889937927345344110541968706131,1756265942,2025-08-27 03:39:02,0.5
bitcoin-up-or-down-august-28-5am-et,UP,6791777700662748561554896865768845768474800581889937927345344110541968706131,1756266010,2025-08-27 03:40:10,0.5
bitcoin-up-or-down-august-28-5am-et,UP,6791777700662748561554896865768845768474800581889937927345344110541968706131,1756266063,2025-08-27 03:41:03,0.5
bitcoin-up-or-down-august-28-5am-et,UP,6791777700662748561554896865768845768474800581889937927345344110541968706131,1756266122,2025-08-27 03:42:02,0.5
bitcoin-up-or-down-august-28-5am-et,UP,6791777700662748561554896865768845768474800581889937927345344110541968706131,1756266183,2025-08-27 03:43:03,0.5
bitcoin-up-or-down-august-28-5am-et,UP,6791777700662748561554896865768845768474800581889937927345344110541968706131,1756266244,2025-08-27 03:44:04,0.5
bitcoin-up-or-down-august-28-5am-et,UP,6791777700662748561554896865768845768474800581889937927345344110541968706131,1756266314,2025-08-27 03:45:14,0.5
bitcoin-up-or-down-august-28-5am-et,UP,6791777700662748561554896865768845768474800581889937927345344110541968706131,1756266362,2025-08-27 03:46:02,0.5
bitcoin-up-or-down-august-28-5am-et,UP,6791777700662748561554896865768845768474800581889937927345344110541968706131,1756266423,2025-08-27 03:47:03,0.5
bitcoin-up-or-down-august-28-5am-et,UP,6791777700662748561554896865768845768474800581889937927345344110541968706131,1756266483,2025-08-27 03:48:03,0.5
bitcoin-up-or-down-august-28-5am-et,UP,6791777700662748561554896865768845768474800581889937927345344110541968706131,1756266544,2025-08-27 03:49:04,0.5
bitcoin-up-or-down-august-28-5am-et,UP,6791777700662748561554896865768845768474800581889937927345344110541968706131,1756266603,2025-08-27 03:50:03,0.5
bitcoin-up-or-down-august-28-5am-et,UP,6791777700662748561554896865768845768474800581889937927345344110541968706131,1756266663,2025-08-27 03:51:03,0.5
bitcoin-up-or-down-august-28-5am-et,UP,6791777700662748561554896865768845768474800581889937927345344110541968706131,1756266722,2025-08-27 03:52:02,0.5
bitcoin-up-or-down-august-28-5am-et,UP,6791777700662748561554896865768845768474800581889937927345344110541968706131,1756266783,2025-08-27 03:53:03,0.5
bitcoin-up-or-down-august-28-5am-et,UP,6791777700662748561554896865768845768474800581889937927345344110541968706131,1756266842,2025-08-27 03:54:02,0.5
bitcoin-up-or-down-august-28-5am-et,UP,6791777700662748561554896865768845768474800581889937927345344110541968706131,1756266915,2025-08-27 03:55:15,0.5
bitcoin-up-or-down-august-28-5am-et,UP,6791777700662748561554896865768845768474800581889937927345344110541968706131,1756266962,2025-08-27 03:56:02,0.5
bitcoin-up-or-down-august-28-5am-et,UP,6791777700662748561554896865768845768474800581889937927345344110541968706131,1756267022,2025-08-27 03:57:02,0.5
bitcoin-up-or-down-august-28-5am-et,UP,6791777700662748561554896865768845768474800581889937927345344110541968706131,1756267082,2025-08-27 03:58:02,0.5
bitcoin-up-or-down-august-28-5am-et,UP,6791777700662748561554896865768845768474800581889937927345344110541968706131,1756267142,2025-08-27 03:59:02,0.5
bitcoin-up-or-down-august-28-5am-et,UP,6791777700662748561554896865768845768474800581889937927345344110541968706131,1756267218,2025-08-27 04:00:18,0.5
bitcoin-up-or-down-august-28-5am-et,UP,6791777700662748561554896865768845768474800581889937927345344110541968706131,1756267263,2025-08-27 04:01:03,0.5
bitcoin-up-or-down-august-28-5am-et,UP,6791777700662748561554896865768845768474800581889937927345344110541968706131,1756267323,2025-08-27 04:02:03,0.5
bitcoin-up-or-down-august-28-5am-et,UP,6791777700662748561554896865768845768474800581889937927345344110541968706131,1756267383,2025-08-27 04:03:03,0.5
bitcoin-up-or-down-august-28-5am-et,UP,6791777700662748561554896865768845768474800581889937927345344110541968706131,1756267442,2025-08-27 04:04:02,0.5
bitcoin-up-or-down-august-28-5am-et,UP,6791777700662748561554896865768845768474800581889937927345344110541968706131,1756267514,2025-08-27 04:05:14,0.5
bitcoin-up-or-down-august-28-5am-et,UP,6791777700662748561554896865768845768474800581889937927345344110541968706131,1756267563,2025-08-27 04:06:03,0.5
bitcoin-up-or-down-august-28-5am-et,UP,6791777700662748561554896865768845768474800581889937927345344110541968706131,1756267623,2025-08-27 04:07:03,0.5
bitcoin-up-or-down-august-28-5am-et,UP,6791777700662748561554896865768845768474800581889937927345344110541968706131,1756267682,2025-08-27 04:08:02,0.5
bitcoin-up-or-down-august-28-5am-et,UP,6791777700662748561554896865768845768474800581889937927345344110541968706131,1756267742,2025-08-27 04:09:02,0.5
bitcoin-up-or-down-august-28-5am-et,UP,6791777700662748561554896865768845768474800581889937927345344110541968706131,1756267810,2025-08-27 04:10:10,0.5
bitcoin-up-or-down-august-28-5am-et,UP,6791777700662748561554896865768845768474800581889937927345344110541968706131,1756267863,2025-08-27 04:11:03,0.5
bitcoin-up-or-down-august-28-5am-et,UP,6791777700662748561554896865768845768474800581889937927345344110541968706131,1756267922,2025-08-27 04:12:02,0.5
bitcoin-up-or-down-august-28-5am-et,UP,6791777700662748561554896865768845768474800581889937927345344110541968706131,1756267983,2025-08-27 04:13:03,0.5
bitcoin-up-or-down-august-28-5am-et,UP,6791777700662748561554896865768845768474800581889937927345344110541968706131,1756268042,2025-08-27 04:14:02,0.5
bitcoin-up-or-down-august-28-5am-et,UP,6791777700662748561554896865768845768474800581889937927345344110541968706131,1756268106,2025-08-27 04:15:06,0.5
bitcoin-up-or-down-august-28-5am-et,UP,6791777700662748561554896865768845768474800581889937927345344110541968706131,1756268162,2025-08-27 04:16:02,0.5
bitcoin-up-or-down-august-28-5am-et,UP,6791777700662748561554896865768845768474800581889937927345344110541968706131,1756268222,2025-08-27 04:17:02,0.5
bitcoin-up-or-down-august-28-5am-et,UP,6791777700662748561554896865768845768474800581889937927345344110541968706131,1756268283,2025-08-27 04:18:03,0.5
bitcoin-up-or-down-august-28-5am-et,UP,6791777700662748561554896865768845768474800581889937927345344110541968706131,1756268343,2025-08-27 04:19:03,0.5
bitcoin-up-or-down-august-28-5am-et,UP,6791777700662748561554896865768845768474800581889937927345344110541968706131,1756268414,2025-08-27 04:20:14,0.5
bitcoin-up-or-down-august-28-5am-et,UP,6791777700662748561554896865768845768474800581889937927345344110541968706131,1756268463,2025-08-27 04:21:03,0.5
bitcoin-up-or-down-august-28-5am-et,UP,6791777700662748561554896865768845768474800581889937927345344110541968706131,1756268522,2025-08-27 04:22:02,0.5
bitcoin-up-or-down-august-28-5am-et,UP,6791777700662748561554896865768845768474800581889937927345344110541968706131,1756268583,2025-08-27 04:23:03,0.5
bitcoin-up-or-down-august-28-5am-et,UP,6791777700662748561554896865768845768474800581889937927345344110541968706131,1756268643,2025-08-27 04:24:03,0.5
bitcoin-up-or-down-august-28-5am-et,UP,6791777700662748561554896865768845768474800581889937927345344110541968706131,1756268709,2025-08-27 04:25:09,0.5
bitcoin-up-or-down-august-28-5am-et,UP,6791777700662748561554896865768845768474800581889937927345344110541968706131,1756268762,2025-08-27 04:26:02,0.5
bitcoin-up-or-down-august-28-5am-et,UP,6791777700662748561554896865768845768474800581889937927345344110541968706131,1756268823,2025-08-27 04:27:03,0.5
bitcoin-up-or-down-august-28-5am-et,UP,6791777700662748561554896865768845768474800581889937927345344110541968706131,1756268883,2025-08-27 04:28:03,0.5
bitcoin-up-or-down-august-28-5am-et,UP,6791777700662748561554896865768845768474800581889937927345344110541968706131,1756268943,2025-08-27 04:29:03,0.5
bitcoin-up-or-down-august-28-5am-et,UP,6791777700662748561554896865768845768474800581889937927345344110541968706131,1756269008,2025-08-27 04:30:08,0.5
bitcoin-up-or-down-august-28-5am-et,UP,6791777700662748561554896865768845768474800581889937927345344110541968706131,1756269063,2025-08-27 04:31:03,0.5
bitcoin-up-or-down-august-28-5am-et,UP,6791777700662748561554896865768845768474800581889937927345344110541968706131,1756269122,2025-08-27 04:32:02,0.5
bitcoin-up-or-down-august-28-5am-et,UP,6791777700662748561554896865768845768474800581889937927345344110541968706131,1756269184,2025-08-27 04:33:04,0.5
bitcoin-up-or-down-august-28-5am-et,UP,6791777700662748561554896865768845768474800581889937927345344110541968706131,1756269243,2025-08-27 04:34:03,0.5
bitcoin-up-or-down-august-28-5am-et,UP,6791777700662748561554896865768845768474800581889937927345344110541968706131,1756269302,2025-08-27 04:35:02,0.5
bitcoin-up-or-down-august-28-5am-et,UP,6791777700662748561554896865768845768474800581889937927345344110541968706131,1756269364,2025-08-27 04:36:04,0.5
bitcoin-up-or-down-august-28-5am-et,UP,6791777700662748561554896865768845768474800581889937927345344110541968706131,1756269422,2025-08-27 04:37:02,0.5
bitcoin-up-or-down-august-28-5am-et,UP,6791777700662748561554896865768845768474800581889937927345344110541968706131,1756269482,2025-08-27 04:38:02,0.5
bitcoin-up-or-down-august-28-5am-et,UP,6791777700662748561554896865768845768474800581889937927345344110541968706131,1756269544,2025-08-27 04:39:04,0.5
bitcoin-up-or-down-august-28-5am-et,UP,6791777700662748561554896865768845768474800581889937927345344110541968706131,1756269603,2025-08-27 04:40:03,0.5
bitcoin-up-or-down-august-28-5am-et,UP,6791777700662748561554896865768845768474800581889937927345344110541968706131,1756269662,2025-08-27 04:41:02,0.5
bitcoin-up-or-down-august-28-5am-et,UP,6791777700662748561554896865768845768474800581889937927345344110541968706131,1756269722,2025-08-27 04:42:02,0.5
bitcoin-up-or-down-august-28-5am-et,UP,6791777700662748561554896865768845768474800581889937927345344110541968706131,1756269782,2025-08-27 04:43:02,0.5
bitcoin-up-or-down-august-28-5am-et,UP,6791777700662748561554896865768845768474800581889937927345344110541968706131,1756269843,2025-08-27 04:44:03,0.5
bitcoin-up-or-down-august-28-5am-et,UP,6791777700662748561554896865768845768474800581889937927345344110541968706131,1756269902,2025-08-27 04:45:02,0.5
bitcoin-up-or-down-august-28-5am-et,UP,6791777700662748561554896865768845768474800581889937927345344110541968706131,1756269963,2025-08-27 04:46:03,0.5
bitcoin-up-or-down-august-28-5am-et,UP,6791777700662748561554896865768845768474800581889937927345344110541968706131,1756270022,2025-08-27 04:47:02,0.5
bitcoin-up-or-down-august-28-5am-et,UP,6791777700662748561554896865768845768474800581889937927345344110541968706131,1756270083,2025-08-27 04:48:03,0.5
bitcoin-up-or-down-august-28-5am-et,UP,6791777700662748561554896865768845768474800581889937927345344110541968706131,1756270144,2025-08-27 04:49:04,0.5
bitcoin-up-or-down-august-28-5am-et,UP,6791777700662748561554896865768845768474800581889937927345344110541968706131,1756270206,2025-08-27 04:50:06,0.5
bitcoin-up-or-down-august-28-5am-et,UP,6791777700662748561554896865768845768474800581889937927345344110541968706131,1756270263,2025-08-27 04:51:03,0.5
bitcoin-up-or-down-august-28-5am-et,UP,6791777700662748561554896865768845768474800581889937927345344110541968706131,1756270322,2025-08-27 04:52:02,0.5
bitcoin-up-or-down-august-28-5am-et,UP,6791777700662748561554896865768845768474800581889937927345344110541968706131,1756270383,2025-08-27 04:53:03,0.5
bitcoin-up-or-down-august-28-5am-et,UP,6791777700662748561554896865768845768474800581889937927345344110541968706131,1756270443,2025-08-27 04:54:03,0.5
bitcoin-up-or-down-august-28-5am-et,UP,6791777700662748561554896865768845768474800581889937927345344110541968706131,1756270502,2025-08-27 04:55:02,0.5
bitcoin-up-or-down-august-28-5am-et,UP,6791777700662748561554896865768845768474800581889937927345344110541968706131,1756270562,2025-08-27 04:56:02,0.5
bitcoin-up-or-down-august-28-5am-et,UP,6791777700662748561554896865768845768474800581889937927345344110541968706131,1756270623,2025-08-27 04:57:03,0.5
bitcoin-up-or-down-august-28-5am-et,UP,6791777700662748561554896865768845768474800581889937927345344110541968706131,1756270683,2025-08-27 04:58:03,0.5
bitcoin-up-or-down-august-28-5am-et,UP,6791777700662748561554896865768845768474800581889937927345344110541968706131,1756270743,2025-08-27 04:59:03,0.5
bitcoin-up-or-down-august-28-5am-et,UP,6791777700662748561554896865768845768474800581889937927345344110541968706131,1756270809,2025-08-27 05:00:09,0.5
bitcoin-up-or-down-august-28-5am-et,UP,6791777700662748561554896865768845768474800581889937927345344110541968706131,1756270863,2025-08-27 05:01:03,0.5
bitcoin-up-or-down-august-28-5am-et,UP,6791777700662748561554896865768845768474800581889937927345344110541968706131,1756270922,2025-08-27 05:02:02,0.5
bitcoin-up-or-down-august-28-5am-et,UP,6791777700662748561554896865768845768474800581889937927345344110541968706131,1756270983,2025-08-27 05:03:03,0.5
bitcoin-up-or-down-august-28-5am-et,UP,6791777700662748561554896865768845768474800581889937927345344110541968706131,1756271044,2025-08-27 05:04:04,0.5
bitcoin-up-or-down-august-28-5am-et,UP,6791777700662748561554896865768845768474800581889937927345344110541968706131,1756271110,2025-08-27 05:05:10,0.5
bitcoin-up-or-down-august-28-5am-et,UP,6791777700662748561554896865768845768474800581889937927345344110541968706131,1756271162,2025-08-27 05:06:02,0.5
bitcoin-up-or-down-august-28-5am-et,UP,6791777700662748561554896865768845768474800581889937927345344110541968706131,1756271222,2025-08-27 05:07:02,0.5
bitcoin-up-or-down-august-28-5am-et,UP,6791777700662748561554896865768845768474800581889937927345344110541968706131,1756271283,2025-08-27 05:08:03,0.5
bitcoin-up-or-down-august-28-5am-et,UP,6791777700662748561554896865768845768474800581889937927345344110541968706131,1756271342,2025-08-27 05:09:02,0.5
bitcoin-up-or-down-august-28-5am-et,UP,6791777700662748561554896865768845768474800581889937927345344110541968706131,1756271412,2025-08-27 05:10:12,0.5
bitcoin-up-or-down-august-28-5am-et,UP,6791777700662748561554896865768845768474800581889937927345344110541968706131,1756271463,2025-08-27 05:11:03,0.5
bitcoin-up-or-down-august-28-5am-et,UP,6791777700662748561554896865768845768474800581889937927345344110541968706131,1756271523,2025-08-27 05:12:03,0.5
bitcoin-up-or-down-august-28-5am-et,UP,6791777700662748561554896865768845768474800581889937927345344110541968706131,1756271582,2025-08-27 05:13:02,0.5
bitcoin-up-or-down-august-28-5am-et,UP,6791777700662748561554896865768845768474800581889937927345344110541968706131,1756271644,2025-08-27 05:14:04,0.5
bitcoin-up-or-down-august-28-5am-et,UP,6791777700662748561554896865768845768474800581889937927345344110541968706131,1756271712,2025-08-27 05:15:12,0.5
bitcoin-up-or-down-august-28-5am-et,UP,6791777700662748561554896865768845768474800581889937927345344110541968706131,1756271764,2025-08-27 05:16:04,0.5
bitcoin-up-or-down-august-28-5am-et,UP,6791777700662748561554896865768845768474800581889937927345344110541968706131,1756271822,2025-08-27 05:17:02,0.5
bitcoin-up-or-down-august-28-5am-et,UP,6791777700662748561554896865768845768474800581889937927345344110541968706131,1756271882,2025-08-27 05:18:02,0.5
bitcoin-up-or-down-august-28-5am-et,UP,6791777700662748561554896865768845768474800581889937927345344110541968706131,1756271942,2025-08-27 05:19:02,0.5
bitcoin-up-or-down-august-28-5am-et,UP,6791777700662748561554896865768845768474800581889937927345344110541968706131,1756272011,2025-08-27 05:20:11,0.5
bitcoin-up-or-down-august-28-5am-et,UP,6791777700662748561554896865768845768474800581889937927345344110541968706131,1756272062,2025-08-27 05:21:02,0.5
bitcoin-up-or-down-august-28-5am-et,UP,6791777700662748561554896865768845768474800581889937927345344110541968706131,1756272122,2025-08-27 05:22:02,0.5
bitcoin-up-or-down-august-28-5am-et,UP,6791777700662748561554896865768845768474800581889937927345344110541968706131,1756272183,2025-08-27 05:23:03,0.5
bitcoin-up-or-down-august-28-5am-et,UP,6791777700662748561554896865768845768474800581889937927345344110541968706131,1756272242,2025-08-27 05:24:02,0.5
bitcoin-up-or-down-august-28-5am-et,UP,6791777700662748561554896865768845768474800581889937927345344110541968706131,1756272305,2025-08-27 05:25:05,0.5
bitcoin-up-or-down-august-28-5am-et,UP,6791777700662748561554896865768845768474800581889937927345344110541968706131,1756272365,2025-08-27 05:26:05,0.5
bitcoin-up-or-down-august-28-5am-et,UP,6791777700662748561554896865768845768474800581889937927345344110541968706131,1756272424,2025-08-27 05:27:04,0.5
bitcoin-up-or-down-august-28-5am-et,UP,6791777700662748561554896865768845768474800581889937927345344110541968706131,1756272484,2025-08-27 05:28:04,0.5
bitcoin-up-or-down-august-28-5am-et,UP,6791777700662748561554896865768845768474800581889937927345344110541968706131,1756272542,2025-08-27 05:29:02,0.5
bitcoin-up-or-down-august-28-5am-et,UP,6791777700662748561554896865768845768474800581889937927345344110541968706131,1756272613,2025-08-27 05:30:13,0.5
bitcoin-up-or-down-august-28-5am-et,UP,6791777700662748561554896865768845768474800581889937927345344110541968706131,1756272662,2025-08-27 05:31:02,0.5
bitcoin-up-or-down-august-28-5am-et,UP,6791777700662748561554896865768845768474800581889937927345344110541968706131,1756272722,2025-08-27 05:32:02,0.5
bitcoin-up-or-down-august-28-5am-et,UP,6791777700662748561554896865768845768474800581889937927345344110541968706131,1756272783,2025-08-27 05:33:03,0.5
bitcoin-up-or-down-august-28-5am-et,UP,6791777700662748561554896865768845768474800581889937927345344110541968706131,1756272844,2025-08-27 05:34:04,0.5
bitcoin-up-or-down-august-28-5am-et,UP,6791777700662748561554896865768845768474800581889937927345344110541968706131,1756272913,2025-08-27 05:35:13,0.5
bitcoin-up-or-down-august-28-5am-et,UP,6791777700662748561554896865768845768474800581889937927345344110541968706131,1756272964,2025-08-27 05:36:04,0.5
bitcoin-up-or-down-august-28-5am-et,UP,6791777700662748561554896865768845768474800581889937927345344110541968706131,1756273024,2025-08-27 05:37:04,0.5
bitcoin-up-or-down-august-28-5am-et,UP,6791777700662748561554896865768845768474800581889937927345344110541968706131,1756273083,2025-08-27 05:38:03,0.5
bitcoin-up-or-down-august-28-5am-et,UP,6791777700662748561554896865768845768474800581889937927345344110541968706131,1756273142,2025-08-27 05:39:02,0.5
bitcoin-up-or-down-august-28-5am-et,UP,6791777700662748561554896865768845768474800581889937927345344110541968706131,1756273211,2025-08-27 05:40:11,0.5
bitcoin-up-or-down-august-28-5am-et,UP,6791777700662748561554896865768845768474800581889937927345344110541968706131,1756273264,2025-08-27 05:41:04,0.5
bitcoin-up-or-down-august-28-5am-et,UP,6791777700662748561554896865768845768474800581889937927345344110541968706131,1756273323,2025-08-27 05:42:03,0.5
bitcoin-up-or-down-august-28-5am-et,UP,6791777700662748561554896865768845768474800581889937927345344110541968706131,1756273382,2025-08-27 05:43:02,0.5
bitcoin-up-or-down-august-28-5am-et,UP,6791777700662748561554896865768845768474800581889937927345344110541968706131,1756273443,2025-08-27 05:44:03,0.5
bitcoin-up-or-down-august-28-5am-et,UP,6791777700662748561554896865768845768474800581889937927345344110541968706131,1756273506,2025-08-27 05:45:06,0.5
bitcoin-up-or-down-august-28-5am-et,UP,6791777700662748561554896865768845768474800581889937927345344110541968706131,1756273563,2025-08-27 05:46:03,0.5
bitcoin-up-or-down-august-28-5am-et,UP,6791777700662748561554896865768845768474800581889937927345344110541968706131,1756273623,2025-08-27 05:47:03,0.5
bitcoin-up-or-down-august-28-5am-et,UP,6791777700662748561554896865768845768474800581889937927345344110541968706131,1756273683,2025-08-27 05:48:03,0.5
bitcoin-up-or-down-august-28-5am-et,UP,6791777700662748561554896865768845768474800581889937927345344110541968706131,1756273742,2025-08-27 05:49:02,0.5
bitcoin-up-or-down-august-28-5am-et,UP,6791777700662748561554896865768845768474800581889937927345344110541968706131,1756273811,2025-08-27 05:50:11,0.5
bitcoin-up-or-down-august-28-5am-et,UP,6791777700662748561554896865768845768474800581889937927345344110541968706131,1756273862,2025-08-27 05:51:02,0.5
bitcoin-up-or-down-august-28-5am-et,UP,6791777700662748561554896865768845768474800581889937927345344110541968706131,1756273923,2025-08-27 05:52:03,0.5
bitcoin-up-or-down-august-28-5am-et,UP,6791777700662748561554896865768845768474800581889937927345344110541968706131,1756273982,2025-08-27 05:53:02,0.5
bitcoin-up-or-down-august-28-5am-et,UP,6791777700662748561554896865768845768474800581889937927345344110541968706131,1756274043,2025-08-27 05:54:03,0.5
bitcoin-up-or-down-august-28-5am-et,UP,6791777700662748561554896865768845768474800581889937927345344110541968706131,1756274103,2025-08-27 05:55:03,0.5
bitcoin-up-or-down-august-28-5am-et,UP,6791777700662748561554896865768845768474800581889937927345344110541968706131,1756274162,2025-08-27 05:56:02,0.5
bitcoin-up-or-down-august-28-5am-et,UP,6791777700662748561554896865768845768474800581889937927345344110541968706131,1756274222,2025-08-27 05:57:02,0.5
bitcoin-up-or-down-august-28-5am-et,UP,6791777700662748561554896865768845768474800581889937927345344110541968706131,1756274283,2025-08-27 05:58:03,0.5
bitcoin-up-or-down-august-28-5am-et,UP,6791777700662748561554896865768845768474800581889937927345344110541968706131,1756274343,2025-08-27 05:59:03,0.5
bitcoin-up-or-down-august-28-5am-et,UP,6791777700662748561554896865768845768474800581889937927345344110541968706131,1756274405,2025-08-27 06:00:05,0.5
bitcoin-up-or-down-august-28-5am-et,UP,6791777700662748561554896865768845768474800581889937927345344110541968706131,1756274463,2025-08-27 06:01:03,0.5
bitcoin-up-or-down-august-28-5am-et,UP,6791777700662748561554896865768845768474800581889937927345344110541968706131,1756274523,2025-08-27 06:02:03,0.5
bitcoin-up-or-down-august-28-5am-et,UP,6791777700662748561554896865768845768474800581889937927345344110541968706131,1756274583,2025-08-27 06:03:03,0.5
bitcoin-up-or-down-august-28-5am-et,UP,6791777700662748561554896865768845768474800581889937927345344110541968706131,1756274642,2025-08-27 06:04:02,0.5
bitcoin-up-or-down-august-28-5am-et,UP,6791777700662748561554896865768845768474800581889937927345344110541968706131,1756274713,2025-08-27 06:05:13,0.5
bitcoin-up-or-down-august-28-5am-et,UP,6791777700662748561554896865768845768474800581889937927345344110541968706131,1756274762,2025-08-27 06:06:02,0.5
bitcoin-up-or-down-august-28-5am-et,UP,6791777700662748561554896865768845768474800581889937927345344110541968706131,1756274822,2025-08-27 06:07:02,0.5
bitcoin-up-or-down-august-28-5am-et,UP,6791777700662748561554896865768845768474800581889937927345344110541968706131,1756274884,2025-08-27 06:08:04,0.5
bitcoin-up-or-down-august-28-5am-et,UP,6791777700662748561554896865768845768474800581889937927345344110541968706131,1756274942,2025-08-27 06:09:02,0.5
bitcoin-up-or-down-august-28-5am-et,UP,6791777700662748561554896865768845768474800581889937927345344110541968706131,1756275014,2025-08-27 06:10:14,0.5
bitcoin-up-or-down-august-28-5am-et,UP,6791777700662748561554896865768845768474800581889937927345344110541968706131,1756275064,2025-08-27 06:11:04,0.5
bitcoin-up-or-down-august-28-5am-et,UP,6791777700662748561554896865768845768474800581889937927345344110541968706131,1756275123,2025-08-27 06:12:03,0.5
bitcoin-up-or-down-august-28-5am-et,UP,6791777700662748561554896865768845768474800581889937927345344110541968706131,1756275183,2025-08-27 06:13:03,0.5
bitcoin-up-or-down-august-28-5am-et,UP,6791777700662748561554896865768845768474800581889937927345344110541968706131,1756275243,2025-08-27 06:14:03,0.5
bitcoin-up-or-down-august-28-5am-et,UP,6791777700662748561554896865768845768474800581889937927345344110541968706131,1756275302,2025-08-27 06:15:02,0.5
bitcoin-up-or-down-august-28-5am-et,UP,6791777700662748561554896865768845768474800581889937927345344110541968706131,1756275363,2025-08-27 06:16:03,0.5
bitcoin-up-or-down-august-28-5am-et,UP,6791777700662748561554896865768845768474800581889937927345344110541968706131,1756275422,2025-08-27 06:17:02,0.5
bitcoin-up-or-down-august-28-5am-et,UP,6791777700662748561554896865768845768474800581889937927345344110541968706131,1756275483,2025-08-27 06:18:03,0.5
bitcoin-up-or-down-august-28-5am-et,UP,6791777700662748561554896865768845768474800581889937927345344110541968706131,1756275543,2025-08-27 06:19:03,0.5
bitcoin-up-or-down-august-28-5am-et,UP,6791777700662748561554896865768845768474800581889937927345344110541968706131,1756275612,2025-08-27 06:20:12,0.5
bitcoin-up-or-down-august-28-5am-et,UP,6791777700662748561554896865768845768474800581889937927345344110541968706131,1756275662,2025-08-27 06:21:02,0.5
bitcoin-up-or-down-august-28-5am-et,UP,6791777700662748561554896865768845768474800581889937927345344110541968706131,1756275723,2025-08-27 06:22:03,0.5
bitcoin-up-or-down-august-28-5am-et,UP,6791777700662748561554896865768845768474800581889937927345344110541968706131,1756275783,2025-08-27 06:23:03,0.5
bitcoin-up-or-down-august-28-5am-et,UP,6791777700662748561554896865768845768474800581889937927345344110541968706131,1756275843,2025-08-27 06:24:03,0.5
bitcoin-up-or-down-august-28-5am-et,UP,6791777700662748561554896865768845768474800581889937927345344110541968706131,1756275911,2025-08-27 06:25:11,0.5
bitcoin-up-or-down-august-28-5am-et,UP,6791777700662748561554896865768845768474800581889937927345344110541968706131,1756275963,2025-08-27 06:26:03,0.5
bitcoin-up-or-down-august-28-5am-et,UP,6791777700662748561554896865768845768474800581889937927345344110541968706131,1756276023,2025-08-27 06:27:03,0.5
bitcoin-up-or-down-august-28-5am-et,UP,6791777700662748561554896865768845768474800581889937927345344110541968706131,1756276082,2025-08-27 06:28:02,0.5
bitcoin-up-or-down-august-28-5am-et,UP,6791777700662748561554896865768845768474800581889937927345344110541968706131,1756276143,2025-08-27 06:29:03,0.5
bitcoin-up-or-down-august-28-5am-et,UP,6791777700662748561554896865768845768474800581889937927345344110541968706131,1756276208,2025-08-27 06:30:08,0.5
bitcoin-up-or-down-august-28-5am-et,UP,6791777700662748561554896865768845768474800581889937927345344110541968706131,1756276263,2025-08-27 06:31:03,0.5
bitcoin-up-or-down-august-28-5am-et,UP,6791777700662748561554896865768845768474800581889937927345344110541968706131,1756276323,2025-08-27 06:32:03,0.5
bitcoin-up-or-down-august-28-5am-et,UP,6791777700662748561554896865768845768474800581889937927345344110541968706131,1756276382,2025-08-27 06:33:02,0.5
bitcoin-up-or-down-august-28-5am-et,UP,6791777700662748561554896865768845768474800581889937927345344110541968706131,1756276447,2025-08-27 06:34:07,0.5
bitcoin-up-or-down-august-28-5am-et,UP,6791777700662748561554896865768845768474800581889937927345344110541968706131,1756276502,2025-08-27 06:35:02,0.5
bitcoin-up-or-down-august-28-5am-et,UP,6791777700662748561554896865768845768474800581889937927345344110541968706131,1756276562,2025-08-27 06:36:02,0.5
bitcoin-up-or-down-august-28-5am-et,UP,6791777700662748561554896865768845768474800581889937927345344110541968706131,1756276622,2025-08-27 06:37:02,0.5
bitcoin-up-or-down-august-28-5am-et,UP,6791777700662748561554896865768845768474800581889937927345344110541968706131,1756276684,2025-08-27 06:38:04,0.5
bitcoin-up-or-down-august-28-5am-et,UP,6791777700662748561554896865768845768474800581889937927345344110541968706131,1756276743,2025-08-27 06:39:03,0.5
bitcoin-up-or-down-august-28-5am-et,UP,6791777700662748561554896865768845768474800581889937927345344110541968706131,1756276802,2025-08-27 06:40:02,0.5
bitcoin-up-or-down-august-28-5am-et,UP,6791777700662748561554896865768845768474800581889937927345344110541968706131,1756276863,2025-08-27 06:41:03,0.5
bitcoin-up-or-down-august-28-5am-et,UP,6791777700662748561554896865768845768474800581889937927345344110541968706131,1756276923,2025-08-27 06:42:03,0.5
bitcoin-up-or-down-august-28-5am-et,UP,6791777700662748561554896865768845768474800581889937927345344110541968706131,1756276983,2025-08-27 06:43:03,0.5
bitcoin-up-or-down-august-28-5am-et,UP,6791777700662748561554896865768845768474800581889937927345344110541968706131,1756277050,2025-08-27 06:44:10,0.5
bitcoin-up-or-down-august-28-5am-et,UP,6791777700662748561554896865768845768474800581889937927345344110541968706131,1756277102,2025-08-27 06:45:02,0.5
bitcoin-up-or-down-august-28-5am-et,UP,6791777700662748561554896865768845768474800581889937927345344110541968706131,1756277163,2025-08-27 06:46:03,0.5
bitcoin-up-or-down-august-28-5am-et,UP,6791777700662748561554896865768845768474800581889937927345344110541968706131,1756277224,2025-08-27 06:47:04,0.5
bitcoin-up-or-down-august-28-5am-et,UP,6791777700662748561554896865768845768474800581889937927345344110541968706131,1756277283,2025-08-27 06:48:03,0.5
bitcoin-up-or-down-august-28-5am-et,UP,6791777700662748561554896865768845768474800581889937927345344110541968706131,1756277351,2025-08-27 06:49:11,0.5
bitcoin-up-or-down-august-28-5am-et,UP,6791777700662748561554896865768845768474800581889937927345344110541968706131,1756277405,2025-08-27 06:50:05,0.5
bitcoin-up-or-down-august-28-5am-et,UP,6791777700662748561554896865768845768474800581889937927345344110541968706131,1756277463,2025-08-27 06:51:03,0.5
bitcoin-up-or-down-august-28-5am-et,UP,6791777700662748561554896865768845768474800581889937927345344110541968706131,1756277523,2025-08-27 06:52:03,0.5
bitcoin-up-or-down-august-28-5am-et,UP,6791777700662748561554896865768845768474800581889937927345344110541968706131,1756277583,2025-08-27 06:53:03,0.5
bitcoin-up-or-down-august-28-5am-et,UP,6791777700662748561554896865768845768474800581889937927345344110541968706131,1756277643,2025-08-27 06:54:03,0.5
bitcoin-up-or-down-august-28-5am-et,UP,6791777700662748561554896865768845768474800581889937927345344110541968706131,1756277703,2025-08-27 06:55:03,0.5
bitcoin-up-or-down-august-28-5am-et,UP,6791777700662748561554896865768845768474800581889937927345344110541968706131,1756277762,2025-08-27 06:56:02,0.5
bitcoin-up-or-down-august-28-5am-et,UP,6791777700662748561554896865768845768474800581889937927345344110541968706131,1756277823,2025-08-27 06:57:03,0.5
bitcoin-up-or-down-august-28-5am-et,UP,6791777700662748561554896865768845768474800581889937927345344110541968706131,1756277882,2025-08-27 06:58:02,0.5
bitcoin-up-or-down-august-28-5am-et,UP,6791777700662748561554896865768845768474800581889937927345344110541968706131,1756277946,2025-08-27 06:59:06,0.5
bitcoin-up-or-down-august-28-5am-et,UP,6791777700662748561554896865768845768474800581889937927345344110541968706131,1756278013,2025-08-27 07:00:13,0.5
bitcoin-up-or-down-august-28-5am-et,UP,6791777700662748561554896865768845768474800581889937927345344110541968706131,1756278062,2025-08-27 07:01:02,0.5
bitcoin-up-or-down-august-28-5am-et,UP,6791777700662748561554896865768845768474800581889937927345344110541968706131,1756278122,2025-08-27 07:02:02,0.5
bitcoin-up-or-down-august-28-5am-et,UP,6791777700662748561554896865768845768474800581889937927345344110541968706131,1756278183,2025-08-27 07:03:03,0.5
bitcoin-up-or-down-august-28-5am-et,UP,6791777700662748561554896865768845768474800581889937927345344110541968706131,1756278243,2025-08-27 07:04:03,0.5
bitcoin-up-or-down-august-28-5am-et,UP,6791777700662748561554896865768845768474800581889937927345344110541968706131,1756278313,2025-08-27 07:05:13,0.5
bitcoin-up-or-down-august-28-5am-et,UP,6791777700662748561554896865768845768474800581889937927345344110541968706131,1756278362,2025-08-27 07:06:02,0.5
bitcoin-up-or-down-august-28-5am-et,UP,6791777700662748561554896865768845768474800581889937927345344110541968706131,1756278423,2025-08-27 07:07:03,0.5
bitcoin-up-or-down-august-28-5am-et,UP,6791777700662748561554896865768845768474800581889937927345344110541968706131,1756278484,2025-08-27 07:08:04,0.5
bitcoin-up-or-down-august-28-5am-et,UP,6791777700662748561554896865768845768474800581889937927345344110541968706131,1756278543,2025-08-27 07:09:03,0.5
bitcoin-up-or-down-august-28-5am-et,UP,6791777700662748561554896865768845768474800581889937927345344110541968706131,1756278603,2025-08-27 07:10:03,0.5
bitcoin-up-or-down-august-28-5am-et,UP,6791777700662748561554896865768845768474800581889937927345344110541968706131,1756278664,2025-08-27 07:11:04,0.5
bitcoin-up-or-down-august-28-5am-et,UP,6791777700662748561554896865768845768474800581889937927345344110541968706131,1756278723,2025-08-27 07:12:03,0.5
bitcoin-up-or-down-august-28-5am-et,UP,6791777700662748561554896865768845768474800581889937927345344110541968706131,1756278782,2025-08-27 07:13:02,0.5
bitcoin-up-or-down-august-28-5am-et,UP,6791777700662748561554896865768845768474800581889937927345344110541968706131,1756278843,2025-08-27 07:14:03,0.5
bitcoin-up-or-down-august-28-5am-et,UP,6791777700662748561554896865768845768474800581889937927345344110541968706131,1756278910,2025-08-27 07:15:10,0.5
bitcoin-up-or-down-august-28-5am-et,UP,6791777700662748561554896865768845768474800581889937927345344110541968706131,1756278965,2025-08-27 07:16:05,0.5
bitcoin-up-or-down-august-28-5am-et,UP,6791777700662748561554896865768845768474800581889937927345344110541968706131,1756279022,2025-08-27 07:17:02,0.5
bitcoin-up-or-down-august-28-5am-et,UP,6791777700662748561554896865768845768474800581889937927345344110541968706131,1756279083,2025-08-27 07:18:03,0.5
bitcoin-up-or-down-august-28-5am-et,UP,6791777700662748561554896865768845768474800581889937927345344110541968706131,1756279143,2025-08-27 07:19:03,0.5
bitcoin-up-or-down-august-28-5am-et,UP,6791777700662748561554896865768845768474800581889937927345344110541968706131,1756279215,2025-08-27 07:20:15,0.5
bitcoin-up-or-down-august-28-5am-et,UP,6791777700662748561554896865768845768474800581889937927345344110541968706131,1756279263,2025-08-27 07:21:03,0.5
bitcoin-up-or-down-august-28-5am-et,UP,6791777700662748561554896865768845768474800581889937927345344110541968706131,1756279322,2025-08-27 07:22:02,0.5
bitcoin-up-or-down-august-28-5am-et,UP,6791777700662748561554896865768845768474800581889937927345344110541968706131,1756279382,2025-08-27 07:23:02,0.5
bitcoin-up-or-down-august-28-5am-et,UP,6791777700662748561554896865768845768474800581889937927345344110541968706131,1756279444,2025-08-27 07:24:04,0.5
bitcoin-up-or-down-august-28-5am-et,UP,6791777700662748561554896865768845768474800581889937927345344110541968706131,1756279504,2025-08-27 07:25:04,0.5
bitcoin-up-or-down-august-28-5am-et,UP,6791777700662748561554896865768845768474800581889937927345344110541968706131,1756279565,2025-08-27 07:26:05,0.5
bitcoin-up-or-down-august-28-5am-et,UP,6791777700662748561554896865768845768474800581889937927345344110541968706131,1756279623,2025-08-27 07:27:03,0.5
bitcoin-up-or-down-august-28-5am-et,UP,6791777700662748561554896865768845768474800581889937927345344110541968706131,1756279683,2025-08-27 07:28:03,0.5
bitcoin-up-or-down-august-28-5am-et,UP,6791777700662748561554896865768845768474800581889937927345344110541968706131,1756279743,2025-08-27 07:29:03,0.5
bitcoin-up-or-down-august-28-5am-et,UP,6791777700662748561554896865768845768474800581889937927345344110541968706131,1756279809,2025-08-27 07:30:09,0.5
bitcoin-up-or-down-august-28-5am-et,UP,6791777700662748561554896865768845768474800581889937927345344110541968706131,1756279862,2025-08-27 07:31:02,0.5
bitcoin-up-or-down-august-28-5am-et,UP,6791777700662748561554896865768845768474800581889937927345344110541968706131,1756279923,2025-08-27 07:32:03,0.5
bitcoin-up-or-down-august-28-5am-et,UP,6791777700662748561554896865768845768474800581889937927345344110541968706131,1756279984,2025-08-27 07:33:04,0.5
bitcoin-up-or-down-august-28-5am-et,UP,6791777700662748561554896865768845768474800581889937927345344110541968706131,1756280044,2025-08-27 07:34:04,0.5
bitcoin-up-or-down-august-28-5am-et,UP,6791777700662748561554896865768845768474800581889937927345344110541968706131,1756280104,2025-08-27 07:35:04,0.5
bitcoin-up-or-down-august-28-5am-et,UP,6791777700662748561554896865768845768474800581889937927345344110541968706131,1756280165,2025-08-27 07:36:05,0.5
bitcoin-up-or-down-august-28-5am-et,UP,6791777700662748561554896865768845768474800581889937927345344110541968706131,1756280222,2025-08-27 07:37:02,0.5
bitcoin-up-or-down-august-28-5am-et,UP,6791777700662748561554896865768845768474800581889937927345344110541968706131,1756280283,2025-08-27 07:38:03,0.5
bitcoin-up-or-down-august-28-5am-et,UP,6791777700662748561554896865768845768474800581889937927345344110541968706131,1756280343,2025-08-27 07:39:03,0.5
bitcoin-up-or-down-august-28-5am-et,UP,6791777700662748561554896865768845768474800581889937927345344110541968706131,1756280412,2025-08-27 07:40:12,0.5
bitcoin-up-or-down-august-28-5am-et,UP,6791777700662748561554896865768845768474800581889937927345344110541968706131,1756280463,2025-08-27 07:41:03,0.5
bitcoin-up-or-down-august-28-5am-et,UP,6791777700662748561554896865768845768474800581889937927345344110541968706131,1756280522,2025-08-27 07:42:02,0.5
bitcoin-up-or-down-august-28-5am-et,UP,6791777700662748561554896865768845768474800581889937927345344110541968706131,1756280582,2025-08-27 07:43:02,0.5
bitcoin-up-or-down-august-28-5am-et,UP,6791777700662748561554896865768845768474800581889937927345344110541968706131,1756280642,2025-08-27 07:44:02,0.5
bitcoin-up-or-down-august-28-5am-et,UP,6791777700662748561554896865768845768474800581889937927345344110541968706131,1756280705,2025-08-27 07:45:05,0.5
bitcoin-up-or-down-august-28-5am-et,UP,6791777700662748561554896865768845768474800581889937927345344110541968706131,1756280762,2025-08-27 07:46:02,0.5
bitcoin-up-or-down-august-28-5am-et,UP,6791777700662748561554896865768845768474800581889937927345344110541968706131,1756280823,2025-08-27 07:47:03,0.5
bitcoin-up-or-down-august-28-5am-et,UP,6791777700662748561554896865768845768474800581889937927345344110541968706131,1756280883,2025-08-27 07:48:03,0.5
bitcoin-up-or-down-august-28-5am-et,UP,6791777700662748561554896865768845768474800581889937927345344110541968706131,1756280942,2025-08-27 07:49:02,0.5
bitcoin-up-or-down-august-28-5am-et,UP,6791777700662748561554896865768845768474800581889937927345344110541968706131,1756281013,2025-08-27 07:50:13,0.5
bitcoin-up-or-down-august-28-5am-et,UP,6791777700662748561554896865768845768474800581889937927345344110541968706131,1756281063,2025-08-27 07:51:03,0.5
bitcoin-up-or-down-august-28-5am-et,UP,6791777700662748561554896865768845768474800581889937927345344110541968706131,1756281122,2025-08-27 07:52:02,0.5
bitcoin-up-or-down-august-28-5am-et,UP,6791777700662748561554896865768845768474800581889937927345344110541968706131,1756281183,2025-08-27 07:53:03,0.5
bitcoin-up-or-down-august-28-5am-et,UP,6791777700662748561554896865768845768474800581889937927345344110541968706131,1756281243,2025-08-27 07:54:03,0.5
bitcoin-up-or-down-august-28-5am-et,UP,6791777700662748561554896865768845768474800581889937927345344110541968706131,1756281307,2025-08-27 07:55:07,0.5
bitcoin-up-or-down-august-28-5am-et,UP,6791777700662748561554896865768845768474800581889937927345344110541968706131,1756281362,2025-08-27 07:56:02,0.5
bitcoin-up-or-down-august-28-5am-et,UP,6791777700662748561554896865768845768474800581889937927345344110541968706131,1756281423,2025-08-27 07:57:03,0.5
bitcoin-up-or-down-august-28-5am-et,UP,6791777700662748561554896865768845768474800581889937927345344110541968706131,1756281482,2025-08-27 07:58:02,0.5
bitcoin-up-or-down-august-28-5am-et,UP,6791777700662748561554896865768845768474800581889937927345344110541968706131,1756281543,2025-08-27 07:59:03,0.5
bitcoin-up-or-down-august-28-5am-et,UP,6791777700662748561554896865768845768474800581889937927345344110541968706131,1756281605,2025-08-27 08:00:05,0.5
bitcoin-up-or-down-august-28-5am-et,UP,6791777700662748561554896865768845768474800581889937927345344110541968706131,1756281663,2025-08-27 08:01:03,0.5
bitcoin-up-or-down-august-28-5am-et,UP,6791777700662748561554896865768845768474800581889937927345344110541968706131,1756281723,2025-08-27 08:02:03,0.5
bitcoin-up-or-down-august-28-5am-et,UP,6791777700662748561554896865768845768474800581889937927345344110541968706131,1756281782,2025-08-27 08:03:02,0.5
bitcoin-up-or-down-august-28-5am-et,UP,6791777700662748561554896865768845768474800581889937927345344110541968706131,1756281843,2025-08-27 08:04:03,0.5
bitcoin-up-or-down-august-28-5am-et,UP,6791777700662748561554896865768845768474800581889937927345344110541968706131,1756281911,2025-08-27 08:05:11,0.5
bitcoin-up-or-down-august-28-5am-et,UP,6791777700662748561554896865768845768474800581889937927345344110541968706131,1756281964,2025-08-27 08:06:04,0.5
bitcoin-up-or-down-august-28-5am-et,UP,6791777700662748561554896865768845768474800581889937927345344110541968706131,1756282023,2025-08-27 08:07:03,0.5
bitcoin-up-or-down-august-28-5am-et,UP,6791777700662748561554896865768845768474800581889937927345344110541968706131,1756282099,2025-08-27 08:08:19,0.5
bitcoin-up-or-down-august-28-5am-et,UP,6791777700662748561554896865768845768474800581889937927345344110541968706131,1756282142,2025-08-27 08:09:02,0.5
bitcoin-up-or-down-august-28-5am-et,UP,6791777700662748561554896865768845768474800581889937927345344110541968706131,1756282202,2025-08-27 08:10:02,0.5
bitcoin-up-or-down-august-28-5am-et,UP,6791777700662748561554896865768845768474800581889937927345344110541968706131,1756282263,2025-08-27 08:11:03,0.5
bitcoin-up-or-down-august-28-5am-et,UP,6791777700662748561554896865768845768474800581889937927345344110541968706131,1756282323,2025-08-27 08:12:03,0.5
bitcoin-up-or-down-august-28-5am-et,UP,6791777700662748561554896865768845768474800581889937927345344110541968706131,1756282382,2025-08-27 08:13:02,0.5
bitcoin-up-or-down-august-28-5am-et,UP,6791777700662748561554896865768845768474800581889937927345344110541968706131,1756282443,2025-08-27 08:14:03,0.5
bitcoin-up-or-down-august-28-5am-et,UP,6791777700662748561554896865768845768474800581889937927345344110541968706131,1756282502,2025-08-27 08:15:02,0.5
bitcoin-up-or-down-august-28-5am-et,UP,6791777700662748561554896865768845768474800581889937927345344110541968706131,1756282563,2025-08-27 08:16:03,0.5
bitcoin-up-or-down-august-28-5am-et,UP,6791777700662748561554896865768845768474800581889937927345344110541968706131,1756282622,2025-08-27 08:17:02,0.5
bitcoin-up-or-down-august-28-5am-et,UP,6791777700662748561554896865768845768474800581889937927345344110541968706131,1756282682,2025-08-27 08:18:02,0.5
bitcoin-up-or-down-august-28-5am-et,UP,6791777700662748561554896865768845768474800581889937927345344110541968706131,1756282742,2025-08-27 08:19:02,0.5
bitcoin-up-or-down-august-28-5am-et,UP,6791777700662748561554896865768845768474800581889937927345344110541968706131,1756282812,2025-08-27 08:20:12,0.5
bitcoin-up-or-down-august-28-5am-et,UP,6791777700662748561554896865768845768474800581889937927345344110541968706131,1756282862,2025-08-27 08:21:02,0.5
bitcoin-up-or-down-august-28-5am-et,UP,6791777700662748561554896865768845768474800581889937927345344110541968706131,1756282922,2025-08-27 08:22:02,0.5
bitcoin-up-or-down-august-28-5am-et,UP,6791777700662748561554896865768845768474800581889937927345344110541968706131,1756282983,2025-08-27 08:23:03,0.5
bitcoin-up-or-down-august-28-5am-et,UP,6791777700662748561554896865768845768474800581889937927345344110541968706131,1756283042,2025-08-27 08:24:02,0.5
bitcoin-up-or-down-august-28-5am-et,UP,6791777700662748561554896865768845768474800581889937927345344110541968706131,1756283104,2025-08-27 08:25:04,0.5
bitcoin-up-or-down-august-28-5am-et,UP,6791777700662748561554896865768845768474800581889937927345344110541968706131,1756283163,2025-08-27 08:26:03,0.5
bitcoin-up-or-down-august-28-5am-et,UP,6791777700662748561554896865768845768474800581889937927345344110541968706131,1756283224,2025-08-27 08:27:04,0.5
bitcoin-up-or-down-august-28-5am-et,UP,6791777700662748561554896865768845768474800581889937927345344110541968706131,1756283284,2025-08-27 08:28:04,0.5
bitcoin-up-or-down-august-28-5am-et,UP,6791777700662748561554896865768845768474800581889937927345344110541968706131,1756283343,2025-08-27 08:29:03,0.5
bitcoin-up-or-down-august-28-5am-et,UP,6791777700662748561554896865768845768474800581889937927345344110541968706131,1756283406,2025-08-27 08:30:06,0.5
bitcoin-up-or-down-august-28-5am-et,UP,6791777700662748561554896865768845768474800581889937927345344110541968706131,1756283463,2025-08-27 08:31:03,0.5
bitcoin-up-or-down-august-28-5am-et,UP,6791777700662748561554896865768845768474800581889937927345344110541968706131,1756283522,2025-08-27 08:32:02,0.5
bitcoin-up-or-down-august-28-5am-et,UP,6791777700662748561554896865768845768474800581889937927345344110541968706131,1756283583,2025-08-27 08:33:03,0.5
bitcoin-up-or-down-august-28-5am-et,UP,6791777700662748561554896865768845768474800581889937927345344110541968706131,1756283642,2025-08-27 08:34:02,0.5
bitcoin-up-or-down-august-28-5am-et,UP,6791777700662748561554896865768845768474800581889937927345344110541968706131,1756283703,2025-08-27 08:35:03,0.5
bitcoin-up-or-down-august-28-5am-et,UP,6791777700662748561554896865768845768474800581889937927345344110541968706131,1756283763,2025-08-27 08:36:03,0.5
bitcoin-up-or-down-august-28-5am-et,UP,6791777700662748561554896865768845768474800581889937927345344110541968706131,1756283824,2025-08-27 08:37:04,0.5
bitcoin-up-or-down-august-28-5am-et,UP,6791777700662748561554896865768845768474800581889937927345344110541968706131,1756283883,2025-08-27 08:38:03,0.5
bitcoin-up-or-down-august-28-5am-et,UP,6791777700662748561554896865768845768474800581889937927345344110541968706131,1756283943,2025-08-27 08:39:03,0.5
bitcoin-up-or-down-august-28-5am-et,UP,6791777700662748561554896865768845768474800581889937927345344110541968706131,1756284002,2025-08-27 08:40:02,0.5
bitcoin-up-or-down-august-28-5am-et,UP,6791777700662748561554896865768845768474800581889937927345344110541968706131,1756284063,2025-08-27 08:41:03,0.5
bitcoin-up-or-down-august-28-5am-et,UP,6791777700662748561554896865768845768474800581889937927345344110541968706131,1756284123,2025-08-27 08:42:03,0.5
bitcoin-up-or-down-august-28-5am-et,UP,6791777700662748561554896865768845768474800581889937927345344110541968706131,1756284183,2025-08-27 08:43:03,0.5
bitcoin-up-or-down-august-28-5am-et,UP,6791777700662748561554896865768845768474800581889937927345344110541968706131,1756284243,2025-08-27 08:44:03,0.5
bitcoin-up-or-down-august-28-5am-et,UP,6791777700662748561554896865768845768474800581889937927345344110541968706131,1756284307,2025-08-27 08:45:07,0.5
bitcoin-up-or-down-august-28-5am-et,UP,6791777700662748561554896865768845768474800581889937927345344110541968706131,1756284362,2025-08-27 08:46:02,0.5
bitcoin-up-or-down-august-28-5am-et,UP,6791777700662748561554896865768845768474800581889937927345344110541968706131,1756284423,2025-08-27 08:47:03,0.5
bitcoin-up-or-down-august-28-5am-et,UP,6791777700662748561554896865768845768474800581889937927345344110541968706131,1756284483,2025-08-27 08:48:03,0.5
bitcoin-up-or-down-august-28-5am-et,UP,6791777700662748561554896865768845768474800581889937927345344110541968706131,1756284542,2025-08-27 08:49:02,0.5
bitcoin-up-or-down-august-28-5am-et,UP,6791777700662748561554896865768845768474800581889937927345344110541968706131,1756284613,2025-08-27 08:50:13,0.5
bitcoin-up-or-down-august-28-5am-et,UP,6791777700662748561554896865768845768474800581889937927345344110541968706131,1756284663,2025-08-27 08:51:03,0.5
bitcoin-up-or-down-august-28-5am-et,UP,6791777700662748561554896865768845768474800581889937927345344110541968706131,1756284724,2025-08-27 08:52:04,0.5
bitcoin-up-or-down-august-28-5am-et,UP,6791777700662748561554896865768845768474800581889937927345344110541968706131,1756284784,2025-08-27 08:53:04,0.5
bitcoin-up-or-down-august-28-5am-et,UP,6791777700662748561554896865768845768474800581889937927345344110541968706131,1756284842,2025-08-27 08:54:02,0.5
bitcoin-up-or-down-august-28-5am-et,UP,6791777700662748561554896865768845768474800581889937927345344110541968706131,1756284904,2025-08-27 08:55:04,0.5
bitcoin-up-or-down-august-28-5am-et,UP,6791777700662748561554896865768845768474800581889937927345344110541968706131,1756284963,2025-08-27 08:56:03,0.5
bitcoin-up-or-down-august-28-5am-et,UP,6791777700662748561554896865768845768474800581889937927345344110541968706131,1756285023,2025-08-27 08:57:03,0.5
bitcoin-up-or-down-august-28-5am-et,UP,6791777700662748561554896865768845768474800581889937927345344110541968706131,1756285083,2025-08-27 08:58:03,0.5
bitcoin-up-or-down-august-28-5am-et,UP,6791777700662748561554896865768845768474800581889937927345344110541968706131,1756285142,2025-08-27 08:59:02,0.5
bitcoin-up-or-down-august-28-5am-et,UP,6791777700662748561554896865768845768474800581889937927345344110541968706131,1756285213,2025-08-27 09:00:13,0.5
bitcoin-up-or-down-august-28-5am-et,UP,6791777700662748561554896865768845768474800581889937927345344110541968706131,1756285265,2025-08-27 09:01:05,0.5
bitcoin-up-or-down-august-28-5am-et,UP,6791777700662748561554896865768845768474800581889937927345344110541968706131,1756285322,2025-08-27 09:02:02,0.5
bitcoin-up-or-down-august-28-5am-et,UP,6791777700662748561554896865768845768474800581889937927345344110541968706131,1756285403,2025-08-27 09:03:23,0.5
bitcoin-up-or-down-august-28-5am-et,UP,6791777700662748561554896865768845768474800581889937927345344110541968706131,1756285443,2025-08-27 09:04:03,0.5
bitcoin-up-or-down-august-28-5am-et,UP,6791777700662748561554896865768845768474800581889937927345344110541968706131,1756285795,2025-08-27 09:09:55,0.5
bitcoin-up-or-down-august-28-5am-et,UP,6791777700662748561554896865768845768474800581889937927345344110541968706131,1756285836,2025-08-27 09:10:36,0.5
bitcoin-up-or-down-august-28-5am-et,UP,6791777700662748561554896865768845768474800581889937927345344110541968706131,1756285862,2025-08-27 09:11:02,0.5
bitcoin-up-or-down-august-28-5am-et,UP,6791777700662748561554896865768845768474800581889937927345344110541968706131,1756285924,2025-08-27 09:12:04,0.5
bitcoin-up-or-down-august-28-5am-et,UP,6791777700662748561554896865768845768474800581889937927345344110541968706131,1756285982,2025-08-27 09:13:02,0.5
bitcoin-up-or-down-august-28-5am-et,UP,6791777700662748561554896865768845768474800581889937927345344110541968706131,1756286043,2025-08-27 09:14:03,0.5
bitcoin-up-or-down-august-28-5am-et,UP,6791777700662748561554896865768845768474800581889937927345344110541968706131,1756286103,2025-08-27 09:15:03,0.5
bitcoin-up-or-down-august-28-5am-et,UP,6791777700662748561554896865768845768474800581889937927345344110541968706131,1756286168,2025-08-27 09:16:08,0.5
bitcoin-up-or-down-august-28-5am-et,UP,6791777700662748561554896865768845768474800581889937927345344110541968706131,1756286223,2025-08-27 09:17:03,0.5
bitcoin-up-or-down-august-28-5am-et,UP,6791777700662748561554896865768845768474800581889937927345344110541968706131,1756286282,2025-08-27 09:18:02,0.5
bitcoin-up-or-down-august-28-5am-et,UP,6791777700662748561554896865768845768474800581889937927345344110541968706131,1756286343,2025-08-27 09:19:03,0.5
bitcoin-up-or-down-august-28-5am-et,UP,6791777700662748561554896865768845768474800581889937927345344110541968706131,1756286410,2025-08-27 09:20:10,0.5
bitcoin-up-or-down-august-28-5am-et,UP,6791777700662748561554896865768845768474800581889937927345344110541968706131,1756286464,2025-08-27 09:21:04,0.5
bitcoin-up-or-down-august-28-5am-et,UP,6791777700662748561554896865768845768474800581889937927345344110541968706131,1756286522,2025-08-27 09:22:02,0.5
bitcoin-up-or-down-august-28-5am-et,UP,6791777700662748561554896865768845768474800581889937927345344110541968706131,1756286582,2025-08-27 09:23:02,0.5
bitcoin-up-or-down-august-28-5am-et,UP,6791777700662748561554896865768845768474800581889937927345344110541968706131,1756286643,2025-08-27 09:24:03,0.5
bitcoin-up-or-down-august-28-5am-et,UP,6791777700662748561554896865768845768474800581889937927345344110541968706131,1756286714,2025-08-27 09:25:14,0.5
bitcoin-up-or-down-august-28-5am-et,UP,6791777700662748561554896865768845768474800581889937927345344110541968706131,1756286765,2025-08-27 09:26:05,0.5
bitcoin-up-or-down-august-28-5am-et,UP,6791777700662748561554896865768845768474800581889937927345344110541968706131,1756286822,2025-08-27 09:27:02,0.5
bitcoin-up-or-down-august-28-5am-et,UP,6791777700662748561554896865768845768474800581889937927345344110541968706131,1756286883,2025-08-27 09:28:03,0.5
bitcoin-up-or-down-august-28-5am-et,UP,6791777700662748561554896865768845768474800581889937927345344110541968706131,1756286943,2025-08-27 09:29:03,0.5
bitcoin-up-or-down-august-28-5am-et,UP,6791777700662748561554896865768845768474800581889937927345344110541968706131,1756287014,2025-08-27 09:30:14,0.5
bitcoin-up-or-down-august-28-5am-et,UP,6791777700662748561554896865768845768474800581889937927345344110541968706131,1756287063,2025-08-27 09:31:03,0.5
bitcoin-up-or-down-august-28-5am-et,UP,6791777700662748561554896865768845768474800581889937927345344110541968706131,1756287122,2025-08-27 09:32:02,0.5
bitcoin-up-or-down-august-28-5am-et,UP,6791777700662748561554896865768845768474800581889937927345344110541968706131,1756287184,2025-08-27 09:33:04,0.5
bitcoin-up-or-down-august-28-5am-et,UP,6791777700662748561554896865768845768474800581889937927345344110541968706131,1756287242,2025-08-27 09:34:02,0.5
bitcoin-up-or-down-august-28-5am-et,UP,6791777700662748561554896865768845768474800581889937927345344110541968706131,1756287306,2025-08-27 09:35:06,0.5
bitcoin-up-or-down-august-28-5am-et,UP,6791777700662748561554896865768845768474800581889937927345344110541968706131,1756287363,2025-08-27 09:36:03,0.5
bitcoin-up-or-down-august-28-5am-et,UP,6791777700662748561554896865768845768474800581889937927345344110541968706131,1756287422,2025-08-27 09:37:02,0.5
bitcoin-up-or-down-august-28-5am-et,UP,6791777700662748561554896865768845768474800581889937927345344110541968706131,1756287483,2025-08-27 09:38:03,0.5
bitcoin-up-or-down-august-28-5am-et,UP,6791777700662748561554896865768845768474800581889937927345344110541968706131,1756287544,2025-08-27 09:39:04,0.5
bitcoin-up-or-down-august-28-5am-et,UP,6791777700662748561554896865768845768474800581889937927345344110541968706131,1756287609,2025-08-27 09:40:09,0.5
bitcoin-up-or-down-august-28-5am-et,UP,6791777700662748561554896865768845768474800581889937927345344110541968706131,1756287662,2025-08-27 09:41:02,0.5
bitcoin-up-or-down-august-28-5am-et,UP,6791777700662748561554896865768845768474800581889937927345344110541968706131,1756287722,2025-08-27 09:42:02,0.5
bitcoin-up-or-down-august-28-5am-et,UP,6791777700662748561554896865768845768474800581889937927345344110541968706131,1756287783,2025-08-27 09:43:03,0.5
bitcoin-up-or-down-august-28-5am-et,UP,6791777700662748561554896865768845768474800581889937927345344110541968706131,1756287845,2025-08-27 09:44:05,0.5
bitcoin-up-or-down-august-28-5am-et,UP,6791777700662748561554896865768845768474800581889937927345344110541968706131,1756287902,2025-08-27 09:45:02,0.5
bitcoin-up-or-down-august-28-5am-et,UP,6791777700662748561554896865768845768474800581889937927345344110541968706131,1756287973,2025-08-27 09:46:13,0.5
bitcoin-up-or-down-august-28-5am-et,UP,6791777700662748561554896865768845768474800581889937927345344110541968706131,1756288023,2025-08-27 09:47:03,0.5
bitcoin-up-or-down-august-28-5am-et,UP,6791777700662748561554896865768845768474800581889937927345344110541968706131,1756288083,2025-08-27 09:48:03,0.5
bitcoin-up-or-down-august-28-5am-et,UP,6791777700662748561554896865768845768474800581889937927345344110541968706131,1756288142,2025-08-27 09:49:02,0.5
bitcoin-up-or-down-august-28-5am-et,UP,6791777700662748561554896865768845768474800581889937927345344110541968706131,1756288204,2025-08-27 09:50:04,0.5
bitcoin-up-or-down-august-28-5am-et,UP,6791777700662748561554896865768845768474800581889937927345344110541968706131,1756288268,2025-08-27 09:51:08,0.5
bitcoin-up-or-down-august-28-5am-et,UP,6791777700662748561554896865768845768474800581889937927345344110541968706131,1756288323,2025-08-27 09:52:03,0.5
bitcoin-up-or-down-august-28-5am-et,UP,6791777700662748561554896865768845768474800581889937927345344110541968706131,1756288382,2025-08-27 09:53:02,0.5
bitcoin-up-or-down-august-28-5am-et,UP,6791777700662748561554896865768845768474800581889937927345344110541968706131,1756288444,2025-08-27 09:54:04,0.5
bitcoin-up-or-down-august-28-5am-et,UP,6791777700662748561554896865768845768474800581889937927345344110541968706131,1756288503,2025-08-27 09:55:03,0.5
bitcoin-up-or-down-august-28-5am-et,UP,6791777700662748561554896865768845768474800581889937927345344110541968706131,1756288562,2025-08-27 09:56:02,0.5
bitcoin-up-or-down-august-28-5am-et,UP,6791777700662748561554896865768845768474800581889937927345344110541968706131,1756288622,2025-08-27 09:57:02,0.5
bitcoin-up-or-down-august-28-5am-et,UP,6791777700662748561554896865768845768474800581889937927345344110541968706131,1756288682,2025-08-27 09:58:02,0.5
bitcoin-up-or-down-august-28-5am-et,UP,6791777700662748561554896865768845768474800581889937927345344110541968706131,1756288742,2025-08-27 09:59:02,0.5
bitcoin-up-or-down-august-28-5am-et,UP,6791777700662748561554896865768845768474800581889937927345344110541968706131,1756288824,2025-08-27 10:00:24,0.5
bitcoin-up-or-down-august-28-5am-et,UP,6791777700662748561554896865768845768474800581889937927345344110541968706131,1756288863,2025-08-27 10:01:03,0.5
bitcoin-up-or-down-august-28-5am-et,UP,6791777700662748561554896865768845768474800581889937927345344110541968706131,1756288923,2025-08-27 10:02:03,0.5
bitcoin-up-or-down-august-28-5am-et,UP,6791777700662748561554896865768845768474800581889937927345344110541968706131,1756288983,2025-08-27 10:03:03,0.5
bitcoin-up-or-down-august-28-5am-et,UP,6791777700662748561554896865768845768474800581889937927345344110541968706131,1756289044,2025-08-27 10:04:04,0.5
bitcoin-up-or-down-august-28-5am-et,UP,6791777700662748561554896865768845768474800581889937927345344110541968706131,1756289112,2025-08-27 10:05:12,0.5
bitcoin-up-or-down-august-28-5am-et,UP,6791777700662748561554896865768845768474800581889937927345344110541968706131,1756289163,2025-08-27 10:06:03,0.5
bitcoin-up-or-down-august-28-5am-et,UP,6791777700662748561554896865768845768474800581889937927345344110541968706131,1756289224,2025-08-27 10:07:04,0.5
bitcoin-up-or-down-august-28-5am-et,UP,6791777700662748561554896865768845768474800581889937927345344110541968706131,1756289283,2025-08-27 10:08:03,0.5
bitcoin-up-or-down-august-28-5am-et,UP,6791777700662748561554896865768845768474800581889937927345344110541968706131,1756289344,2025-08-27 10:09:04,0.5
bitcoin-up-or-down-august-28-5am-et,UP,6791777700662748561554896865768845768474800581889937927345344110541968706131,1756289407,2025-08-27 10:10:07,0.5
bitcoin-up-or-down-august-28-5am-et,UP,6791777700662748561554896865768845768474800581889937927345344110541968706131,1756289465,2025-08-27 10:11:05,0.5
bitcoin-up-or-down-august-28-5am-et,UP,6791777700662748561554896865768845768474800581889937927345344110541968706131,1756289523,2025-08-27 10:12:03,0.5
bitcoin-up-or-down-august-28-5am-et,UP,6791777700662748561554896865768845768474800581889937927345344110541968706131,1756289583,2025-08-27 10:13:03,0.5
bitcoin-up-or-down-august-28-5am-et,UP,6791777700662748561554896865768845768474800581889937927345344110541968706131,1756289643,2025-08-27 10:14:03,0.5
bitcoin-up-or-down-august-28-5am-et,UP,6791777700662748561554896865768845768474800581889937927345344110541968706131,1756289709,2025-08-27 10:15:09,0.5
bitcoin-up-or-down-august-28-5am-et,UP,6791777700662748561554896865768845768474800581889937927345344110541968706131,1756289764,2025-08-27 10:16:04,0.5
bitcoin-up-or-down-august-28-5am-et,UP,6791777700662748561554896865768845768474800581889937927345344110541968706131,1756289822,2025-08-27 10:17:02,0.5
bitcoin-up-or-down-august-28-5am-et,UP,6791777700662748561554896865768845768474800581889937927345344110541968706131,1756289884,2025-08-27 10:18:04,0.5
bitcoin-up-or-down-august-28-5am-et,UP,6791777700662748561554896865768845768474800581889937927345344110541968706131,1756289944,2025-08-27 10:19:04,0.5
bitcoin-up-or-down-august-28-5am-et,UP,6791777700662748561554896865768845768474800581889937927345344110541968706131,1756290012,2025-08-27 10:20:12,0.5
bitcoin-up-or-down-august-28-5am-et,UP,6791777700662748561554896865768845768474800581889937927345344110541968706131,1756290063,2025-08-27 10:21:03,0.5
bitcoin-up-or-down-august-28-5am-et,UP,6791777700662748561554896865768845768474800581889937927345344110541968706131,1756290124,2025-08-27 10:22:04,0.5
bitcoin-up-or-down-august-28-5am-et,UP,6791777700662748561554896865768845768474800581889937927345344110541968706131,1756290183,2025-08-27 10:23:03,0.5
bitcoin-up-or-down-august-28-5am-et,UP,6791777700662748561554896865768845768474800581889937927345344110541968706131,1756290242,2025-08-27 10:24:02,0.5
bitcoin-up-or-down-august-28-5am-et,UP,6791777700662748561554896865768845768474800581889937927345344110541968706131,1756290304,2025-08-27 10:25:04,0.5
bitcoin-up-or-down-august-28-5am-et,UP,6791777700662748561554896865768845768474800581889937927345344110541968706131,1756290362,2025-08-27 10:26:02,0.5
bitcoin-up-or-down-august-28-5am-et,UP,6791777700662748561554896865768845768474800581889937927345344110541968706131,1756290424,2025-08-27 10:27:04,0.5
bitcoin-up-or-down-august-28-5am-et,UP,6791777700662748561554896865768845768474800581889937927345344110541968706131,1756290484,2025-08-27 10:28:04,0.5
bitcoin-up-or-down-august-28-5am-et,UP,6791777700662748561554896865768845768474800581889937927345344110541968706131,1756290542,2025-08-27 10:29:02,0.5
bitcoin-up-or-down-august-28-5am-et,UP,6791777700662748561554896865768845768474800581889937927345344110541968706131,1756290605,2025-08-27 10:30:05,0.5
bitcoin-up-or-down-august-28-5am-et,UP,6791777700662748561554896865768845768474800581889937927345344110541968706131,1756290665,2025-08-27 10:31:05,0.5
bitcoin-up-or-down-august-28-5am-et,UP,6791777700662748561554896865768845768474800581889937927345344110541968706131,1756290723,2025-08-27 10:32:03,0.5
bitcoin-up-or-down-august-28-5am-et,UP,6791777700662748561554896865768845768474800581889937927345344110541968706131,1756290783,2025-08-27 10:33:03,0.5
bitcoin-up-or-down-august-28-5am-et,UP,6791777700662748561554896865768845768474800581889937927345344110541968706131,1756290843,2025-08-27 10:34:03,0.5
bitcoin-up-or-down-august-28-5am-et,UP,6791777700662748561554896865768845768474800581889937927345344110541968706131,1756290907,2025-08-27 10:35:07,0.5
bitcoin-up-or-down-august-28-5am-et,UP,6791777700662748561554896865768845768474800581889937927345344110541968706131,1756290963,2025-08-27 10:36:03,0.5
bitcoin-up-or-down-august-28-5am-et,UP,6791777700662748561554896865768845768474800581889937927345344110541968706131,1756291022,2025-08-27 10:37:02,0.5
bitcoin-up-or-down-august-28-5am-et,UP,6791777700662748561554896865768845768474800581889937927345344110541968706131,1756291083,2025-08-27 10:38:03,0.5
bitcoin-up-or-down-august-28-5am-et,UP,6791777700662748561554896865768845768474800581889937927345344110541968706131,1756291143,2025-08-27 10:39:03,0.5
bitcoin-up-or-down-august-28-5am-et,UP,6791777700662748561554896865768845768474800581889937927345344110541968706131,1756291203,2025-08-27 10:40:03,0.5
bitcoin-up-or-down-august-28-5am-et,UP,6791777700662748561554896865768845768474800581889937927345344110541968706131,1756291262,2025-08-27 10:41:02,0.5
bitcoin-up-or-down-august-28-5am-et,UP,6791777700662748561554896865768845768474800581889937927345344110541968706131,1756291322,2025-08-27 10:42:02,0.5
bitcoin-up-or-down-august-28-5am-et,UP,6791777700662748561554896865768845768474800581889937927345344110541968706131,1756291382,2025-08-27 10:43:02,0.5
bitcoin-up-or-down-august-28-5am-et,UP,6791777700662748561554896865768845768474800581889937927345344110541968706131,1756291443,2025-08-27 10:44:03,0.5
bitcoin-up-or-down-august-28-5am-et,UP,6791777700662748561554896865768845768474800581889937927345344110541968706131,1756291505,2025-08-27 10:45:05,0.5
bitcoin-up-or-down-august-28-5am-et,UP,6791777700662748561554896865768845768474800581889937927345344110541968706131,1756291563,2025-08-27 10:46:03,0.5
bitcoin-up-or-down-august-28-5am-et,UP,6791777700662748561554896865768845768474800581889937927345344110541968706131,1756291623,2025-08-27 10:47:03,0.5
bitcoin-up-or-down-august-28-5am-et,UP,6791777700662748561554896865768845768474800581889937927345344110541968706131,1756291683,2025-08-27 10:48:03,0.5
bitcoin-up-or-down-august-28-5am-et,UP,6791777700662748561554896865768845768474800581889937927345344110541968706131,1756291743,2025-08-27 10:49:03,0.5
bitcoin-up-or-down-august-28-5am-et,UP,6791777700662748561554896865768845768474800581889937927345344110541968706131,1756291812,2025-08-27 10:50:12,0.5
bitcoin-up-or-down-august-28-5am-et,UP,6791777700662748561554896865768845768474800581889937927345344110541968706131,1756291863,2025-08-27 10:51:03,0.5
bitcoin-up-or-down-august-28-5am-et,UP,6791777700662748561554896865768845768474800581889937927345344110541968706131,1756291922,2025-08-27 10:52:02,0.5
bitcoin-up-or-down-august-28-5am-et,UP,6791777700662748561554896865768845768474800581889937927345344110541968706131,1756291983,2025-08-27 10:53:03,0.5
bitcoin-up-or-down-august-28-5am-et,UP,6791777700662748561554896865768845768474800581889937927345344110541968706131,1756292042,2025-08-27 10:54:02,0.5
bitcoin-up-or-down-august-28-5am-et,UP,6791777700662748561554896865768845768474800581889937927345344110541968706131,1756292110,2025-08-27 10:55:10,0.5
bitcoin-up-or-down-august-28-5am-et,UP,6791777700662748561554896865768845768474800581889937927345344110541968706131,1756292162,2025-08-27 10:56:02,0.5
bitcoin-up-or-down-august-28-5am-et,UP,6791777700662748561554896865768845768474800581889937927345344110541968706131,1756292224,2025-08-27 10:57:04,0.5
bitcoin-up-or-down-august-28-5am-et,UP,6791777700662748561554896865768845768474800581889937927345344110541968706131,1756292283,2025-08-27 10:58:03,0.5
bitcoin-up-or-down-august-28-5am-et,UP,6791777700662748561554896865768845768474800581889937927345344110541968706131,1756292343,2025-08-27 10:59:03,0.5
bitcoin-up-or-down-august-28-5am-et,UP,6791777700662748561554896865768845768474800581889937927345344110541968706131,1756292412,2025-08-27 11:00:12,0.5
bitcoin-up-or-down-august-28-5am-et,UP,6791777700662748561554896865768845768474800581889937927345344110541968706131,1756292462,2025-08-27 11:01:02,0.5
bitcoin-up-or-down-august-28-5am-et,UP,6791777700662748561554896865768845768474800581889937927345344110541968706131,1756292523,2025-08-27 11:02:03,0.5
bitcoin-up-or-down-august-28-5am-et,UP,6791777700662748561554896865768845768474800581889937927345344110541968706131,1756292584,2025-08-27 11:03:04,0.5
bitcoin-up-or-down-august-28-5am-et,UP,6791777700662748561554896865768845768474800581889937927345344110541968706131,1756292642,2025-08-27 11:04:02,0.5
bitcoin-up-or-down-august-28-5am-et,UP,6791777700662748561554896865768845768474800581889937927345344110541968706131,1756292707,2025-08-27 11:05:07,0.5
bitcoin-up-or-down-august-28-5am-et,UP,6791777700662748561554896865768845768474800581889937927345344110541968706131,1756292764,2025-08-27 11:06:04,0.5
bitcoin-up-or-down-august-28-5am-et,UP,6791777700662748561554896865768845768474800581889937927345344110541968706131,1756292822,2025-08-27 11:07:02,0.5
bitcoin-up-or-down-august-28-5am-et,UP,6791777700662748561554896865768845768474800581889937927345344110541968706131,1756292882,2025-08-27 11:08:02,0.5
bitcoin-up-or-down-august-28-5am-et,UP,6791777700662748561554896865768845768474800581889937927345344110541968706131,1756292944,2025-08-27 11:09:04,0.5
bitcoin-up-or-down-august-28-5am-et,UP,6791777700662748561554896865768845768474800581889937927345344110541968706131,1756293011,2025-08-27 11:10:11,0.5
bitcoin-up-or-down-august-28-5am-et,UP,6791777700662748561554896865768845768474800581889937927345344110541968706131,1756293063,2025-08-27 11:11:03,0.5
bitcoin-up-or-down-august-28-5am-et,UP,6791777700662748561554896865768845768474800581889937927345344110541968706131,1756293124,2025-08-27 11:12:04,0.5
bitcoin-up-or-down-august-28-5am-et,UP,6791777700662748561554896865768845768474800581889937927345344110541968706131,1756293182,2025-08-27 11:13:02,0.5
bitcoin-up-or-down-august-28-5am-et,UP,6791777700662748561554896865768845768474800581889937927345344110541968706131,1756293242,2025-08-27 11:14:02,0.5
bitcoin-up-or-down-august-28-5am-et,UP,6791777700662748561554896865768845768474800581889937927345344110541968706131,1756293306,2025-08-27 11:15:06,0.5
bitcoin-up-or-down-august-28-5am-et,UP,6791777700662748561554896865768845768474800581889937927345344110541968706131,1756293362,2025-08-27 11:16:02,0.5
bitcoin-up-or-down-august-28-5am-et,UP,6791777700662748561554896865768845768474800581889937927345344110541968706131,1756293424,2025-08-27 11:17:04,0.5
bitcoin-up-or-down-august-28-5am-et,UP,6791777700662748561554896865768845768474800581889937927345344110541968706131,1756293482,2025-08-27 11:18:02,0.5
bitcoin-up-or-down-august-28-5am-et,UP,6791777700662748561554896865768845768474800581889937927345344110541968706131,1756293543,2025-08-27 11:19:03,0.5
bitcoin-up-or-down-august-28-5am-et,UP,6791777700662748561554896865768845768474800581889937927345344110541968706131,1756293602,2025-08-27 11:20:02,0.5
bitcoin-up-or-down-august-28-5am-et,UP,6791777700662748561554896865768845768474800581889937927345344110541968706131,1756293662,2025-08-27 11:21:02,0.5
bitcoin-up-or-down-august-28-5am-et,UP,6791777700662748561554896865768845768474800581889937927345344110541968706131,1756293724,2025-08-27 11:22:04,0.5
bitcoin-up-or-down-august-28-5am-et,UP,6791777700662748561554896865768845768474800581889937927345344110541968706131,1756293783,2025-08-27 11:23:03,0.5
bitcoin-up-or-down-august-28-5am-et,UP,6791777700662748561554896865768845768474800581889937927345344110541968706131,1756293843,2025-08-27 11:24:03,0.5
bitcoin-up-or-down-august-28-5am-et,UP,6791777700662748561554896865768845768474800581889937927345344110541968706131,1756293914,2025-08-27 11:25:14,0.5
bitcoin-up-or-down-august-28-5am-et,UP,6791777700662748561554896865768845768474800581889937927345344110541968706131,1756293963,2025-08-27 11:26:03,0.5
bitcoin-up-or-down-august-28-5am-et,UP,6791777700662748561554896865768845768474800581889937927345344110541968706131,1756294023,2025-08-27 11:27:03,0.5
bitcoin-up-or-down-august-28-5am-et,UP,6791777700662748561554896865768845768474800581889937927345344110541968706131,1756294083,2025-08-27 11:28:03,0.5
bitcoin-up-or-down-august-28-5am-et,UP,6791777700662748561554896865768845768474800581889937927345344110541968706131,1756294142,2025-08-27 11:29:02,0.5
bitcoin-up-or-down-august-28-5am-et,UP,6791777700662748561554896865768845768474800581889937927345344110541968706131,1756294226,2025-08-27 11:30:26,0.5
bitcoin-up-or-down-august-28-5am-et,UP,6791777700662748561554896865768845768474800581889937927345344110541968706131,1756294264,2025-08-27 11:31:04,0.5
bitcoin-up-or-down-august-28-5am-et,UP,6791777700662748561554896865768845768474800581889937927345344110541968706131,1756294323,2025-08-27 11:32:03,0.5
bitcoin-up-or-down-august-28-5am-et,UP,6791777700662748561554896865768845768474800581889937927345344110541968706131,1756294382,2025-08-27 11:33:02,0.5
bitcoin-up-or-down-august-28-5am-et,UP,6791777700662748561554896865768845768474800581889937927345344110541968706131,1756294443,2025-08-27 11:34:03,0.5
bitcoin-up-or-down-august-28-5am-et,UP,6791777700662748561554896865768845768474800581889937927345344110541968706131,1756294504,2025-08-27 11:35:04,0.5
bitcoin-up-or-down-august-28-5am-et,UP,6791777700662748561554896865768845768474800581889937927345344110541968706131,1756294564,2025-08-27 11:36:04,0.5
bitcoin-up-or-down-august-28-5am-et,UP,6791777700662748561554896865768845768474800581889937927345344110541968706131,1756294622,2025-08-27 11:37:02,0.5
bitcoin-up-or-down-august-28-5am-et,UP,6791777700662748561554896865768845768474800581889937927345344110541968706131,1756294683,2025-08-27 11:38:03,0.5
bitcoin-up-or-down-august-28-5am-et,UP,6791777700662748561554896865768845768474800581889937927345344110541968706131,1756294743,2025-08-27 11:39:03,0.5
bitcoin-up-or-down-august-28-5am-et,UP,6791777700662748561554896865768845768474800581889937927345344110541968706131,1756294814,2025-08-27 11:40:14,0.5
bitcoin-up-or-down-august-28-5am-et,UP,6791777700662748561554896865768845768474800581889937927345344110541968706131,1756294863,2025-08-27 11:41:03,0.5
bitcoin-up-or-down-august-28-5am-et,UP,6791777700662748561554896865768845768474800581889937927345344110541968706131,1756294923,2025-08-27 11:42:03,0.5
bitcoin-up-or-down-august-28-5am-et,UP,6791777700662748561554896865768845768474800581889937927345344110541968706131,1756294982,2025-08-27 11:43:02,0.5
bitcoin-up-or-down-august-28-5am-et,UP,6791777700662748561554896865768845768474800581889937927345344110541968706131,1756295044,2025-08-27 11:44:04,0.5
bitcoin-up-or-down-august-28-5am-et,UP,6791777700662748561554896865768845768474800581889937927345344110541968706131,1756295104,2025-08-27 11:45:04,0.5
bitcoin-up-or-down-august-28-5am-et,UP,6791777700662748561554896865768845768474800581889937927345344110541968706131,1756295163,2025-08-27 11:46:03,0.5
bitcoin-up-or-down-august-28-5am-et,UP,6791777700662748561554896865768845768474800581889937927345344110541968706131,1756295222,2025-08-27 11:47:02,0.5
bitcoin-up-or-down-august-28-5am-et,UP,6791777700662748561554896865768845768474800581889937927345344110541968706131,1756295284,2025-08-27 11:48:04,0.5
bitcoin-up-or-down-august-28-5am-et,UP,6791777700662748561554896865768845768474800581889937927345344110541968706131,1756295343,2025-08-27 11:49:03,0.5
bitcoin-up-or-down-august-28-5am-et,UP,6791777700662748561554896865768845768474800581889937927345344110541968706131,1756295407,2025-08-27 11:50:07,0.5
bitcoin-up-or-down-august-28-5am-et,UP,6791777700662748561554896865768845768474800581889937927345344110541968706131,1756295463,2025-08-27 11:51:03,0.5
bitcoin-up-or-down-august-28-5am-et,UP,6791777700662748561554896865768845768474800581889937927345344110541968706131,1756295523,2025-08-27 11:52:03,0.5
bitcoin-up-or-down-august-28-5am-et,UP,6791777700662748561554896865768845768474800581889937927345344110541968706131,1756295582,2025-08-27 11:53:02,0.5
bitcoin-up-or-down-august-28-5am-et,UP,6791777700662748561554896865768845768474800581889937927345344110541968706131,1756295643,2025-08-27 11:54:03,0.5
bitcoin-up-or-down-august-28-5am-et,UP,6791777700662748561554896865768845768474800581889937927345344110541968706131,1756295709,2025-08-27 11:55:09,0.5
bitcoin-up-or-down-august-28-5am-et,UP,6791777700662748561554896865768845768474800581889937927345344110541968706131,1756295763,2025-08-27 11:56:03,0.5
bitcoin-up-or-down-august-28-5am-et,UP,6791777700662748561554896865768845768474800581889937927345344110541968706131,1756295822,2025-08-27 11:57:02,0.5
bitcoin-up-or-down-august-28-5am-et,UP,6791777700662748561554896865768845768474800581889937927345344110541968706131,1756295882,2025-08-27 11:58:02,0.5
bitcoin-up-or-down-august-28-5am-et,UP,6791777700662748561554896865768845768474800581889937927345344110541968706131,1756295942,2025-08-27 11:59:02,0.5
bitcoin-up-or-down-august-28-5am-et,UP,6791777700662748561554896865768845768474800581889937927345344110541968706131,1756296016,2025-08-27 12:00:16,0.5
bitcoin-up-or-down-august-28-5am-et,UP,6791777700662748561554896865768845768474800581889937927345344110541968706131,1756296063,2025-08-27 12:01:03,0.5
bitcoin-up-or-down-august-28-5am-et,UP,6791777700662748561554896865768845768474800581889937927345344110541968706131,1756296123,2025-08-27 12:02:03,0.5
bitcoin-up-or-down-august-28-5am-et,UP,6791777700662748561554896865768845768474800581889937927345344110541968706131,1756296182,2025-08-27 12:03:02,0.5
bitcoin-up-or-down-august-28-5am-et,UP,6791777700662748561554896865768845768474800581889937927345344110541968706131,1756296243,2025-08-27 12:04:03,0.5
bitcoin-up-or-down-august-28-5am-et,UP,6791777700662748561554896865768845768474800581889937927345344110541968706131,1756296302,2025-08-27 12:05:02,0.5
bitcoin-up-or-down-august-28-5am-et,UP,6791777700662748561554896865768845768474800581889937927345344110541968706131,1756296363,2025-08-27 12:06:03,0.5
bitcoin-up-or-down-august-28-5am-et,UP,6791777700662748561554896865768845768474800581889937927345344110541968706131,1756296423,2025-08-27 12:07:03,0.5
bitcoin-up-or-down-august-28-5am-et,UP,6791777700662748561554896865768845768474800581889937927345344110541968706131,1756296484,2025-08-27 12:08:04,0.5
bitcoin-up-or-down-august-28-5am-et,UP,6791777700662748561554896865768845768474800581889937927345344110541968706131,1756296544,2025-08-27 12:09:04,0.5
bitcoin-up-or-down-august-28-5am-et,UP,6791777700662748561554896865768845768474800581889937927345344110541968706131,1756296611,2025-08-27 12:10:11,0.5
bitcoin-up-or-down-august-28-5am-et,UP,6791777700662748561554896865768845768474800581889937927345344110541968706131,1756296663,2025-08-27 12:11:03,0.5
bitcoin-up-or-down-august-28-5am-et,UP,6791777700662748561554896865768845768474800581889937927345344110541968706131,1756296725,2025-08-27 12:12:05,0.5
bitcoin-up-or-down-august-28-5am-et,UP,6791777700662748561554896865768845768474800581889937927345344110541968706131,1756296783,2025-08-27 12:13:03,0.5
bitcoin-up-or-down-august-28-5am-et,UP,6791777700662748561554896865768845768474800581889937927345344110541968706131,1756296843,2025-08-27 12:14:03,0.5
bitcoin-up-or-down-august-28-5am-et,UP,6791777700662748561554896865768845768474800581889937927345344110541968706131,1756296913,2025-08-27 12:15:13,0.5
bitcoin-up-or-down-august-28-5am-et,UP,6791777700662748561554896865768845768474800581889937927345344110541968706131,1756296963,2025-08-27 12:16:03,0.5
bitcoin-up-or-down-august-28-5am-et,UP,6791777700662748561554896865768845768474800581889937927345344110541968706131,1756297023,2025-08-27 12:17:03,0.5
bitcoin-up-or-down-august-28-5am-et,UP,6791777700662748561554896865768845768474800581889937927345344110541968706131,1756297082,2025-08-27 12:18:02,0.5
bitcoin-up-or-down-august-28-5am-et,UP,6791777700662748561554896865768845768474800581889937927345344110541968706131,1756297143,2025-08-27 12:19:03,0.5
bitcoin-up-or-down-august-28-5am-et,UP,6791777700662748561554896865768845768474800581889937927345344110541968706131,1756297209,2025-08-27 12:20:09,0.5
bitcoin-up-or-down-august-28-5am-et,UP,6791777700662748561554896865768845768474800581889937927345344110541968706131,1756297263,2025-08-27 12:21:03,0.5
bitcoin-up-or-down-august-28-5am-et,UP,6791777700662748561554896865768845768474800581889937927345344110541968706131,1756297323,2025-08-27 12:22:03,0.5
bitcoin-up-or-down-august-28-5am-et,UP,6791777700662748561554896865768845768474800581889937927345344110541968706131,1756297383,2025-08-27 12:23:03,0.5
bitcoin-up-or-down-august-28-5am-et,UP,6791777700662748561554896865768845768474800581889937927345344110541968706131,1756297443,2025-08-27 12:24:03,0.5
bitcoin-up-or-down-august-28-5am-et,UP,6791777700662748561554896865768845768474800581889937927345344110541968706131,1756297502,2025-08-27 12:25:02,0.5
bitcoin-up-or-down-august-28-5am-et,UP,6791777700662748561554896865768845768474800581889937927345344110541968706131,1756297563,2025-08-27 12:26:03,0.5
bitcoin-up-or-down-august-28-5am-et,UP,6791777700662748561554896865768845768474800581889937927345344110541968706131,1756297622,2025-08-27 12:27:02,0.5
bitcoin-up-or-down-august-28-5am-et,UP,6791777700662748561554896865768845768474800581889937927345344110541968706131,1756297683,2025-08-27 12:28:03,0.5
bitcoin-up-or-down-august-28-5am-et,UP,6791777700662748561554896865768845768474800581889937927345344110541968706131,1756297742,2025-08-27 12:29:02,0.5
bitcoin-up-or-down-august-28-5am-et,UP,6791777700662748561554896865768845768474800581889937927345344110541968706131,1756297806,2025-08-27 12:30:06,0.5
bitcoin-up-or-down-august-28-5am-et,UP,6791777700662748561554896865768845768474800581889937927345344110541968706131,1756297863,2025-08-27 12:31:03,0.5
bitcoin-up-or-down-august-28-5am-et,UP,6791777700662748561554896865768845768474800581889937927345344110541968706131,1756297924,2025-08-27 12:32:04,0.5
bitcoin-up-or-down-august-28-5am-et,UP,6791777700662748561554896865768845768474800581889937927345344110541968706131,1756297982,2025-08-27 12:33:02,0.5
bitcoin-up-or-down-august-28-5am-et,UP,6791777700662748561554896865768845768474800581889937927345344110541968706131,1756298043,2025-08-27 12:34:03,0.5
bitcoin-up-or-down-august-28-5am-et,UP,6791777700662748561554896865768845768474800581889937927345344110541968706131,1756298110,2025-08-27 12:35:10,0.5
bitcoin-up-or-down-august-28-5am-et,UP,6791777700662748561554896865768845768474800581889937927345344110541968706131,1756298165,2025-08-27 12:36:05,0.5
bitcoin-up-or-down-august-28-5am-et,UP,6791777700662748561554896865768845768474800581889937927345344110541968706131,1756298224,2025-08-27 12:37:04,0.5
bitcoin-up-or-down-august-28-5am-et,UP,6791777700662748561554896865768845768474800581889937927345344110541968706131,1756298283,2025-08-27 12:38:03,0.5
bitcoin-up-or-down-august-28-5am-et,UP,6791777700662748561554896865768845768474800581889937927345344110541968706131,1756298343,2025-08-27 12:39:03,0.5
bitcoin-up-or-down-august-28-5am-et,UP,6791777700662748561554896865768845768474800581889937927345344110541968706131,1756298402,2025-08-27 12:40:02,0.5
bitcoin-up-or-down-august-28-5am-et,UP,6791777700662748561554896865768845768474800581889937927345344110541968706131,1756298463,2025-08-27 12:41:03,0.5
bitcoin-up-or-down-august-28-5am-et,UP,6791777700662748561554896865768845768474800581889937927345344110541968706131,1756298522,2025-08-27 12:42:02,0.5
bitcoin-up-or-down-august-28-5am-et,UP,6791777700662748561554896865768845768474800581889937927345344110541968706131,1756298582,2025-08-27 12:43:02,0.5
bitcoin-up-or-down-august-28-5am-et,UP,6791777700662748561554896865768845768474800581889937927345344110541968706131,1756298643,2025-08-27 12:44:03,0.5
bitcoin-up-or-down-august-28-5am-et,UP,6791777700662748561554896865768845768474800581889937927345344110541968706131,1756298706,2025-08-27 12:45:06,0.5
bitcoin-up-or-down-august-28-5am-et,UP,6791777700662748561554896865768845768474800581889937927345344110541968706131,1756298764,2025-08-27 12:46:04,0.5
bitcoin-up-or-down-august-28-5am-et,UP,6791777700662748561554896865768845768474800581889937927345344110541968706131,1756298823,2025-08-27 12:47:03,0.5
bitcoin-up-or-down-august-28-5am-et,UP,6791777700662748561554896865768845768474800581889937927345344110541968706131,1756298882,2025-08-27 12:48:02,0.5
bitcoin-up-or-down-august-28-5am-et,UP,6791777700662748561554896865768845768474800581889937927345344110541968706131,1756298942,2025-08-27 12:49:02,0.5
bitcoin-up-or-down-august-28-5am-et,UP,6791777700662748561554896865768845768474800581889937927345344110541968706131,1756299003,2025-08-27 12:50:03,0.5
bitcoin-up-or-down-august-28-5am-et,UP,6791777700662748561554896865768845768474800581889937927345344110541968706131,1756299063,2025-08-27 12:51:03,0.5
bitcoin-up-or-down-august-28-5am-et,UP,6791777700662748561554896865768845768474800581889937927345344110541968706131,1756299123,2025-08-27 12:52:03,0.5
bitcoin-up-or-down-august-28-5am-et,UP,6791777700662748561554896865768845768474800581889937927345344110541968706131,1756299183,2025-08-27 12:53:03,0.5
bitcoin-up-or-down-august-28-5am-et,UP,6791777700662748561554896865768845768474800581889937927345344110541968706131,1756299242,2025-08-27 12:54:02,0.5
bitcoin-up-or-down-august-28-5am-et,UP,6791777700662748561554896865768845768474800581889937927345344110541968706131,1756299314,2025-08-27 12:55:14,0.5
bitcoin-up-or-down-august-28-5am-et,UP,6791777700662748561554896865768845768474800581889937927345344110541968706131,1756299364,2025-08-27 12:56:04,0.5
bitcoin-up-or-down-august-28-5am-et,UP,6791777700662748561554896865768845768474800581889937927345344110541968706131,1756299423,2025-08-27 12:57:03,0.5
bitcoin-up-or-down-august-28-5am-et,UP,6791777700662748561554896865768845768474800581889937927345344110541968706131,1756299482,2025-08-27 12:58:02,0.5
bitcoin-up-or-down-august-28-5am-et,UP,6791777700662748561554896865768845768474800581889937927345344110541968706131,1756299542,2025-08-27 12:59:02,0.5
bitcoin-up-or-down-august-28-5am-et,UP,6791777700662748561554896865768845768474800581889937927345344110541968706131,1756299609,2025-08-27 13:00:09,0.5
bitcoin-up-or-down-august-28-5am-et,UP,6791777700662748561554896865768845768474800581889937927345344110541968706131,1756299663,2025-08-27 13:01:03,0.5
bitcoin-up-or-down-august-28-5am-et,UP,6791777700662748561554896865768845768474800581889937927345344110541968706131,1756299722,2025-08-27 13:02:02,0.5
bitcoin-up-or-down-august-28-5am-et,UP,6791777700662748561554896865768845768474800581889937927345344110541968706131,1756299784,2025-08-27 13:03:04,0.5
bitcoin-up-or-down-august-28-5am-et,UP,6791777700662748561554896865768845768474800581889937927345344110541968706131,1756299843,2025-08-27 13:04:03,0.5
bitcoin-up-or-down-august-28-5am-et,UP,6791777700662748561554896865768845768474800581889937927345344110541968706131,1756299904,2025-08-27 13:05:04,0.5
bitcoin-up-or-down-august-28-5am-et,UP,6791777700662748561554896865768845768474800581889937927345344110541968706131,1756299965,2025-08-27 13:06:05,0.5
bitcoin-up-or-down-august-28-5am-et,UP,6791777700662748561554896865768845768474800581889937927345344110541968706131,1756300023,2025-08-27 13:07:03,0.5
bitcoin-up-or-down-august-28-5am-et,UP,6791777700662748561554896865768845768474800581889937927345344110541968706131,1756300084,2025-08-27 13:08:04,0.5
bitcoin-up-or-down-august-28-5am-et,UP,6791777700662748561554896865768845768474800581889937927345344110541968706131,1756300143,2025-08-27 13:09:03,0.5
bitcoin-up-or-down-august-28-5am-et,UP,6791777700662748561554896865768845768474800581889937927345344110541968706131,1756300204,2025-08-27 13:10:04,0.5
bitcoin-up-or-down-august-28-5am-et,UP,6791777700662748561554896865768845768474800581889937927345344110541968706131,1756300263,2025-08-27 13:11:03,0.5
bitcoin-up-or-down-august-28-5am-et,UP,6791777700662748561554896865768845768474800581889937927345344110541968706131,1756300322,2025-08-27 13:12:02,0.5
bitcoin-up-or-down-august-28-5am-et,UP,6791777700662748561554896865768845768474800581889937927345344110541968706131,1756300383,2025-08-27 13:13:03,0.5
bitcoin-up-or-down-august-28-5am-et,UP,6791777700662748561554896865768845768474800581889937927345344110541968706131,1756300442,2025-08-27 13:14:02,0.5
bitcoin-up-or-down-august-28-5am-et,UP,6791777700662748561554896865768845768474800581889937927345344110541968706131,1756300515,2025-08-27 13:15:15,0.5
bitcoin-up-or-down-august-28-5am-et,UP,6791777700662748561554896865768845768474800581889937927345344110541968706131,1756300562,2025-08-27 13:16:02,0.5
bitcoin-up-or-down-august-28-5am-et,UP,6791777700662748561554896865768845768474800581889937927345344110541968706131,1756300623,2025-08-27 13:17:03,0.5
bitcoin-up-or-down-august-28-5am-et,UP,6791777700662748561554896865768845768474800581889937927345344110541968706131,1756300683,2025-08-27 13:18:03,0.5
bitcoin-up-or-down-august-28-5am-et,UP,6791777700662748561554896865768845768474800581889937927345344110541968706131,1756300743,2025-08-27 13:19:03,0.5
bitcoin-up-or-down-august-28-5am-et,UP,6791777700662748561554896865768845768474800581889937927345344110541968706131,1756300813,2025-08-27 13:20:13,0.5
bitcoin-up-or-down-august-28-5am-et,UP,6791777700662748561554896865768845768474800581889937927345344110541968706131,1756300862,2025-08-27 13:21:02,0.5
bitcoin-up-or-down-august-28-5am-et,UP,6791777700662748561554896865768845768474800581889937927345344110541968706131,1756300922,2025-08-27 13:22:02,0.5
bitcoin-up-or-down-august-28-5am-et,UP,6791777700662748561554896865768845768474800581889937927345344110541968706131,1756300984,2025-08-27 13:23:04,0.5
bitcoin-up-or-down-august-28-5am-et,UP,6791777700662748561554896865768845768474800581889937927345344110541968706131,1756301043,2025-08-27 13:24:03,0.5
bitcoin-up-or-down-august-28-5am-et,UP,6791777700662748561554896865768845768474800581889937927345344110541968706131,1756301104,2025-08-27 13:25:04,0.5
bitcoin-up-or-down-august-28-5am-et,UP,6791777700662748561554896865768845768474800581889937927345344110541968706131,1756301164,2025-08-27 13:26:04,0.5
bitcoin-up-or-down-august-28-5am-et,UP,6791777700662748561554896865768845768474800581889937927345344110541968706131,1756301222,2025-08-27 13:27:02,0.5
bitcoin-up-or-down-august-28-5am-et,UP,6791777700662748561554896865768845768474800581889937927345344110541968706131,1756301283,2025-08-27 13:28:03,0.5
bitcoin-up-or-down-august-28-5am-et,UP,6791777700662748561554896865768845768474800581889937927345344110541968706131,1756301343,2025-08-27 13:29:03,0.5
bitcoin-up-or-down-august-28-5am-et,UP,6791777700662748561554896865768845768474800581889937927345344110541968706131,1756301412,2025-08-27 13:30:12,0.5
bitcoin-up-or-down-august-28-5am-et,UP,6791777700662748561554896865768845768474800581889937927345344110541968706131,1756301462,2025-08-27 13:31:02,0.5
bitcoin-up-or-down-august-28-5am-et,UP,6791777700662748561554896865768845768474800581889937927345344110541968706131,1756301524,2025-08-27 13:32:04,0.5
bitcoin-up-or-down-august-28-5am-et,UP,6791777700662748561554896865768845768474800581889937927345344110541968706131,1756301582,2025-08-27 13:33:02,0.5
bitcoin-up-or-down-august-28-5am-et,UP,6791777700662748561554896865768845768474800581889937927345344110541968706131,1756301643,2025-08-27 13:34:03,0.5
bitcoin-up-or-down-august-28-5am-et,UP,6791777700662748561554896865768845768474800581889937927345344110541968706131,1756301702,2025-08-27 13:35:02,0.5
bitcoin-up-or-down-august-28-5am-et,UP,6791777700662748561554896865768845768474800581889937927345344110541968706131,1756301764,2025-08-27 13:36:04,0.5
bitcoin-up-or-down-august-28-5am-et,UP,6791777700662748561554896865768845768474800581889937927345344110541968706131,1756301822,2025-08-27 13:37:02,0.5
bitcoin-up-or-down-august-28-5am-et,UP,6791777700662748561554896865768845768474800581889937927345344110541968706131,1756301882,2025-08-27 13:38:02,0.5
bitcoin-up-or-down-august-28-5am-et,UP,6791777700662748561554896865768845768474800581889937927345344110541968706131,1756301943,2025-08-27 13:39:03,0.5
bitcoin-up-or-down-august-28-5am-et,UP,6791777700662748561554896865768845768474800581889937927345344110541968706131,1756302007,2025-08-27 13:40:07,0.5
bitcoin-up-or-down-august-28-5am-et,UP,6791777700662748561554896865768845768474800581889937927345344110541968706131,1756302064,2025-08-27 13:41:04,0.5
bitcoin-up-or-down-august-28-5am-et,UP,6791777700662748561554896865768845768474800581889937927345344110541968706131,1756302122,2025-08-27 13:42:02,0.5
bitcoin-up-or-down-august-28-5am-et,UP,6791777700662748561554896865768845768474800581889937927345344110541968706131,1756302183,2025-08-27 13:43:03,0.5
bitcoin-up-or-down-august-28-5am-et,UP,6791777700662748561554896865768845768474800581889937927345344110541968706131,1756302242,2025-08-27 13:44:02,0.5
bitcoin-up-or-down-august-28-5am-et,UP,6791777700662748561554896865768845768474800581889937927345344110541968706131,1756302311,2025-08-27 13:45:11,0.5
bitcoin-up-or-down-august-28-5am-et,UP,6791777700662748561554896865768845768474800581889937927345344110541968706131,1756302363,2025-08-27 13:46:03,0.5
bitcoin-up-or-down-august-28-5am-et,UP,6791777700662748561554896865768845768474800581889937927345344110541968706131,1756302423,2025-08-27 13:47:03,0.5
bitcoin-up-or-down-august-28-5am-et,UP,6791777700662748561554896865768845768474800581889937927345344110541968706131,1756302482,2025-08-27 13:48:02,0.5
bitcoin-up-or-down-august-28-5am-et,UP,6791777700662748561554896865768845768474800581889937927345344110541968706131,1756302544,2025-08-27 13:49:04,0.5
bitcoin-up-or-down-august-28-5am-et,UP,6791777700662748561554896865768845768474800581889937927345344110541968706131,1756302606,2025-08-27 13:50:06,0.5
bitcoin-up-or-down-august-28-5am-et,UP,6791777700662748561554896865768845768474800581889937927345344110541968706131,1756302662,2025-08-27 13:51:02,0.5
bitcoin-up-or-down-august-28-5am-et,UP,6791777700662748561554896865768845768474800581889937927345344110541968706131,1756302724,2025-08-27 13:52:04,0.5
bitcoin-up-or-down-august-28-5am-et,UP,6791777700662748561554896865768845768474800581889937927345344110541968706131,1756302783,2025-08-27 13:53:03,0.5
bitcoin-up-or-down-august-28-5am-et,UP,6791777700662748561554896865768845768474800581889937927345344110541968706131,1756302842,2025-08-27 13:54:02,0.5
bitcoin-up-or-down-august-28-5am-et,UP,6791777700662748561554896865768845768474800581889937927345344110541968706131,1756302911,2025-08-27 13:55:11,0.5
bitcoin-up-or-down-august-28-5am-et,UP,6791777700662748561554896865768845768474800581889937927345344110541968706131,1756302962,2025-08-27 13:56:02,0.5
bitcoin-up-or-down-august-28-5am-et,UP,6791777700662748561554896865768845768474800581889937927345344110541968706131,1756303024,2025-08-27 13:57:04,0.5
bitcoin-up-or-down-august-28-5am-et,UP,6791777700662748561554896865768845768474800581889937927345344110541968706131,1756303083,2025-08-27 13:58:03,0.5
bitcoin-up-or-down-august-28-5am-et,UP,6791777700662748561554896865768845768474800581889937927345344110541968706131,1756303144,2025-08-27 13:59:04,0.5
bitcoin-up-or-down-august-28-5am-et,UP,6791777700662748561554896865768845768474800581889937927345344110541968706131,1756303205,2025-08-27 14:00:05,0.5
bitcoin-up-or-down-august-28-5am-et,UP,6791777700662748561554896865768845768474800581889937927345344110541968706131,1756303263,2025-08-27 14:01:03,0.5
bitcoin-up-or-down-august-28-5am-et,UP,6791777700662748561554896865768845768474800581889937927345344110541968706131,1756303323,2025-08-27 14:02:03,0.5
bitcoin-up-or-down-august-28-5am-et,UP,6791777700662748561554896865768845768474800581889937927345344110541968706131,1756303383,2025-08-27 14:03:03,0.5
bitcoin-up-or-down-august-28-5am-et,UP,6791777700662748561554896865768845768474800581889937927345344110541968706131,1756303442,2025-08-27 14:04:02,0.5
bitcoin-up-or-down-august-28-5am-et,UP,6791777700662748561554896865768845768474800581889937927345344110541968706131,1756303502,2025-08-27 14:05:02,0.5
bitcoin-up-or-down-august-28-5am-et,UP,6791777700662748561554896865768845768474800581889937927345344110541968706131,1756303564,2025-08-27 14:06:04,0.5
bitcoin-up-or-down-august-28-5am-et,UP,6791777700662748561554896865768845768474800581889937927345344110541968706131,1756303623,2025-08-27 14:07:03,0.5
bitcoin-up-or-down-august-28-5am-et,UP,6791777700662748561554896865768845768474800581889937927345344110541968706131,1756303682,2025-08-27 14:08:02,0.5
bitcoin-up-or-down-august-28-5am-et,UP,6791777700662748561554896865768845768474800581889937927345344110541968706131,1756303743,2025-08-27 14:09:03,0.5
bitcoin-up-or-down-august-28-5am-et,UP,6791777700662748561554896865768845768474800581889937927345344110541968706131,1756303802,2025-08-27 14:10:02,0.5
bitcoin-up-or-down-august-28-5am-et,UP,6791777700662748561554896865768845768474800581889937927345344110541968706131,1756303863,2025-08-27 14:11:03,0.5
bitcoin-up-or-down-august-28-5am-et,UP,6791777700662748561554896865768845768474800581889937927345344110541968706131,1756303924,2025-08-27 14:12:04,0.5
bitcoin-up-or-down-august-28-5am-et,UP,6791777700662748561554896865768845768474800581889937927345344110541968706131,1756303982,2025-08-27 14:13:02,0.5
bitcoin-up-or-down-august-28-5am-et,UP,6791777700662748561554896865768845768474800581889937927345344110541968706131,1756304044,2025-08-27 14:14:04,0.5
bitcoin-up-or-down-august-28-5am-et,UP,6791777700662748561554896865768845768474800581889937927345344110541968706131,1756304114,2025-08-27 14:15:14,0.5
bitcoin-up-or-down-august-28-5am-et,UP,6791777700662748561554896865768845768474800581889937927345344110541968706131,1756304164,2025-08-27 14:16:04,0.5
bitcoin-up-or-down-august-28-5am-et,UP,6791777700662748561554896865768845768474800581889937927345344110541968706131,1756304224,2025-08-27 14:17:04,0.5
bitcoin-up-or-down-august-28-5am-et,UP,6791777700662748561554896865768845768474800581889937927345344110541968706131,1756304282,2025-08-27 14:18:02,0.5
bitcoin-up-or-down-august-28-5am-et,UP,6791777700662748561554896865768845768474800581889937927345344110541968706131,1756304343,2025-08-27 14:19:03,0.5
bitcoin-up-or-down-august-28-5am-et,UP,6791777700662748561554896865768845768474800581889937927345344110541968706131,1756304417,2025-08-27 14:20:17,0.5
bitcoin-up-or-down-august-28-5am-et,UP,6791777700662748561554896865768845768474800581889937927345344110541968706131,1756304463,2025-08-27 14:21:03,0.5
bitcoin-up-or-down-august-28-5am-et,UP,6791777700662748561554896865768845768474800581889937927345344110541968706131,1756304522,2025-08-27 14:22:02,0.5
bitcoin-up-or-down-august-28-5am-et,UP,6791777700662748561554896865768845768474800581889937927345344110541968706131,1756304584,2025-08-27 14:23:04,0.5
bitcoin-up-or-down-august-28-5am-et,UP,6791777700662748561554896865768845768474800581889937927345344110541968706131,1756304642,2025-08-27 14:24:02,0.5
bitcoin-up-or-down-august-28-5am-et,UP,6791777700662748561554896865768845768474800581889937927345344110541968706131,1756304707,2025-08-27 14:25:07,0.5
bitcoin-up-or-down-august-28-5am-et,UP,6791777700662748561554896865768845768474800581889937927345344110541968706131,1756304763,2025-08-27 14:26:03,0.5
bitcoin-up-or-down-august-28-5am-et,UP,6791777700662748561554896865768845768474800581889937927345344110541968706131,1756304822,2025-08-27 14:27:02,0.5
bitcoin-up-or-down-august-28-5am-et,UP,6791777700662748561554896865768845768474800581889937927345344110541968706131,1756304882,2025-08-27 14:28:02,0.5
bitcoin-up-or-down-august-28-5am-et,UP,6791777700662748561554896865768845768474800581889937927345344110541968706131,1756304942,2025-08-27 14:29:02,0.5
bitcoin-up-or-down-august-28-5am-et,UP,6791777700662748561554896865768845768474800581889937927345344110541968706131,1756305006,2025-08-27 14:30:06,0.5
bitcoin-up-or-down-august-28-5am-et,UP,6791777700662748561554896865768845768474800581889937927345344110541968706131,1756305063,2025-08-27 14:31:03,0.5
bitcoin-up-or-down-august-28-5am-et,UP,6791777700662748561554896865768845768474800581889937927345344110541968706131,1756305122,2025-08-27 14:32:02,0.5
bitcoin-up-or-down-august-28-5am-et,UP,6791777700662748561554896865768845768474800581889937927345344110541968706131,1756305183,2025-08-27 14:33:03,0.5
bitcoin-up-or-down-august-28-5am-et,UP,6791777700662748561554896865768845768474800581889937927345344110541968706131,1756305243,2025-08-27 14:34:03,0.5
bitcoin-up-or-down-august-28-5am-et,UP,6791777700662748561554896865768845768474800581889937927345344110541968706131,1756305306,2025-08-27 14:35:06,0.5
bitcoin-up-or-down-august-28-5am-et,UP,6791777700662748561554896865768845768474800581889937927345344110541968706131,1756305362,2025-08-27 14:36:02,0.5
bitcoin-up-or-down-august-28-5am-et,UP,6791777700662748561554896865768845768474800581889937927345344110541968706131,1756305422,2025-08-27 14:37:02,0.5
bitcoin-up-or-down-august-28-5am-et,UP,6791777700662748561554896865768845768474800581889937927345344110541968706131,1756305484,2025-08-27 14:38:04,0.5
bitcoin-up-or-down-august-28-5am-et,UP,6791777700662748561554896865768845768474800581889937927345344110541968706131,1756305543,2025-08-27 14:39:03,0.5
bitcoin-up-or-down-august-28-5am-et,UP,6791777700662748561554896865768845768474800581889937927345344110541968706131,1756305614,2025-08-27 14:40:14,0.5
bitcoin-up-or-down-august-28-5am-et,UP,6791777700662748561554896865768845768474800581889937927345344110541968706131,1756305663,2025-08-27 14:41:03,0.5
bitcoin-up-or-down-august-28-5am-et,UP,6791777700662748561554896865768845768474800581889937927345344110541968706131,1756305723,2025-08-27 14:42:03,0.5
bitcoin-up-or-down-august-28-5am-et,UP,6791777700662748561554896865768845768474800581889937927345344110541968706131,1756305784,2025-08-27 14:43:04,0.5
bitcoin-up-or-down-august-28-5am-et,UP,6791777700662748561554896865768845768474800581889937927345344110541968706131,1756305844,2025-08-27 14:44:04,0.5
bitcoin-up-or-down-august-28-5am-et,UP,6791777700662748561554896865768845768474800581889937927345344110541968706131,1756305909,2025-08-27 14:45:09,0.5
bitcoin-up-or-down-august-28-5am-et,UP,6791777700662748561554896865768845768474800581889937927345344110541968706131,1756305962,2025-08-27 14:46:02,0.5
bitcoin-up-or-down-august-28-5am-et,UP,6791777700662748561554896865768845768474800581889937927345344110541968706131,1756306024,2025-08-27 14:47:04,0.5
bitcoin-up-or-down-august-28-5am-et,UP,6791777700662748561554896865768845768474800581889937927345344110541968706131,1756306082,2025-08-27 14:48:02,0.5
bitcoin-up-or-down-august-28-5am-et,UP,6791777700662748561554896865768845768474800581889937927345344110541968706131,1756306144,2025-08-27 14:49:04,0.5
bitcoin-up-or-down-august-28-5am-et,UP,6791777700662748561554896865768845768474800581889937927345344110541968706131,1756306213,2025-08-27 14:50:13,0.5
bitcoin-up-or-down-august-28-5am-et,UP,6791777700662748561554896865768845768474800581889937927345344110541968706131,1756306263,2025-08-27 14:51:03,0.5
bitcoin-up-or-down-august-28-5am-et,UP,6791777700662748561554896865768845768474800581889937927345344110541968706131,1756306324,2025-08-27 14:52:04,0.5
bitcoin-up-or-down-august-28-5am-et,UP,6791777700662748561554896865768845768474800581889937927345344110541968706131,1756306383,2025-08-27 14:53:03,0.5
bitcoin-up-or-down-august-28-5am-et,UP,6791777700662748561554896865768845768474800581889937927345344110541968706131,1756306442,2025-08-27 14:54:02,0.5
bitcoin-up-or-down-august-28-5am-et,UP,6791777700662748561554896865768845768474800581889937927345344110541968706131,1756306507,2025-08-27 14:55:07,0.5
bitcoin-up-or-down-august-28-5am-et,UP,6791777700662748561554896865768845768474800581889937927345344110541968706131,1756306562,2025-08-27 14:56:02,0.5
bitcoin-up-or-down-august-28-5am-et,UP,6791777700662748561554896865768845768474800581889937927345344110541968706131,1756306624,2025-08-27 14:57:04,0.5
bitcoin-up-or-down-august-28-5am-et,UP,6791777700662748561554896865768845768474800581889937927345344110541968706131,1756306683,2025-08-27 14:58:03,0.5
bitcoin-up-or-down-august-28-5am-et,UP,6791777700662748561554896865768845768474800581889937927345344110541968706131,1756306742,2025-08-27 14:59:02,0.5
bitcoin-up-or-down-august-28-5am-et,UP,6791777700662748561554896865768845768474800581889937927345344110541968706131,1756306813,2025-08-27 15:00:13,0.5
bitcoin-up-or-down-august-28-5am-et,UP,6791777700662748561554896865768845768474800581889937927345344110541968706131,1756306862,2025-08-27 15:01:02,0.5
bitcoin-up-or-down-august-28-5am-et,UP,6791777700662748561554896865768845768474800581889937927345344110541968706131,1756306924,2025-08-27 15:02:04,0.5
bitcoin-up-or-down-august-28-5am-et,UP,6791777700662748561554896865768845768474800581889937927345344110541968706131,1756306985,2025-08-27 15:03:05,0.5
bitcoin-up-or-down-august-28-5am-et,UP,6791777700662748561554896865768845768474800581889937927345344110541968706131,1756307042,2025-08-27 15:04:02,0.5
bitcoin-up-or-down-august-28-5am-et,UP,6791777700662748561554896865768845768474800581889937927345344110541968706131,1756307116,2025-08-27 15:05:16,0.5
bitcoin-up-or-down-august-28-5am-et,UP,6791777700662748561554896865768845768474800581889937927345344110541968706131,1756307162,2025-08-27 15:06:02,0.5
bitcoin-up-or-down-august-28-5am-et,UP,6791777700662748561554896865768845768474800581889937927345344110541968706131,1756307222,2025-08-27 15:07:02,0.5
bitcoin-up-or-down-august-28-5am-et,UP,6791777700662748561554896865768845768474800581889937927345344110541968706131,1756307283,2025-08-27 15:08:03,0.5
bitcoin-up-or-down-august-28-5am-et,UP,6791777700662748561554896865768845768474800581889937927345344110541968706131,1756307343,2025-08-27 15:09:03,0.5
bitcoin-up-or-down-august-28-5am-et,UP,6791777700662748561554896865768845768474800581889937927345344110541968706131,1756307409,2025-08-27 15:10:09,0.5
bitcoin-up-or-down-august-28-5am-et,UP,6791777700662748561554896865768845768474800581889937927345344110541968706131,1756307464,2025-08-27 15:11:04,0.5
bitcoin-up-or-down-august-28-5am-et,UP,6791777700662748561554896865768845768474800581889937927345344110541968706131,1756307522,2025-08-27 15:12:02,0.5
bitcoin-up-or-down-august-28-5am-et,UP,6791777700662748561554896865768845768474800581889937927345344110541968706131,1756307582,2025-08-27 15:13:02,0.5
bitcoin-up-or-down-august-28-5am-et,UP,6791777700662748561554896865768845768474800581889937927345344110541968706131,1756307643,2025-08-27 15:14:03,0.5
bitcoin-up-or-down-august-28-5am-et,UP,6791777700662748561554896865768845768474800581889937927345344110541968706131,1756307714,2025-08-27 15:15:14,0.5
bitcoin-up-or-down-august-28-5am-et,UP,6791777700662748561554896865768845768474800581889937927345344110541968706131,1756307763,2025-08-27 15:16:03,0.5
bitcoin-up-or-down-august-28-5am-et,UP,6791777700662748561554896865768845768474800581889937927345344110541968706131,1756307824,2025-08-27 15:17:04,0.5
bitcoin-up-or-down-august-28-5am-et,UP,6791777700662748561554896865768845768474800581889937927345344110541968706131,1756307882,2025-08-27 15:18:02,0.5
bitcoin-up-or-down-august-28-5am-et,UP,6791777700662748561554896865768845768474800581889937927345344110541968706131,1756307942,2025-08-27 15:19:02,0.5
bitcoin-up-or-down-august-28-5am-et,UP,6791777700662748561554896865768845768474800581889937927345344110541968706131,1756308014,2025-08-27 15:20:14,0.5
bitcoin-up-or-down-august-28-5am-et,UP,6791777700662748561554896865768845768474800581889937927345344110541968706131,1756308063,2025-08-27 15:21:03,0.5
bitcoin-up-or-down-august-28-5am-et,UP,6791777700662748561554896865768845768474800581889937927345344110541968706131,1756308122,2025-08-27 15:22:02,0.5
bitcoin-up-or-down-august-28-5am-et,UP,6791777700662748561554896865768845768474800581889937927345344110541968706131,1756308183,2025-08-27 15:23:03,0.5
bitcoin-up-or-down-august-28-5am-et,UP,6791777700662748561554896865768845768474800581889937927345344110541968706131,1756308242,2025-08-27 15:24:02,0.5
bitcoin-up-or-down-august-28-5am-et,UP,6791777700662748561554896865768845768474800581889937927345344110541968706131,1756308308,2025-08-27 15:25:08,0.5
bitcoin-up-or-down-august-28-5am-et,UP,6791777700662748561554896865768845768474800581889937927345344110541968706131,1756308362,2025-08-27 15:26:02,0.5
bitcoin-up-or-down-august-28-5am-et,UP,6791777700662748561554896865768845768474800581889937927345344110541968706131,1756308422,2025-08-27 15:27:02,0.5
bitcoin-up-or-down-august-28-5am-et,UP,6791777700662748561554896865768845768474800581889937927345344110541968706131,1756308482,2025-08-27 15:28:02,0.5
bitcoin-up-or-down-august-28-5am-et,UP,6791777700662748561554896865768845768474800581889937927345344110541968706131,1756308543,2025-08-27 15:29:03,0.5
bitcoin-up-or-down-august-28-5am-et,UP,6791777700662748561554896865768845768474800581889937927345344110541968706131,1756308605,2025-08-27 15:30:05,0.5
bitcoin-up-or-down-august-28-5am-et,UP,6791777700662748561554896865768845768474800581889937927345344110541968706131,1756308662,2025-08-27 15:31:02,0.5
bitcoin-up-or-down-august-28-5am-et,UP,6791777700662748561554896865768845768474800581889937927345344110541968706131,1756308723,2025-08-27 15:32:03,0.5
bitcoin-up-or-down-august-28-5am-et,UP,6791777700662748561554896865768845768474800581889937927345344110541968706131,1756308782,2025-08-27 15:33:02,0.5
bitcoin-up-or-down-august-28-5am-et,UP,6791777700662748561554896865768845768474800581889937927345344110541968706131,1756308844,2025-08-27 15:34:04,0.5
bitcoin-up-or-down-august-28-5am-et,UP,6791777700662748561554896865768845768474800581889937927345344110541968706131,1756308904,2025-08-27 15:35:04,0.5
bitcoin-up-or-down-august-28-5am-et,UP,6791777700662748561554896865768845768474800581889937927345344110541968706131,1756308963,2025-08-27 15:36:03,0.5
bitcoin-up-or-down-august-28-5am-et,UP,6791777700662748561554896865768845768474800581889937927345344110541968706131,1756309022,2025-08-27 15:37:02,0.5
bitcoin-up-or-down-august-28-5am-et,UP,6791777700662748561554896865768845768474800581889937927345344110541968706131,1756309084,2025-08-27 15:38:04,0.5
bitcoin-up-or-down-august-28-5am-et,UP,6791777700662748561554896865768845768474800581889937927345344110541968706131,1756309142,2025-08-27 15:39:02,0.5
bitcoin-up-or-down-august-28-5am-et,UP,6791777700662748561554896865768845768474800581889937927345344110541968706131,1756309215,2025-08-27 15:40:15,0.5
bitcoin-up-or-down-august-28-5am-et,UP,6791777700662748561554896865768845768474800581889937927345344110541968706131,1756309262,2025-08-27 15:41:02,0.5
bitcoin-up-or-down-august-28-5am-et,UP,6791777700662748561554896865768845768474800581889937927345344110541968706131,1756309323,2025-08-27 15:42:03,0.5
bitcoin-up-or-down-august-28-5am-et,UP,6791777700662748561554896865768845768474800581889937927345344110541968706131,1756309383,2025-08-27 15:43:03,0.5
bitcoin-up-or-down-august-28-5am-et,UP,6791777700662748561554896865768845768474800581889937927345344110541968706131,1756309442,2025-08-27 15:44:02,0.5
bitcoin-up-or-down-august-28-5am-et,UP,6791777700662748561554896865768845768474800581889937927345344110541968706131,1756309502,2025-08-27 15:45:02,0.5
bitcoin-up-or-down-august-28-5am-et,UP,6791777700662748561554896865768845768474800581889937927345344110541968706131,1756309563,2025-08-27 15:46:03,0.5
bitcoin-up-or-down-august-28-5am-et,UP,6791777700662748561554896865768845768474800581889937927345344110541968706131,1756309623,2025-08-27 15:47:03,0.5
bitcoin-up-or-down-august-28-5am-et,UP,6791777700662748561554896865768845768474800581889937927345344110541968706131,1756309683,2025-08-27 15:48:03,0.5
bitcoin-up-or-down-august-28-5am-et,UP,6791777700662748561554896865768845768474800581889937927345344110541968706131,1756309744,2025-08-27 15:49:04,0.5
bitcoin-up-or-down-august-28-5am-et,UP,6791777700662748561554896865768845768474800581889937927345344110541968706131,1756309818,2025-08-27 15:50:18,0.5
bitcoin-up-or-down-august-28-5am-et,UP,6791777700662748561554896865768845768474800581889937927345344110541968706131,1756309862,2025-08-27 15:51:02,0.5
bitcoin-up-or-down-august-28-5am-et,UP,6791777700662748561554896865768845768474800581889937927345344110541968706131,1756309924,2025-08-27 15:52:04,0.5
bitcoin-up-or-down-august-28-5am-et,UP,6791777700662748561554896865768845768474800581889937927345344110541968706131,1756309982,2025-08-27 15:53:02,0.5
bitcoin-up-or-down-august-28-5am-et,UP,6791777700662748561554896865768845768474800581889937927345344110541968706131,1756310042,2025-08-27 15:54:02,0.5
bitcoin-up-or-down-august-28-5am-et,UP,6791777700662748561554896865768845768474800581889937927345344110541968706131,1756310116,2025-08-27 15:55:16,0.5
bitcoin-up-or-down-august-28-5am-et,UP,6791777700662748561554896865768845768474800581889937927345344110541968706131,1756310163,2025-08-27 15:56:03,0.5
bitcoin-up-or-down-august-28-5am-et,UP,6791777700662748561554896865768845768474800581889937927345344110541968706131,1756310223,2025-08-27 15:57:03,0.5
bitcoin-up-or-down-august-28-5am-et,UP,6791777700662748561554896865768845768474800581889937927345344110541968706131,1756310283,2025-08-27 15:58:03,0.5
bitcoin-up-or-down-august-28-5am-et,UP,6791777700662748561554896865768845768474800581889937927345344110541968706131,1756310342,2025-08-27 15:59:02,0.5
bitcoin-up-or-down-august-28-5am-et,UP,6791777700662748561554896865768845768474800581889937927345344110541968706131,1756310413,2025-08-27 16:00:13,0.5
bitcoin-up-or-down-august-28-5am-et,UP,6791777700662748561554896865768845768474800581889937927345344110541968706131,1756310463,2025-08-27 16:01:03,0.5
bitcoin-up-or-down-august-28-5am-et,UP,6791777700662748561554896865768845768474800581889937927345344110541968706131,1756310523,2025-08-27 16:02:03,0.5
bitcoin-up-or-down-august-28-5am-et,UP,6791777700662748561554896865768845768474800581889937927345344110541968706131,1756310583,2025-08-27 16:03:03,0.5
bitcoin-up-or-down-august-28-5am-et,UP,6791777700662748561554896865768845768474800581889937927345344110541968706131,1756310643,2025-08-27 16:04:03,0.5
bitcoin-up-or-down-august-28-5am-et,UP,6791777700662748561554896865768845768474800581889937927345344110541968706131,1756310710,2025-08-27 16:05:10,0.5
bitcoin-up-or-down-august-28-5am-et,UP,6791777700662748561554896865768845768474800581889937927345344110541968706131,1756310777,2025-08-27 16:06:17,0.5
bitcoin-up-or-down-august-28-5am-et,UP,6791777700662748561554896865768845768474800581889937927345344110541968706131,1756310822,2025-08-27 16:07:02,0.5
bitcoin-up-or-down-august-28-5am-et,UP,6791777700662748561554896865768845768474800581889937927345344110541968706131,1756310882,2025-08-27 16:08:02,0.5
bitcoin-up-or-down-august-28-5am-et,UP,6791777700662748561554896865768845768474800581889937927345344110541968706131,1756310944,2025-08-27 16:09:04,0.5
bitcoin-up-or-down-august-28-5am-et,UP,6791777700662748561554896865768845768474800581889937927345344110541968706131,1756311014,2025-08-27 16:10:14,0.5
bitcoin-up-or-down-august-28-5am-et,UP,6791777700662748561554896865768845768474800581889937927345344110541968706131,1756311063,2025-08-27 16:11:03,0.5
bitcoin-up-or-down-august-28-5am-et,UP,6791777700662748561554896865768845768474800581889937927345344110541968706131,1756311122,2025-08-27 16:12:02,0.5
bitcoin-up-or-down-august-28-5am-et,UP,6791777700662748561554896865768845768474800581889937927345344110541968706131,1756311183,2025-08-27 16:13:03,0.5
bitcoin-up-or-down-august-28-5am-et,UP,6791777700662748561554896865768845768474800581889937927345344110541968706131,1756311243,2025-08-27 16:14:03,0.5
bitcoin-up-or-down-august-28-5am-et,UP,6791777700662748561554896865768845768474800581889937927345344110541968706131,1756311313,2025-08-27 16:15:13,0.5
bitcoin-up-or-down-august-28-5am-et,UP,6791777700662748561554896865768845768474800581889937927345344110541968706131,1756311364,2025-08-27 16:16:04,0.5
bitcoin-up-or-down-august-28-5am-et,UP,6791777700662748561554896865768845768474800581889937927345344110541968706131,1756311422,2025-08-27 16:17:02,0.5
bitcoin-up-or-down-august-28-5am-et,UP,6791777700662748561554896865768845768474800581889937927345344110541968706131,1756311483,2025-08-27 16:18:03,0.5
bitcoin-up-or-down-august-28-5am-et,UP,6791777700662748561554896865768845768474800581889937927345344110541968706131,1756311544,2025-08-27 16:19:04,0.5
bitcoin-up-or-down-august-28-5am-et,UP,6791777700662748561554896865768845768474800581889937927345344110541968706131,1756311616,2025-08-27 16:20:16,0.5
bitcoin-up-or-down-august-28-5am-et,UP,6791777700662748561554896865768845768474800581889937927345344110541968706131,1756311663,2025-08-27 16:21:03,0.5
bitcoin-up-or-down-august-28-5am-et,UP,6791777700662748561554896865768845768474800581889937927345344110541968706131,1756311724,2025-08-27 16:22:04,0.5
bitcoin-up-or-down-august-28-5am-et,UP,6791777700662748561554896865768845768474800581889937927345344110541968706131,1756311783,2025-08-27 16:23:03,0.5
bitcoin-up-or-down-august-28-5am-et,UP,6791777700662748561554896865768845768474800581889937927345344110541968706131,1756311843,2025-08-27 16:24:03,0.5
bitcoin-up-or-down-august-28-5am-et,UP,6791777700662748561554896865768845768474800581889937927345344110541968706131,1756311917,2025-08-27 16:25:17,0.5
bitcoin-up-or-down-august-28-5am-et,UP,6791777700662748561554896865768845768474800581889937927345344110541968706131,1756311962,2025-08-27 16:26:02,0.5
bitcoin-up-or-down-august-28-5am-et,UP,6791777700662748561554896865768845768474800581889937927345344110541968706131,1756312024,2025-08-27 16:27:04,0.5
bitcoin-up-or-down-august-28-5am-et,UP,6791777700662748561554896865768845768474800581889937927345344110541968706131,1756312082,2025-08-27 16:28:02,0.5
bitcoin-up-or-down-august-28-5am-et,UP,6791777700662748561554896865768845768474800581889937927345344110541968706131,1756312142,2025-08-27 16:29:02,0.5
bitcoin-up-or-down-august-28-5am-et,UP,6791777700662748561554896865768845768474800581889937927345344110541968706131,1756312207,2025-08-27 16:30:07,0.5
bitcoin-up-or-down-august-28-5am-et,UP,6791777700662748561554896865768845768474800581889937927345344110541968706131,1756312263,2025-08-27 16:31:03,0.5
bitcoin-up-or-down-august-28-5am-et,UP,6791777700662748561554896865768845768474800581889937927345344110541968706131,1756312322,2025-08-27 16:32:02,0.5
bitcoin-up-or-down-august-28-5am-et,UP,6791777700662748561554896865768845768474800581889937927345344110541968706131,1756312384,2025-08-27 16:33:04,0.5
bitcoin-up-or-down-august-28-5am-et,UP,6791777700662748561554896865768845768474800581889937927345344110541968706131,1756312443,2025-08-27 16:34:03,0.5
bitcoin-up-or-down-august-28-5am-et,UP,6791777700662748561554896865768845768474800581889937927345344110541968706131,1756312507,2025-08-27 16:35:07,0.5
bitcoin-up-or-down-august-28-5am-et,UP,6791777700662748561554896865768845768474800581889937927345344110541968706131,1756312565,2025-08-27 16:36:05,0.5
bitcoin-up-or-down-august-28-5am-et,UP,6791777700662748561554896865768845768474800581889937927345344110541968706131,1756312623,2025-08-27 16:37:03,0.5
bitcoin-up-or-down-august-28-5am-et,UP,6791777700662748561554896865768845768474800581889937927345344110541968706131,1756312684,2025-08-27 16:38:04,0.5
bitcoin-up-or-down-august-28-5am-et,UP,6791777700662748561554896865768845768474800581889937927345344110541968706131,1756312742,2025-08-27 16:39:02,0.5
bitcoin-up-or-down-august-28-5am-et,UP,6791777700662748561554896865768845768474800581889937927345344110541968706131,1756312816,2025-08-27 16:40:16,0.5
bitcoin-up-or-down-august-28-5am-et,UP,6791777700662748561554896865768845768474800581889937927345344110541968706131,1756312863,2025-08-27 16:41:03,0.5
bitcoin-up-or-down-august-28-5am-et,UP,6791777700662748561554896865768845768474800581889937927345344110541968706131,1756312923,2025-08-27 16:42:03,0.5
bitcoin-up-or-down-august-28-5am-et,UP,6791777700662748561554896865768845768474800581889937927345344110541968706131,1756312984,2025-08-27 16:43:04,0.5
bitcoin-up-or-down-august-28-5am-et,UP,6791777700662748561554896865768845768474800581889937927345344110541968706131,1756313043,2025-08-27 16:44:03,0.5
bitcoin-up-or-down-august-28-5am-et,UP,6791777700662748561554896865768845768474800581889937927345344110541968706131,1756313113,2025-08-27 16:45:13,0.5
bitcoin-up-or-down-august-28-5am-et,UP,6791777700662748561554896865768845768474800581889937927345344110541968706131,1756313165,2025-08-27 16:46:05,0.5
bitcoin-up-or-down-august-28-5am-et,UP,6791777700662748561554896865768845768474800581889937927345344110541968706131,1756313223,2025-08-27 16:47:03,0.5
bitcoin-up-or-down-august-28-5am-et,UP,6791777700662748561554896865768845768474800581889937927345344110541968706131,1756313283,2025-08-27 16:48:03,0.5
bitcoin-up-or-down-august-28-5am-et,UP,6791777700662748561554896865768845768474800581889937927345344110541968706131,1756313343,2025-08-27 16:49:03,0.5
bitcoin-up-or-down-august-28-5am-et,UP,6791777700662748561554896865768845768474800581889937927345344110541968706131,1756313413,2025-08-27 16:50:13,0.5
bitcoin-up-or-down-august-28-5am-et,UP,6791777700662748561554896865768845768474800581889937927345344110541968706131,1756313463,2025-08-27 16:51:03,0.5
bitcoin-up-or-down-august-28-5am-et,UP,6791777700662748561554896865768845768474800581889937927345344110541968706131,1756313523,2025-08-27 16:52:03,0.5
bitcoin-up-or-down-august-28-5am-et,UP,6791777700662748561554896865768845768474800581889937927345344110541968706131,1756313582,2025-08-27 16:53:02,0.5
bitcoin-up-or-down-august-28-5am-et,UP,6791777700662748561554896865768845768474800581889937927345344110541968706131,1756313643,2025-08-27 16:54:03,0.5
bitcoin-up-or-down-august-28-5am-et,UP,6791777700662748561554896865768845768474800581889937927345344110541968706131,1756313715,2025-08-27 16:55:15,0.5
bitcoin-up-or-down-august-28-5am-et,UP,6791777700662748561554896865768845768474800581889937927345344110541968706131,1756313764,2025-08-27 16:56:04,0.5
bitcoin-up-or-down-august-28-5am-et,UP,6791777700662748561554896865768845768474800581889937927345344110541968706131,1756313822,2025-08-27 16:57:02,0.5
bitcoin-up-or-down-august-28-5am-et,UP,6791777700662748561554896865768845768474800581889937927345344110541968706131,1756313882,2025-08-27 16:58:02,0.5
bitcoin-up-or-down-august-28-5am-et,UP,6791777700662748561554896865768845768474800581889937927345344110541968706131,1756313942,2025-08-27 16:59:02,0.5
bitcoin-up-or-down-august-28-5am-et,UP,6791777700662748561554896865768845768474800581889937927345344110541968706131,1756314016,2025-08-27 17:00:16,0.5
bitcoin-up-or-down-august-28-5am-et,UP,6791777700662748561554896865768845768474800581889937927345344110541968706131,1756314062,2025-08-27 17:01:02,0.5
bitcoin-up-or-down-august-28-5am-et,UP,6791777700662748561554896865768845768474800581889937927345344110541968706131,1756314124,2025-08-27 17:02:04,0.5
bitcoin-up-or-down-august-28-5am-et,UP,6791777700662748561554896865768845768474800581889937927345344110541968706131,1756314184,2025-08-27 17:03:04,0.5
bitcoin-up-or-down-august-28-5am-et,UP,6791777700662748561554896865768845768474800581889937927345344110541968706131,1756314244,2025-08-27 17:04:04,0.5
bitcoin-up-or-down-august-28-5am-et,UP,6791777700662748561554896865768845768474800581889937927345344110541968706131,1756314305,2025-08-27 17:05:05,0.5
bitcoin-up-or-down-august-28-5am-et,UP,6791777700662748561554896865768845768474800581889937927345344110541968706131,1756314362,2025-08-27 17:06:02,0.5
bitcoin-up-or-down-august-28-5am-et,UP,6791777700662748561554896865768845768474800581889937927345344110541968706131,1756314422,2025-08-27 17:07:02,0.5
bitcoin-up-or-down-august-28-5am-et,UP,6791777700662748561554896865768845768474800581889937927345344110541968706131,1756314483,2025-08-27 17:08:03,0.5
bitcoin-up-or-down-august-28-5am-et,UP,6791777700662748561554896865768845768474800581889937927345344110541968706131,1756314543,2025-08-27 17:09:03,0.5
bitcoin-up-or-down-august-28-5am-et,UP,6791777700662748561554896865768845768474800581889937927345344110541968706131,1756314609,2025-08-27 17:10:09,0.5
bitcoin-up-or-down-august-28-5am-et,UP,6791777700662748561554896865768845768474800581889937927345344110541968706131,1756314662,2025-08-27 17:11:02,0.5
bitcoin-up-or-down-august-28-5am-et,UP,6791777700662748561554896865768845768474800581889937927345344110541968706131,1756314723,2025-08-27 17:12:03,0.5
bitcoin-up-or-down-august-28-5am-et,UP,6791777700662748561554896865768845768474800581889937927345344110541968706131,1756314782,2025-08-27 17:13:02,0.5
bitcoin-up-or-down-august-28-5am-et,UP,6791777700662748561554896865768845768474800581889937927345344110541968706131,1756314842,2025-08-27 17:14:02,0.5
bitcoin-up-or-down-august-28-5am-et,UP,6791777700662748561554896865768845768474800581889937927345344110541968706131,1756314911,2025-08-27 17:15:11,0.5
bitcoin-up-or-down-august-28-5am-et,UP,6791777700662748561554896865768845768474800581889937927345344110541968706131,1756314962,2025-08-27 17:16:02,0.5
bitcoin-up-or-down-august-28-5am-et,UP,6791777700662748561554896865768845768474800581889937927345344110541968706131,1756315023,2025-08-27 17:17:03,0.5
bitcoin-up-or-down-august-28-5am-et,UP,6791777700662748561554896865768845768474800581889937927345344110541968706131,1756315082,2025-08-27 17:18:02,0.5
bitcoin-up-or-down-august-28-5am-et,UP,6791777700662748561554896865768845768474800581889937927345344110541968706131,1756315144,2025-08-27 17:19:04,0.5
bitcoin-up-or-down-august-28-5am-et,UP,6791777700662748561554896865768845768474800581889937927345344110541968706131,1756315218,2025-08-27 17:20:18,0.5
bitcoin-up-or-down-august-28-5am-et,UP,6791777700662748561554896865768845768474800581889937927345344110541968706131,1756315262,2025-08-27 17:21:02,0.5
bitcoin-up-or-down-august-28-5am-et,UP,6791777700662748561554896865768845768474800581889937927345344110541968706131,1756315322,2025-08-27 17:22:02,0.5
bitcoin-up-or-down-august-28-5am-et,UP,6791777700662748561554896865768845768474800581889937927345344110541968706131,1756315383,2025-08-27 17:23:03,0.5
bitcoin-up-or-down-august-28-5am-et,UP,6791777700662748561554896865768845768474800581889937927345344110541968706131,1756315444,2025-08-27 17:24:04,0.5
bitcoin-up-or-down-august-28-5am-et,UP,6791777700662748561554896865768845768474800581889937927345344110541968706131,1756315502,2025-08-27 17:25:02,0.5
bitcoin-up-or-down-august-28-5am-et,UP,6791777700662748561554896865768845768474800581889937927345344110541968706131,1756315563,2025-08-27 17:26:03,0.5
bitcoin-up-or-down-august-28-5am-et,UP,6791777700662748561554896865768845768474800581889937927345344110541968706131,1756315622,2025-08-27 17:27:02,0.5
bitcoin-up-or-down-august-28-5am-et,UP,6791777700662748561554896865768845768474800581889937927345344110541968706131,1756315682,2025-08-27 17:28:02,0.5
bitcoin-up-or-down-august-28-5am-et,UP,6791777700662748561554896865768845768474800581889937927345344110541968706131,1756315743,2025-08-27 17:29:03,0.5
bitcoin-up-or-down-august-28-5am-et,UP,6791777700662748561554896865768845768474800581889937927345344110541968706131,1756315808,2025-08-27 17:30:08,0.5
bitcoin-up-or-down-august-28-5am-et,UP,6791777700662748561554896865768845768474800581889937927345344110541968706131,1756315864,2025-08-27 17:31:04,0.5
bitcoin-up-or-down-august-28-5am-et,UP,6791777700662748561554896865768845768474800581889937927345344110541968706131,1756315922,2025-08-27 17:32:02,0.5
bitcoin-up-or-down-august-28-5am-et,UP,6791777700662748561554896865768845768474800581889937927345344110541968706131,1756315983,2025-08-27 17:33:03,0.5
bitcoin-up-or-down-august-28-5am-et,UP,6791777700662748561554896865768845768474800581889937927345344110541968706131,1756316042,2025-08-27 17:34:02,0.5
bitcoin-up-or-down-august-28-5am-et,UP,6791777700662748561554896865768845768474800581889937927345344110541968706131,1756316102,2025-08-27 17:35:02,0.5
bitcoin-up-or-down-august-28-5am-et,UP,6791777700662748561554896865768845768474800581889937927345344110541968706131,1756316164,2025-08-27 17:36:04,0.5
bitcoin-up-or-down-august-28-5am-et,UP,6791777700662748561554896865768845768474800581889937927345344110541968706131,1756316222,2025-08-27 17:37:02,0.5
bitcoin-up-or-down-august-28-5am-et,UP,6791777700662748561554896865768845768474800581889937927345344110541968706131,1756316284,2025-08-27 17:38:04,0.5
bitcoin-up-or-down-august-28-5am-et,UP,6791777700662748561554896865768845768474800581889937927345344110541968706131,1756316343,2025-08-27 17:39:03,0.5
bitcoin-up-or-down-august-28-5am-et,UP,6791777700662748561554896865768845768474800581889937927345344110541968706131,1756316404,2025-08-27 17:40:04,0.5
bitcoin-up-or-down-august-28-5am-et,UP,6791777700662748561554896865768845768474800581889937927345344110541968706131,1756316463,2025-08-27 17:41:03,0.5
bitcoin-up-or-down-august-28-5am-et,UP,6791777700662748561554896865768845768474800581889937927345344110541968706131,1756316522,2025-08-27 17:42:02,0.5
bitcoin-up-or-down-august-28-5am-et,UP,6791777700662748561554896865768845768474800581889937927345344110541968706131,1756316584,2025-08-27 17:43:04,0.5
bitcoin-up-or-down-august-28-5am-et,UP,6791777700662748561554896865768845768474800581889937927345344110541968706131,1756316642,2025-08-27 17:44:02,0.5
bitcoin-up-or-down-august-28-5am-et,UP,6791777700662748561554896865768845768474800581889937927345344110541968706131,1756316713,2025-08-27 17:45:13,0.5
bitcoin-up-or-down-august-28-5am-et,UP,6791777700662748561554896865768845768474800581889937927345344110541968706131,1756316764,2025-08-27 17:46:04,0.5
bitcoin-up-or-down-august-28-5am-et,UP,6791777700662748561554896865768845768474800581889937927345344110541968706131,1756316822,2025-08-27 17:47:02,0.5
bitcoin-up-or-down-august-28-5am-et,UP,6791777700662748561554896865768845768474800581889937927345344110541968706131,1756316882,2025-08-27 17:48:02,0.5
bitcoin-up-or-down-august-28-5am-et,UP,6791777700662748561554896865768845768474800581889937927345344110541968706131,1756316944,2025-08-27 17:49:04,0.5
bitcoin-up-or-down-august-28-5am-et,UP,6791777700662748561554896865768845768474800581889937927345344110541968706131,1756317015,2025-08-27 17:50:15,0.5
bitcoin-up-or-down-august-28-5am-et,UP,6791777700662748561554896865768845768474800581889937927345344110541968706131,1756317063,2025-08-27 17:51:03,0.5
bitcoin-up-or-down-august-28-5am-et,UP,6791777700662748561554896865768845768474800581889937927345344110541968706131,1756317122,2025-08-27 17:52:02,0.5
bitcoin-up-or-down-august-28-5am-et,UP,6791777700662748561554896865768845768474800581889937927345344110541968706131,1756317182,2025-08-27 17:53:02,0.5
bitcoin-up-or-down-august-28-5am-et,UP,6791777700662748561554896865768845768474800581889937927345344110541968706131,1756317243,2025-08-27 17:54:03,0.5
bitcoin-up-or-down-august-28-5am-et,UP,6791777700662748561554896865768845768474800581889937927345344110541968706131,1756317315,2025-08-27 17:55:15,0.5
bitcoin-up-or-down-august-28-5am-et,UP,6791777700662748561554896865768845768474800581889937927345344110541968706131,1756317362,2025-08-27 17:56:02,0.5
bitcoin-up-or-down-august-28-5am-et,UP,6791777700662748561554896865768845768474800581889937927345344110541968706131,1756317423,2025-08-27 17:57:03,0.5
bitcoin-up-or-down-august-28-5am-et,UP,6791777700662748561554896865768845768474800581889937927345344110541968706131,1756317483,2025-08-27 17:58:03,0.5
bitcoin-up-or-down-august-28-5am-et,UP,6791777700662748561554896865768845768474800581889937927345344110541968706131,1756317543,2025-08-27 17:59:03,0.5
bitcoin-up-or-down-august-28-5am-et,UP,6791777700662748561554896865768845768474800581889937927345344110541968706131,1756317620,2025-08-27 18:00:20,0.5
bitcoin-up-or-down-august-28-5am-et,UP,6791777700662748561554896865768845768474800581889937927345344110541968706131,1756317662,2025-08-27 18:01:02,0.5
bitcoin-up-or-down-august-28-5am-et,UP,6791777700662748561554896865768845768474800581889937927345344110541968706131,1756317723,2025-08-27 18:02:03,0.5
bitcoin-up-or-down-august-28-5am-et,UP,6791777700662748561554896865768845768474800581889937927345344110541968706131,1756317783,2025-08-27 18:03:03,0.5
bitcoin-up-or-down-august-28-5am-et,UP,6791777700662748561554896865768845768474800581889937927345344110541968706131,1756317842,2025-08-27 18:04:02,0.5
bitcoin-up-or-down-august-28-5am-et,UP,6791777700662748561554896865768845768474800581889937927345344110541968706131,1756317913,2025-08-27 18:05:13,0.5
bitcoin-up-or-down-august-28-5am-et,UP,6791777700662748561554896865768845768474800581889937927345344110541968706131,1756317964,2025-08-27 18:06:04,0.5
bitcoin-up-or-down-august-28-5am-et,UP,6791777700662748561554896865768845768474800581889937927345344110541968706131,1756318023,2025-08-27 18:07:03,0.5
bitcoin-up-or-down-august-28-5am-et,UP,6791777700662748561554896865768845768474800581889937927345344110541968706131,1756318082,2025-08-27 18:08:02,0.5
bitcoin-up-or-down-august-28-5am-et,UP,6791777700662748561554896865768845768474800581889937927345344110541968706131,1756318143,2025-08-27 18:09:03,0.5
bitcoin-up-or-down-august-28-5am-et,UP,6791777700662748561554896865768845768474800581889937927345344110541968706131,1756318213,2025-08-27 18:10:13,0.5
bitcoin-up-or-down-august-28-5am-et,UP,6791777700662748561554896865768845768474800581889937927345344110541968706131,1756318262,2025-08-27 18:11:02,0.5
bitcoin-up-or-down-august-28-5am-et,UP,6791777700662748561554896865768845768474800581889937927345344110541968706131,1756318322,2025-08-27 18:12:02,0.5
bitcoin-up-or-down-august-28-5am-et,UP,6791777700662748561554896865768845768474800581889937927345344110541968706131,1756318382,2025-08-27 18:13:02,0.5
bitcoin-up-or-down-august-28-5am-et,UP,6791777700662748561554896865768845768474800581889937927345344110541968706131,1756318442,2025-08-27 18:14:02,0.5
bitcoin-up-or-down-august-28-5am-et,UP,6791777700662748561554896865768845768474800581889937927345344110541968706131,1756318511,2025-08-27 18:15:11,0.5
bitcoin-up-or-down-august-28-5am-et,UP,6791777700662748561554896865768845768474800581889937927345344110541968706131,1756318562,2025-08-27 18:16:02,0.5
bitcoin-up-or-down-august-28-5am-et,UP,6791777700662748561554896865768845768474800581889937927345344110541968706131,1756318624,2025-08-27 18:17:04,0.5
bitcoin-up-or-down-august-28-5am-et,UP,6791777700662748561554896865768845768474800581889937927345344110541968706131,1756318683,2025-08-27 18:18:03,0.5
bitcoin-up-or-down-august-28-5am-et,UP,6791777700662748561554896865768845768474800581889937927345344110541968706131,1756318743,2025-08-27 18:19:03,0.5
bitcoin-up-or-down-august-28-5am-et,UP,6791777700662748561554896865768845768474800581889937927345344110541968706131,1756318804,2025-08-27 18:20:04,0.5
bitcoin-up-or-down-august-28-5am-et,UP,6791777700662748561554896865768845768474800581889937927345344110541968706131,1756318863,2025-08-27 18:21:03,0.5
bitcoin-up-or-down-august-28-5am-et,UP,6791777700662748561554896865768845768474800581889937927345344110541968706131,1756318922,2025-08-27 18:22:02,0.5
bitcoin-up-or-down-august-28-5am-et,UP,6791777700662748561554896865768845768474800581889937927345344110541968706131,1756318983,2025-08-27 18:23:03,0.5
bitcoin-up-or-down-august-28-5am-et,UP,6791777700662748561554896865768845768474800581889937927345344110541968706131,1756319043,2025-08-27 18:24:03,0.5
bitcoin-up-or-down-august-28-5am-et,UP,6791777700662748561554896865768845768474800581889937927345344110541968706131,1756319104,2025-08-27 18:25:04,0.5
bitcoin-up-or-down-august-28-5am-et,UP,6791777700662748561554896865768845768474800581889937927345344110541968706131,1756319163,2025-08-27 18:26:03,0.5
bitcoin-up-or-down-august-28-5am-et,UP,6791777700662748561554896865768845768474800581889937927345344110541968706131,1756319223,2025-08-27 18:27:03,0.5
bitcoin-up-or-down-august-28-5am-et,UP,6791777700662748561554896865768845768474800581889937927345344110541968706131,1756319284,2025-08-27 18:28:04,0.5
bitcoin-up-or-down-august-28-5am-et,UP,6791777700662748561554896865768845768474800581889937927345344110541968706131,1756319344,2025-08-27 18:29:04,0.5
bitcoin-up-or-down-august-28-5am-et,UP,6791777700662748561554896865768845768474800581889937927345344110541968706131,1756319408,2025-08-27 18:30:08,0.5
bitcoin-up-or-down-august-28-5am-et,UP,6791777700662748561554896865768845768474800581889937927345344110541968706131,1756319462,2025-08-27 18:31:02,0.5
bitcoin-up-or-down-august-28-5am-et,UP,6791777700662748561554896865768845768474800581889937927345344110541968706131,1756319523,2025-08-27 18:32:03,0.5
bitcoin-up-or-down-august-28-5am-et,UP,6791777700662748561554896865768845768474800581889937927345344110541968706131,1756319582,2025-08-27 18:33:02,0.5
bitcoin-up-or-down-august-28-5am-et,UP,6791777700662748561554896865768845768474800581889937927345344110541968706131,1756319642,2025-08-27 18:34:02,0.5
bitcoin-up-or-down-august-28-5am-et,UP,6791777700662748561554896865768845768474800581889937927345344110541968706131,1756319715,2025-08-27 18:35:15,0.5
bitcoin-up-or-down-august-28-5am-et,UP,6791777700662748561554896865768845768474800581889937927345344110541968706131,1756319764,2025-08-27 18:36:04,0.5
bitcoin-up-or-down-august-28-5am-et,UP,6791777700662748561554896865768845768474800581889937927345344110541968706131,1756319822,2025-08-27 18:37:02,0.5
bitcoin-up-or-down-august-28-5am-et,UP,6791777700662748561554896865768845768474800581889937927345344110541968706131,1756319883,2025-08-27 18:38:03,0.5
bitcoin-up-or-down-august-28-5am-et,UP,6791777700662748561554896865768845768474800581889937927345344110541968706131,1756319943,2025-08-27 18:39:03,0.5
bitcoin-up-or-down-august-28-5am-et,UP,6791777700662748561554896865768845768474800581889937927345344110541968706131,1756320006,2025-08-27 18:40:06,0.5
bitcoin-up-or-down-august-28-5am-et,UP,6791777700662748561554896865768845768474800581889937927345344110541968706131,1756320063,2025-08-27 18:41:03,0.5
bitcoin-up-or-down-august-28-5am-et,UP,6791777700662748561554896865768845768474800581889937927345344110541968706131,1756320123,2025-08-27 18:42:03,0.5
bitcoin-up-or-down-august-28-5am-et,UP,6791777700662748561554896865768845768474800581889937927345344110541968706131,1756320182,2025-08-27 18:43:02,0.5
bitcoin-up-or-down-august-28-5am-et,UP,6791777700662748561554896865768845768474800581889937927345344110541968706131,1756320244,2025-08-27 18:44:04,0.5
bitcoin-up-or-down-august-28-5am-et,UP,6791777700662748561554896865768845768474800581889937927345344110541968706131,1756320307,2025-08-27 18:45:07,0.5
bitcoin-up-or-down-august-28-5am-et,UP,6791777700662748561554896865768845768474800581889937927345344110541968706131,1756320364,2025-08-27 18:46:04,0.5
bitcoin-up-or-down-august-28-5am-et,UP,6791777700662748561554896865768845768474800581889937927345344110541968706131,1756320424,2025-08-27 18:47:04,0.5
bitcoin-up-or-down-august-28-5am-et,UP,6791777700662748561554896865768845768474800581889937927345344110541968706131,1756320483,2025-08-27 18:48:03,0.5
bitcoin-up-or-down-august-28-5am-et,UP,6791777700662748561554896865768845768474800581889937927345344110541968706131,1756320542,2025-08-27 18:49:02,0.5
bitcoin-up-or-down-august-28-5am-et,UP,6791777700662748561554896865768845768474800581889937927345344110541968706131,1756320605,2025-08-27 18:50:05,0.5
bitcoin-up-or-down-august-28-5am-et,UP,6791777700662748561554896865768845768474800581889937927345344110541968706131,1756320662,2025-08-27 18:51:02,0.5
bitcoin-up-or-down-august-28-5am-et,UP,6791777700662748561554896865768845768474800581889937927345344110541968706131,1756320723,2025-08-27 18:52:03,0.5
bitcoin-up-or-down-august-28-5am-et,UP,6791777700662748561554896865768845768474800581889937927345344110541968706131,1756320783,2025-08-27 18:53:03,0.5
bitcoin-up-or-down-august-28-5am-et,UP,6791777700662748561554896865768845768474800581889937927345344110541968706131,1756320844,2025-08-27 18:54:04,0.5
bitcoin-up-or-down-august-28-5am-et,UP,6791777700662748561554896865768845768474800581889937927345344110541968706131,1756320905,2025-08-27 18:55:05,0.5
bitcoin-up-or-down-august-28-5am-et,UP,6791777700662748561554896865768845768474800581889937927345344110541968706131,1756320962,2025-08-27 18:56:02,0.5
bitcoin-up-or-down-august-28-5am-et,UP,6791777700662748561554896865768845768474800581889937927345344110541968706131,1756321022,2025-08-27 18:57:02,0.5
bitcoin-up-or-down-august-28-5am-et,UP,6791777700662748561554896865768845768474800581889937927345344110541968706131,1756321082,2025-08-27 18:58:02,0.5
bitcoin-up-or-down-august-28-5am-et,UP,6791777700662748561554896865768845768474800581889937927345344110541968706131,1756321142,2025-08-27 18:59:02,0.5
bitcoin-up-or-down-august-28-5am-et,UP,6791777700662748561554896865768845768474800581889937927345344110541968706131,1756321214,2025-08-27 19:00:14,0.5
bitcoin-up-or-down-august-28-5am-et,UP,6791777700662748561554896865768845768474800581889937927345344110541968706131,1756321263,2025-08-27 19:01:03,0.5
bitcoin-up-or-down-august-28-5am-et,UP,6791777700662748561554896865768845768474800581889937927345344110541968706131,1756321322,2025-08-27 19:02:02,0.5
bitcoin-up-or-down-august-28-5am-et,UP,6791777700662748561554896865768845768474800581889937927345344110541968706131,1756321384,2025-08-27 19:03:04,0.5
bitcoin-up-or-down-august-28-5am-et,UP,6791777700662748561554896865768845768474800581889937927345344110541968706131,1756321443,2025-08-27 19:04:03,0.5
bitcoin-up-or-down-august-28-5am-et,UP,6791777700662748561554896865768845768474800581889937927345344110541968706131,1756321514,2025-08-27 19:05:14,0.5
bitcoin-up-or-down-august-28-5am-et,UP,6791777700662748561554896865768845768474800581889937927345344110541968706131,1756321564,2025-08-27 19:06:04,0.5
bitcoin-up-or-down-august-28-5am-et,UP,6791777700662748561554896865768845768474800581889937927345344110541968706131,1756321622,2025-08-27 19:07:02,0.5
bitcoin-up-or-down-august-28-5am-et,UP,6791777700662748561554896865768845768474800581889937927345344110541968706131,1756321683,2025-08-27 19:08:03,0.5
bitcoin-up-or-down-august-28-5am-et,UP,6791777700662748561554896865768845768474800581889937927345344110541968706131,1756321742,2025-08-27 19:09:02,0.5
bitcoin-up-or-down-august-28-5am-et,UP,6791777700662748561554896865768845768474800581889937927345344110541968706131,1756321807,2025-08-27 19:10:07,0.5
bitcoin-up-or-down-august-28-5am-et,UP,6791777700662748561554896865768845768474800581889937927345344110541968706131,1756321863,2025-08-27 19:11:03,0.5
bitcoin-up-or-down-august-28-5am-et,UP,6791777700662748561554896865768845768474800581889937927345344110541968706131,1756321923,2025-08-27 19:12:03,0.5
bitcoin-up-or-down-august-28-5am-et,UP,6791777700662748561554896865768845768474800581889937927345344110541968706131,1756321984,2025-08-27 19:13:04,0.5
bitcoin-up-or-down-august-28-5am-et,UP,6791777700662748561554896865768845768474800581889937927345344110541968706131,1756322043,2025-08-27 19:14:03,0.5
bitcoin-up-or-down-august-28-5am-et,UP,6791777700662748561554896865768845768474800581889937927345344110541968706131,1756322115,2025-08-27 19:15:15,0.5
bitcoin-up-or-down-august-28-5am-et,UP,6791777700662748561554896865768845768474800581889937927345344110541968706131,1756322162,2025-08-27 19:16:02,0.5
bitcoin-up-or-down-august-28-5am-et,UP,6791777700662748561554896865768845768474800581889937927345344110541968706131,1756322222,2025-08-27 19:17:02,0.5
bitcoin-up-or-down-august-28-5am-et,UP,6791777700662748561554896865768845768474800581889937927345344110541968706131,1756322282,2025-08-27 19:18:02,0.5
bitcoin-up-or-down-august-28-5am-et,UP,6791777700662748561554896865768845768474800581889937927345344110541968706131,1756322343,2025-08-27 19:19:03,0.5
bitcoin-up-or-down-august-28-5am-et,UP,6791777700662748561554896865768845768474800581889937927345344110541968706131,1756322415,2025-08-27 19:20:15,0.5
bitcoin-up-or-down-august-28-5am-et,UP,6791777700662748561554896865768845768474800581889937927345344110541968706131,1756322463,2025-08-27 19:21:03,0.5
bitcoin-up-or-down-august-28-5am-et,UP,6791777700662748561554896865768845768474800581889937927345344110541968706131,1756322523,2025-08-27 19:22:03,0.5
bitcoin-up-or-down-august-28-5am-et,UP,6791777700662748561554896865768845768474800581889937927345344110541968706131,1756322583,2025-08-27 19:23:03,0.5
bitcoin-up-or-down-august-28-5am-et,UP,6791777700662748561554896865768845768474800581889937927345344110541968706131,1756322643,2025-08-27 19:24:03,0.5
bitcoin-up-or-down-august-28-5am-et,UP,6791777700662748561554896865768845768474800581889937927345344110541968706131,1756322705,2025-08-27 19:25:05,0.5
bitcoin-up-or-down-august-28-5am-et,UP,6791777700662748561554896865768845768474800581889937927345344110541968706131,1756322763,2025-08-27 19:26:03,0.5
bitcoin-up-or-down-august-28-5am-et,UP,6791777700662748561554896865768845768474800581889937927345344110541968706131,1756322822,2025-08-27 19:27:02,0.5
bitcoin-up-or-down-august-28-5am-et,UP,6791777700662748561554896865768845768474800581889937927345344110541968706131,1756322883,2025-08-27 19:28:03,0.5
bitcoin-up-or-down-august-28-5am-et,UP,6791777700662748561554896865768845768474800581889937927345344110541968706131,1756322942,2025-08-27 19:29:02,0.5
bitcoin-up-or-down-august-28-5am-et,UP,6791777700662748561554896865768845768474800581889937927345344110541968706131,1756323005,2025-08-27 19:30:05,0.5
bitcoin-up-or-down-august-28-5am-et,UP,6791777700662748561554896865768845768474800581889937927345344110541968706131,1756323062,2025-08-27 19:31:02,0.5
bitcoin-up-or-down-august-28-5am-et,UP,6791777700662748561554896865768845768474800581889937927345344110541968706131,1756323124,2025-08-27 19:32:04,0.5
bitcoin-up-or-down-august-28-5am-et,UP,6791777700662748561554896865768845768474800581889937927345344110541968706131,1756323182,2025-08-27 19:33:02,0.5
bitcoin-up-or-down-august-28-5am-et,UP,6791777700662748561554896865768845768474800581889937927345344110541968706131,1756323243,2025-08-27 19:34:03,0.5
bitcoin-up-or-down-august-28-5am-et,UP,6791777700662748561554896865768845768474800581889937927345344110541968706131,1756323305,2025-08-27 19:35:05,0.5
bitcoin-up-or-down-august-28-5am-et,UP,6791777700662748561554896865768845768474800581889937927345344110541968706131,1756323364,2025-08-27 19:36:04,0.5
bitcoin-up-or-down-august-28-5am-et,UP,6791777700662748561554896865768845768474800581889937927345344110541968706131,1756323423,2025-08-27 19:37:03,0.5
bitcoin-up-or-down-august-28-5am-et,UP,6791777700662748561554896865768845768474800581889937927345344110541968706131,1756323483,2025-08-27 19:38:03,0.5
bitcoin-up-or-down-august-28-5am-et,UP,6791777700662748561554896865768845768474800581889937927345344110541968706131,1756323544,2025-08-27 19:39:04,0.5
bitcoin-up-or-down-august-28-5am-et,UP,6791777700662748561554896865768845768474800581889937927345344110541968706131,1756323605,2025-08-27 19:40:05,0.5
bitcoin-up-or-down-august-28-5am-et,UP,6791777700662748561554896865768845768474800581889937927345344110541968706131,1756323664,2025-08-27 19:41:04,0.5
bitcoin-up-or-down-august-28-5am-et,UP,6791777700662748561554896865768845768474800581889937927345344110541968706131,1756323723,2025-08-27 19:42:03,0.5
bitcoin-up-or-down-august-28-5am-et,UP,6791777700662748561554896865768845768474800581889937927345344110541968706131,1756323783,2025-08-27 19:43:03,0.5
bitcoin-up-or-down-august-28-5am-et,UP,6791777700662748561554896865768845768474800581889937927345344110541968706131,1756323842,2025-08-27 19:44:02,0.5
bitcoin-up-or-down-august-28-5am-et,UP,6791777700662748561554896865768845768474800581889937927345344110541968706131,1756323906,2025-08-27 19:45:06,0.5
bitcoin-up-or-down-august-28-5am-et,UP,6791777700662748561554896865768845768474800581889937927345344110541968706131,1756323963,2025-08-27 19:46:03,0.5
bitcoin-up-or-down-august-28-5am-et,UP,6791777700662748561554896865768845768474800581889937927345344110541968706131,1756324022,2025-08-27 19:47:02,0.5
bitcoin-up-or-down-august-28-5am-et,UP,6791777700662748561554896865768845768474800581889937927345344110541968706131,1756324083,2025-08-27 19:48:03,0.5
bitcoin-up-or-down-august-28-5am-et,UP,6791777700662748561554896865768845768474800581889937927345344110541968706131,1756324142,2025-08-27 19:49:02,0.5
bitcoin-up-or-down-august-28-5am-et,UP,6791777700662748561554896865768845768474800581889937927345344110541968706131,1756324217,2025-08-27 19:50:17,0.5
bitcoin-up-or-down-august-28-5am-et,UP,6791777700662748561554896865768845768474800581889937927345344110541968706131,1756324263,2025-08-27 19:51:03,0.5
bitcoin-up-or-down-august-28-5am-et,UP,6791777700662748561554896865768845768474800581889937927345344110541968706131,1756324323,2025-08-27 19:52:03,0.5
bitcoin-up-or-down-august-28-5am-et,UP,6791777700662748561554896865768845768474800581889937927345344110541968706131,1756324382,2025-08-27 19:53:02,0.5
bitcoin-up-or-down-august-28-5am-et,UP,6791777700662748561554896865768845768474800581889937927345344110541968706131,1756324444,2025-08-27 19:54:04,0.5
bitcoin-up-or-down-august-28-5am-et,UP,6791777700662748561554896865768845768474800581889937927345344110541968706131,1756324515,2025-08-27 19:55:15,0.5
bitcoin-up-or-down-august-28-5am-et,UP,6791777700662748561554896865768845768474800581889937927345344110541968706131,1756324563,2025-08-27 19:56:03,0.5
bitcoin-up-or-down-august-28-5am-et,UP,6791777700662748561554896865768845768474800581889937927345344110541968706131,1756324624,2025-08-27 19:57:04,0.5
bitcoin-up-or-down-august-28-5am-et,UP,6791777700662748561554896865768845768474800581889937927345344110541968706131,1756324682,2025-08-27 19:58:02,0.5
bitcoin-up-or-down-august-28-5am-et,UP,6791777700662748561554896865768845768474800581889937927345344110541968706131,1756324744,2025-08-27 19:59:04,0.5
bitcoin-up-or-down-august-28-5am-et,UP,6791777700662748561554896865768845768474800581889937927345344110541968706131,1756324816,2025-08-27 20:00:16,0.5
bitcoin-up-or-down-august-28-5am-et,UP,6791777700662748561554896865768845768474800581889937927345344110541968706131,1756324862,2025-08-27 20:01:02,0.5
bitcoin-up-or-down-august-28-5am-et,UP,6791777700662748561554896865768845768474800581889937927345344110541968706131,1756324922,2025-08-27 20:02:02,0.5
bitcoin-up-or-down-august-28-5am-et,UP,6791777700662748561554896865768845768474800581889937927345344110541968706131,1756324984,2025-08-27 20:03:04,0.5
bitcoin-up-or-down-august-28-5am-et,UP,6791777700662748561554896865768845768474800581889937927345344110541968706131,1756325043,2025-08-27 20:04:03,0.5
bitcoin-up-or-down-august-28-5am-et,UP,6791777700662748561554896865768845768474800581889937927345344110541968706131,1756325111,2025-08-27 20:05:11,0.5
bitcoin-up-or-down-august-28-5am-et,UP,6791777700662748561554896865768845768474800581889937927345344110541968706131,1756325163,2025-08-27 20:06:03,0.5
bitcoin-up-or-down-august-28-5am-et,UP,6791777700662748561554896865768845768474800581889937927345344110541968706131,1756325222,2025-08-27 20:07:02,0.5
bitcoin-up-or-down-august-28-5am-et,UP,6791777700662748561554896865768845768474800581889937927345344110541968706131,1756325282,2025-08-27 20:08:02,0.5
bitcoin-up-or-down-august-28-5am-et,UP,6791777700662748561554896865768845768474800581889937927345344110541968706131,1756325343,2025-08-27 20:09:03,0.5
bitcoin-up-or-down-august-28-5am-et,UP,6791777700662748561554896865768845768474800581889937927345344110541968706131,1756325404,2025-08-27 20:10:04,0.5
bitcoin-up-or-down-august-28-5am-et,UP,6791777700662748561554896865768845768474800581889937927345344110541968706131,1756325463,2025-08-27 20:11:03,0.5
bitcoin-up-or-down-august-28-5am-et,UP,6791777700662748561554896865768845768474800581889937927345344110541968706131,1756325524,2025-08-27 20:12:04,0.5
bitcoin-up-or-down-august-28-5am-et,UP,6791777700662748561554896865768845768474800581889937927345344110541968706131,1756325584,2025-08-27 20:13:04,0.5
bitcoin-up-or-down-august-28-5am-et,UP,6791777700662748561554896865768845768474800581889937927345344110541968706131,1756325642,2025-08-27 20:14:02,0.5
bitcoin-up-or-down-august-28-5am-et,UP,6791777700662748561554896865768845768474800581889937927345344110541968706131,1756325703,2025-08-27 20:15:03,0.5
bitcoin-up-or-down-august-28-5am-et,UP,6791777700662748561554896865768845768474800581889937927345344110541968706131,1756325762,2025-08-27 20:16:02,0.5
bitcoin-up-or-down-august-28-5am-et,UP,6791777700662748561554896865768845768474800581889937927345344110541968706131,1756325822,2025-08-27 20:17:02,0.5
bitcoin-up-or-down-august-28-5am-et,UP,6791777700662748561554896865768845768474800581889937927345344110541968706131,1756325884,2025-08-27 20:18:04,0.5
bitcoin-up-or-down-august-28-5am-et,UP,6791777700662748561554896865768845768474800581889937927345344110541968706131,1756325944,2025-08-27 20:19:04,0.5
bitcoin-up-or-down-august-28-5am-et,UP,6791777700662748561554896865768845768474800581889937927345344110541968706131,1756326010,2025-08-27 20:20:10,0.5
bitcoin-up-or-down-august-28-5am-et,UP,6791777700662748561554896865768845768474800581889937927345344110541968706131,1756326062,2025-08-27 20:21:02,0.5
bitcoin-up-or-down-august-28-5am-et,UP,6791777700662748561554896865768845768474800581889937927345344110541968706131,1756326122,2025-08-27 20:22:02,0.5
bitcoin-up-or-down-august-28-5am-et,UP,6791777700662748561554896865768845768474800581889937927345344110541968706131,1756326183,2025-08-27 20:23:03,0.5
bitcoin-up-or-down-august-28-5am-et,UP,6791777700662748561554896865768845768474800581889937927345344110541968706131,1756326242,2025-08-27 20:24:02,0.5
bitcoin-up-or-down-august-28-5am-et,UP,6791777700662748561554896865768845768474800581889937927345344110541968706131,1756326313,2025-08-27 20:25:13,0.5
bitcoin-up-or-down-august-28-5am-et,UP,6791777700662748561554896865768845768474800581889937927345344110541968706131,1756326362,2025-08-27 20:26:02,0.5
bitcoin-up-or-down-august-28-5am-et,UP,6791777700662748561554896865768845768474800581889937927345344110541968706131,1756326422,2025-08-27 20:27:02,0.5
bitcoin-up-or-down-august-28-5am-et,UP,6791777700662748561554896865768845768474800581889937927345344110541968706131,1756326483,2025-08-27 20:28:03,0.5
bitcoin-up-or-down-august-28-5am-et,UP,6791777700662748561554896865768845768474800581889937927345344110541968706131,1756326544,2025-08-27 20:29:04,0.5
bitcoin-up-or-down-august-28-5am-et,UP,6791777700662748561554896865768845768474800581889937927345344110541968706131,1756326614,2025-08-27 20:30:14,0.5
bitcoin-up-or-down-august-28-5am-et,UP,6791777700662748561554896865768845768474800581889937927345344110541968706131,1756326664,2025-08-27 20:31:04,0.5
bitcoin-up-or-down-august-28-5am-et,UP,6791777700662748561554896865768845768474800581889937927345344110541968706131,1756326722,2025-08-27 20:32:02,0.5
bitcoin-up-or-down-august-28-5am-et,UP,6791777700662748561554896865768845768474800581889937927345344110541968706131,1756326782,2025-08-27 20:33:02,0.5
bitcoin-up-or-down-august-28-5am-et,UP,6791777700662748561554896865768845768474800581889937927345344110541968706131,1756326843,2025-08-27 20:34:03,0.5
bitcoin-up-or-down-august-28-5am-et,UP,6791777700662748561554896865768845768474800581889937927345344110541968706131,1756326903,2025-08-27 20:35:03,0.5
bitcoin-up-or-down-august-28-5am-et,UP,6791777700662748561554896865768845768474800581889937927345344110541968706131,1756326962,2025-08-27 20:36:02,0.5
bitcoin-up-or-down-august-28-5am-et,UP,6791777700662748561554896865768845768474800581889937927345344110541968706131,1756327024,2025-08-27 20:37:04,0.5
bitcoin-up-or-down-august-28-5am-et,UP,6791777700662748561554896865768845768474800581889937927345344110541968706131,1756327083,2025-08-27 20:38:03,0.5
bitcoin-up-or-down-august-28-5am-et,UP,6791777700662748561554896865768845768474800581889937927345344110541968706131,1756327143,2025-08-27 20:39:03,0.5
bitcoin-up-or-down-august-28-5am-et,UP,6791777700662748561554896865768845768474800581889937927345344110541968706131,1756327212,2025-08-27 20:40:12,0.5
bitcoin-up-or-down-august-28-5am-et,UP,6791777700662748561554896865768845768474800581889937927345344110541968706131,1756327263,2025-08-27 20:41:03,0.5
bitcoin-up-or-down-august-28-5am-et,UP,6791777700662748561554896865768845768474800581889937927345344110541968706131,1756327323,2025-08-27 20:42:03,0.5
bitcoin-up-or-down-august-28-5am-et,UP,6791777700662748561554896865768845768474800581889937927345344110541968706131,1756327383,2025-08-27 20:43:03,0.5
bitcoin-up-or-down-august-28-5am-et,UP,6791777700662748561554896865768845768474800581889937927345344110541968706131,1756327442,2025-08-27 20:44:02,0.5
bitcoin-up-or-down-august-28-5am-et,UP,6791777700662748561554896865768845768474800581889937927345344110541968706131,1756327502,2025-08-27 20:45:02,0.5
bitcoin-up-or-down-august-28-5am-et,UP,6791777700662748561554896865768845768474800581889937927345344110541968706131,1756327564,2025-08-27 20:46:04,0.5
bitcoin-up-or-down-august-28-5am-et,UP,6791777700662748561554896865768845768474800581889937927345344110541968706131,1756327623,2025-08-27 20:47:03,0.5
bitcoin-up-or-down-august-28-5am-et,UP,6791777700662748561554896865768845768474800581889937927345344110541968706131,1756327683,2025-08-27 20:48:03,0.5
bitcoin-up-or-down-august-28-5am-et,UP,6791777700662748561554896865768845768474800581889937927345344110541968706131,1756327743,2025-08-27 20:49:03,0.5
bitcoin-up-or-down-august-28-5am-et,UP,6791777700662748561554896865768845768474800581889937927345344110541968706131,1756327808,2025-08-27 20:50:08,0.5
bitcoin-up-or-down-august-28-5am-et,UP,6791777700662748561554896865768845768474800581889937927345344110541968706131,1756327864,2025-08-27 20:51:04,0.5
bitcoin-up-or-down-august-28-5am-et,UP,6791777700662748561554896865768845768474800581889937927345344110541968706131,1756327923,2025-08-27 20:52:03,0.5
bitcoin-up-or-down-august-28-5am-et,UP,6791777700662748561554896865768845768474800581889937927345344110541968706131,1756327982,2025-08-27 20:53:02,0.5
bitcoin-up-or-down-august-28-5am-et,UP,6791777700662748561554896865768845768474800581889937927345344110541968706131,1756328043,2025-08-27 20:54:03,0.5
bitcoin-up-or-down-august-28-5am-et,UP,6791777700662748561554896865768845768474800581889937927345344110541968706131,1756328108,2025-08-27 20:55:08,0.5
bitcoin-up-or-down-august-28-5am-et,UP,6791777700662748561554896865768845768474800581889937927345344110541968706131,1756328162,2025-08-27 20:56:02,0.5
bitcoin-up-or-down-august-28-5am-et,UP,6791777700662748561554896865768845768474800581889937927345344110541968706131,1756328223,2025-08-27 20:57:03,0.5
bitcoin-up-or-down-august-28-5am-et,UP,6791777700662748561554896865768845768474800581889937927345344110541968706131,1756328283,2025-08-27 20:58:03,0.5
bitcoin-up-or-down-august-28-5am-et,UP,6791777700662748561554896865768845768474800581889937927345344110541968706131,1756328342,2025-08-27 20:59:02,0.5
bitcoin-up-or-down-august-28-5am-et,UP,6791777700662748561554896865768845768474800581889937927345344110541968706131,1756328415,2025-08-27 21:00:15,0.5
bitcoin-up-or-down-august-28-5am-et,UP,6791777700662748561554896865768845768474800581889937927345344110541968706131,1756328464,2025-08-27 21:01:04,0.5
bitcoin-up-or-down-august-28-5am-et,UP,6791777700662748561554896865768845768474800581889937927345344110541968706131,1756328523,2025-08-27 21:02:03,0.5
bitcoin-up-or-down-august-28-5am-et,UP,6791777700662748561554896865768845768474800581889937927345344110541968706131,1756328584,2025-08-27 21:03:04,0.5
bitcoin-up-or-down-august-28-5am-et,UP,6791777700662748561554896865768845768474800581889937927345344110541968706131,1756328644,2025-08-27 21:04:04,0.5
bitcoin-up-or-down-august-28-5am-et,UP,6791777700662748561554896865768845768474800581889937927345344110541968706131,1756328702,2025-08-27 21:05:02,0.5
bitcoin-up-or-down-august-28-5am-et,UP,6791777700662748561554896865768845768474800581889937927345344110541968706131,1756328762,2025-08-27 21:06:02,0.5
bitcoin-up-or-down-august-28-5am-et,UP,6791777700662748561554896865768845768474800581889937927345344110541968706131,1756328823,2025-08-27 21:07:03,0.5
bitcoin-up-or-down-august-28-5am-et,UP,6791777700662748561554896865768845768474800581889937927345344110541968706131,1756328883,2025-08-27 21:08:03,0.5
bitcoin-up-or-down-august-28-5am-et,UP,6791777700662748561554896865768845768474800581889937927345344110541968706131,1756328944,2025-08-27 21:09:04,0.5
bitcoin-up-or-down-august-28-5am-et,UP,6791777700662748561554896865768845768474800581889937927345344110541968706131,1756329011,2025-08-27 21:10:11,0.5
bitcoin-up-or-down-august-28-5am-et,UP,6791777700662748561554896865768845768474800581889937927345344110541968706131,1756329062,2025-08-27 21:11:02,0.5
bitcoin-up-or-down-august-28-5am-et,UP,6791777700662748561554896865768845768474800581889937927345344110541968706131,1756329123,2025-08-27 21:12:03,0.5
bitcoin-up-or-down-august-28-5am-et,UP,6791777700662748561554896865768845768474800581889937927345344110541968706131,1756329184,2025-08-27 21:13:04,0.5
bitcoin-up-or-down-august-28-5am-et,UP,6791777700662748561554896865768845768474800581889937927345344110541968706131,1756329242,2025-08-27 21:14:02,0.5
bitcoin-up-or-down-august-28-5am-et,UP,6791777700662748561554896865768845768474800581889937927345344110541968706131,1756329313,2025-08-27 21:15:13,0.5
bitcoin-up-or-down-august-28-5am-et,UP,6791777700662748561554896865768845768474800581889937927345344110541968706131,1756329362,2025-08-27 21:16:02,0.5
bitcoin-up-or-down-august-28-5am-et,UP,6791777700662748561554896865768845768474800581889937927345344110541968706131,1756329424,2025-08-27 21:17:04,0.5
bitcoin-up-or-down-august-28-5am-et,UP,6791777700662748561554896865768845768474800581889937927345344110541968706131,1756329482,2025-08-27 21:18:02,0.5
bitcoin-up-or-down-august-28-5am-et,UP,6791777700662748561554896865768845768474800581889937927345344110541968706131,1756329542,2025-08-27 21:19:02,0.5
bitcoin-up-or-down-august-28-5am-et,UP,6791777700662748561554896865768845768474800581889937927345344110541968706131,1756329611,2025-08-27 21:20:11,0.5
bitcoin-up-or-down-august-28-5am-et,UP,6791777700662748561554896865768845768474800581889937927345344110541968706131,1756329663,2025-08-27 21:21:03,0.5
bitcoin-up-or-down-august-28-5am-et,UP,6791777700662748561554896865768845768474800581889937927345344110541968706131,1756329722,2025-08-27 21:22:02,0.5
bitcoin-up-or-down-august-28-5am-et,UP,6791777700662748561554896865768845768474800581889937927345344110541968706131,1756329783,2025-08-27 21:23:03,0.5
bitcoin-up-or-down-august-28-5am-et,UP,6791777700662748561554896865768845768474800581889937927345344110541968706131,1756329842,2025-08-27 21:24:02,0.5
bitcoin-up-or-down-august-28-5am-et,UP,6791777700662748561554896865768845768474800581889937927345344110541968706131,1756329905,2025-08-27 21:25:05,0.5
bitcoin-up-or-down-august-28-5am-et,UP,6791777700662748561554896865768845768474800581889937927345344110541968706131,1756329963,2025-08-27 21:26:03,0.5
bitcoin-up-or-down-august-28-5am-et,UP,6791777700662748561554896865768845768474800581889937927345344110541968706131,1756330023,2025-08-27 21:27:03,0.5
bitcoin-up-or-down-august-28-5am-et,UP,6791777700662748561554896865768845768474800581889937927345344110541968706131,1756330084,2025-08-27 21:28:04,0.5
bitcoin-up-or-down-august-28-5am-et,UP,6791777700662748561554896865768845768474800581889937927345344110541968706131,1756330144,2025-08-27 21:29:04,0.5
bitcoin-up-or-down-august-28-5am-et,UP,6791777700662748561554896865768845768474800581889937927345344110541968706131,1756330211,2025-08-27 21:30:11,0.5
bitcoin-up-or-down-august-28-5am-et,UP,6791777700662748561554896865768845768474800581889937927345344110541968706131,1756330262,2025-08-27 21:31:02,0.5
bitcoin-up-or-down-august-28-5am-et,UP,6791777700662748561554896865768845768474800581889937927345344110541968706131,1756330324,2025-08-27 21:32:04,0.5
bitcoin-up-or-down-august-28-5am-et,UP,6791777700662748561554896865768845768474800581889937927345344110541968706131,1756330384,2025-08-27 21:33:04,0.5
bitcoin-up-or-down-august-28-5am-et,UP,6791777700662748561554896865768845768474800581889937927345344110541968706131,1756330443,2025-08-27 21:34:03,0.5
bitcoin-up-or-down-august-28-5am-et,UP,6791777700662748561554896865768845768474800581889937927345344110541968706131,1756330507,2025-08-27 21:35:07,0.5
bitcoin-up-or-down-august-28-5am-et,UP,6791777700662748561554896865768845768474800581889937927345344110541968706131,1756330563,2025-08-27 21:36:03,0.5
bitcoin-up-or-down-august-28-5am-et,UP,6791777700662748561554896865768845768474800581889937927345344110541968706131,1756330623,2025-08-27 21:37:03,0.5
bitcoin-up-or-down-august-28-5am-et,UP,6791777700662748561554896865768845768474800581889937927345344110541968706131,1756330683,2025-08-27 21:38:03,0.5
bitcoin-up-or-down-august-28-5am-et,UP,6791777700662748561554896865768845768474800581889937927345344110541968706131,1756330742,2025-08-27 21:39:02,0.5
bitcoin-up-or-down-august-28-5am-et,UP,6791777700662748561554896865768845768474800581889937927345344110541968706131,1756330816,2025-08-27 21:40:16,0.5
bitcoin-up-or-down-august-28-5am-et,UP,6791777700662748561554896865768845768474800581889937927345344110541968706131,1756330863,2025-08-27 21:41:03,0.5
bitcoin-up-or-down-august-28-5am-et,UP,6791777700662748561554896865768845768474800581889937927345344110541968706131,1756330923,2025-08-27 21:42:03,0.5
bitcoin-up-or-down-august-28-5am-et,UP,6791777700662748561554896865768845768474800581889937927345344110541968706131,1756330984,2025-08-27 21:43:04,0.5
bitcoin-up-or-down-august-28-5am-et,UP,6791777700662748561554896865768845768474800581889937927345344110541968706131,1756331042,2025-08-27 21:44:02,0.5
bitcoin-up-or-down-august-28-5am-et,UP,6791777700662748561554896865768845768474800581889937927345344110541968706131,1756331116,2025-08-27 21:45:16,0.5
bitcoin-up-or-down-august-28-5am-et,UP,6791777700662748561554896865768845768474800581889937927345344110541968706131,1756331162,2025-08-27 21:46:02,0.5
bitcoin-up-or-down-august-28-5am-et,UP,6791777700662748561554896865768845768474800581889937927345344110541968706131,1756331224,2025-08-27 21:47:04,0.5
bitcoin-up-or-down-august-28-5am-et,UP,6791777700662748561554896865768845768474800581889937927345344110541968706131,1756331282,2025-08-27 21:48:02,0.5
bitcoin-up-or-down-august-28-5am-et,UP,6791777700662748561554896865768845768474800581889937927345344110541968706131,1756331343,2025-08-27 21:49:03,0.5
bitcoin-up-or-down-august-28-5am-et,UP,6791777700662748561554896865768845768474800581889937927345344110541968706131,1756331402,2025-08-27 21:50:02,0.5
bitcoin-up-or-down-august-28-5am-et,UP,6791777700662748561554896865768845768474800581889937927345344110541968706131,1756331462,2025-08-27 21:51:02,0.5
bitcoin-up-or-down-august-28-5am-et,UP,6791777700662748561554896865768845768474800581889937927345344110541968706131,1756331522,2025-08-27 21:52:02,0.5
bitcoin-up-or-down-august-28-5am-et,UP,6791777700662748561554896865768845768474800581889937927345344110541968706131,1756331583,2025-08-27 21:53:03,0.5
bitcoin-up-or-down-august-28-5am-et,UP,6791777700662748561554896865768845768474800581889937927345344110541968706131,1756331644,2025-08-27 21:54:04,0.5
bitcoin-up-or-down-august-28-5am-et,UP,6791777700662748561554896865768845768474800581889937927345344110541968706131,1756331712,2025-08-27 21:55:12,0.5
bitcoin-up-or-down-august-28-5am-et,UP,6791777700662748561554896865768845768474800581889937927345344110541968706131,1756331764,2025-08-27 21:56:04,0.5
bitcoin-up-or-down-august-28-5am-et,UP,6791777700662748561554896865768845768474800581889937927345344110541968706131,1756331824,2025-08-27 21:57:04,0.5
bitcoin-up-or-down-august-28-5am-et,UP,6791777700662748561554896865768845768474800581889937927345344110541968706131,1756331882,2025-08-27 21:58:02,0.5
bitcoin-up-or-down-august-28-5am-et,UP,6791777700662748561554896865768845768474800581889937927345344110541968706131,1756331942,2025-08-27 21:59:02,0.5
bitcoin-up-or-down-august-28-5am-et,UP,6791777700662748561554896865768845768474800581889937927345344110541968706131,1756332004,2025-08-27 22:00:04,0.5
bitcoin-up-or-down-august-28-5am-et,UP,6791777700662748561554896865768845768474800581889937927345344110541968706131,1756332063,2025-08-27 22:01:03,0.5
bitcoin-up-or-down-august-28-5am-et,UP,6791777700662748561554896865768845768474800581889937927345344110541968706131,1756332123,2025-08-27 22:02:03,0.5
bitcoin-up-or-down-august-28-5am-et,UP,6791777700662748561554896865768845768474800581889937927345344110541968706131,1756332182,2025-08-27 22:03:02,0.5
bitcoin-up-or-down-august-28-5am-et,UP,6791777700662748561554896865768845768474800581889937927345344110541968706131,1756332244,2025-08-27 22:04:04,0.5
bitcoin-up-or-down-august-28-5am-et,UP,6791777700662748561554896865768845768474800581889937927345344110541968706131,1756332310,2025-08-27 22:05:10,0.5
bitcoin-up-or-down-august-28-5am-et,UP,6791777700662748561554896865768845768474800581889937927345344110541968706131,1756332367,2025-08-27 22:06:07,0.5
bitcoin-up-or-down-august-28-5am-et,UP,6791777700662748561554896865768845768474800581889937927345344110541968706131,1756332423,2025-08-27 22:07:03,0.5
bitcoin-up-or-down-august-28-5am-et,UP,6791777700662748561554896865768845768474800581889937927345344110541968706131,1756332482,2025-08-27 22:08:02,0.5
bitcoin-up-or-down-august-28-5am-et,UP,6791777700662748561554896865768845768474800581889937927345344110541968706131,1756332544,2025-08-27 22:09:04,0.5
bitcoin-up-or-down-august-28-5am-et,UP,6791777700662748561554896865768845768474800581889937927345344110541968706131,1756332616,2025-08-27 22:10:16,0.5
bitcoin-up-or-down-august-28-5am-et,UP,6791777700662748561554896865768845768474800581889937927345344110541968706131,1756332663,2025-08-27 22:11:03,0.5
bitcoin-up-or-down-august-28-5am-et,UP,6791777700662748561554896865768845768474800581889937927345344110541968706131,1756332723,2025-08-27 22:12:03,0.5
bitcoin-up-or-down-august-28-5am-et,UP,6791777700662748561554896865768845768474800581889937927345344110541968706131,1756332783,2025-08-27 22:13:03,0.5
bitcoin-up-or-down-august-28-5am-et,UP,6791777700662748561554896865768845768474800581889937927345344110541968706131,1756332844,2025-08-27 22:14:04,0.5
bitcoin-up-or-down-august-28-5am-et,UP,6791777700662748561554896865768845768474800581889937927345344110541968706131,1756332910,2025-08-27 22:15:10,0.5
bitcoin-up-or-down-august-28-5am-et,UP,6791777700662748561554896865768845768474800581889937927345344110541968706131,1756332963,2025-08-27 22:16:03,0.5
bitcoin-up-or-down-august-28-5am-et,UP,6791777700662748561554896865768845768474800581889937927345344110541968706131,1756333023,2025-08-27 22:17:03,0.5
bitcoin-up-or-down-august-28-5am-et,UP,6791777700662748561554896865768845768474800581889937927345344110541968706131,1756333082,2025-08-27 22:18:02,0.5
bitcoin-up-or-down-august-28-5am-et,UP,6791777700662748561554896865768845768474800581889937927345344110541968706131,1756333143,2025-08-27 22:19:03,0.5
bitcoin-up-or-down-august-28-5am-et,UP,6791777700662748561554896865768845768474800581889937927345344110541968706131,1756333216,2025-08-27 22:20:16,0.5
bitcoin-up-or-down-august-28-5am-et,UP,6791777700662748561554896865768845768474800581889937927345344110541968706131,1756333263,2025-08-27 22:21:03,0.5
bitcoin-up-or-down-august-28-5am-et,UP,6791777700662748561554896865768845768474800581889937927345344110541968706131,1756333323,2025-08-27 22:22:03,0.5
bitcoin-up-or-down-august-28-5am-et,UP,6791777700662748561554896865768845768474800581889937927345344110541968706131,1756333384,2025-08-27 22:23:04,0.5
bitcoin-up-or-down-august-28-5am-et,UP,6791777700662748561554896865768845768474800581889937927345344110541968706131,1756333442,2025-08-27 22:24:02,0.5
bitcoin-up-or-down-august-28-5am-et,UP,6791777700662748561554896865768845768474800581889937927345344110541968706131,1756333505,2025-08-27 22:25:05,0.5
bitcoin-up-or-down-august-28-5am-et,UP,6791777700662748561554896865768845768474800581889937927345344110541968706131,1756333562,2025-08-27 22:26:02,0.5
bitcoin-up-or-down-august-28-5am-et,UP,6791777700662748561554896865768845768474800581889937927345344110541968706131,1756333623,2025-08-27 22:27:03,0.5
bitcoin-up-or-down-august-28-5am-et,UP,6791777700662748561554896865768845768474800581889937927345344110541968706131,1756333682,2025-08-27 22:28:02,0.5
bitcoin-up-or-down-august-28-5am-et,UP,6791777700662748561554896865768845768474800581889937927345344110541968706131,1756333743,2025-08-27 22:29:03,0.5
bitcoin-up-or-down-august-28-5am-et,UP,6791777700662748561554896865768845768474800581889937927345344110541968706131,1756333808,2025-08-27 22:30:08,0.5
bitcoin-up-or-down-august-28-5am-et,UP,6791777700662748561554896865768845768474800581889937927345344110541968706131,1756333863,2025-08-27 22:31:03,0.5
bitcoin-up-or-down-august-28-5am-et,UP,6791777700662748561554896865768845768474800581889937927345344110541968706131,1756333923,2025-08-27 22:32:03,0.5
bitcoin-up-or-down-august-28-5am-et,UP,6791777700662748561554896865768845768474800581889937927345344110541968706131,1756333983,2025-08-27 22:33:03,0.5
bitcoin-up-or-down-august-28-5am-et,UP,6791777700662748561554896865768845768474800581889937927345344110541968706131,1756334042,2025-08-27 22:34:02,0.5
bitcoin-up-or-down-august-28-5am-et,UP,6791777700662748561554896865768845768474800581889937927345344110541968706131,1756334104,2025-08-27 22:35:04,0.5
bitcoin-up-or-down-august-28-5am-et,UP,6791777700662748561554896865768845768474800581889937927345344110541968706131,1756334165,2025-08-27 22:36:05,0.5
bitcoin-up-or-down-august-28-5am-et,UP,6791777700662748561554896865768845768474800581889937927345344110541968706131,1756334223,2025-08-27 22:37:03,0.5
bitcoin-up-or-down-august-28-5am-et,UP,6791777700662748561554896865768845768474800581889937927345344110541968706131,1756334284,2025-08-27 22:38:04,0.5
bitcoin-up-or-down-august-28-5am-et,UP,6791777700662748561554896865768845768474800581889937927345344110541968706131,1756334343,2025-08-27 22:39:03,0.5
bitcoin-up-or-down-august-28-5am-et,UP,6791777700662748561554896865768845768474800581889937927345344110541968706131,1756334402,2025-08-27 22:40:02,0.5
bitcoin-up-or-down-august-28-5am-et,UP,6791777700662748561554896865768845768474800581889937927345344110541968706131,1756334463,2025-08-27 22:41:03,0.5
bitcoin-up-or-down-august-28-5am-et,UP,6791777700662748561554896865768845768474800581889937927345344110541968706131,1756334522,2025-08-27 22:42:02,0.5
bitcoin-up-or-down-august-28-5am-et,UP,6791777700662748561554896865768845768474800581889937927345344110541968706131,1756334582,2025-08-27 22:43:02,0.5
bitcoin-up-or-down-august-28-5am-et,UP,6791777700662748561554896865768845768474800581889937927345344110541968706131,1756334644,2025-08-27 22:44:04,0.5
bitcoin-up-or-down-august-28-5am-et,UP,6791777700662748561554896865768845768474800581889937927345344110541968706131,1756334716,2025-08-27 22:45:16,0.5
bitcoin-up-or-down-august-28-5am-et,UP,6791777700662748561554896865768845768474800581889937927345344110541968706131,1756334764,2025-08-27 22:46:04,0.5
bitcoin-up-or-down-august-28-5am-et,UP,6791777700662748561554896865768845768474800581889937927345344110541968706131,1756334823,2025-08-27 22:47:03,0.5
bitcoin-up-or-down-august-28-5am-et,UP,6791777700662748561554896865768845768474800581889937927345344110541968706131,1756334882,2025-08-27 22:48:02,0.5
bitcoin-up-or-down-august-28-5am-et,UP,6791777700662748561554896865768845768474800581889937927345344110541968706131,1756334944,2025-08-27 22:49:04,0.5
bitcoin-up-or-down-august-28-5am-et,UP,6791777700662748561554896865768845768474800581889937927345344110541968706131,1756335015,2025-08-27 22:50:15,0.5
bitcoin-up-or-down-august-28-5am-et,UP,6791777700662748561554896865768845768474800581889937927345344110541968706131,1756335063,2025-08-27 22:51:03,0.5
bitcoin-up-or-down-august-28-5am-et,UP,6791777700662748561554896865768845768474800581889937927345344110541968706131,1756335123,2025-08-27 22:52:03,0.5
bitcoin-up-or-down-august-28-5am-et,UP,6791777700662748561554896865768845768474800581889937927345344110541968706131,1756335182,2025-08-27 22:53:02,0.5
bitcoin-up-or-down-august-28-5am-et,UP,6791777700662748561554896865768845768474800581889937927345344110541968706131,1756335243,2025-08-27 22:54:03,0.5
bitcoin-up-or-down-august-28-5am-et,UP,6791777700662748561554896865768845768474800581889937927345344110541968706131,1756335308,2025-08-27 22:55:08,0.5
bitcoin-up-or-down-august-28-5am-et,UP,6791777700662748561554896865768845768474800581889937927345344110541968706131,1756335364,2025-08-27 22:56:04,0.5
bitcoin-up-or-down-august-28-5am-et,UP,6791777700662748561554896865768845768474800581889937927345344110541968706131,1756335424,2025-08-27 22:57:04,0.5
bitcoin-up-or-down-august-28-5am-et,UP,6791777700662748561554896865768845768474800581889937927345344110541968706131,1756335483,2025-08-27 22:58:03,0.5
bitcoin-up-or-down-august-28-5am-et,UP,6791777700662748561554896865768845768474800581889937927345344110541968706131,1756335543,2025-08-27 22:59:03,0.5
bitcoin-up-or-down-august-28-5am-et,UP,6791777700662748561554896865768845768474800581889937927345344110541968706131,1756335603,2025-08-27 23:00:03,0.5
bitcoin-up-or-down-august-28-5am-et,UP,6791777700662748561554896865768845768474800581889937927345344110541968706131,1756335663,2025-08-27 23:01:03,0.5
bitcoin-up-or-down-august-28-5am-et,UP,6791777700662748561554896865768845768474800581889937927345344110541968706131,1756335724,2025-08-27 23:02:04,0.5
bitcoin-up-or-down-august-28-5am-et,UP,6791777700662748561554896865768845768474800581889937927345344110541968706131,1756335782,2025-08-27 23:03:02,0.5
bitcoin-up-or-down-august-28-5am-et,UP,6791777700662748561554896865768845768474800581889937927345344110541968706131,1756335843,2025-08-27 23:04:03,0.5
bitcoin-up-or-down-august-28-5am-et,UP,6791777700662748561554896865768845768474800581889937927345344110541968706131,1756335903,2025-08-27 23:05:03,0.5
bitcoin-up-or-down-august-28-5am-et,UP,6791777700662748561554896865768845768474800581889937927345344110541968706131,1756335962,2025-08-27 23:06:02,0.5
bitcoin-up-or-down-august-28-5am-et,UP,6791777700662748561554896865768845768474800581889937927345344110541968706131,1756336024,2025-08-27 23:07:04,0.5
bitcoin-up-or-down-august-28-5am-et,UP,6791777700662748561554896865768845768474800581889937927345344110541968706131,1756336083,2025-08-27 23:08:03,0.5
bitcoin-up-or-down-august-28-5am-et,UP,6791777700662748561554896865768845768474800581889937927345344110541968706131,1756336144,2025-08-27 23:09:04,0.5
bitcoin-up-or-down-august-28-5am-et,UP,6791777700662748561554896865768845768474800581889937927345344110541968706131,1756336207,2025-08-27 23:10:07,0.5
bitcoin-up-or-down-august-28-5am-et,UP,6791777700662748561554896865768845768474800581889937927345344110541968706131,1756336263,2025-08-27 23:11:03,0.5
bitcoin-up-or-down-august-28-5am-et,UP,6791777700662748561554896865768845768474800581889937927345344110541968706131,1756336324,2025-08-27 23:12:04,0.5
bitcoin-up-or-down-august-28-5am-et,UP,6791777700662748561554896865768845768474800581889937927345344110541968706131,1756336382,2025-08-27 23:13:02,0.5
bitcoin-up-or-down-august-28-5am-et,UP,6791777700662748561554896865768845768474800581889937927345344110541968706131,1756336443,2025-08-27 23:14:03,0.5
bitcoin-up-or-down-august-28-5am-et,UP,6791777700662748561554896865768845768474800581889937927345344110541968706131,1756336505,2025-08-27 23:15:05,0.5
bitcoin-up-or-down-august-28-5am-et,UP,6791777700662748561554896865768845768474800581889937927345344110541968706131,1756336563,2025-08-27 23:16:03,0.5
bitcoin-up-or-down-august-28-5am-et,UP,6791777700662748561554896865768845768474800581889937927345344110541968706131,1756336623,2025-08-27 23:17:03,0.5
bitcoin-up-or-down-august-28-5am-et,UP,6791777700662748561554896865768845768474800581889937927345344110541968706131,1756336682,2025-08-27 23:18:02,0.5
bitcoin-up-or-down-august-28-5am-et,UP,6791777700662748561554896865768845768474800581889937927345344110541968706131,1756336742,2025-08-27 23:19:02,0.5
bitcoin-up-or-down-august-28-5am-et,UP,6791777700662748561554896865768845768474800581889937927345344110541968706131,1756336816,2025-08-27 23:20:16,0.5
bitcoin-up-or-down-august-28-5am-et,UP,6791777700662748561554896865768845768474800581889937927345344110541968706131,1756336863,2025-08-27 23:21:03,0.5
bitcoin-up-or-down-august-28-5am-et,UP,6791777700662748561554896865768845768474800581889937927345344110541968706131,1756336924,2025-08-27 23:22:04,0.5
bitcoin-up-or-down-august-28-5am-et,UP,6791777700662748561554896865768845768474800581889937927345344110541968706131,1756336982,2025-08-27 23:23:02,0.5
bitcoin-up-or-down-august-28-5am-et,UP,6791777700662748561554896865768845768474800581889937927345344110541968706131,1756337042,2025-08-27 23:24:02,0.5
bitcoin-up-or-down-august-28-5am-et,UP,6791777700662748561554896865768845768474800581889937927345344110541968706131,1756337103,2025-08-27 23:25:03,0.5
bitcoin-up-or-down-august-28-5am-et,UP,6791777700662748561554896865768845768474800581889937927345344110541968706131,1756337163,2025-08-27 23:26:03,0.5
bitcoin-up-or-down-august-28-5am-et,UP,6791777700662748561554896865768845768474800581889937927345344110541968706131,1756337222,2025-08-27 23:27:02,0.5
bitcoin-up-or-down-august-28-5am-et,UP,6791777700662748561554896865768845768474800581889937927345344110541968706131,1756337284,2025-08-27 23:28:04,0.5
bitcoin-up-or-down-august-28-5am-et,UP,6791777700662748561554896865768845768474800581889937927345344110541968706131,1756337342,2025-08-27 23:29:02,0.5
bitcoin-up-or-down-august-28-5am-et,UP,6791777700662748561554896865768845768474800581889937927345344110541968706131,1756337412,2025-08-27 23:30:12,0.5
bitcoin-up-or-down-august-28-5am-et,UP,6791777700662748561554896865768845768474800581889937927345344110541968706131,1756337463,2025-08-27 23:31:03,0.5
bitcoin-up-or-down-august-28-5am-et,UP,6791777700662748561554896865768845768474800581889937927345344110541968706131,1756337522,2025-08-27 23:32:02,0.5
bitcoin-up-or-down-august-28-5am-et,UP,6791777700662748561554896865768845768474800581889937927345344110541968706131,1756337584,2025-08-27 23:33:04,0.5
bitcoin-up-or-down-august-28-5am-et,UP,6791777700662748561554896865768845768474800581889937927345344110541968706131,1756337644,2025-08-27 23:34:04,0.5
bitcoin-up-or-down-august-28-5am-et,UP,6791777700662748561554896865768845768474800581889937927345344110541968706131,1756337712,2025-08-27 23:35:12,0.5
bitcoin-up-or-down-august-28-5am-et,UP,6791777700662748561554896865768845768474800581889937927345344110541968706131,1756337764,2025-08-27 23:36:04,0.5
bitcoin-up-or-down-august-28-5am-et,UP,6791777700662748561554896865768845768474800581889937927345344110541968706131,1756337822,2025-08-27 23:37:02,0.5
bitcoin-up-or-down-august-28-5am-et,UP,6791777700662748561554896865768845768474800581889937927345344110541968706131,1756337882,2025-08-27 23:38:02,0.5
bitcoin-up-or-down-august-28-5am-et,UP,6791777700662748561554896865768845768474800581889937927345344110541968706131,1756337943,2025-08-27 23:39:03,0.5
bitcoin-up-or-down-august-28-5am-et,UP,6791777700662748561554896865768845768474800581889937927345344110541968706131,1756338003,2025-08-27 23:40:03,0.5
bitcoin-up-or-down-august-28-5am-et,UP,6791777700662748561554896865768845768474800581889937927345344110541968706131,1756338062,2025-08-27 23:41:02,0.5
bitcoin-up-or-down-august-28-5am-et,UP,6791777700662748561554896865768845768474800581889937927345344110541968706131,1756338123,2025-08-27 23:42:03,0.5
bitcoin-up-or-down-august-28-5am-et,UP,6791777700662748561554896865768845768474800581889937927345344110541968706131,1756338182,2025-08-27 23:43:02,0.5
bitcoin-up-or-down-august-28-5am-et,UP,6791777700662748561554896865768845768474800581889937927345344110541968706131,1756338242,2025-08-27 23:44:02,0.5
bitcoin-up-or-down-august-28-5am-et,UP,6791777700662748561554896865768845768474800581889937927345344110541968706131,1756338309,2025-08-27 23:45:09,0.5
bitcoin-up-or-down-august-28-5am-et,UP,6791777700662748561554896865768845768474800581889937927345344110541968706131,1756338363,2025-08-27 23:46:03,0.5
bitcoin-up-or-down-august-28-5am-et,UP,6791777700662748561554896865768845768474800581889937927345344110541968706131,1756338423,2025-08-27 23:47:03,0.5
bitcoin-up-or-down-august-28-5am-et,UP,6791777700662748561554896865768845768474800581889937927345344110541968706131,1756338483,2025-08-27 23:48:03,0.5
bitcoin-up-or-down-august-28-5am-et,UP,6791777700662748561554896865768845768474800581889937927345344110541968706131,1756338542,2025-08-27 23:49:02,0.5
bitcoin-up-or-down-august-28-5am-et,UP,6791777700662748561554896865768845768474800581889937927345344110541968706131,1756338618,2025-08-27 23:50:18,0.5
bitcoin-up-or-down-august-28-5am-et,UP,6791777700662748561554896865768845768474800581889937927345344110541968706131,1756338663,2025-08-27 23:51:03,0.5
bitcoin-up-or-down-august-28-5am-et,UP,6791777700662748561554896865768845768474800581889937927345344110541968706131,1756338722,2025-08-27 23:52:02,0.5
bitcoin-up-or-down-august-28-5am-et,UP,6791777700662748561554896865768845768474800581889937927345344110541968706131,1756338782,2025-08-27 23:53:02,0.5
bitcoin-up-or-down-august-28-5am-et,UP,6791777700662748561554896865768845768474800581889937927345344110541968706131,1756338842,2025-08-27 23:54:02,0.5
bitcoin-up-or-down-august-28-5am-et,UP,6791777700662748561554896865768845768474800581889937927345344110541968706131,1756338904,2025-08-27 23:55:04,0.5
bitcoin-up-or-down-august-28-5am-et,UP,6791777700662748561554896865768845768474800581889937927345344110541968706131,1756338964,2025-08-27 23:56:04,0.5
bitcoin-up-or-down-august-28-5am-et,UP,6791777700662748561554896865768845768474800581889937927345344110541968706131,1756339022,2025-08-27 23:57:02,0.5
bitcoin-up-or-down-august-28-5am-et,UP,6791777700662748561554896865768845768474800581889937927345344110541968706131,1756339082,2025-08-27 23:58:02,0.5
bitcoin-up-or-down-august-28-5am-et,UP,6791777700662748561554896865768845768474800581889937927345344110541968706131,1756339142,2025-08-27 23:59:02,0.5
bitcoin-up-or-down-august-28-5am-et,UP,6791777700662748561554896865768845768474800581889937927345344110541968706131,1756339208,2025-08-28 00:00:08,0.5
bitcoin-up-or-down-august-28-5am-et,UP,6791777700662748561554896865768845768474800581889937927345344110541968706131,1756339263,2025-08-28 00:01:03,0.5
bitcoin-up-or-down-august-28-5am-et,UP,6791777700662748561554896865768845768474800581889937927345344110541968706131,1756339322,2025-08-28 00:02:02,0.5
bitcoin-up-or-down-august-28-5am-et,UP,6791777700662748561554896865768845768474800581889937927345344110541968706131,1756339383,2025-08-28 00:03:03,0.5
bitcoin-up-or-down-august-28-5am-et,UP,6791777700662748561554896865768845768474800581889937927345344110541968706131,1756339442,2025-08-28 00:04:02,0.5
bitcoin-up-or-down-august-28-5am-et,UP,6791777700662748561554896865768845768474800581889937927345344110541968706131,1756339503,2025-08-28 00:05:03,0.5
bitcoin-up-or-down-august-28-5am-et,UP,6791777700662748561554896865768845768474800581889937927345344110541968706131,1756339562,2025-08-28 00:06:02,0.5
bitcoin-up-or-down-august-28-5am-et,UP,6791777700662748561554896865768845768474800581889937927345344110541968706131,1756339623,2025-08-28 00:07:03,0.5
bitcoin-up-or-down-august-28-5am-et,UP,6791777700662748561554896865768845768474800581889937927345344110541968706131,1756339683,2025-08-28 00:08:03,0.5
bitcoin-up-or-down-august-28-5am-et,UP,6791777700662748561554896865768845768474800581889937927345344110541968706131,1756339742,2025-08-28 00:09:02,0.5
bitcoin-up-or-down-august-28-5am-et,UP,6791777700662748561554896865768845768474800581889937927345344110541968706131,1756339804,2025-08-28 00:10:04,0.5
bitcoin-up-or-down-august-28-5am-et,UP,6791777700662748561554896865768845768474800581889937927345344110541968706131,1756339862,2025-08-28 00:11:02,0.5
bitcoin-up-or-down-august-28-5am-et,UP,6791777700662748561554896865768845768474800581889937927345344110541968706131,1756339923,2025-08-28 00:12:03,0.5
bitcoin-up-or-down-august-28-5am-et,UP,6791777700662748561554896865768845768474800581889937927345344110541968706131,1756339983,2025-08-28 00:13:03,0.5
bitcoin-up-or-down-august-28-5am-et,UP,6791777700662748561554896865768845768474800581889937927345344110541968706131,1756340042,2025-08-28 00:14:02,0.5
bitcoin-up-or-down-august-28-5am-et,UP,6791777700662748561554896865768845768474800581889937927345344110541968706131,1756340103,2025-08-28 00:15:03,0.5
bitcoin-up-or-down-august-28-5am-et,UP,6791777700662748561554896865768845768474800581889937927345344110541968706131,1756340162,2025-08-28 00:16:02,0.5
bitcoin-up-or-down-august-28-5am-et,UP,6791777700662748561554896865768845768474800581889937927345344110541968706131,1756340223,2025-08-28 00:17:03,0.5
bitcoin-up-or-down-august-28-5am-et,UP,6791777700662748561554896865768845768474800581889937927345344110541968706131,1756340282,2025-08-28 00:18:02,0.5
bitcoin-up-or-down-august-28-5am-et,UP,6791777700662748561554896865768845768474800581889937927345344110541968706131,1756340343,2025-08-28 00:19:03,0.5
bitcoin-up-or-down-august-28-5am-et,UP,6791777700662748561554896865768845768474800581889937927345344110541968706131,1756340402,2025-08-28 00:20:02,0.5
bitcoin-up-or-down-august-28-5am-et,UP,6791777700662748561554896865768845768474800581889937927345344110541968706131,1756340464,2025-08-28 00:21:04,0.5
bitcoin-up-or-down-august-28-5am-et,UP,6791777700662748561554896865768845768474800581889937927345344110541968706131,1756340522,2025-08-28 00:22:02,0.5
bitcoin-up-or-down-august-28-5am-et,UP,6791777700662748561554896865768845768474800581889937927345344110541968706131,1756340583,2025-08-28 00:23:03,0.5
bitcoin-up-or-down-august-28-5am-et,UP,6791777700662748561554896865768845768474800581889937927345344110541968706131,1756340643,2025-08-28 00:24:03,0.5
bitcoin-up-or-down-august-28-5am-et,UP,6791777700662748561554896865768845768474800581889937927345344110541968706131,1756340702,2025-08-28 00:25:02,0.5
bitcoin-up-or-down-august-28-5am-et,UP,6791777700662748561554896865768845768474800581889937927345344110541968706131,1756340763,2025-08-28 00:26:03,0.5
bitcoin-up-or-down-august-28-5am-et,UP,6791777700662748561554896865768845768474800581889937927345344110541968706131,1756340822,2025-08-28 00:27:02,0.5
bitcoin-up-or-down-august-28-5am-et,UP,6791777700662748561554896865768845768474800581889937927345344110541968706131,1756340883,2025-08-28 00:28:03,0.5
bitcoin-up-or-down-august-28-5am-et,UP,6791777700662748561554896865768845768474800581889937927345344110541968706131,1756340943,2025-08-28 00:29:03,0.5
bitcoin-up-or-down-august-28-5am-et,UP,6791777700662748561554896865768845768474800581889937927345344110541968706131,1756341004,2025-08-28 00:30:04,0.5
bitcoin-up-or-down-august-28-5am-et,UP,6791777700662748561554896865768845768474800581889937927345344110541968706131,1756341062,2025-08-28 00:31:02,0.5
bitcoin-up-or-down-august-28-5am-et,UP,6791777700662748561554896865768845768474800581889937927345344110541968706131,1756341123,2025-08-28 00:32:03,0.5
bitcoin-up-or-down-august-28-5am-et,UP,6791777700662748561554896865768845768474800581889937927345344110541968706131,1756341183,2025-08-28 00:33:03,0.5
bitcoin-up-or-down-august-28-5am-et,UP,6791777700662748561554896865768845768474800581889937927345344110541968706131,1756341242,2025-08-28 00:34:02,0.5
bitcoin-up-or-down-august-28-5am-et,UP,6791777700662748561554896865768845768474800581889937927345344110541968706131,1756341303,2025-08-28 00:35:03,0.5
bitcoin-up-or-down-august-28-5am-et,UP,6791777700662748561554896865768845768474800581889937927345344110541968706131,1756341363,2025-08-28 00:36:03,0.5
bitcoin-up-or-down-august-28-5am-et,UP,6791777700662748561554896865768845768474800581889937927345344110541968706131,1756341423,2025-08-28 00:37:03,0.5
bitcoin-up-or-down-august-28-5am-et,UP,6791777700662748561554896865768845768474800581889937927345344110541968706131,1756341483,2025-08-28 00:38:03,0.5
bitcoin-up-or-down-august-28-5am-et,UP,6791777700662748561554896865768845768474800581889937927345344110541968706131,1756341542,2025-08-28 00:39:02,0.5
bitcoin-up-or-down-august-28-5am-et,UP,6791777700662748561554896865768845768474800581889937927345344110541968706131,1756341604,2025-08-28 00:40:04,0.5
bitcoin-up-or-down-august-28-5am-et,UP,6791777700662748561554896865768845768474800581889937927345344110541968706131,1756341663,2025-08-28 00:41:03,0.5
bitcoin-up-or-down-august-28-5am-et,UP,6791777700662748561554896865768845768474800581889937927345344110541968706131,1756341723,2025-08-28 00:42:03,0.5
bitcoin-up-or-down-august-28-5am-et,UP,6791777700662748561554896865768845768474800581889937927345344110541968706131,1756341783,2025-08-28 00:43:03,0.5
bitcoin-up-or-down-august-28-5am-et,UP,6791777700662748561554896865768845768474800581889937927345344110541968706131,1756341844,2025-08-28 00:44:04,0.5
bitcoin-up-or-down-august-28-5am-et,UP,6791777700662748561554896865768845768474800581889937927345344110541968706131,1756341903,2025-08-28 00:45:03,0.5
bitcoin-up-or-down-august-28-5am-et,UP,6791777700662748561554896865768845768474800581889937927345344110541968706131,1756341963,2025-08-28 00:46:03,0.5
bitcoin-up-or-down-august-28-5am-et,UP,6791777700662748561554896865768845768474800581889937927345344110541968706131,1756342023,2025-08-28 00:47:03,0.5
bitcoin-up-or-down-august-28-5am-et,UP,6791777700662748561554896865768845768474800581889937927345344110541968706131,1756342083,2025-08-28 00:48:03,0.5
bitcoin-up-or-down-august-28-5am-et,UP,6791777700662748561554896865768845768474800581889937927345344110541968706131,1756342142,2025-08-28 00:49:02,0.5
bitcoin-up-or-down-august-28-5am-et,UP,6791777700662748561554896865768845768474800581889937927345344110541968706131,1756342202,2025-08-28 00:50:02,0.5
bitcoin-up-or-down-august-28-5am-et,UP,6791777700662748561554896865768845768474800581889937927345344110541968706131,1756342264,2025-08-28 00:51:04,0.5
bitcoin-up-or-down-august-28-5am-et,UP,6791777700662748561554896865768845768474800581889937927345344110541968706131,1756342322,2025-08-28 00:52:02,0.5
bitcoin-up-or-down-august-28-5am-et,UP,6791777700662748561554896865768845768474800581889937927345344110541968706131,1756342382,2025-08-28 00:53:02,0.5
bitcoin-up-or-down-august-28-5am-et,UP,6791777700662748561554896865768845768474800581889937927345344110541968706131,1756342443,2025-08-28 00:54:03,0.5
bitcoin-up-or-down-august-28-5am-et,UP,6791777700662748561554896865768845768474800581889937927345344110541968706131,1756342502,2025-08-28 00:55:02,0.5
bitcoin-up-or-down-august-28-5am-et,UP,6791777700662748561554896865768845768474800581889937927345344110541968706131,1756342565,2025-08-28 00:56:05,0.5
bitcoin-up-or-down-august-28-5am-et,UP,6791777700662748561554896865768845768474800581889937927345344110541968706131,1756342623,2025-08-28 00:57:03,0.5
bitcoin-up-or-down-august-28-5am-et,UP,6791777700662748561554896865768845768474800581889937927345344110541968706131,1756342683,2025-08-28 00:58:03,0.5
bitcoin-up-or-down-august-28-5am-et,UP,6791777700662748561554896865768845768474800581889937927345344110541968706131,1756342743,2025-08-28 00:59:03,0.5
bitcoin-up-or-down-august-28-5am-et,UP,6791777700662748561554896865768845768474800581889937927345344110541968706131,1756342802,2025-08-28 01:00:02,0.5
bitcoin-up-or-down-august-28-5am-et,UP,6791777700662748561554896865768845768474800581889937927345344110541968706131,1756342863,2025-08-28 01:01:03,0.5
bitcoin-up-or-down-august-28-5am-et,UP,6791777700662748561554896865768845768474800581889937927345344110541968706131,1756342922,2025-08-28 01:02:02,0.5
bitcoin-up-or-down-august-28-5am-et,UP,6791777700662748561554896865768845768474800581889937927345344110541968706131,1756342983,2025-08-28 01:03:03,0.5
bitcoin-up-or-down-august-28-5am-et,UP,6791777700662748561554896865768845768474800581889937927345344110541968706131,1756343043,2025-08-28 01:04:03,0.5
bitcoin-up-or-down-august-28-5am-et,UP,6791777700662748561554896865768845768474800581889937927345344110541968706131,1756343108,2025-08-28 01:05:08,0.5
bitcoin-up-or-down-august-28-5am-et,UP,6791777700662748561554896865768845768474800581889937927345344110541968706131,1756343162,2025-08-28 01:06:02,0.5
bitcoin-up-or-down-august-28-5am-et,UP,6791777700662748561554896865768845768474800581889937927345344110541968706131,1756343223,2025-08-28 01:07:03,0.5
bitcoin-up-or-down-august-28-5am-et,UP,6791777700662748561554896865768845768474800581889937927345344110541968706131,1756343282,2025-08-28 01:08:02,0.5
bitcoin-up-or-down-august-28-5am-et,UP,6791777700662748561554896865768845768474800581889937927345344110541968706131,1756343344,2025-08-28 01:09:04,0.5
bitcoin-up-or-down-august-28-5am-et,UP,6791777700662748561554896865768845768474800581889937927345344110541968706131,1756343406,2025-08-28 01:10:06,0.5
bitcoin-up-or-down-august-28-5am-et,UP,6791777700662748561554896865768845768474800581889937927345344110541968706131,1756343462,2025-08-28 01:11:02,0.5
bitcoin-up-or-down-august-28-5am-et,UP,6791777700662748561554896865768845768474800581889937927345344110541968706131,1756343523,2025-08-28 01:12:03,0.5
bitcoin-up-or-down-august-28-5am-et,UP,6791777700662748561554896865768845768474800581889937927345344110541968706131,1756343583,2025-08-28 01:13:03,0.5
bitcoin-up-or-down-august-28-5am-et,UP,6791777700662748561554896865768845768474800581889937927345344110541968706131,1756343642,2025-08-28 01:14:02,0.5
bitcoin-up-or-down-august-28-5am-et,UP,6791777700662748561554896865768845768474800581889937927345344110541968706131,1756343706,2025-08-28 01:15:06,0.5
bitcoin-up-or-down-august-28-5am-et,UP,6791777700662748561554896865768845768474800581889937927345344110541968706131,1756343763,2025-08-28 01:16:03,0.5
bitcoin-up-or-down-august-28-5am-et,UP,6791777700662748561554896865768845768474800581889937927345344110541968706131,1756343822,2025-08-28 01:17:02,0.5
bitcoin-up-or-down-august-28-5am-et,UP,6791777700662748561554896865768845768474800581889937927345344110541968706131,1756343882,2025-08-28 01:18:02,0.5
bitcoin-up-or-down-august-28-5am-et,UP,6791777700662748561554896865768845768474800581889937927345344110541968706131,1756343942,2025-08-28 01:19:02,0.5
bitcoin-up-or-down-august-28-5am-et,UP,6791777700662748561554896865768845768474800581889937927345344110541968706131,1756344003,2025-08-28 01:20:03,0.5
bitcoin-up-or-down-august-28-5am-et,UP,6791777700662748561554896865768845768474800581889937927345344110541968706131,1756344062,2025-08-28 01:21:02,0.5
bitcoin-up-or-down-august-28-5am-et,UP,6791777700662748561554896865768845768474800581889937927345344110541968706131,1756344122,2025-08-28 01:22:02,0.5
bitcoin-up-or-down-august-28-5am-et,UP,6791777700662748561554896865768845768474800581889937927345344110541968706131,1756344182,2025-08-28 01:23:02,0.5
bitcoin-up-or-down-august-28-5am-et,UP,6791777700662748561554896865768845768474800581889937927345344110541968706131,1756344242,2025-08-28 01:24:02,0.5
bitcoin-up-or-down-august-28-5am-et,UP,6791777700662748561554896865768845768474800581889937927345344110541968706131,1756344305,2025-08-28 01:25:05,0.5
bitcoin-up-or-down-august-28-5am-et,UP,6791777700662748561554896865768845768474800581889937927345344110541968706131,1756344363,2025-08-28 01:26:03,0.5
bitcoin-up-or-down-august-28-5am-et,UP,6791777700662748561554896865768845768474800581889937927345344110541968706131,1756344423,2025-08-28 01:27:03,0.5
bitcoin-up-or-down-august-28-5am-et,UP,6791777700662748561554896865768845768474800581889937927345344110541968706131,1756344483,2025-08-28 01:28:03,0.5
bitcoin-up-or-down-august-28-5am-et,UP,6791777700662748561554896865768845768474800581889937927345344110541968706131,1756344544,2025-08-28 01:29:04,0.5
bitcoin-up-or-down-august-28-5am-et,UP,6791777700662748561554896865768845768474800581889937927345344110541968706131,1756344608,2025-08-28 01:30:08,0.5
bitcoin-up-or-down-august-28-5am-et,UP,6791777700662748561554896865768845768474800581889937927345344110541968706131,1756344662,2025-08-28 01:31:02,0.5
bitcoin-up-or-down-august-28-5am-et,UP,6791777700662748561554896865768845768474800581889937927345344110541968706131,1756344723,2025-08-28 01:32:03,0.5
bitcoin-up-or-down-august-28-5am-et,UP,6791777700662748561554896865768845768474800581889937927345344110541968706131,1756344782,2025-08-28 01:33:02,0.5
bitcoin-up-or-down-august-28-5am-et,UP,6791777700662748561554896865768845768474800581889937927345344110541968706131,1756344842,2025-08-28 01:34:02,0.5
bitcoin-up-or-down-august-28-5am-et,UP,6791777700662748561554896865768845768474800581889937927345344110541968706131,1756344903,2025-08-28 01:35:03,0.5
bitcoin-up-or-down-august-28-5am-et,UP,6791777700662748561554896865768845768474800581889937927345344110541968706131,1756344964,2025-08-28 01:36:04,0.5
bitcoin-up-or-down-august-28-5am-et,UP,6791777700662748561554896865768845768474800581889937927345344110541968706131,1756345024,2025-08-28 01:37:04,0.5
bitcoin-up-or-down-august-28-5am-et,UP,6791777700662748561554896865768845768474800581889937927345344110541968706131,1756345083,2025-08-28 01:38:03,0.5
bitcoin-up-or-down-august-28-5am-et,UP,6791777700662748561554896865768845768474800581889937927345344110541968706131,1756345143,2025-08-28 01:39:03,0.5
bitcoin-up-or-down-august-28-5am-et,UP,6791777700662748561554896865768845768474800581889937927345344110541968706131,1756345206,2025-08-28 01:40:06,0.5
bitcoin-up-or-down-august-28-5am-et,UP,6791777700662748561554896865768845768474800581889937927345344110541968706131,1756345262,2025-08-28 01:41:02,0.5
bitcoin-up-or-down-august-28-5am-et,UP,6791777700662748561554896865768845768474800581889937927345344110541968706131,1756345323,2025-08-28 01:42:03,0.5
bitcoin-up-or-down-august-28-5am-et,UP,6791777700662748561554896865768845768474800581889937927345344110541968706131,1756345382,2025-08-28 01:43:02,0.5
bitcoin-up-or-down-august-28-5am-et,UP,6791777700662748561554896865768845768474800581889937927345344110541968706131,1756345443,2025-08-28 01:44:03,0.5
bitcoin-up-or-down-august-28-5am-et,UP,6791777700662748561554896865768845768474800581889937927345344110541968706131,1756345506,2025-08-28 01:45:06,0.5
bitcoin-up-or-down-august-28-5am-et,UP,6791777700662748561554896865768845768474800581889937927345344110541968706131,1756345563,2025-08-28 01:46:03,0.5
bitcoin-up-or-down-august-28-5am-et,UP,6791777700662748561554896865768845768474800581889937927345344110541968706131,1756345623,2025-08-28 01:47:03,0.5
bitcoin-up-or-down-august-28-5am-et,UP,6791777700662748561554896865768845768474800581889937927345344110541968706131,1756345683,2025-08-28 01:48:03,0.5
bitcoin-up-or-down-august-28-5am-et,UP,6791777700662748561554896865768845768474800581889937927345344110541968706131,1756345743,2025-08-28 01:49:03,0.5
bitcoin-up-or-down-august-28-5am-et,UP,6791777700662748561554896865768845768474800581889937927345344110541968706131,1756345802,2025-08-28 01:50:02,0.5
bitcoin-up-or-down-august-28-5am-et,UP,6791777700662748561554896865768845768474800581889937927345344110541968706131,1756345862,2025-08-28 01:51:02,0.5
bitcoin-up-or-down-august-28-5am-et,UP,6791777700662748561554896865768845768474800581889937927345344110541968706131,1756345923,2025-08-28 01:52:03,0.5
bitcoin-up-or-down-august-28-5am-et,UP,6791777700662748561554896865768845768474800581889937927345344110541968706131,1756345982,2025-08-28 01:53:02,0.5
bitcoin-up-or-down-august-28-5am-et,UP,6791777700662748561554896865768845768474800581889937927345344110541968706131,1756346043,2025-08-28 01:54:03,0.5
bitcoin-up-or-down-august-28-5am-et,UP,6791777700662748561554896865768845768474800581889937927345344110541968706131,1756346104,2025-08-28 01:55:04,0.5
bitcoin-up-or-down-august-28-5am-et,UP,6791777700662748561554896865768845768474800581889937927345344110541968706131,1756346163,2025-08-28 01:56:03,0.5
bitcoin-up-or-down-august-28-5am-et,UP,6791777700662748561554896865768845768474800581889937927345344110541968706131,1756346222,2025-08-28 01:57:02,0.5
bitcoin-up-or-down-august-28-5am-et,UP,6791777700662748561554896865768845768474800581889937927345344110541968706131,1756346284,2025-08-28 01:58:04,0.5
bitcoin-up-or-down-august-28-5am-et,UP,6791777700662748561554896865768845768474800581889937927345344110541968706131,1756346342,2025-08-28 01:59:02,0.5
bitcoin-up-or-down-august-28-5am-et,UP,6791777700662748561554896865768845768474800581889937927345344110541968706131,1756346403,2025-08-28 02:00:03,0.5
bitcoin-up-or-down-august-28-5am-et,UP,6791777700662748561554896865768845768474800581889937927345344110541968706131,1756346462,2025-08-28 02:01:02,0.5
bitcoin-up-or-down-august-28-5am-et,UP,6791777700662748561554896865768845768474800581889937927345344110541968706131,1756346522,2025-08-28 02:02:02,0.5
bitcoin-up-or-down-august-28-5am-et,UP,6791777700662748561554896865768845768474800581889937927345344110541968706131,1756346582,2025-08-28 02:03:02,0.5
bitcoin-up-or-down-august-28-5am-et,UP,6791777700662748561554896865768845768474800581889937927345344110541968706131,1756346642,2025-08-28 02:04:02,0.5
bitcoin-up-or-down-august-28-5am-et,UP,6791777700662748561554896865768845768474800581889937927345344110541968706131,1756346709,2025-08-28 02:05:09,0.5
bitcoin-up-or-down-august-28-5am-et,UP,6791777700662748561554896865768845768474800581889937927345344110541968706131,1756346763,2025-08-28 02:06:03,0.5
bitcoin-up-or-down-august-28-5am-et,UP,6791777700662748561554896865768845768474800581889937927345344110541968706131,1756346822,2025-08-28 02:07:02,0.5
bitcoin-up-or-down-august-28-5am-et,UP,6791777700662748561554896865768845768474800581889937927345344110541968706131,1756346883,2025-08-28 02:08:03,0.5
bitcoin-up-or-down-august-28-5am-et,UP,6791777700662748561554896865768845768474800581889937927345344110541968706131,1756346942,2025-08-28 02:09:02,0.5
bitcoin-up-or-down-august-28-5am-et,UP,6791777700662748561554896865768845768474800581889937927345344110541968706131,1756347012,2025-08-28 02:10:12,0.5
bitcoin-up-or-down-august-28-5am-et,UP,6791777700662748561554896865768845768474800581889937927345344110541968706131,1756347063,2025-08-28 02:11:03,0.5
bitcoin-up-or-down-august-28-5am-et,UP,6791777700662748561554896865768845768474800581889937927345344110541968706131,1756347123,2025-08-28 02:12:03,0.5
bitcoin-up-or-down-august-28-5am-et,UP,6791777700662748561554896865768845768474800581889937927345344110541968706131,1756347182,2025-08-28 02:13:02,0.5
bitcoin-up-or-down-august-28-5am-et,UP,6791777700662748561554896865768845768474800581889937927345344110541968706131,1756347242,2025-08-28 02:14:02,0.5
bitcoin-up-or-down-august-28-5am-et,UP,6791777700662748561554896865768845768474800581889937927345344110541968706131,1756347305,2025-08-28 02:15:05,0.5
bitcoin-up-or-down-august-28-5am-et,UP,6791777700662748561554896865768845768474800581889937927345344110541968706131,1756347364,2025-08-28 02:16:04,0.5
bitcoin-up-or-down-august-28-5am-et,UP,6791777700662748561554896865768845768474800581889937927345344110541968706131,1756347422,2025-08-28 02:17:02,0.5
bitcoin-up-or-down-august-28-5am-et,UP,6791777700662748561554896865768845768474800581889937927345344110541968706131,1756347483,2025-08-28 02:18:03,0.5
bitcoin-up-or-down-august-28-5am-et,UP,6791777700662748561554896865768845768474800581889937927345344110541968706131,1756347542,2025-08-28 02:19:02,0.5
bitcoin-up-or-down-august-28-5am-et,UP,6791777700662748561554896865768845768474800581889937927345344110541968706131,1756347603,2025-08-28 02:20:03,0.5
bitcoin-up-or-down-august-28-5am-et,UP,6791777700662748561554896865768845768474800581889937927345344110541968706131,1756347662,2025-08-28 02:21:02,0.5
bitcoin-up-or-down-august-28-5am-et,UP,6791777700662748561554896865768845768474800581889937927345344110541968706131,1756347722,2025-08-28 02:22:02,0.5
bitcoin-up-or-down-august-28-5am-et,UP,6791777700662748561554896865768845768474800581889937927345344110541968706131,1756347783,2025-08-28 02:23:03,0.5
bitcoin-up-or-down-august-28-5am-et,UP,6791777700662748561554896865768845768474800581889937927345344110541968706131,1756347843,2025-08-28 02:24:03,0.5
bitcoin-up-or-down-august-28-5am-et,UP,6791777700662748561554896865768845768474800581889937927345344110541968706131,1756347913,2025-08-28 02:25:13,0.5
bitcoin-up-or-down-august-28-5am-et,UP,6791777700662748561554896865768845768474800581889937927345344110541968706131,1756347963,2025-08-28 02:26:03,0.5
bitcoin-up-or-down-august-28-5am-et,UP,6791777700662748561554896865768845768474800581889937927345344110541968706131,1756348022,2025-08-28 02:27:02,0.5
bitcoin-up-or-down-august-28-5am-et,UP,6791777700662748561554896865768845768474800581889937927345344110541968706131,1756348083,2025-08-28 02:28:03,0.5
bitcoin-up-or-down-august-28-5am-et,UP,6791777700662748561554896865768845768474800581889937927345344110541968706131,1756348143,2025-08-28 02:29:03,0.5
bitcoin-up-or-down-august-28-5am-et,UP,6791777700662748561554896865768845768474800581889937927345344110541968706131,1756348204,2025-08-28 02:30:04,0.5
bitcoin-up-or-down-august-28-5am-et,UP,6791777700662748561554896865768845768474800581889937927345344110541968706131,1756348262,2025-08-28 02:31:02,0.5
bitcoin-up-or-down-august-28-5am-et,UP,6791777700662748561554896865768845768474800581889937927345344110541968706131,1756348322,2025-08-28 02:32:02,0.5
bitcoin-up-or-down-august-28-5am-et,UP,6791777700662748561554896865768845768474800581889937927345344110541968706131,1756348383,2025-08-28 02:33:03,0.5
bitcoin-up-or-down-august-28-5am-et,UP,6791777700662748561554896865768845768474800581889937927345344110541968706131,1756348444,2025-08-28 02:34:04,0.5
bitcoin-up-or-down-august-28-5am-et,UP,6791777700662748561554896865768845768474800581889937927345344110541968706131,1756348502,2025-08-28 02:35:02,0.5
bitcoin-up-or-down-august-28-5am-et,UP,6791777700662748561554896865768845768474800581889937927345344110541968706131,1756348564,2025-08-28 02:36:04,0.5
bitcoin-up-or-down-august-28-5am-et,UP,6791777700662748561554896865768845768474800581889937927345344110541968706131,1756348624,2025-08-28 02:37:04,0.5
bitcoin-up-or-down-august-28-5am-et,UP,6791777700662748561554896865768845768474800581889937927345344110541968706131,1756348682,2025-08-28 02:38:02,0.5
bitcoin-up-or-down-august-28-5am-et,UP,6791777700662748561554896865768845768474800581889937927345344110541968706131,1756348742,2025-08-28 02:39:02,0.5
bitcoin-up-or-down-august-28-5am-et,UP,6791777700662748561554896865768845768474800581889937927345344110541968706131,1756348803,2025-08-28 02:40:03,0.5
bitcoin-up-or-down-august-28-5am-et,UP,6791777700662748561554896865768845768474800581889937927345344110541968706131,1756348862,2025-08-28 02:41:02,0.5
bitcoin-up-or-down-august-28-5am-et,UP,6791777700662748561554896865768845768474800581889937927345344110541968706131,1756348923,2025-08-28 02:42:03,0.5
bitcoin-up-or-down-august-28-5am-et,UP,6791777700662748561554896865768845768474800581889937927345344110541968706131,1756348982,2025-08-28 02:43:02,0.5
bitcoin-up-or-down-august-28-5am-et,UP,6791777700662748561554896865768845768474800581889937927345344110541968706131,1756349044,2025-08-28 02:44:04,0.5
bitcoin-up-or-down-august-28-5am-et,UP,6791777700662748561554896865768845768474800581889937927345344110541968706131,1756349111,2025-08-28 02:45:11,0.5
bitcoin-up-or-down-august-28-5am-et,UP,6791777700662748561554896865768845768474800581889937927345344110541968706131,1756349162,2025-08-28 02:46:02,0.5
bitcoin-up-or-down-august-28-5am-et,UP,6791777700662748561554896865768845768474800581889937927345344110541968706131,1756349222,2025-08-28 02:47:02,0.5
bitcoin-up-or-down-august-28-5am-et,UP,6791777700662748561554896865768845768474800581889937927345344110541968706131,1756349282,2025-08-28 02:48:02,0.5
bitcoin-up-or-down-august-28-5am-et,UP,6791777700662748561554896865768845768474800581889937927345344110541968706131,1756349343,2025-08-28 02:49:03,0.5
bitcoin-up-or-down-august-28-5am-et,UP,6791777700662748561554896865768845768474800581889937927345344110541968706131,1756349413,2025-08-28 02:50:13,0.5
bitcoin-up-or-down-august-28-5am-et,UP,6791777700662748561554896865768845768474800581889937927345344110541968706131,1756349464,2025-08-28 02:51:04,0.5
bitcoin-up-or-down-august-28-5am-et,UP,6791777700662748561554896865768845768474800581889937927345344110541968706131,1756349523,2025-08-28 02:52:03,0.5
bitcoin-up-or-down-august-28-5am-et,UP,6791777700662748561554896865768845768474800581889937927345344110541968706131,1756349583,2025-08-28 02:53:03,0.5
bitcoin-up-or-down-august-28-5am-et,UP,6791777700662748561554896865768845768474800581889937927345344110541968706131,1756349643,2025-08-28 02:54:03,0.5
bitcoin-up-or-down-august-28-5am-et,UP,6791777700662748561554896865768845768474800581889937927345344110541968706131,1756349703,2025-08-28 02:55:03,0.5
bitcoin-up-or-down-august-28-5am-et,UP,6791777700662748561554896865768845768474800581889937927345344110541968706131,1756349763,2025-08-28 02:56:03,0.5
bitcoin-up-or-down-august-28-5am-et,UP,6791777700662748561554896865768845768474800581889937927345344110541968706131,1756349823,2025-08-28 02:57:03,0.5
bitcoin-up-or-down-august-28-5am-et,UP,6791777700662748561554896865768845768474800581889937927345344110541968706131,1756349882,2025-08-28 02:58:02,0.5
bitcoin-up-or-down-august-28-5am-et,UP,6791777700662748561554896865768845768474800581889937927345344110541968706131,1756349942,2025-08-28 02:59:02,0.5
bitcoin-up-or-down-august-28-5am-et,UP,6791777700662748561554896865768845768474800581889937927345344110541968706131,1756350017,2025-08-28 03:00:17,0.5
bitcoin-up-or-down-august-28-5am-et,UP,6791777700662748561554896865768845768474800581889937927345344110541968706131,1756350062,2025-08-28 03:01:02,0.5
bitcoin-up-or-down-august-28-5am-et,UP,6791777700662748561554896865768845768474800581889937927345344110541968706131,1756350123,2025-08-28 03:02:03,0.5
bitcoin-up-or-down-august-28-5am-et,UP,6791777700662748561554896865768845768474800581889937927345344110541968706131,1756350183,2025-08-28 03:03:03,0.5
bitcoin-up-or-down-august-28-5am-et,UP,6791777700662748561554896865768845768474800581889937927345344110541968706131,1756350243,2025-08-28 03:04:03,0.5
bitcoin-up-or-down-august-28-5am-et,UP,6791777700662748561554896865768845768474800581889937927345344110541968706131,1756350307,2025-08-28 03:05:07,0.5
bitcoin-up-or-down-august-28-5am-et,UP,6791777700662748561554896865768845768474800581889937927345344110541968706131,1756350362,2025-08-28 03:06:02,0.5
bitcoin-up-or-down-august-28-5am-et,UP,6791777700662748561554896865768845768474800581889937927345344110541968706131,1756350422,2025-08-28 03:07:02,0.5
bitcoin-up-or-down-august-28-5am-et,UP,6791777700662748561554896865768845768474800581889937927345344110541968706131,1756350483,2025-08-28 03:08:03,0.5
bitcoin-up-or-down-august-28-5am-et,UP,6791777700662748561554896865768845768474800581889937927345344110541968706131,1756350543,2025-08-28 03:09:03,0.5
bitcoin-up-or-down-august-28-5am-et,UP,6791777700662748561554896865768845768474800581889937927345344110541968706131,1756350611,2025-08-28 03:10:11,0.5
bitcoin-up-or-down-august-28-5am-et,UP,6791777700662748561554896865768845768474800581889937927345344110541968706131,1756350662,2025-08-28 03:11:02,0.5
bitcoin-up-or-down-august-28-5am-et,UP,6791777700662748561554896865768845768474800581889937927345344110541968706131,1756350723,2025-08-28 03:12:03,0.5
bitcoin-up-or-down-august-28-5am-et,UP,6791777700662748561554896865768845768474800581889937927345344110541968706131,1756350783,2025-08-28 03:13:03,0.5
bitcoin-up-or-down-august-28-5am-et,UP,6791777700662748561554896865768845768474800581889937927345344110541968706131,1756350843,2025-08-28 03:14:03,0.5
bitcoin-up-or-down-august-28-5am-et,UP,6791777700662748561554896865768845768474800581889937927345344110541968706131,1756350913,2025-08-28 03:15:13,0.5
bitcoin-up-or-down-august-28-5am-et,UP,6791777700662748561554896865768845768474800581889937927345344110541968706131,1756350964,2025-08-28 03:16:04,0.5
bitcoin-up-or-down-august-28-5am-et,UP,6791777700662748561554896865768845768474800581889937927345344110541968706131,1756351023,2025-08-28 03:17:03,0.5
bitcoin-up-or-down-august-28-5am-et,UP,6791777700662748561554896865768845768474800581889937927345344110541968706131,1756351082,2025-08-28 03:18:02,0.5
bitcoin-up-or-down-august-28-5am-et,UP,6791777700662748561554896865768845768474800581889937927345344110541968706131,1756351143,2025-08-28 03:19:03,0.5
bitcoin-up-or-down-august-28-5am-et,UP,6791777700662748561554896865768845768474800581889937927345344110541968706131,1756351209,2025-08-28 03:20:09,0.5
bitcoin-up-or-down-august-28-5am-et,UP,6791777700662748561554896865768845768474800581889937927345344110541968706131,1756351263,2025-08-28 03:21:03,0.5
bitcoin-up-or-down-august-28-5am-et,UP,6791777700662748561554896865768845768474800581889937927345344110541968706131,1756351324,2025-08-28 03:22:04,0.5
bitcoin-up-or-down-august-28-5am-et,UP,6791777700662748561554896865768845768474800581889937927345344110541968706131,1756351383,2025-08-28 03:23:03,0.5
bitcoin-up-or-down-august-28-5am-et,UP,6791777700662748561554896865768845768474800581889937927345344110541968706131,1756351443,2025-08-28 03:24:03,0.5
bitcoin-up-or-down-august-28-5am-et,UP,6791777700662748561554896865768845768474800581889937927345344110541968706131,1756351512,2025-08-28 03:25:12,0.5
bitcoin-up-or-down-august-28-5am-et,UP,6791777700662748561554896865768845768474800581889937927345344110541968706131,1756351562,2025-08-28 03:26:02,0.5
bitcoin-up-or-down-august-28-5am-et,UP,6791777700662748561554896865768845768474800581889937927345344110541968706131,1756351623,2025-08-28 03:27:03,0.5
bitcoin-up-or-down-august-28-5am-et,UP,6791777700662748561554896865768845768474800581889937927345344110541968706131,1756351684,2025-08-28 03:28:04,0.5
bitcoin-up-or-down-august-28-5am-et,UP,6791777700662748561554896865768845768474800581889937927345344110541968706131,1756351742,2025-08-28 03:29:02,0.5
bitcoin-up-or-down-august-28-5am-et,UP,6791777700662748561554896865768845768474800581889937927345344110541968706131,1756351806,2025-08-28 03:30:06,0.5
bitcoin-up-or-down-august-28-5am-et,UP,6791777700662748561554896865768845768474800581889937927345344110541968706131,1756351863,2025-08-28 03:31:03,0.5
bitcoin-up-or-down-august-28-5am-et,UP,6791777700662748561554896865768845768474800581889937927345344110541968706131,1756351923,2025-08-28 03:32:03,0.5
bitcoin-up-or-down-august-28-5am-et,UP,6791777700662748561554896865768845768474800581889937927345344110541968706131,1756351983,2025-08-28 03:33:03,0.5
bitcoin-up-or-down-august-28-5am-et,UP,6791777700662748561554896865768845768474800581889937927345344110541968706131,1756352043,2025-08-28 03:34:03,0.5
bitcoin-up-or-down-august-28-5am-et,UP,6791777700662748561554896865768845768474800581889937927345344110541968706131,1756352112,2025-08-28 03:35:12,0.5
bitcoin-up-or-down-august-28-5am-et,UP,6791777700662748561554896865768845768474800581889937927345344110541968706131,1756352162,2025-08-28 03:36:02,0.5
bitcoin-up-or-down-august-28-5am-et,UP,6791777700662748561554896865768845768474800581889937927345344110541968706131,1756352222,2025-08-28 03:37:02,0.5
bitcoin-up-or-down-august-28-5am-et,UP,6791777700662748561554896865768845768474800581889937927345344110541968706131,1756352283,2025-08-28 03:38:03,0.5
bitcoin-up-or-down-august-28-5am-et,UP,6791777700662748561554896865768845768474800581889937927345344110541968706131,1756352342,2025-08-28 03:39:02,0.5
bitcoin-up-or-down-august-28-5am-et,UP,6791777700662748561554896865768845768474800581889937927345344110541968706131,1756352412,2025-08-28 03:40:12,0.5
bitcoin-up-or-down-august-28-5am-et,UP,6791777700662748561554896865768845768474800581889937927345344110541968706131,1756352464,2025-08-28 03:41:04,0.5
bitcoin-up-or-down-august-28-5am-et,UP,6791777700662748561554896865768845768474800581889937927345344110541968706131,1756352523,2025-08-28 03:42:03,0.5
bitcoin-up-or-down-august-28-5am-et,UP,6791777700662748561554896865768845768474800581889937927345344110541968706131,1756352584,2025-08-28 03:43:04,0.5
bitcoin-up-or-down-august-28-5am-et,UP,6791777700662748561554896865768845768474800581889937927345344110541968706131,1756352642,2025-08-28 03:44:02,0.5
bitcoin-up-or-down-august-28-5am-et,UP,6791777700662748561554896865768845768474800581889937927345344110541968706131,1756352702,2025-08-28 03:45:02,0.5
bitcoin-up-or-down-august-28-5am-et,UP,6791777700662748561554896865768845768474800581889937927345344110541968706131,1756352763,2025-08-28 03:46:03,0.5
bitcoin-up-or-down-august-28-5am-et,UP,6791777700662748561554896865768845768474800581889937927345344110541968706131,1756352823,2025-08-28 03:47:03,0.5
bitcoin-up-or-down-august-28-5am-et,UP,6791777700662748561554896865768845768474800581889937927345344110541968706131,1756352882,2025-08-28 03:48:02,0.5
bitcoin-up-or-down-august-28-5am-et,UP,6791777700662748561554896865768845768474800581889937927345344110541968706131,1756352942,2025-08-28 03:49:02,0.5
bitcoin-up-or-down-august-28-5am-et,UP,6791777700662748561554896865768845768474800581889937927345344110541968706131,1756353017,2025-08-28 03:50:17,0.5
bitcoin-up-or-down-august-28-5am-et,UP,6791777700662748561554896865768845768474800581889937927345344110541968706131,1756353064,2025-08-28 03:51:04,0.5
bitcoin-up-or-down-august-28-5am-et,UP,6791777700662748561554896865768845768474800581889937927345344110541968706131,1756353123,2025-08-28 03:52:03,0.5
bitcoin-up-or-down-august-28-5am-et,UP,6791777700662748561554896865768845768474800581889937927345344110541968706131,1756353182,2025-08-28 03:53:02,0.5
bitcoin-up-or-down-august-28-5am-et,UP,6791777700662748561554896865768845768474800581889937927345344110541968706131,1756353244,2025-08-28 03:54:04,0.5
bitcoin-up-or-down-august-28-5am-et,UP,6791777700662748561554896865768845768474800581889937927345344110541968706131,1756353305,2025-08-28 03:55:05,0.5
bitcoin-up-or-down-august-28-5am-et,UP,6791777700662748561554896865768845768474800581889937927345344110541968706131,1756353363,2025-08-28 03:56:03,0.5
bitcoin-up-or-down-august-28-5am-et,UP,6791777700662748561554896865768845768474800581889937927345344110541968706131,1756353424,2025-08-28 03:57:04,0.5
bitcoin-up-or-down-august-28-5am-et,UP,6791777700662748561554896865768845768474800581889937927345344110541968706131,1756353483,2025-08-28 03:58:03,0.5
bitcoin-up-or-down-august-28-5am-et,UP,6791777700662748561554896865768845768474800581889937927345344110541968706131,1756353542,2025-08-28 03:59:02,0.5
bitcoin-up-or-down-august-28-5am-et,UP,6791777700662748561554896865768845768474800581889937927345344110541968706131,1756353606,2025-08-28 04:00:06,0.5
bitcoin-up-or-down-august-28-5am-et,UP,6791777700662748561554896865768845768474800581889937927345344110541968706131,1756353663,2025-08-28 04:01:03,0.5
bitcoin-up-or-down-august-28-5am-et,UP,6791777700662748561554896865768845768474800581889937927345344110541968706131,1756353722,2025-08-28 04:02:02,0.5
bitcoin-up-or-down-august-28-5am-et,UP,6791777700662748561554896865768845768474800581889937927345344110541968706131,1756353783,2025-08-28 04:03:03,0.5
bitcoin-up-or-down-august-28-5am-et,UP,6791777700662748561554896865768845768474800581889937927345344110541968706131,1756353842,2025-08-28 04:04:02,0.5
bitcoin-up-or-down-august-28-5am-et,UP,6791777700662748561554896865768845768474800581889937927345344110541968706131,1756353906,2025-08-28 04:05:06,0.5
bitcoin-up-or-down-august-28-5am-et,UP,6791777700662748561554896865768845768474800581889937927345344110541968706131,1756353962,2025-08-28 04:06:02,0.5
bitcoin-up-or-down-august-28-5am-et,UP,6791777700662748561554896865768845768474800581889937927345344110541968706131,1756354022,2025-08-28 04:07:02,0.5
bitcoin-up-or-down-august-28-5am-et,UP,6791777700662748561554896865768845768474800581889937927345344110541968706131,1756354082,2025-08-28 04:08:02,0.5
bitcoin-up-or-down-august-28-5am-et,UP,6791777700662748561554896865768845768474800581889937927345344110541968706131,1756354143,2025-08-28 04:09:03,0.5
bitcoin-up-or-down-august-28-5am-et,UP,6791777700662748561554896865768845768474800581889937927345344110541968706131,1756354204,2025-08-28 04:10:04,0.5
bitcoin-up-or-down-august-28-5am-et,UP,6791777700662748561554896865768845768474800581889937927345344110541968706131,1756354265,2025-08-28 04:11:05,0.5
bitcoin-up-or-down-august-28-5am-et,UP,6791777700662748561554896865768845768474800581889937927345344110541968706131,1756354322,2025-08-28 04:12:02,0.5
bitcoin-up-or-down-august-28-5am-et,UP,6791777700662748561554896865768845768474800581889937927345344110541968706131,1756354382,2025-08-28 04:13:02,0.5
bitcoin-up-or-down-august-28-5am-et,UP,6791777700662748561554896865768845768474800581889937927345344110541968706131,1756354443,2025-08-28 04:14:03,0.5
bitcoin-up-or-down-august-28-5am-et,UP,6791777700662748561554896865768845768474800581889937927345344110541968706131,1756354512,2025-08-28 04:15:12,0.5
bitcoin-up-or-down-august-28-5am-et,UP,6791777700662748561554896865768845768474800581889937927345344110541968706131,1756354565,2025-08-28 04:16:05,0.5
bitcoin-up-or-down-august-28-5am-et,UP,6791777700662748561554896865768845768474800581889937927345344110541968706131,1756354623,2025-08-28 04:17:03,0.5
bitcoin-up-or-down-august-28-5am-et,UP,6791777700662748561554896865768845768474800581889937927345344110541968706131,1756354682,2025-08-28 04:18:02,0.5
bitcoin-up-or-down-august-28-5am-et,UP,6791777700662748561554896865768845768474800581889937927345344110541968706131,1756354772,2025-08-28 04:19:32,0.5
bitcoin-up-or-down-august-28-5am-et,UP,6791777700662748561554896865768845768474800581889937927345344110541968706131,1756354804,2025-08-28 04:20:04,0.5
bitcoin-up-or-down-august-28-5am-et,UP,6791777700662748561554896865768845768474800581889937927345344110541968706131,1756354864,2025-08-28 04:21:04,0.5
bitcoin-up-or-down-august-28-5am-et,UP,6791777700662748561554896865768845768474800581889937927345344110541968706131,1756354923,2025-08-28 04:22:03,0.5
bitcoin-up-or-down-august-28-5am-et,UP,6791777700662748561554896865768845768474800581889937927345344110541968706131,1756354982,2025-08-28 04:23:02,0.5
bitcoin-up-or-down-august-28-5am-et,UP,6791777700662748561554896865768845768474800581889937927345344110541968706131,1756355042,2025-08-28 04:24:02,0.5
bitcoin-up-or-down-august-28-5am-et,UP,6791777700662748561554896865768845768474800581889937927345344110541968706131,1756355111,2025-08-28 04:25:11,0.5
bitcoin-up-or-down-august-28-5am-et,UP,6791777700662748561554896865768845768474800581889937927345344110541968706131,1756355165,2025-08-28 04:26:05,0.5
bitcoin-up-or-down-august-28-5am-et,UP,6791777700662748561554896865768845768474800581889937927345344110541968706131,1756355222,2025-08-28 04:27:02,0.5
bitcoin-up-or-down-august-28-5am-et,UP,6791777700662748561554896865768845768474800581889937927345344110541968706131,1756355282,2025-08-28 04:28:02,0.5
bitcoin-up-or-down-august-28-5am-et,UP,6791777700662748561554896865768845768474800581889937927345344110541968706131,1756355343,2025-08-28 04:29:03,0.5
bitcoin-up-or-down-august-28-5am-et,UP,6791777700662748561554896865768845768474800581889937927345344110541968706131,1756355404,2025-08-28 04:30:04,0.5
bitcoin-up-or-down-august-28-5am-et,UP,6791777700662748561554896865768845768474800581889937927345344110541968706131,1756355464,2025-08-28 04:31:04,0.5
bitcoin-up-or-down-august-28-5am-et,UP,6791777700662748561554896865768845768474800581889937927345344110541968706131,1756355524,2025-08-28 04:32:04,0.5
bitcoin-up-or-down-august-28-5am-et,UP,6791777700662748561554896865768845768474800581889937927345344110541968706131,1756355583,2025-08-28 04:33:03,0.5
bitcoin-up-or-down-august-28-5am-et,UP,6791777700662748561554896865768845768474800581889937927345344110541968706131,1756355644,2025-08-28 04:34:04,0.5
bitcoin-up-or-down-august-28-5am-et,UP,6791777700662748561554896865768845768474800581889937927345344110541968706131,1756355715,2025-08-28 04:35:15,0.5
bitcoin-up-or-down-august-28-5am-et,UP,6791777700662748561554896865768845768474800581889937927345344110541968706131,1756355763,2025-08-28 04:36:03,0.5
bitcoin-up-or-down-august-28-5am-et,UP,6791777700662748561554896865768845768474800581889937927345344110541968706131,1756355822,2025-08-28 04:37:02,0.5
bitcoin-up-or-down-august-28-5am-et,UP,6791777700662748561554896865768845768474800581889937927345344110541968706131,1756355884,2025-08-28 04:38:04,0.5
bitcoin-up-or-down-august-28-5am-et,UP,6791777700662748561554896865768845768474800581889937927345344110541968706131,1756355942,2025-08-28 04:39:02,0.5
bitcoin-up-or-down-august-28-5am-et,UP,6791777700662748561554896865768845768474800581889937927345344110541968706131,1756356011,2025-08-28 04:40:11,0.5
bitcoin-up-or-down-august-28-5am-et,UP,6791777700662748561554896865768845768474800581889937927345344110541968706131,1756356064,2025-08-28 04:41:04,0.5
bitcoin-up-or-down-august-28-5am-et,UP,6791777700662748561554896865768845768474800581889937927345344110541968706131,1756356123,2025-08-28 04:42:03,0.5
bitcoin-up-or-down-august-28-5am-et,UP,6791777700662748561554896865768845768474800581889937927345344110541968706131,1756356183,2025-08-28 04:43:03,0.5
bitcoin-up-or-down-august-28-5am-et,UP,6791777700662748561554896865768845768474800581889937927345344110541968706131,1756356243,2025-08-28 04:44:03,0.5
bitcoin-up-or-down-august-28-5am-et,UP,6791777700662748561554896865768845768474800581889937927345344110541968706131,1756356314,2025-08-28 04:45:14,0.5
bitcoin-up-or-down-august-28-5am-et,UP,6791777700662748561554896865768845768474800581889937927345344110541968706131,1756356363,2025-08-28 04:46:03,0.5
bitcoin-up-or-down-august-28-5am-et,UP,6791777700662748561554896865768845768474800581889937927345344110541968706131,1756356422,2025-08-28 04:47:02,0.5
bitcoin-up-or-down-august-28-5am-et,UP,6791777700662748561554896865768845768474800581889937927345344110541968706131,1756356482,2025-08-28 04:48:02,0.5
bitcoin-up-or-down-august-28-5am-et,UP,6791777700662748561554896865768845768474800581889937927345344110541968706131,1756356542,2025-08-28 04:49:02,0.5
bitcoin-up-or-down-august-28-5am-et,UP,6791777700662748561554896865768845768474800581889937927345344110541968706131,1756356605,2025-08-28 04:50:05,0.5
bitcoin-up-or-down-august-28-5am-et,UP,6791777700662748561554896865768845768474800581889937927345344110541968706131,1756356662,2025-08-28 04:51:02,0.5
bitcoin-up-or-down-august-28-5am-et,UP,6791777700662748561554896865768845768474800581889937927345344110541968706131,1756356723,2025-08-28 04:52:03,0.5
bitcoin-up-or-down-august-28-5am-et,UP,6791777700662748561554896865768845768474800581889937927345344110541968706131,1756356783,2025-08-28 04:53:03,0.5
bitcoin-up-or-down-august-28-5am-et,UP,6791777700662748561554896865768845768474800581889937927345344110541968706131,1756356843,2025-08-28 04:54:03,0.5
bitcoin-up-or-down-august-28-5am-et,UP,6791777700662748561554896865768845768474800581889937927345344110541968706131,1756356907,2025-08-28 04:55:07,0.5
bitcoin-up-or-down-august-28-5am-et,UP,6791777700662748561554896865768845768474800581889937927345344110541968706131,1756356962,2025-08-28 04:56:02,0.5
bitcoin-up-or-down-august-28-5am-et,UP,6791777700662748561554896865768845768474800581889937927345344110541968706131,1756357022,2025-08-28 04:57:02,0.5
bitcoin-up-or-down-august-28-5am-et,UP,6791777700662748561554896865768845768474800581889937927345344110541968706131,1756357082,2025-08-28 04:58:02,0.5
bitcoin-up-or-down-august-28-5am-et,UP,6791777700662748561554896865768845768474800581889937927345344110541968706131,1756357143,2025-08-28 04:59:03,0.5
bitcoin-up-or-down-august-28-5am-et,UP,6791777700662748561554896865768845768474800581889937927345344110541968706131,1756357213,2025-08-28 05:00:13,0.5
bitcoin-up-or-down-august-28-5am-et,UP,6791777700662748561554896865768845768474800581889937927345344110541968706131,1756357264,2025-08-28 05:01:04,0.5
bitcoin-up-or-down-august-28-5am-et,UP,6791777700662748561554896865768845768474800581889937927345344110541968706131,1756357323,2025-08-28 05:02:03,0.5
bitcoin-up-or-down-august-28-5am-et,UP,6791777700662748561554896865768845768474800581889937927345344110541968706131,1756357383,2025-08-28 05:03:03,0.5
bitcoin-up-or-down-august-28-5am-et,UP,6791777700662748561554896865768845768474800581889937927345344110541968706131,1756357443,2025-08-28 05:04:03,0.5
bitcoin-up-or-down-august-28-5am-et,UP,6791777700662748561554896865768845768474800581889937927345344110541968706131,1756357511,2025-08-28 05:05:11,0.5
bitcoin-up-or-down-august-28-5am-et,UP,6791777700662748561554896865768845768474800581889937927345344110541968706131,1756357563,2025-08-28 05:06:03,0.5
bitcoin-up-or-down-august-28-5am-et,UP,6791777700662748561554896865768845768474800581889937927345344110541968706131,1756357624,2025-08-28 05:07:04,0.5
bitcoin-up-or-down-august-28-5am-et,UP,6791777700662748561554896865768845768474800581889937927345344110541968706131,1756357682,2025-08-28 05:08:02,0.5
bitcoin-up-or-down-august-28-5am-et,UP,6791777700662748561554896865768845768474800581889937927345344110541968706131,1756357743,2025-08-28 05:09:03,0.5
bitcoin-up-or-down-august-28-5am-et,UP,6791777700662748561554896865768845768474800581889937927345344110541968706131,1756357803,2025-08-28 05:10:03,0.5
bitcoin-up-or-down-august-28-5am-et,UP,6791777700662748561554896865768845768474800581889937927345344110541968706131,1756357863,2025-08-28 05:11:03,0.5
bitcoin-up-or-down-august-28-5am-et,UP,6791777700662748561554896865768845768474800581889937927345344110541968706131,1756357923,2025-08-28 05:12:03,0.5
bitcoin-up-or-down-august-28-5am-et,UP,6791777700662748561554896865768845768474800581889937927345344110541968706131,1756357982,2025-08-28 05:13:02,0.5
bitcoin-up-or-down-august-28-5am-et,UP,6791777700662748561554896865768845768474800581889937927345344110541968706131,1756358042,2025-08-28 05:14:02,0.5
bitcoin-up-or-down-august-28-5am-et,UP,6791777700662748561554896865768845768474800581889937927345344110541968706131,1756358108,2025-08-28 05:15:08,0.5
bitcoin-up-or-down-august-28-5am-et,UP,6791777700662748561554896865768845768474800581889937927345344110541968706131,1756358163,2025-08-28 05:16:03,0.5
bitcoin-up-or-down-august-28-5am-et,UP,6791777700662748561554896865768845768474800581889937927345344110541968706131,1756358223,2025-08-28 05:17:03,0.5
bitcoin-up-or-down-august-28-5am-et,UP,6791777700662748561554896865768845768474800581889937927345344110541968706131,1756358283,2025-08-28 05:18:03,0.5
bitcoin-up-or-down-august-28-5am-et,UP,6791777700662748561554896865768845768474800581889937927345344110541968706131,1756358343,2025-08-28 05:19:03,0.5
bitcoin-up-or-down-august-28-5am-et,UP,6791777700662748561554896865768845768474800581889937927345344110541968706131,1756358406,2025-08-28 05:20:06,0.5
bitcoin-up-or-down-august-28-5am-et,UP,6791777700662748561554896865768845768474800581889937927345344110541968706131,1756358463,2025-08-28 05:21:03,0.5
bitcoin-up-or-down-august-28-5am-et,UP,6791777700662748561554896865768845768474800581889937927345344110541968706131,1756358522,2025-08-28 05:22:02,0.5
bitcoin-up-or-down-august-28-5am-et,UP,6791777700662748561554896865768845768474800581889937927345344110541968706131,1756358582,2025-08-28 05:23:02,0.5
bitcoin-up-or-down-august-28-5am-et,UP,6791777700662748561554896865768845768474800581889937927345344110541968706131,1756358643,2025-08-28 05:24:03,0.5
bitcoin-up-or-down-august-28-5am-et,UP,6791777700662748561554896865768845768474800581889937927345344110541968706131,1756358716,2025-08-28 05:25:16,0.495
bitcoin-up-or-down-august-28-5am-et,UP,6791777700662748561554896865768845768474800581889937927345344110541968706131,1756358764,2025-08-28 05:26:04,0.495
bitcoin-up-or-down-august-28-5am-et,UP,6791777700662748561554896865768845768474800581889937927345344110541968706131,1756358823,2025-08-28 05:27:03,0.495
bitcoin-up-or-down-august-28-5am-et,UP,6791777700662748561554896865768845768474800581889937927345344110541968706131,1756358883,2025-08-28 05:28:03,0.495
bitcoin-up-or-down-august-28-5am-et,UP,6791777700662748561554896865768845768474800581889937927345344110541968706131,1756358944,2025-08-28 05:29:04,0.495
bitcoin-up-or-down-august-28-5am-et,UP,6791777700662748561554896865768845768474800581889937927345344110541968706131,1756359002,2025-08-28 05:30:02,0.495
bitcoin-up-or-down-august-28-5am-et,UP,6791777700662748561554896865768845768474800581889937927345344110541968706131,1756359064,2025-08-28 05:31:04,0.495
bitcoin-up-or-down-august-28-5am-et,UP,6791777700662748561554896865768845768474800581889937927345344110541968706131,1756359123,2025-08-28 05:32:03,0.495
bitcoin-up-or-down-august-28-5am-et,UP,6791777700662748561554896865768845768474800581889937927345344110541968706131,1756359183,2025-08-28 05:33:03,0.495
bitcoin-up-or-down-august-28-5am-et,UP,6791777700662748561554896865768845768474800581889937927345344110541968706131,1756359242,2025-08-28 05:34:02,0.495
bitcoin-up-or-down-august-28-5am-et,UP,6791777700662748561554896865768845768474800581889937927345344110541968706131,1756359308,2025-08-28 05:35:08,0.495
bitcoin-up-or-down-august-28-5am-et,UP,6791777700662748561554896865768845768474800581889937927345344110541968706131,1756359362,2025-08-28 05:36:02,0.495
bitcoin-up-or-down-august-28-5am-et,UP,6791777700662748561554896865768845768474800581889937927345344110541968706131,1756359424,2025-08-28 05:37:04,0.495
bitcoin-up-or-down-august-28-5am-et,UP,6791777700662748561554896865768845768474800581889937927345344110541968706131,1756359482,2025-08-28 05:38:02,0.495
bitcoin-up-or-down-august-28-5am-et,UP,6791777700662748561554896865768845768474800581889937927345344110541968706131,1756359542,2025-08-28 05:39:02,0.495
bitcoin-up-or-down-august-28-5am-et,UP,6791777700662748561554896865768845768474800581889937927345344110541968706131,1756359614,2025-08-28 05:40:14,0.495
bitcoin-up-or-down-august-28-5am-et,UP,6791777700662748561554896865768845768474800581889937927345344110541968706131,1756359663,2025-08-28 05:41:03,0.495
bitcoin-up-or-down-august-28-5am-et,UP,6791777700662748561554896865768845768474800581889937927345344110541968706131,1756359723,2025-08-28 05:42:03,0.495
bitcoin-up-or-down-august-28-5am-et,UP,6791777700662748561554896865768845768474800581889937927345344110541968706131,1756359783,2025-08-28 05:43:03,0.495
bitcoin-up-or-down-august-28-5am-et,UP,6791777700662748561554896865768845768474800581889937927345344110541968706131,1756359844,2025-08-28 05:44:04,0.495
bitcoin-up-or-down-august-28-5am-et,UP,6791777700662748561554896865768845768474800581889937927345344110541968706131,1756359915,2025-08-28 05:45:15,0.495
bitcoin-up-or-down-august-28-5am-et,UP,6791777700662748561554896865768845768474800581889937927345344110541968706131,1756359964,2025-08-28 05:46:04,0.495
bitcoin-up-or-down-august-28-5am-et,UP,6791777700662748561554896865768845768474800581889937927345344110541968706131,1756360022,2025-08-28 05:47:02,0.495
bitcoin-up-or-down-august-28-5am-et,UP,6791777700662748561554896865768845768474800581889937927345344110541968706131,1756360083,2025-08-28 05:48:03,0.495
bitcoin-up-or-down-august-28-5am-et,UP,6791777700662748561554896865768845768474800581889937927345344110541968706131,1756360142,2025-08-28 05:49:02,0.495
bitcoin-up-or-down-august-28-5am-et,UP,6791777700662748561554896865768845768474800581889937927345344110541968706131,1756360216,2025-08-28 05:50:16,0.495
bitcoin-up-or-down-august-28-5am-et,UP,6791777700662748561554896865768845768474800581889937927345344110541968706131,1756360263,2025-08-28 05:51:03,0.495
bitcoin-up-or-down-august-28-5am-et,UP,6791777700662748561554896865768845768474800581889937927345344110541968706131,1756360323,2025-08-28 05:52:03,0.495
bitcoin-up-or-down-august-28-5am-et,UP,6791777700662748561554896865768845768474800581889937927345344110541968706131,1756360383,2025-08-28 05:53:03,0.495
bitcoin-up-or-down-august-28-5am-et,UP,6791777700662748561554896865768845768474800581889937927345344110541968706131,1756360443,2025-08-28 05:54:03,0.495
bitcoin-up-or-down-august-28-5am-et,UP,6791777700662748561554896865768845768474800581889937927345344110541968706131,1756360515,2025-08-28 05:55:15,0.495
bitcoin-up-or-down-august-28-5am-et,UP,6791777700662748561554896865768845768474800581889937927345344110541968706131,1756360563,2025-08-28 05:56:03,0.495
bitcoin-up-or-down-august-28-5am-et,UP,6791777700662748561554896865768845768474800581889937927345344110541968706131,1756360623,2025-08-28 05:57:03,0.495
bitcoin-up-or-down-august-28-5am-et,UP,6791777700662748561554896865768845768474800581889937927345344110541968706131,1756360682,2025-08-28 05:58:02,0.495
bitcoin-up-or-down-august-28-5am-et,UP,6791777700662748561554896865768845768474800581889937927345344110541968706131,1756360742,2025-08-28 05:59:02,0.495
bitcoin-up-or-down-august-28-5am-et,UP,6791777700662748561554896865768845768474800581889937927345344110541968706131,1756360807,2025-08-28 06:00:07,0.495
bitcoin-up-or-down-august-28-5am-et,UP,6791777700662748561554896865768845768474800581889937927345344110541968706131,1756360864,2025-08-28 06:01:04,0.495
bitcoin-up-or-down-august-28-5am-et,UP,6791777700662748561554896865768845768474800581889937927345344110541968706131,1756360922,2025-08-28 06:02:02,0.495
bitcoin-up-or-down-august-28-5am-et,UP,6791777700662748561554896865768845768474800581889937927345344110541968706131,1756360982,2025-08-28 06:03:02,0.495
bitcoin-up-or-down-august-28-5am-et,UP,6791777700662748561554896865768845768474800581889937927345344110541968706131,1756361043,2025-08-28 06:04:03,0.495
bitcoin-up-or-down-august-28-5am-et,UP,6791777700662748561554896865768845768474800581889937927345344110541968706131,1756361102,2025-08-28 06:05:02,0.495
bitcoin-up-or-down-august-28-5am-et,UP,6791777700662748561554896865768845768474800581889937927345344110541968706131,1756361162,2025-08-28 06:06:02,0.495
bitcoin-up-or-down-august-28-5am-et,UP,6791777700662748561554896865768845768474800581889937927345344110541968706131,1756361224,2025-08-28 06:07:04,0.495
bitcoin-up-or-down-august-28-5am-et,UP,6791777700662748561554896865768845768474800581889937927345344110541968706131,1756361283,2025-08-28 06:08:03,0.495
bitcoin-up-or-down-august-28-5am-et,UP,6791777700662748561554896865768845768474800581889937927345344110541968706131,1756361343,2025-08-28 06:09:03,0.495
bitcoin-up-or-down-august-28-5am-et,UP,6791777700662748561554896865768845768474800581889937927345344110541968706131,1756361403,2025-08-28 06:10:03,0.495
bitcoin-up-or-down-august-28-5am-et,UP,6791777700662748561554896865768845768474800581889937927345344110541968706131,1756361464,2025-08-28 06:11:04,0.495
bitcoin-up-or-down-august-28-5am-et,UP,6791777700662748561554896865768845768474800581889937927345344110541968706131,1756361523,2025-08-28 06:12:03,0.495
bitcoin-up-or-down-august-28-5am-et,UP,6791777700662748561554896865768845768474800581889937927345344110541968706131,1756361582,2025-08-28 06:13:02,0.495
bitcoin-up-or-down-august-28-5am-et,UP,6791777700662748561554896865768845768474800581889937927345344110541968706131,1756361642,2025-08-28 06:14:02,0.495
bitcoin-up-or-down-august-28-5am-et,UP,6791777700662748561554896865768845768474800581889937927345344110541968706131,1756361702,2025-08-28 06:15:02,0.495
bitcoin-up-or-down-august-28-5am-et,UP,6791777700662748561554896865768845768474800581889937927345344110541968706131,1756361762,2025-08-28 06:16:02,0.495
bitcoin-up-or-down-august-28-5am-et,UP,6791777700662748561554896865768845768474800581889937927345344110541968706131,1756361823,2025-08-28 06:17:03,0.495
bitcoin-up-or-down-august-28-5am-et,UP,6791777700662748561554896865768845768474800581889937927345344110541968706131,1756361938,2025-08-28 06:18:58,0.495
bitcoin-up-or-down-august-28-5am-et,UP,6791777700662748561554896865768845768474800581889937927345344110541968706131,1756361946,2025-08-28 06:19:06,0.495
bitcoin-up-or-down-august-28-5am-et,UP,6791777700662748561554896865768845768474800581889937927345344110541968706131,1756362011,2025-08-28 06:20:11,0.495
bitcoin-up-or-down-august-28-5am-et,UP,6791777700662748561554896865768845768474800581889937927345344110541968706131,1756362063,2025-08-28 06:21:03,0.495
bitcoin-up-or-down-august-28-5am-et,UP,6791777700662748561554896865768845768474800581889937927345344110541968706131,1756362123,2025-08-28 06:22:03,0.495
bitcoin-up-or-down-august-28-5am-et,UP,6791777700662748561554896865768845768474800581889937927345344110541968706131,1756362183,2025-08-28 06:23:03,0.495
bitcoin-up-or-down-august-28-5am-et,UP,6791777700662748561554896865768845768474800581889937927345344110541968706131,1756362243,2025-08-28 06:24:03,0.495
bitcoin-up-or-down-august-28-5am-et,UP,6791777700662748561554896865768845768474800581889937927345344110541968706131,1756362313,2025-08-28 06:25:13,0.495
bitcoin-up-or-down-august-28-5am-et,UP,6791777700662748561554896865768845768474800581889937927345344110541968706131,1756362363,2025-08-28 06:26:03,0.495
bitcoin-up-or-down-august-28-5am-et,UP,6791777700662748561554896865768845768474800581889937927345344110541968706131,1756362426,2025-08-28 06:27:06,0.495
bitcoin-up-or-down-august-28-5am-et,UP,6791777700662748561554896865768845768474800581889937927345344110541968706131,1756362483,2025-08-28 06:28:03,0.495
bitcoin-up-or-down-august-28-5am-et,UP,6791777700662748561554896865768845768474800581889937927345344110541968706131,1756362544,2025-08-28 06:29:04,0.495
bitcoin-up-or-down-august-28-5am-et,UP,6791777700662748561554896865768845768474800581889937927345344110541968706131,1756362613,2025-08-28 06:30:13,0.495
bitcoin-up-or-down-august-28-5am-et,UP,6791777700662748561554896865768845768474800581889937927345344110541968706131,1756362665,2025-08-28 06:31:05,0.495
bitcoin-up-or-down-august-28-5am-et,UP,6791777700662748561554896865768845768474800581889937927345344110541968706131,1756362722,2025-08-28 06:32:02,0.495
bitcoin-up-or-down-august-28-5am-et,UP,6791777700662748561554896865768845768474800581889937927345344110541968706131,1756362784,2025-08-28 06:33:04,0.495
bitcoin-up-or-down-august-28-5am-et,UP,6791777700662748561554896865768845768474800581889937927345344110541968706131,1756362842,2025-08-28 06:34:02,0.495
bitcoin-up-or-down-august-28-5am-et,UP,6791777700662748561554896865768845768474800581889937927345344110541968706131,1756362905,2025-08-28 06:35:05,0.495
bitcoin-up-or-down-august-28-5am-et,UP,6791777700662748561554896865768845768474800581889937927345344110541968706131,1756362962,2025-08-28 06:36:02,0.495
bitcoin-up-or-down-august-28-5am-et,UP,6791777700662748561554896865768845768474800581889937927345344110541968706131,1756363023,2025-08-28 06:37:03,0.495
bitcoin-up-or-down-august-28-5am-et,UP,6791777700662748561554896865768845768474800581889937927345344110541968706131,1756363083,2025-08-28 06:38:03,0.495
bitcoin-up-or-down-august-28-5am-et,UP,6791777700662748561554896865768845768474800581889937927345344110541968706131,1756363145,2025-08-28 06:39:05,0.495
bitcoin-up-or-down-august-28-5am-et,UP,6791777700662748561554896865768845768474800581889937927345344110541968706131,1756363204,2025-08-28 06:40:04,0.495
bitcoin-up-or-down-august-28-5am-et,UP,6791777700662748561554896865768845768474800581889937927345344110541968706131,1756363263,2025-08-28 06:41:03,0.495
bitcoin-up-or-down-august-28-5am-et,UP,6791777700662748561554896865768845768474800581889937927345344110541968706131,1756363323,2025-08-28 06:42:03,0.495
bitcoin-up-or-down-august-28-5am-et,UP,6791777700662748561554896865768845768474800581889937927345344110541968706131,1756363383,2025-08-28 06:43:03,0.495
bitcoin-up-or-down-august-28-5am-et,UP,6791777700662748561554896865768845768474800581889937927345344110541968706131,1756363448,2025-08-28 06:44:08,0.495
bitcoin-up-or-down-august-28-5am-et,UP,6791777700662748561554896865768845768474800581889937927345344110541968706131,1756363505,2025-08-28 06:45:05,0.495
bitcoin-up-or-down-august-28-5am-et,UP,6791777700662748561554896865768845768474800581889937927345344110541968706131,1756363564,2025-08-28 06:46:04,0.495
bitcoin-up-or-down-august-28-5am-et,UP,6791777700662748561554896865768845768474800581889937927345344110541968706131,1756363624,2025-08-28 06:47:04,0.495
bitcoin-up-or-down-august-28-5am-et,UP,6791777700662748561554896865768845768474800581889937927345344110541968706131,1756363682,2025-08-28 06:48:02,0.495
bitcoin-up-or-down-august-28-5am-et,UP,6791777700662748561554896865768845768474800581889937927345344110541968706131,1756363755,2025-08-28 06:49:15,0.495
bitcoin-up-or-down-august-28-5am-et,UP,6791777700662748561554896865768845768474800581889937927345344110541968706131,1756363804,2025-08-28 06:50:04,0.495
bitcoin-up-or-down-august-28-5am-et,UP,6791777700662748561554896865768845768474800581889937927345344110541968706131,1756363862,2025-08-28 06:51:02,0.495
bitcoin-up-or-down-august-28-5am-et,UP,6791777700662748561554896865768845768474800581889937927345344110541968706131,1756363922,2025-08-28 06:52:02,0.495
bitcoin-up-or-down-august-28-5am-et,UP,6791777700662748561554896865768845768474800581889937927345344110541968706131,1756363982,2025-08-28 06:53:02,0.495
bitcoin-up-or-down-august-28-5am-et,UP,6791777700662748561554896865768845768474800581889937927345344110541968706131,1756364046,2025-08-28 06:54:06,0.495
bitcoin-up-or-down-august-28-5am-et,UP,6791777700662748561554896865768845768474800581889937927345344110541968706131,1756364104,2025-08-28 06:55:04,0.495
bitcoin-up-or-down-august-28-5am-et,UP,6791777700662748561554896865768845768474800581889937927345344110541968706131,1756364163,2025-08-28 06:56:03,0.495
bitcoin-up-or-down-august-28-5am-et,UP,6791777700662748561554896865768845768474800581889937927345344110541968706131,1756364222,2025-08-28 06:57:02,0.495
bitcoin-up-or-down-august-28-5am-et,UP,6791777700662748561554896865768845768474800581889937927345344110541968706131,1756364283,2025-08-28 06:58:03,0.495
bitcoin-up-or-down-august-28-5am-et,UP,6791777700662748561554896865768845768474800581889937927345344110541968706131,1756364353,2025-08-28 06:59:13,0.495
bitcoin-up-or-down-august-28-5am-et,UP,6791777700662748561554896865768845768474800581889937927345344110541968706131,1756364410,2025-08-28 07:00:10,0.495
bitcoin-up-or-down-august-28-5am-et,UP,6791777700662748561554896865768845768474800581889937927345344110541968706131,1756364462,2025-08-28 07:01:02,0.495
bitcoin-up-or-down-august-28-5am-et,UP,6791777700662748561554896865768845768474800581889937927345344110541968706131,1756364522,2025-08-28 07:02:02,0.495
bitcoin-up-or-down-august-28-5am-et,UP,6791777700662748561554896865768845768474800581889937927345344110541968706131,1756364582,2025-08-28 07:03:02,0.495
bitcoin-up-or-down-august-28-5am-et,UP,6791777700662748561554896865768845768474800581889937927345344110541968706131,1756364643,2025-08-28 07:04:03,0.495
bitcoin-up-or-down-august-28-5am-et,UP,6791777700662748561554896865768845768474800581889937927345344110541968706131,1756364711,2025-08-28 07:05:11,0.495
bitcoin-up-or-down-august-28-5am-et,UP,6791777700662748561554896865768845768474800581889937927345344110541968706131,1756364764,2025-08-28 07:06:04,0.495
bitcoin-up-or-down-august-28-5am-et,UP,6791777700662748561554896865768845768474800581889937927345344110541968706131,1756364822,2025-08-28 07:07:02,0.495
bitcoin-up-or-down-august-28-5am-et,UP,6791777700662748561554896865768845768474800581889937927345344110541968706131,1756364884,2025-08-28 07:08:04,0.495
bitcoin-up-or-down-august-28-5am-et,UP,6791777700662748561554896865768845768474800581889937927345344110541968706131,1756364943,2025-08-28 07:09:03,0.495
bitcoin-up-or-down-august-28-5am-et,UP,6791777700662748561554896865768845768474800581889937927345344110541968706131,1756365009,2025-08-28 07:10:09,0.495
bitcoin-up-or-down-august-28-5am-et,UP,6791777700662748561554896865768845768474800581889937927345344110541968706131,1756365063,2025-08-28 07:11:03,0.495
bitcoin-up-or-down-august-28-5am-et,UP,6791777700662748561554896865768845768474800581889937927345344110541968706131,1756365123,2025-08-28 07:12:03,0.495
bitcoin-up-or-down-august-28-5am-et,UP,6791777700662748561554896865768845768474800581889937927345344110541968706131,1756365183,2025-08-28 07:13:03,0.495
bitcoin-up-or-down-august-28-5am-et,UP,6791777700662748561554896865768845768474800581889937927345344110541968706131,1756365242,2025-08-28 07:14:02,0.495
bitcoin-up-or-down-august-28-5am-et,UP,6791777700662748561554896865768845768474800581889937927345344110541968706131,1756365306,2025-08-28 07:15:06,0.495
bitcoin-up-or-down-august-28-5am-et,UP,6791777700662748561554896865768845768474800581889937927345344110541968706131,1756365365,2025-08-28 07:16:05,0.495
bitcoin-up-or-down-august-28-5am-et,UP,6791777700662748561554896865768845768474800581889937927345344110541968706131,1756365424,2025-08-28 07:17:04,0.495
bitcoin-up-or-down-august-28-5am-et,UP,6791777700662748561554896865768845768474800581889937927345344110541968706131,1756365483,2025-08-28 07:18:03,0.495
bitcoin-up-or-down-august-28-5am-et,UP,6791777700662748561554896865768845768474800581889937927345344110541968706131,1756365542,2025-08-28 07:19:02,0.495
bitcoin-up-or-down-august-28-5am-et,UP,6791777700662748561554896865768845768474800581889937927345344110541968706131,1756365615,2025-08-28 07:20:15,0.495
bitcoin-up-or-down-august-28-5am-et,UP,6791777700662748561554896865768845768474800581889937927345344110541968706131,1756365663,2025-08-28 07:21:03,0.495
bitcoin-up-or-down-august-28-5am-et,UP,6791777700662748561554896865768845768474800581889937927345344110541968706131,1756365723,2025-08-28 07:22:03,0.495
bitcoin-up-or-down-august-28-5am-et,UP,6791777700662748561554896865768845768474800581889937927345344110541968706131,1756365782,2025-08-28 07:23:02,0.495
bitcoin-up-or-down-august-28-5am-et,UP,6791777700662748561554896865768845768474800581889937927345344110541968706131,1756365843,2025-08-28 07:24:03,0.495
bitcoin-up-or-down-august-28-5am-et,UP,6791777700662748561554896865768845768474800581889937927345344110541968706131,1756365910,2025-08-28 07:25:10,0.495
bitcoin-up-or-down-august-28-5am-et,UP,6791777700662748561554896865768845768474800581889937927345344110541968706131,1756365964,2025-08-28 07:26:04,0.495
bitcoin-up-or-down-august-28-5am-et,UP,6791777700662748561554896865768845768474800581889937927345344110541968706131,1756366022,2025-08-28 07:27:02,0.495
bitcoin-up-or-down-august-28-5am-et,UP,6791777700662748561554896865768845768474800581889937927345344110541968706131,1756366082,2025-08-28 07:28:02,0.495
bitcoin-up-or-down-august-28-5am-et,UP,6791777700662748561554896865768845768474800581889937927345344110541968706131,1756366144,2025-08-28 07:29:04,0.495
bitcoin-up-or-down-august-28-5am-et,UP,6791777700662748561554896865768845768474800581889937927345344110541968706131,1756366213,2025-08-28 07:30:13,0.495
bitcoin-up-or-down-august-28-5am-et,UP,6791777700662748561554896865768845768474800581889937927345344110541968706131,1756366263,2025-08-28 07:31:03,0.495
bitcoin-up-or-down-august-28-5am-et,UP,6791777700662748561554896865768845768474800581889937927345344110541968706131,1756366323,2025-08-28 07:32:03,0.495
bitcoin-up-or-down-august-28-5am-et,UP,6791777700662748561554896865768845768474800581889937927345344110541968706131,1756366382,2025-08-28 07:33:02,0.495
bitcoin-up-or-down-august-28-5am-et,UP,6791777700662748561554896865768845768474800581889937927345344110541968706131,1756366442,2025-08-28 07:34:02,0.495
bitcoin-up-or-down-august-28-5am-et,UP,6791777700662748561554896865768845768474800581889937927345344110541968706131,1756366504,2025-08-28 07:35:04,0.495
bitcoin-up-or-down-august-28-5am-et,UP,6791777700662748561554896865768845768474800581889937927345344110541968706131,1756366564,2025-08-28 07:36:04,0.495
bitcoin-up-or-down-august-28-5am-et,UP,6791777700662748561554896865768845768474800581889937927345344110541968706131,1756366624,2025-08-28 07:37:04,0.495
bitcoin-up-or-down-august-28-5am-et,UP,6791777700662748561554896865768845768474800581889937927345344110541968706131,1756366684,2025-08-28 07:38:04,0.495
bitcoin-up-or-down-august-28-5am-et,UP,6791777700662748561554896865768845768474800581889937927345344110541968706131,1756366742,2025-08-28 07:39:02,0.495
bitcoin-up-or-down-august-28-5am-et,UP,6791777700662748561554896865768845768474800581889937927345344110541968706131,1756366808,2025-08-28 07:40:08,0.495
bitcoin-up-or-down-august-28-5am-et,UP,6791777700662748561554896865768845768474800581889937927345344110541968706131,1756366868,2025-08-28 07:41:08,0.495
bitcoin-up-or-down-august-28-5am-et,UP,6791777700662748561554896865768845768474800581889937927345344110541968706131,1756366922,2025-08-28 07:42:02,0.495
bitcoin-up-or-down-august-28-5am-et,UP,6791777700662748561554896865768845768474800581889937927345344110541968706131,1756366983,2025-08-28 07:43:03,0.495
bitcoin-up-or-down-august-28-5am-et,UP,6791777700662748561554896865768845768474800581889937927345344110541968706131,1756367042,2025-08-28 07:44:02,0.495
bitcoin-up-or-down-august-28-5am-et,UP,6791777700662748561554896865768845768474800581889937927345344110541968706131,1756367112,2025-08-28 07:45:12,0.495
bitcoin-up-or-down-august-28-5am-et,UP,6791777700662748561554896865768845768474800581889937927345344110541968706131,1756367162,2025-08-28 07:46:02,0.495
bitcoin-up-or-down-august-28-5am-et,UP,6791777700662748561554896865768845768474800581889937927345344110541968706131,1756367223,2025-08-28 07:47:03,0.495
bitcoin-up-or-down-august-28-5am-et,UP,6791777700662748561554896865768845768474800581889937927345344110541968706131,1756367284,2025-08-28 07:48:04,0.495
bitcoin-up-or-down-august-28-5am-et,UP,6791777700662748561554896865768845768474800581889937927345344110541968706131,1756367342,2025-08-28 07:49:02,0.495
bitcoin-up-or-down-august-28-5am-et,UP,6791777700662748561554896865768845768474800581889937927345344110541968706131,1756367405,2025-08-28 07:50:05,0.495
bitcoin-up-or-down-august-28-5am-et,UP,6791777700662748561554896865768845768474800581889937927345344110541968706131,1756367464,2025-08-28 07:51:04,0.495
bitcoin-up-or-down-august-28-5am-et,UP,6791777700662748561554896865768845768474800581889937927345344110541968706131,1756367523,2025-08-28 07:52:03,0.495
bitcoin-up-or-down-august-28-5am-et,UP,6791777700662748561554896865768845768474800581889937927345344110541968706131,1756367582,2025-08-28 07:53:02,0.495
bitcoin-up-or-down-august-28-5am-et,UP,6791777700662748561554896865768845768474800581889937927345344110541968706131,1756367644,2025-08-28 07:54:04,0.495
bitcoin-up-or-down-august-28-5am-et,UP,6791777700662748561554896865768845768474800581889937927345344110541968706131,1756367710,2025-08-28 07:55:10,0.495
bitcoin-up-or-down-august-28-5am-et,UP,6791777700662748561554896865768845768474800581889937927345344110541968706131,1756367764,2025-08-28 07:56:04,0.495
bitcoin-up-or-down-august-28-5am-et,UP,6791777700662748561554896865768845768474800581889937927345344110541968706131,1756367824,2025-08-28 07:57:04,0.495
bitcoin-up-or-down-august-28-5am-et,UP,6791777700662748561554896865768845768474800581889937927345344110541968706131,1756367882,2025-08-28 07:58:02,0.495
bitcoin-up-or-down-august-28-5am-et,UP,6791777700662748561554896865768845768474800581889937927345344110541968706131,1756367943,2025-08-28 07:59:03,0.495
bitcoin-up-or-down-august-28-5am-et,UP,6791777700662748561554896865768845768474800581889937927345344110541968706131,1756368004,2025-08-28 08:00:04,0.495
bitcoin-up-or-down-august-28-5am-et,UP,6791777700662748561554896865768845768474800581889937927345344110541968706131,1756368063,2025-08-28 08:01:03,0.495
bitcoin-up-or-down-august-28-5am-et,UP,6791777700662748561554896865768845768474800581889937927345344110541968706131,1756368123,2025-08-28 08:02:03,0.5
bitcoin-up-or-down-august-28-5am-et,UP,6791777700662748561554896865768845768474800581889937927345344110541968706131,1756368182,2025-08-28 08:03:02,0.495
bitcoin-up-or-down-august-28-5am-et,UP,6791777700662748561554896865768845768474800581889937927345344110541968706131,1756368242,2025-08-28 08:04:02,0.495
bitcoin-up-or-down-august-28-5am-et,UP,6791777700662748561554896865768845768474800581889937927345344110541968706131,1756368305,2025-08-28 08:05:05,0.495
bitcoin-up-or-down-august-28-5am-et,UP,6791777700662748561554896865768845768474800581889937927345344110541968706131,1756368362,2025-08-28 08:06:02,0.495
bitcoin-up-or-down-august-28-5am-et,UP,6791777700662748561554896865768845768474800581889937927345344110541968706131,1756368422,2025-08-28 08:07:02,0.495
bitcoin-up-or-down-august-28-5am-et,UP,6791777700662748561554896865768845768474800581889937927345344110541968706131,1756368500,2025-08-28 08:08:20,0.495
bitcoin-up-or-down-august-28-5am-et,UP,6791777700662748561554896865768845768474800581889937927345344110541968706131,1756368543,2025-08-28 08:09:03,0.495
bitcoin-up-or-down-august-28-5am-et,UP,6791777700662748561554896865768845768474800581889937927345344110541968706131,1756368611,2025-08-28 08:10:11,0.495
bitcoin-up-or-down-august-28-5am-et,UP,6791777700662748561554896865768845768474800581889937927345344110541968706131,1756368662,2025-08-28 08:11:02,0.495
bitcoin-up-or-down-august-28-5am-et,UP,6791777700662748561554896865768845768474800581889937927345344110541968706131,1756368723,2025-08-28 08:12:03,0.495
bitcoin-up-or-down-august-28-5am-et,UP,6791777700662748561554896865768845768474800581889937927345344110541968706131,1756368783,2025-08-28 08:13:03,0.495
bitcoin-up-or-down-august-28-5am-et,UP,6791777700662748561554896865768845768474800581889937927345344110541968706131,1756368842,2025-08-28 08:14:02,0.495
bitcoin-up-or-down-august-28-5am-et,UP,6791777700662748561554896865768845768474800581889937927345344110541968706131,1756368906,2025-08-28 08:15:06,0.495
bitcoin-up-or-down-august-28-5am-et,UP,6791777700662748561554896865768845768474800581889937927345344110541968706131,1756368962,2025-08-28 08:16:02,0.495
bitcoin-up-or-down-august-28-5am-et,UP,6791777700662748561554896865768845768474800581889937927345344110541968706131,1756369022,2025-08-28 08:17:02,0.495
bitcoin-up-or-down-august-28-5am-et,UP,6791777700662748561554896865768845768474800581889937927345344110541968706131,1756369082,2025-08-28 08:18:02,0.495
bitcoin-up-or-down-august-28-5am-et,UP,6791777700662748561554896865768845768474800581889937927345344110541968706131,1756369143,2025-08-28 08:19:03,0.495
bitcoin-up-or-down-august-28-5am-et,UP,6791777700662748561554896865768845768474800581889937927345344110541968706131,1756369202,2025-08-28 08:20:02,0.495
bitcoin-up-or-down-august-28-5am-et,UP,6791777700662748561554896865768845768474800581889937927345344110541968706131,1756369264,2025-08-28 08:21:04,0.495
bitcoin-up-or-down-august-28-5am-et,UP,6791777700662748561554896865768845768474800581889937927345344110541968706131,1756369323,2025-08-28 08:22:03,0.495
bitcoin-up-or-down-august-28-5am-et,UP,6791777700662748561554896865768845768474800581889937927345344110541968706131,1756369382,2025-08-28 08:23:02,0.495
bitcoin-up-or-down-august-28-5am-et,UP,6791777700662748561554896865768845768474800581889937927345344110541968706131,1756369442,2025-08-28 08:24:02,0.495
bitcoin-up-or-down-august-28-5am-et,UP,6791777700662748561554896865768845768474800581889937927345344110541968706131,1756369514,2025-08-28 08:25:14,0.495
bitcoin-up-or-down-august-28-5am-et,UP,6791777700662748561554896865768845768474800581889937927345344110541968706131,1756369563,2025-08-28 08:26:03,0.495
bitcoin-up-or-down-august-28-5am-et,UP,6791777700662748561554896865768845768474800581889937927345344110541968706131,1756369623,2025-08-28 08:27:03,0.495
bitcoin-up-or-down-august-28-5am-et,UP,6791777700662748561554896865768845768474800581889937927345344110541968706131,1756369682,2025-08-28 08:28:02,0.495
bitcoin-up-or-down-august-28-5am-et,UP,6791777700662748561554896865768845768474800581889937927345344110541968706131,1756369743,2025-08-28 08:29:03,0.495
bitcoin-up-or-down-august-28-5am-et,UP,6791777700662748561554896865768845768474800581889937927345344110541968706131,1756369808,2025-08-28 08:30:08,0.495
bitcoin-up-or-down-august-28-5am-et,UP,6791777700662748561554896865768845768474800581889937927345344110541968706131,1756369864,2025-08-28 08:31:04,0.495
bitcoin-up-or-down-august-28-5am-et,UP,6791777700662748561554896865768845768474800581889937927345344110541968706131,1756369922,2025-08-28 08:32:02,0.495
bitcoin-up-or-down-august-28-5am-et,UP,6791777700662748561554896865768845768474800581889937927345344110541968706131,1756369983,2025-08-28 08:33:03,0.495
bitcoin-up-or-down-august-28-5am-et,UP,6791777700662748561554896865768845768474800581889937927345344110541968706131,1756370043,2025-08-28 08:34:03,0.495
bitcoin-up-or-down-august-28-5am-et,UP,6791777700662748561554896865768845768474800581889937927345344110541968706131,1756370109,2025-08-28 08:35:09,0.495
bitcoin-up-or-down-august-28-5am-et,UP,6791777700662748561554896865768845768474800581889937927345344110541968706131,1756370162,2025-08-28 08:36:02,0.495
bitcoin-up-or-down-august-28-5am-et,UP,6791777700662748561554896865768845768474800581889937927345344110541968706131,1756370223,2025-08-28 08:37:03,0.495
bitcoin-up-or-down-august-28-5am-et,UP,6791777700662748561554896865768845768474800581889937927345344110541968706131,1756370283,2025-08-28 08:38:03,0.495
bitcoin-up-or-down-august-28-5am-et,UP,6791777700662748561554896865768845768474800581889937927345344110541968706131,1756370342,2025-08-28 08:39:02,0.495
bitcoin-up-or-down-august-28-5am-et,UP,6791777700662748561554896865768845768474800581889937927345344110541968706131,1756370407,2025-08-28 08:40:07,0.495
bitcoin-up-or-down-august-28-5am-et,UP,6791777700662748561554896865768845768474800581889937927345344110541968706131,1756370463,2025-08-28 08:41:03,0.495
bitcoin-up-or-down-august-28-5am-et,UP,6791777700662748561554896865768845768474800581889937927345344110541968706131,1756370522,2025-08-28 08:42:02,0.495
bitcoin-up-or-down-august-28-5am-et,UP,6791777700662748561554896865768845768474800581889937927345344110541968706131,1756370582,2025-08-28 08:43:02,0.495
bitcoin-up-or-down-august-28-5am-et,UP,6791777700662748561554896865768845768474800581889937927345344110541968706131,1756370643,2025-08-28 08:44:03,0.495
bitcoin-up-or-down-august-28-5am-et,UP,6791777700662748561554896865768845768474800581889937927345344110541968706131,1756370702,2025-08-28 08:45:02,0.495
bitcoin-up-or-down-august-28-5am-et,UP,6791777700662748561554896865768845768474800581889937927345344110541968706131,1756370763,2025-08-28 08:46:03,0.495
bitcoin-up-or-down-august-28-5am-et,UP,6791777700662748561554896865768845768474800581889937927345344110541968706131,1756370822,2025-08-28 08:47:02,0.495
bitcoin-up-or-down-august-28-5am-et,UP,6791777700662748561554896865768845768474800581889937927345344110541968706131,1756370883,2025-08-28 08:48:03,0.495
bitcoin-up-or-down-august-28-5am-et,UP,6791777700662748561554896865768845768474800581889937927345344110541968706131,1756370942,2025-08-28 08:49:02,0.495
bitcoin-up-or-down-august-28-5am-et,UP,6791777700662748561554896865768845768474800581889937927345344110541968706131,1756371013,2025-08-28 08:50:13,0.495
bitcoin-up-or-down-august-28-5am-et,UP,6791777700662748561554896865768845768474800581889937927345344110541968706131,1756371064,2025-08-28 08:51:04,0.495
bitcoin-up-or-down-august-28-5am-et,UP,6791777700662748561554896865768845768474800581889937927345344110541968706131,1756371123,2025-08-28 08:52:03,0.495
bitcoin-up-or-down-august-28-5am-et,UP,6791777700662748561554896865768845768474800581889937927345344110541968706131,1756371183,2025-08-28 08:53:03,0.495
bitcoin-up-or-down-august-28-5am-et,UP,6791777700662748561554896865768845768474800581889937927345344110541968706131,1756371244,2025-08-28 08:54:04,0.495
bitcoin-up-or-down-august-28-5am-et,UP,6791777700662748561554896865768845768474800581889937927345344110541968706131,1756371303,2025-08-28 08:55:03,0.495
bitcoin-up-or-down-august-28-5am-et,UP,6791777700662748561554896865768845768474800581889937927345344110541968706131,1756371364,2025-08-28 08:56:04,0.495
bitcoin-up-or-down-august-28-5am-et,UP,6791777700662748561554896865768845768474800581889937927345344110541968706131,1756371422,2025-08-28 08:57:02,0.495
bitcoin-up-or-down-august-28-5am-et,UP,6791777700662748561554896865768845768474800581889937927345344110541968706131,1756371483,2025-08-28 08:58:03,0.495
bitcoin-up-or-down-august-28-5am-et,UP,6791777700662748561554896865768845768474800581889937927345344110541968706131,1756371542,2025-08-28 08:59:02,0.495
bitcoin-up-or-down-august-28-5am-et,UP,6791777700662748561554896865768845768474800581889937927345344110541968706131,1756371616,2025-08-28 09:00:16,0.495
bitcoin-up-or-down-august-28-5am-et,UP,6791777700662748561554896865768845768474800581889937927345344110541968706131,1756371663,2025-08-28 09:01:03,0.48
bitcoin-up-or-down-august-28-5am-et,UP,6791777700662748561554896865768845768474800581889937927345344110541968706131,1756371722,2025-08-28 09:02:02,0.44
bitcoin-up-or-down-august-28-5am-et,UP,6791777700662748561554896865768845768474800581889937927345344110541968706131,1756371782,2025-08-28 09:03:02,0.445
bitcoin-up-or-down-august-28-5am-et,UP,6791777700662748561554896865768845768474800581889937927345344110541968706131,1756371843,2025-08-28 09:04:03,0.445
bitcoin-up-or-down-august-28-5am-et,UP,6791777700662748561554896865768845768474800581889937927345344110541968706131,1756371908,2025-08-28 09:05:08,0.45
bitcoin-up-or-down-august-28-5am-et,UP,6791777700662748561554896865768845768474800581889937927345344110541968706131,1756371964,2025-08-28 09:06:04,0.44
bitcoin-up-or-down-august-28-5am-et,UP,6791777700662748561554896865768845768474800581889937927345344110541968706131,1756372022,2025-08-28 09:07:02,0.415
bitcoin-up-or-down-august-28-5am-et,UP,6791777700662748561554896865768845768474800581889937927345344110541968706131,1756372082,2025-08-28 09:08:02,0.41
bitcoin-up-or-down-august-28-5am-et,UP,6791777700662748561554896865768845768474800581889937927345344110541968706131,1756372144,2025-08-28 09:09:04,0.445
bitcoin-up-or-down-august-28-5am-et,UP,6791777700662748561554896865768845768474800581889937927345344110541968706131,1756372209,2025-08-28 09:10:09,0.46
bitcoin-up-or-down-august-28-5am-et,UP,6791777700662748561554896865768845768474800581889937927345344110541968706131,1756372262,2025-08-28 09:11:02,0.51
bitcoin-up-or-down-august-28-5am-et,UP,6791777700662748561554896865768845768474800581889937927345344110541968706131,1756372323,2025-08-28 09:12:03,0.435
bitcoin-up-or-down-august-28-5am-et,UP,6791777700662748561554896865768845768474800581889937927345344110541968706131,1756372383,2025-08-28 09:13:03,0.38
bitcoin-up-or-down-august-28-5am-et,UP,6791777700662748561554896865768845768474800581889937927345344110541968706131,1756372443,2025-08-28 09:14:03,0.375
bitcoin-up-or-down-august-28-5am-et,UP,6791777700662748561554896865768845768474800581889937927345344110541968706131,1756372505,2025-08-28 09:15:05,0.35
bitcoin-up-or-down-august-28-5am-et,UP,6791777700662748561554896865768845768474800581889937927345344110541968706131,1756372564,2025-08-28 09:16:04,0.36
bitcoin-up-or-down-august-28-5am-et,UP,6791777700662748561554896865768845768474800581889937927345344110541968706131,1756372622,2025-08-28 09:17:02,0.305
bitcoin-up-or-down-august-28-5am-et,UP,6791777700662748561554896865768845768474800581889937927345344110541968706131,1756372683,2025-08-28 09:18:03,0.3
bitcoin-up-or-down-august-28-5am-et,UP,6791777700662748561554896865768845768474800581889937927345344110541968706131,1756372743,2025-08-28 09:19:03,0.315
bitcoin-up-or-down-august-28-5am-et,UP,6791777700662748561554896865768845768474800581889937927345344110541968706131,1756372814,2025-08-28 09:20:14,0.28
bitcoin-up-or-down-august-28-5am-et,UP,6791777700662748561554896865768845768474800581889937927345344110541968706131,1756372863,2025-08-28 09:21:03,0.225
bitcoin-up-or-down-august-28-5am-et,UP,6791777700662748561554896865768845768474800581889937927345344110541968706131,1756372924,2025-08-28 09:22:04,0.18
bitcoin-up-or-down-august-28-5am-et,UP,6791777700662748561554896865768845768474800581889937927345344110541968706131,1756372983,2025-08-28 09:23:03,0.155
bitcoin-up-or-down-august-28-5am-et,UP,6791777700662748561554896865768845768474800581889937927345344110541968706131,1756373043,2025-08-28 09:24:03,0.235
bitcoin-up-or-down-august-28-5am-et,UP,6791777700662748561554896865768845768474800581889937927345344110541968706131,1756373102,2025-08-28 09:25:02,0.285
bitcoin-up-or-down-august-28-5am-et,UP,6791777700662748561554896865768845768474800581889937927345344110541968706131,1756373162,2025-08-28 09:26:02,0.23
bitcoin-up-or-down-august-28-5am-et,UP,6791777700662748561554896865768845768474800581889937927345344110541968706131,1756373222,2025-08-28 09:27:02,0.19
bitcoin-up-or-down-august-28-5am-et,UP,6791777700662748561554896865768845768474800581889937927345344110541968706131,1756373283,2025-08-28 09:28:03,0.205
bitcoin-up-or-down-august-28-5am-et,UP,6791777700662748561554896865768845768474800581889937927345344110541968706131,1756373343,2025-08-28 09:29:03,0.215
bitcoin-up-or-down-august-28-5am-et,UP,6791777700662748561554896865768845768474800581889937927345344110541968706131,1756373408,2025-08-28 09:30:08,0.225
bitcoin-up-or-down-august-28-5am-et,UP,6791777700662748561554896865768845768474800581889937927345344110541968706131,1756373462,2025-08-28 09:31:02,0.165
bitcoin-up-or-down-august-28-5am-et,UP,6791777700662748561554896865768845768474800581889937927345344110541968706131,1756373522,2025-08-28 09:32:02,0.135
bitcoin-up-or-down-august-28-5am-et,UP,6791777700662748561554896865768845768474800581889937927345344110541968706131,1756373582,2025-08-28 09:33:02,0.12
bitcoin-up-or-down-august-28-5am-et,UP,6791777700662748561554896865768845768474800581889937927345344110541968706131,1756373644,2025-08-28 09:34:04,0.125
bitcoin-up-or-down-august-28-5am-et,UP,6791777700662748561554896865768845768474800581889937927345344110541968706131,1756373712,2025-08-28 09:35:12,0.11
bitcoin-up-or-down-august-28-5am-et,UP,6791777700662748561554896865768845768474800581889937927345344110541968706131,1756373762,2025-08-28 09:36:02,0.1
bitcoin-up-or-down-august-28-5am-et,UP,6791777700662748561554896865768845768474800581889937927345344110541968706131,1756373824,2025-08-28 09:37:04,0.13
bitcoin-up-or-down-august-28-5am-et,UP,6791777700662748561554896865768845768474800581889937927345344110541968706131,1756373883,2025-08-28 09:38:03,0.14
bitcoin-up-or-down-august-28-5am-et,UP,6791777700662748561554896865768845768474800581889937927345344110541968706131,1756373942,2025-08-28 09:39:02,0.115
bitcoin-up-or-down-august-28-5am-et,UP,6791777700662748561554896865768845768474800581889937927345344110541968706131,1756374004,2025-08-28 09:40:04,0.1
bitcoin-up-or-down-august-28-5am-et,UP,6791777700662748561554896865768845768474800581889937927345344110541968706131,1756374063,2025-08-28 09:41:03,0.08
bitcoin-up-or-down-august-28-5am-et,UP,6791777700662748561554896865768845768474800581889937927345344110541968706131,1756374126,2025-08-28 09:42:06,0.08
bitcoin-up-or-down-august-28-5am-et,UP,6791777700662748561554896865768845768474800581889937927345344110541968706131,1756374183,2025-08-28 09:43:03,0.08
bitcoin-up-or-down-august-28-5am-et,UP,6791777700662748561554896865768845768474800581889937927345344110541968706131,1756374243,2025-08-28 09:44:03,0.055
bitcoin-up-or-down-august-28-5am-et,UP,6791777700662748561554896865768845768474800581889937927345344110541968706131,1756374312,2025-08-28 09:45:12,0.055
bitcoin-up-or-down-august-28-5am-et,UP,6791777700662748561554896865768845768474800581889937927345344110541968706131,1756374363,2025-08-28 09:46:03,0.045
bitcoin-up-or-down-august-28-5am-et,UP,6791777700662748561554896865768845768474800581889937927345344110541968706131,1756374423,2025-08-28 09:47:03,0.03
bitcoin-up-or-down-august-28-5am-et,UP,6791777700662748561554896865768845768474800581889937927345344110541968706131,1756374483,2025-08-28 09:48:03,0.02
bitcoin-up-or-down-august-28-5am-et,UP,6791777700662748561554896865768845768474800581889937927345344110541968706131,1756374543,2025-08-28 09:49:03,0.02
bitcoin-up-or-down-august-28-5am-et,UP,6791777700662748561554896865768845768474800581889937927345344110541968706131,1756374614,2025-08-28 09:50:14,0.01
bitcoin-up-or-down-august-28-5am-et,UP,6791777700662748561554896865768845768474800581889937927345344110541968706131,1756374663,2025-08-28 09:51:03,0.015
bitcoin-up-or-down-august-28-5am-et,UP,6791777700662748561554896865768845768474800581889937927345344110541968706131,1756374723,2025-08-28 09:52:03,0.015
bitcoin-up-or-down-august-28-5am-et,UP,6791777700662748561554896865768845768474800581889937927345344110541968706131,1756374782,2025-08-28 09:53:02,0.015
bitcoin-up-or-down-august-28-5am-et,UP,6791777700662748561554896865768845768474800581889937927345344110541968706131,1756374844,2025-08-28 09:54:04,0.005
bitcoin-up-or-down-august-28-5am-et,UP,6791777700662748561554896865768845768474800581889937927345344110541968706131,1756374904,2025-08-28 09:55:04,0.005
bitcoin-up-or-down-august-28-5am-et,UP,6791777700662748561554896865768845768474800581889937927345344110541968706131,1756374963,2025-08-28 09:56:03,0.005
bitcoin-up-or-down-august-28-5am-et,UP,6791777700662748561554896865768845768474800581889937927345344110541968706131,1756375023,2025-08-28 09:57:03,0.005
bitcoin-up-or-down-august-28-5am-et,UP,6791777700662748561554896865768845768474800581889937927345344110541968706131,1756375082,2025-08-28 09:58:02,0.005
bitcoin-up-or-down-august-28-5am-et,UP,6791777700662748561554896865768845768474800581889937927345344110541968706131,1756375142,2025-08-28 09:59:02,0.005
