event_slug,leg,token_id,timestamp,iso_time_utc,midpoint
bitcoin-up-or-down-august-27-9pm-et,DOWN,88199961804963316989575823589765327966215816745869924008829491301906775424924,1756113902,2025-08-25 09:25:02,0.5
bitcoin-up-or-down-august-27-9pm-et,DOWN,88199961804963316989575823589765327966215816745869924008829491301906775424924,1756113969,2025-08-25 09:26:09,0.5
bitcoin-up-or-down-august-27-9pm-et,DOWN,88199961804963316989575823589765327966215816745869924008829491301906775424924,1756114022,2025-08-25 09:27:02,0.5
bitcoin-up-or-down-august-27-9pm-et,DOWN,88199961804963316989575823589765327966215816745869924008829491301906775424924,1756114083,2025-08-25 09:28:03,0.5
bitcoin-up-or-down-august-27-9pm-et,DOWN,88199961804963316989575823589765327966215816745869924008829491301906775424924,1756114143,2025-08-25 09:29:03,0.5
bitcoin-up-or-down-august-27-9pm-et,DOWN,88199961804963316989575823589765327966215816745869924008829491301906775424924,1756114203,2025-08-25 09:30:03,0.5
bitcoin-up-or-down-august-27-9pm-et,DOWN,88199961804963316989575823589765327966215816745869924008829491301906775424924,1756114263,2025-08-25 09:31:03,0.5
bitcoin-up-or-down-august-27-9pm-et,DOWN,88199961804963316989575823589765327966215816745869924008829491301906775424924,1756114323,2025-08-25 09:32:03,0.5
bitcoin-up-or-down-august-27-9pm-et,DOWN,88199961804963316989575823589765327966215816745869924008829491301906775424924,1756114382,2025-08-25 09:33:02,0.5
bitcoin-up-or-down-august-27-9pm-et,DOWN,88199961804963316989575823589765327966215816745869924008829491301906775424924,1756114442,2025-08-25 09:34:02,0.5
bitcoin-up-or-down-august-27-9pm-et,DOWN,88199961804963316989575823589765327966215816745869924008829491301906775424924,1756114504,2025-08-25 09:35:04,0.5
bitcoin-up-or-down-august-27-9pm-et,DOWN,88199961804963316989575823589765327966215816745869924008829491301906775424924,1756114563,2025-08-25 09:36:03,0.5
bitcoin-up-or-down-august-27-9pm-et,DOWN,88199961804963316989575823589765327966215816745869924008829491301906775424924,1756114623,2025-08-25 09:37:03,0.5
bitcoin-up-or-down-august-27-9pm-et,DOWN,88199961804963316989575823589765327966215816745869924008829491301906775424924,1756114682,2025-08-25 09:38:02,0.5
bitcoin-up-or-down-august-27-9pm-et,DOWN,88199961804963316989575823589765327966215816745869924008829491301906775424924,1756114743,2025-08-25 09:39:03,0.5
bitcoin-up-or-down-august-27-9pm-et,DOWN,88199961804963316989575823589765327966215816745869924008829491301906775424924,1756114803,2025-08-25 09:40:03,0.5
bitcoin-up-or-down-august-27-9pm-et,DOWN,88199961804963316989575823589765327966215816745869924008829491301906775424924,1756114863,2025-08-25 09:41:03,0.5
bitcoin-up-or-down-august-27-9pm-et,DOWN,88199961804963316989575823589765327966215816745869924008829491301906775424924,1756114922,2025-08-25 09:42:02,0.5
bitcoin-up-or-down-august-27-9pm-et,DOWN,88199961804963316989575823589765327966215816745869924008829491301906775424924,1756114983,2025-08-25 09:43:03,0.5
bitcoin-up-or-down-august-27-9pm-et,DOWN,88199961804963316989575823589765327966215816745869924008829491301906775424924,1756115043,2025-08-25 09:44:03,0.5
bitcoin-up-or-down-august-27-9pm-et,DOWN,88199961804963316989575823589765327966215816745869924008829491301906775424924,1756115104,2025-08-25 09:45:04,0.5
bitcoin-up-or-down-august-27-9pm-et,DOWN,88199961804963316989575823589765327966215816745869924008829491301906775424924,1756115163,2025-08-25 09:46:03,0.5
bitcoin-up-or-down-august-27-9pm-et,DOWN,88199961804963316989575823589765327966215816745869924008829491301906775424924,1756115223,2025-08-25 09:47:03,0.5
bitcoin-up-or-down-august-27-9pm-et,DOWN,88199961804963316989575823589765327966215816745869924008829491301906775424924,1756115282,2025-08-25 09:48:02,0.5
bitcoin-up-or-down-august-27-9pm-et,DOWN,88199961804963316989575823589765327966215816745869924008829491301906775424924,1756115342,2025-08-25 09:49:02,0.5
bitcoin-up-or-down-august-27-9pm-et,DOWN,88199961804963316989575823589765327966215816745869924008829491301906775424924,1756115402,2025-08-25 09:50:02,0.5
bitcoin-up-or-down-august-27-9pm-et,DOWN,88199961804963316989575823589765327966215816745869924008829491301906775424924,1756115463,2025-08-25 09:51:03,0.5
bitcoin-up-or-down-august-27-9pm-et,DOWN,88199961804963316989575823589765327966215816745869924008829491301906775424924,1756115522,2025-08-25 09:52:02,0.5
bitcoin-up-or-down-august-27-9pm-et,DOWN,88199961804963316989575823589765327966215816745869924008829491301906775424924,1756115584,2025-08-25 09:53:04,0.5
bitcoin-up-or-down-august-27-9pm-et,DOWN,88199961804963316989575823589765327966215816745869924008829491301906775424924,1756115642,2025-08-25 09:54:02,0.5
bitcoin-up-or-down-august-27-9pm-et,DOWN,88199961804963316989575823589765327966215816745869924008829491301906775424924,1756115706,2025-08-25 09:55:06,0.5
bitcoin-up-or-down-august-27-9pm-et,DOWN,88199961804963316989575823589765327966215816745869924008829491301906775424924,1756115762,2025-08-25 09:56:02,0.5
bitcoin-up-or-down-august-27-9pm-et,DOWN,88199961804963316989575823589765327966215816745869924008829491301906775424924,1756115822,2025-08-25 09:57:02,0.5
bitcoin-up-or-down-august-27-9pm-et,DOWN,88199961804963316989575823589765327966215816745869924008829491301906775424924,1756115882,2025-08-25 09:58:02,0.5
bitcoin-up-or-down-august-27-9pm-et,DOWN,88199961804963316989575823589765327966215816745869924008829491301906775424924,1756115942,2025-08-25 09:59:02,0.5
bitcoin-up-or-down-august-27-9pm-et,DOWN,88199961804963316989575823589765327966215816745869924008829491301906775424924,1756116002,2025-08-25 10:00:02,0.5
bitcoin-up-or-down-august-27-9pm-et,DOWN,88199961804963316989575823589765327966215816745869924008829491301906775424924,1756116062,2025-08-25 10:01:02,0.5
bitcoin-up-or-down-august-27-9pm-et,DOWN,88199961804963316989575823589765327966215816745869924008829491301906775424924,1756116122,2025-08-25 10:02:02,0.5
bitcoin-up-or-down-august-27-9pm-et,DOWN,88199961804963316989575823589765327966215816745869924008829491301906775424924,1756116182,2025-08-25 10:03:02,0.5
bitcoin-up-or-down-august-27-9pm-et,DOWN,88199961804963316989575823589765327966215816745869924008829491301906775424924,1756116243,2025-08-25 10:04:03,0.5
bitcoin-up-or-down-august-27-9pm-et,DOWN,88199961804963316989575823589765327966215816745869924008829491301906775424924,1756116304,2025-08-25 10:05:04,0.5
bitcoin-up-or-down-august-27-9pm-et,DOWN,88199961804963316989575823589765327966215816745869924008829491301906775424924,1756116362,2025-08-25 10:06:02,0.5
bitcoin-up-or-down-august-27-9pm-et,DOWN,88199961804963316989575823589765327966215816745869924008829491301906775424924,1756116424,2025-08-25 10:07:04,0.5
bitcoin-up-or-down-august-27-9pm-et,DOWN,88199961804963316989575823589765327966215816745869924008829491301906775424924,1756116483,2025-08-25 10:08:03,0.5
bitcoin-up-or-down-august-27-9pm-et,DOWN,88199961804963316989575823589765327966215816745869924008829491301906775424924,1756116543,2025-08-25 10:09:03,0.5
bitcoin-up-or-down-august-27-9pm-et,DOWN,88199961804963316989575823589765327966215816745869924008829491301906775424924,1756116604,2025-08-25 10:10:04,0.5
bitcoin-up-or-down-august-27-9pm-et,DOWN,88199961804963316989575823589765327966215816745869924008829491301906775424924,1756116663,2025-08-25 10:11:03,0.5
bitcoin-up-or-down-august-27-9pm-et,DOWN,88199961804963316989575823589765327966215816745869924008829491301906775424924,1756116723,2025-08-25 10:12:03,0.5
bitcoin-up-or-down-august-27-9pm-et,DOWN,88199961804963316989575823589765327966215816745869924008829491301906775424924,1756116783,2025-08-25 10:13:03,0.5
bitcoin-up-or-down-august-27-9pm-et,DOWN,88199961804963316989575823589765327966215816745869924008829491301906775424924,1756116843,2025-08-25 10:14:03,0.5
bitcoin-up-or-down-august-27-9pm-et,DOWN,88199961804963316989575823589765327966215816745869924008829491301906775424924,1756116903,2025-08-25 10:15:03,0.5
bitcoin-up-or-down-august-27-9pm-et,DOWN,88199961804963316989575823589765327966215816745869924008829491301906775424924,1756116963,2025-08-25 10:16:03,0.5
bitcoin-up-or-down-august-27-9pm-et,DOWN,88199961804963316989575823589765327966215816745869924008829491301906775424924,1756117022,2025-08-25 10:17:02,0.5
bitcoin-up-or-down-august-27-9pm-et,DOWN,88199961804963316989575823589765327966215816745869924008829491301906775424924,1756117082,2025-08-25 10:18:02,0.5
bitcoin-up-or-down-august-27-9pm-et,DOWN,88199961804963316989575823589765327966215816745869924008829491301906775424924,1756117142,2025-08-25 10:19:02,0.5
bitcoin-up-or-down-august-27-9pm-et,DOWN,88199961804963316989575823589765327966215816745869924008829491301906775424924,1756117204,2025-08-25 10:20:04,0.5
bitcoin-up-or-down-august-27-9pm-et,DOWN,88199961804963316989575823589765327966215816745869924008829491301906775424924,1756117262,2025-08-25 10:21:02,0.5
bitcoin-up-or-down-august-27-9pm-et,DOWN,88199961804963316989575823589765327966215816745869924008829491301906775424924,1756117323,2025-08-25 10:22:03,0.5
bitcoin-up-or-down-august-27-9pm-et,DOWN,88199961804963316989575823589765327966215816745869924008829491301906775424924,1756117383,2025-08-25 10:23:03,0.5
bitcoin-up-or-down-august-27-9pm-et,DOWN,88199961804963316989575823589765327966215816745869924008829491301906775424924,1756117443,2025-08-25 10:24:03,0.5
bitcoin-up-or-down-august-27-9pm-et,DOWN,88199961804963316989575823589765327966215816745869924008829491301906775424924,1756117504,2025-08-25 10:25:04,0.5
bitcoin-up-or-down-august-27-9pm-et,DOWN,88199961804963316989575823589765327966215816745869924008829491301906775424924,1756117562,2025-08-25 10:26:02,0.5
bitcoin-up-or-down-august-27-9pm-et,DOWN,88199961804963316989575823589765327966215816745869924008829491301906775424924,1756117624,2025-08-25 10:27:04,0.5
bitcoin-up-or-down-august-27-9pm-et,DOWN,88199961804963316989575823589765327966215816745869924008829491301906775424924,1756117684,2025-08-25 10:28:04,0.5
bitcoin-up-or-down-august-27-9pm-et,DOWN,88199961804963316989575823589765327966215816745869924008829491301906775424924,1756117743,2025-08-25 10:29:03,0.5
bitcoin-up-or-down-august-27-9pm-et,DOWN,88199961804963316989575823589765327966215816745869924008829491301906775424924,1756117802,2025-08-25 10:30:02,0.5
bitcoin-up-or-down-august-27-9pm-et,DOWN,88199961804963316989575823589765327966215816745869924008829491301906775424924,1756117863,2025-08-25 10:31:03,0.5
bitcoin-up-or-down-august-27-9pm-et,DOWN,88199961804963316989575823589765327966215816745869924008829491301906775424924,1756117922,2025-08-25 10:32:02,0.5
bitcoin-up-or-down-august-27-9pm-et,DOWN,88199961804963316989575823589765327966215816745869924008829491301906775424924,1756117983,2025-08-25 10:33:03,0.5
bitcoin-up-or-down-august-27-9pm-et,DOWN,88199961804963316989575823589765327966215816745869924008829491301906775424924,1756118042,2025-08-25 10:34:02,0.5
bitcoin-up-or-down-august-27-9pm-et,DOWN,88199961804963316989575823589765327966215816745869924008829491301906775424924,1756118103,2025-08-25 10:35:03,0.5
bitcoin-up-or-down-august-27-9pm-et,DOWN,88199961804963316989575823589765327966215816745869924008829491301906775424924,1756118163,2025-08-25 10:36:03,0.5
bitcoin-up-or-down-august-27-9pm-et,DOWN,88199961804963316989575823589765327966215816745869924008829491301906775424924,1756118223,2025-08-25 10:37:03,0.5
bitcoin-up-or-down-august-27-9pm-et,DOWN,88199961804963316989575823589765327966215816745869924008829491301906775424924,1756118282,2025-08-25 10:38:02,0.5
bitcoin-up-or-down-august-27-9pm-et,DOWN,88199961804963316989575823589765327966215816745869924008829491301906775424924,1756118342,2025-08-25 10:39:02,0.5
bitcoin-up-or-down-august-27-9pm-et,DOWN,88199961804963316989575823589765327966215816745869924008829491301906775424924,1756118403,2025-08-25 10:40:03,0.5
bitcoin-up-or-down-august-27-9pm-et,DOWN,88199961804963316989575823589765327966215816745869924008829491301906775424924,1756118462,2025-08-25 10:41:02,0.5
bitcoin-up-or-down-august-27-9pm-et,DOWN,88199961804963316989575823589765327966215816745869924008829491301906775424924,1756118524,2025-08-25 10:42:04,0.5
bitcoin-up-or-down-august-27-9pm-et,DOWN,88199961804963316989575823589765327966215816745869924008829491301906775424924,1756118583,2025-08-25 10:43:03,0.5
bitcoin-up-or-down-august-27-9pm-et,DOWN,88199961804963316989575823589765327966215816745869924008829491301906775424924,1756118643,2025-08-25 10:44:03,0.5
bitcoin-up-or-down-august-27-9pm-et,DOWN,88199961804963316989575823589765327966215816745869924008829491301906775424924,1756118703,2025-08-25 10:45:03,0.5
bitcoin-up-or-down-august-27-9pm-et,DOWN,88199961804963316989575823589765327966215816745869924008829491301906775424924,1756118764,2025-08-25 10:46:04,0.5
bitcoin-up-or-down-august-27-9pm-et,DOWN,88199961804963316989575823589765327966215816745869924008829491301906775424924,1756118823,2025-08-25 10:47:03,0.5
bitcoin-up-or-down-august-27-9pm-et,DOWN,88199961804963316989575823589765327966215816745869924008829491301906775424924,1756118883,2025-08-25 10:48:03,0.5
bitcoin-up-or-down-august-27-9pm-et,DOWN,88199961804963316989575823589765327966215816745869924008829491301906775424924,1756118943,2025-08-25 10:49:03,0.5
bitcoin-up-or-down-august-27-9pm-et,DOWN,88199961804963316989575823589765327966215816745869924008829491301906775424924,1756119002,2025-08-25 10:50:02,0.5
bitcoin-up-or-down-august-27-9pm-et,DOWN,88199961804963316989575823589765327966215816745869924008829491301906775424924,1756119063,2025-08-25 10:51:03,0.5
bitcoin-up-or-down-august-27-9pm-et,DOWN,88199961804963316989575823589765327966215816745869924008829491301906775424924,1756119122,2025-08-25 10:52:02,0.5
bitcoin-up-or-down-august-27-9pm-et,DOWN,88199961804963316989575823589765327966215816745869924008829491301906775424924,1756119182,2025-08-25 10:53:02,0.5
bitcoin-up-or-down-august-27-9pm-et,DOWN,88199961804963316989575823589765327966215816745869924008829491301906775424924,1756119242,2025-08-25 10:54:02,0.5
bitcoin-up-or-down-august-27-9pm-et,DOWN,88199961804963316989575823589765327966215816745869924008829491301906775424924,1756119303,2025-08-25 10:55:03,0.5
bitcoin-up-or-down-august-27-9pm-et,DOWN,88199961804963316989575823589765327966215816745869924008829491301906775424924,1756119363,2025-08-25 10:56:03,0.5
bitcoin-up-or-down-august-27-9pm-et,DOWN,88199961804963316989575823589765327966215816745869924008829491301906775424924,1756119423,2025-08-25 10:57:03,0.5
bitcoin-up-or-down-august-27-9pm-et,DOWN,88199961804963316989575823589765327966215816745869924008829491301906775424924,1756119483,2025-08-25 10:58:03,0.5
bitcoin-up-or-down-august-27-9pm-et,DOWN,88199961804963316989575823589765327966215816745869924008829491301906775424924,1756119542,2025-08-25 10:59:02,0.5
bitcoin-up-or-down-august-27-9pm-et,DOWN,88199961804963316989575823589765327966215816745869924008829491301906775424924,1756119616,2025-08-25 11:00:16,0.5
bitcoin-up-or-down-august-27-9pm-et,DOWN,88199961804963316989575823589765327966215816745869924008829491301906775424924,1756119663,2025-08-25 11:01:03,0.5
bitcoin-up-or-down-august-27-9pm-et,DOWN,88199961804963316989575823589765327966215816745869924008829491301906775424924,1756119723,2025-08-25 11:02:03,0.5
bitcoin-up-or-down-august-27-9pm-et,DOWN,88199961804963316989575823589765327966215816745869924008829491301906775424924,1756119783,2025-08-25 11:03:03,0.5
bitcoin-up-or-down-august-27-9pm-et,DOWN,88199961804963316989575823589765327966215816745869924008829491301906775424924,1756119843,2025-08-25 11:04:03,0.5
bitcoin-up-or-down-august-27-9pm-et,DOWN,88199961804963316989575823589765327966215816745869924008829491301906775424924,1756119902,2025-08-25 11:05:02,0.5
bitcoin-up-or-down-august-27-9pm-et,DOWN,88199961804963316989575823589765327966215816745869924008829491301906775424924,1756119963,2025-08-25 11:06:03,0.5
bitcoin-up-or-down-august-27-9pm-et,DOWN,88199961804963316989575823589765327966215816745869924008829491301906775424924,1756120023,2025-08-25 11:07:03,0.5
bitcoin-up-or-down-august-27-9pm-et,DOWN,88199961804963316989575823589765327966215816745869924008829491301906775424924,1756120082,2025-08-25 11:08:02,0.5
bitcoin-up-or-down-august-27-9pm-et,DOWN,88199961804963316989575823589765327966215816745869924008829491301906775424924,1756120142,2025-08-25 11:09:02,0.5
bitcoin-up-or-down-august-27-9pm-et,DOWN,88199961804963316989575823589765327966215816745869924008829491301906775424924,1756120204,2025-08-25 11:10:04,0.5
bitcoin-up-or-down-august-27-9pm-et,DOWN,88199961804963316989575823589765327966215816745869924008829491301906775424924,1756120263,2025-08-25 11:11:03,0.5
bitcoin-up-or-down-august-27-9pm-et,DOWN,88199961804963316989575823589765327966215816745869924008829491301906775424924,1756120322,2025-08-25 11:12:02,0.5
bitcoin-up-or-down-august-27-9pm-et,DOWN,88199961804963316989575823589765327966215816745869924008829491301906775424924,1756120382,2025-08-25 11:13:02,0.5
bitcoin-up-or-down-august-27-9pm-et,DOWN,88199961804963316989575823589765327966215816745869924008829491301906775424924,1756120442,2025-08-25 11:14:02,0.5
bitcoin-up-or-down-august-27-9pm-et,DOWN,88199961804963316989575823589765327966215816745869924008829491301906775424924,1756120502,2025-08-25 11:15:02,0.5
bitcoin-up-or-down-august-27-9pm-et,DOWN,88199961804963316989575823589765327966215816745869924008829491301906775424924,1756120563,2025-08-25 11:16:03,0.5
bitcoin-up-or-down-august-27-9pm-et,DOWN,88199961804963316989575823589765327966215816745869924008829491301906775424924,1756120622,2025-08-25 11:17:02,0.5
bitcoin-up-or-down-august-27-9pm-et,DOWN,88199961804963316989575823589765327966215816745869924008829491301906775424924,1756120682,2025-08-25 11:18:02,0.5
bitcoin-up-or-down-august-27-9pm-et,DOWN,88199961804963316989575823589765327966215816745869924008829491301906775424924,1756120744,2025-08-25 11:19:04,0.5
bitcoin-up-or-down-august-27-9pm-et,DOWN,88199961804963316989575823589765327966215816745869924008829491301906775424924,1756120804,2025-08-25 11:20:04,0.5
bitcoin-up-or-down-august-27-9pm-et,DOWN,88199961804963316989575823589765327966215816745869924008829491301906775424924,1756120862,2025-08-25 11:21:02,0.5
bitcoin-up-or-down-august-27-9pm-et,DOWN,88199961804963316989575823589765327966215816745869924008829491301906775424924,1756120922,2025-08-25 11:22:02,0.5
bitcoin-up-or-down-august-27-9pm-et,DOWN,88199961804963316989575823589765327966215816745869924008829491301906775424924,1756120983,2025-08-25 11:23:03,0.5
bitcoin-up-or-down-august-27-9pm-et,DOWN,88199961804963316989575823589765327966215816745869924008829491301906775424924,1756121042,2025-08-25 11:24:02,0.5
bitcoin-up-or-down-august-27-9pm-et,DOWN,88199961804963316989575823589765327966215816745869924008829491301906775424924,1756121103,2025-08-25 11:25:03,0.5
bitcoin-up-or-down-august-27-9pm-et,DOWN,88199961804963316989575823589765327966215816745869924008829491301906775424924,1756121163,2025-08-25 11:26:03,0.5
bitcoin-up-or-down-august-27-9pm-et,DOWN,88199961804963316989575823589765327966215816745869924008829491301906775424924,1756121226,2025-08-25 11:27:06,0.5
bitcoin-up-or-down-august-27-9pm-et,DOWN,88199961804963316989575823589765327966215816745869924008829491301906775424924,1756121282,2025-08-25 11:28:02,0.5
bitcoin-up-or-down-august-27-9pm-et,DOWN,88199961804963316989575823589765327966215816745869924008829491301906775424924,1756121343,2025-08-25 11:29:03,0.5
bitcoin-up-or-down-august-27-9pm-et,DOWN,88199961804963316989575823589765327966215816745869924008829491301906775424924,1756121407,2025-08-25 11:30:07,0.5
bitcoin-up-or-down-august-27-9pm-et,DOWN,88199961804963316989575823589765327966215816745869924008829491301906775424924,1756121462,2025-08-25 11:31:02,0.5
bitcoin-up-or-down-august-27-9pm-et,DOWN,88199961804963316989575823589765327966215816745869924008829491301906775424924,1756121523,2025-08-25 11:32:03,0.5
bitcoin-up-or-down-august-27-9pm-et,DOWN,88199961804963316989575823589765327966215816745869924008829491301906775424924,1756121583,2025-08-25 11:33:03,0.5
bitcoin-up-or-down-august-27-9pm-et,DOWN,88199961804963316989575823589765327966215816745869924008829491301906775424924,1756121642,2025-08-25 11:34:02,0.5
bitcoin-up-or-down-august-27-9pm-et,DOWN,88199961804963316989575823589765327966215816745869924008829491301906775424924,1756121703,2025-08-25 11:35:03,0.5
bitcoin-up-or-down-august-27-9pm-et,DOWN,88199961804963316989575823589765327966215816745869924008829491301906775424924,1756121763,2025-08-25 11:36:03,0.5
bitcoin-up-or-down-august-27-9pm-et,DOWN,88199961804963316989575823589765327966215816745869924008829491301906775424924,1756121822,2025-08-25 11:37:02,0.5
bitcoin-up-or-down-august-27-9pm-et,DOWN,88199961804963316989575823589765327966215816745869924008829491301906775424924,1756121882,2025-08-25 11:38:02,0.5
bitcoin-up-or-down-august-27-9pm-et,DOWN,88199961804963316989575823589765327966215816745869924008829491301906775424924,1756121943,2025-08-25 11:39:03,0.5
bitcoin-up-or-down-august-27-9pm-et,DOWN,88199961804963316989575823589765327966215816745869924008829491301906775424924,1756122004,2025-08-25 11:40:04,0.5
bitcoin-up-or-down-august-27-9pm-et,DOWN,88199961804963316989575823589765327966215816745869924008829491301906775424924,1756122063,2025-08-25 11:41:03,0.5
bitcoin-up-or-down-august-27-9pm-et,DOWN,88199961804963316989575823589765327966215816745869924008829491301906775424924,1756122124,2025-08-25 11:42:04,0.5
bitcoin-up-or-down-august-27-9pm-et,DOWN,88199961804963316989575823589765327966215816745869924008829491301906775424924,1756122183,2025-08-25 11:43:03,0.5
bitcoin-up-or-down-august-27-9pm-et,DOWN,88199961804963316989575823589765327966215816745869924008829491301906775424924,1756122244,2025-08-25 11:44:04,0.5
bitcoin-up-or-down-august-27-9pm-et,DOWN,88199961804963316989575823589765327966215816745869924008829491301906775424924,1756122304,2025-08-25 11:45:04,0.5
bitcoin-up-or-down-august-27-9pm-et,DOWN,88199961804963316989575823589765327966215816745869924008829491301906775424924,1756122363,2025-08-25 11:46:03,0.5
bitcoin-up-or-down-august-27-9pm-et,DOWN,88199961804963316989575823589765327966215816745869924008829491301906775424924,1756122422,2025-08-25 11:47:02,0.5
bitcoin-up-or-down-august-27-9pm-et,DOWN,88199961804963316989575823589765327966215816745869924008829491301906775424924,1756122483,2025-08-25 11:48:03,0.5
bitcoin-up-or-down-august-27-9pm-et,DOWN,88199961804963316989575823589765327966215816745869924008829491301906775424924,1756122542,2025-08-25 11:49:02,0.5
bitcoin-up-or-down-august-27-9pm-et,DOWN,88199961804963316989575823589765327966215816745869924008829491301906775424924,1756122603,2025-08-25 11:50:03,0.5
bitcoin-up-or-down-august-27-9pm-et,DOWN,88199961804963316989575823589765327966215816745869924008829491301906775424924,1756122662,2025-08-25 11:51:02,0.5
bitcoin-up-or-down-august-27-9pm-et,DOWN,88199961804963316989575823589765327966215816745869924008829491301906775424924,1756122723,2025-08-25 11:52:03,0.5
bitcoin-up-or-down-august-27-9pm-et,DOWN,88199961804963316989575823589765327966215816745869924008829491301906775424924,1756122793,2025-08-25 11:53:13,0.5
bitcoin-up-or-down-august-27-9pm-et,DOWN,88199961804963316989575823589765327966215816745869924008829491301906775424924,1756122843,2025-08-25 11:54:03,0.5
bitcoin-up-or-down-august-27-9pm-et,DOWN,88199961804963316989575823589765327966215816745869924008829491301906775424924,1756122904,2025-08-25 11:55:04,0.5
bitcoin-up-or-down-august-27-9pm-et,DOWN,88199961804963316989575823589765327966215816745869924008829491301906775424924,1756122963,2025-08-25 11:56:03,0.5
bitcoin-up-or-down-august-27-9pm-et,DOWN,88199961804963316989575823589765327966215816745869924008829491301906775424924,1756123023,2025-08-25 11:57:03,0.5
bitcoin-up-or-down-august-27-9pm-et,DOWN,88199961804963316989575823589765327966215816745869924008829491301906775424924,1756123082,2025-08-25 11:58:02,0.5
bitcoin-up-or-down-august-27-9pm-et,DOWN,88199961804963316989575823589765327966215816745869924008829491301906775424924,1756123142,2025-08-25 11:59:02,0.5
bitcoin-up-or-down-august-27-9pm-et,DOWN,88199961804963316989575823589765327966215816745869924008829491301906775424924,1756123206,2025-08-25 12:00:06,0.5
bitcoin-up-or-down-august-27-9pm-et,DOWN,88199961804963316989575823589765327966215816745869924008829491301906775424924,1756123263,2025-08-25 12:01:03,0.5
bitcoin-up-or-down-august-27-9pm-et,DOWN,88199961804963316989575823589765327966215816745869924008829491301906775424924,1756123323,2025-08-25 12:02:03,0.5
bitcoin-up-or-down-august-27-9pm-et,DOWN,88199961804963316989575823589765327966215816745869924008829491301906775424924,1756123382,2025-08-25 12:03:02,0.5
bitcoin-up-or-down-august-27-9pm-et,DOWN,88199961804963316989575823589765327966215816745869924008829491301906775424924,1756123442,2025-08-25 12:04:02,0.5
bitcoin-up-or-down-august-27-9pm-et,DOWN,88199961804963316989575823589765327966215816745869924008829491301906775424924,1756123502,2025-08-25 12:05:02,0.5
bitcoin-up-or-down-august-27-9pm-et,DOWN,88199961804963316989575823589765327966215816745869924008829491301906775424924,1756123562,2025-08-25 12:06:02,0.5
bitcoin-up-or-down-august-27-9pm-et,DOWN,88199961804963316989575823589765327966215816745869924008829491301906775424924,1756123622,2025-08-25 12:07:02,0.5
bitcoin-up-or-down-august-27-9pm-et,DOWN,88199961804963316989575823589765327966215816745869924008829491301906775424924,1756123683,2025-08-25 12:08:03,0.5
bitcoin-up-or-down-august-27-9pm-et,DOWN,88199961804963316989575823589765327966215816745869924008829491301906775424924,1756123742,2025-08-25 12:09:02,0.5
bitcoin-up-or-down-august-27-9pm-et,DOWN,88199961804963316989575823589765327966215816745869924008829491301906775424924,1756123803,2025-08-25 12:10:03,0.5
bitcoin-up-or-down-august-27-9pm-et,DOWN,88199961804963316989575823589765327966215816745869924008829491301906775424924,1756123863,2025-08-25 12:11:03,0.5
bitcoin-up-or-down-august-27-9pm-et,DOWN,88199961804963316989575823589765327966215816745869924008829491301906775424924,1756123922,2025-08-25 12:12:02,0.5
bitcoin-up-or-down-august-27-9pm-et,DOWN,88199961804963316989575823589765327966215816745869924008829491301906775424924,1756123983,2025-08-25 12:13:03,0.5
bitcoin-up-or-down-august-27-9pm-et,DOWN,88199961804963316989575823589765327966215816745869924008829491301906775424924,1756124043,2025-08-25 12:14:03,0.5
bitcoin-up-or-down-august-27-9pm-et,DOWN,88199961804963316989575823589765327966215816745869924008829491301906775424924,1756124102,2025-08-25 12:15:02,0.5
bitcoin-up-or-down-august-27-9pm-et,DOWN,88199961804963316989575823589765327966215816745869924008829491301906775424924,1756124163,2025-08-25 12:16:03,0.5
bitcoin-up-or-down-august-27-9pm-et,DOWN,88199961804963316989575823589765327966215816745869924008829491301906775424924,1756124223,2025-08-25 12:17:03,0.5
bitcoin-up-or-down-august-27-9pm-et,DOWN,88199961804963316989575823589765327966215816745869924008829491301906775424924,1756124282,2025-08-25 12:18:02,0.5
bitcoin-up-or-down-august-27-9pm-et,DOWN,88199961804963316989575823589765327966215816745869924008829491301906775424924,1756124342,2025-08-25 12:19:02,0.5
bitcoin-up-or-down-august-27-9pm-et,DOWN,88199961804963316989575823589765327966215816745869924008829491301906775424924,1756124404,2025-08-25 12:20:04,0.5
bitcoin-up-or-down-august-27-9pm-et,DOWN,88199961804963316989575823589765327966215816745869924008829491301906775424924,1756124463,2025-08-25 12:21:03,0.5
bitcoin-up-or-down-august-27-9pm-et,DOWN,88199961804963316989575823589765327966215816745869924008829491301906775424924,1756124522,2025-08-25 12:22:02,0.5
bitcoin-up-or-down-august-27-9pm-et,DOWN,88199961804963316989575823589765327966215816745869924008829491301906775424924,1756124582,2025-08-25 12:23:02,0.5
bitcoin-up-or-down-august-27-9pm-et,DOWN,88199961804963316989575823589765327966215816745869924008829491301906775424924,1756124642,2025-08-25 12:24:02,0.5
bitcoin-up-or-down-august-27-9pm-et,DOWN,88199961804963316989575823589765327966215816745869924008829491301906775424924,1756124704,2025-08-25 12:25:04,0.5
bitcoin-up-or-down-august-27-9pm-et,DOWN,88199961804963316989575823589765327966215816745869924008829491301906775424924,1756124762,2025-08-25 12:26:02,0.5
bitcoin-up-or-down-august-27-9pm-et,DOWN,88199961804963316989575823589765327966215816745869924008829491301906775424924,1756124825,2025-08-25 12:27:05,0.5
bitcoin-up-or-down-august-27-9pm-et,DOWN,88199961804963316989575823589765327966215816745869924008829491301906775424924,1756124883,2025-08-25 12:28:03,0.5
bitcoin-up-or-down-august-27-9pm-et,DOWN,88199961804963316989575823589765327966215816745869924008829491301906775424924,1756124942,2025-08-25 12:29:02,0.5
bitcoin-up-or-down-august-27-9pm-et,DOWN,88199961804963316989575823589765327966215816745869924008829491301906775424924,1756125004,2025-08-25 12:30:04,0.5
bitcoin-up-or-down-august-27-9pm-et,DOWN,88199961804963316989575823589765327966215816745869924008829491301906775424924,1756125063,2025-08-25 12:31:03,0.5
bitcoin-up-or-down-august-27-9pm-et,DOWN,88199961804963316989575823589765327966215816745869924008829491301906775424924,1756125122,2025-08-25 12:32:02,0.5
bitcoin-up-or-down-august-27-9pm-et,DOWN,88199961804963316989575823589765327966215816745869924008829491301906775424924,1756125182,2025-08-25 12:33:02,0.5
bitcoin-up-or-down-august-27-9pm-et,DOWN,88199961804963316989575823589765327966215816745869924008829491301906775424924,1756125242,2025-08-25 12:34:02,0.5
bitcoin-up-or-down-august-27-9pm-et,DOWN,88199961804963316989575823589765327966215816745869924008829491301906775424924,1756125303,2025-08-25 12:35:03,0.5
bitcoin-up-or-down-august-27-9pm-et,DOWN,88199961804963316989575823589765327966215816745869924008829491301906775424924,1756125363,2025-08-25 12:36:03,0.5
bitcoin-up-or-down-august-27-9pm-et,DOWN,88199961804963316989575823589765327966215816745869924008829491301906775424924,1756125423,2025-08-25 12:37:03,0.5
bitcoin-up-or-down-august-27-9pm-et,DOWN,88199961804963316989575823589765327966215816745869924008829491301906775424924,1756125483,2025-08-25 12:38:03,0.5
bitcoin-up-or-down-august-27-9pm-et,DOWN,88199961804963316989575823589765327966215816745869924008829491301906775424924,1756125543,2025-08-25 12:39:03,0.5
bitcoin-up-or-down-august-27-9pm-et,DOWN,88199961804963316989575823589765327966215816745869924008829491301906775424924,1756125603,2025-08-25 12:40:03,0.5
bitcoin-up-or-down-august-27-9pm-et,DOWN,88199961804963316989575823589765327966215816745869924008829491301906775424924,1756125663,2025-08-25 12:41:03,0.5
bitcoin-up-or-down-august-27-9pm-et,DOWN,88199961804963316989575823589765327966215816745869924008829491301906775424924,1756125723,2025-08-25 12:42:03,0.5
bitcoin-up-or-down-august-27-9pm-et,DOWN,88199961804963316989575823589765327966215816745869924008829491301906775424924,1756125782,2025-08-25 12:43:02,0.5
bitcoin-up-or-down-august-27-9pm-et,DOWN,88199961804963316989575823589765327966215816745869924008829491301906775424924,1756125842,2025-08-25 12:44:02,0.5
bitcoin-up-or-down-august-27-9pm-et,DOWN,88199961804963316989575823589765327966215816745869924008829491301906775424924,1756125902,2025-08-25 12:45:02,0.5
bitcoin-up-or-down-august-27-9pm-et,DOWN,88199961804963316989575823589765327966215816745869924008829491301906775424924,1756125962,2025-08-25 12:46:02,0.5
bitcoin-up-or-down-august-27-9pm-et,DOWN,88199961804963316989575823589765327966215816745869924008829491301906775424924,1756126023,2025-08-25 12:47:03,0.5
bitcoin-up-or-down-august-27-9pm-et,DOWN,88199961804963316989575823589765327966215816745869924008829491301906775424924,1756126082,2025-08-25 12:48:02,0.5
bitcoin-up-or-down-august-27-9pm-et,DOWN,88199961804963316989575823589765327966215816745869924008829491301906775424924,1756126142,2025-08-25 12:49:02,0.5
bitcoin-up-or-down-august-27-9pm-et,DOWN,88199961804963316989575823589765327966215816745869924008829491301906775424924,1756126203,2025-08-25 12:50:03,0.5
bitcoin-up-or-down-august-27-9pm-et,DOWN,88199961804963316989575823589765327966215816745869924008829491301906775424924,1756126263,2025-08-25 12:51:03,0.5
bitcoin-up-or-down-august-27-9pm-et,DOWN,88199961804963316989575823589765327966215816745869924008829491301906775424924,1756126325,2025-08-25 12:52:05,0.5
bitcoin-up-or-down-august-27-9pm-et,DOWN,88199961804963316989575823589765327966215816745869924008829491301906775424924,1756126385,2025-08-25 12:53:05,0.5
bitcoin-up-or-down-august-27-9pm-et,DOWN,88199961804963316989575823589765327966215816745869924008829491301906775424924,1756126442,2025-08-25 12:54:02,0.5
bitcoin-up-or-down-august-27-9pm-et,DOWN,88199961804963316989575823589765327966215816745869924008829491301906775424924,1756126505,2025-08-25 12:55:05,0.5
bitcoin-up-or-down-august-27-9pm-et,DOWN,88199961804963316989575823589765327966215816745869924008829491301906775424924,1756126563,2025-08-25 12:56:03,0.5
bitcoin-up-or-down-august-27-9pm-et,DOWN,88199961804963316989575823589765327966215816745869924008829491301906775424924,1756126623,2025-08-25 12:57:03,0.5
bitcoin-up-or-down-august-27-9pm-et,DOWN,88199961804963316989575823589765327966215816745869924008829491301906775424924,1756126683,2025-08-25 12:58:03,0.5
bitcoin-up-or-down-august-27-9pm-et,DOWN,88199961804963316989575823589765327966215816745869924008829491301906775424924,1756126743,2025-08-25 12:59:03,0.5
bitcoin-up-or-down-august-27-9pm-et,DOWN,88199961804963316989575823589765327966215816745869924008829491301906775424924,1756126815,2025-08-25 13:00:15,0.5
bitcoin-up-or-down-august-27-9pm-et,DOWN,88199961804963316989575823589765327966215816745869924008829491301906775424924,1756126863,2025-08-25 13:01:03,0.5
bitcoin-up-or-down-august-27-9pm-et,DOWN,88199961804963316989575823589765327966215816745869924008829491301906775424924,1756126922,2025-08-25 13:02:02,0.5
bitcoin-up-or-down-august-27-9pm-et,DOWN,88199961804963316989575823589765327966215816745869924008829491301906775424924,1756126982,2025-08-25 13:03:02,0.5
bitcoin-up-or-down-august-27-9pm-et,DOWN,88199961804963316989575823589765327966215816745869924008829491301906775424924,1756127042,2025-08-25 13:04:02,0.5
bitcoin-up-or-down-august-27-9pm-et,DOWN,88199961804963316989575823589765327966215816745869924008829491301906775424924,1756127103,2025-08-25 13:05:03,0.5
bitcoin-up-or-down-august-27-9pm-et,DOWN,88199961804963316989575823589765327966215816745869924008829491301906775424924,1756127162,2025-08-25 13:06:02,0.5
bitcoin-up-or-down-august-27-9pm-et,DOWN,88199961804963316989575823589765327966215816745869924008829491301906775424924,1756127223,2025-08-25 13:07:03,0.5
bitcoin-up-or-down-august-27-9pm-et,DOWN,88199961804963316989575823589765327966215816745869924008829491301906775424924,1756127283,2025-08-25 13:08:03,0.5
bitcoin-up-or-down-august-27-9pm-et,DOWN,88199961804963316989575823589765327966215816745869924008829491301906775424924,1756127344,2025-08-25 13:09:04,0.5
bitcoin-up-or-down-august-27-9pm-et,DOWN,88199961804963316989575823589765327966215816745869924008829491301906775424924,1756127403,2025-08-25 13:10:03,0.5
bitcoin-up-or-down-august-27-9pm-et,DOWN,88199961804963316989575823589765327966215816745869924008829491301906775424924,1756127462,2025-08-25 13:11:02,0.5
bitcoin-up-or-down-august-27-9pm-et,DOWN,88199961804963316989575823589765327966215816745869924008829491301906775424924,1756127522,2025-08-25 13:12:02,0.5
bitcoin-up-or-down-august-27-9pm-et,DOWN,88199961804963316989575823589765327966215816745869924008829491301906775424924,1756127582,2025-08-25 13:13:02,0.5
bitcoin-up-or-down-august-27-9pm-et,DOWN,88199961804963316989575823589765327966215816745869924008829491301906775424924,1756127643,2025-08-25 13:14:03,0.5
bitcoin-up-or-down-august-27-9pm-et,DOWN,88199961804963316989575823589765327966215816745869924008829491301906775424924,1756127703,2025-08-25 13:15:03,0.5
bitcoin-up-or-down-august-27-9pm-et,DOWN,88199961804963316989575823589765327966215816745869924008829491301906775424924,1756127763,2025-08-25 13:16:03,0.5
bitcoin-up-or-down-august-27-9pm-et,DOWN,88199961804963316989575823589765327966215816745869924008829491301906775424924,1756127823,2025-08-25 13:17:03,0.5
bitcoin-up-or-down-august-27-9pm-et,DOWN,88199961804963316989575823589765327966215816745869924008829491301906775424924,1756127882,2025-08-25 13:18:02,0.5
bitcoin-up-or-down-august-27-9pm-et,DOWN,88199961804963316989575823589765327966215816745869924008829491301906775424924,1756127943,2025-08-25 13:19:03,0.5
bitcoin-up-or-down-august-27-9pm-et,DOWN,88199961804963316989575823589765327966215816745869924008829491301906775424924,1756128002,2025-08-25 13:20:02,0.5
bitcoin-up-or-down-august-27-9pm-et,DOWN,88199961804963316989575823589765327966215816745869924008829491301906775424924,1756128063,2025-08-25 13:21:03,0.5
bitcoin-up-or-down-august-27-9pm-et,DOWN,88199961804963316989575823589765327966215816745869924008829491301906775424924,1756128122,2025-08-25 13:22:02,0.5
bitcoin-up-or-down-august-27-9pm-et,DOWN,88199961804963316989575823589765327966215816745869924008829491301906775424924,1756128183,2025-08-25 13:23:03,0.5
bitcoin-up-or-down-august-27-9pm-et,DOWN,88199961804963316989575823589765327966215816745869924008829491301906775424924,1756128243,2025-08-25 13:24:03,0.5
bitcoin-up-or-down-august-27-9pm-et,DOWN,88199961804963316989575823589765327966215816745869924008829491301906775424924,1756128303,2025-08-25 13:25:03,0.5
bitcoin-up-or-down-august-27-9pm-et,DOWN,88199961804963316989575823589765327966215816745869924008829491301906775424924,1756128368,2025-08-25 13:26:08,0.5
bitcoin-up-or-down-august-27-9pm-et,DOWN,88199961804963316989575823589765327966215816745869924008829491301906775424924,1756128423,2025-08-25 13:27:03,0.5
bitcoin-up-or-down-august-27-9pm-et,DOWN,88199961804963316989575823589765327966215816745869924008829491301906775424924,1756128482,2025-08-25 13:28:02,0.5
bitcoin-up-or-down-august-27-9pm-et,DOWN,88199961804963316989575823589765327966215816745869924008829491301906775424924,1756128543,2025-08-25 13:29:03,0.5
bitcoin-up-or-down-august-27-9pm-et,DOWN,88199961804963316989575823589765327966215816745869924008829491301906775424924,1756128607,2025-08-25 13:30:07,0.5
bitcoin-up-or-down-august-27-9pm-et,DOWN,88199961804963316989575823589765327966215816745869924008829491301906775424924,1756128662,2025-08-25 13:31:02,0.5
bitcoin-up-or-down-august-27-9pm-et,DOWN,88199961804963316989575823589765327966215816745869924008829491301906775424924,1756128722,2025-08-25 13:32:02,0.5
bitcoin-up-or-down-august-27-9pm-et,DOWN,88199961804963316989575823589765327966215816745869924008829491301906775424924,1756128782,2025-08-25 13:33:02,0.5
bitcoin-up-or-down-august-27-9pm-et,DOWN,88199961804963316989575823589765327966215816745869924008829491301906775424924,1756128842,2025-08-25 13:34:02,0.5
bitcoin-up-or-down-august-27-9pm-et,DOWN,88199961804963316989575823589765327966215816745869924008829491301906775424924,1756128903,2025-08-25 13:35:03,0.5
bitcoin-up-or-down-august-27-9pm-et,DOWN,88199961804963316989575823589765327966215816745869924008829491301906775424924,1756128962,2025-08-25 13:36:02,0.5
bitcoin-up-or-down-august-27-9pm-et,DOWN,88199961804963316989575823589765327966215816745869924008829491301906775424924,1756129023,2025-08-25 13:37:03,0.5
bitcoin-up-or-down-august-27-9pm-et,DOWN,88199961804963316989575823589765327966215816745869924008829491301906775424924,1756129083,2025-08-25 13:38:03,0.5
bitcoin-up-or-down-august-27-9pm-et,DOWN,88199961804963316989575823589765327966215816745869924008829491301906775424924,1756129143,2025-08-25 13:39:03,0.5
bitcoin-up-or-down-august-27-9pm-et,DOWN,88199961804963316989575823589765327966215816745869924008829491301906775424924,1756129204,2025-08-25 13:40:04,0.5
bitcoin-up-or-down-august-27-9pm-et,DOWN,88199961804963316989575823589765327966215816745869924008829491301906775424924,1756129262,2025-08-25 13:41:02,0.5
bitcoin-up-or-down-august-27-9pm-et,DOWN,88199961804963316989575823589765327966215816745869924008829491301906775424924,1756129324,2025-08-25 13:42:04,0.5
bitcoin-up-or-down-august-27-9pm-et,DOWN,88199961804963316989575823589765327966215816745869924008829491301906775424924,1756129382,2025-08-25 13:43:02,0.5
bitcoin-up-or-down-august-27-9pm-et,DOWN,88199961804963316989575823589765327966215816745869924008829491301906775424924,1756129442,2025-08-25 13:44:02,0.5
bitcoin-up-or-down-august-27-9pm-et,DOWN,88199961804963316989575823589765327966215816745869924008829491301906775424924,1756129503,2025-08-25 13:45:03,0.5
bitcoin-up-or-down-august-27-9pm-et,DOWN,88199961804963316989575823589765327966215816745869924008829491301906775424924,1756129563,2025-08-25 13:46:03,0.5
bitcoin-up-or-down-august-27-9pm-et,DOWN,88199961804963316989575823589765327966215816745869924008829491301906775424924,1756129623,2025-08-25 13:47:03,0.5
bitcoin-up-or-down-august-27-9pm-et,DOWN,88199961804963316989575823589765327966215816745869924008829491301906775424924,1756129683,2025-08-25 13:48:03,0.5
bitcoin-up-or-down-august-27-9pm-et,DOWN,88199961804963316989575823589765327966215816745869924008829491301906775424924,1756129742,2025-08-25 13:49:02,0.5
bitcoin-up-or-down-august-27-9pm-et,DOWN,88199961804963316989575823589765327966215816745869924008829491301906775424924,1756129803,2025-08-25 13:50:03,0.5
bitcoin-up-or-down-august-27-9pm-et,DOWN,88199961804963316989575823589765327966215816745869924008829491301906775424924,1756129862,2025-08-25 13:51:02,0.5
bitcoin-up-or-down-august-27-9pm-et,DOWN,88199961804963316989575823589765327966215816745869924008829491301906775424924,1756129931,2025-08-25 13:52:11,0.5
bitcoin-up-or-down-august-27-9pm-et,DOWN,88199961804963316989575823589765327966215816745869924008829491301906775424924,1756129982,2025-08-25 13:53:02,0.5
bitcoin-up-or-down-august-27-9pm-et,DOWN,88199961804963316989575823589765327966215816745869924008829491301906775424924,1756130043,2025-08-25 13:54:03,0.5
bitcoin-up-or-down-august-27-9pm-et,DOWN,88199961804963316989575823589765327966215816745869924008829491301906775424924,1756130106,2025-08-25 13:55:06,0.5
bitcoin-up-or-down-august-27-9pm-et,DOWN,88199961804963316989575823589765327966215816745869924008829491301906775424924,1756130162,2025-08-25 13:56:02,0.5
bitcoin-up-or-down-august-27-9pm-et,DOWN,88199961804963316989575823589765327966215816745869924008829491301906775424924,1756130223,2025-08-25 13:57:03,0.5
bitcoin-up-or-down-august-27-9pm-et,DOWN,88199961804963316989575823589765327966215816745869924008829491301906775424924,1756130283,2025-08-25 13:58:03,0.5
bitcoin-up-or-down-august-27-9pm-et,DOWN,88199961804963316989575823589765327966215816745869924008829491301906775424924,1756130343,2025-08-25 13:59:03,0.5
bitcoin-up-or-down-august-27-9pm-et,DOWN,88199961804963316989575823589765327966215816745869924008829491301906775424924,1756130402,2025-08-25 14:00:02,0.5
bitcoin-up-or-down-august-27-9pm-et,DOWN,88199961804963316989575823589765327966215816745869924008829491301906775424924,1756130464,2025-08-25 14:01:04,0.5
bitcoin-up-or-down-august-27-9pm-et,DOWN,88199961804963316989575823589765327966215816745869924008829491301906775424924,1756130523,2025-08-25 14:02:03,0.5
bitcoin-up-or-down-august-27-9pm-et,DOWN,88199961804963316989575823589765327966215816745869924008829491301906775424924,1756130583,2025-08-25 14:03:03,0.5
bitcoin-up-or-down-august-27-9pm-et,DOWN,88199961804963316989575823589765327966215816745869924008829491301906775424924,1756130643,2025-08-25 14:04:03,0.5
bitcoin-up-or-down-august-27-9pm-et,DOWN,88199961804963316989575823589765327966215816745869924008829491301906775424924,1756130703,2025-08-25 14:05:03,0.5
bitcoin-up-or-down-august-27-9pm-et,DOWN,88199961804963316989575823589765327966215816745869924008829491301906775424924,1756130762,2025-08-25 14:06:02,0.5
bitcoin-up-or-down-august-27-9pm-et,DOWN,88199961804963316989575823589765327966215816745869924008829491301906775424924,1756130823,2025-08-25 14:07:03,0.5
bitcoin-up-or-down-august-27-9pm-et,DOWN,88199961804963316989575823589765327966215816745869924008829491301906775424924,1756130883,2025-08-25 14:08:03,0.5
bitcoin-up-or-down-august-27-9pm-et,DOWN,88199961804963316989575823589765327966215816745869924008829491301906775424924,1756130943,2025-08-25 14:09:03,0.5
bitcoin-up-or-down-august-27-9pm-et,DOWN,88199961804963316989575823589765327966215816745869924008829491301906775424924,1756131003,2025-08-25 14:10:03,0.5
bitcoin-up-or-down-august-27-9pm-et,DOWN,88199961804963316989575823589765327966215816745869924008829491301906775424924,1756131062,2025-08-25 14:11:02,0.5
bitcoin-up-or-down-august-27-9pm-et,DOWN,88199961804963316989575823589765327966215816745869924008829491301906775424924,1756131123,2025-08-25 14:12:03,0.5
bitcoin-up-or-down-august-27-9pm-et,DOWN,88199961804963316989575823589765327966215816745869924008829491301906775424924,1756131182,2025-08-25 14:13:02,0.5
bitcoin-up-or-down-august-27-9pm-et,DOWN,88199961804963316989575823589765327966215816745869924008829491301906775424924,1756131243,2025-08-25 14:14:03,0.5
bitcoin-up-or-down-august-27-9pm-et,DOWN,88199961804963316989575823589765327966215816745869924008829491301906775424924,1756131303,2025-08-25 14:15:03,0.5
bitcoin-up-or-down-august-27-9pm-et,DOWN,88199961804963316989575823589765327966215816745869924008829491301906775424924,1756131363,2025-08-25 14:16:03,0.5
bitcoin-up-or-down-august-27-9pm-et,DOWN,88199961804963316989575823589765327966215816745869924008829491301906775424924,1756131422,2025-08-25 14:17:02,0.5
bitcoin-up-or-down-august-27-9pm-et,DOWN,88199961804963316989575823589765327966215816745869924008829491301906775424924,1756131483,2025-08-25 14:18:03,0.5
bitcoin-up-or-down-august-27-9pm-et,DOWN,88199961804963316989575823589765327966215816745869924008829491301906775424924,1756131543,2025-08-25 14:19:03,0.5
bitcoin-up-or-down-august-27-9pm-et,DOWN,88199961804963316989575823589765327966215816745869924008829491301906775424924,1756131605,2025-08-25 14:20:05,0.5
bitcoin-up-or-down-august-27-9pm-et,DOWN,88199961804963316989575823589765327966215816745869924008829491301906775424924,1756131662,2025-08-25 14:21:02,0.5
bitcoin-up-or-down-august-27-9pm-et,DOWN,88199961804963316989575823589765327966215816745869924008829491301906775424924,1756131723,2025-08-25 14:22:03,0.5
bitcoin-up-or-down-august-27-9pm-et,DOWN,88199961804963316989575823589765327966215816745869924008829491301906775424924,1756131782,2025-08-25 14:23:02,0.5
bitcoin-up-or-down-august-27-9pm-et,DOWN,88199961804963316989575823589765327966215816745869924008829491301906775424924,1756131842,2025-08-25 14:24:02,0.5
bitcoin-up-or-down-august-27-9pm-et,DOWN,88199961804963316989575823589765327966215816745869924008829491301906775424924,1756131904,2025-08-25 14:25:04,0.5
bitcoin-up-or-down-august-27-9pm-et,DOWN,88199961804963316989575823589765327966215816745869924008829491301906775424924,1756131965,2025-08-25 14:26:05,0.5
bitcoin-up-or-down-august-27-9pm-et,DOWN,88199961804963316989575823589765327966215816745869924008829491301906775424924,1756132029,2025-08-25 14:27:09,0.5
bitcoin-up-or-down-august-27-9pm-et,DOWN,88199961804963316989575823589765327966215816745869924008829491301906775424924,1756132083,2025-08-25 14:28:03,0.5
bitcoin-up-or-down-august-27-9pm-et,DOWN,88199961804963316989575823589765327966215816745869924008829491301906775424924,1756132142,2025-08-25 14:29:02,0.5
bitcoin-up-or-down-august-27-9pm-et,DOWN,88199961804963316989575823589765327966215816745869924008829491301906775424924,1756132204,2025-08-25 14:30:04,0.5
bitcoin-up-or-down-august-27-9pm-et,DOWN,88199961804963316989575823589765327966215816745869924008829491301906775424924,1756132263,2025-08-25 14:31:03,0.5
bitcoin-up-or-down-august-27-9pm-et,DOWN,88199961804963316989575823589765327966215816745869924008829491301906775424924,1756132322,2025-08-25 14:32:02,0.5
bitcoin-up-or-down-august-27-9pm-et,DOWN,88199961804963316989575823589765327966215816745869924008829491301906775424924,1756132382,2025-08-25 14:33:02,0.5
bitcoin-up-or-down-august-27-9pm-et,DOWN,88199961804963316989575823589765327966215816745869924008829491301906775424924,1756132443,2025-08-25 14:34:03,0.5
bitcoin-up-or-down-august-27-9pm-et,DOWN,88199961804963316989575823589765327966215816745869924008829491301906775424924,1756132502,2025-08-25 14:35:02,0.5
bitcoin-up-or-down-august-27-9pm-et,DOWN,88199961804963316989575823589765327966215816745869924008829491301906775424924,1756132563,2025-08-25 14:36:03,0.5
bitcoin-up-or-down-august-27-9pm-et,DOWN,88199961804963316989575823589765327966215816745869924008829491301906775424924,1756132622,2025-08-25 14:37:02,0.5
bitcoin-up-or-down-august-27-9pm-et,DOWN,88199961804963316989575823589765327966215816745869924008829491301906775424924,1756132683,2025-08-25 14:38:03,0.5
bitcoin-up-or-down-august-27-9pm-et,DOWN,88199961804963316989575823589765327966215816745869924008829491301906775424924,1756132742,2025-08-25 14:39:02,0.5
bitcoin-up-or-down-august-27-9pm-et,DOWN,88199961804963316989575823589765327966215816745869924008829491301906775424924,1756132803,2025-08-25 14:40:03,0.5
bitcoin-up-or-down-august-27-9pm-et,DOWN,88199961804963316989575823589765327966215816745869924008829491301906775424924,1756132862,2025-08-25 14:41:02,0.5
bitcoin-up-or-down-august-27-9pm-et,DOWN,88199961804963316989575823589765327966215816745869924008829491301906775424924,1756132922,2025-08-25 14:42:02,0.5
bitcoin-up-or-down-august-27-9pm-et,DOWN,88199961804963316989575823589765327966215816745869924008829491301906775424924,1756132982,2025-08-25 14:43:02,0.5
bitcoin-up-or-down-august-27-9pm-et,DOWN,88199961804963316989575823589765327966215816745869924008829491301906775424924,1756133042,2025-08-25 14:44:02,0.5
bitcoin-up-or-down-august-27-9pm-et,DOWN,88199961804963316989575823589765327966215816745869924008829491301906775424924,1756133103,2025-08-25 14:45:03,0.5
bitcoin-up-or-down-august-27-9pm-et,DOWN,88199961804963316989575823589765327966215816745869924008829491301906775424924,1756133162,2025-08-25 14:46:02,0.5
bitcoin-up-or-down-august-27-9pm-et,DOWN,88199961804963316989575823589765327966215816745869924008829491301906775424924,1756133222,2025-08-25 14:47:02,0.5
bitcoin-up-or-down-august-27-9pm-et,DOWN,88199961804963316989575823589765327966215816745869924008829491301906775424924,1756133282,2025-08-25 14:48:02,0.5
bitcoin-up-or-down-august-27-9pm-et,DOWN,88199961804963316989575823589765327966215816745869924008829491301906775424924,1756133342,2025-08-25 14:49:02,0.5
bitcoin-up-or-down-august-27-9pm-et,DOWN,88199961804963316989575823589765327966215816745869924008829491301906775424924,1756133403,2025-08-25 14:50:03,0.5
bitcoin-up-or-down-august-27-9pm-et,DOWN,88199961804963316989575823589765327966215816745869924008829491301906775424924,1756133463,2025-08-25 14:51:03,0.5
bitcoin-up-or-down-august-27-9pm-et,DOWN,88199961804963316989575823589765327966215816745869924008829491301906775424924,1756133522,2025-08-25 14:52:02,0.5
bitcoin-up-or-down-august-27-9pm-et,DOWN,88199961804963316989575823589765327966215816745869924008829491301906775424924,1756133585,2025-08-25 14:53:05,0.5
bitcoin-up-or-down-august-27-9pm-et,DOWN,88199961804963316989575823589765327966215816745869924008829491301906775424924,1756133644,2025-08-25 14:54:04,0.5
bitcoin-up-or-down-august-27-9pm-et,DOWN,88199961804963316989575823589765327966215816745869924008829491301906775424924,1756133705,2025-08-25 14:55:05,0.5
bitcoin-up-or-down-august-27-9pm-et,DOWN,88199961804963316989575823589765327966215816745869924008829491301906775424924,1756133763,2025-08-25 14:56:03,0.5
bitcoin-up-or-down-august-27-9pm-et,DOWN,88199961804963316989575823589765327966215816745869924008829491301906775424924,1756133823,2025-08-25 14:57:03,0.5
bitcoin-up-or-down-august-27-9pm-et,DOWN,88199961804963316989575823589765327966215816745869924008829491301906775424924,1756133883,2025-08-25 14:58:03,0.5
bitcoin-up-or-down-august-27-9pm-et,DOWN,88199961804963316989575823589765327966215816745869924008829491301906775424924,1756133943,2025-08-25 14:59:03,0.5
bitcoin-up-or-down-august-27-9pm-et,DOWN,88199961804963316989575823589765327966215816745869924008829491301906775424924,1756134006,2025-08-25 15:00:06,0.5
bitcoin-up-or-down-august-27-9pm-et,DOWN,88199961804963316989575823589765327966215816745869924008829491301906775424924,1756134062,2025-08-25 15:01:02,0.5
bitcoin-up-or-down-august-27-9pm-et,DOWN,88199961804963316989575823589765327966215816745869924008829491301906775424924,1756134123,2025-08-25 15:02:03,0.5
bitcoin-up-or-down-august-27-9pm-et,DOWN,88199961804963316989575823589765327966215816745869924008829491301906775424924,1756134182,2025-08-25 15:03:02,0.5
bitcoin-up-or-down-august-27-9pm-et,DOWN,88199961804963316989575823589765327966215816745869924008829491301906775424924,1756134243,2025-08-25 15:04:03,0.5
bitcoin-up-or-down-august-27-9pm-et,DOWN,88199961804963316989575823589765327966215816745869924008829491301906775424924,1756134303,2025-08-25 15:05:03,0.5
bitcoin-up-or-down-august-27-9pm-et,DOWN,88199961804963316989575823589765327966215816745869924008829491301906775424924,1756134363,2025-08-25 15:06:03,0.5
bitcoin-up-or-down-august-27-9pm-et,DOWN,88199961804963316989575823589765327966215816745869924008829491301906775424924,1756134422,2025-08-25 15:07:02,0.5
bitcoin-up-or-down-august-27-9pm-et,DOWN,88199961804963316989575823589765327966215816745869924008829491301906775424924,1756134483,2025-08-25 15:08:03,0.5
bitcoin-up-or-down-august-27-9pm-et,DOWN,88199961804963316989575823589765327966215816745869924008829491301906775424924,1756134542,2025-08-25 15:09:02,0.5
bitcoin-up-or-down-august-27-9pm-et,DOWN,88199961804963316989575823589765327966215816745869924008829491301906775424924,1756134602,2025-08-25 15:10:02,0.5
bitcoin-up-or-down-august-27-9pm-et,DOWN,88199961804963316989575823589765327966215816745869924008829491301906775424924,1756134662,2025-08-25 15:11:02,0.5
bitcoin-up-or-down-august-27-9pm-et,DOWN,88199961804963316989575823589765327966215816745869924008829491301906775424924,1756134723,2025-08-25 15:12:03,0.5
bitcoin-up-or-down-august-27-9pm-et,DOWN,88199961804963316989575823589765327966215816745869924008829491301906775424924,1756134782,2025-08-25 15:13:02,0.5
bitcoin-up-or-down-august-27-9pm-et,DOWN,88199961804963316989575823589765327966215816745869924008829491301906775424924,1756134842,2025-08-25 15:14:02,0.5
bitcoin-up-or-down-august-27-9pm-et,DOWN,88199961804963316989575823589765327966215816745869924008829491301906775424924,1756134903,2025-08-25 15:15:03,0.5
bitcoin-up-or-down-august-27-9pm-et,DOWN,88199961804963316989575823589765327966215816745869924008829491301906775424924,1756134962,2025-08-25 15:16:02,0.5
bitcoin-up-or-down-august-27-9pm-et,DOWN,88199961804963316989575823589765327966215816745869924008829491301906775424924,1756135022,2025-08-25 15:17:02,0.5
bitcoin-up-or-down-august-27-9pm-et,DOWN,88199961804963316989575823589765327966215816745869924008829491301906775424924,1756135084,2025-08-25 15:18:04,0.5
bitcoin-up-or-down-august-27-9pm-et,DOWN,88199961804963316989575823589765327966215816745869924008829491301906775424924,1756135144,2025-08-25 15:19:04,0.5
bitcoin-up-or-down-august-27-9pm-et,DOWN,88199961804963316989575823589765327966215816745869924008829491301906775424924,1756135203,2025-08-25 15:20:03,0.5
bitcoin-up-or-down-august-27-9pm-et,DOWN,88199961804963316989575823589765327966215816745869924008829491301906775424924,1756135262,2025-08-25 15:21:02,0.5
bitcoin-up-or-down-august-27-9pm-et,DOWN,88199961804963316989575823589765327966215816745869924008829491301906775424924,1756135322,2025-08-25 15:22:02,0.5
bitcoin-up-or-down-august-27-9pm-et,DOWN,88199961804963316989575823589765327966215816745869924008829491301906775424924,1756135383,2025-08-25 15:23:03,0.5
bitcoin-up-or-down-august-27-9pm-et,DOWN,88199961804963316989575823589765327966215816745869924008829491301906775424924,1756135442,2025-08-25 15:24:02,0.5
bitcoin-up-or-down-august-27-9pm-et,DOWN,88199961804963316989575823589765327966215816745869924008829491301906775424924,1756135504,2025-08-25 15:25:04,0.5
bitcoin-up-or-down-august-27-9pm-et,DOWN,88199961804963316989575823589765327966215816745869924008829491301906775424924,1756135568,2025-08-25 15:26:08,0.5
bitcoin-up-or-down-august-27-9pm-et,DOWN,88199961804963316989575823589765327966215816745869924008829491301906775424924,1756135623,2025-08-25 15:27:03,0.5
bitcoin-up-or-down-august-27-9pm-et,DOWN,88199961804963316989575823589765327966215816745869924008829491301906775424924,1756135684,2025-08-25 15:28:04,0.5
bitcoin-up-or-down-august-27-9pm-et,DOWN,88199961804963316989575823589765327966215816745869924008829491301906775424924,1756135743,2025-08-25 15:29:03,0.5
bitcoin-up-or-down-august-27-9pm-et,DOWN,88199961804963316989575823589765327966215816745869924008829491301906775424924,1756135803,2025-08-25 15:30:03,0.5
bitcoin-up-or-down-august-27-9pm-et,DOWN,88199961804963316989575823589765327966215816745869924008829491301906775424924,1756135863,2025-08-25 15:31:03,0.5
bitcoin-up-or-down-august-27-9pm-et,DOWN,88199961804963316989575823589765327966215816745869924008829491301906775424924,1756135923,2025-08-25 15:32:03,0.5
bitcoin-up-or-down-august-27-9pm-et,DOWN,88199961804963316989575823589765327966215816745869924008829491301906775424924,1756135983,2025-08-25 15:33:03,0.5
bitcoin-up-or-down-august-27-9pm-et,DOWN,88199961804963316989575823589765327966215816745869924008829491301906775424924,1756136042,2025-08-25 15:34:02,0.5
bitcoin-up-or-down-august-27-9pm-et,DOWN,88199961804963316989575823589765327966215816745869924008829491301906775424924,1756136102,2025-08-25 15:35:02,0.5
bitcoin-up-or-down-august-27-9pm-et,DOWN,88199961804963316989575823589765327966215816745869924008829491301906775424924,1756136162,2025-08-25 15:36:02,0.5
bitcoin-up-or-down-august-27-9pm-et,DOWN,88199961804963316989575823589765327966215816745869924008829491301906775424924,1756136223,2025-08-25 15:37:03,0.5
bitcoin-up-or-down-august-27-9pm-et,DOWN,88199961804963316989575823589765327966215816745869924008829491301906775424924,1756136283,2025-08-25 15:38:03,0.5
bitcoin-up-or-down-august-27-9pm-et,DOWN,88199961804963316989575823589765327966215816745869924008829491301906775424924,1756136343,2025-08-25 15:39:03,0.5
bitcoin-up-or-down-august-27-9pm-et,DOWN,88199961804963316989575823589765327966215816745869924008829491301906775424924,1756136404,2025-08-25 15:40:04,0.5
bitcoin-up-or-down-august-27-9pm-et,DOWN,88199961804963316989575823589765327966215816745869924008829491301906775424924,1756136463,2025-08-25 15:41:03,0.5
bitcoin-up-or-down-august-27-9pm-et,DOWN,88199961804963316989575823589765327966215816745869924008829491301906775424924,1756136523,2025-08-25 15:42:03,0.5
bitcoin-up-or-down-august-27-9pm-et,DOWN,88199961804963316989575823589765327966215816745869924008829491301906775424924,1756136583,2025-08-25 15:43:03,0.5
bitcoin-up-or-down-august-27-9pm-et,DOWN,88199961804963316989575823589765327966215816745869924008829491301906775424924,1756136642,2025-08-25 15:44:02,0.5
bitcoin-up-or-down-august-27-9pm-et,DOWN,88199961804963316989575823589765327966215816745869924008829491301906775424924,1756136703,2025-08-25 15:45:03,0.5
bitcoin-up-or-down-august-27-9pm-et,DOWN,88199961804963316989575823589765327966215816745869924008829491301906775424924,1756136763,2025-08-25 15:46:03,0.5
bitcoin-up-or-down-august-27-9pm-et,DOWN,88199961804963316989575823589765327966215816745869924008829491301906775424924,1756136823,2025-08-25 15:47:03,0.5
bitcoin-up-or-down-august-27-9pm-et,DOWN,88199961804963316989575823589765327966215816745869924008829491301906775424924,1756136883,2025-08-25 15:48:03,0.5
bitcoin-up-or-down-august-27-9pm-et,DOWN,88199961804963316989575823589765327966215816745869924008829491301906775424924,1756136943,2025-08-25 15:49:03,0.5
bitcoin-up-or-down-august-27-9pm-et,DOWN,88199961804963316989575823589765327966215816745869924008829491301906775424924,1756137004,2025-08-25 15:50:04,0.5
bitcoin-up-or-down-august-27-9pm-et,DOWN,88199961804963316989575823589765327966215816745869924008829491301906775424924,1756137062,2025-08-25 15:51:02,0.5
bitcoin-up-or-down-august-27-9pm-et,DOWN,88199961804963316989575823589765327966215816745869924008829491301906775424924,1756137122,2025-08-25 15:52:02,0.5
bitcoin-up-or-down-august-27-9pm-et,DOWN,88199961804963316989575823589765327966215816745869924008829491301906775424924,1756137183,2025-08-25 15:53:03,0.5
bitcoin-up-or-down-august-27-9pm-et,DOWN,88199961804963316989575823589765327966215816745869924008829491301906775424924,1756137242,2025-08-25 15:54:02,0.5
bitcoin-up-or-down-august-27-9pm-et,DOWN,88199961804963316989575823589765327966215816745869924008829491301906775424924,1756137303,2025-08-25 15:55:03,0.5
bitcoin-up-or-down-august-27-9pm-et,DOWN,88199961804963316989575823589765327966215816745869924008829491301906775424924,1756137363,2025-08-25 15:56:03,0.5
bitcoin-up-or-down-august-27-9pm-et,DOWN,88199961804963316989575823589765327966215816745869924008829491301906775424924,1756137423,2025-08-25 15:57:03,0.5
bitcoin-up-or-down-august-27-9pm-et,DOWN,88199961804963316989575823589765327966215816745869924008829491301906775424924,1756137483,2025-08-25 15:58:03,0.5
bitcoin-up-or-down-august-27-9pm-et,DOWN,88199961804963316989575823589765327966215816745869924008829491301906775424924,1756137542,2025-08-25 15:59:02,0.5
bitcoin-up-or-down-august-27-9pm-et,DOWN,88199961804963316989575823589765327966215816745869924008829491301906775424924,1756137603,2025-08-25 16:00:03,0.5
bitcoin-up-or-down-august-27-9pm-et,DOWN,88199961804963316989575823589765327966215816745869924008829491301906775424924,1756137663,2025-08-25 16:01:03,0.5
bitcoin-up-or-down-august-27-9pm-et,DOWN,88199961804963316989575823589765327966215816745869924008829491301906775424924,1756137723,2025-08-25 16:02:03,0.5
bitcoin-up-or-down-august-27-9pm-et,DOWN,88199961804963316989575823589765327966215816745869924008829491301906775424924,1756137782,2025-08-25 16:03:02,0.5
bitcoin-up-or-down-august-27-9pm-et,DOWN,88199961804963316989575823589765327966215816745869924008829491301906775424924,1756137842,2025-08-25 16:04:02,0.5
bitcoin-up-or-down-august-27-9pm-et,DOWN,88199961804963316989575823589765327966215816745869924008829491301906775424924,1756137903,2025-08-25 16:05:03,0.5
bitcoin-up-or-down-august-27-9pm-et,DOWN,88199961804963316989575823589765327966215816745869924008829491301906775424924,1756137963,2025-08-25 16:06:03,0.5
bitcoin-up-or-down-august-27-9pm-et,DOWN,88199961804963316989575823589765327966215816745869924008829491301906775424924,1756138022,2025-08-25 16:07:02,0.5
bitcoin-up-or-down-august-27-9pm-et,DOWN,88199961804963316989575823589765327966215816745869924008829491301906775424924,1756138083,2025-08-25 16:08:03,0.5
bitcoin-up-or-down-august-27-9pm-et,DOWN,88199961804963316989575823589765327966215816745869924008829491301906775424924,1756138142,2025-08-25 16:09:02,0.5
bitcoin-up-or-down-august-27-9pm-et,DOWN,88199961804963316989575823589765327966215816745869924008829491301906775424924,1756138203,2025-08-25 16:10:03,0.5
bitcoin-up-or-down-august-27-9pm-et,DOWN,88199961804963316989575823589765327966215816745869924008829491301906775424924,1756138263,2025-08-25 16:11:03,0.5
bitcoin-up-or-down-august-27-9pm-et,DOWN,88199961804963316989575823589765327966215816745869924008829491301906775424924,1756138323,2025-08-25 16:12:03,0.5
bitcoin-up-or-down-august-27-9pm-et,DOWN,88199961804963316989575823589765327966215816745869924008829491301906775424924,1756138382,2025-08-25 16:13:02,0.5
bitcoin-up-or-down-august-27-9pm-et,DOWN,88199961804963316989575823589765327966215816745869924008829491301906775424924,1756138443,2025-08-25 16:14:03,0.5
bitcoin-up-or-down-august-27-9pm-et,DOWN,88199961804963316989575823589765327966215816745869924008829491301906775424924,1756138504,2025-08-25 16:15:04,0.5
bitcoin-up-or-down-august-27-9pm-et,DOWN,88199961804963316989575823589765327966215816745869924008829491301906775424924,1756138562,2025-08-25 16:16:02,0.5
bitcoin-up-or-down-august-27-9pm-et,DOWN,88199961804963316989575823589765327966215816745869924008829491301906775424924,1756138623,2025-08-25 16:17:03,0.5
bitcoin-up-or-down-august-27-9pm-et,DOWN,88199961804963316989575823589765327966215816745869924008829491301906775424924,1756138683,2025-08-25 16:18:03,0.5
bitcoin-up-or-down-august-27-9pm-et,DOWN,88199961804963316989575823589765327966215816745869924008829491301906775424924,1756138742,2025-08-25 16:19:02,0.5
bitcoin-up-or-down-august-27-9pm-et,DOWN,88199961804963316989575823589765327966215816745869924008829491301906775424924,1756138803,2025-08-25 16:20:03,0.5
bitcoin-up-or-down-august-27-9pm-et,DOWN,88199961804963316989575823589765327966215816745869924008829491301906775424924,1756138862,2025-08-25 16:21:02,0.5
bitcoin-up-or-down-august-27-9pm-et,DOWN,88199961804963316989575823589765327966215816745869924008829491301906775424924,1756138922,2025-08-25 16:22:02,0.5
bitcoin-up-or-down-august-27-9pm-et,DOWN,88199961804963316989575823589765327966215816745869924008829491301906775424924,1756138983,2025-08-25 16:23:03,0.5
bitcoin-up-or-down-august-27-9pm-et,DOWN,88199961804963316989575823589765327966215816745869924008829491301906775424924,1756139043,2025-08-25 16:24:03,0.5
bitcoin-up-or-down-august-27-9pm-et,DOWN,88199961804963316989575823589765327966215816745869924008829491301906775424924,1756139102,2025-08-25 16:25:02,0.5
bitcoin-up-or-down-august-27-9pm-et,DOWN,88199961804963316989575823589765327966215816745869924008829491301906775424924,1756139171,2025-08-25 16:26:11,0.5
bitcoin-up-or-down-august-27-9pm-et,DOWN,88199961804963316989575823589765327966215816745869924008829491301906775424924,1756139222,2025-08-25 16:27:02,0.5
bitcoin-up-or-down-august-27-9pm-et,DOWN,88199961804963316989575823589765327966215816745869924008829491301906775424924,1756139283,2025-08-25 16:28:03,0.5
bitcoin-up-or-down-august-27-9pm-et,DOWN,88199961804963316989575823589765327966215816745869924008829491301906775424924,1756139342,2025-08-25 16:29:02,0.5
bitcoin-up-or-down-august-27-9pm-et,DOWN,88199961804963316989575823589765327966215816745869924008829491301906775424924,1756139403,2025-08-25 16:30:03,0.5
bitcoin-up-or-down-august-27-9pm-et,DOWN,88199961804963316989575823589765327966215816745869924008829491301906775424924,1756139462,2025-08-25 16:31:02,0.5
bitcoin-up-or-down-august-27-9pm-et,DOWN,88199961804963316989575823589765327966215816745869924008829491301906775424924,1756139522,2025-08-25 16:32:02,0.5
bitcoin-up-or-down-august-27-9pm-et,DOWN,88199961804963316989575823589765327966215816745869924008829491301906775424924,1756139583,2025-08-25 16:33:03,0.5
bitcoin-up-or-down-august-27-9pm-et,DOWN,88199961804963316989575823589765327966215816745869924008829491301906775424924,1756139643,2025-08-25 16:34:03,0.5
bitcoin-up-or-down-august-27-9pm-et,DOWN,88199961804963316989575823589765327966215816745869924008829491301906775424924,1756139703,2025-08-25 16:35:03,0.5
bitcoin-up-or-down-august-27-9pm-et,DOWN,88199961804963316989575823589765327966215816745869924008829491301906775424924,1756139762,2025-08-25 16:36:02,0.5
bitcoin-up-or-down-august-27-9pm-et,DOWN,88199961804963316989575823589765327966215816745869924008829491301906775424924,1756139823,2025-08-25 16:37:03,0.5
bitcoin-up-or-down-august-27-9pm-et,DOWN,88199961804963316989575823589765327966215816745869924008829491301906775424924,1756139883,2025-08-25 16:38:03,0.5
bitcoin-up-or-down-august-27-9pm-et,DOWN,88199961804963316989575823589765327966215816745869924008829491301906775424924,1756139943,2025-08-25 16:39:03,0.5
bitcoin-up-or-down-august-27-9pm-et,DOWN,88199961804963316989575823589765327966215816745869924008829491301906775424924,1756140002,2025-08-25 16:40:02,0.5
bitcoin-up-or-down-august-27-9pm-et,DOWN,88199961804963316989575823589765327966215816745869924008829491301906775424924,1756140064,2025-08-25 16:41:04,0.5
bitcoin-up-or-down-august-27-9pm-et,DOWN,88199961804963316989575823589765327966215816745869924008829491301906775424924,1756140122,2025-08-25 16:42:02,0.5
bitcoin-up-or-down-august-27-9pm-et,DOWN,88199961804963316989575823589765327966215816745869924008829491301906775424924,1756140183,2025-08-25 16:43:03,0.5
bitcoin-up-or-down-august-27-9pm-et,DOWN,88199961804963316989575823589765327966215816745869924008829491301906775424924,1756140243,2025-08-25 16:44:03,0.5
bitcoin-up-or-down-august-27-9pm-et,DOWN,88199961804963316989575823589765327966215816745869924008829491301906775424924,1756140303,2025-08-25 16:45:03,0.5
bitcoin-up-or-down-august-27-9pm-et,DOWN,88199961804963316989575823589765327966215816745869924008829491301906775424924,1756140362,2025-08-25 16:46:02,0.5
bitcoin-up-or-down-august-27-9pm-et,DOWN,88199961804963316989575823589765327966215816745869924008829491301906775424924,1756140422,2025-08-25 16:47:02,0.5
bitcoin-up-or-down-august-27-9pm-et,DOWN,88199961804963316989575823589765327966215816745869924008829491301906775424924,1756140482,2025-08-25 16:48:02,0.5
bitcoin-up-or-down-august-27-9pm-et,DOWN,88199961804963316989575823589765327966215816745869924008829491301906775424924,1756140542,2025-08-25 16:49:02,0.5
bitcoin-up-or-down-august-27-9pm-et,DOWN,88199961804963316989575823589765327966215816745869924008829491301906775424924,1756140604,2025-08-25 16:50:04,0.5
bitcoin-up-or-down-august-27-9pm-et,DOWN,88199961804963316989575823589765327966215816745869924008829491301906775424924,1756140663,2025-08-25 16:51:03,0.5
bitcoin-up-or-down-august-27-9pm-et,DOWN,88199961804963316989575823589765327966215816745869924008829491301906775424924,1756140730,2025-08-25 16:52:10,0.5
bitcoin-up-or-down-august-27-9pm-et,DOWN,88199961804963316989575823589765327966215816745869924008829491301906775424924,1756140782,2025-08-25 16:53:02,0.5
bitcoin-up-or-down-august-27-9pm-et,DOWN,88199961804963316989575823589765327966215816745869924008829491301906775424924,1756140842,2025-08-25 16:54:02,0.5
bitcoin-up-or-down-august-27-9pm-et,DOWN,88199961804963316989575823589765327966215816745869924008829491301906775424924,1756140903,2025-08-25 16:55:03,0.5
bitcoin-up-or-down-august-27-9pm-et,DOWN,88199961804963316989575823589765327966215816745869924008829491301906775424924,1756140963,2025-08-25 16:56:03,0.5
bitcoin-up-or-down-august-27-9pm-et,DOWN,88199961804963316989575823589765327966215816745869924008829491301906775424924,1756141023,2025-08-25 16:57:03,0.5
bitcoin-up-or-down-august-27-9pm-et,DOWN,88199961804963316989575823589765327966215816745869924008829491301906775424924,1756141083,2025-08-25 16:58:03,0.5
bitcoin-up-or-down-august-27-9pm-et,DOWN,88199961804963316989575823589765327966215816745869924008829491301906775424924,1756141143,2025-08-25 16:59:03,0.5
bitcoin-up-or-down-august-27-9pm-et,DOWN,88199961804963316989575823589765327966215816745869924008829491301906775424924,1756141203,2025-08-25 17:00:03,0.5
bitcoin-up-or-down-august-27-9pm-et,DOWN,88199961804963316989575823589765327966215816745869924008829491301906775424924,1756141262,2025-08-25 17:01:02,0.5
bitcoin-up-or-down-august-27-9pm-et,DOWN,88199961804963316989575823589765327966215816745869924008829491301906775424924,1756141323,2025-08-25 17:02:03,0.5
bitcoin-up-or-down-august-27-9pm-et,DOWN,88199961804963316989575823589765327966215816745869924008829491301906775424924,1756141383,2025-08-25 17:03:03,0.5
bitcoin-up-or-down-august-27-9pm-et,DOWN,88199961804963316989575823589765327966215816745869924008829491301906775424924,1756141443,2025-08-25 17:04:03,0.5
bitcoin-up-or-down-august-27-9pm-et,DOWN,88199961804963316989575823589765327966215816745869924008829491301906775424924,1756141502,2025-08-25 17:05:02,0.5
bitcoin-up-or-down-august-27-9pm-et,DOWN,88199961804963316989575823589765327966215816745869924008829491301906775424924,1756141563,2025-08-25 17:06:03,0.5
bitcoin-up-or-down-august-27-9pm-et,DOWN,88199961804963316989575823589765327966215816745869924008829491301906775424924,1756141623,2025-08-25 17:07:03,0.5
bitcoin-up-or-down-august-27-9pm-et,DOWN,88199961804963316989575823589765327966215816745869924008829491301906775424924,1756141682,2025-08-25 17:08:02,0.5
bitcoin-up-or-down-august-27-9pm-et,DOWN,88199961804963316989575823589765327966215816745869924008829491301906775424924,1756141742,2025-08-25 17:09:02,0.5
bitcoin-up-or-down-august-27-9pm-et,DOWN,88199961804963316989575823589765327966215816745869924008829491301906775424924,1756141802,2025-08-25 17:10:02,0.5
bitcoin-up-or-down-august-27-9pm-et,DOWN,88199961804963316989575823589765327966215816745869924008829491301906775424924,1756141862,2025-08-25 17:11:02,0.5
bitcoin-up-or-down-august-27-9pm-et,DOWN,88199961804963316989575823589765327966215816745869924008829491301906775424924,1756141923,2025-08-25 17:12:03,0.5
bitcoin-up-or-down-august-27-9pm-et,DOWN,88199961804963316989575823589765327966215816745869924008829491301906775424924,1756141982,2025-08-25 17:13:02,0.5
bitcoin-up-or-down-august-27-9pm-et,DOWN,88199961804963316989575823589765327966215816745869924008829491301906775424924,1756142042,2025-08-25 17:14:02,0.5
bitcoin-up-or-down-august-27-9pm-et,DOWN,88199961804963316989575823589765327966215816745869924008829491301906775424924,1756142102,2025-08-25 17:15:02,0.5
bitcoin-up-or-down-august-27-9pm-et,DOWN,88199961804963316989575823589765327966215816745869924008829491301906775424924,1756142162,2025-08-25 17:16:02,0.5
bitcoin-up-or-down-august-27-9pm-et,DOWN,88199961804963316989575823589765327966215816745869924008829491301906775424924,1756142223,2025-08-25 17:17:03,0.5
bitcoin-up-or-down-august-27-9pm-et,DOWN,88199961804963316989575823589765327966215816745869924008829491301906775424924,1756142283,2025-08-25 17:18:03,0.5
bitcoin-up-or-down-august-27-9pm-et,DOWN,88199961804963316989575823589765327966215816745869924008829491301906775424924,1756142343,2025-08-25 17:19:03,0.5
bitcoin-up-or-down-august-27-9pm-et,DOWN,88199961804963316989575823589765327966215816745869924008829491301906775424924,1756142403,2025-08-25 17:20:03,0.5
bitcoin-up-or-down-august-27-9pm-et,DOWN,88199961804963316989575823589765327966215816745869924008829491301906775424924,1756142462,2025-08-25 17:21:02,0.5
bitcoin-up-or-down-august-27-9pm-et,DOWN,88199961804963316989575823589765327966215816745869924008829491301906775424924,1756142522,2025-08-25 17:22:02,0.5
bitcoin-up-or-down-august-27-9pm-et,DOWN,88199961804963316989575823589765327966215816745869924008829491301906775424924,1756142583,2025-08-25 17:23:03,0.5
bitcoin-up-or-down-august-27-9pm-et,DOWN,88199961804963316989575823589765327966215816745869924008829491301906775424924,1756142644,2025-08-25 17:24:04,0.5
bitcoin-up-or-down-august-27-9pm-et,DOWN,88199961804963316989575823589765327966215816745869924008829491301906775424924,1756142703,2025-08-25 17:25:03,0.5
bitcoin-up-or-down-august-27-9pm-et,DOWN,88199961804963316989575823589765327966215816745869924008829491301906775424924,1756142764,2025-08-25 17:26:04,0.5
bitcoin-up-or-down-august-27-9pm-et,DOWN,88199961804963316989575823589765327966215816745869924008829491301906775424924,1756142822,2025-08-25 17:27:02,0.5
bitcoin-up-or-down-august-27-9pm-et,DOWN,88199961804963316989575823589765327966215816745869924008829491301906775424924,1756142882,2025-08-25 17:28:02,0.5
bitcoin-up-or-down-august-27-9pm-et,DOWN,88199961804963316989575823589765327966215816745869924008829491301906775424924,1756142942,2025-08-25 17:29:02,0.5
bitcoin-up-or-down-august-27-9pm-et,DOWN,88199961804963316989575823589765327966215816745869924008829491301906775424924,1756143004,2025-08-25 17:30:04,0.5
bitcoin-up-or-down-august-27-9pm-et,DOWN,88199961804963316989575823589765327966215816745869924008829491301906775424924,1756143063,2025-08-25 17:31:03,0.5
bitcoin-up-or-down-august-27-9pm-et,DOWN,88199961804963316989575823589765327966215816745869924008829491301906775424924,1756143123,2025-08-25 17:32:03,0.5
bitcoin-up-or-down-august-27-9pm-et,DOWN,88199961804963316989575823589765327966215816745869924008829491301906775424924,1756143183,2025-08-25 17:33:03,0.5
bitcoin-up-or-down-august-27-9pm-et,DOWN,88199961804963316989575823589765327966215816745869924008829491301906775424924,1756143244,2025-08-25 17:34:04,0.5
bitcoin-up-or-down-august-27-9pm-et,DOWN,88199961804963316989575823589765327966215816745869924008829491301906775424924,1756143302,2025-08-25 17:35:02,0.5
bitcoin-up-or-down-august-27-9pm-et,DOWN,88199961804963316989575823589765327966215816745869924008829491301906775424924,1756143363,2025-08-25 17:36:03,0.5
bitcoin-up-or-down-august-27-9pm-et,DOWN,88199961804963316989575823589765327966215816745869924008829491301906775424924,1756143423,2025-08-25 17:37:03,0.5
bitcoin-up-or-down-august-27-9pm-et,DOWN,88199961804963316989575823589765327966215816745869924008829491301906775424924,1756143483,2025-08-25 17:38:03,0.5
bitcoin-up-or-down-august-27-9pm-et,DOWN,88199961804963316989575823589765327966215816745869924008829491301906775424924,1756143543,2025-08-25 17:39:03,0.5
bitcoin-up-or-down-august-27-9pm-et,DOWN,88199961804963316989575823589765327966215816745869924008829491301906775424924,1756143602,2025-08-25 17:40:02,0.5
bitcoin-up-or-down-august-27-9pm-et,DOWN,88199961804963316989575823589765327966215816745869924008829491301906775424924,1756143663,2025-08-25 17:41:03,0.5
bitcoin-up-or-down-august-27-9pm-et,DOWN,88199961804963316989575823589765327966215816745869924008829491301906775424924,1756143722,2025-08-25 17:42:02,0.5
bitcoin-up-or-down-august-27-9pm-et,DOWN,88199961804963316989575823589765327966215816745869924008829491301906775424924,1756143783,2025-08-25 17:43:03,0.5
bitcoin-up-or-down-august-27-9pm-et,DOWN,88199961804963316989575823589765327966215816745869924008829491301906775424924,1756143843,2025-08-25 17:44:03,0.5
bitcoin-up-or-down-august-27-9pm-et,DOWN,88199961804963316989575823589765327966215816745869924008829491301906775424924,1756143902,2025-08-25 17:45:02,0.5
bitcoin-up-or-down-august-27-9pm-et,DOWN,88199961804963316989575823589765327966215816745869924008829491301906775424924,1756143963,2025-08-25 17:46:03,0.5
bitcoin-up-or-down-august-27-9pm-et,DOWN,88199961804963316989575823589765327966215816745869924008829491301906775424924,1756144022,2025-08-25 17:47:02,0.5
bitcoin-up-or-down-august-27-9pm-et,DOWN,88199961804963316989575823589765327966215816745869924008829491301906775424924,1756144082,2025-08-25 17:48:02,0.5
bitcoin-up-or-down-august-27-9pm-et,DOWN,88199961804963316989575823589765327966215816745869924008829491301906775424924,1756144143,2025-08-25 17:49:03,0.5
bitcoin-up-or-down-august-27-9pm-et,DOWN,88199961804963316989575823589765327966215816745869924008829491301906775424924,1756144202,2025-08-25 17:50:02,0.5
bitcoin-up-or-down-august-27-9pm-et,DOWN,88199961804963316989575823589765327966215816745869924008829491301906775424924,1756144263,2025-08-25 17:51:03,0.5
bitcoin-up-or-down-august-27-9pm-et,DOWN,88199961804963316989575823589765327966215816745869924008829491301906775424924,1756144322,2025-08-25 17:52:02,0.5
bitcoin-up-or-down-august-27-9pm-et,DOWN,88199961804963316989575823589765327966215816745869924008829491301906775424924,1756144385,2025-08-25 17:53:05,0.5
bitcoin-up-or-down-august-27-9pm-et,DOWN,88199961804963316989575823589765327966215816745869924008829491301906775424924,1756144444,2025-08-25 17:54:04,0.5
bitcoin-up-or-down-august-27-9pm-et,DOWN,88199961804963316989575823589765327966215816745869924008829491301906775424924,1756144504,2025-08-25 17:55:04,0.5
bitcoin-up-or-down-august-27-9pm-et,DOWN,88199961804963316989575823589765327966215816745869924008829491301906775424924,1756144563,2025-08-25 17:56:03,0.5
bitcoin-up-or-down-august-27-9pm-et,DOWN,88199961804963316989575823589765327966215816745869924008829491301906775424924,1756144623,2025-08-25 17:57:03,0.5
bitcoin-up-or-down-august-27-9pm-et,DOWN,88199961804963316989575823589765327966215816745869924008829491301906775424924,1756144682,2025-08-25 17:58:02,0.5
bitcoin-up-or-down-august-27-9pm-et,DOWN,88199961804963316989575823589765327966215816745869924008829491301906775424924,1756144742,2025-08-25 17:59:02,0.5
bitcoin-up-or-down-august-27-9pm-et,DOWN,88199961804963316989575823589765327966215816745869924008829491301906775424924,1756144810,2025-08-25 18:00:10,0.5
bitcoin-up-or-down-august-27-9pm-et,DOWN,88199961804963316989575823589765327966215816745869924008829491301906775424924,1756144862,2025-08-25 18:01:02,0.5
bitcoin-up-or-down-august-27-9pm-et,DOWN,88199961804963316989575823589765327966215816745869924008829491301906775424924,1756144922,2025-08-25 18:02:02,0.5
bitcoin-up-or-down-august-27-9pm-et,DOWN,88199961804963316989575823589765327966215816745869924008829491301906775424924,1756144982,2025-08-25 18:03:02,0.5
bitcoin-up-or-down-august-27-9pm-et,DOWN,88199961804963316989575823589765327966215816745869924008829491301906775424924,1756145043,2025-08-25 18:04:03,0.5
bitcoin-up-or-down-august-27-9pm-et,DOWN,88199961804963316989575823589765327966215816745869924008829491301906775424924,1756145103,2025-08-25 18:05:03,0.5
bitcoin-up-or-down-august-27-9pm-et,DOWN,88199961804963316989575823589765327966215816745869924008829491301906775424924,1756145163,2025-08-25 18:06:03,0.5
bitcoin-up-or-down-august-27-9pm-et,DOWN,88199961804963316989575823589765327966215816745869924008829491301906775424924,1756145222,2025-08-25 18:07:02,0.5
bitcoin-up-or-down-august-27-9pm-et,DOWN,88199961804963316989575823589765327966215816745869924008829491301906775424924,1756145282,2025-08-25 18:08:02,0.5
bitcoin-up-or-down-august-27-9pm-et,DOWN,88199961804963316989575823589765327966215816745869924008829491301906775424924,1756145342,2025-08-25 18:09:02,0.5
bitcoin-up-or-down-august-27-9pm-et,DOWN,88199961804963316989575823589765327966215816745869924008829491301906775424924,1756145403,2025-08-25 18:10:03,0.5
bitcoin-up-or-down-august-27-9pm-et,DOWN,88199961804963316989575823589765327966215816745869924008829491301906775424924,1756145463,2025-08-25 18:11:03,0.5
bitcoin-up-or-down-august-27-9pm-et,DOWN,88199961804963316989575823589765327966215816745869924008829491301906775424924,1756145522,2025-08-25 18:12:02,0.5
bitcoin-up-or-down-august-27-9pm-et,DOWN,88199961804963316989575823589765327966215816745869924008829491301906775424924,1756145582,2025-08-25 18:13:02,0.5
bitcoin-up-or-down-august-27-9pm-et,DOWN,88199961804963316989575823589765327966215816745869924008829491301906775424924,1756145643,2025-08-25 18:14:03,0.5
bitcoin-up-or-down-august-27-9pm-et,DOWN,88199961804963316989575823589765327966215816745869924008829491301906775424924,1756145702,2025-08-25 18:15:02,0.5
bitcoin-up-or-down-august-27-9pm-et,DOWN,88199961804963316989575823589765327966215816745869924008829491301906775424924,1756145763,2025-08-25 18:16:03,0.5
bitcoin-up-or-down-august-27-9pm-et,DOWN,88199961804963316989575823589765327966215816745869924008829491301906775424924,1756145822,2025-08-25 18:17:02,0.5
bitcoin-up-or-down-august-27-9pm-et,DOWN,88199961804963316989575823589765327966215816745869924008829491301906775424924,1756145882,2025-08-25 18:18:02,0.5
bitcoin-up-or-down-august-27-9pm-et,DOWN,88199961804963316989575823589765327966215816745869924008829491301906775424924,1756145942,2025-08-25 18:19:02,0.5
bitcoin-up-or-down-august-27-9pm-et,DOWN,88199961804963316989575823589765327966215816745869924008829491301906775424924,1756146002,2025-08-25 18:20:02,0.5
bitcoin-up-or-down-august-27-9pm-et,DOWN,88199961804963316989575823589765327966215816745869924008829491301906775424924,1756146062,2025-08-25 18:21:02,0.5
bitcoin-up-or-down-august-27-9pm-et,DOWN,88199961804963316989575823589765327966215816745869924008829491301906775424924,1756146123,2025-08-25 18:22:03,0.5
bitcoin-up-or-down-august-27-9pm-et,DOWN,88199961804963316989575823589765327966215816745869924008829491301906775424924,1756146182,2025-08-25 18:23:02,0.5
bitcoin-up-or-down-august-27-9pm-et,DOWN,88199961804963316989575823589765327966215816745869924008829491301906775424924,1756146242,2025-08-25 18:24:02,0.5
bitcoin-up-or-down-august-27-9pm-et,DOWN,88199961804963316989575823589765327966215816745869924008829491301906775424924,1756146302,2025-08-25 18:25:02,0.5
bitcoin-up-or-down-august-27-9pm-et,DOWN,88199961804963316989575823589765327966215816745869924008829491301906775424924,1756146370,2025-08-25 18:26:10,0.5
bitcoin-up-or-down-august-27-9pm-et,DOWN,88199961804963316989575823589765327966215816745869924008829491301906775424924,1756146422,2025-08-25 18:27:02,0.5
bitcoin-up-or-down-august-27-9pm-et,DOWN,88199961804963316989575823589765327966215816745869924008829491301906775424924,1756146483,2025-08-25 18:28:03,0.5
bitcoin-up-or-down-august-27-9pm-et,DOWN,88199961804963316989575823589765327966215816745869924008829491301906775424924,1756146543,2025-08-25 18:29:03,0.5
bitcoin-up-or-down-august-27-9pm-et,DOWN,88199961804963316989575823589765327966215816745869924008829491301906775424924,1756146604,2025-08-25 18:30:04,0.5
bitcoin-up-or-down-august-27-9pm-et,DOWN,88199961804963316989575823589765327966215816745869924008829491301906775424924,1756146662,2025-08-25 18:31:02,0.5
bitcoin-up-or-down-august-27-9pm-et,DOWN,88199961804963316989575823589765327966215816745869924008829491301906775424924,1756146722,2025-08-25 18:32:02,0.5
bitcoin-up-or-down-august-27-9pm-et,DOWN,88199961804963316989575823589765327966215816745869924008829491301906775424924,1756146783,2025-08-25 18:33:03,0.5
bitcoin-up-or-down-august-27-9pm-et,DOWN,88199961804963316989575823589765327966215816745869924008829491301906775424924,1756146842,2025-08-25 18:34:02,0.5
bitcoin-up-or-down-august-27-9pm-et,DOWN,88199961804963316989575823589765327966215816745869924008829491301906775424924,1756146904,2025-08-25 18:35:04,0.5
bitcoin-up-or-down-august-27-9pm-et,DOWN,88199961804963316989575823589765327966215816745869924008829491301906775424924,1756146963,2025-08-25 18:36:03,0.5
bitcoin-up-or-down-august-27-9pm-et,DOWN,88199961804963316989575823589765327966215816745869924008829491301906775424924,1756147024,2025-08-25 18:37:04,0.5
bitcoin-up-or-down-august-27-9pm-et,DOWN,88199961804963316989575823589765327966215816745869924008829491301906775424924,1756147083,2025-08-25 18:38:03,0.5
bitcoin-up-or-down-august-27-9pm-et,DOWN,88199961804963316989575823589765327966215816745869924008829491301906775424924,1756147144,2025-08-25 18:39:04,0.5
bitcoin-up-or-down-august-27-9pm-et,DOWN,88199961804963316989575823589765327966215816745869924008829491301906775424924,1756147204,2025-08-25 18:40:04,0.5
bitcoin-up-or-down-august-27-9pm-et,DOWN,88199961804963316989575823589765327966215816745869924008829491301906775424924,1756147262,2025-08-25 18:41:02,0.5
bitcoin-up-or-down-august-27-9pm-et,DOWN,88199961804963316989575823589765327966215816745869924008829491301906775424924,1756147322,2025-08-25 18:42:02,0.5
bitcoin-up-or-down-august-27-9pm-et,DOWN,88199961804963316989575823589765327966215816745869924008829491301906775424924,1756147382,2025-08-25 18:43:02,0.5
bitcoin-up-or-down-august-27-9pm-et,DOWN,88199961804963316989575823589765327966215816745869924008829491301906775424924,1756147443,2025-08-25 18:44:03,0.5
bitcoin-up-or-down-august-27-9pm-et,DOWN,88199961804963316989575823589765327966215816745869924008829491301906775424924,1756147504,2025-08-25 18:45:04,0.5
bitcoin-up-or-down-august-27-9pm-et,DOWN,88199961804963316989575823589765327966215816745869924008829491301906775424924,1756147562,2025-08-25 18:46:02,0.5
bitcoin-up-or-down-august-27-9pm-et,DOWN,88199961804963316989575823589765327966215816745869924008829491301906775424924,1756147623,2025-08-25 18:47:03,0.5
bitcoin-up-or-down-august-27-9pm-et,DOWN,88199961804963316989575823589765327966215816745869924008829491301906775424924,1756147684,2025-08-25 18:48:04,0.5
bitcoin-up-or-down-august-27-9pm-et,DOWN,88199961804963316989575823589765327966215816745869924008829491301906775424924,1756147743,2025-08-25 18:49:03,0.5
bitcoin-up-or-down-august-27-9pm-et,DOWN,88199961804963316989575823589765327966215816745869924008829491301906775424924,1756147804,2025-08-25 18:50:04,0.5
bitcoin-up-or-down-august-27-9pm-et,DOWN,88199961804963316989575823589765327966215816745869924008829491301906775424924,1756147863,2025-08-25 18:51:03,0.5
bitcoin-up-or-down-august-27-9pm-et,DOWN,88199961804963316989575823589765327966215816745869924008829491301906775424924,1756147928,2025-08-25 18:52:08,0.5
bitcoin-up-or-down-august-27-9pm-et,DOWN,88199961804963316989575823589765327966215816745869924008829491301906775424924,1756147982,2025-08-25 18:53:02,0.5
bitcoin-up-or-down-august-27-9pm-et,DOWN,88199961804963316989575823589765327966215816745869924008829491301906775424924,1756148043,2025-08-25 18:54:03,0.5
bitcoin-up-or-down-august-27-9pm-et,DOWN,88199961804963316989575823589765327966215816745869924008829491301906775424924,1756148106,2025-08-25 18:55:06,0.5
bitcoin-up-or-down-august-27-9pm-et,DOWN,88199961804963316989575823589765327966215816745869924008829491301906775424924,1756148162,2025-08-25 18:56:02,0.5
bitcoin-up-or-down-august-27-9pm-et,DOWN,88199961804963316989575823589765327966215816745869924008829491301906775424924,1756148222,2025-08-25 18:57:02,0.5
bitcoin-up-or-down-august-27-9pm-et,DOWN,88199961804963316989575823589765327966215816745869924008829491301906775424924,1756148283,2025-08-25 18:58:03,0.5
bitcoin-up-or-down-august-27-9pm-et,DOWN,88199961804963316989575823589765327966215816745869924008829491301906775424924,1756148343,2025-08-25 18:59:03,0.5
bitcoin-up-or-down-august-27-9pm-et,DOWN,88199961804963316989575823589765327966215816745869924008829491301906775424924,1756148409,2025-08-25 19:00:09,0.5
bitcoin-up-or-down-august-27-9pm-et,DOWN,88199961804963316989575823589765327966215816745869924008829491301906775424924,1756148462,2025-08-25 19:01:02,0.5
bitcoin-up-or-down-august-27-9pm-et,DOWN,88199961804963316989575823589765327966215816745869924008829491301906775424924,1756148522,2025-08-25 19:02:02,0.5
bitcoin-up-or-down-august-27-9pm-et,DOWN,88199961804963316989575823589765327966215816745869924008829491301906775424924,1756148582,2025-08-25 19:03:02,0.5
bitcoin-up-or-down-august-27-9pm-et,DOWN,88199961804963316989575823589765327966215816745869924008829491301906775424924,1756148643,2025-08-25 19:04:03,0.5
bitcoin-up-or-down-august-27-9pm-et,DOWN,88199961804963316989575823589765327966215816745869924008829491301906775424924,1756148704,2025-08-25 19:05:04,0.5
bitcoin-up-or-down-august-27-9pm-et,DOWN,88199961804963316989575823589765327966215816745869924008829491301906775424924,1756148762,2025-08-25 19:06:02,0.5
bitcoin-up-or-down-august-27-9pm-et,DOWN,88199961804963316989575823589765327966215816745869924008829491301906775424924,1756148823,2025-08-25 19:07:03,0.5
bitcoin-up-or-down-august-27-9pm-et,DOWN,88199961804963316989575823589765327966215816745869924008829491301906775424924,1756148882,2025-08-25 19:08:02,0.5
bitcoin-up-or-down-august-27-9pm-et,DOWN,88199961804963316989575823589765327966215816745869924008829491301906775424924,1756148942,2025-08-25 19:09:02,0.5
bitcoin-up-or-down-august-27-9pm-et,DOWN,88199961804963316989575823589765327966215816745869924008829491301906775424924,1756149002,2025-08-25 19:10:02,0.5
bitcoin-up-or-down-august-27-9pm-et,DOWN,88199961804963316989575823589765327966215816745869924008829491301906775424924,1756149062,2025-08-25 19:11:02,0.5
bitcoin-up-or-down-august-27-9pm-et,DOWN,88199961804963316989575823589765327966215816745869924008829491301906775424924,1756149123,2025-08-25 19:12:03,0.5
bitcoin-up-or-down-august-27-9pm-et,DOWN,88199961804963316989575823589765327966215816745869924008829491301906775424924,1756149182,2025-08-25 19:13:02,0.5
bitcoin-up-or-down-august-27-9pm-et,DOWN,88199961804963316989575823589765327966215816745869924008829491301906775424924,1756149242,2025-08-25 19:14:02,0.5
bitcoin-up-or-down-august-27-9pm-et,DOWN,88199961804963316989575823589765327966215816745869924008829491301906775424924,1756149303,2025-08-25 19:15:03,0.5
bitcoin-up-or-down-august-27-9pm-et,DOWN,88199961804963316989575823589765327966215816745869924008829491301906775424924,1756149362,2025-08-25 19:16:02,0.5
bitcoin-up-or-down-august-27-9pm-et,DOWN,88199961804963316989575823589765327966215816745869924008829491301906775424924,1756149423,2025-08-25 19:17:03,0.5
bitcoin-up-or-down-august-27-9pm-et,DOWN,88199961804963316989575823589765327966215816745869924008829491301906775424924,1756149483,2025-08-25 19:18:03,0.5
bitcoin-up-or-down-august-27-9pm-et,DOWN,88199961804963316989575823589765327966215816745869924008829491301906775424924,1756149542,2025-08-25 19:19:02,0.5
bitcoin-up-or-down-august-27-9pm-et,DOWN,88199961804963316989575823589765327966215816745869924008829491301906775424924,1756149603,2025-08-25 19:20:03,0.5
bitcoin-up-or-down-august-27-9pm-et,DOWN,88199961804963316989575823589765327966215816745869924008829491301906775424924,1756149662,2025-08-25 19:21:02,0.5
bitcoin-up-or-down-august-27-9pm-et,DOWN,88199961804963316989575823589765327966215816745869924008829491301906775424924,1756149722,2025-08-25 19:22:02,0.5
bitcoin-up-or-down-august-27-9pm-et,DOWN,88199961804963316989575823589765327966215816745869924008829491301906775424924,1756149782,2025-08-25 19:23:02,0.5
bitcoin-up-or-down-august-27-9pm-et,DOWN,88199961804963316989575823589765327966215816745869924008829491301906775424924,1756149843,2025-08-25 19:24:03,0.5
bitcoin-up-or-down-august-27-9pm-et,DOWN,88199961804963316989575823589765327966215816745869924008829491301906775424924,1756149902,2025-08-25 19:25:02,0.5
bitcoin-up-or-down-august-27-9pm-et,DOWN,88199961804963316989575823589765327966215816745869924008829491301906775424924,1756149971,2025-08-25 19:26:11,0.5
bitcoin-up-or-down-august-27-9pm-et,DOWN,88199961804963316989575823589765327966215816745869924008829491301906775424924,1756150025,2025-08-25 19:27:05,0.5
bitcoin-up-or-down-august-27-9pm-et,DOWN,88199961804963316989575823589765327966215816745869924008829491301906775424924,1756150082,2025-08-25 19:28:02,0.5
bitcoin-up-or-down-august-27-9pm-et,DOWN,88199961804963316989575823589765327966215816745869924008829491301906775424924,1756150142,2025-08-25 19:29:02,0.5
bitcoin-up-or-down-august-27-9pm-et,DOWN,88199961804963316989575823589765327966215816745869924008829491301906775424924,1756150202,2025-08-25 19:30:02,0.5
bitcoin-up-or-down-august-27-9pm-et,DOWN,88199961804963316989575823589765327966215816745869924008829491301906775424924,1756150264,2025-08-25 19:31:04,0.5
bitcoin-up-or-down-august-27-9pm-et,DOWN,88199961804963316989575823589765327966215816745869924008829491301906775424924,1756150323,2025-08-25 19:32:03,0.5
bitcoin-up-or-down-august-27-9pm-et,DOWN,88199961804963316989575823589765327966215816745869924008829491301906775424924,1756150382,2025-08-25 19:33:02,0.5
bitcoin-up-or-down-august-27-9pm-et,DOWN,88199961804963316989575823589765327966215816745869924008829491301906775424924,1756150442,2025-08-25 19:34:02,0.5
bitcoin-up-or-down-august-27-9pm-et,DOWN,88199961804963316989575823589765327966215816745869924008829491301906775424924,1756150503,2025-08-25 19:35:03,0.5
bitcoin-up-or-down-august-27-9pm-et,DOWN,88199961804963316989575823589765327966215816745869924008829491301906775424924,1756150562,2025-08-25 19:36:02,0.5
bitcoin-up-or-down-august-27-9pm-et,DOWN,88199961804963316989575823589765327966215816745869924008829491301906775424924,1756150623,2025-08-25 19:37:03,0.5
bitcoin-up-or-down-august-27-9pm-et,DOWN,88199961804963316989575823589765327966215816745869924008829491301906775424924,1756150683,2025-08-25 19:38:03,0.5
bitcoin-up-or-down-august-27-9pm-et,DOWN,88199961804963316989575823589765327966215816745869924008829491301906775424924,1756150743,2025-08-25 19:39:03,0.5
bitcoin-up-or-down-august-27-9pm-et,DOWN,88199961804963316989575823589765327966215816745869924008829491301906775424924,1756150804,2025-08-25 19:40:04,0.5
bitcoin-up-or-down-august-27-9pm-et,DOWN,88199961804963316989575823589765327966215816745869924008829491301906775424924,1756150863,2025-08-25 19:41:03,0.5
bitcoin-up-or-down-august-27-9pm-et,DOWN,88199961804963316989575823589765327966215816745869924008829491301906775424924,1756150922,2025-08-25 19:42:02,0.5
bitcoin-up-or-down-august-27-9pm-et,DOWN,88199961804963316989575823589765327966215816745869924008829491301906775424924,1756150982,2025-08-25 19:43:02,0.5
bitcoin-up-or-down-august-27-9pm-et,DOWN,88199961804963316989575823589765327966215816745869924008829491301906775424924,1756151043,2025-08-25 19:44:03,0.5
bitcoin-up-or-down-august-27-9pm-et,DOWN,88199961804963316989575823589765327966215816745869924008829491301906775424924,1756151102,2025-08-25 19:45:02,0.5
bitcoin-up-or-down-august-27-9pm-et,DOWN,88199961804963316989575823589765327966215816745869924008829491301906775424924,1756151162,2025-08-25 19:46:02,0.5
bitcoin-up-or-down-august-27-9pm-et,DOWN,88199961804963316989575823589765327966215816745869924008829491301906775424924,1756151222,2025-08-25 19:47:02,0.5
bitcoin-up-or-down-august-27-9pm-et,DOWN,88199961804963316989575823589765327966215816745869924008829491301906775424924,1756151282,2025-08-25 19:48:02,0.5
bitcoin-up-or-down-august-27-9pm-et,DOWN,88199961804963316989575823589765327966215816745869924008829491301906775424924,1756151343,2025-08-25 19:49:03,0.5
bitcoin-up-or-down-august-27-9pm-et,DOWN,88199961804963316989575823589765327966215816745869924008829491301906775424924,1756151402,2025-08-25 19:50:02,0.5
bitcoin-up-or-down-august-27-9pm-et,DOWN,88199961804963316989575823589765327966215816745869924008829491301906775424924,1756151464,2025-08-25 19:51:04,0.5
bitcoin-up-or-down-august-27-9pm-et,DOWN,88199961804963316989575823589765327966215816745869924008829491301906775424924,1756151522,2025-08-25 19:52:02,0.5
bitcoin-up-or-down-august-27-9pm-et,DOWN,88199961804963316989575823589765327966215816745869924008829491301906775424924,1756151585,2025-08-25 19:53:05,0.5
bitcoin-up-or-down-august-27-9pm-et,DOWN,88199961804963316989575823589765327966215816745869924008829491301906775424924,1756151642,2025-08-25 19:54:02,0.5
bitcoin-up-or-down-august-27-9pm-et,DOWN,88199961804963316989575823589765327966215816745869924008829491301906775424924,1756151704,2025-08-25 19:55:04,0.5
bitcoin-up-or-down-august-27-9pm-et,DOWN,88199961804963316989575823589765327966215816745869924008829491301906775424924,1756151762,2025-08-25 19:56:02,0.5
bitcoin-up-or-down-august-27-9pm-et,DOWN,88199961804963316989575823589765327966215816745869924008829491301906775424924,1756151823,2025-08-25 19:57:03,0.5
bitcoin-up-or-down-august-27-9pm-et,DOWN,88199961804963316989575823589765327966215816745869924008829491301906775424924,1756151882,2025-08-25 19:58:02,0.5
bitcoin-up-or-down-august-27-9pm-et,DOWN,88199961804963316989575823589765327966215816745869924008829491301906775424924,1756151943,2025-08-25 19:59:03,0.5
bitcoin-up-or-down-august-27-9pm-et,DOWN,88199961804963316989575823589765327966215816745869924008829491301906775424924,1756152002,2025-08-25 20:00:02,0.5
bitcoin-up-or-down-august-27-9pm-et,DOWN,88199961804963316989575823589765327966215816745869924008829491301906775424924,1756152062,2025-08-25 20:01:02,0.5
bitcoin-up-or-down-august-27-9pm-et,DOWN,88199961804963316989575823589765327966215816745869924008829491301906775424924,1756152123,2025-08-25 20:02:03,0.5
bitcoin-up-or-down-august-27-9pm-et,DOWN,88199961804963316989575823589765327966215816745869924008829491301906775424924,1756152183,2025-08-25 20:03:03,0.5
bitcoin-up-or-down-august-27-9pm-et,DOWN,88199961804963316989575823589765327966215816745869924008829491301906775424924,1756152243,2025-08-25 20:04:03,0.5
bitcoin-up-or-down-august-27-9pm-et,DOWN,88199961804963316989575823589765327966215816745869924008829491301906775424924,1756152303,2025-08-25 20:05:03,0.5
bitcoin-up-or-down-august-27-9pm-et,DOWN,88199961804963316989575823589765327966215816745869924008829491301906775424924,1756152362,2025-08-25 20:06:02,0.5
bitcoin-up-or-down-august-27-9pm-et,DOWN,88199961804963316989575823589765327966215816745869924008829491301906775424924,1756152423,2025-08-25 20:07:03,0.5
bitcoin-up-or-down-august-27-9pm-et,DOWN,88199961804963316989575823589765327966215816745869924008829491301906775424924,1756152482,2025-08-25 20:08:02,0.5
bitcoin-up-or-down-august-27-9pm-et,DOWN,88199961804963316989575823589765327966215816745869924008829491301906775424924,1756152543,2025-08-25 20:09:03,0.5
bitcoin-up-or-down-august-27-9pm-et,DOWN,88199961804963316989575823589765327966215816745869924008829491301906775424924,1756152604,2025-08-25 20:10:04,0.5
bitcoin-up-or-down-august-27-9pm-et,DOWN,88199961804963316989575823589765327966215816745869924008829491301906775424924,1756152663,2025-08-25 20:11:03,0.5
bitcoin-up-or-down-august-27-9pm-et,DOWN,88199961804963316989575823589765327966215816745869924008829491301906775424924,1756152722,2025-08-25 20:12:02,0.5
bitcoin-up-or-down-august-27-9pm-et,DOWN,88199961804963316989575823589765327966215816745869924008829491301906775424924,1756152782,2025-08-25 20:13:02,0.5
bitcoin-up-or-down-august-27-9pm-et,DOWN,88199961804963316989575823589765327966215816745869924008829491301906775424924,1756152843,2025-08-25 20:14:03,0.5
bitcoin-up-or-down-august-27-9pm-et,DOWN,88199961804963316989575823589765327966215816745869924008829491301906775424924,1756152904,2025-08-25 20:15:04,0.5
bitcoin-up-or-down-august-27-9pm-et,DOWN,88199961804963316989575823589765327966215816745869924008829491301906775424924,1756152962,2025-08-25 20:16:02,0.5
bitcoin-up-or-down-august-27-9pm-et,DOWN,88199961804963316989575823589765327966215816745869924008829491301906775424924,1756153023,2025-08-25 20:17:03,0.5
bitcoin-up-or-down-august-27-9pm-et,DOWN,88199961804963316989575823589765327966215816745869924008829491301906775424924,1756153082,2025-08-25 20:18:02,0.5
bitcoin-up-or-down-august-27-9pm-et,DOWN,88199961804963316989575823589765327966215816745869924008829491301906775424924,1756153142,2025-08-25 20:19:02,0.5
bitcoin-up-or-down-august-27-9pm-et,DOWN,88199961804963316989575823589765327966215816745869924008829491301906775424924,1756153204,2025-08-25 20:20:04,0.5
bitcoin-up-or-down-august-27-9pm-et,DOWN,88199961804963316989575823589765327966215816745869924008829491301906775424924,1756153263,2025-08-25 20:21:03,0.5
bitcoin-up-or-down-august-27-9pm-et,DOWN,88199961804963316989575823589765327966215816745869924008829491301906775424924,1756153323,2025-08-25 20:22:03,0.5
bitcoin-up-or-down-august-27-9pm-et,DOWN,88199961804963316989575823589765327966215816745869924008829491301906775424924,1756153383,2025-08-25 20:23:03,0.5
bitcoin-up-or-down-august-27-9pm-et,DOWN,88199961804963316989575823589765327966215816745869924008829491301906775424924,1756153443,2025-08-25 20:24:03,0.5
bitcoin-up-or-down-august-27-9pm-et,DOWN,88199961804963316989575823589765327966215816745869924008829491301906775424924,1756153504,2025-08-25 20:25:04,0.5
bitcoin-up-or-down-august-27-9pm-et,DOWN,88199961804963316989575823589765327966215816745869924008829491301906775424924,1756153562,2025-08-25 20:26:02,0.5
bitcoin-up-or-down-august-27-9pm-et,DOWN,88199961804963316989575823589765327966215816745869924008829491301906775424924,1756153626,2025-08-25 20:27:06,0.5
bitcoin-up-or-down-august-27-9pm-et,DOWN,88199961804963316989575823589765327966215816745869924008829491301906775424924,1756153683,2025-08-25 20:28:03,0.5
bitcoin-up-or-down-august-27-9pm-et,DOWN,88199961804963316989575823589765327966215816745869924008829491301906775424924,1756153743,2025-08-25 20:29:03,0.5
bitcoin-up-or-down-august-27-9pm-et,DOWN,88199961804963316989575823589765327966215816745869924008829491301906775424924,1756153807,2025-08-25 20:30:07,0.5
bitcoin-up-or-down-august-27-9pm-et,DOWN,88199961804963316989575823589765327966215816745869924008829491301906775424924,1756153862,2025-08-25 20:31:02,0.5
bitcoin-up-or-down-august-27-9pm-et,DOWN,88199961804963316989575823589765327966215816745869924008829491301906775424924,1756153923,2025-08-25 20:32:03,0.5
bitcoin-up-or-down-august-27-9pm-et,DOWN,88199961804963316989575823589765327966215816745869924008829491301906775424924,1756153982,2025-08-25 20:33:02,0.5
bitcoin-up-or-down-august-27-9pm-et,DOWN,88199961804963316989575823589765327966215816745869924008829491301906775424924,1756154043,2025-08-25 20:34:03,0.5
bitcoin-up-or-down-august-27-9pm-et,DOWN,88199961804963316989575823589765327966215816745869924008829491301906775424924,1756154103,2025-08-25 20:35:03,0.5
bitcoin-up-or-down-august-27-9pm-et,DOWN,88199961804963316989575823589765327966215816745869924008829491301906775424924,1756154162,2025-08-25 20:36:02,0.5
bitcoin-up-or-down-august-27-9pm-et,DOWN,88199961804963316989575823589765327966215816745869924008829491301906775424924,1756154223,2025-08-25 20:37:03,0.5
bitcoin-up-or-down-august-27-9pm-et,DOWN,88199961804963316989575823589765327966215816745869924008829491301906775424924,1756154282,2025-08-25 20:38:02,0.5
bitcoin-up-or-down-august-27-9pm-et,DOWN,88199961804963316989575823589765327966215816745869924008829491301906775424924,1756154343,2025-08-25 20:39:03,0.5
bitcoin-up-or-down-august-27-9pm-et,DOWN,88199961804963316989575823589765327966215816745869924008829491301906775424924,1756154404,2025-08-25 20:40:04,0.5
bitcoin-up-or-down-august-27-9pm-et,DOWN,88199961804963316989575823589765327966215816745869924008829491301906775424924,1756154463,2025-08-25 20:41:03,0.5
bitcoin-up-or-down-august-27-9pm-et,DOWN,88199961804963316989575823589765327966215816745869924008829491301906775424924,1756154522,2025-08-25 20:42:02,0.5
bitcoin-up-or-down-august-27-9pm-et,DOWN,88199961804963316989575823589765327966215816745869924008829491301906775424924,1756154582,2025-08-25 20:43:02,0.5
bitcoin-up-or-down-august-27-9pm-et,DOWN,88199961804963316989575823589765327966215816745869924008829491301906775424924,1756154643,2025-08-25 20:44:03,0.5
bitcoin-up-or-down-august-27-9pm-et,DOWN,88199961804963316989575823589765327966215816745869924008829491301906775424924,1756154704,2025-08-25 20:45:04,0.5
bitcoin-up-or-down-august-27-9pm-et,DOWN,88199961804963316989575823589765327966215816745869924008829491301906775424924,1756154762,2025-08-25 20:46:02,0.5
bitcoin-up-or-down-august-27-9pm-et,DOWN,88199961804963316989575823589765327966215816745869924008829491301906775424924,1756154823,2025-08-25 20:47:03,0.5
bitcoin-up-or-down-august-27-9pm-et,DOWN,88199961804963316989575823589765327966215816745869924008829491301906775424924,1756154882,2025-08-25 20:48:02,0.5
bitcoin-up-or-down-august-27-9pm-et,DOWN,88199961804963316989575823589765327966215816745869924008829491301906775424924,1756154942,2025-08-25 20:49:02,0.5
bitcoin-up-or-down-august-27-9pm-et,DOWN,88199961804963316989575823589765327966215816745869924008829491301906775424924,1756155003,2025-08-25 20:50:03,0.5
bitcoin-up-or-down-august-27-9pm-et,DOWN,88199961804963316989575823589765327966215816745869924008829491301906775424924,1756155062,2025-08-25 20:51:02,0.5
bitcoin-up-or-down-august-27-9pm-et,DOWN,88199961804963316989575823589765327966215816745869924008829491301906775424924,1756155122,2025-08-25 20:52:02,0.5
bitcoin-up-or-down-august-27-9pm-et,DOWN,88199961804963316989575823589765327966215816745869924008829491301906775424924,1756155187,2025-08-25 20:53:07,0.5
bitcoin-up-or-down-august-27-9pm-et,DOWN,88199961804963316989575823589765327966215816745869924008829491301906775424924,1756155243,2025-08-25 20:54:03,0.5
bitcoin-up-or-down-august-27-9pm-et,DOWN,88199961804963316989575823589765327966215816745869924008829491301906775424924,1756155303,2025-08-25 20:55:03,0.5
bitcoin-up-or-down-august-27-9pm-et,DOWN,88199961804963316989575823589765327966215816745869924008829491301906775424924,1756155362,2025-08-25 20:56:02,0.5
bitcoin-up-or-down-august-27-9pm-et,DOWN,88199961804963316989575823589765327966215816745869924008829491301906775424924,1756155422,2025-08-25 20:57:02,0.5
bitcoin-up-or-down-august-27-9pm-et,DOWN,88199961804963316989575823589765327966215816745869924008829491301906775424924,1756155484,2025-08-25 20:58:04,0.5
bitcoin-up-or-down-august-27-9pm-et,DOWN,88199961804963316989575823589765327966215816745869924008829491301906775424924,1756155542,2025-08-25 20:59:02,0.5
bitcoin-up-or-down-august-27-9pm-et,DOWN,88199961804963316989575823589765327966215816745869924008829491301906775424924,1756155617,2025-08-25 21:00:17,0.5
bitcoin-up-or-down-august-27-9pm-et,DOWN,88199961804963316989575823589765327966215816745869924008829491301906775424924,1756155663,2025-08-25 21:01:03,0.5
bitcoin-up-or-down-august-27-9pm-et,DOWN,88199961804963316989575823589765327966215816745869924008829491301906775424924,1756155723,2025-08-25 21:02:03,0.5
bitcoin-up-or-down-august-27-9pm-et,DOWN,88199961804963316989575823589765327966215816745869924008829491301906775424924,1756155785,2025-08-25 21:03:05,0.5
bitcoin-up-or-down-august-27-9pm-et,DOWN,88199961804963316989575823589765327966215816745869924008829491301906775424924,1756155842,2025-08-25 21:04:02,0.5
bitcoin-up-or-down-august-27-9pm-et,DOWN,88199961804963316989575823589765327966215816745869924008829491301906775424924,1756155902,2025-08-25 21:05:02,0.5
bitcoin-up-or-down-august-27-9pm-et,DOWN,88199961804963316989575823589765327966215816745869924008829491301906775424924,1756155963,2025-08-25 21:06:03,0.5
bitcoin-up-or-down-august-27-9pm-et,DOWN,88199961804963316989575823589765327966215816745869924008829491301906775424924,1756156023,2025-08-25 21:07:03,0.5
bitcoin-up-or-down-august-27-9pm-et,DOWN,88199961804963316989575823589765327966215816745869924008829491301906775424924,1756156083,2025-08-25 21:08:03,0.5
bitcoin-up-or-down-august-27-9pm-et,DOWN,88199961804963316989575823589765327966215816745869924008829491301906775424924,1756156143,2025-08-25 21:09:03,0.5
bitcoin-up-or-down-august-27-9pm-et,DOWN,88199961804963316989575823589765327966215816745869924008829491301906775424924,1756156204,2025-08-25 21:10:04,0.5
bitcoin-up-or-down-august-27-9pm-et,DOWN,88199961804963316989575823589765327966215816745869924008829491301906775424924,1756156264,2025-08-25 21:11:04,0.5
bitcoin-up-or-down-august-27-9pm-et,DOWN,88199961804963316989575823589765327966215816745869924008829491301906775424924,1756156322,2025-08-25 21:12:02,0.5
bitcoin-up-or-down-august-27-9pm-et,DOWN,88199961804963316989575823589765327966215816745869924008829491301906775424924,1756156383,2025-08-25 21:13:03,0.5
bitcoin-up-or-down-august-27-9pm-et,DOWN,88199961804963316989575823589765327966215816745869924008829491301906775424924,1756156443,2025-08-25 21:14:03,0.5
bitcoin-up-or-down-august-27-9pm-et,DOWN,88199961804963316989575823589765327966215816745869924008829491301906775424924,1756156504,2025-08-25 21:15:04,0.5
bitcoin-up-or-down-august-27-9pm-et,DOWN,88199961804963316989575823589765327966215816745869924008829491301906775424924,1756156564,2025-08-25 21:16:04,0.5
bitcoin-up-or-down-august-27-9pm-et,DOWN,88199961804963316989575823589765327966215816745869924008829491301906775424924,1756156624,2025-08-25 21:17:04,0.5
bitcoin-up-or-down-august-27-9pm-et,DOWN,88199961804963316989575823589765327966215816745869924008829491301906775424924,1756156683,2025-08-25 21:18:03,0.5
bitcoin-up-or-down-august-27-9pm-et,DOWN,88199961804963316989575823589765327966215816745869924008829491301906775424924,1756156743,2025-08-25 21:19:03,0.5
bitcoin-up-or-down-august-27-9pm-et,DOWN,88199961804963316989575823589765327966215816745869924008829491301906775424924,1756156804,2025-08-25 21:20:04,0.5
bitcoin-up-or-down-august-27-9pm-et,DOWN,88199961804963316989575823589765327966215816745869924008829491301906775424924,1756156862,2025-08-25 21:21:02,0.5
bitcoin-up-or-down-august-27-9pm-et,DOWN,88199961804963316989575823589765327966215816745869924008829491301906775424924,1756156922,2025-08-25 21:22:02,0.5
bitcoin-up-or-down-august-27-9pm-et,DOWN,88199961804963316989575823589765327966215816745869924008829491301906775424924,1756156982,2025-08-25 21:23:02,0.5
bitcoin-up-or-down-august-27-9pm-et,DOWN,88199961804963316989575823589765327966215816745869924008829491301906775424924,1756157043,2025-08-25 21:24:03,0.5
bitcoin-up-or-down-august-27-9pm-et,DOWN,88199961804963316989575823589765327966215816745869924008829491301906775424924,1756157103,2025-08-25 21:25:03,0.5
bitcoin-up-or-down-august-27-9pm-et,DOWN,88199961804963316989575823589765327966215816745869924008829491301906775424924,1756157162,2025-08-25 21:26:02,0.5
bitcoin-up-or-down-august-27-9pm-et,DOWN,88199961804963316989575823589765327966215816745869924008829491301906775424924,1756157222,2025-08-25 21:27:02,0.5
bitcoin-up-or-down-august-27-9pm-et,DOWN,88199961804963316989575823589765327966215816745869924008829491301906775424924,1756157282,2025-08-25 21:28:02,0.5
bitcoin-up-or-down-august-27-9pm-et,DOWN,88199961804963316989575823589765327966215816745869924008829491301906775424924,1756157343,2025-08-25 21:29:03,0.5
bitcoin-up-or-down-august-27-9pm-et,DOWN,88199961804963316989575823589765327966215816745869924008829491301906775424924,1756157406,2025-08-25 21:30:06,0.5
bitcoin-up-or-down-august-27-9pm-et,DOWN,88199961804963316989575823589765327966215816745869924008829491301906775424924,1756157462,2025-08-25 21:31:02,0.5
bitcoin-up-or-down-august-27-9pm-et,DOWN,88199961804963316989575823589765327966215816745869924008829491301906775424924,1756157523,2025-08-25 21:32:03,0.5
bitcoin-up-or-down-august-27-9pm-et,DOWN,88199961804963316989575823589765327966215816745869924008829491301906775424924,1756157583,2025-08-25 21:33:03,0.5
bitcoin-up-or-down-august-27-9pm-et,DOWN,88199961804963316989575823589765327966215816745869924008829491301906775424924,1756157642,2025-08-25 21:34:02,0.5
bitcoin-up-or-down-august-27-9pm-et,DOWN,88199961804963316989575823589765327966215816745869924008829491301906775424924,1756157702,2025-08-25 21:35:02,0.5
bitcoin-up-or-down-august-27-9pm-et,DOWN,88199961804963316989575823589765327966215816745869924008829491301906775424924,1756157763,2025-08-25 21:36:03,0.5
bitcoin-up-or-down-august-27-9pm-et,DOWN,88199961804963316989575823589765327966215816745869924008829491301906775424924,1756157822,2025-08-25 21:37:02,0.5
bitcoin-up-or-down-august-27-9pm-et,DOWN,88199961804963316989575823589765327966215816745869924008829491301906775424924,1756157882,2025-08-25 21:38:02,0.5
bitcoin-up-or-down-august-27-9pm-et,DOWN,88199961804963316989575823589765327966215816745869924008829491301906775424924,1756157942,2025-08-25 21:39:02,0.5
bitcoin-up-or-down-august-27-9pm-et,DOWN,88199961804963316989575823589765327966215816745869924008829491301906775424924,1756158004,2025-08-25 21:40:04,0.5
bitcoin-up-or-down-august-27-9pm-et,DOWN,88199961804963316989575823589765327966215816745869924008829491301906775424924,1756158062,2025-08-25 21:41:02,0.5
bitcoin-up-or-down-august-27-9pm-et,DOWN,88199961804963316989575823589765327966215816745869924008829491301906775424924,1756158122,2025-08-25 21:42:02,0.5
bitcoin-up-or-down-august-27-9pm-et,DOWN,88199961804963316989575823589765327966215816745869924008829491301906775424924,1756158182,2025-08-25 21:43:02,0.5
bitcoin-up-or-down-august-27-9pm-et,DOWN,88199961804963316989575823589765327966215816745869924008829491301906775424924,1756158243,2025-08-25 21:44:03,0.5
bitcoin-up-or-down-august-27-9pm-et,DOWN,88199961804963316989575823589765327966215816745869924008829491301906775424924,1756158304,2025-08-25 21:45:04,0.5
bitcoin-up-or-down-august-27-9pm-et,DOWN,88199961804963316989575823589765327966215816745869924008829491301906775424924,1756158363,2025-08-25 21:46:03,0.5
bitcoin-up-or-down-august-27-9pm-et,DOWN,88199961804963316989575823589765327966215816745869924008829491301906775424924,1756158423,2025-08-25 21:47:03,0.5
bitcoin-up-or-down-august-27-9pm-et,DOWN,88199961804963316989575823589765327966215816745869924008829491301906775424924,1756158483,2025-08-25 21:48:03,0.5
bitcoin-up-or-down-august-27-9pm-et,DOWN,88199961804963316989575823589765327966215816745869924008829491301906775424924,1756158543,2025-08-25 21:49:03,0.5
bitcoin-up-or-down-august-27-9pm-et,DOWN,88199961804963316989575823589765327966215816745869924008829491301906775424924,1756158603,2025-08-25 21:50:03,0.5
bitcoin-up-or-down-august-27-9pm-et,DOWN,88199961804963316989575823589765327966215816745869924008829491301906775424924,1756158662,2025-08-25 21:51:02,0.5
bitcoin-up-or-down-august-27-9pm-et,DOWN,88199961804963316989575823589765327966215816745869924008829491301906775424924,1756158722,2025-08-25 21:52:02,0.5
bitcoin-up-or-down-august-27-9pm-et,DOWN,88199961804963316989575823589765327966215816745869924008829491301906775424924,1756158784,2025-08-25 21:53:04,0.5
bitcoin-up-or-down-august-27-9pm-et,DOWN,88199961804963316989575823589765327966215816745869924008829491301906775424924,1756158843,2025-08-25 21:54:03,0.5
bitcoin-up-or-down-august-27-9pm-et,DOWN,88199961804963316989575823589765327966215816745869924008829491301906775424924,1756158903,2025-08-25 21:55:03,0.5
bitcoin-up-or-down-august-27-9pm-et,DOWN,88199961804963316989575823589765327966215816745869924008829491301906775424924,1756158962,2025-08-25 21:56:02,0.5
bitcoin-up-or-down-august-27-9pm-et,DOWN,88199961804963316989575823589765327966215816745869924008829491301906775424924,1756159022,2025-08-25 21:57:02,0.5
bitcoin-up-or-down-august-27-9pm-et,DOWN,88199961804963316989575823589765327966215816745869924008829491301906775424924,1756159084,2025-08-25 21:58:04,0.5
bitcoin-up-or-down-august-27-9pm-et,DOWN,88199961804963316989575823589765327966215816745869924008829491301906775424924,1756159142,2025-08-25 21:59:02,0.5
bitcoin-up-or-down-august-27-9pm-et,DOWN,88199961804963316989575823589765327966215816745869924008829491301906775424924,1756159207,2025-08-25 22:00:07,0.5
bitcoin-up-or-down-august-27-9pm-et,DOWN,88199961804963316989575823589765327966215816745869924008829491301906775424924,1756159262,2025-08-25 22:01:02,0.5
bitcoin-up-or-down-august-27-9pm-et,DOWN,88199961804963316989575823589765327966215816745869924008829491301906775424924,1756159323,2025-08-25 22:02:03,0.5
bitcoin-up-or-down-august-27-9pm-et,DOWN,88199961804963316989575823589765327966215816745869924008829491301906775424924,1756159384,2025-08-25 22:03:04,0.5
bitcoin-up-or-down-august-27-9pm-et,DOWN,88199961804963316989575823589765327966215816745869924008829491301906775424924,1756159443,2025-08-25 22:04:03,0.5
bitcoin-up-or-down-august-27-9pm-et,DOWN,88199961804963316989575823589765327966215816745869924008829491301906775424924,1756159503,2025-08-25 22:05:03,0.5
bitcoin-up-or-down-august-27-9pm-et,DOWN,88199961804963316989575823589765327966215816745869924008829491301906775424924,1756159563,2025-08-25 22:06:03,0.5
bitcoin-up-or-down-august-27-9pm-et,DOWN,88199961804963316989575823589765327966215816745869924008829491301906775424924,1756159623,2025-08-25 22:07:03,0.5
bitcoin-up-or-down-august-27-9pm-et,DOWN,88199961804963316989575823589765327966215816745869924008829491301906775424924,1756159682,2025-08-25 22:08:02,0.5
bitcoin-up-or-down-august-27-9pm-et,DOWN,88199961804963316989575823589765327966215816745869924008829491301906775424924,1756159743,2025-08-25 22:09:03,0.5
bitcoin-up-or-down-august-27-9pm-et,DOWN,88199961804963316989575823589765327966215816745869924008829491301906775424924,1756159804,2025-08-25 22:10:04,0.5
bitcoin-up-or-down-august-27-9pm-et,DOWN,88199961804963316989575823589765327966215816745869924008829491301906775424924,1756159862,2025-08-25 22:11:02,0.5
bitcoin-up-or-down-august-27-9pm-et,DOWN,88199961804963316989575823589765327966215816745869924008829491301906775424924,1756159923,2025-08-25 22:12:03,0.5
bitcoin-up-or-down-august-27-9pm-et,DOWN,88199961804963316989575823589765327966215816745869924008829491301906775424924,1756159982,2025-08-25 22:13:02,0.5
bitcoin-up-or-down-august-27-9pm-et,DOWN,88199961804963316989575823589765327966215816745869924008829491301906775424924,1756160042,2025-08-25 22:14:02,0.5
bitcoin-up-or-down-august-27-9pm-et,DOWN,88199961804963316989575823589765327966215816745869924008829491301906775424924,1756160103,2025-08-25 22:15:03,0.5
bitcoin-up-or-down-august-27-9pm-et,DOWN,88199961804963316989575823589765327966215816745869924008829491301906775424924,1756160163,2025-08-25 22:16:03,0.5
bitcoin-up-or-down-august-27-9pm-et,DOWN,88199961804963316989575823589765327966215816745869924008829491301906775424924,1756160223,2025-08-25 22:17:03,0.5
bitcoin-up-or-down-august-27-9pm-et,DOWN,88199961804963316989575823589765327966215816745869924008829491301906775424924,1756160283,2025-08-25 22:18:03,0.5
bitcoin-up-or-down-august-27-9pm-et,DOWN,88199961804963316989575823589765327966215816745869924008829491301906775424924,1756160343,2025-08-25 22:19:03,0.5
bitcoin-up-or-down-august-27-9pm-et,DOWN,88199961804963316989575823589765327966215816745869924008829491301906775424924,1756160404,2025-08-25 22:20:04,0.5
bitcoin-up-or-down-august-27-9pm-et,DOWN,88199961804963316989575823589765327966215816745869924008829491301906775424924,1756160462,2025-08-25 22:21:02,0.5
bitcoin-up-or-down-august-27-9pm-et,DOWN,88199961804963316989575823589765327966215816745869924008829491301906775424924,1756160522,2025-08-25 22:22:02,0.5
bitcoin-up-or-down-august-27-9pm-et,DOWN,88199961804963316989575823589765327966215816745869924008829491301906775424924,1756160583,2025-08-25 22:23:03,0.5
bitcoin-up-or-down-august-27-9pm-et,DOWN,88199961804963316989575823589765327966215816745869924008829491301906775424924,1756160642,2025-08-25 22:24:02,0.5
bitcoin-up-or-down-august-27-9pm-et,DOWN,88199961804963316989575823589765327966215816745869924008829491301906775424924,1756160703,2025-08-25 22:25:03,0.5
bitcoin-up-or-down-august-27-9pm-et,DOWN,88199961804963316989575823589765327966215816745869924008829491301906775424924,1756160766,2025-08-25 22:26:06,0.5
bitcoin-up-or-down-august-27-9pm-et,DOWN,88199961804963316989575823589765327966215816745869924008829491301906775424924,1756160822,2025-08-25 22:27:02,0.5
bitcoin-up-or-down-august-27-9pm-et,DOWN,88199961804963316989575823589765327966215816745869924008829491301906775424924,1756160883,2025-08-25 22:28:03,0.5
bitcoin-up-or-down-august-27-9pm-et,DOWN,88199961804963316989575823589765327966215816745869924008829491301906775424924,1756160943,2025-08-25 22:29:03,0.5
bitcoin-up-or-down-august-27-9pm-et,DOWN,88199961804963316989575823589765327966215816745869924008829491301906775424924,1756161004,2025-08-25 22:30:04,0.5
bitcoin-up-or-down-august-27-9pm-et,DOWN,88199961804963316989575823589765327966215816745869924008829491301906775424924,1756161062,2025-08-25 22:31:02,0.5
bitcoin-up-or-down-august-27-9pm-et,DOWN,88199961804963316989575823589765327966215816745869924008829491301906775424924,1756161122,2025-08-25 22:32:02,0.5
bitcoin-up-or-down-august-27-9pm-et,DOWN,88199961804963316989575823589765327966215816745869924008829491301906775424924,1756161182,2025-08-25 22:33:02,0.5
bitcoin-up-or-down-august-27-9pm-et,DOWN,88199961804963316989575823589765327966215816745869924008829491301906775424924,1756161243,2025-08-25 22:34:03,0.5
bitcoin-up-or-down-august-27-9pm-et,DOWN,88199961804963316989575823589765327966215816745869924008829491301906775424924,1756161302,2025-08-25 22:35:02,0.5
bitcoin-up-or-down-august-27-9pm-et,DOWN,88199961804963316989575823589765327966215816745869924008829491301906775424924,1756161362,2025-08-25 22:36:02,0.5
bitcoin-up-or-down-august-27-9pm-et,DOWN,88199961804963316989575823589765327966215816745869924008829491301906775424924,1756161422,2025-08-25 22:37:02,0.5
bitcoin-up-or-down-august-27-9pm-et,DOWN,88199961804963316989575823589765327966215816745869924008829491301906775424924,1756161482,2025-08-25 22:38:02,0.5
bitcoin-up-or-down-august-27-9pm-et,DOWN,88199961804963316989575823589765327966215816745869924008829491301906775424924,1756161542,2025-08-25 22:39:02,0.5
bitcoin-up-or-down-august-27-9pm-et,DOWN,88199961804963316989575823589765327966215816745869924008829491301906775424924,1756161602,2025-08-25 22:40:02,0.5
bitcoin-up-or-down-august-27-9pm-et,DOWN,88199961804963316989575823589765327966215816745869924008829491301906775424924,1756161663,2025-08-25 22:41:03,0.5
bitcoin-up-or-down-august-27-9pm-et,DOWN,88199961804963316989575823589765327966215816745869924008829491301906775424924,1756161722,2025-08-25 22:42:02,0.5
bitcoin-up-or-down-august-27-9pm-et,DOWN,88199961804963316989575823589765327966215816745869924008829491301906775424924,1756161783,2025-08-25 22:43:03,0.5
bitcoin-up-or-down-august-27-9pm-et,DOWN,88199961804963316989575823589765327966215816745869924008829491301906775424924,1756161843,2025-08-25 22:44:03,0.5
bitcoin-up-or-down-august-27-9pm-et,DOWN,88199961804963316989575823589765327966215816745869924008829491301906775424924,1756161903,2025-08-25 22:45:03,0.5
bitcoin-up-or-down-august-27-9pm-et,DOWN,88199961804963316989575823589765327966215816745869924008829491301906775424924,1756161963,2025-08-25 22:46:03,0.5
bitcoin-up-or-down-august-27-9pm-et,DOWN,88199961804963316989575823589765327966215816745869924008829491301906775424924,1756162024,2025-08-25 22:47:04,0.5
bitcoin-up-or-down-august-27-9pm-et,DOWN,88199961804963316989575823589765327966215816745869924008829491301906775424924,1756162083,2025-08-25 22:48:03,0.5
bitcoin-up-or-down-august-27-9pm-et,DOWN,88199961804963316989575823589765327966215816745869924008829491301906775424924,1756162142,2025-08-25 22:49:02,0.5
bitcoin-up-or-down-august-27-9pm-et,DOWN,88199961804963316989575823589765327966215816745869924008829491301906775424924,1756162202,2025-08-25 22:50:02,0.5
bitcoin-up-or-down-august-27-9pm-et,DOWN,88199961804963316989575823589765327966215816745869924008829491301906775424924,1756162262,2025-08-25 22:51:02,0.5
bitcoin-up-or-down-august-27-9pm-et,DOWN,88199961804963316989575823589765327966215816745869924008829491301906775424924,1756162332,2025-08-25 22:52:12,0.5
bitcoin-up-or-down-august-27-9pm-et,DOWN,88199961804963316989575823589765327966215816745869924008829491301906775424924,1756162383,2025-08-25 22:53:03,0.5
bitcoin-up-or-down-august-27-9pm-et,DOWN,88199961804963316989575823589765327966215816745869924008829491301906775424924,1756162443,2025-08-25 22:54:03,0.5
bitcoin-up-or-down-august-27-9pm-et,DOWN,88199961804963316989575823589765327966215816745869924008829491301906775424924,1756162504,2025-08-25 22:55:04,0.5
bitcoin-up-or-down-august-27-9pm-et,DOWN,88199961804963316989575823589765327966215816745869924008829491301906775424924,1756162562,2025-08-25 22:56:02,0.5
bitcoin-up-or-down-august-27-9pm-et,DOWN,88199961804963316989575823589765327966215816745869924008829491301906775424924,1756162623,2025-08-25 22:57:03,0.5
bitcoin-up-or-down-august-27-9pm-et,DOWN,88199961804963316989575823589765327966215816745869924008829491301906775424924,1756162683,2025-08-25 22:58:03,0.5
bitcoin-up-or-down-august-27-9pm-et,DOWN,88199961804963316989575823589765327966215816745869924008829491301906775424924,1756162743,2025-08-25 22:59:03,0.5
bitcoin-up-or-down-august-27-9pm-et,DOWN,88199961804963316989575823589765327966215816745869924008829491301906775424924,1756162810,2025-08-25 23:00:10,0.5
bitcoin-up-or-down-august-27-9pm-et,DOWN,88199961804963316989575823589765327966215816745869924008829491301906775424924,1756162863,2025-08-25 23:01:03,0.5
bitcoin-up-or-down-august-27-9pm-et,DOWN,88199961804963316989575823589765327966215816745869924008829491301906775424924,1756162922,2025-08-25 23:02:02,0.5
bitcoin-up-or-down-august-27-9pm-et,DOWN,88199961804963316989575823589765327966215816745869924008829491301906775424924,1756162982,2025-08-25 23:03:02,0.5
bitcoin-up-or-down-august-27-9pm-et,DOWN,88199961804963316989575823589765327966215816745869924008829491301906775424924,1756163042,2025-08-25 23:04:02,0.5
bitcoin-up-or-down-august-27-9pm-et,DOWN,88199961804963316989575823589765327966215816745869924008829491301906775424924,1756163104,2025-08-25 23:05:04,0.5
bitcoin-up-or-down-august-27-9pm-et,DOWN,88199961804963316989575823589765327966215816745869924008829491301906775424924,1756163163,2025-08-25 23:06:03,0.5
bitcoin-up-or-down-august-27-9pm-et,DOWN,88199961804963316989575823589765327966215816745869924008829491301906775424924,1756163222,2025-08-25 23:07:02,0.5
bitcoin-up-or-down-august-27-9pm-et,DOWN,88199961804963316989575823589765327966215816745869924008829491301906775424924,1756163282,2025-08-25 23:08:02,0.5
bitcoin-up-or-down-august-27-9pm-et,DOWN,88199961804963316989575823589765327966215816745869924008829491301906775424924,1756163342,2025-08-25 23:09:02,0.5
bitcoin-up-or-down-august-27-9pm-et,DOWN,88199961804963316989575823589765327966215816745869924008829491301906775424924,1756163403,2025-08-25 23:10:03,0.5
bitcoin-up-or-down-august-27-9pm-et,DOWN,88199961804963316989575823589765327966215816745869924008829491301906775424924,1756163463,2025-08-25 23:11:03,0.5
bitcoin-up-or-down-august-27-9pm-et,DOWN,88199961804963316989575823589765327966215816745869924008829491301906775424924,1756163523,2025-08-25 23:12:03,0.5
bitcoin-up-or-down-august-27-9pm-et,DOWN,88199961804963316989575823589765327966215816745869924008829491301906775424924,1756163582,2025-08-25 23:13:02,0.5
bitcoin-up-or-down-august-27-9pm-et,DOWN,88199961804963316989575823589765327966215816745869924008829491301906775424924,1756163643,2025-08-25 23:14:03,0.5
bitcoin-up-or-down-august-27-9pm-et,DOWN,88199961804963316989575823589765327966215816745869924008829491301906775424924,1756163702,2025-08-25 23:15:02,0.5
bitcoin-up-or-down-august-27-9pm-et,DOWN,88199961804963316989575823589765327966215816745869924008829491301906775424924,1756163763,2025-08-25 23:16:03,0.5
bitcoin-up-or-down-august-27-9pm-et,DOWN,88199961804963316989575823589765327966215816745869924008829491301906775424924,1756163823,2025-08-25 23:17:03,0.5
bitcoin-up-or-down-august-27-9pm-et,DOWN,88199961804963316989575823589765327966215816745869924008829491301906775424924,1756163882,2025-08-25 23:18:02,0.5
bitcoin-up-or-down-august-27-9pm-et,DOWN,88199961804963316989575823589765327966215816745869924008829491301906775424924,1756163942,2025-08-25 23:19:02,0.5
bitcoin-up-or-down-august-27-9pm-et,DOWN,88199961804963316989575823589765327966215816745869924008829491301906775424924,1756164005,2025-08-25 23:20:05,0.5
bitcoin-up-or-down-august-27-9pm-et,DOWN,88199961804963316989575823589765327966215816745869924008829491301906775424924,1756164063,2025-08-25 23:21:03,0.5
bitcoin-up-or-down-august-27-9pm-et,DOWN,88199961804963316989575823589765327966215816745869924008829491301906775424924,1756164122,2025-08-25 23:22:02,0.5
bitcoin-up-or-down-august-27-9pm-et,DOWN,88199961804963316989575823589765327966215816745869924008829491301906775424924,1756164183,2025-08-25 23:23:03,0.5
bitcoin-up-or-down-august-27-9pm-et,DOWN,88199961804963316989575823589765327966215816745869924008829491301906775424924,1756164242,2025-08-25 23:24:02,0.5
bitcoin-up-or-down-august-27-9pm-et,DOWN,88199961804963316989575823589765327966215816745869924008829491301906775424924,1756164303,2025-08-25 23:25:03,0.5
bitcoin-up-or-down-august-27-9pm-et,DOWN,88199961804963316989575823589765327966215816745869924008829491301906775424924,1756164365,2025-08-25 23:26:05,0.5
bitcoin-up-or-down-august-27-9pm-et,DOWN,88199961804963316989575823589765327966215816745869924008829491301906775424924,1756164422,2025-08-25 23:27:02,0.5
bitcoin-up-or-down-august-27-9pm-et,DOWN,88199961804963316989575823589765327966215816745869924008829491301906775424924,1756164482,2025-08-25 23:28:02,0.5
bitcoin-up-or-down-august-27-9pm-et,DOWN,88199961804963316989575823589765327966215816745869924008829491301906775424924,1756164543,2025-08-25 23:29:03,0.5
bitcoin-up-or-down-august-27-9pm-et,DOWN,88199961804963316989575823589765327966215816745869924008829491301906775424924,1756164602,2025-08-25 23:30:02,0.5
bitcoin-up-or-down-august-27-9pm-et,DOWN,88199961804963316989575823589765327966215816745869924008829491301906775424924,1756164663,2025-08-25 23:31:03,0.5
bitcoin-up-or-down-august-27-9pm-et,DOWN,88199961804963316989575823589765327966215816745869924008829491301906775424924,1756164722,2025-08-25 23:32:02,0.5
bitcoin-up-or-down-august-27-9pm-et,DOWN,88199961804963316989575823589765327966215816745869924008829491301906775424924,1756164783,2025-08-25 23:33:03,0.5
bitcoin-up-or-down-august-27-9pm-et,DOWN,88199961804963316989575823589765327966215816745869924008829491301906775424924,1756164842,2025-08-25 23:34:02,0.5
bitcoin-up-or-down-august-27-9pm-et,DOWN,88199961804963316989575823589765327966215816745869924008829491301906775424924,1756164903,2025-08-25 23:35:03,0.5
bitcoin-up-or-down-august-27-9pm-et,DOWN,88199961804963316989575823589765327966215816745869924008829491301906775424924,1756164964,2025-08-25 23:36:04,0.5
bitcoin-up-or-down-august-27-9pm-et,DOWN,88199961804963316989575823589765327966215816745869924008829491301906775424924,1756165023,2025-08-25 23:37:03,0.5
bitcoin-up-or-down-august-27-9pm-et,DOWN,88199961804963316989575823589765327966215816745869924008829491301906775424924,1756165082,2025-08-25 23:38:02,0.5
bitcoin-up-or-down-august-27-9pm-et,DOWN,88199961804963316989575823589765327966215816745869924008829491301906775424924,1756165143,2025-08-25 23:39:03,0.5
bitcoin-up-or-down-august-27-9pm-et,DOWN,88199961804963316989575823589765327966215816745869924008829491301906775424924,1756165204,2025-08-25 23:40:04,0.5
bitcoin-up-or-down-august-27-9pm-et,DOWN,88199961804963316989575823589765327966215816745869924008829491301906775424924,1756165263,2025-08-25 23:41:03,0.5
bitcoin-up-or-down-august-27-9pm-et,DOWN,88199961804963316989575823589765327966215816745869924008829491301906775424924,1756165322,2025-08-25 23:42:02,0.5
bitcoin-up-or-down-august-27-9pm-et,DOWN,88199961804963316989575823589765327966215816745869924008829491301906775424924,1756165383,2025-08-25 23:43:03,0.5
bitcoin-up-or-down-august-27-9pm-et,DOWN,88199961804963316989575823589765327966215816745869924008829491301906775424924,1756165443,2025-08-25 23:44:03,0.5
bitcoin-up-or-down-august-27-9pm-et,DOWN,88199961804963316989575823589765327966215816745869924008829491301906775424924,1756165503,2025-08-25 23:45:03,0.5
bitcoin-up-or-down-august-27-9pm-et,DOWN,88199961804963316989575823589765327966215816745869924008829491301906775424924,1756165563,2025-08-25 23:46:03,0.5
bitcoin-up-or-down-august-27-9pm-et,DOWN,88199961804963316989575823589765327966215816745869924008829491301906775424924,1756165623,2025-08-25 23:47:03,0.5
bitcoin-up-or-down-august-27-9pm-et,DOWN,88199961804963316989575823589765327966215816745869924008829491301906775424924,1756165683,2025-08-25 23:48:03,0.5
bitcoin-up-or-down-august-27-9pm-et,DOWN,88199961804963316989575823589765327966215816745869924008829491301906775424924,1756165743,2025-08-25 23:49:03,0.5
bitcoin-up-or-down-august-27-9pm-et,DOWN,88199961804963316989575823589765327966215816745869924008829491301906775424924,1756165804,2025-08-25 23:50:04,0.5
bitcoin-up-or-down-august-27-9pm-et,DOWN,88199961804963316989575823589765327966215816745869924008829491301906775424924,1756165863,2025-08-25 23:51:03,0.5
bitcoin-up-or-down-august-27-9pm-et,DOWN,88199961804963316989575823589765327966215816745869924008829491301906775424924,1756165926,2025-08-25 23:52:06,0.5
bitcoin-up-or-down-august-27-9pm-et,DOWN,88199961804963316989575823589765327966215816745869924008829491301906775424924,1756165983,2025-08-25 23:53:03,0.5
bitcoin-up-or-down-august-27-9pm-et,DOWN,88199961804963316989575823589765327966215816745869924008829491301906775424924,1756166043,2025-08-25 23:54:03,0.5
bitcoin-up-or-down-august-27-9pm-et,DOWN,88199961804963316989575823589765327966215816745869924008829491301906775424924,1756166104,2025-08-25 23:55:04,0.5
bitcoin-up-or-down-august-27-9pm-et,DOWN,88199961804963316989575823589765327966215816745869924008829491301906775424924,1756166164,2025-08-25 23:56:04,0.5
bitcoin-up-or-down-august-27-9pm-et,DOWN,88199961804963316989575823589765327966215816745869924008829491301906775424924,1756166223,2025-08-25 23:57:03,0.5
bitcoin-up-or-down-august-27-9pm-et,DOWN,88199961804963316989575823589765327966215816745869924008829491301906775424924,1756166283,2025-08-25 23:58:03,0.5
bitcoin-up-or-down-august-27-9pm-et,DOWN,88199961804963316989575823589765327966215816745869924008829491301906775424924,1756166343,2025-08-25 23:59:03,0.5
bitcoin-up-or-down-august-27-9pm-et,DOWN,88199961804963316989575823589765327966215816745869924008829491301906775424924,1756166406,2025-08-26 00:00:06,0.5
bitcoin-up-or-down-august-27-9pm-et,DOWN,88199961804963316989575823589765327966215816745869924008829491301906775424924,1756166462,2025-08-26 00:01:02,0.5
bitcoin-up-or-down-august-27-9pm-et,DOWN,88199961804963316989575823589765327966215816745869924008829491301906775424924,1756166523,2025-08-26 00:02:03,0.5
bitcoin-up-or-down-august-27-9pm-et,DOWN,88199961804963316989575823589765327966215816745869924008829491301906775424924,1756166583,2025-08-26 00:03:03,0.5
bitcoin-up-or-down-august-27-9pm-et,DOWN,88199961804963316989575823589765327966215816745869924008829491301906775424924,1756166642,2025-08-26 00:04:02,0.5
bitcoin-up-or-down-august-27-9pm-et,DOWN,88199961804963316989575823589765327966215816745869924008829491301906775424924,1756166703,2025-08-26 00:05:03,0.5
bitcoin-up-or-down-august-27-9pm-et,DOWN,88199961804963316989575823589765327966215816745869924008829491301906775424924,1756166762,2025-08-26 00:06:02,0.5
bitcoin-up-or-down-august-27-9pm-et,DOWN,88199961804963316989575823589765327966215816745869924008829491301906775424924,1756166823,2025-08-26 00:07:03,0.5
bitcoin-up-or-down-august-27-9pm-et,DOWN,88199961804963316989575823589765327966215816745869924008829491301906775424924,1756166883,2025-08-26 00:08:03,0.5
bitcoin-up-or-down-august-27-9pm-et,DOWN,88199961804963316989575823589765327966215816745869924008829491301906775424924,1756166943,2025-08-26 00:09:03,0.5
bitcoin-up-or-down-august-27-9pm-et,DOWN,88199961804963316989575823589765327966215816745869924008829491301906775424924,1756167002,2025-08-26 00:10:02,0.5
bitcoin-up-or-down-august-27-9pm-et,DOWN,88199961804963316989575823589765327966215816745869924008829491301906775424924,1756167063,2025-08-26 00:11:03,0.5
bitcoin-up-or-down-august-27-9pm-et,DOWN,88199961804963316989575823589765327966215816745869924008829491301906775424924,1756167123,2025-08-26 00:12:03,0.5
bitcoin-up-or-down-august-27-9pm-et,DOWN,88199961804963316989575823589765327966215816745869924008829491301906775424924,1756167183,2025-08-26 00:13:03,0.5
bitcoin-up-or-down-august-27-9pm-et,DOWN,88199961804963316989575823589765327966215816745869924008829491301906775424924,1756167242,2025-08-26 00:14:02,0.5
bitcoin-up-or-down-august-27-9pm-et,DOWN,88199961804963316989575823589765327966215816745869924008829491301906775424924,1756167303,2025-08-26 00:15:03,0.5
bitcoin-up-or-down-august-27-9pm-et,DOWN,88199961804963316989575823589765327966215816745869924008829491301906775424924,1756167362,2025-08-26 00:16:02,0.5
bitcoin-up-or-down-august-27-9pm-et,DOWN,88199961804963316989575823589765327966215816745869924008829491301906775424924,1756167422,2025-08-26 00:17:02,0.5
bitcoin-up-or-down-august-27-9pm-et,DOWN,88199961804963316989575823589765327966215816745869924008829491301906775424924,1756167482,2025-08-26 00:18:02,0.5
bitcoin-up-or-down-august-27-9pm-et,DOWN,88199961804963316989575823589765327966215816745869924008829491301906775424924,1756167542,2025-08-26 00:19:02,0.5
bitcoin-up-or-down-august-27-9pm-et,DOWN,88199961804963316989575823589765327966215816745869924008829491301906775424924,1756167603,2025-08-26 00:20:03,0.5
bitcoin-up-or-down-august-27-9pm-et,DOWN,88199961804963316989575823589765327966215816745869924008829491301906775424924,1756167662,2025-08-26 00:21:02,0.5
bitcoin-up-or-down-august-27-9pm-et,DOWN,88199961804963316989575823589765327966215816745869924008829491301906775424924,1756167723,2025-08-26 00:22:03,0.5
bitcoin-up-or-down-august-27-9pm-et,DOWN,88199961804963316989575823589765327966215816745869924008829491301906775424924,1756167783,2025-08-26 00:23:03,0.5
bitcoin-up-or-down-august-27-9pm-et,DOWN,88199961804963316989575823589765327966215816745869924008829491301906775424924,1756167842,2025-08-26 00:24:02,0.5
bitcoin-up-or-down-august-27-9pm-et,DOWN,88199961804963316989575823589765327966215816745869924008829491301906775424924,1756167903,2025-08-26 00:25:03,0.5
bitcoin-up-or-down-august-27-9pm-et,DOWN,88199961804963316989575823589765327966215816745869924008829491301906775424924,1756167966,2025-08-26 00:26:06,0.5
bitcoin-up-or-down-august-27-9pm-et,DOWN,88199961804963316989575823589765327966215816745869924008829491301906775424924,1756168022,2025-08-26 00:27:02,0.5
bitcoin-up-or-down-august-27-9pm-et,DOWN,88199961804963316989575823589765327966215816745869924008829491301906775424924,1756168082,2025-08-26 00:28:02,0.5
bitcoin-up-or-down-august-27-9pm-et,DOWN,88199961804963316989575823589765327966215816745869924008829491301906775424924,1756168142,2025-08-26 00:29:02,0.5
bitcoin-up-or-down-august-27-9pm-et,DOWN,88199961804963316989575823589765327966215816745869924008829491301906775424924,1756168203,2025-08-26 00:30:03,0.5
bitcoin-up-or-down-august-27-9pm-et,DOWN,88199961804963316989575823589765327966215816745869924008829491301906775424924,1756168263,2025-08-26 00:31:03,0.5
bitcoin-up-or-down-august-27-9pm-et,DOWN,88199961804963316989575823589765327966215816745869924008829491301906775424924,1756168323,2025-08-26 00:32:03,0.5
bitcoin-up-or-down-august-27-9pm-et,DOWN,88199961804963316989575823589765327966215816745869924008829491301906775424924,1756168382,2025-08-26 00:33:02,0.5
bitcoin-up-or-down-august-27-9pm-et,DOWN,88199961804963316989575823589765327966215816745869924008829491301906775424924,1756168442,2025-08-26 00:34:02,0.5
bitcoin-up-or-down-august-27-9pm-et,DOWN,88199961804963316989575823589765327966215816745869924008829491301906775424924,1756168502,2025-08-26 00:35:02,0.5
bitcoin-up-or-down-august-27-9pm-et,DOWN,88199961804963316989575823589765327966215816745869924008829491301906775424924,1756168563,2025-08-26 00:36:03,0.5
bitcoin-up-or-down-august-27-9pm-et,DOWN,88199961804963316989575823589765327966215816745869924008829491301906775424924,1756168622,2025-08-26 00:37:02,0.5
bitcoin-up-or-down-august-27-9pm-et,DOWN,88199961804963316989575823589765327966215816745869924008829491301906775424924,1756168682,2025-08-26 00:38:02,0.5
bitcoin-up-or-down-august-27-9pm-et,DOWN,88199961804963316989575823589765327966215816745869924008829491301906775424924,1756168742,2025-08-26 00:39:02,0.5
bitcoin-up-or-down-august-27-9pm-et,DOWN,88199961804963316989575823589765327966215816745869924008829491301906775424924,1756168802,2025-08-26 00:40:02,0.5
bitcoin-up-or-down-august-27-9pm-et,DOWN,88199961804963316989575823589765327966215816745869924008829491301906775424924,1756168862,2025-08-26 00:41:02,0.5
bitcoin-up-or-down-august-27-9pm-et,DOWN,88199961804963316989575823589765327966215816745869924008829491301906775424924,1756168922,2025-08-26 00:42:02,0.5
bitcoin-up-or-down-august-27-9pm-et,DOWN,88199961804963316989575823589765327966215816745869924008829491301906775424924,1756168983,2025-08-26 00:43:03,0.5
bitcoin-up-or-down-august-27-9pm-et,DOWN,88199961804963316989575823589765327966215816745869924008829491301906775424924,1756169043,2025-08-26 00:44:03,0.5
bitcoin-up-or-down-august-27-9pm-et,DOWN,88199961804963316989575823589765327966215816745869924008829491301906775424924,1756169104,2025-08-26 00:45:04,0.5
bitcoin-up-or-down-august-27-9pm-et,DOWN,88199961804963316989575823589765327966215816745869924008829491301906775424924,1756169162,2025-08-26 00:46:02,0.5
bitcoin-up-or-down-august-27-9pm-et,DOWN,88199961804963316989575823589765327966215816745869924008829491301906775424924,1756169223,2025-08-26 00:47:03,0.5
bitcoin-up-or-down-august-27-9pm-et,DOWN,88199961804963316989575823589765327966215816745869924008829491301906775424924,1756169283,2025-08-26 00:48:03,0.5
bitcoin-up-or-down-august-27-9pm-et,DOWN,88199961804963316989575823589765327966215816745869924008829491301906775424924,1756169344,2025-08-26 00:49:04,0.5
bitcoin-up-or-down-august-27-9pm-et,DOWN,88199961804963316989575823589765327966215816745869924008829491301906775424924,1756169403,2025-08-26 00:50:03,0.5
bitcoin-up-or-down-august-27-9pm-et,DOWN,88199961804963316989575823589765327966215816745869924008829491301906775424924,1756169463,2025-08-26 00:51:03,0.5
bitcoin-up-or-down-august-27-9pm-et,DOWN,88199961804963316989575823589765327966215816745869924008829491301906775424924,1756169523,2025-08-26 00:52:03,0.5
bitcoin-up-or-down-august-27-9pm-et,DOWN,88199961804963316989575823589765327966215816745869924008829491301906775424924,1756169583,2025-08-26 00:53:03,0.5
bitcoin-up-or-down-august-27-9pm-et,DOWN,88199961804963316989575823589765327966215816745869924008829491301906775424924,1756169642,2025-08-26 00:54:02,0.5
bitcoin-up-or-down-august-27-9pm-et,DOWN,88199961804963316989575823589765327966215816745869924008829491301906775424924,1756169702,2025-08-26 00:55:02,0.5
bitcoin-up-or-down-august-27-9pm-et,DOWN,88199961804963316989575823589765327966215816745869924008829491301906775424924,1756169762,2025-08-26 00:56:02,0.5
bitcoin-up-or-down-august-27-9pm-et,DOWN,88199961804963316989575823589765327966215816745869924008829491301906775424924,1756169823,2025-08-26 00:57:03,0.5
bitcoin-up-or-down-august-27-9pm-et,DOWN,88199961804963316989575823589765327966215816745869924008829491301906775424924,1756169883,2025-08-26 00:58:03,0.5
bitcoin-up-or-down-august-27-9pm-et,DOWN,88199961804963316989575823589765327966215816745869924008829491301906775424924,1756169943,2025-08-26 00:59:03,0.5
bitcoin-up-or-down-august-27-9pm-et,DOWN,88199961804963316989575823589765327966215816745869924008829491301906775424924,1756170004,2025-08-26 01:00:04,0.5
bitcoin-up-or-down-august-27-9pm-et,DOWN,88199961804963316989575823589765327966215816745869924008829491301906775424924,1756170063,2025-08-26 01:01:03,0.5
bitcoin-up-or-down-august-27-9pm-et,DOWN,88199961804963316989575823589765327966215816745869924008829491301906775424924,1756170123,2025-08-26 01:02:03,0.5
bitcoin-up-or-down-august-27-9pm-et,DOWN,88199961804963316989575823589765327966215816745869924008829491301906775424924,1756170183,2025-08-26 01:03:03,0.5
bitcoin-up-or-down-august-27-9pm-et,DOWN,88199961804963316989575823589765327966215816745869924008829491301906775424924,1756170242,2025-08-26 01:04:02,0.5
bitcoin-up-or-down-august-27-9pm-et,DOWN,88199961804963316989575823589765327966215816745869924008829491301906775424924,1756170303,2025-08-26 01:05:03,0.5
bitcoin-up-or-down-august-27-9pm-et,DOWN,88199961804963316989575823589765327966215816745869924008829491301906775424924,1756170363,2025-08-26 01:06:03,0.5
bitcoin-up-or-down-august-27-9pm-et,DOWN,88199961804963316989575823589765327966215816745869924008829491301906775424924,1756170423,2025-08-26 01:07:03,0.5
bitcoin-up-or-down-august-27-9pm-et,DOWN,88199961804963316989575823589765327966215816745869924008829491301906775424924,1756170482,2025-08-26 01:08:02,0.5
bitcoin-up-or-down-august-27-9pm-et,DOWN,88199961804963316989575823589765327966215816745869924008829491301906775424924,1756170542,2025-08-26 01:09:02,0.5
bitcoin-up-or-down-august-27-9pm-et,DOWN,88199961804963316989575823589765327966215816745869924008829491301906775424924,1756170604,2025-08-26 01:10:04,0.5
bitcoin-up-or-down-august-27-9pm-et,DOWN,88199961804963316989575823589765327966215816745869924008829491301906775424924,1756170663,2025-08-26 01:11:03,0.5
bitcoin-up-or-down-august-27-9pm-et,DOWN,88199961804963316989575823589765327966215816745869924008829491301906775424924,1756170723,2025-08-26 01:12:03,0.5
bitcoin-up-or-down-august-27-9pm-et,DOWN,88199961804963316989575823589765327966215816745869924008829491301906775424924,1756170783,2025-08-26 01:13:03,0.5
bitcoin-up-or-down-august-27-9pm-et,DOWN,88199961804963316989575823589765327966215816745869924008829491301906775424924,1756170842,2025-08-26 01:14:02,0.5
bitcoin-up-or-down-august-27-9pm-et,DOWN,88199961804963316989575823589765327966215816745869924008829491301906775424924,1756170903,2025-08-26 01:15:03,0.5
bitcoin-up-or-down-august-27-9pm-et,DOWN,88199961804963316989575823589765327966215816745869924008829491301906775424924,1756170963,2025-08-26 01:16:03,0.5
bitcoin-up-or-down-august-27-9pm-et,DOWN,88199961804963316989575823589765327966215816745869924008829491301906775424924,1756171023,2025-08-26 01:17:03,0.5
bitcoin-up-or-down-august-27-9pm-et,DOWN,88199961804963316989575823589765327966215816745869924008829491301906775424924,1756171082,2025-08-26 01:18:02,0.5
bitcoin-up-or-down-august-27-9pm-et,DOWN,88199961804963316989575823589765327966215816745869924008829491301906775424924,1756171142,2025-08-26 01:19:02,0.5
bitcoin-up-or-down-august-27-9pm-et,DOWN,88199961804963316989575823589765327966215816745869924008829491301906775424924,1756171202,2025-08-26 01:20:02,0.5
bitcoin-up-or-down-august-27-9pm-et,DOWN,88199961804963316989575823589765327966215816745869924008829491301906775424924,1756171263,2025-08-26 01:21:03,0.5
bitcoin-up-or-down-august-27-9pm-et,DOWN,88199961804963316989575823589765327966215816745869924008829491301906775424924,1756171322,2025-08-26 01:22:02,0.5
bitcoin-up-or-down-august-27-9pm-et,DOWN,88199961804963316989575823589765327966215816745869924008829491301906775424924,1756171382,2025-08-26 01:23:02,0.5
bitcoin-up-or-down-august-27-9pm-et,DOWN,88199961804963316989575823589765327966215816745869924008829491301906775424924,1756171443,2025-08-26 01:24:03,0.5
bitcoin-up-or-down-august-27-9pm-et,DOWN,88199961804963316989575823589765327966215816745869924008829491301906775424924,1756171503,2025-08-26 01:25:03,0.5
bitcoin-up-or-down-august-27-9pm-et,DOWN,88199961804963316989575823589765327966215816745869924008829491301906775424924,1756171563,2025-08-26 01:26:03,0.5
bitcoin-up-or-down-august-27-9pm-et,DOWN,88199961804963316989575823589765327966215816745869924008829491301906775424924,1756171627,2025-08-26 01:27:07,0.5
bitcoin-up-or-down-august-27-9pm-et,DOWN,88199961804963316989575823589765327966215816745869924008829491301906775424924,1756171682,2025-08-26 01:28:02,0.5
bitcoin-up-or-down-august-27-9pm-et,DOWN,88199961804963316989575823589765327966215816745869924008829491301906775424924,1756171742,2025-08-26 01:29:02,0.5
bitcoin-up-or-down-august-27-9pm-et,DOWN,88199961804963316989575823589765327966215816745869924008829491301906775424924,1756171805,2025-08-26 01:30:05,0.5
bitcoin-up-or-down-august-27-9pm-et,DOWN,88199961804963316989575823589765327966215816745869924008829491301906775424924,1756171863,2025-08-26 01:31:03,0.5
bitcoin-up-or-down-august-27-9pm-et,DOWN,88199961804963316989575823589765327966215816745869924008829491301906775424924,1756171923,2025-08-26 01:32:03,0.5
bitcoin-up-or-down-august-27-9pm-et,DOWN,88199961804963316989575823589765327966215816745869924008829491301906775424924,1756171982,2025-08-26 01:33:02,0.5
bitcoin-up-or-down-august-27-9pm-et,DOWN,88199961804963316989575823589765327966215816745869924008829491301906775424924,1756172042,2025-08-26 01:34:02,0.5
bitcoin-up-or-down-august-27-9pm-et,DOWN,88199961804963316989575823589765327966215816745869924008829491301906775424924,1756172102,2025-08-26 01:35:02,0.5
bitcoin-up-or-down-august-27-9pm-et,DOWN,88199961804963316989575823589765327966215816745869924008829491301906775424924,1756172163,2025-08-26 01:36:03,0.5
bitcoin-up-or-down-august-27-9pm-et,DOWN,88199961804963316989575823589765327966215816745869924008829491301906775424924,1756172223,2025-08-26 01:37:03,0.5
bitcoin-up-or-down-august-27-9pm-et,DOWN,88199961804963316989575823589765327966215816745869924008829491301906775424924,1756172282,2025-08-26 01:38:02,0.5
bitcoin-up-or-down-august-27-9pm-et,DOWN,88199961804963316989575823589765327966215816745869924008829491301906775424924,1756172342,2025-08-26 01:39:02,0.5
bitcoin-up-or-down-august-27-9pm-et,DOWN,88199961804963316989575823589765327966215816745869924008829491301906775424924,1756172403,2025-08-26 01:40:03,0.5
bitcoin-up-or-down-august-27-9pm-et,DOWN,88199961804963316989575823589765327966215816745869924008829491301906775424924,1756172462,2025-08-26 01:41:02,0.5
bitcoin-up-or-down-august-27-9pm-et,DOWN,88199961804963316989575823589765327966215816745869924008829491301906775424924,1756172522,2025-08-26 01:42:02,0.5
bitcoin-up-or-down-august-27-9pm-et,DOWN,88199961804963316989575823589765327966215816745869924008829491301906775424924,1756172582,2025-08-26 01:43:02,0.5
bitcoin-up-or-down-august-27-9pm-et,DOWN,88199961804963316989575823589765327966215816745869924008829491301906775424924,1756172643,2025-08-26 01:44:03,0.5
bitcoin-up-or-down-august-27-9pm-et,DOWN,88199961804963316989575823589765327966215816745869924008829491301906775424924,1756172703,2025-08-26 01:45:03,0.5
bitcoin-up-or-down-august-27-9pm-et,DOWN,88199961804963316989575823589765327966215816745869924008829491301906775424924,1756172763,2025-08-26 01:46:03,0.5
bitcoin-up-or-down-august-27-9pm-et,DOWN,88199961804963316989575823589765327966215816745869924008829491301906775424924,1756172823,2025-08-26 01:47:03,0.5
bitcoin-up-or-down-august-27-9pm-et,DOWN,88199961804963316989575823589765327966215816745869924008829491301906775424924,1756172882,2025-08-26 01:48:02,0.5
bitcoin-up-or-down-august-27-9pm-et,DOWN,88199961804963316989575823589765327966215816745869924008829491301906775424924,1756172943,2025-08-26 01:49:03,0.5
bitcoin-up-or-down-august-27-9pm-et,DOWN,88199961804963316989575823589765327966215816745869924008829491301906775424924,1756173004,2025-08-26 01:50:04,0.5
bitcoin-up-or-down-august-27-9pm-et,DOWN,88199961804963316989575823589765327966215816745869924008829491301906775424924,1756173062,2025-08-26 01:51:02,0.5
bitcoin-up-or-down-august-27-9pm-et,DOWN,88199961804963316989575823589765327966215816745869924008829491301906775424924,1756173122,2025-08-26 01:52:02,0.5
bitcoin-up-or-down-august-27-9pm-et,DOWN,88199961804963316989575823589765327966215816745869924008829491301906775424924,1756173190,2025-08-26 01:53:10,0.5
bitcoin-up-or-down-august-27-9pm-et,DOWN,88199961804963316989575823589765327966215816745869924008829491301906775424924,1756173243,2025-08-26 01:54:03,0.5
bitcoin-up-or-down-august-27-9pm-et,DOWN,88199961804963316989575823589765327966215816745869924008829491301906775424924,1756173302,2025-08-26 01:55:02,0.5
bitcoin-up-or-down-august-27-9pm-et,DOWN,88199961804963316989575823589765327966215816745869924008829491301906775424924,1756173362,2025-08-26 01:56:02,0.5
bitcoin-up-or-down-august-27-9pm-et,DOWN,88199961804963316989575823589765327966215816745869924008829491301906775424924,1756173423,2025-08-26 01:57:03,0.5
bitcoin-up-or-down-august-27-9pm-et,DOWN,88199961804963316989575823589765327966215816745869924008829491301906775424924,1756173482,2025-08-26 01:58:02,0.5
bitcoin-up-or-down-august-27-9pm-et,DOWN,88199961804963316989575823589765327966215816745869924008829491301906775424924,1756173542,2025-08-26 01:59:02,0.5
bitcoin-up-or-down-august-27-9pm-et,DOWN,88199961804963316989575823589765327966215816745869924008829491301906775424924,1756173609,2025-08-26 02:00:09,0.5
bitcoin-up-or-down-august-27-9pm-et,DOWN,88199961804963316989575823589765327966215816745869924008829491301906775424924,1756173662,2025-08-26 02:01:02,0.5
bitcoin-up-or-down-august-27-9pm-et,DOWN,88199961804963316989575823589765327966215816745869924008829491301906775424924,1756173722,2025-08-26 02:02:02,0.5
bitcoin-up-or-down-august-27-9pm-et,DOWN,88199961804963316989575823589765327966215816745869924008829491301906775424924,1756173784,2025-08-26 02:03:04,0.5
bitcoin-up-or-down-august-27-9pm-et,DOWN,88199961804963316989575823589765327966215816745869924008829491301906775424924,1756173842,2025-08-26 02:04:02,0.5
bitcoin-up-or-down-august-27-9pm-et,DOWN,88199961804963316989575823589765327966215816745869924008829491301906775424924,1756173903,2025-08-26 02:05:03,0.5
bitcoin-up-or-down-august-27-9pm-et,DOWN,88199961804963316989575823589765327966215816745869924008829491301906775424924,1756173963,2025-08-26 02:06:03,0.5
bitcoin-up-or-down-august-27-9pm-et,DOWN,88199961804963316989575823589765327966215816745869924008829491301906775424924,1756174023,2025-08-26 02:07:03,0.5
bitcoin-up-or-down-august-27-9pm-et,DOWN,88199961804963316989575823589765327966215816745869924008829491301906775424924,1756174082,2025-08-26 02:08:02,0.5
bitcoin-up-or-down-august-27-9pm-et,DOWN,88199961804963316989575823589765327966215816745869924008829491301906775424924,1756174143,2025-08-26 02:09:03,0.5
bitcoin-up-or-down-august-27-9pm-et,DOWN,88199961804963316989575823589765327966215816745869924008829491301906775424924,1756174203,2025-08-26 02:10:03,0.5
bitcoin-up-or-down-august-27-9pm-et,DOWN,88199961804963316989575823589765327966215816745869924008829491301906775424924,1756174262,2025-08-26 02:11:02,0.5
bitcoin-up-or-down-august-27-9pm-et,DOWN,88199961804963316989575823589765327966215816745869924008829491301906775424924,1756174324,2025-08-26 02:12:04,0.5
bitcoin-up-or-down-august-27-9pm-et,DOWN,88199961804963316989575823589765327966215816745869924008829491301906775424924,1756174383,2025-08-26 02:13:03,0.5
bitcoin-up-or-down-august-27-9pm-et,DOWN,88199961804963316989575823589765327966215816745869924008829491301906775424924,1756174443,2025-08-26 02:14:03,0.5
bitcoin-up-or-down-august-27-9pm-et,DOWN,88199961804963316989575823589765327966215816745869924008829491301906775424924,1756174504,2025-08-26 02:15:04,0.5
bitcoin-up-or-down-august-27-9pm-et,DOWN,88199961804963316989575823589765327966215816745869924008829491301906775424924,1756174563,2025-08-26 02:16:03,0.5
bitcoin-up-or-down-august-27-9pm-et,DOWN,88199961804963316989575823589765327966215816745869924008829491301906775424924,1756174623,2025-08-26 02:17:03,0.5
bitcoin-up-or-down-august-27-9pm-et,DOWN,88199961804963316989575823589765327966215816745869924008829491301906775424924,1756174683,2025-08-26 02:18:03,0.5
bitcoin-up-or-down-august-27-9pm-et,DOWN,88199961804963316989575823589765327966215816745869924008829491301906775424924,1756174743,2025-08-26 02:19:03,0.5
bitcoin-up-or-down-august-27-9pm-et,DOWN,88199961804963316989575823589765327966215816745869924008829491301906775424924,1756174804,2025-08-26 02:20:04,0.5
bitcoin-up-or-down-august-27-9pm-et,DOWN,88199961804963316989575823589765327966215816745869924008829491301906775424924,1756174862,2025-08-26 02:21:02,0.5
bitcoin-up-or-down-august-27-9pm-et,DOWN,88199961804963316989575823589765327966215816745869924008829491301906775424924,1756174922,2025-08-26 02:22:02,0.5
bitcoin-up-or-down-august-27-9pm-et,DOWN,88199961804963316989575823589765327966215816745869924008829491301906775424924,1756174982,2025-08-26 02:23:02,0.5
bitcoin-up-or-down-august-27-9pm-et,DOWN,88199961804963316989575823589765327966215816745869924008829491301906775424924,1756175042,2025-08-26 02:24:02,0.5
bitcoin-up-or-down-august-27-9pm-et,DOWN,88199961804963316989575823589765327966215816745869924008829491301906775424924,1756175103,2025-08-26 02:25:03,0.5
bitcoin-up-or-down-august-27-9pm-et,DOWN,88199961804963316989575823589765327966215816745869924008829491301906775424924,1756175163,2025-08-26 02:26:03,0.5
bitcoin-up-or-down-august-27-9pm-et,DOWN,88199961804963316989575823589765327966215816745869924008829491301906775424924,1756175222,2025-08-26 02:27:02,0.5
bitcoin-up-or-down-august-27-9pm-et,DOWN,88199961804963316989575823589765327966215816745869924008829491301906775424924,1756175282,2025-08-26 02:28:02,0.5
bitcoin-up-or-down-august-27-9pm-et,DOWN,88199961804963316989575823589765327966215816745869924008829491301906775424924,1756175342,2025-08-26 02:29:02,0.5
bitcoin-up-or-down-august-27-9pm-et,DOWN,88199961804963316989575823589765327966215816745869924008829491301906775424924,1756175403,2025-08-26 02:30:03,0.5
bitcoin-up-or-down-august-27-9pm-et,DOWN,88199961804963316989575823589765327966215816745869924008829491301906775424924,1756175462,2025-08-26 02:31:02,0.5
bitcoin-up-or-down-august-27-9pm-et,DOWN,88199961804963316989575823589765327966215816745869924008829491301906775424924,1756175522,2025-08-26 02:32:02,0.5
bitcoin-up-or-down-august-27-9pm-et,DOWN,88199961804963316989575823589765327966215816745869924008829491301906775424924,1756175582,2025-08-26 02:33:02,0.5
bitcoin-up-or-down-august-27-9pm-et,DOWN,88199961804963316989575823589765327966215816745869924008829491301906775424924,1756175642,2025-08-26 02:34:02,0.5
bitcoin-up-or-down-august-27-9pm-et,DOWN,88199961804963316989575823589765327966215816745869924008829491301906775424924,1756175702,2025-08-26 02:35:02,0.5
bitcoin-up-or-down-august-27-9pm-et,DOWN,88199961804963316989575823589765327966215816745869924008829491301906775424924,1756175762,2025-08-26 02:36:02,0.5
bitcoin-up-or-down-august-27-9pm-et,DOWN,88199961804963316989575823589765327966215816745869924008829491301906775424924,1756175823,2025-08-26 02:37:03,0.5
bitcoin-up-or-down-august-27-9pm-et,DOWN,88199961804963316989575823589765327966215816745869924008829491301906775424924,1756175882,2025-08-26 02:38:02,0.5
bitcoin-up-or-down-august-27-9pm-et,DOWN,88199961804963316989575823589765327966215816745869924008829491301906775424924,1756175943,2025-08-26 02:39:03,0.5
bitcoin-up-or-down-august-27-9pm-et,DOWN,88199961804963316989575823589765327966215816745869924008829491301906775424924,1756176002,2025-08-26 02:40:02,0.5
bitcoin-up-or-down-august-27-9pm-et,DOWN,88199961804963316989575823589765327966215816745869924008829491301906775424924,1756176062,2025-08-26 02:41:02,0.5
bitcoin-up-or-down-august-27-9pm-et,DOWN,88199961804963316989575823589765327966215816745869924008829491301906775424924,1756176123,2025-08-26 02:42:03,0.5
bitcoin-up-or-down-august-27-9pm-et,DOWN,88199961804963316989575823589765327966215816745869924008829491301906775424924,1756176182,2025-08-26 02:43:02,0.5
bitcoin-up-or-down-august-27-9pm-et,DOWN,88199961804963316989575823589765327966215816745869924008829491301906775424924,1756176242,2025-08-26 02:44:02,0.5
bitcoin-up-or-down-august-27-9pm-et,DOWN,88199961804963316989575823589765327966215816745869924008829491301906775424924,1756176302,2025-08-26 02:45:02,0.5
bitcoin-up-or-down-august-27-9pm-et,DOWN,88199961804963316989575823589765327966215816745869924008829491301906775424924,1756176362,2025-08-26 02:46:02,0.5
bitcoin-up-or-down-august-27-9pm-et,DOWN,88199961804963316989575823589765327966215816745869924008829491301906775424924,1756176422,2025-08-26 02:47:02,0.5
bitcoin-up-or-down-august-27-9pm-et,DOWN,88199961804963316989575823589765327966215816745869924008829491301906775424924,1756176482,2025-08-26 02:48:02,0.5
bitcoin-up-or-down-august-27-9pm-et,DOWN,88199961804963316989575823589765327966215816745869924008829491301906775424924,1756176544,2025-08-26 02:49:04,0.5
bitcoin-up-or-down-august-27-9pm-et,DOWN,88199961804963316989575823589765327966215816745869924008829491301906775424924,1756176602,2025-08-26 02:50:02,0.5
bitcoin-up-or-down-august-27-9pm-et,DOWN,88199961804963316989575823589765327966215816745869924008829491301906775424924,1756176663,2025-08-26 02:51:03,0.5
bitcoin-up-or-down-august-27-9pm-et,DOWN,88199961804963316989575823589765327966215816745869924008829491301906775424924,1756176727,2025-08-26 02:52:07,0.5
bitcoin-up-or-down-august-27-9pm-et,DOWN,88199961804963316989575823589765327966215816745869924008829491301906775424924,1756176782,2025-08-26 02:53:02,0.5
bitcoin-up-or-down-august-27-9pm-et,DOWN,88199961804963316989575823589765327966215816745869924008829491301906775424924,1756176842,2025-08-26 02:54:02,0.5
bitcoin-up-or-down-august-27-9pm-et,DOWN,88199961804963316989575823589765327966215816745869924008829491301906775424924,1756176903,2025-08-26 02:55:03,0.5
bitcoin-up-or-down-august-27-9pm-et,DOWN,88199961804963316989575823589765327966215816745869924008829491301906775424924,1756176963,2025-08-26 02:56:03,0.5
bitcoin-up-or-down-august-27-9pm-et,DOWN,88199961804963316989575823589765327966215816745869924008829491301906775424924,1756177022,2025-08-26 02:57:02,0.5
bitcoin-up-or-down-august-27-9pm-et,DOWN,88199961804963316989575823589765327966215816745869924008829491301906775424924,1756177083,2025-08-26 02:58:03,0.5
bitcoin-up-or-down-august-27-9pm-et,DOWN,88199961804963316989575823589765327966215816745869924008829491301906775424924,1756177213,2025-08-26 03:00:13,0.5
bitcoin-up-or-down-august-27-9pm-et,DOWN,88199961804963316989575823589765327966215816745869924008829491301906775424924,1756177223,2025-08-26 03:00:23,0.5
bitcoin-up-or-down-august-27-9pm-et,DOWN,88199961804963316989575823589765327966215816745869924008829491301906775424924,1756177263,2025-08-26 03:01:03,0.5
bitcoin-up-or-down-august-27-9pm-et,DOWN,88199961804963316989575823589765327966215816745869924008829491301906775424924,1756177323,2025-08-26 03:02:03,0.5
bitcoin-up-or-down-august-27-9pm-et,DOWN,88199961804963316989575823589765327966215816745869924008829491301906775424924,1756177382,2025-08-26 03:03:02,0.5
bitcoin-up-or-down-august-27-9pm-et,DOWN,88199961804963316989575823589765327966215816745869924008829491301906775424924,1756177442,2025-08-26 03:04:02,0.5
bitcoin-up-or-down-august-27-9pm-et,DOWN,88199961804963316989575823589765327966215816745869924008829491301906775424924,1756177504,2025-08-26 03:05:04,0.5
bitcoin-up-or-down-august-27-9pm-et,DOWN,88199961804963316989575823589765327966215816745869924008829491301906775424924,1756177562,2025-08-26 03:06:02,0.5
bitcoin-up-or-down-august-27-9pm-et,DOWN,88199961804963316989575823589765327966215816745869924008829491301906775424924,1756177622,2025-08-26 03:07:02,0.5
bitcoin-up-or-down-august-27-9pm-et,DOWN,88199961804963316989575823589765327966215816745869924008829491301906775424924,1756177683,2025-08-26 03:08:03,0.5
bitcoin-up-or-down-august-27-9pm-et,DOWN,88199961804963316989575823589765327966215816745869924008829491301906775424924,1756177742,2025-08-26 03:09:02,0.5
bitcoin-up-or-down-august-27-9pm-et,DOWN,88199961804963316989575823589765327966215816745869924008829491301906775424924,1756177802,2025-08-26 03:10:02,0.5
bitcoin-up-or-down-august-27-9pm-et,DOWN,88199961804963316989575823589765327966215816745869924008829491301906775424924,1756177862,2025-08-26 03:11:02,0.5
bitcoin-up-or-down-august-27-9pm-et,DOWN,88199961804963316989575823589765327966215816745869924008829491301906775424924,1756177923,2025-08-26 03:12:03,0.5
bitcoin-up-or-down-august-27-9pm-et,DOWN,88199961804963316989575823589765327966215816745869924008829491301906775424924,1756177983,2025-08-26 03:13:03,0.5
bitcoin-up-or-down-august-27-9pm-et,DOWN,88199961804963316989575823589765327966215816745869924008829491301906775424924,1756178043,2025-08-26 03:14:03,0.5
bitcoin-up-or-down-august-27-9pm-et,DOWN,88199961804963316989575823589765327966215816745869924008829491301906775424924,1756178103,2025-08-26 03:15:03,0.5
bitcoin-up-or-down-august-27-9pm-et,DOWN,88199961804963316989575823589765327966215816745869924008829491301906775424924,1756178163,2025-08-26 03:16:03,0.5
bitcoin-up-or-down-august-27-9pm-et,DOWN,88199961804963316989575823589765327966215816745869924008829491301906775424924,1756178223,2025-08-26 03:17:03,0.5
bitcoin-up-or-down-august-27-9pm-et,DOWN,88199961804963316989575823589765327966215816745869924008829491301906775424924,1756178283,2025-08-26 03:18:03,0.5
bitcoin-up-or-down-august-27-9pm-et,DOWN,88199961804963316989575823589765327966215816745869924008829491301906775424924,1756178342,2025-08-26 03:19:02,0.5
bitcoin-up-or-down-august-27-9pm-et,DOWN,88199961804963316989575823589765327966215816745869924008829491301906775424924,1756178403,2025-08-26 03:20:03,0.5
bitcoin-up-or-down-august-27-9pm-et,DOWN,88199961804963316989575823589765327966215816745869924008829491301906775424924,1756178462,2025-08-26 03:21:02,0.5
bitcoin-up-or-down-august-27-9pm-et,DOWN,88199961804963316989575823589765327966215816745869924008829491301906775424924,1756178523,2025-08-26 03:22:03,0.5
bitcoin-up-or-down-august-27-9pm-et,DOWN,88199961804963316989575823589765327966215816745869924008829491301906775424924,1756178583,2025-08-26 03:23:03,0.5
bitcoin-up-or-down-august-27-9pm-et,DOWN,88199961804963316989575823589765327966215816745869924008829491301906775424924,1756178643,2025-08-26 03:24:03,0.5
bitcoin-up-or-down-august-27-9pm-et,DOWN,88199961804963316989575823589765327966215816745869924008829491301906775424924,1756178702,2025-08-26 03:25:02,0.5
bitcoin-up-or-down-august-27-9pm-et,DOWN,88199961804963316989575823589765327966215816745869924008829491301906775424924,1756178772,2025-08-26 03:26:12,0.5
bitcoin-up-or-down-august-27-9pm-et,DOWN,88199961804963316989575823589765327966215816745869924008829491301906775424924,1756178822,2025-08-26 03:27:02,0.5
bitcoin-up-or-down-august-27-9pm-et,DOWN,88199961804963316989575823589765327966215816745869924008829491301906775424924,1756178883,2025-08-26 03:28:03,0.5
bitcoin-up-or-down-august-27-9pm-et,DOWN,88199961804963316989575823589765327966215816745869924008829491301906775424924,1756178942,2025-08-26 03:29:02,0.5
bitcoin-up-or-down-august-27-9pm-et,DOWN,88199961804963316989575823589765327966215816745869924008829491301906775424924,1756179004,2025-08-26 03:30:04,0.5
bitcoin-up-or-down-august-27-9pm-et,DOWN,88199961804963316989575823589765327966215816745869924008829491301906775424924,1756179062,2025-08-26 03:31:02,0.5
bitcoin-up-or-down-august-27-9pm-et,DOWN,88199961804963316989575823589765327966215816745869924008829491301906775424924,1756179122,2025-08-26 03:32:02,0.5
bitcoin-up-or-down-august-27-9pm-et,DOWN,88199961804963316989575823589765327966215816745869924008829491301906775424924,1756179183,2025-08-26 03:33:03,0.5
bitcoin-up-or-down-august-27-9pm-et,DOWN,88199961804963316989575823589765327966215816745869924008829491301906775424924,1756179242,2025-08-26 03:34:02,0.5
bitcoin-up-or-down-august-27-9pm-et,DOWN,88199961804963316989575823589765327966215816745869924008829491301906775424924,1756179302,2025-08-26 03:35:02,0.5
bitcoin-up-or-down-august-27-9pm-et,DOWN,88199961804963316989575823589765327966215816745869924008829491301906775424924,1756179362,2025-08-26 03:36:02,0.5
bitcoin-up-or-down-august-27-9pm-et,DOWN,88199961804963316989575823589765327966215816745869924008829491301906775424924,1756179423,2025-08-26 03:37:03,0.5
bitcoin-up-or-down-august-27-9pm-et,DOWN,88199961804963316989575823589765327966215816745869924008829491301906775424924,1756179483,2025-08-26 03:38:03,0.5
bitcoin-up-or-down-august-27-9pm-et,DOWN,88199961804963316989575823589765327966215816745869924008829491301906775424924,1756179542,2025-08-26 03:39:02,0.5
bitcoin-up-or-down-august-27-9pm-et,DOWN,88199961804963316989575823589765327966215816745869924008829491301906775424924,1756179603,2025-08-26 03:40:03,0.5
bitcoin-up-or-down-august-27-9pm-et,DOWN,88199961804963316989575823589765327966215816745869924008829491301906775424924,1756179663,2025-08-26 03:41:03,0.5
bitcoin-up-or-down-august-27-9pm-et,DOWN,88199961804963316989575823589765327966215816745869924008829491301906775424924,1756179722,2025-08-26 03:42:02,0.5
bitcoin-up-or-down-august-27-9pm-et,DOWN,88199961804963316989575823589765327966215816745869924008829491301906775424924,1756179782,2025-08-26 03:43:02,0.5
bitcoin-up-or-down-august-27-9pm-et,DOWN,88199961804963316989575823589765327966215816745869924008829491301906775424924,1756179843,2025-08-26 03:44:03,0.5
bitcoin-up-or-down-august-27-9pm-et,DOWN,88199961804963316989575823589765327966215816745869924008829491301906775424924,1756179902,2025-08-26 03:45:02,0.5
bitcoin-up-or-down-august-27-9pm-et,DOWN,88199961804963316989575823589765327966215816745869924008829491301906775424924,1756179962,2025-08-26 03:46:02,0.5
bitcoin-up-or-down-august-27-9pm-et,DOWN,88199961804963316989575823589765327966215816745869924008829491301906775424924,1756180023,2025-08-26 03:47:03,0.5
bitcoin-up-or-down-august-27-9pm-et,DOWN,88199961804963316989575823589765327966215816745869924008829491301906775424924,1756180083,2025-08-26 03:48:03,0.5
bitcoin-up-or-down-august-27-9pm-et,DOWN,88199961804963316989575823589765327966215816745869924008829491301906775424924,1756180143,2025-08-26 03:49:03,0.5
bitcoin-up-or-down-august-27-9pm-et,DOWN,88199961804963316989575823589765327966215816745869924008829491301906775424924,1756180203,2025-08-26 03:50:03,0.5
bitcoin-up-or-down-august-27-9pm-et,DOWN,88199961804963316989575823589765327966215816745869924008829491301906775424924,1756180262,2025-08-26 03:51:02,0.5
bitcoin-up-or-down-august-27-9pm-et,DOWN,88199961804963316989575823589765327966215816745869924008829491301906775424924,1756180324,2025-08-26 03:52:04,0.5
bitcoin-up-or-down-august-27-9pm-et,DOWN,88199961804963316989575823589765327966215816745869924008829491301906775424924,1756180383,2025-08-26 03:53:03,0.5
bitcoin-up-or-down-august-27-9pm-et,DOWN,88199961804963316989575823589765327966215816745869924008829491301906775424924,1756180443,2025-08-26 03:54:03,0.5
bitcoin-up-or-down-august-27-9pm-et,DOWN,88199961804963316989575823589765327966215816745869924008829491301906775424924,1756180502,2025-08-26 03:55:02,0.5
bitcoin-up-or-down-august-27-9pm-et,DOWN,88199961804963316989575823589765327966215816745869924008829491301906775424924,1756180563,2025-08-26 03:56:03,0.5
bitcoin-up-or-down-august-27-9pm-et,DOWN,88199961804963316989575823589765327966215816745869924008829491301906775424924,1756180623,2025-08-26 03:57:03,0.5
bitcoin-up-or-down-august-27-9pm-et,DOWN,88199961804963316989575823589765327966215816745869924008829491301906775424924,1756180683,2025-08-26 03:58:03,0.5
bitcoin-up-or-down-august-27-9pm-et,DOWN,88199961804963316989575823589765327966215816745869924008829491301906775424924,1756180743,2025-08-26 03:59:03,0.5
bitcoin-up-or-down-august-27-9pm-et,DOWN,88199961804963316989575823589765327966215816745869924008829491301906775424924,1756180806,2025-08-26 04:00:06,0.5
bitcoin-up-or-down-august-27-9pm-et,DOWN,88199961804963316989575823589765327966215816745869924008829491301906775424924,1756180862,2025-08-26 04:01:02,0.5
bitcoin-up-or-down-august-27-9pm-et,DOWN,88199961804963316989575823589765327966215816745869924008829491301906775424924,1756180922,2025-08-26 04:02:02,0.5
bitcoin-up-or-down-august-27-9pm-et,DOWN,88199961804963316989575823589765327966215816745869924008829491301906775424924,1756180983,2025-08-26 04:03:03,0.5
bitcoin-up-or-down-august-27-9pm-et,DOWN,88199961804963316989575823589765327966215816745869924008829491301906775424924,1756181042,2025-08-26 04:04:02,0.5
bitcoin-up-or-down-august-27-9pm-et,DOWN,88199961804963316989575823589765327966215816745869924008829491301906775424924,1756181104,2025-08-26 04:05:04,0.5
bitcoin-up-or-down-august-27-9pm-et,DOWN,88199961804963316989575823589765327966215816745869924008829491301906775424924,1756181163,2025-08-26 04:06:03,0.5
bitcoin-up-or-down-august-27-9pm-et,DOWN,88199961804963316989575823589765327966215816745869924008829491301906775424924,1756181223,2025-08-26 04:07:03,0.5
bitcoin-up-or-down-august-27-9pm-et,DOWN,88199961804963316989575823589765327966215816745869924008829491301906775424924,1756181283,2025-08-26 04:08:03,0.5
bitcoin-up-or-down-august-27-9pm-et,DOWN,88199961804963316989575823589765327966215816745869924008829491301906775424924,1756181342,2025-08-26 04:09:02,0.5
bitcoin-up-or-down-august-27-9pm-et,DOWN,88199961804963316989575823589765327966215816745869924008829491301906775424924,1756181402,2025-08-26 04:10:02,0.5
bitcoin-up-or-down-august-27-9pm-et,DOWN,88199961804963316989575823589765327966215816745869924008829491301906775424924,1756181462,2025-08-26 04:11:02,0.5
bitcoin-up-or-down-august-27-9pm-et,DOWN,88199961804963316989575823589765327966215816745869924008829491301906775424924,1756181523,2025-08-26 04:12:03,0.5
bitcoin-up-or-down-august-27-9pm-et,DOWN,88199961804963316989575823589765327966215816745869924008829491301906775424924,1756181582,2025-08-26 04:13:02,0.5
bitcoin-up-or-down-august-27-9pm-et,DOWN,88199961804963316989575823589765327966215816745869924008829491301906775424924,1756181642,2025-08-26 04:14:02,0.5
bitcoin-up-or-down-august-27-9pm-et,DOWN,88199961804963316989575823589765327966215816745869924008829491301906775424924,1756181704,2025-08-26 04:15:04,0.5
bitcoin-up-or-down-august-27-9pm-et,DOWN,88199961804963316989575823589765327966215816745869924008829491301906775424924,1756181763,2025-08-26 04:16:03,0.5
bitcoin-up-or-down-august-27-9pm-et,DOWN,88199961804963316989575823589765327966215816745869924008829491301906775424924,1756181823,2025-08-26 04:17:03,0.5
bitcoin-up-or-down-august-27-9pm-et,DOWN,88199961804963316989575823589765327966215816745869924008829491301906775424924,1756181883,2025-08-26 04:18:03,0.5
bitcoin-up-or-down-august-27-9pm-et,DOWN,88199961804963316989575823589765327966215816745869924008829491301906775424924,1756181943,2025-08-26 04:19:03,0.5
bitcoin-up-or-down-august-27-9pm-et,DOWN,88199961804963316989575823589765327966215816745869924008829491301906775424924,1756182002,2025-08-26 04:20:02,0.5
bitcoin-up-or-down-august-27-9pm-et,DOWN,88199961804963316989575823589765327966215816745869924008829491301906775424924,1756182063,2025-08-26 04:21:03,0.5
bitcoin-up-or-down-august-27-9pm-et,DOWN,88199961804963316989575823589765327966215816745869924008829491301906775424924,1756182122,2025-08-26 04:22:02,0.5
bitcoin-up-or-down-august-27-9pm-et,DOWN,88199961804963316989575823589765327966215816745869924008829491301906775424924,1756182183,2025-08-26 04:23:03,0.5
bitcoin-up-or-down-august-27-9pm-et,DOWN,88199961804963316989575823589765327966215816745869924008829491301906775424924,1756182242,2025-08-26 04:24:02,0.5
bitcoin-up-or-down-august-27-9pm-et,DOWN,88199961804963316989575823589765327966215816745869924008829491301906775424924,1756182303,2025-08-26 04:25:03,0.5
bitcoin-up-or-down-august-27-9pm-et,DOWN,88199961804963316989575823589765327966215816745869924008829491301906775424924,1756182362,2025-08-26 04:26:02,0.5
bitcoin-up-or-down-august-27-9pm-et,DOWN,88199961804963316989575823589765327966215816745869924008829491301906775424924,1756182425,2025-08-26 04:27:05,0.5
bitcoin-up-or-down-august-27-9pm-et,DOWN,88199961804963316989575823589765327966215816745869924008829491301906775424924,1756182482,2025-08-26 04:28:02,0.5
bitcoin-up-or-down-august-27-9pm-et,DOWN,88199961804963316989575823589765327966215816745869924008829491301906775424924,1756182542,2025-08-26 04:29:02,0.5
bitcoin-up-or-down-august-27-9pm-et,DOWN,88199961804963316989575823589765327966215816745869924008829491301906775424924,1756182606,2025-08-26 04:30:06,0.5
bitcoin-up-or-down-august-27-9pm-et,DOWN,88199961804963316989575823589765327966215816745869924008829491301906775424924,1756182663,2025-08-26 04:31:03,0.5
bitcoin-up-or-down-august-27-9pm-et,DOWN,88199961804963316989575823589765327966215816745869924008829491301906775424924,1756182723,2025-08-26 04:32:03,0.5
bitcoin-up-or-down-august-27-9pm-et,DOWN,88199961804963316989575823589765327966215816745869924008829491301906775424924,1756182783,2025-08-26 04:33:03,0.5
bitcoin-up-or-down-august-27-9pm-et,DOWN,88199961804963316989575823589765327966215816745869924008829491301906775424924,1756182842,2025-08-26 04:34:02,0.5
bitcoin-up-or-down-august-27-9pm-et,DOWN,88199961804963316989575823589765327966215816745869924008829491301906775424924,1756182904,2025-08-26 04:35:04,0.5
bitcoin-up-or-down-august-27-9pm-et,DOWN,88199961804963316989575823589765327966215816745869924008829491301906775424924,1756182962,2025-08-26 04:36:02,0.5
bitcoin-up-or-down-august-27-9pm-et,DOWN,88199961804963316989575823589765327966215816745869924008829491301906775424924,1756183022,2025-08-26 04:37:02,0.5
bitcoin-up-or-down-august-27-9pm-et,DOWN,88199961804963316989575823589765327966215816745869924008829491301906775424924,1756183083,2025-08-26 04:38:03,0.5
bitcoin-up-or-down-august-27-9pm-et,DOWN,88199961804963316989575823589765327966215816745869924008829491301906775424924,1756183142,2025-08-26 04:39:02,0.5
bitcoin-up-or-down-august-27-9pm-et,DOWN,88199961804963316989575823589765327966215816745869924008829491301906775424924,1756183202,2025-08-26 04:40:02,0.5
bitcoin-up-or-down-august-27-9pm-et,DOWN,88199961804963316989575823589765327966215816745869924008829491301906775424924,1756183263,2025-08-26 04:41:03,0.5
bitcoin-up-or-down-august-27-9pm-et,DOWN,88199961804963316989575823589765327966215816745869924008829491301906775424924,1756183323,2025-08-26 04:42:03,0.5
bitcoin-up-or-down-august-27-9pm-et,DOWN,88199961804963316989575823589765327966215816745869924008829491301906775424924,1756183383,2025-08-26 04:43:03,0.5
bitcoin-up-or-down-august-27-9pm-et,DOWN,88199961804963316989575823589765327966215816745869924008829491301906775424924,1756183442,2025-08-26 04:44:02,0.5
bitcoin-up-or-down-august-27-9pm-et,DOWN,88199961804963316989575823589765327966215816745869924008829491301906775424924,1756183504,2025-08-26 04:45:04,0.5
bitcoin-up-or-down-august-27-9pm-et,DOWN,88199961804963316989575823589765327966215816745869924008829491301906775424924,1756183562,2025-08-26 04:46:02,0.5
bitcoin-up-or-down-august-27-9pm-et,DOWN,88199961804963316989575823589765327966215816745869924008829491301906775424924,1756183623,2025-08-26 04:47:03,0.5
bitcoin-up-or-down-august-27-9pm-et,DOWN,88199961804963316989575823589765327966215816745869924008829491301906775424924,1756183682,2025-08-26 04:48:02,0.5
bitcoin-up-or-down-august-27-9pm-et,DOWN,88199961804963316989575823589765327966215816745869924008829491301906775424924,1756183743,2025-08-26 04:49:03,0.5
bitcoin-up-or-down-august-27-9pm-et,DOWN,88199961804963316989575823589765327966215816745869924008829491301906775424924,1756183802,2025-08-26 04:50:02,0.5
bitcoin-up-or-down-august-27-9pm-et,DOWN,88199961804963316989575823589765327966215816745869924008829491301906775424924,1756183862,2025-08-26 04:51:02,0.5
bitcoin-up-or-down-august-27-9pm-et,DOWN,88199961804963316989575823589765327966215816745869924008829491301906775424924,1756183922,2025-08-26 04:52:02,0.5
bitcoin-up-or-down-august-27-9pm-et,DOWN,88199961804963316989575823589765327966215816745869924008829491301906775424924,1756183985,2025-08-26 04:53:05,0.5
bitcoin-up-or-down-august-27-9pm-et,DOWN,88199961804963316989575823589765327966215816745869924008829491301906775424924,1756184043,2025-08-26 04:54:03,0.5
bitcoin-up-or-down-august-27-9pm-et,DOWN,88199961804963316989575823589765327966215816745869924008829491301906775424924,1756184105,2025-08-26 04:55:05,0.5
bitcoin-up-or-down-august-27-9pm-et,DOWN,88199961804963316989575823589765327966215816745869924008829491301906775424924,1756184163,2025-08-26 04:56:03,0.5
bitcoin-up-or-down-august-27-9pm-et,DOWN,88199961804963316989575823589765327966215816745869924008829491301906775424924,1756184222,2025-08-26 04:57:02,0.5
bitcoin-up-or-down-august-27-9pm-et,DOWN,88199961804963316989575823589765327966215816745869924008829491301906775424924,1756184283,2025-08-26 04:58:03,0.5
bitcoin-up-or-down-august-27-9pm-et,DOWN,88199961804963316989575823589765327966215816745869924008829491301906775424924,1756184342,2025-08-26 04:59:02,0.5
bitcoin-up-or-down-august-27-9pm-et,DOWN,88199961804963316989575823589765327966215816745869924008829491301906775424924,1756184402,2025-08-26 05:00:02,0.5
bitcoin-up-or-down-august-27-9pm-et,DOWN,88199961804963316989575823589765327966215816745869924008829491301906775424924,1756184463,2025-08-26 05:01:03,0.5
bitcoin-up-or-down-august-27-9pm-et,DOWN,88199961804963316989575823589765327966215816745869924008829491301906775424924,1756184523,2025-08-26 05:02:03,0.5
bitcoin-up-or-down-august-27-9pm-et,DOWN,88199961804963316989575823589765327966215816745869924008829491301906775424924,1756184583,2025-08-26 05:03:03,0.5
bitcoin-up-or-down-august-27-9pm-et,DOWN,88199961804963316989575823589765327966215816745869924008829491301906775424924,1756184642,2025-08-26 05:04:02,0.5
bitcoin-up-or-down-august-27-9pm-et,DOWN,88199961804963316989575823589765327966215816745869924008829491301906775424924,1756184703,2025-08-26 05:05:03,0.5
bitcoin-up-or-down-august-27-9pm-et,DOWN,88199961804963316989575823589765327966215816745869924008829491301906775424924,1756184763,2025-08-26 05:06:03,0.5
bitcoin-up-or-down-august-27-9pm-et,DOWN,88199961804963316989575823589765327966215816745869924008829491301906775424924,1756184823,2025-08-26 05:07:03,0.5
bitcoin-up-or-down-august-27-9pm-et,DOWN,88199961804963316989575823589765327966215816745869924008829491301906775424924,1756184882,2025-08-26 05:08:02,0.5
bitcoin-up-or-down-august-27-9pm-et,DOWN,88199961804963316989575823589765327966215816745869924008829491301906775424924,1756184943,2025-08-26 05:09:03,0.5
bitcoin-up-or-down-august-27-9pm-et,DOWN,88199961804963316989575823589765327966215816745869924008829491301906775424924,1756185003,2025-08-26 05:10:03,0.5
bitcoin-up-or-down-august-27-9pm-et,DOWN,88199961804963316989575823589765327966215816745869924008829491301906775424924,1756185064,2025-08-26 05:11:04,0.5
bitcoin-up-or-down-august-27-9pm-et,DOWN,88199961804963316989575823589765327966215816745869924008829491301906775424924,1756185123,2025-08-26 05:12:03,0.5
bitcoin-up-or-down-august-27-9pm-et,DOWN,88199961804963316989575823589765327966215816745869924008829491301906775424924,1756185183,2025-08-26 05:13:03,0.5
bitcoin-up-or-down-august-27-9pm-et,DOWN,88199961804963316989575823589765327966215816745869924008829491301906775424924,1756185243,2025-08-26 05:14:03,0.5
bitcoin-up-or-down-august-27-9pm-et,DOWN,88199961804963316989575823589765327966215816745869924008829491301906775424924,1756185303,2025-08-26 05:15:03,0.5
bitcoin-up-or-down-august-27-9pm-et,DOWN,88199961804963316989575823589765327966215816745869924008829491301906775424924,1756185362,2025-08-26 05:16:02,0.5
bitcoin-up-or-down-august-27-9pm-et,DOWN,88199961804963316989575823589765327966215816745869924008829491301906775424924,1756185423,2025-08-26 05:17:03,0.5
bitcoin-up-or-down-august-27-9pm-et,DOWN,88199961804963316989575823589765327966215816745869924008829491301906775424924,1756185483,2025-08-26 05:18:03,0.5
bitcoin-up-or-down-august-27-9pm-et,DOWN,88199961804963316989575823589765327966215816745869924008829491301906775424924,1756185542,2025-08-26 05:19:02,0.5
bitcoin-up-or-down-august-27-9pm-et,DOWN,88199961804963316989575823589765327966215816745869924008829491301906775424924,1756185602,2025-08-26 05:20:02,0.5
bitcoin-up-or-down-august-27-9pm-et,DOWN,88199961804963316989575823589765327966215816745869924008829491301906775424924,1756185663,2025-08-26 05:21:03,0.5
bitcoin-up-or-down-august-27-9pm-et,DOWN,88199961804963316989575823589765327966215816745869924008829491301906775424924,1756185722,2025-08-26 05:22:02,0.5
bitcoin-up-or-down-august-27-9pm-et,DOWN,88199961804963316989575823589765327966215816745869924008829491301906775424924,1756185783,2025-08-26 05:23:03,0.5
bitcoin-up-or-down-august-27-9pm-et,DOWN,88199961804963316989575823589765327966215816745869924008829491301906775424924,1756185842,2025-08-26 05:24:02,0.5
bitcoin-up-or-down-august-27-9pm-et,DOWN,88199961804963316989575823589765327966215816745869924008829491301906775424924,1756185902,2025-08-26 05:25:02,0.5
bitcoin-up-or-down-august-27-9pm-et,DOWN,88199961804963316989575823589765327966215816745869924008829491301906775424924,1756185962,2025-08-26 05:26:02,0.5
bitcoin-up-or-down-august-27-9pm-et,DOWN,88199961804963316989575823589765327966215816745869924008829491301906775424924,1756186024,2025-08-26 05:27:04,0.5
bitcoin-up-or-down-august-27-9pm-et,DOWN,88199961804963316989575823589765327966215816745869924008829491301906775424924,1756186082,2025-08-26 05:28:02,0.5
bitcoin-up-or-down-august-27-9pm-et,DOWN,88199961804963316989575823589765327966215816745869924008829491301906775424924,1756186142,2025-08-26 05:29:02,0.5
bitcoin-up-or-down-august-27-9pm-et,DOWN,88199961804963316989575823589765327966215816745869924008829491301906775424924,1756186207,2025-08-26 05:30:07,0.5
bitcoin-up-or-down-august-27-9pm-et,DOWN,88199961804963316989575823589765327966215816745869924008829491301906775424924,1756186262,2025-08-26 05:31:02,0.5
bitcoin-up-or-down-august-27-9pm-et,DOWN,88199961804963316989575823589765327966215816745869924008829491301906775424924,1756186323,2025-08-26 05:32:03,0.5
bitcoin-up-or-down-august-27-9pm-et,DOWN,88199961804963316989575823589765327966215816745869924008829491301906775424924,1756186382,2025-08-26 05:33:02,0.5
bitcoin-up-or-down-august-27-9pm-et,DOWN,88199961804963316989575823589765327966215816745869924008829491301906775424924,1756186442,2025-08-26 05:34:02,0.5
bitcoin-up-or-down-august-27-9pm-et,DOWN,88199961804963316989575823589765327966215816745869924008829491301906775424924,1756186504,2025-08-26 05:35:04,0.5
bitcoin-up-or-down-august-27-9pm-et,DOWN,88199961804963316989575823589765327966215816745869924008829491301906775424924,1756186563,2025-08-26 05:36:03,0.5
bitcoin-up-or-down-august-27-9pm-et,DOWN,88199961804963316989575823589765327966215816745869924008829491301906775424924,1756186622,2025-08-26 05:37:02,0.5
bitcoin-up-or-down-august-27-9pm-et,DOWN,88199961804963316989575823589765327966215816745869924008829491301906775424924,1756186683,2025-08-26 05:38:03,0.5
bitcoin-up-or-down-august-27-9pm-et,DOWN,88199961804963316989575823589765327966215816745869924008829491301906775424924,1756186742,2025-08-26 05:39:02,0.5
bitcoin-up-or-down-august-27-9pm-et,DOWN,88199961804963316989575823589765327966215816745869924008829491301906775424924,1756186802,2025-08-26 05:40:02,0.5
bitcoin-up-or-down-august-27-9pm-et,DOWN,88199961804963316989575823589765327966215816745869924008829491301906775424924,1756186863,2025-08-26 05:41:03,0.5
bitcoin-up-or-down-august-27-9pm-et,DOWN,88199961804963316989575823589765327966215816745869924008829491301906775424924,1756186922,2025-08-26 05:42:02,0.5
bitcoin-up-or-down-august-27-9pm-et,DOWN,88199961804963316989575823589765327966215816745869924008829491301906775424924,1756186983,2025-08-26 05:43:03,0.5
bitcoin-up-or-down-august-27-9pm-et,DOWN,88199961804963316989575823589765327966215816745869924008829491301906775424924,1756187043,2025-08-26 05:44:03,0.5
bitcoin-up-or-down-august-27-9pm-et,DOWN,88199961804963316989575823589765327966215816745869924008829491301906775424924,1756187103,2025-08-26 05:45:03,0.5
bitcoin-up-or-down-august-27-9pm-et,DOWN,88199961804963316989575823589765327966215816745869924008829491301906775424924,1756187162,2025-08-26 05:46:02,0.5
bitcoin-up-or-down-august-27-9pm-et,DOWN,88199961804963316989575823589765327966215816745869924008829491301906775424924,1756187223,2025-08-26 05:47:03,0.5
bitcoin-up-or-down-august-27-9pm-et,DOWN,88199961804963316989575823589765327966215816745869924008829491301906775424924,1756187282,2025-08-26 05:48:02,0.5
bitcoin-up-or-down-august-27-9pm-et,DOWN,88199961804963316989575823589765327966215816745869924008829491301906775424924,1756187343,2025-08-26 05:49:03,0.5
bitcoin-up-or-down-august-27-9pm-et,DOWN,88199961804963316989575823589765327966215816745869924008829491301906775424924,1756187403,2025-08-26 05:50:03,0.5
bitcoin-up-or-down-august-27-9pm-et,DOWN,88199961804963316989575823589765327966215816745869924008829491301906775424924,1756187463,2025-08-26 05:51:03,0.5
bitcoin-up-or-down-august-27-9pm-et,DOWN,88199961804963316989575823589765327966215816745869924008829491301906775424924,1756187531,2025-08-26 05:52:11,0.5
bitcoin-up-or-down-august-27-9pm-et,DOWN,88199961804963316989575823589765327966215816745869924008829491301906775424924,1756187583,2025-08-26 05:53:03,0.5
bitcoin-up-or-down-august-27-9pm-et,DOWN,88199961804963316989575823589765327966215816745869924008829491301906775424924,1756187643,2025-08-26 05:54:03,0.5
bitcoin-up-or-down-august-27-9pm-et,DOWN,88199961804963316989575823589765327966215816745869924008829491301906775424924,1756187704,2025-08-26 05:55:04,0.5
bitcoin-up-or-down-august-27-9pm-et,DOWN,88199961804963316989575823589765327966215816745869924008829491301906775424924,1756187762,2025-08-26 05:56:02,0.5
bitcoin-up-or-down-august-27-9pm-et,DOWN,88199961804963316989575823589765327966215816745869924008829491301906775424924,1756187822,2025-08-26 05:57:02,0.5
bitcoin-up-or-down-august-27-9pm-et,DOWN,88199961804963316989575823589765327966215816745869924008829491301906775424924,1756187882,2025-08-26 05:58:02,0.5
bitcoin-up-or-down-august-27-9pm-et,DOWN,88199961804963316989575823589765327966215816745869924008829491301906775424924,1756187943,2025-08-26 05:59:03,0.5
bitcoin-up-or-down-august-27-9pm-et,DOWN,88199961804963316989575823589765327966215816745869924008829491301906775424924,1756188009,2025-08-26 06:00:09,0.5
bitcoin-up-or-down-august-27-9pm-et,DOWN,88199961804963316989575823589765327966215816745869924008829491301906775424924,1756188063,2025-08-26 06:01:03,0.5
bitcoin-up-or-down-august-27-9pm-et,DOWN,88199961804963316989575823589765327966215816745869924008829491301906775424924,1756188122,2025-08-26 06:02:02,0.5
bitcoin-up-or-down-august-27-9pm-et,DOWN,88199961804963316989575823589765327966215816745869924008829491301906775424924,1756188182,2025-08-26 06:03:02,0.5
bitcoin-up-or-down-august-27-9pm-et,DOWN,88199961804963316989575823589765327966215816745869924008829491301906775424924,1756188242,2025-08-26 06:04:02,0.5
bitcoin-up-or-down-august-27-9pm-et,DOWN,88199961804963316989575823589765327966215816745869924008829491301906775424924,1756188303,2025-08-26 06:05:03,0.5
bitcoin-up-or-down-august-27-9pm-et,DOWN,88199961804963316989575823589765327966215816745869924008829491301906775424924,1756188363,2025-08-26 06:06:03,0.5
bitcoin-up-or-down-august-27-9pm-et,DOWN,88199961804963316989575823589765327966215816745869924008829491301906775424924,1756188422,2025-08-26 06:07:02,0.5
bitcoin-up-or-down-august-27-9pm-et,DOWN,88199961804963316989575823589765327966215816745869924008829491301906775424924,1756188483,2025-08-26 06:08:03,0.5
bitcoin-up-or-down-august-27-9pm-et,DOWN,88199961804963316989575823589765327966215816745869924008829491301906775424924,1756188542,2025-08-26 06:09:02,0.5
bitcoin-up-or-down-august-27-9pm-et,DOWN,88199961804963316989575823589765327966215816745869924008829491301906775424924,1756188604,2025-08-26 06:10:04,0.5
bitcoin-up-or-down-august-27-9pm-et,DOWN,88199961804963316989575823589765327966215816745869924008829491301906775424924,1756188663,2025-08-26 06:11:03,0.5
bitcoin-up-or-down-august-27-9pm-et,DOWN,88199961804963316989575823589765327966215816745869924008829491301906775424924,1756188722,2025-08-26 06:12:02,0.5
bitcoin-up-or-down-august-27-9pm-et,DOWN,88199961804963316989575823589765327966215816745869924008829491301906775424924,1756188782,2025-08-26 06:13:02,0.5
bitcoin-up-or-down-august-27-9pm-et,DOWN,88199961804963316989575823589765327966215816745869924008829491301906775424924,1756188843,2025-08-26 06:14:03,0.5
bitcoin-up-or-down-august-27-9pm-et,DOWN,88199961804963316989575823589765327966215816745869924008829491301906775424924,1756188904,2025-08-26 06:15:04,0.5
bitcoin-up-or-down-august-27-9pm-et,DOWN,88199961804963316989575823589765327966215816745869924008829491301906775424924,1756188963,2025-08-26 06:16:03,0.5
bitcoin-up-or-down-august-27-9pm-et,DOWN,88199961804963316989575823589765327966215816745869924008829491301906775424924,1756189022,2025-08-26 06:17:02,0.5
bitcoin-up-or-down-august-27-9pm-et,DOWN,88199961804963316989575823589765327966215816745869924008829491301906775424924,1756189082,2025-08-26 06:18:02,0.5
bitcoin-up-or-down-august-27-9pm-et,DOWN,88199961804963316989575823589765327966215816745869924008829491301906775424924,1756189143,2025-08-26 06:19:03,0.5
bitcoin-up-or-down-august-27-9pm-et,DOWN,88199961804963316989575823589765327966215816745869924008829491301906775424924,1756189202,2025-08-26 06:20:02,0.5
bitcoin-up-or-down-august-27-9pm-et,DOWN,88199961804963316989575823589765327966215816745869924008829491301906775424924,1756189263,2025-08-26 06:21:03,0.5
bitcoin-up-or-down-august-27-9pm-et,DOWN,88199961804963316989575823589765327966215816745869924008829491301906775424924,1756189323,2025-08-26 06:22:03,0.5
bitcoin-up-or-down-august-27-9pm-et,DOWN,88199961804963316989575823589765327966215816745869924008829491301906775424924,1756189382,2025-08-26 06:23:02,0.5
bitcoin-up-or-down-august-27-9pm-et,DOWN,88199961804963316989575823589765327966215816745869924008829491301906775424924,1756189443,2025-08-26 06:24:03,0.5
bitcoin-up-or-down-august-27-9pm-et,DOWN,88199961804963316989575823589765327966215816745869924008829491301906775424924,1756189503,2025-08-26 06:25:03,0.5
bitcoin-up-or-down-august-27-9pm-et,DOWN,88199961804963316989575823589765327966215816745869924008829491301906775424924,1756189567,2025-08-26 06:26:07,0.5
bitcoin-up-or-down-august-27-9pm-et,DOWN,88199961804963316989575823589765327966215816745869924008829491301906775424924,1756189623,2025-08-26 06:27:03,0.5
bitcoin-up-or-down-august-27-9pm-et,DOWN,88199961804963316989575823589765327966215816745869924008829491301906775424924,1756189682,2025-08-26 06:28:02,0.5
bitcoin-up-or-down-august-27-9pm-et,DOWN,88199961804963316989575823589765327966215816745869924008829491301906775424924,1756189743,2025-08-26 06:29:03,0.5
bitcoin-up-or-down-august-27-9pm-et,DOWN,88199961804963316989575823589765327966215816745869924008829491301906775424924,1756189803,2025-08-26 06:30:03,0.5
bitcoin-up-or-down-august-27-9pm-et,DOWN,88199961804963316989575823589765327966215816745869924008829491301906775424924,1756189863,2025-08-26 06:31:03,0.5
bitcoin-up-or-down-august-27-9pm-et,DOWN,88199961804963316989575823589765327966215816745869924008829491301906775424924,1756189922,2025-08-26 06:32:02,0.5
bitcoin-up-or-down-august-27-9pm-et,DOWN,88199961804963316989575823589765327966215816745869924008829491301906775424924,1756189982,2025-08-26 06:33:02,0.5
bitcoin-up-or-down-august-27-9pm-et,DOWN,88199961804963316989575823589765327966215816745869924008829491301906775424924,1756190045,2025-08-26 06:34:05,0.5
bitcoin-up-or-down-august-27-9pm-et,DOWN,88199961804963316989575823589765327966215816745869924008829491301906775424924,1756190102,2025-08-26 06:35:02,0.5
bitcoin-up-or-down-august-27-9pm-et,DOWN,88199961804963316989575823589765327966215816745869924008829491301906775424924,1756190163,2025-08-26 06:36:03,0.5
bitcoin-up-or-down-august-27-9pm-et,DOWN,88199961804963316989575823589765327966215816745869924008829491301906775424924,1756190222,2025-08-26 06:37:02,0.5
bitcoin-up-or-down-august-27-9pm-et,DOWN,88199961804963316989575823589765327966215816745869924008829491301906775424924,1756190282,2025-08-26 06:38:02,0.5
bitcoin-up-or-down-august-27-9pm-et,DOWN,88199961804963316989575823589765327966215816745869924008829491301906775424924,1756190342,2025-08-26 06:39:02,0.5
bitcoin-up-or-down-august-27-9pm-et,DOWN,88199961804963316989575823589765327966215816745869924008829491301906775424924,1756190402,2025-08-26 06:40:02,0.5
bitcoin-up-or-down-august-27-9pm-et,DOWN,88199961804963316989575823589765327966215816745869924008829491301906775424924,1756190462,2025-08-26 06:41:02,0.5
bitcoin-up-or-down-august-27-9pm-et,DOWN,88199961804963316989575823589765327966215816745869924008829491301906775424924,1756190522,2025-08-26 06:42:02,0.5
bitcoin-up-or-down-august-27-9pm-et,DOWN,88199961804963316989575823589765327966215816745869924008829491301906775424924,1756190582,2025-08-26 06:43:02,0.5
bitcoin-up-or-down-august-27-9pm-et,DOWN,88199961804963316989575823589765327966215816745869924008829491301906775424924,1756190642,2025-08-26 06:44:02,0.5
bitcoin-up-or-down-august-27-9pm-et,DOWN,88199961804963316989575823589765327966215816745869924008829491301906775424924,1756190702,2025-08-26 06:45:02,0.5
bitcoin-up-or-down-august-27-9pm-et,DOWN,88199961804963316989575823589765327966215816745869924008829491301906775424924,1756190763,2025-08-26 06:46:03,0.5
bitcoin-up-or-down-august-27-9pm-et,DOWN,88199961804963316989575823589765327966215816745869924008829491301906775424924,1756190823,2025-08-26 06:47:03,0.5
bitcoin-up-or-down-august-27-9pm-et,DOWN,88199961804963316989575823589765327966215816745869924008829491301906775424924,1756190883,2025-08-26 06:48:03,0.5
bitcoin-up-or-down-august-27-9pm-et,DOWN,88199961804963316989575823589765327966215816745869924008829491301906775424924,1756190942,2025-08-26 06:49:02,0.5
bitcoin-up-or-down-august-27-9pm-et,DOWN,88199961804963316989575823589765327966215816745869924008829491301906775424924,1756191003,2025-08-26 06:50:03,0.5
bitcoin-up-or-down-august-27-9pm-et,DOWN,88199961804963316989575823589765327966215816745869924008829491301906775424924,1756191062,2025-08-26 06:51:02,0.5
bitcoin-up-or-down-august-27-9pm-et,DOWN,88199961804963316989575823589765327966215816745869924008829491301906775424924,1756191122,2025-08-26 06:52:02,0.5
bitcoin-up-or-down-august-27-9pm-et,DOWN,88199961804963316989575823589765327966215816745869924008829491301906775424924,1756191183,2025-08-26 06:53:03,0.5
bitcoin-up-or-down-august-27-9pm-et,DOWN,88199961804963316989575823589765327966215816745869924008829491301906775424924,1756191242,2025-08-26 06:54:02,0.5
bitcoin-up-or-down-august-27-9pm-et,DOWN,88199961804963316989575823589765327966215816745869924008829491301906775424924,1756191303,2025-08-26 06:55:03,0.5
bitcoin-up-or-down-august-27-9pm-et,DOWN,88199961804963316989575823589765327966215816745869924008829491301906775424924,1756191363,2025-08-26 06:56:03,0.5
bitcoin-up-or-down-august-27-9pm-et,DOWN,88199961804963316989575823589765327966215816745869924008829491301906775424924,1756191423,2025-08-26 06:57:03,0.5
bitcoin-up-or-down-august-27-9pm-et,DOWN,88199961804963316989575823589765327966215816745869924008829491301906775424924,1756191482,2025-08-26 06:58:02,0.5
bitcoin-up-or-down-august-27-9pm-et,DOWN,88199961804963316989575823589765327966215816745869924008829491301906775424924,1756191542,2025-08-26 06:59:02,0.5
bitcoin-up-or-down-august-27-9pm-et,DOWN,88199961804963316989575823589765327966215816745869924008829491301906775424924,1756191608,2025-08-26 07:00:08,0.5
bitcoin-up-or-down-august-27-9pm-et,DOWN,88199961804963316989575823589765327966215816745869924008829491301906775424924,1756191662,2025-08-26 07:01:02,0.5
bitcoin-up-or-down-august-27-9pm-et,DOWN,88199961804963316989575823589765327966215816745869924008829491301906775424924,1756191723,2025-08-26 07:02:03,0.5
bitcoin-up-or-down-august-27-9pm-et,DOWN,88199961804963316989575823589765327966215816745869924008829491301906775424924,1756191782,2025-08-26 07:03:02,0.5
bitcoin-up-or-down-august-27-9pm-et,DOWN,88199961804963316989575823589765327966215816745869924008829491301906775424924,1756191842,2025-08-26 07:04:02,0.5
bitcoin-up-or-down-august-27-9pm-et,DOWN,88199961804963316989575823589765327966215816745869924008829491301906775424924,1756191904,2025-08-26 07:05:04,0.5
bitcoin-up-or-down-august-27-9pm-et,DOWN,88199961804963316989575823589765327966215816745869924008829491301906775424924,1756191962,2025-08-26 07:06:02,0.5
bitcoin-up-or-down-august-27-9pm-et,DOWN,88199961804963316989575823589765327966215816745869924008829491301906775424924,1756192023,2025-08-26 07:07:03,0.5
bitcoin-up-or-down-august-27-9pm-et,DOWN,88199961804963316989575823589765327966215816745869924008829491301906775424924,1756192083,2025-08-26 07:08:03,0.5
bitcoin-up-or-down-august-27-9pm-et,DOWN,88199961804963316989575823589765327966215816745869924008829491301906775424924,1756192143,2025-08-26 07:09:03,0.5
bitcoin-up-or-down-august-27-9pm-et,DOWN,88199961804963316989575823589765327966215816745869924008829491301906775424924,1756192203,2025-08-26 07:10:03,0.5
bitcoin-up-or-down-august-27-9pm-et,DOWN,88199961804963316989575823589765327966215816745869924008829491301906775424924,1756192262,2025-08-26 07:11:02,0.5
bitcoin-up-or-down-august-27-9pm-et,DOWN,88199961804963316989575823589765327966215816745869924008829491301906775424924,1756192323,2025-08-26 07:12:03,0.5
bitcoin-up-or-down-august-27-9pm-et,DOWN,88199961804963316989575823589765327966215816745869924008829491301906775424924,1756192383,2025-08-26 07:13:03,0.5
bitcoin-up-or-down-august-27-9pm-et,DOWN,88199961804963316989575823589765327966215816745869924008829491301906775424924,1756192442,2025-08-26 07:14:02,0.5
bitcoin-up-or-down-august-27-9pm-et,DOWN,88199961804963316989575823589765327966215816745869924008829491301906775424924,1756192502,2025-08-26 07:15:02,0.5
bitcoin-up-or-down-august-27-9pm-et,DOWN,88199961804963316989575823589765327966215816745869924008829491301906775424924,1756192565,2025-08-26 07:16:05,0.5
bitcoin-up-or-down-august-27-9pm-et,DOWN,88199961804963316989575823589765327966215816745869924008829491301906775424924,1756192622,2025-08-26 07:17:02,0.5
bitcoin-up-or-down-august-27-9pm-et,DOWN,88199961804963316989575823589765327966215816745869924008829491301906775424924,1756192682,2025-08-26 07:18:02,0.5
bitcoin-up-or-down-august-27-9pm-et,DOWN,88199961804963316989575823589765327966215816745869924008829491301906775424924,1756192742,2025-08-26 07:19:02,0.5
bitcoin-up-or-down-august-27-9pm-et,DOWN,88199961804963316989575823589765327966215816745869924008829491301906775424924,1756192802,2025-08-26 07:20:02,0.5
bitcoin-up-or-down-august-27-9pm-et,DOWN,88199961804963316989575823589765327966215816745869924008829491301906775424924,1756192862,2025-08-26 07:21:02,0.5
bitcoin-up-or-down-august-27-9pm-et,DOWN,88199961804963316989575823589765327966215816745869924008829491301906775424924,1756192922,2025-08-26 07:22:02,0.5
bitcoin-up-or-down-august-27-9pm-et,DOWN,88199961804963316989575823589765327966215816745869924008829491301906775424924,1756192982,2025-08-26 07:23:02,0.5
bitcoin-up-or-down-august-27-9pm-et,DOWN,88199961804963316989575823589765327966215816745869924008829491301906775424924,1756193043,2025-08-26 07:24:03,0.5
bitcoin-up-or-down-august-27-9pm-et,DOWN,88199961804963316989575823589765327966215816745869924008829491301906775424924,1756193103,2025-08-26 07:25:03,0.5
bitcoin-up-or-down-august-27-9pm-et,DOWN,88199961804963316989575823589765327966215816745869924008829491301906775424924,1756193164,2025-08-26 07:26:04,0.5
bitcoin-up-or-down-august-27-9pm-et,DOWN,88199961804963316989575823589765327966215816745869924008829491301906775424924,1756193222,2025-08-26 07:27:02,0.5
bitcoin-up-or-down-august-27-9pm-et,DOWN,88199961804963316989575823589765327966215816745869924008829491301906775424924,1756193283,2025-08-26 07:28:03,0.5
bitcoin-up-or-down-august-27-9pm-et,DOWN,88199961804963316989575823589765327966215816745869924008829491301906775424924,1756193342,2025-08-26 07:29:02,0.5
bitcoin-up-or-down-august-27-9pm-et,DOWN,88199961804963316989575823589765327966215816745869924008829491301906775424924,1756193406,2025-08-26 07:30:06,0.5
bitcoin-up-or-down-august-27-9pm-et,DOWN,88199961804963316989575823589765327966215816745869924008829491301906775424924,1756193462,2025-08-26 07:31:02,0.5
bitcoin-up-or-down-august-27-9pm-et,DOWN,88199961804963316989575823589765327966215816745869924008829491301906775424924,1756193522,2025-08-26 07:32:02,0.5
bitcoin-up-or-down-august-27-9pm-et,DOWN,88199961804963316989575823589765327966215816745869924008829491301906775424924,1756193582,2025-08-26 07:33:02,0.5
bitcoin-up-or-down-august-27-9pm-et,DOWN,88199961804963316989575823589765327966215816745869924008829491301906775424924,1756193643,2025-08-26 07:34:03,0.5
bitcoin-up-or-down-august-27-9pm-et,DOWN,88199961804963316989575823589765327966215816745869924008829491301906775424924,1756193702,2025-08-26 07:35:02,0.5
bitcoin-up-or-down-august-27-9pm-et,DOWN,88199961804963316989575823589765327966215816745869924008829491301906775424924,1756193763,2025-08-26 07:36:03,0.5
bitcoin-up-or-down-august-27-9pm-et,DOWN,88199961804963316989575823589765327966215816745869924008829491301906775424924,1756193822,2025-08-26 07:37:02,0.5
bitcoin-up-or-down-august-27-9pm-et,DOWN,88199961804963316989575823589765327966215816745869924008829491301906775424924,1756193882,2025-08-26 07:38:02,0.5
bitcoin-up-or-down-august-27-9pm-et,DOWN,88199961804963316989575823589765327966215816745869924008829491301906775424924,1756193942,2025-08-26 07:39:02,0.5
bitcoin-up-or-down-august-27-9pm-et,DOWN,88199961804963316989575823589765327966215816745869924008829491301906775424924,1756194005,2025-08-26 07:40:05,0.5
bitcoin-up-or-down-august-27-9pm-et,DOWN,88199961804963316989575823589765327966215816745869924008829491301906775424924,1756194063,2025-08-26 07:41:03,0.5
bitcoin-up-or-down-august-27-9pm-et,DOWN,88199961804963316989575823589765327966215816745869924008829491301906775424924,1756194123,2025-08-26 07:42:03,0.5
bitcoin-up-or-down-august-27-9pm-et,DOWN,88199961804963316989575823589765327966215816745869924008829491301906775424924,1756194182,2025-08-26 07:43:02,0.5
bitcoin-up-or-down-august-27-9pm-et,DOWN,88199961804963316989575823589765327966215816745869924008829491301906775424924,1756194242,2025-08-26 07:44:02,0.5
bitcoin-up-or-down-august-27-9pm-et,DOWN,88199961804963316989575823589765327966215816745869924008829491301906775424924,1756194304,2025-08-26 07:45:04,0.5
bitcoin-up-or-down-august-27-9pm-et,DOWN,88199961804963316989575823589765327966215816745869924008829491301906775424924,1756194362,2025-08-26 07:46:02,0.5
bitcoin-up-or-down-august-27-9pm-et,DOWN,88199961804963316989575823589765327966215816745869924008829491301906775424924,1756194422,2025-08-26 07:47:02,0.5
bitcoin-up-or-down-august-27-9pm-et,DOWN,88199961804963316989575823589765327966215816745869924008829491301906775424924,1756194482,2025-08-26 07:48:02,0.5
bitcoin-up-or-down-august-27-9pm-et,DOWN,88199961804963316989575823589765327966215816745869924008829491301906775424924,1756194542,2025-08-26 07:49:02,0.5
bitcoin-up-or-down-august-27-9pm-et,DOWN,88199961804963316989575823589765327966215816745869924008829491301906775424924,1756194603,2025-08-26 07:50:03,0.5
bitcoin-up-or-down-august-27-9pm-et,DOWN,88199961804963316989575823589765327966215816745869924008829491301906775424924,1756194664,2025-08-26 07:51:04,0.5
bitcoin-up-or-down-august-27-9pm-et,DOWN,88199961804963316989575823589765327966215816745869924008829491301906775424924,1756194730,2025-08-26 07:52:10,0.5
bitcoin-up-or-down-august-27-9pm-et,DOWN,88199961804963316989575823589765327966215816745869924008829491301906775424924,1756194783,2025-08-26 07:53:03,0.5
bitcoin-up-or-down-august-27-9pm-et,DOWN,88199961804963316989575823589765327966215816745869924008829491301906775424924,1756194842,2025-08-26 07:54:02,0.5
bitcoin-up-or-down-august-27-9pm-et,DOWN,88199961804963316989575823589765327966215816745869924008829491301906775424924,1756194904,2025-08-26 07:55:04,0.5
bitcoin-up-or-down-august-27-9pm-et,DOWN,88199961804963316989575823589765327966215816745869924008829491301906775424924,1756194963,2025-08-26 07:56:03,0.5
bitcoin-up-or-down-august-27-9pm-et,DOWN,88199961804963316989575823589765327966215816745869924008829491301906775424924,1756195022,2025-08-26 07:57:02,0.5
bitcoin-up-or-down-august-27-9pm-et,DOWN,88199961804963316989575823589765327966215816745869924008829491301906775424924,1756195083,2025-08-26 07:58:03,0.5
bitcoin-up-or-down-august-27-9pm-et,DOWN,88199961804963316989575823589765327966215816745869924008829491301906775424924,1756195143,2025-08-26 07:59:03,0.5
bitcoin-up-or-down-august-27-9pm-et,DOWN,88199961804963316989575823589765327966215816745869924008829491301906775424924,1756195208,2025-08-26 08:00:08,0.5
bitcoin-up-or-down-august-27-9pm-et,DOWN,88199961804963316989575823589765327966215816745869924008829491301906775424924,1756195263,2025-08-26 08:01:03,0.5
bitcoin-up-or-down-august-27-9pm-et,DOWN,88199961804963316989575823589765327966215816745869924008829491301906775424924,1756195323,2025-08-26 08:02:03,0.5
bitcoin-up-or-down-august-27-9pm-et,DOWN,88199961804963316989575823589765327966215816745869924008829491301906775424924,1756195383,2025-08-26 08:03:03,0.5
bitcoin-up-or-down-august-27-9pm-et,DOWN,88199961804963316989575823589765327966215816745869924008829491301906775424924,1756195443,2025-08-26 08:04:03,0.5
bitcoin-up-or-down-august-27-9pm-et,DOWN,88199961804963316989575823589765327966215816745869924008829491301906775424924,1756195503,2025-08-26 08:05:03,0.5
bitcoin-up-or-down-august-27-9pm-et,DOWN,88199961804963316989575823589765327966215816745869924008829491301906775424924,1756195562,2025-08-26 08:06:02,0.5
bitcoin-up-or-down-august-27-9pm-et,DOWN,88199961804963316989575823589765327966215816745869924008829491301906775424924,1756195623,2025-08-26 08:07:03,0.5
bitcoin-up-or-down-august-27-9pm-et,DOWN,88199961804963316989575823589765327966215816745869924008829491301906775424924,1756195701,2025-08-26 08:08:21,0.5
bitcoin-up-or-down-august-27-9pm-et,DOWN,88199961804963316989575823589765327966215816745869924008829491301906775424924,1756195742,2025-08-26 08:09:02,0.5
bitcoin-up-or-down-august-27-9pm-et,DOWN,88199961804963316989575823589765327966215816745869924008829491301906775424924,1756195802,2025-08-26 08:10:02,0.5
bitcoin-up-or-down-august-27-9pm-et,DOWN,88199961804963316989575823589765327966215816745869924008829491301906775424924,1756195863,2025-08-26 08:11:03,0.5
bitcoin-up-or-down-august-27-9pm-et,DOWN,88199961804963316989575823589765327966215816745869924008829491301906775424924,1756195922,2025-08-26 08:12:02,0.5
bitcoin-up-or-down-august-27-9pm-et,DOWN,88199961804963316989575823589765327966215816745869924008829491301906775424924,1756195983,2025-08-26 08:13:03,0.5
bitcoin-up-or-down-august-27-9pm-et,DOWN,88199961804963316989575823589765327966215816745869924008829491301906775424924,1756196043,2025-08-26 08:14:03,0.5
bitcoin-up-or-down-august-27-9pm-et,DOWN,88199961804963316989575823589765327966215816745869924008829491301906775424924,1756196104,2025-08-26 08:15:04,0.5
bitcoin-up-or-down-august-27-9pm-et,DOWN,88199961804963316989575823589765327966215816745869924008829491301906775424924,1756196163,2025-08-26 08:16:03,0.5
bitcoin-up-or-down-august-27-9pm-et,DOWN,88199961804963316989575823589765327966215816745869924008829491301906775424924,1756196222,2025-08-26 08:17:02,0.5
bitcoin-up-or-down-august-27-9pm-et,DOWN,88199961804963316989575823589765327966215816745869924008829491301906775424924,1756196283,2025-08-26 08:18:03,0.5
bitcoin-up-or-down-august-27-9pm-et,DOWN,88199961804963316989575823589765327966215816745869924008829491301906775424924,1756196342,2025-08-26 08:19:02,0.5
bitcoin-up-or-down-august-27-9pm-et,DOWN,88199961804963316989575823589765327966215816745869924008829491301906775424924,1756196404,2025-08-26 08:20:04,0.5
bitcoin-up-or-down-august-27-9pm-et,DOWN,88199961804963316989575823589765327966215816745869924008829491301906775424924,1756196463,2025-08-26 08:21:03,0.5
bitcoin-up-or-down-august-27-9pm-et,DOWN,88199961804963316989575823589765327966215816745869924008829491301906775424924,1756196522,2025-08-26 08:22:02,0.5
bitcoin-up-or-down-august-27-9pm-et,DOWN,88199961804963316989575823589765327966215816745869924008829491301906775424924,1756196582,2025-08-26 08:23:02,0.5
bitcoin-up-or-down-august-27-9pm-et,DOWN,88199961804963316989575823589765327966215816745869924008829491301906775424924,1756196643,2025-08-26 08:24:03,0.5
bitcoin-up-or-down-august-27-9pm-et,DOWN,88199961804963316989575823589765327966215816745869924008829491301906775424924,1756196703,2025-08-26 08:25:03,0.5
bitcoin-up-or-down-august-27-9pm-et,DOWN,88199961804963316989575823589765327966215816745869924008829491301906775424924,1756196763,2025-08-26 08:26:03,0.5
bitcoin-up-or-down-august-27-9pm-et,DOWN,88199961804963316989575823589765327966215816745869924008829491301906775424924,1756196823,2025-08-26 08:27:03,0.5
bitcoin-up-or-down-august-27-9pm-et,DOWN,88199961804963316989575823589765327966215816745869924008829491301906775424924,1756196883,2025-08-26 08:28:03,0.5
bitcoin-up-or-down-august-27-9pm-et,DOWN,88199961804963316989575823589765327966215816745869924008829491301906775424924,1756196942,2025-08-26 08:29:02,0.5
bitcoin-up-or-down-august-27-9pm-et,DOWN,88199961804963316989575823589765327966215816745869924008829491301906775424924,1756197007,2025-08-26 08:30:07,0.5
bitcoin-up-or-down-august-27-9pm-et,DOWN,88199961804963316989575823589765327966215816745869924008829491301906775424924,1756197062,2025-08-26 08:31:02,0.5
bitcoin-up-or-down-august-27-9pm-et,DOWN,88199961804963316989575823589765327966215816745869924008829491301906775424924,1756197122,2025-08-26 08:32:02,0.5
bitcoin-up-or-down-august-27-9pm-et,DOWN,88199961804963316989575823589765327966215816745869924008829491301906775424924,1756197182,2025-08-26 08:33:02,0.5
bitcoin-up-or-down-august-27-9pm-et,DOWN,88199961804963316989575823589765327966215816745869924008829491301906775424924,1756197242,2025-08-26 08:34:02,0.5
bitcoin-up-or-down-august-27-9pm-et,DOWN,88199961804963316989575823589765327966215816745869924008829491301906775424924,1756197304,2025-08-26 08:35:04,0.5
bitcoin-up-or-down-august-27-9pm-et,DOWN,88199961804963316989575823589765327966215816745869924008829491301906775424924,1756197362,2025-08-26 08:36:02,0.5
bitcoin-up-or-down-august-27-9pm-et,DOWN,88199961804963316989575823589765327966215816745869924008829491301906775424924,1756197423,2025-08-26 08:37:03,0.5
bitcoin-up-or-down-august-27-9pm-et,DOWN,88199961804963316989575823589765327966215816745869924008829491301906775424924,1756197483,2025-08-26 08:38:03,0.5
bitcoin-up-or-down-august-27-9pm-et,DOWN,88199961804963316989575823589765327966215816745869924008829491301906775424924,1756197542,2025-08-26 08:39:02,0.5
bitcoin-up-or-down-august-27-9pm-et,DOWN,88199961804963316989575823589765327966215816745869924008829491301906775424924,1756197603,2025-08-26 08:40:03,0.5
bitcoin-up-or-down-august-27-9pm-et,DOWN,88199961804963316989575823589765327966215816745869924008829491301906775424924,1756197662,2025-08-26 08:41:02,0.5
bitcoin-up-or-down-august-27-9pm-et,DOWN,88199961804963316989575823589765327966215816745869924008829491301906775424924,1756197722,2025-08-26 08:42:02,0.5
bitcoin-up-or-down-august-27-9pm-et,DOWN,88199961804963316989575823589765327966215816745869924008829491301906775424924,1756197782,2025-08-26 08:43:02,0.5
bitcoin-up-or-down-august-27-9pm-et,DOWN,88199961804963316989575823589765327966215816745869924008829491301906775424924,1756197842,2025-08-26 08:44:02,0.5
bitcoin-up-or-down-august-27-9pm-et,DOWN,88199961804963316989575823589765327966215816745869924008829491301906775424924,1756197904,2025-08-26 08:45:04,0.5
bitcoin-up-or-down-august-27-9pm-et,DOWN,88199961804963316989575823589765327966215816745869924008829491301906775424924,1756197963,2025-08-26 08:46:03,0.5
bitcoin-up-or-down-august-27-9pm-et,DOWN,88199961804963316989575823589765327966215816745869924008829491301906775424924,1756198023,2025-08-26 08:47:03,0.5
bitcoin-up-or-down-august-27-9pm-et,DOWN,88199961804963316989575823589765327966215816745869924008829491301906775424924,1756198083,2025-08-26 08:48:03,0.5
bitcoin-up-or-down-august-27-9pm-et,DOWN,88199961804963316989575823589765327966215816745869924008829491301906775424924,1756198143,2025-08-26 08:49:03,0.5
bitcoin-up-or-down-august-27-9pm-et,DOWN,88199961804963316989575823589765327966215816745869924008829491301906775424924,1756198203,2025-08-26 08:50:03,0.5
bitcoin-up-or-down-august-27-9pm-et,DOWN,88199961804963316989575823589765327966215816745869924008829491301906775424924,1756198263,2025-08-26 08:51:03,0.5
bitcoin-up-or-down-august-27-9pm-et,DOWN,88199961804963316989575823589765327966215816745869924008829491301906775424924,1756198325,2025-08-26 08:52:05,0.5
bitcoin-up-or-down-august-27-9pm-et,DOWN,88199961804963316989575823589765327966215816745869924008829491301906775424924,1756198385,2025-08-26 08:53:05,0.5
bitcoin-up-or-down-august-27-9pm-et,DOWN,88199961804963316989575823589765327966215816745869924008829491301906775424924,1756198442,2025-08-26 08:54:02,0.5
bitcoin-up-or-down-august-27-9pm-et,DOWN,88199961804963316989575823589765327966215816745869924008829491301906775424924,1756198503,2025-08-26 08:55:03,0.5
bitcoin-up-or-down-august-27-9pm-et,DOWN,88199961804963316989575823589765327966215816745869924008829491301906775424924,1756198563,2025-08-26 08:56:03,0.5
bitcoin-up-or-down-august-27-9pm-et,DOWN,88199961804963316989575823589765327966215816745869924008829491301906775424924,1756198623,2025-08-26 08:57:03,0.5
bitcoin-up-or-down-august-27-9pm-et,DOWN,88199961804963316989575823589765327966215816745869924008829491301906775424924,1756198683,2025-08-26 08:58:03,0.5
bitcoin-up-or-down-august-27-9pm-et,DOWN,88199961804963316989575823589765327966215816745869924008829491301906775424924,1756198743,2025-08-26 08:59:03,0.5
bitcoin-up-or-down-august-27-9pm-et,DOWN,88199961804963316989575823589765327966215816745869924008829491301906775424924,1756198817,2025-08-26 09:00:17,0.5
bitcoin-up-or-down-august-27-9pm-et,DOWN,88199961804963316989575823589765327966215816745869924008829491301906775424924,1756198863,2025-08-26 09:01:03,0.5
bitcoin-up-or-down-august-27-9pm-et,DOWN,88199961804963316989575823589765327966215816745869924008829491301906775424924,1756198922,2025-08-26 09:02:02,0.5
bitcoin-up-or-down-august-27-9pm-et,DOWN,88199961804963316989575823589765327966215816745869924008829491301906775424924,1756198983,2025-08-26 09:03:03,0.5
bitcoin-up-or-down-august-27-9pm-et,DOWN,88199961804963316989575823589765327966215816745869924008829491301906775424924,1756199042,2025-08-26 09:04:02,0.5
bitcoin-up-or-down-august-27-9pm-et,DOWN,88199961804963316989575823589765327966215816745869924008829491301906775424924,1756199104,2025-08-26 09:05:04,0.5
bitcoin-up-or-down-august-27-9pm-et,DOWN,88199961804963316989575823589765327966215816745869924008829491301906775424924,1756199164,2025-08-26 09:06:04,0.5
bitcoin-up-or-down-august-27-9pm-et,DOWN,88199961804963316989575823589765327966215816745869924008829491301906775424924,1756199223,2025-08-26 09:07:03,0.5
bitcoin-up-or-down-august-27-9pm-et,DOWN,88199961804963316989575823589765327966215816745869924008829491301906775424924,1756199283,2025-08-26 09:08:03,0.5
bitcoin-up-or-down-august-27-9pm-et,DOWN,88199961804963316989575823589765327966215816745869924008829491301906775424924,1756199343,2025-08-26 09:09:03,0.5
bitcoin-up-or-down-august-27-9pm-et,DOWN,88199961804963316989575823589765327966215816745869924008829491301906775424924,1756199404,2025-08-26 09:10:04,0.5
bitcoin-up-or-down-august-27-9pm-et,DOWN,88199961804963316989575823589765327966215816745869924008829491301906775424924,1756199462,2025-08-26 09:11:02,0.5
bitcoin-up-or-down-august-27-9pm-et,DOWN,88199961804963316989575823589765327966215816745869924008829491301906775424924,1756199522,2025-08-26 09:12:02,0.5
bitcoin-up-or-down-august-27-9pm-et,DOWN,88199961804963316989575823589765327966215816745869924008829491301906775424924,1756199582,2025-08-26 09:13:02,0.5
bitcoin-up-or-down-august-27-9pm-et,DOWN,88199961804963316989575823589765327966215816745869924008829491301906775424924,1756199643,2025-08-26 09:14:03,0.5
bitcoin-up-or-down-august-27-9pm-et,DOWN,88199961804963316989575823589765327966215816745869924008829491301906775424924,1756199702,2025-08-26 09:15:02,0.5
bitcoin-up-or-down-august-27-9pm-et,DOWN,88199961804963316989575823589765327966215816745869924008829491301906775424924,1756199763,2025-08-26 09:16:03,0.5
bitcoin-up-or-down-august-27-9pm-et,DOWN,88199961804963316989575823589765327966215816745869924008829491301906775424924,1756199822,2025-08-26 09:17:02,0.5
bitcoin-up-or-down-august-27-9pm-et,DOWN,88199961804963316989575823589765327966215816745869924008829491301906775424924,1756199882,2025-08-26 09:18:02,0.5
bitcoin-up-or-down-august-27-9pm-et,DOWN,88199961804963316989575823589765327966215816745869924008829491301906775424924,1756199942,2025-08-26 09:19:02,0.5
bitcoin-up-or-down-august-27-9pm-et,DOWN,88199961804963316989575823589765327966215816745869924008829491301906775424924,1756200002,2025-08-26 09:20:02,0.5
bitcoin-up-or-down-august-27-9pm-et,DOWN,88199961804963316989575823589765327966215816745869924008829491301906775424924,1756200062,2025-08-26 09:21:02,0.5
bitcoin-up-or-down-august-27-9pm-et,DOWN,88199961804963316989575823589765327966215816745869924008829491301906775424924,1756200123,2025-08-26 09:22:03,0.5
bitcoin-up-or-down-august-27-9pm-et,DOWN,88199961804963316989575823589765327966215816745869924008829491301906775424924,1756200183,2025-08-26 09:23:03,0.5
bitcoin-up-or-down-august-27-9pm-et,DOWN,88199961804963316989575823589765327966215816745869924008829491301906775424924,1756200242,2025-08-26 09:24:02,0.5
bitcoin-up-or-down-august-27-9pm-et,DOWN,88199961804963316989575823589765327966215816745869924008829491301906775424924,1756200303,2025-08-26 09:25:03,0.5
bitcoin-up-or-down-august-27-9pm-et,DOWN,88199961804963316989575823589765327966215816745869924008829491301906775424924,1756200370,2025-08-26 09:26:10,0.5
bitcoin-up-or-down-august-27-9pm-et,DOWN,88199961804963316989575823589765327966215816745869924008829491301906775424924,1756200424,2025-08-26 09:27:04,0.5
bitcoin-up-or-down-august-27-9pm-et,DOWN,88199961804963316989575823589765327966215816745869924008829491301906775424924,1756200482,2025-08-26 09:28:02,0.5
bitcoin-up-or-down-august-27-9pm-et,DOWN,88199961804963316989575823589765327966215816745869924008829491301906775424924,1756200544,2025-08-26 09:29:04,0.5
bitcoin-up-or-down-august-27-9pm-et,DOWN,88199961804963316989575823589765327966215816745869924008829491301906775424924,1756200606,2025-08-26 09:30:06,0.5
bitcoin-up-or-down-august-27-9pm-et,DOWN,88199961804963316989575823589765327966215816745869924008829491301906775424924,1756200664,2025-08-26 09:31:04,0.5
bitcoin-up-or-down-august-27-9pm-et,DOWN,88199961804963316989575823589765327966215816745869924008829491301906775424924,1756200722,2025-08-26 09:32:02,0.5
bitcoin-up-or-down-august-27-9pm-et,DOWN,88199961804963316989575823589765327966215816745869924008829491301906775424924,1756200783,2025-08-26 09:33:03,0.5
bitcoin-up-or-down-august-27-9pm-et,DOWN,88199961804963316989575823589765327966215816745869924008829491301906775424924,1756200843,2025-08-26 09:34:03,0.5
bitcoin-up-or-down-august-27-9pm-et,DOWN,88199961804963316989575823589765327966215816745869924008829491301906775424924,1756200904,2025-08-26 09:35:04,0.5
bitcoin-up-or-down-august-27-9pm-et,DOWN,88199961804963316989575823589765327966215816745869924008829491301906775424924,1756200962,2025-08-26 09:36:02,0.5
bitcoin-up-or-down-august-27-9pm-et,DOWN,88199961804963316989575823589765327966215816745869924008829491301906775424924,1756201023,2025-08-26 09:37:03,0.5
bitcoin-up-or-down-august-27-9pm-et,DOWN,88199961804963316989575823589765327966215816745869924008829491301906775424924,1756201082,2025-08-26 09:38:02,0.5
bitcoin-up-or-down-august-27-9pm-et,DOWN,88199961804963316989575823589765327966215816745869924008829491301906775424924,1756201143,2025-08-26 09:39:03,0.5
bitcoin-up-or-down-august-27-9pm-et,DOWN,88199961804963316989575823589765327966215816745869924008829491301906775424924,1756201203,2025-08-26 09:40:03,0.5
bitcoin-up-or-down-august-27-9pm-et,DOWN,88199961804963316989575823589765327966215816745869924008829491301906775424924,1756201263,2025-08-26 09:41:03,0.5
bitcoin-up-or-down-august-27-9pm-et,DOWN,88199961804963316989575823589765327966215816745869924008829491301906775424924,1756201322,2025-08-26 09:42:02,0.5
bitcoin-up-or-down-august-27-9pm-et,DOWN,88199961804963316989575823589765327966215816745869924008829491301906775424924,1756201382,2025-08-26 09:43:02,0.5
bitcoin-up-or-down-august-27-9pm-et,DOWN,88199961804963316989575823589765327966215816745869924008829491301906775424924,1756201443,2025-08-26 09:44:03,0.5
bitcoin-up-or-down-august-27-9pm-et,DOWN,88199961804963316989575823589765327966215816745869924008829491301906775424924,1756201502,2025-08-26 09:45:02,0.5
bitcoin-up-or-down-august-27-9pm-et,DOWN,88199961804963316989575823589765327966215816745869924008829491301906775424924,1756201562,2025-08-26 09:46:02,0.5
bitcoin-up-or-down-august-27-9pm-et,DOWN,88199961804963316989575823589765327966215816745869924008829491301906775424924,1756201622,2025-08-26 09:47:02,0.5
bitcoin-up-or-down-august-27-9pm-et,DOWN,88199961804963316989575823589765327966215816745869924008829491301906775424924,1756201683,2025-08-26 09:48:03,0.5
bitcoin-up-or-down-august-27-9pm-et,DOWN,88199961804963316989575823589765327966215816745869924008829491301906775424924,1756201743,2025-08-26 09:49:03,0.5
bitcoin-up-or-down-august-27-9pm-et,DOWN,88199961804963316989575823589765327966215816745869924008829491301906775424924,1756201803,2025-08-26 09:50:03,0.5
bitcoin-up-or-down-august-27-9pm-et,DOWN,88199961804963316989575823589765327966215816745869924008829491301906775424924,1756201862,2025-08-26 09:51:02,0.5
bitcoin-up-or-down-august-27-9pm-et,DOWN,88199961804963316989575823589765327966215816745869924008829491301906775424924,1756201928,2025-08-26 09:52:08,0.5
bitcoin-up-or-down-august-27-9pm-et,DOWN,88199961804963316989575823589765327966215816745869924008829491301906775424924,1756201983,2025-08-26 09:53:03,0.5
bitcoin-up-or-down-august-27-9pm-et,DOWN,88199961804963316989575823589765327966215816745869924008829491301906775424924,1756202043,2025-08-26 09:54:03,0.5
bitcoin-up-or-down-august-27-9pm-et,DOWN,88199961804963316989575823589765327966215816745869924008829491301906775424924,1756202105,2025-08-26 09:55:05,0.5
bitcoin-up-or-down-august-27-9pm-et,DOWN,88199961804963316989575823589765327966215816745869924008829491301906775424924,1756202163,2025-08-26 09:56:03,0.5
bitcoin-up-or-down-august-27-9pm-et,DOWN,88199961804963316989575823589765327966215816745869924008829491301906775424924,1756202222,2025-08-26 09:57:02,0.5
bitcoin-up-or-down-august-27-9pm-et,DOWN,88199961804963316989575823589765327966215816745869924008829491301906775424924,1756202283,2025-08-26 09:58:03,0.5
bitcoin-up-or-down-august-27-9pm-et,DOWN,88199961804963316989575823589765327966215816745869924008829491301906775424924,1756202342,2025-08-26 09:59:02,0.5
bitcoin-up-or-down-august-27-9pm-et,DOWN,88199961804963316989575823589765327966215816745869924008829491301906775424924,1756202404,2025-08-26 10:00:04,0.5
bitcoin-up-or-down-august-27-9pm-et,DOWN,88199961804963316989575823589765327966215816745869924008829491301906775424924,1756202464,2025-08-26 10:01:04,0.5
bitcoin-up-or-down-august-27-9pm-et,DOWN,88199961804963316989575823589765327966215816745869924008829491301906775424924,1756202524,2025-08-26 10:02:04,0.5
bitcoin-up-or-down-august-27-9pm-et,DOWN,88199961804963316989575823589765327966215816745869924008829491301906775424924,1756202583,2025-08-26 10:03:03,0.5
bitcoin-up-or-down-august-27-9pm-et,DOWN,88199961804963316989575823589765327966215816745869924008829491301906775424924,1756202643,2025-08-26 10:04:03,0.5
bitcoin-up-or-down-august-27-9pm-et,DOWN,88199961804963316989575823589765327966215816745869924008829491301906775424924,1756202704,2025-08-26 10:05:04,0.5
bitcoin-up-or-down-august-27-9pm-et,DOWN,88199961804963316989575823589765327966215816745869924008829491301906775424924,1756202763,2025-08-26 10:06:03,0.5
bitcoin-up-or-down-august-27-9pm-et,DOWN,88199961804963316989575823589765327966215816745869924008829491301906775424924,1756202824,2025-08-26 10:07:04,0.5
bitcoin-up-or-down-august-27-9pm-et,DOWN,88199961804963316989575823589765327966215816745869924008829491301906775424924,1756202883,2025-08-26 10:08:03,0.5
bitcoin-up-or-down-august-27-9pm-et,DOWN,88199961804963316989575823589765327966215816745869924008829491301906775424924,1756202942,2025-08-26 10:09:02,0.5
bitcoin-up-or-down-august-27-9pm-et,DOWN,88199961804963316989575823589765327966215816745869924008829491301906775424924,1756203004,2025-08-26 10:10:04,0.5
bitcoin-up-or-down-august-27-9pm-et,DOWN,88199961804963316989575823589765327966215816745869924008829491301906775424924,1756203062,2025-08-26 10:11:02,0.5
bitcoin-up-or-down-august-27-9pm-et,DOWN,88199961804963316989575823589765327966215816745869924008829491301906775424924,1756203122,2025-08-26 10:12:02,0.5
bitcoin-up-or-down-august-27-9pm-et,DOWN,88199961804963316989575823589765327966215816745869924008829491301906775424924,1756203182,2025-08-26 10:13:02,0.5
bitcoin-up-or-down-august-27-9pm-et,DOWN,88199961804963316989575823589765327966215816745869924008829491301906775424924,1756203243,2025-08-26 10:14:03,0.5
bitcoin-up-or-down-august-27-9pm-et,DOWN,88199961804963316989575823589765327966215816745869924008829491301906775424924,1756203303,2025-08-26 10:15:03,0.5
bitcoin-up-or-down-august-27-9pm-et,DOWN,88199961804963316989575823589765327966215816745869924008829491301906775424924,1756203363,2025-08-26 10:16:03,0.5
bitcoin-up-or-down-august-27-9pm-et,DOWN,88199961804963316989575823589765327966215816745869924008829491301906775424924,1756203423,2025-08-26 10:17:03,0.5
bitcoin-up-or-down-august-27-9pm-et,DOWN,88199961804963316989575823589765327966215816745869924008829491301906775424924,1756203482,2025-08-26 10:18:02,0.5
bitcoin-up-or-down-august-27-9pm-et,DOWN,88199961804963316989575823589765327966215816745869924008829491301906775424924,1756203542,2025-08-26 10:19:02,0.5
bitcoin-up-or-down-august-27-9pm-et,DOWN,88199961804963316989575823589765327966215816745869924008829491301906775424924,1756203602,2025-08-26 10:20:02,0.5
bitcoin-up-or-down-august-27-9pm-et,DOWN,88199961804963316989575823589765327966215816745869924008829491301906775424924,1756203662,2025-08-26 10:21:02,0.5
bitcoin-up-or-down-august-27-9pm-et,DOWN,88199961804963316989575823589765327966215816745869924008829491301906775424924,1756203722,2025-08-26 10:22:02,0.5
bitcoin-up-or-down-august-27-9pm-et,DOWN,88199961804963316989575823589765327966215816745869924008829491301906775424924,1756203782,2025-08-26 10:23:02,0.5
bitcoin-up-or-down-august-27-9pm-et,DOWN,88199961804963316989575823589765327966215816745869924008829491301906775424924,1756203842,2025-08-26 10:24:02,0.5
bitcoin-up-or-down-august-27-9pm-et,DOWN,88199961804963316989575823589765327966215816745869924008829491301906775424924,1756203903,2025-08-26 10:25:03,0.5
bitcoin-up-or-down-august-27-9pm-et,DOWN,88199961804963316989575823589765327966215816745869924008829491301906775424924,1756203962,2025-08-26 10:26:02,0.5
bitcoin-up-or-down-august-27-9pm-et,DOWN,88199961804963316989575823589765327966215816745869924008829491301906775424924,1756204023,2025-08-26 10:27:03,0.5
bitcoin-up-or-down-august-27-9pm-et,DOWN,88199961804963316989575823589765327966215816745869924008829491301906775424924,1756204082,2025-08-26 10:28:02,0.5
bitcoin-up-or-down-august-27-9pm-et,DOWN,88199961804963316989575823589765327966215816745869924008829491301906775424924,1756204142,2025-08-26 10:29:02,0.5
bitcoin-up-or-down-august-27-9pm-et,DOWN,88199961804963316989575823589765327966215816745869924008829491301906775424924,1756204205,2025-08-26 10:30:05,0.5
bitcoin-up-or-down-august-27-9pm-et,DOWN,88199961804963316989575823589765327966215816745869924008829491301906775424924,1756204262,2025-08-26 10:31:02,0.5
bitcoin-up-or-down-august-27-9pm-et,DOWN,88199961804963316989575823589765327966215816745869924008829491301906775424924,1756204323,2025-08-26 10:32:03,0.5
bitcoin-up-or-down-august-27-9pm-et,DOWN,88199961804963316989575823589765327966215816745869924008829491301906775424924,1756204384,2025-08-26 10:33:04,0.5
bitcoin-up-or-down-august-27-9pm-et,DOWN,88199961804963316989575823589765327966215816745869924008829491301906775424924,1756204443,2025-08-26 10:34:03,0.5
bitcoin-up-or-down-august-27-9pm-et,DOWN,88199961804963316989575823589765327966215816745869924008829491301906775424924,1756204503,2025-08-26 10:35:03,0.5
bitcoin-up-or-down-august-27-9pm-et,DOWN,88199961804963316989575823589765327966215816745869924008829491301906775424924,1756204562,2025-08-26 10:36:02,0.5
bitcoin-up-or-down-august-27-9pm-et,DOWN,88199961804963316989575823589765327966215816745869924008829491301906775424924,1756204623,2025-08-26 10:37:03,0.5
bitcoin-up-or-down-august-27-9pm-et,DOWN,88199961804963316989575823589765327966215816745869924008829491301906775424924,1756204684,2025-08-26 10:38:04,0.5
bitcoin-up-or-down-august-27-9pm-et,DOWN,88199961804963316989575823589765327966215816745869924008829491301906775424924,1756204743,2025-08-26 10:39:03,0.5
bitcoin-up-or-down-august-27-9pm-et,DOWN,88199961804963316989575823589765327966215816745869924008829491301906775424924,1756204803,2025-08-26 10:40:03,0.5
bitcoin-up-or-down-august-27-9pm-et,DOWN,88199961804963316989575823589765327966215816745869924008829491301906775424924,1756204862,2025-08-26 10:41:02,0.5
bitcoin-up-or-down-august-27-9pm-et,DOWN,88199961804963316989575823589765327966215816745869924008829491301906775424924,1756204922,2025-08-26 10:42:02,0.5
bitcoin-up-or-down-august-27-9pm-et,DOWN,88199961804963316989575823589765327966215816745869924008829491301906775424924,1756204983,2025-08-26 10:43:03,0.5
bitcoin-up-or-down-august-27-9pm-et,DOWN,88199961804963316989575823589765327966215816745869924008829491301906775424924,1756205045,2025-08-26 10:44:05,0.5
bitcoin-up-or-down-august-27-9pm-et,DOWN,88199961804963316989575823589765327966215816745869924008829491301906775424924,1756205104,2025-08-26 10:45:04,0.5
bitcoin-up-or-down-august-27-9pm-et,DOWN,88199961804963316989575823589765327966215816745869924008829491301906775424924,1756205164,2025-08-26 10:46:04,0.5
bitcoin-up-or-down-august-27-9pm-et,DOWN,88199961804963316989575823589765327966215816745869924008829491301906775424924,1756205222,2025-08-26 10:47:02,0.5
bitcoin-up-or-down-august-27-9pm-et,DOWN,88199961804963316989575823589765327966215816745869924008829491301906775424924,1756205282,2025-08-26 10:48:02,0.5
bitcoin-up-or-down-august-27-9pm-et,DOWN,88199961804963316989575823589765327966215816745869924008829491301906775424924,1756205343,2025-08-26 10:49:03,0.5
bitcoin-up-or-down-august-27-9pm-et,DOWN,88199961804963316989575823589765327966215816745869924008829491301906775424924,1756205403,2025-08-26 10:50:03,0.5
bitcoin-up-or-down-august-27-9pm-et,DOWN,88199961804963316989575823589765327966215816745869924008829491301906775424924,1756205463,2025-08-26 10:51:03,0.5
bitcoin-up-or-down-august-27-9pm-et,DOWN,88199961804963316989575823589765327966215816745869924008829491301906775424924,1756205522,2025-08-26 10:52:02,0.5
bitcoin-up-or-down-august-27-9pm-et,DOWN,88199961804963316989575823589765327966215816745869924008829491301906775424924,1756205583,2025-08-26 10:53:03,0.5
bitcoin-up-or-down-august-27-9pm-et,DOWN,88199961804963316989575823589765327966215816745869924008829491301906775424924,1756205643,2025-08-26 10:54:03,0.5
bitcoin-up-or-down-august-27-9pm-et,DOWN,88199961804963316989575823589765327966215816745869924008829491301906775424924,1756205702,2025-08-26 10:55:02,0.5
bitcoin-up-or-down-august-27-9pm-et,DOWN,88199961804963316989575823589765327966215816745869924008829491301906775424924,1756205763,2025-08-26 10:56:03,0.5
bitcoin-up-or-down-august-27-9pm-et,DOWN,88199961804963316989575823589765327966215816745869924008829491301906775424924,1756205823,2025-08-26 10:57:03,0.5
bitcoin-up-or-down-august-27-9pm-et,DOWN,88199961804963316989575823589765327966215816745869924008829491301906775424924,1756205883,2025-08-26 10:58:03,0.5
bitcoin-up-or-down-august-27-9pm-et,DOWN,88199961804963316989575823589765327966215816745869924008829491301906775424924,1756205943,2025-08-26 10:59:03,0.5
bitcoin-up-or-down-august-27-9pm-et,DOWN,88199961804963316989575823589765327966215816745869924008829491301906775424924,1756206010,2025-08-26 11:00:10,0.5
bitcoin-up-or-down-august-27-9pm-et,DOWN,88199961804963316989575823589765327966215816745869924008829491301906775424924,1756206063,2025-08-26 11:01:03,0.5
bitcoin-up-or-down-august-27-9pm-et,DOWN,88199961804963316989575823589765327966215816745869924008829491301906775424924,1756206123,2025-08-26 11:02:03,0.5
bitcoin-up-or-down-august-27-9pm-et,DOWN,88199961804963316989575823589765327966215816745869924008829491301906775424924,1756206183,2025-08-26 11:03:03,0.5
bitcoin-up-or-down-august-27-9pm-et,DOWN,88199961804963316989575823589765327966215816745869924008829491301906775424924,1756206242,2025-08-26 11:04:02,0.5
bitcoin-up-or-down-august-27-9pm-et,DOWN,88199961804963316989575823589765327966215816745869924008829491301906775424924,1756206304,2025-08-26 11:05:04,0.5
bitcoin-up-or-down-august-27-9pm-et,DOWN,88199961804963316989575823589765327966215816745869924008829491301906775424924,1756206363,2025-08-26 11:06:03,0.5
bitcoin-up-or-down-august-27-9pm-et,DOWN,88199961804963316989575823589765327966215816745869924008829491301906775424924,1756206423,2025-08-26 11:07:03,0.5
bitcoin-up-or-down-august-27-9pm-et,DOWN,88199961804963316989575823589765327966215816745869924008829491301906775424924,1756206482,2025-08-26 11:08:02,0.5
bitcoin-up-or-down-august-27-9pm-et,DOWN,88199961804963316989575823589765327966215816745869924008829491301906775424924,1756206543,2025-08-26 11:09:03,0.5
bitcoin-up-or-down-august-27-9pm-et,DOWN,88199961804963316989575823589765327966215816745869924008829491301906775424924,1756206604,2025-08-26 11:10:04,0.5
bitcoin-up-or-down-august-27-9pm-et,DOWN,88199961804963316989575823589765327966215816745869924008829491301906775424924,1756206662,2025-08-26 11:11:02,0.5
bitcoin-up-or-down-august-27-9pm-et,DOWN,88199961804963316989575823589765327966215816745869924008829491301906775424924,1756206723,2025-08-26 11:12:03,0.5
bitcoin-up-or-down-august-27-9pm-et,DOWN,88199961804963316989575823589765327966215816745869924008829491301906775424924,1756206782,2025-08-26 11:13:02,0.5
bitcoin-up-or-down-august-27-9pm-et,DOWN,88199961804963316989575823589765327966215816745869924008829491301906775424924,1756206842,2025-08-26 11:14:02,0.5
bitcoin-up-or-down-august-27-9pm-et,DOWN,88199961804963316989575823589765327966215816745869924008829491301906775424924,1756206904,2025-08-26 11:15:04,0.5
bitcoin-up-or-down-august-27-9pm-et,DOWN,88199961804963316989575823589765327966215816745869924008829491301906775424924,1756206962,2025-08-26 11:16:02,0.5
bitcoin-up-or-down-august-27-9pm-et,DOWN,88199961804963316989575823589765327966215816745869924008829491301906775424924,1756207023,2025-08-26 11:17:03,0.5
bitcoin-up-or-down-august-27-9pm-et,DOWN,88199961804963316989575823589765327966215816745869924008829491301906775424924,1756207083,2025-08-26 11:18:03,0.5
bitcoin-up-or-down-august-27-9pm-et,DOWN,88199961804963316989575823589765327966215816745869924008829491301906775424924,1756207143,2025-08-26 11:19:03,0.5
bitcoin-up-or-down-august-27-9pm-et,DOWN,88199961804963316989575823589765327966215816745869924008829491301906775424924,1756207203,2025-08-26 11:20:03,0.5
bitcoin-up-or-down-august-27-9pm-et,DOWN,88199961804963316989575823589765327966215816745869924008829491301906775424924,1756207262,2025-08-26 11:21:02,0.5
bitcoin-up-or-down-august-27-9pm-et,DOWN,88199961804963316989575823589765327966215816745869924008829491301906775424924,1756207322,2025-08-26 11:22:02,0.5
bitcoin-up-or-down-august-27-9pm-et,DOWN,88199961804963316989575823589765327966215816745869924008829491301906775424924,1756207383,2025-08-26 11:23:03,0.5
bitcoin-up-or-down-august-27-9pm-et,DOWN,88199961804963316989575823589765327966215816745869924008829491301906775424924,1756207443,2025-08-26 11:24:03,0.5
bitcoin-up-or-down-august-27-9pm-et,DOWN,88199961804963316989575823589765327966215816745869924008829491301906775424924,1756207503,2025-08-26 11:25:03,0.5
bitcoin-up-or-down-august-27-9pm-et,DOWN,88199961804963316989575823589765327966215816745869924008829491301906775424924,1756207563,2025-08-26 11:26:03,0.5
bitcoin-up-or-down-august-27-9pm-et,DOWN,88199961804963316989575823589765327966215816745869924008829491301906775424924,1756207622,2025-08-26 11:27:02,0.5
bitcoin-up-or-down-august-27-9pm-et,DOWN,88199961804963316989575823589765327966215816745869924008829491301906775424924,1756207683,2025-08-26 11:28:03,0.5
bitcoin-up-or-down-august-27-9pm-et,DOWN,88199961804963316989575823589765327966215816745869924008829491301906775424924,1756207742,2025-08-26 11:29:02,0.5
bitcoin-up-or-down-august-27-9pm-et,DOWN,88199961804963316989575823589765327966215816745869924008829491301906775424924,1756207807,2025-08-26 11:30:07,0.5
bitcoin-up-or-down-august-27-9pm-et,DOWN,88199961804963316989575823589765327966215816745869924008829491301906775424924,1756207862,2025-08-26 11:31:02,0.5
bitcoin-up-or-down-august-27-9pm-et,DOWN,88199961804963316989575823589765327966215816745869924008829491301906775424924,1756207924,2025-08-26 11:32:04,0.5
bitcoin-up-or-down-august-27-9pm-et,DOWN,88199961804963316989575823589765327966215816745869924008829491301906775424924,1756207983,2025-08-26 11:33:03,0.5
bitcoin-up-or-down-august-27-9pm-et,DOWN,88199961804963316989575823589765327966215816745869924008829491301906775424924,1756208042,2025-08-26 11:34:02,0.5
bitcoin-up-or-down-august-27-9pm-et,DOWN,88199961804963316989575823589765327966215816745869924008829491301906775424924,1756208104,2025-08-26 11:35:04,0.5
bitcoin-up-or-down-august-27-9pm-et,DOWN,88199961804963316989575823589765327966215816745869924008829491301906775424924,1756208163,2025-08-26 11:36:03,0.5
bitcoin-up-or-down-august-27-9pm-et,DOWN,88199961804963316989575823589765327966215816745869924008829491301906775424924,1756208223,2025-08-26 11:37:03,0.5
bitcoin-up-or-down-august-27-9pm-et,DOWN,88199961804963316989575823589765327966215816745869924008829491301906775424924,1756208283,2025-08-26 11:38:03,0.5
bitcoin-up-or-down-august-27-9pm-et,DOWN,88199961804963316989575823589765327966215816745869924008829491301906775424924,1756208342,2025-08-26 11:39:02,0.5
bitcoin-up-or-down-august-27-9pm-et,DOWN,88199961804963316989575823589765327966215816745869924008829491301906775424924,1756208404,2025-08-26 11:40:04,0.5
bitcoin-up-or-down-august-27-9pm-et,DOWN,88199961804963316989575823589765327966215816745869924008829491301906775424924,1756208462,2025-08-26 11:41:02,0.5
bitcoin-up-or-down-august-27-9pm-et,DOWN,88199961804963316989575823589765327966215816745869924008829491301906775424924,1756208522,2025-08-26 11:42:02,0.5
bitcoin-up-or-down-august-27-9pm-et,DOWN,88199961804963316989575823589765327966215816745869924008829491301906775424924,1756208582,2025-08-26 11:43:02,0.5
bitcoin-up-or-down-august-27-9pm-et,DOWN,88199961804963316989575823589765327966215816745869924008829491301906775424924,1756208642,2025-08-26 11:44:02,0.5
bitcoin-up-or-down-august-27-9pm-et,DOWN,88199961804963316989575823589765327966215816745869924008829491301906775424924,1756208704,2025-08-26 11:45:04,0.5
bitcoin-up-or-down-august-27-9pm-et,DOWN,88199961804963316989575823589765327966215816745869924008829491301906775424924,1756208762,2025-08-26 11:46:02,0.5
bitcoin-up-or-down-august-27-9pm-et,DOWN,88199961804963316989575823589765327966215816745869924008829491301906775424924,1756208823,2025-08-26 11:47:03,0.5
bitcoin-up-or-down-august-27-9pm-et,DOWN,88199961804963316989575823589765327966215816745869924008829491301906775424924,1756208882,2025-08-26 11:48:02,0.5
bitcoin-up-or-down-august-27-9pm-et,DOWN,88199961804963316989575823589765327966215816745869924008829491301906775424924,1756208943,2025-08-26 11:49:03,0.5
bitcoin-up-or-down-august-27-9pm-et,DOWN,88199961804963316989575823589765327966215816745869924008829491301906775424924,1756209004,2025-08-26 11:50:04,0.5
bitcoin-up-or-down-august-27-9pm-et,DOWN,88199961804963316989575823589765327966215816745869924008829491301906775424924,1756209063,2025-08-26 11:51:03,0.5
bitcoin-up-or-down-august-27-9pm-et,DOWN,88199961804963316989575823589765327966215816745869924008829491301906775424924,1756209133,2025-08-26 11:52:13,0.5
bitcoin-up-or-down-august-27-9pm-et,DOWN,88199961804963316989575823589765327966215816745869924008829491301906775424924,1756209183,2025-08-26 11:53:03,0.5
bitcoin-up-or-down-august-27-9pm-et,DOWN,88199961804963316989575823589765327966215816745869924008829491301906775424924,1756209242,2025-08-26 11:54:02,0.5
bitcoin-up-or-down-august-27-9pm-et,DOWN,88199961804963316989575823589765327966215816745869924008829491301906775424924,1756209302,2025-08-26 11:55:02,0.5
bitcoin-up-or-down-august-27-9pm-et,DOWN,88199961804963316989575823589765327966215816745869924008829491301906775424924,1756209362,2025-08-26 11:56:02,0.5
bitcoin-up-or-down-august-27-9pm-et,DOWN,88199961804963316989575823589765327966215816745869924008829491301906775424924,1756209422,2025-08-26 11:57:02,0.5
bitcoin-up-or-down-august-27-9pm-et,DOWN,88199961804963316989575823589765327966215816745869924008829491301906775424924,1756209483,2025-08-26 11:58:03,0.5
bitcoin-up-or-down-august-27-9pm-et,DOWN,88199961804963316989575823589765327966215816745869924008829491301906775424924,1756209543,2025-08-26 11:59:03,0.5
bitcoin-up-or-down-august-27-9pm-et,DOWN,88199961804963316989575823589765327966215816745869924008829491301906775424924,1756209606,2025-08-26 12:00:06,0.5
bitcoin-up-or-down-august-27-9pm-et,DOWN,88199961804963316989575823589765327966215816745869924008829491301906775424924,1756209662,2025-08-26 12:01:02,0.5
bitcoin-up-or-down-august-27-9pm-et,DOWN,88199961804963316989575823589765327966215816745869924008829491301906775424924,1756209722,2025-08-26 12:02:02,0.5
bitcoin-up-or-down-august-27-9pm-et,DOWN,88199961804963316989575823589765327966215816745869924008829491301906775424924,1756209783,2025-08-26 12:03:03,0.5
bitcoin-up-or-down-august-27-9pm-et,DOWN,88199961804963316989575823589765327966215816745869924008829491301906775424924,1756209843,2025-08-26 12:04:03,0.5
bitcoin-up-or-down-august-27-9pm-et,DOWN,88199961804963316989575823589765327966215816745869924008829491301906775424924,1756209902,2025-08-26 12:05:02,0.5
bitcoin-up-or-down-august-27-9pm-et,DOWN,88199961804963316989575823589765327966215816745869924008829491301906775424924,1756209962,2025-08-26 12:06:02,0.5
bitcoin-up-or-down-august-27-9pm-et,DOWN,88199961804963316989575823589765327966215816745869924008829491301906775424924,1756210023,2025-08-26 12:07:03,0.5
bitcoin-up-or-down-august-27-9pm-et,DOWN,88199961804963316989575823589765327966215816745869924008829491301906775424924,1756210082,2025-08-26 12:08:02,0.5
bitcoin-up-or-down-august-27-9pm-et,DOWN,88199961804963316989575823589765327966215816745869924008829491301906775424924,1756210143,2025-08-26 12:09:03,0.5
bitcoin-up-or-down-august-27-9pm-et,DOWN,88199961804963316989575823589765327966215816745869924008829491301906775424924,1756210204,2025-08-26 12:10:04,0.5
bitcoin-up-or-down-august-27-9pm-et,DOWN,88199961804963316989575823589765327966215816745869924008829491301906775424924,1756210262,2025-08-26 12:11:02,0.5
bitcoin-up-or-down-august-27-9pm-et,DOWN,88199961804963316989575823589765327966215816745869924008829491301906775424924,1756210322,2025-08-26 12:12:02,0.5
bitcoin-up-or-down-august-27-9pm-et,DOWN,88199961804963316989575823589765327966215816745869924008829491301906775424924,1756210383,2025-08-26 12:13:03,0.5
bitcoin-up-or-down-august-27-9pm-et,DOWN,88199961804963316989575823589765327966215816745869924008829491301906775424924,1756210443,2025-08-26 12:14:03,0.5
bitcoin-up-or-down-august-27-9pm-et,DOWN,88199961804963316989575823589765327966215816745869924008829491301906775424924,1756210504,2025-08-26 12:15:04,0.5
bitcoin-up-or-down-august-27-9pm-et,DOWN,88199961804963316989575823589765327966215816745869924008829491301906775424924,1756210562,2025-08-26 12:16:02,0.5
bitcoin-up-or-down-august-27-9pm-et,DOWN,88199961804963316989575823589765327966215816745869924008829491301906775424924,1756210623,2025-08-26 12:17:03,0.5
bitcoin-up-or-down-august-27-9pm-et,DOWN,88199961804963316989575823589765327966215816745869924008829491301906775424924,1756210682,2025-08-26 12:18:02,0.5
bitcoin-up-or-down-august-27-9pm-et,DOWN,88199961804963316989575823589765327966215816745869924008829491301906775424924,1756210742,2025-08-26 12:19:02,0.5
bitcoin-up-or-down-august-27-9pm-et,DOWN,88199961804963316989575823589765327966215816745869924008829491301906775424924,1756210804,2025-08-26 12:20:04,0.5
bitcoin-up-or-down-august-27-9pm-et,DOWN,88199961804963316989575823589765327966215816745869924008829491301906775424924,1756210863,2025-08-26 12:21:03,0.5
bitcoin-up-or-down-august-27-9pm-et,DOWN,88199961804963316989575823589765327966215816745869924008829491301906775424924,1756210922,2025-08-26 12:22:02,0.5
bitcoin-up-or-down-august-27-9pm-et,DOWN,88199961804963316989575823589765327966215816745869924008829491301906775424924,1756210983,2025-08-26 12:23:03,0.5
bitcoin-up-or-down-august-27-9pm-et,DOWN,88199961804963316989575823589765327966215816745869924008829491301906775424924,1756211043,2025-08-26 12:24:03,0.5
bitcoin-up-or-down-august-27-9pm-et,DOWN,88199961804963316989575823589765327966215816745869924008829491301906775424924,1756211102,2025-08-26 12:25:02,0.5
bitcoin-up-or-down-august-27-9pm-et,DOWN,88199961804963316989575823589765327966215816745869924008829491301906775424924,1756211167,2025-08-26 12:26:07,0.5
bitcoin-up-or-down-august-27-9pm-et,DOWN,88199961804963316989575823589765327966215816745869924008829491301906775424924,1756211224,2025-08-26 12:27:04,0.5
bitcoin-up-or-down-august-27-9pm-et,DOWN,88199961804963316989575823589765327966215816745869924008829491301906775424924,1756211283,2025-08-26 12:28:03,0.5
bitcoin-up-or-down-august-27-9pm-et,DOWN,88199961804963316989575823589765327966215816745869924008829491301906775424924,1756211343,2025-08-26 12:29:03,0.5
bitcoin-up-or-down-august-27-9pm-et,DOWN,88199961804963316989575823589765327966215816745869924008829491301906775424924,1756211405,2025-08-26 12:30:05,0.5
bitcoin-up-or-down-august-27-9pm-et,DOWN,88199961804963316989575823589765327966215816745869924008829491301906775424924,1756211462,2025-08-26 12:31:02,0.5
bitcoin-up-or-down-august-27-9pm-et,DOWN,88199961804963316989575823589765327966215816745869924008829491301906775424924,1756211524,2025-08-26 12:32:04,0.5
bitcoin-up-or-down-august-27-9pm-et,DOWN,88199961804963316989575823589765327966215816745869924008829491301906775424924,1756211584,2025-08-26 12:33:04,0.5
bitcoin-up-or-down-august-27-9pm-et,DOWN,88199961804963316989575823589765327966215816745869924008829491301906775424924,1756211642,2025-08-26 12:34:02,0.5
bitcoin-up-or-down-august-27-9pm-et,DOWN,88199961804963316989575823589765327966215816745869924008829491301906775424924,1756211704,2025-08-26 12:35:04,0.5
bitcoin-up-or-down-august-27-9pm-et,DOWN,88199961804963316989575823589765327966215816745869924008829491301906775424924,1756211762,2025-08-26 12:36:02,0.5
bitcoin-up-or-down-august-27-9pm-et,DOWN,88199961804963316989575823589765327966215816745869924008829491301906775424924,1756211822,2025-08-26 12:37:02,0.5
bitcoin-up-or-down-august-27-9pm-et,DOWN,88199961804963316989575823589765327966215816745869924008829491301906775424924,1756211882,2025-08-26 12:38:02,0.5
bitcoin-up-or-down-august-27-9pm-et,DOWN,88199961804963316989575823589765327966215816745869924008829491301906775424924,1756211943,2025-08-26 12:39:03,0.5
bitcoin-up-or-down-august-27-9pm-et,DOWN,88199961804963316989575823589765327966215816745869924008829491301906775424924,1756212004,2025-08-26 12:40:04,0.5
bitcoin-up-or-down-august-27-9pm-et,DOWN,88199961804963316989575823589765327966215816745869924008829491301906775424924,1756212062,2025-08-26 12:41:02,0.5
bitcoin-up-or-down-august-27-9pm-et,DOWN,88199961804963316989575823589765327966215816745869924008829491301906775424924,1756212124,2025-08-26 12:42:04,0.5
bitcoin-up-or-down-august-27-9pm-et,DOWN,88199961804963316989575823589765327966215816745869924008829491301906775424924,1756212182,2025-08-26 12:43:02,0.5
bitcoin-up-or-down-august-27-9pm-et,DOWN,88199961804963316989575823589765327966215816745869924008829491301906775424924,1756212243,2025-08-26 12:44:03,0.5
bitcoin-up-or-down-august-27-9pm-et,DOWN,88199961804963316989575823589765327966215816745869924008829491301906775424924,1756212302,2025-08-26 12:45:02,0.5
bitcoin-up-or-down-august-27-9pm-et,DOWN,88199961804963316989575823589765327966215816745869924008829491301906775424924,1756212363,2025-08-26 12:46:03,0.5
bitcoin-up-or-down-august-27-9pm-et,DOWN,88199961804963316989575823589765327966215816745869924008829491301906775424924,1756212422,2025-08-26 12:47:02,0.5
bitcoin-up-or-down-august-27-9pm-et,DOWN,88199961804963316989575823589765327966215816745869924008829491301906775424924,1756212482,2025-08-26 12:48:02,0.5
bitcoin-up-or-down-august-27-9pm-et,DOWN,88199961804963316989575823589765327966215816745869924008829491301906775424924,1756212542,2025-08-26 12:49:02,0.5
bitcoin-up-or-down-august-27-9pm-et,DOWN,88199961804963316989575823589765327966215816745869924008829491301906775424924,1756212604,2025-08-26 12:50:04,0.5
bitcoin-up-or-down-august-27-9pm-et,DOWN,88199961804963316989575823589765327966215816745869924008829491301906775424924,1756212663,2025-08-26 12:51:03,0.5
bitcoin-up-or-down-august-27-9pm-et,DOWN,88199961804963316989575823589765327966215816745869924008829491301906775424924,1756212722,2025-08-26 12:52:02,0.5
bitcoin-up-or-down-august-27-9pm-et,DOWN,88199961804963316989575823589765327966215816745869924008829491301906775424924,1756212785,2025-08-26 12:53:05,0.5
bitcoin-up-or-down-august-27-9pm-et,DOWN,88199961804963316989575823589765327966215816745869924008829491301906775424924,1756212843,2025-08-26 12:54:03,0.5
bitcoin-up-or-down-august-27-9pm-et,DOWN,88199961804963316989575823589765327966215816745869924008829491301906775424924,1756212902,2025-08-26 12:55:02,0.5
bitcoin-up-or-down-august-27-9pm-et,DOWN,88199961804963316989575823589765327966215816745869924008829491301906775424924,1756212963,2025-08-26 12:56:03,0.5
bitcoin-up-or-down-august-27-9pm-et,DOWN,88199961804963316989575823589765327966215816745869924008829491301906775424924,1756213023,2025-08-26 12:57:03,0.5
bitcoin-up-or-down-august-27-9pm-et,DOWN,88199961804963316989575823589765327966215816745869924008829491301906775424924,1756213083,2025-08-26 12:58:03,0.5
bitcoin-up-or-down-august-27-9pm-et,DOWN,88199961804963316989575823589765327966215816745869924008829491301906775424924,1756213142,2025-08-26 12:59:02,0.5
bitcoin-up-or-down-august-27-9pm-et,DOWN,88199961804963316989575823589765327966215816745869924008829491301906775424924,1756213208,2025-08-26 13:00:08,0.5
bitcoin-up-or-down-august-27-9pm-et,DOWN,88199961804963316989575823589765327966215816745869924008829491301906775424924,1756213262,2025-08-26 13:01:02,0.5
bitcoin-up-or-down-august-27-9pm-et,DOWN,88199961804963316989575823589765327966215816745869924008829491301906775424924,1756213322,2025-08-26 13:02:02,0.5
bitcoin-up-or-down-august-27-9pm-et,DOWN,88199961804963316989575823589765327966215816745869924008829491301906775424924,1756213383,2025-08-26 13:03:03,0.5
bitcoin-up-or-down-august-27-9pm-et,DOWN,88199961804963316989575823589765327966215816745869924008829491301906775424924,1756213442,2025-08-26 13:04:02,0.5
bitcoin-up-or-down-august-27-9pm-et,DOWN,88199961804963316989575823589765327966215816745869924008829491301906775424924,1756213502,2025-08-26 13:05:02,0.5
bitcoin-up-or-down-august-27-9pm-et,DOWN,88199961804963316989575823589765327966215816745869924008829491301906775424924,1756213562,2025-08-26 13:06:02,0.5
bitcoin-up-or-down-august-27-9pm-et,DOWN,88199961804963316989575823589765327966215816745869924008829491301906775424924,1756213624,2025-08-26 13:07:04,0.5
bitcoin-up-or-down-august-27-9pm-et,DOWN,88199961804963316989575823589765327966215816745869924008829491301906775424924,1756213683,2025-08-26 13:08:03,0.5
bitcoin-up-or-down-august-27-9pm-et,DOWN,88199961804963316989575823589765327966215816745869924008829491301906775424924,1756213742,2025-08-26 13:09:02,0.5
bitcoin-up-or-down-august-27-9pm-et,DOWN,88199961804963316989575823589765327966215816745869924008829491301906775424924,1756213802,2025-08-26 13:10:02,0.5
bitcoin-up-or-down-august-27-9pm-et,DOWN,88199961804963316989575823589765327966215816745869924008829491301906775424924,1756213862,2025-08-26 13:11:02,0.5
bitcoin-up-or-down-august-27-9pm-et,DOWN,88199961804963316989575823589765327966215816745869924008829491301906775424924,1756213923,2025-08-26 13:12:03,0.5
bitcoin-up-or-down-august-27-9pm-et,DOWN,88199961804963316989575823589765327966215816745869924008829491301906775424924,1756213983,2025-08-26 13:13:03,0.5
bitcoin-up-or-down-august-27-9pm-et,DOWN,88199961804963316989575823589765327966215816745869924008829491301906775424924,1756214043,2025-08-26 13:14:03,0.5
bitcoin-up-or-down-august-27-9pm-et,DOWN,88199961804963316989575823589765327966215816745869924008829491301906775424924,1756214102,2025-08-26 13:15:02,0.5
bitcoin-up-or-down-august-27-9pm-et,DOWN,88199961804963316989575823589765327966215816745869924008829491301906775424924,1756214162,2025-08-26 13:16:02,0.5
bitcoin-up-or-down-august-27-9pm-et,DOWN,88199961804963316989575823589765327966215816745869924008829491301906775424924,1756214222,2025-08-26 13:17:02,0.5
bitcoin-up-or-down-august-27-9pm-et,DOWN,88199961804963316989575823589765327966215816745869924008829491301906775424924,1756214282,2025-08-26 13:18:02,0.5
bitcoin-up-or-down-august-27-9pm-et,DOWN,88199961804963316989575823589765327966215816745869924008829491301906775424924,1756214343,2025-08-26 13:19:03,0.5
bitcoin-up-or-down-august-27-9pm-et,DOWN,88199961804963316989575823589765327966215816745869924008829491301906775424924,1756214404,2025-08-26 13:20:04,0.5
bitcoin-up-or-down-august-27-9pm-et,DOWN,88199961804963316989575823589765327966215816745869924008829491301906775424924,1756214462,2025-08-26 13:21:02,0.5
bitcoin-up-or-down-august-27-9pm-et,DOWN,88199961804963316989575823589765327966215816745869924008829491301906775424924,1756214523,2025-08-26 13:22:03,0.5
bitcoin-up-or-down-august-27-9pm-et,DOWN,88199961804963316989575823589765327966215816745869924008829491301906775424924,1756214583,2025-08-26 13:23:03,0.5
bitcoin-up-or-down-august-27-9pm-et,DOWN,88199961804963316989575823589765327966215816745869924008829491301906775424924,1756214643,2025-08-26 13:24:03,0.5
bitcoin-up-or-down-august-27-9pm-et,DOWN,88199961804963316989575823589765327966215816745869924008829491301906775424924,1756214702,2025-08-26 13:25:02,0.5
bitcoin-up-or-down-august-27-9pm-et,DOWN,88199961804963316989575823589765327966215816745869924008829491301906775424924,1756214765,2025-08-26 13:26:05,0.5
bitcoin-up-or-down-august-27-9pm-et,DOWN,88199961804963316989575823589765327966215816745869924008829491301906775424924,1756214822,2025-08-26 13:27:02,0.5
bitcoin-up-or-down-august-27-9pm-et,DOWN,88199961804963316989575823589765327966215816745869924008829491301906775424924,1756214883,2025-08-26 13:28:03,0.5
bitcoin-up-or-down-august-27-9pm-et,DOWN,88199961804963316989575823589765327966215816745869924008829491301906775424924,1756214943,2025-08-26 13:29:03,0.5
bitcoin-up-or-down-august-27-9pm-et,DOWN,88199961804963316989575823589765327966215816745869924008829491301906775424924,1756215006,2025-08-26 13:30:06,0.5
bitcoin-up-or-down-august-27-9pm-et,DOWN,88199961804963316989575823589765327966215816745869924008829491301906775424924,1756215063,2025-08-26 13:31:03,0.5
bitcoin-up-or-down-august-27-9pm-et,DOWN,88199961804963316989575823589765327966215816745869924008829491301906775424924,1756215123,2025-08-26 13:32:03,0.5
bitcoin-up-or-down-august-27-9pm-et,DOWN,88199961804963316989575823589765327966215816745869924008829491301906775424924,1756215182,2025-08-26 13:33:02,0.5
bitcoin-up-or-down-august-27-9pm-et,DOWN,88199961804963316989575823589765327966215816745869924008829491301906775424924,1756215243,2025-08-26 13:34:03,0.5
bitcoin-up-or-down-august-27-9pm-et,DOWN,88199961804963316989575823589765327966215816745869924008829491301906775424924,1756215302,2025-08-26 13:35:02,0.5
bitcoin-up-or-down-august-27-9pm-et,DOWN,88199961804963316989575823589765327966215816745869924008829491301906775424924,1756215363,2025-08-26 13:36:03,0.5
bitcoin-up-or-down-august-27-9pm-et,DOWN,88199961804963316989575823589765327966215816745869924008829491301906775424924,1756215422,2025-08-26 13:37:02,0.5
bitcoin-up-or-down-august-27-9pm-et,DOWN,88199961804963316989575823589765327966215816745869924008829491301906775424924,1756215483,2025-08-26 13:38:03,0.5
bitcoin-up-or-down-august-27-9pm-et,DOWN,88199961804963316989575823589765327966215816745869924008829491301906775424924,1756215543,2025-08-26 13:39:03,0.5
bitcoin-up-or-down-august-27-9pm-et,DOWN,88199961804963316989575823589765327966215816745869924008829491301906775424924,1756215602,2025-08-26 13:40:02,0.5
bitcoin-up-or-down-august-27-9pm-et,DOWN,88199961804963316989575823589765327966215816745869924008829491301906775424924,1756215662,2025-08-26 13:41:02,0.5
bitcoin-up-or-down-august-27-9pm-et,DOWN,88199961804963316989575823589765327966215816745869924008829491301906775424924,1756215722,2025-08-26 13:42:02,0.5
bitcoin-up-or-down-august-27-9pm-et,DOWN,88199961804963316989575823589765327966215816745869924008829491301906775424924,1756215783,2025-08-26 13:43:03,0.5
bitcoin-up-or-down-august-27-9pm-et,DOWN,88199961804963316989575823589765327966215816745869924008829491301906775424924,1756215843,2025-08-26 13:44:03,0.5
bitcoin-up-or-down-august-27-9pm-et,DOWN,88199961804963316989575823589765327966215816745869924008829491301906775424924,1756215905,2025-08-26 13:45:05,0.5
bitcoin-up-or-down-august-27-9pm-et,DOWN,88199961804963316989575823589765327966215816745869924008829491301906775424924,1756215963,2025-08-26 13:46:03,0.5
bitcoin-up-or-down-august-27-9pm-et,DOWN,88199961804963316989575823589765327966215816745869924008829491301906775424924,1756216022,2025-08-26 13:47:02,0.5
bitcoin-up-or-down-august-27-9pm-et,DOWN,88199961804963316989575823589765327966215816745869924008829491301906775424924,1756216082,2025-08-26 13:48:02,0.5
bitcoin-up-or-down-august-27-9pm-et,DOWN,88199961804963316989575823589765327966215816745869924008829491301906775424924,1756216143,2025-08-26 13:49:03,0.5
bitcoin-up-or-down-august-27-9pm-et,DOWN,88199961804963316989575823589765327966215816745869924008829491301906775424924,1756216202,2025-08-26 13:50:02,0.5
bitcoin-up-or-down-august-27-9pm-et,DOWN,88199961804963316989575823589765327966215816745869924008829491301906775424924,1756216263,2025-08-26 13:51:03,0.5
bitcoin-up-or-down-august-27-9pm-et,DOWN,88199961804963316989575823589765327966215816745869924008829491301906775424924,1756216323,2025-08-26 13:52:03,0.5
bitcoin-up-or-down-august-27-9pm-et,DOWN,88199961804963316989575823589765327966215816745869924008829491301906775424924,1756216384,2025-08-26 13:53:04,0.5
bitcoin-up-or-down-august-27-9pm-et,DOWN,88199961804963316989575823589765327966215816745869924008829491301906775424924,1756216443,2025-08-26 13:54:03,0.5
bitcoin-up-or-down-august-27-9pm-et,DOWN,88199961804963316989575823589765327966215816745869924008829491301906775424924,1756216504,2025-08-26 13:55:04,0.5
bitcoin-up-or-down-august-27-9pm-et,DOWN,88199961804963316989575823589765327966215816745869924008829491301906775424924,1756216562,2025-08-26 13:56:02,0.5
bitcoin-up-or-down-august-27-9pm-et,DOWN,88199961804963316989575823589765327966215816745869924008829491301906775424924,1756216622,2025-08-26 13:57:02,0.5
bitcoin-up-or-down-august-27-9pm-et,DOWN,88199961804963316989575823589765327966215816745869924008829491301906775424924,1756216682,2025-08-26 13:58:02,0.5
bitcoin-up-or-down-august-27-9pm-et,DOWN,88199961804963316989575823589765327966215816745869924008829491301906775424924,1756216743,2025-08-26 13:59:03,0.5
bitcoin-up-or-down-august-27-9pm-et,DOWN,88199961804963316989575823589765327966215816745869924008829491301906775424924,1756216817,2025-08-26 14:00:17,0.5
bitcoin-up-or-down-august-27-9pm-et,DOWN,88199961804963316989575823589765327966215816745869924008829491301906775424924,1756216863,2025-08-26 14:01:03,0.5
bitcoin-up-or-down-august-27-9pm-et,DOWN,88199961804963316989575823589765327966215816745869924008829491301906775424924,1756216923,2025-08-26 14:02:03,0.5
bitcoin-up-or-down-august-27-9pm-et,DOWN,88199961804963316989575823589765327966215816745869924008829491301906775424924,1756216983,2025-08-26 14:03:03,0.5
bitcoin-up-or-down-august-27-9pm-et,DOWN,88199961804963316989575823589765327966215816745869924008829491301906775424924,1756217042,2025-08-26 14:04:02,0.5
bitcoin-up-or-down-august-27-9pm-et,DOWN,88199961804963316989575823589765327966215816745869924008829491301906775424924,1756217102,2025-08-26 14:05:02,0.5
bitcoin-up-or-down-august-27-9pm-et,DOWN,88199961804963316989575823589765327966215816745869924008829491301906775424924,1756217164,2025-08-26 14:06:04,0.5
bitcoin-up-or-down-august-27-9pm-et,DOWN,88199961804963316989575823589765327966215816745869924008829491301906775424924,1756217222,2025-08-26 14:07:02,0.5
bitcoin-up-or-down-august-27-9pm-et,DOWN,88199961804963316989575823589765327966215816745869924008829491301906775424924,1756217283,2025-08-26 14:08:03,0.5
bitcoin-up-or-down-august-27-9pm-et,DOWN,88199961804963316989575823589765327966215816745869924008829491301906775424924,1756217343,2025-08-26 14:09:03,0.5
bitcoin-up-or-down-august-27-9pm-et,DOWN,88199961804963316989575823589765327966215816745869924008829491301906775424924,1756217403,2025-08-26 14:10:03,0.5
bitcoin-up-or-down-august-27-9pm-et,DOWN,88199961804963316989575823589765327966215816745869924008829491301906775424924,1756217462,2025-08-26 14:11:02,0.5
bitcoin-up-or-down-august-27-9pm-et,DOWN,88199961804963316989575823589765327966215816745869924008829491301906775424924,1756217523,2025-08-26 14:12:03,0.5
bitcoin-up-or-down-august-27-9pm-et,DOWN,88199961804963316989575823589765327966215816745869924008829491301906775424924,1756217582,2025-08-26 14:13:02,0.5
bitcoin-up-or-down-august-27-9pm-et,DOWN,88199961804963316989575823589765327966215816745869924008829491301906775424924,1756217643,2025-08-26 14:14:03,0.5
bitcoin-up-or-down-august-27-9pm-et,DOWN,88199961804963316989575823589765327966215816745869924008829491301906775424924,1756217703,2025-08-26 14:15:03,0.5
bitcoin-up-or-down-august-27-9pm-et,DOWN,88199961804963316989575823589765327966215816745869924008829491301906775424924,1756217763,2025-08-26 14:16:03,0.5
bitcoin-up-or-down-august-27-9pm-et,DOWN,88199961804963316989575823589765327966215816745869924008829491301906775424924,1756217822,2025-08-26 14:17:02,0.5
bitcoin-up-or-down-august-27-9pm-et,DOWN,88199961804963316989575823589765327966215816745869924008829491301906775424924,1756217882,2025-08-26 14:18:02,0.5
bitcoin-up-or-down-august-27-9pm-et,DOWN,88199961804963316989575823589765327966215816745869924008829491301906775424924,1756217943,2025-08-26 14:19:03,0.5
bitcoin-up-or-down-august-27-9pm-et,DOWN,88199961804963316989575823589765327966215816745869924008829491301906775424924,1756218002,2025-08-26 14:20:02,0.5
bitcoin-up-or-down-august-27-9pm-et,DOWN,88199961804963316989575823589765327966215816745869924008829491301906775424924,1756218062,2025-08-26 14:21:02,0.5
bitcoin-up-or-down-august-27-9pm-et,DOWN,88199961804963316989575823589765327966215816745869924008829491301906775424924,1756218123,2025-08-26 14:22:03,0.5
bitcoin-up-or-down-august-27-9pm-et,DOWN,88199961804963316989575823589765327966215816745869924008829491301906775424924,1756218183,2025-08-26 14:23:03,0.5
bitcoin-up-or-down-august-27-9pm-et,DOWN,88199961804963316989575823589765327966215816745869924008829491301906775424924,1756218242,2025-08-26 14:24:02,0.5
bitcoin-up-or-down-august-27-9pm-et,DOWN,88199961804963316989575823589765327966215816745869924008829491301906775424924,1756218302,2025-08-26 14:25:02,0.5
bitcoin-up-or-down-august-27-9pm-et,DOWN,88199961804963316989575823589765327966215816745869924008829491301906775424924,1756218362,2025-08-26 14:26:02,0.5
bitcoin-up-or-down-august-27-9pm-et,DOWN,88199961804963316989575823589765327966215816745869924008829491301906775424924,1756218426,2025-08-26 14:27:06,0.5
bitcoin-up-or-down-august-27-9pm-et,DOWN,88199961804963316989575823589765327966215816745869924008829491301906775424924,1756218482,2025-08-26 14:28:02,0.5
bitcoin-up-or-down-august-27-9pm-et,DOWN,88199961804963316989575823589765327966215816745869924008829491301906775424924,1756218542,2025-08-26 14:29:02,0.5
bitcoin-up-or-down-august-27-9pm-et,DOWN,88199961804963316989575823589765327966215816745869924008829491301906775424924,1756218607,2025-08-26 14:30:07,0.5
bitcoin-up-or-down-august-27-9pm-et,DOWN,88199961804963316989575823589765327966215816745869924008829491301906775424924,1756218662,2025-08-26 14:31:02,0.5
bitcoin-up-or-down-august-27-9pm-et,DOWN,88199961804963316989575823589765327966215816745869924008829491301906775424924,1756218723,2025-08-26 14:32:03,0.5
bitcoin-up-or-down-august-27-9pm-et,DOWN,88199961804963316989575823589765327966215816745869924008829491301906775424924,1756218783,2025-08-26 14:33:03,0.5
bitcoin-up-or-down-august-27-9pm-et,DOWN,88199961804963316989575823589765327966215816745869924008829491301906775424924,1756218845,2025-08-26 14:34:05,0.5
bitcoin-up-or-down-august-27-9pm-et,DOWN,88199961804963316989575823589765327966215816745869924008829491301906775424924,1756218903,2025-08-26 14:35:03,0.5
bitcoin-up-or-down-august-27-9pm-et,DOWN,88199961804963316989575823589765327966215816745869924008829491301906775424924,1756218962,2025-08-26 14:36:02,0.5
bitcoin-up-or-down-august-27-9pm-et,DOWN,88199961804963316989575823589765327966215816745869924008829491301906775424924,1756219022,2025-08-26 14:37:02,0.5
bitcoin-up-or-down-august-27-9pm-et,DOWN,88199961804963316989575823589765327966215816745869924008829491301906775424924,1756219083,2025-08-26 14:38:03,0.5
bitcoin-up-or-down-august-27-9pm-et,DOWN,88199961804963316989575823589765327966215816745869924008829491301906775424924,1756219142,2025-08-26 14:39:02,0.5
bitcoin-up-or-down-august-27-9pm-et,DOWN,88199961804963316989575823589765327966215816745869924008829491301906775424924,1756219202,2025-08-26 14:40:02,0.5
bitcoin-up-or-down-august-27-9pm-et,DOWN,88199961804963316989575823589765327966215816745869924008829491301906775424924,1756219262,2025-08-26 14:41:02,0.5
bitcoin-up-or-down-august-27-9pm-et,DOWN,88199961804963316989575823589765327966215816745869924008829491301906775424924,1756219322,2025-08-26 14:42:02,0.5
bitcoin-up-or-down-august-27-9pm-et,DOWN,88199961804963316989575823589765327966215816745869924008829491301906775424924,1756219383,2025-08-26 14:43:03,0.5
bitcoin-up-or-down-august-27-9pm-et,DOWN,88199961804963316989575823589765327966215816745869924008829491301906775424924,1756219443,2025-08-26 14:44:03,0.5
bitcoin-up-or-down-august-27-9pm-et,DOWN,88199961804963316989575823589765327966215816745869924008829491301906775424924,1756219503,2025-08-26 14:45:03,0.5
bitcoin-up-or-down-august-27-9pm-et,DOWN,88199961804963316989575823589765327966215816745869924008829491301906775424924,1756219562,2025-08-26 14:46:02,0.5
bitcoin-up-or-down-august-27-9pm-et,DOWN,88199961804963316989575823589765327966215816745869924008829491301906775424924,1756219623,2025-08-26 14:47:03,0.5
bitcoin-up-or-down-august-27-9pm-et,DOWN,88199961804963316989575823589765327966215816745869924008829491301906775424924,1756219683,2025-08-26 14:48:03,0.5
bitcoin-up-or-down-august-27-9pm-et,DOWN,88199961804963316989575823589765327966215816745869924008829491301906775424924,1756219743,2025-08-26 14:49:03,0.5
bitcoin-up-or-down-august-27-9pm-et,DOWN,88199961804963316989575823589765327966215816745869924008829491301906775424924,1756219802,2025-08-26 14:50:02,0.5
bitcoin-up-or-down-august-27-9pm-et,DOWN,88199961804963316989575823589765327966215816745869924008829491301906775424924,1756219862,2025-08-26 14:51:02,0.5
bitcoin-up-or-down-august-27-9pm-et,DOWN,88199961804963316989575823589765327966215816745869924008829491301906775424924,1756219925,2025-08-26 14:52:05,0.5
bitcoin-up-or-down-august-27-9pm-et,DOWN,88199961804963316989575823589765327966215816745869924008829491301906775424924,1756219982,2025-08-26 14:53:02,0.5
bitcoin-up-or-down-august-27-9pm-et,DOWN,88199961804963316989575823589765327966215816745869924008829491301906775424924,1756220043,2025-08-26 14:54:03,0.5
bitcoin-up-or-down-august-27-9pm-et,DOWN,88199961804963316989575823589765327966215816745869924008829491301906775424924,1756220104,2025-08-26 14:55:04,0.5
bitcoin-up-or-down-august-27-9pm-et,DOWN,88199961804963316989575823589765327966215816745869924008829491301906775424924,1756220162,2025-08-26 14:56:02,0.5
bitcoin-up-or-down-august-27-9pm-et,DOWN,88199961804963316989575823589765327966215816745869924008829491301906775424924,1756220223,2025-08-26 14:57:03,0.5
bitcoin-up-or-down-august-27-9pm-et,DOWN,88199961804963316989575823589765327966215816745869924008829491301906775424924,1756220283,2025-08-26 14:58:03,0.5
bitcoin-up-or-down-august-27-9pm-et,DOWN,88199961804963316989575823589765327966215816745869924008829491301906775424924,1756220344,2025-08-26 14:59:04,0.5
bitcoin-up-or-down-august-27-9pm-et,DOWN,88199961804963316989575823589765327966215816745869924008829491301906775424924,1756220415,2025-08-26 15:00:15,0.5
bitcoin-up-or-down-august-27-9pm-et,DOWN,88199961804963316989575823589765327966215816745869924008829491301906775424924,1756220463,2025-08-26 15:01:03,0.5
bitcoin-up-or-down-august-27-9pm-et,DOWN,88199961804963316989575823589765327966215816745869924008829491301906775424924,1756220523,2025-08-26 15:02:03,0.5
bitcoin-up-or-down-august-27-9pm-et,DOWN,88199961804963316989575823589765327966215816745869924008829491301906775424924,1756220582,2025-08-26 15:03:02,0.5
bitcoin-up-or-down-august-27-9pm-et,DOWN,88199961804963316989575823589765327966215816745869924008829491301906775424924,1756220642,2025-08-26 15:04:02,0.5
bitcoin-up-or-down-august-27-9pm-et,DOWN,88199961804963316989575823589765327966215816745869924008829491301906775424924,1756220702,2025-08-26 15:05:02,0.5
bitcoin-up-or-down-august-27-9pm-et,DOWN,88199961804963316989575823589765327966215816745869924008829491301906775424924,1756220763,2025-08-26 15:06:03,0.5
bitcoin-up-or-down-august-27-9pm-et,DOWN,88199961804963316989575823589765327966215816745869924008829491301906775424924,1756220823,2025-08-26 15:07:03,0.5
bitcoin-up-or-down-august-27-9pm-et,DOWN,88199961804963316989575823589765327966215816745869924008829491301906775424924,1756220882,2025-08-26 15:08:02,0.5
bitcoin-up-or-down-august-27-9pm-et,DOWN,88199961804963316989575823589765327966215816745869924008829491301906775424924,1756220942,2025-08-26 15:09:02,0.5
bitcoin-up-or-down-august-27-9pm-et,DOWN,88199961804963316989575823589765327966215816745869924008829491301906775424924,1756221004,2025-08-26 15:10:04,0.5
bitcoin-up-or-down-august-27-9pm-et,DOWN,88199961804963316989575823589765327966215816745869924008829491301906775424924,1756221062,2025-08-26 15:11:02,0.5
bitcoin-up-or-down-august-27-9pm-et,DOWN,88199961804963316989575823589765327966215816745869924008829491301906775424924,1756221123,2025-08-26 15:12:03,0.5
bitcoin-up-or-down-august-27-9pm-et,DOWN,88199961804963316989575823589765327966215816745869924008829491301906775424924,1756221182,2025-08-26 15:13:02,0.5
bitcoin-up-or-down-august-27-9pm-et,DOWN,88199961804963316989575823589765327966215816745869924008829491301906775424924,1756221243,2025-08-26 15:14:03,0.5
bitcoin-up-or-down-august-27-9pm-et,DOWN,88199961804963316989575823589765327966215816745869924008829491301906775424924,1756221302,2025-08-26 15:15:02,0.5
bitcoin-up-or-down-august-27-9pm-et,DOWN,88199961804963316989575823589765327966215816745869924008829491301906775424924,1756221363,2025-08-26 15:16:03,0.5
bitcoin-up-or-down-august-27-9pm-et,DOWN,88199961804963316989575823589765327966215816745869924008829491301906775424924,1756221422,2025-08-26 15:17:02,0.5
bitcoin-up-or-down-august-27-9pm-et,DOWN,88199961804963316989575823589765327966215816745869924008829491301906775424924,1756221483,2025-08-26 15:18:03,0.5
bitcoin-up-or-down-august-27-9pm-et,DOWN,88199961804963316989575823589765327966215816745869924008829491301906775424924,1756221543,2025-08-26 15:19:03,0.5
bitcoin-up-or-down-august-27-9pm-et,DOWN,88199961804963316989575823589765327966215816745869924008829491301906775424924,1756221602,2025-08-26 15:20:02,0.5
bitcoin-up-or-down-august-27-9pm-et,DOWN,88199961804963316989575823589765327966215816745869924008829491301906775424924,1756221662,2025-08-26 15:21:02,0.5
bitcoin-up-or-down-august-27-9pm-et,DOWN,88199961804963316989575823589765327966215816745869924008829491301906775424924,1756221723,2025-08-26 15:22:03,0.5
bitcoin-up-or-down-august-27-9pm-et,DOWN,88199961804963316989575823589765327966215816745869924008829491301906775424924,1756221784,2025-08-26 15:23:04,0.5
bitcoin-up-or-down-august-27-9pm-et,DOWN,88199961804963316989575823589765327966215816745869924008829491301906775424924,1756221843,2025-08-26 15:24:03,0.5
bitcoin-up-or-down-august-27-9pm-et,DOWN,88199961804963316989575823589765327966215816745869924008829491301906775424924,1756221904,2025-08-26 15:25:04,0.5
bitcoin-up-or-down-august-27-9pm-et,DOWN,88199961804963316989575823589765327966215816745869924008829491301906775424924,1756221963,2025-08-26 15:26:03,0.5
bitcoin-up-or-down-august-27-9pm-et,DOWN,88199961804963316989575823589765327966215816745869924008829491301906775424924,1756222023,2025-08-26 15:27:03,0.5
bitcoin-up-or-down-august-27-9pm-et,DOWN,88199961804963316989575823589765327966215816745869924008829491301906775424924,1756222082,2025-08-26 15:28:02,0.5
bitcoin-up-or-down-august-27-9pm-et,DOWN,88199961804963316989575823589765327966215816745869924008829491301906775424924,1756222143,2025-08-26 15:29:03,0.5
bitcoin-up-or-down-august-27-9pm-et,DOWN,88199961804963316989575823589765327966215816745869924008829491301906775424924,1756222202,2025-08-26 15:30:02,0.5
bitcoin-up-or-down-august-27-9pm-et,DOWN,88199961804963316989575823589765327966215816745869924008829491301906775424924,1756222263,2025-08-26 15:31:03,0.5
bitcoin-up-or-down-august-27-9pm-et,DOWN,88199961804963316989575823589765327966215816745869924008829491301906775424924,1756222322,2025-08-26 15:32:02,0.5
bitcoin-up-or-down-august-27-9pm-et,DOWN,88199961804963316989575823589765327966215816745869924008829491301906775424924,1756222382,2025-08-26 15:33:02,0.5
bitcoin-up-or-down-august-27-9pm-et,DOWN,88199961804963316989575823589765327966215816745869924008829491301906775424924,1756222442,2025-08-26 15:34:02,0.5
bitcoin-up-or-down-august-27-9pm-et,DOWN,88199961804963316989575823589765327966215816745869924008829491301906775424924,1756222503,2025-08-26 15:35:03,0.5
bitcoin-up-or-down-august-27-9pm-et,DOWN,88199961804963316989575823589765327966215816745869924008829491301906775424924,1756222563,2025-08-26 15:36:03,0.5
bitcoin-up-or-down-august-27-9pm-et,DOWN,88199961804963316989575823589765327966215816745869924008829491301906775424924,1756222623,2025-08-26 15:37:03,0.5
bitcoin-up-or-down-august-27-9pm-et,DOWN,88199961804963316989575823589765327966215816745869924008829491301906775424924,1756222682,2025-08-26 15:38:02,0.5
bitcoin-up-or-down-august-27-9pm-et,DOWN,88199961804963316989575823589765327966215816745869924008829491301906775424924,1756222743,2025-08-26 15:39:03,0.5
bitcoin-up-or-down-august-27-9pm-et,DOWN,88199961804963316989575823589765327966215816745869924008829491301906775424924,1756222804,2025-08-26 15:40:04,0.5
bitcoin-up-or-down-august-27-9pm-et,DOWN,88199961804963316989575823589765327966215816745869924008829491301906775424924,1756222863,2025-08-26 15:41:03,0.5
bitcoin-up-or-down-august-27-9pm-et,DOWN,88199961804963316989575823589765327966215816745869924008829491301906775424924,1756222922,2025-08-26 15:42:02,0.5
bitcoin-up-or-down-august-27-9pm-et,DOWN,88199961804963316989575823589765327966215816745869924008829491301906775424924,1756222983,2025-08-26 15:43:03,0.5
bitcoin-up-or-down-august-27-9pm-et,DOWN,88199961804963316989575823589765327966215816745869924008829491301906775424924,1756223043,2025-08-26 15:44:03,0.5
bitcoin-up-or-down-august-27-9pm-et,DOWN,88199961804963316989575823589765327966215816745869924008829491301906775424924,1756223103,2025-08-26 15:45:03,0.5
bitcoin-up-or-down-august-27-9pm-et,DOWN,88199961804963316989575823589765327966215816745869924008829491301906775424924,1756223162,2025-08-26 15:46:02,0.5
bitcoin-up-or-down-august-27-9pm-et,DOWN,88199961804963316989575823589765327966215816745869924008829491301906775424924,1756223223,2025-08-26 15:47:03,0.5
bitcoin-up-or-down-august-27-9pm-et,DOWN,88199961804963316989575823589765327966215816745869924008829491301906775424924,1756223283,2025-08-26 15:48:03,0.5
bitcoin-up-or-down-august-27-9pm-et,DOWN,88199961804963316989575823589765327966215816745869924008829491301906775424924,1756223343,2025-08-26 15:49:03,0.5
bitcoin-up-or-down-august-27-9pm-et,DOWN,88199961804963316989575823589765327966215816745869924008829491301906775424924,1756223402,2025-08-26 15:50:02,0.5
bitcoin-up-or-down-august-27-9pm-et,DOWN,88199961804963316989575823589765327966215816745869924008829491301906775424924,1756223463,2025-08-26 15:51:03,0.5
bitcoin-up-or-down-august-27-9pm-et,DOWN,88199961804963316989575823589765327966215816745869924008829491301906775424924,1756223529,2025-08-26 15:52:09,0.5
bitcoin-up-or-down-august-27-9pm-et,DOWN,88199961804963316989575823589765327966215816745869924008829491301906775424924,1756223582,2025-08-26 15:53:02,0.5
bitcoin-up-or-down-august-27-9pm-et,DOWN,88199961804963316989575823589765327966215816745869924008829491301906775424924,1756223643,2025-08-26 15:54:03,0.5
bitcoin-up-or-down-august-27-9pm-et,DOWN,88199961804963316989575823589765327966215816745869924008829491301906775424924,1756223702,2025-08-26 15:55:02,0.5
bitcoin-up-or-down-august-27-9pm-et,DOWN,88199961804963316989575823589765327966215816745869924008829491301906775424924,1756223763,2025-08-26 15:56:03,0.5
bitcoin-up-or-down-august-27-9pm-et,DOWN,88199961804963316989575823589765327966215816745869924008829491301906775424924,1756223823,2025-08-26 15:57:03,0.5
bitcoin-up-or-down-august-27-9pm-et,DOWN,88199961804963316989575823589765327966215816745869924008829491301906775424924,1756223882,2025-08-26 15:58:02,0.5
bitcoin-up-or-down-august-27-9pm-et,DOWN,88199961804963316989575823589765327966215816745869924008829491301906775424924,1756223944,2025-08-26 15:59:04,0.5
bitcoin-up-or-down-august-27-9pm-et,DOWN,88199961804963316989575823589765327966215816745869924008829491301906775424924,1756224008,2025-08-26 16:00:08,0.5
bitcoin-up-or-down-august-27-9pm-et,DOWN,88199961804963316989575823589765327966215816745869924008829491301906775424924,1756224062,2025-08-26 16:01:02,0.5
bitcoin-up-or-down-august-27-9pm-et,DOWN,88199961804963316989575823589765327966215816745869924008829491301906775424924,1756224122,2025-08-26 16:02:02,0.5
bitcoin-up-or-down-august-27-9pm-et,DOWN,88199961804963316989575823589765327966215816745869924008829491301906775424924,1756224183,2025-08-26 16:03:03,0.5
bitcoin-up-or-down-august-27-9pm-et,DOWN,88199961804963316989575823589765327966215816745869924008829491301906775424924,1756224244,2025-08-26 16:04:04,0.5
bitcoin-up-or-down-august-27-9pm-et,DOWN,88199961804963316989575823589765327966215816745869924008829491301906775424924,1756224303,2025-08-26 16:05:03,0.5
bitcoin-up-or-down-august-27-9pm-et,DOWN,88199961804963316989575823589765327966215816745869924008829491301906775424924,1756224362,2025-08-26 16:06:02,0.5
bitcoin-up-or-down-august-27-9pm-et,DOWN,88199961804963316989575823589765327966215816745869924008829491301906775424924,1756224423,2025-08-26 16:07:03,0.5
bitcoin-up-or-down-august-27-9pm-et,DOWN,88199961804963316989575823589765327966215816745869924008829491301906775424924,1756224483,2025-08-26 16:08:03,0.5
bitcoin-up-or-down-august-27-9pm-et,DOWN,88199961804963316989575823589765327966215816745869924008829491301906775424924,1756224543,2025-08-26 16:09:03,0.5
bitcoin-up-or-down-august-27-9pm-et,DOWN,88199961804963316989575823589765327966215816745869924008829491301906775424924,1756224602,2025-08-26 16:10:02,0.5
bitcoin-up-or-down-august-27-9pm-et,DOWN,88199961804963316989575823589765327966215816745869924008829491301906775424924,1756224663,2025-08-26 16:11:03,0.5
bitcoin-up-or-down-august-27-9pm-et,DOWN,88199961804963316989575823589765327966215816745869924008829491301906775424924,1756224723,2025-08-26 16:12:03,0.5
bitcoin-up-or-down-august-27-9pm-et,DOWN,88199961804963316989575823589765327966215816745869924008829491301906775424924,1756224783,2025-08-26 16:13:03,0.5
bitcoin-up-or-down-august-27-9pm-et,DOWN,88199961804963316989575823589765327966215816745869924008829491301906775424924,1756224844,2025-08-26 16:14:04,0.5
bitcoin-up-or-down-august-27-9pm-et,DOWN,88199961804963316989575823589765327966215816745869924008829491301906775424924,1756224902,2025-08-26 16:15:02,0.5
bitcoin-up-or-down-august-27-9pm-et,DOWN,88199961804963316989575823589765327966215816745869924008829491301906775424924,1756224963,2025-08-26 16:16:03,0.5
bitcoin-up-or-down-august-27-9pm-et,DOWN,88199961804963316989575823589765327966215816745869924008829491301906775424924,1756225023,2025-08-26 16:17:03,0.5
bitcoin-up-or-down-august-27-9pm-et,DOWN,88199961804963316989575823589765327966215816745869924008829491301906775424924,1756225082,2025-08-26 16:18:02,0.5
bitcoin-up-or-down-august-27-9pm-et,DOWN,88199961804963316989575823589765327966215816745869924008829491301906775424924,1756225142,2025-08-26 16:19:02,0.5
bitcoin-up-or-down-august-27-9pm-et,DOWN,88199961804963316989575823589765327966215816745869924008829491301906775424924,1756225203,2025-08-26 16:20:03,0.5
bitcoin-up-or-down-august-27-9pm-et,DOWN,88199961804963316989575823589765327966215816745869924008829491301906775424924,1756225264,2025-08-26 16:21:04,0.5
bitcoin-up-or-down-august-27-9pm-et,DOWN,88199961804963316989575823589765327966215816745869924008829491301906775424924,1756225322,2025-08-26 16:22:02,0.5
bitcoin-up-or-down-august-27-9pm-et,DOWN,88199961804963316989575823589765327966215816745869924008829491301906775424924,1756225382,2025-08-26 16:23:02,0.5
bitcoin-up-or-down-august-27-9pm-et,DOWN,88199961804963316989575823589765327966215816745869924008829491301906775424924,1756225442,2025-08-26 16:24:02,0.5
bitcoin-up-or-down-august-27-9pm-et,DOWN,88199961804963316989575823589765327966215816745869924008829491301906775424924,1756225503,2025-08-26 16:25:03,0.5
bitcoin-up-or-down-august-27-9pm-et,DOWN,88199961804963316989575823589765327966215816745869924008829491301906775424924,1756225572,2025-08-26 16:26:12,0.5
bitcoin-up-or-down-august-27-9pm-et,DOWN,88199961804963316989575823589765327966215816745869924008829491301906775424924,1756225623,2025-08-26 16:27:03,0.5
bitcoin-up-or-down-august-27-9pm-et,DOWN,88199961804963316989575823589765327966215816745869924008829491301906775424924,1756225682,2025-08-26 16:28:02,0.5
bitcoin-up-or-down-august-27-9pm-et,DOWN,88199961804963316989575823589765327966215816745869924008829491301906775424924,1756225743,2025-08-26 16:29:03,0.5
bitcoin-up-or-down-august-27-9pm-et,DOWN,88199961804963316989575823589765327966215816745869924008829491301906775424924,1756225805,2025-08-26 16:30:05,0.5
bitcoin-up-or-down-august-27-9pm-et,DOWN,88199961804963316989575823589765327966215816745869924008829491301906775424924,1756225863,2025-08-26 16:31:03,0.5
bitcoin-up-or-down-august-27-9pm-et,DOWN,88199961804963316989575823589765327966215816745869924008829491301906775424924,1756225923,2025-08-26 16:32:03,0.5
bitcoin-up-or-down-august-27-9pm-et,DOWN,88199961804963316989575823589765327966215816745869924008829491301906775424924,1756225983,2025-08-26 16:33:03,0.5
bitcoin-up-or-down-august-27-9pm-et,DOWN,88199961804963316989575823589765327966215816745869924008829491301906775424924,1756226043,2025-08-26 16:34:03,0.5
bitcoin-up-or-down-august-27-9pm-et,DOWN,88199961804963316989575823589765327966215816745869924008829491301906775424924,1756226102,2025-08-26 16:35:02,0.5
bitcoin-up-or-down-august-27-9pm-et,DOWN,88199961804963316989575823589765327966215816745869924008829491301906775424924,1756226162,2025-08-26 16:36:02,0.5
bitcoin-up-or-down-august-27-9pm-et,DOWN,88199961804963316989575823589765327966215816745869924008829491301906775424924,1756226223,2025-08-26 16:37:03,0.5
bitcoin-up-or-down-august-27-9pm-et,DOWN,88199961804963316989575823589765327966215816745869924008829491301906775424924,1756226283,2025-08-26 16:38:03,0.5
bitcoin-up-or-down-august-27-9pm-et,DOWN,88199961804963316989575823589765327966215816745869924008829491301906775424924,1756226342,2025-08-26 16:39:02,0.5
bitcoin-up-or-down-august-27-9pm-et,DOWN,88199961804963316989575823589765327966215816745869924008829491301906775424924,1756226402,2025-08-26 16:40:02,0.5
bitcoin-up-or-down-august-27-9pm-et,DOWN,88199961804963316989575823589765327966215816745869924008829491301906775424924,1756226463,2025-08-26 16:41:03,0.5
bitcoin-up-or-down-august-27-9pm-et,DOWN,88199961804963316989575823589765327966215816745869924008829491301906775424924,1756226523,2025-08-26 16:42:03,0.5
bitcoin-up-or-down-august-27-9pm-et,DOWN,88199961804963316989575823589765327966215816745869924008829491301906775424924,1756226583,2025-08-26 16:43:03,0.5
bitcoin-up-or-down-august-27-9pm-et,DOWN,88199961804963316989575823589765327966215816745869924008829491301906775424924,1756226642,2025-08-26 16:44:02,0.5
bitcoin-up-or-down-august-27-9pm-et,DOWN,88199961804963316989575823589765327966215816745869924008829491301906775424924,1756226704,2025-08-26 16:45:04,0.5
bitcoin-up-or-down-august-27-9pm-et,DOWN,88199961804963316989575823589765327966215816745869924008829491301906775424924,1756226763,2025-08-26 16:46:03,0.5
bitcoin-up-or-down-august-27-9pm-et,DOWN,88199961804963316989575823589765327966215816745869924008829491301906775424924,1756226823,2025-08-26 16:47:03,0.5
bitcoin-up-or-down-august-27-9pm-et,DOWN,88199961804963316989575823589765327966215816745869924008829491301906775424924,1756226884,2025-08-26 16:48:04,0.5
bitcoin-up-or-down-august-27-9pm-et,DOWN,88199961804963316989575823589765327966215816745869924008829491301906775424924,1756226943,2025-08-26 16:49:03,0.5
bitcoin-up-or-down-august-27-9pm-et,DOWN,88199961804963316989575823589765327966215816745869924008829491301906775424924,1756227007,2025-08-26 16:50:07,0.5
bitcoin-up-or-down-august-27-9pm-et,DOWN,88199961804963316989575823589765327966215816745869924008829491301906775424924,1756227063,2025-08-26 16:51:03,0.5
bitcoin-up-or-down-august-27-9pm-et,DOWN,88199961804963316989575823589765327966215816745869924008829491301906775424924,1756227122,2025-08-26 16:52:02,0.5
bitcoin-up-or-down-august-27-9pm-et,DOWN,88199961804963316989575823589765327966215816745869924008829491301906775424924,1756227182,2025-08-26 16:53:02,0.5
bitcoin-up-or-down-august-27-9pm-et,DOWN,88199961804963316989575823589765327966215816745869924008829491301906775424924,1756227243,2025-08-26 16:54:03,0.5
bitcoin-up-or-down-august-27-9pm-et,DOWN,88199961804963316989575823589765327966215816745869924008829491301906775424924,1756227311,2025-08-26 16:55:11,0.5
bitcoin-up-or-down-august-27-9pm-et,DOWN,88199961804963316989575823589765327966215816745869924008829491301906775424924,1756227362,2025-08-26 16:56:02,0.5
bitcoin-up-or-down-august-27-9pm-et,DOWN,88199961804963316989575823589765327966215816745869924008829491301906775424924,1756227423,2025-08-26 16:57:03,0.5
bitcoin-up-or-down-august-27-9pm-et,DOWN,88199961804963316989575823589765327966215816745869924008829491301906775424924,1756227482,2025-08-26 16:58:02,0.5
bitcoin-up-or-down-august-27-9pm-et,DOWN,88199961804963316989575823589765327966215816745869924008829491301906775424924,1756227543,2025-08-26 16:59:03,0.5
bitcoin-up-or-down-august-27-9pm-et,DOWN,88199961804963316989575823589765327966215816745869924008829491301906775424924,1756227610,2025-08-26 17:00:10,0.5
bitcoin-up-or-down-august-27-9pm-et,DOWN,88199961804963316989575823589765327966215816745869924008829491301906775424924,1756227662,2025-08-26 17:01:02,0.5
bitcoin-up-or-down-august-27-9pm-et,DOWN,88199961804963316989575823589765327966215816745869924008829491301906775424924,1756227722,2025-08-26 17:02:02,0.5
bitcoin-up-or-down-august-27-9pm-et,DOWN,88199961804963316989575823589765327966215816745869924008829491301906775424924,1756227783,2025-08-26 17:03:03,0.5
bitcoin-up-or-down-august-27-9pm-et,DOWN,88199961804963316989575823589765327966215816745869924008829491301906775424924,1756227842,2025-08-26 17:04:02,0.5
bitcoin-up-or-down-august-27-9pm-et,DOWN,88199961804963316989575823589765327966215816745869924008829491301906775424924,1756227903,2025-08-26 17:05:03,0.5
bitcoin-up-or-down-august-27-9pm-et,DOWN,88199961804963316989575823589765327966215816745869924008829491301906775424924,1756227963,2025-08-26 17:06:03,0.5
bitcoin-up-or-down-august-27-9pm-et,DOWN,88199961804963316989575823589765327966215816745869924008829491301906775424924,1756228022,2025-08-26 17:07:02,0.5
bitcoin-up-or-down-august-27-9pm-et,DOWN,88199961804963316989575823589765327966215816745869924008829491301906775424924,1756228082,2025-08-26 17:08:02,0.5
bitcoin-up-or-down-august-27-9pm-et,DOWN,88199961804963316989575823589765327966215816745869924008829491301906775424924,1756228142,2025-08-26 17:09:02,0.5
bitcoin-up-or-down-august-27-9pm-et,DOWN,88199961804963316989575823589765327966215816745869924008829491301906775424924,1756228206,2025-08-26 17:10:06,0.5
bitcoin-up-or-down-august-27-9pm-et,DOWN,88199961804963316989575823589765327966215816745869924008829491301906775424924,1756228262,2025-08-26 17:11:02,0.5
bitcoin-up-or-down-august-27-9pm-et,DOWN,88199961804963316989575823589765327966215816745869924008829491301906775424924,1756228323,2025-08-26 17:12:03,0.5
bitcoin-up-or-down-august-27-9pm-et,DOWN,88199961804963316989575823589765327966215816745869924008829491301906775424924,1756228382,2025-08-26 17:13:02,0.5
bitcoin-up-or-down-august-27-9pm-et,DOWN,88199961804963316989575823589765327966215816745869924008829491301906775424924,1756228443,2025-08-26 17:14:03,0.5
bitcoin-up-or-down-august-27-9pm-et,DOWN,88199961804963316989575823589765327966215816745869924008829491301906775424924,1756228507,2025-08-26 17:15:07,0.5
bitcoin-up-or-down-august-27-9pm-et,DOWN,88199961804963316989575823589765327966215816745869924008829491301906775424924,1756228562,2025-08-26 17:16:02,0.5
bitcoin-up-or-down-august-27-9pm-et,DOWN,88199961804963316989575823589765327966215816745869924008829491301906775424924,1756228622,2025-08-26 17:17:02,0.5
bitcoin-up-or-down-august-27-9pm-et,DOWN,88199961804963316989575823589765327966215816745869924008829491301906775424924,1756228682,2025-08-26 17:18:02,0.5
bitcoin-up-or-down-august-27-9pm-et,DOWN,88199961804963316989575823589765327966215816745869924008829491301906775424924,1756228743,2025-08-26 17:19:03,0.5
bitcoin-up-or-down-august-27-9pm-et,DOWN,88199961804963316989575823589765327966215816745869924008829491301906775424924,1756228806,2025-08-26 17:20:06,0.5
bitcoin-up-or-down-august-27-9pm-et,DOWN,88199961804963316989575823589765327966215816745869924008829491301906775424924,1756228863,2025-08-26 17:21:03,0.5
bitcoin-up-or-down-august-27-9pm-et,DOWN,88199961804963316989575823589765327966215816745869924008829491301906775424924,1756228922,2025-08-26 17:22:02,0.5
bitcoin-up-or-down-august-27-9pm-et,DOWN,88199961804963316989575823589765327966215816745869924008829491301906775424924,1756228982,2025-08-26 17:23:02,0.5
bitcoin-up-or-down-august-27-9pm-et,DOWN,88199961804963316989575823589765327966215816745869924008829491301906775424924,1756229043,2025-08-26 17:24:03,0.5
bitcoin-up-or-down-august-27-9pm-et,DOWN,88199961804963316989575823589765327966215816745869924008829491301906775424924,1756229111,2025-08-26 17:25:11,0.5
bitcoin-up-or-down-august-27-9pm-et,DOWN,88199961804963316989575823589765327966215816745869924008829491301906775424924,1756229162,2025-08-26 17:26:02,0.5
bitcoin-up-or-down-august-27-9pm-et,DOWN,88199961804963316989575823589765327966215816745869924008829491301906775424924,1756229222,2025-08-26 17:27:02,0.5
bitcoin-up-or-down-august-27-9pm-et,DOWN,88199961804963316989575823589765327966215816745869924008829491301906775424924,1756229283,2025-08-26 17:28:03,0.5
bitcoin-up-or-down-august-27-9pm-et,DOWN,88199961804963316989575823589765327966215816745869924008829491301906775424924,1756229342,2025-08-26 17:29:02,0.5
bitcoin-up-or-down-august-27-9pm-et,DOWN,88199961804963316989575823589765327966215816745869924008829491301906775424924,1756229405,2025-08-26 17:30:05,0.5
bitcoin-up-or-down-august-27-9pm-et,DOWN,88199961804963316989575823589765327966215816745869924008829491301906775424924,1756229463,2025-08-26 17:31:03,0.5
bitcoin-up-or-down-august-27-9pm-et,DOWN,88199961804963316989575823589765327966215816745869924008829491301906775424924,1756229523,2025-08-26 17:32:03,0.5
bitcoin-up-or-down-august-27-9pm-et,DOWN,88199961804963316989575823589765327966215816745869924008829491301906775424924,1756229582,2025-08-26 17:33:02,0.5
bitcoin-up-or-down-august-27-9pm-et,DOWN,88199961804963316989575823589765327966215816745869924008829491301906775424924,1756229642,2025-08-26 17:34:02,0.5
bitcoin-up-or-down-august-27-9pm-et,DOWN,88199961804963316989575823589765327966215816745869924008829491301906775424924,1756229704,2025-08-26 17:35:04,0.5
bitcoin-up-or-down-august-27-9pm-et,DOWN,88199961804963316989575823589765327966215816745869924008829491301906775424924,1756229763,2025-08-26 17:36:03,0.5
bitcoin-up-or-down-august-27-9pm-et,DOWN,88199961804963316989575823589765327966215816745869924008829491301906775424924,1756229822,2025-08-26 17:37:02,0.5
bitcoin-up-or-down-august-27-9pm-et,DOWN,88199961804963316989575823589765327966215816745869924008829491301906775424924,1756229883,2025-08-26 17:38:03,0.5
bitcoin-up-or-down-august-27-9pm-et,DOWN,88199961804963316989575823589765327966215816745869924008829491301906775424924,1756229943,2025-08-26 17:39:03,0.5
bitcoin-up-or-down-august-27-9pm-et,DOWN,88199961804963316989575823589765327966215816745869924008829491301906775424924,1756230006,2025-08-26 17:40:06,0.5
bitcoin-up-or-down-august-27-9pm-et,DOWN,88199961804963316989575823589765327966215816745869924008829491301906775424924,1756230062,2025-08-26 17:41:02,0.5
bitcoin-up-or-down-august-27-9pm-et,DOWN,88199961804963316989575823589765327966215816745869924008829491301906775424924,1756230123,2025-08-26 17:42:03,0.5
bitcoin-up-or-down-august-27-9pm-et,DOWN,88199961804963316989575823589765327966215816745869924008829491301906775424924,1756230183,2025-08-26 17:43:03,0.5
bitcoin-up-or-down-august-27-9pm-et,DOWN,88199961804963316989575823589765327966215816745869924008829491301906775424924,1756230243,2025-08-26 17:44:03,0.5
bitcoin-up-or-down-august-27-9pm-et,DOWN,88199961804963316989575823589765327966215816745869924008829491301906775424924,1756230302,2025-08-26 17:45:02,0.5
bitcoin-up-or-down-august-27-9pm-et,DOWN,88199961804963316989575823589765327966215816745869924008829491301906775424924,1756230363,2025-08-26 17:46:03,0.5
bitcoin-up-or-down-august-27-9pm-et,DOWN,88199961804963316989575823589765327966215816745869924008829491301906775424924,1756230423,2025-08-26 17:47:03,0.5
bitcoin-up-or-down-august-27-9pm-et,DOWN,88199961804963316989575823589765327966215816745869924008829491301906775424924,1756230483,2025-08-26 17:48:03,0.5
bitcoin-up-or-down-august-27-9pm-et,DOWN,88199961804963316989575823589765327966215816745869924008829491301906775424924,1756230542,2025-08-26 17:49:02,0.5
bitcoin-up-or-down-august-27-9pm-et,DOWN,88199961804963316989575823589765327966215816745869924008829491301906775424924,1756230614,2025-08-26 17:50:14,0.5
bitcoin-up-or-down-august-27-9pm-et,DOWN,88199961804963316989575823589765327966215816745869924008829491301906775424924,1756230663,2025-08-26 17:51:03,0.5
bitcoin-up-or-down-august-27-9pm-et,DOWN,88199961804963316989575823589765327966215816745869924008829491301906775424924,1756230722,2025-08-26 17:52:02,0.5
bitcoin-up-or-down-august-27-9pm-et,DOWN,88199961804963316989575823589765327966215816745869924008829491301906775424924,1756230783,2025-08-26 17:53:03,0.5
bitcoin-up-or-down-august-27-9pm-et,DOWN,88199961804963316989575823589765327966215816745869924008829491301906775424924,1756230843,2025-08-26 17:54:03,0.5
bitcoin-up-or-down-august-27-9pm-et,DOWN,88199961804963316989575823589765327966215816745869924008829491301906775424924,1756230902,2025-08-26 17:55:02,0.5
bitcoin-up-or-down-august-27-9pm-et,DOWN,88199961804963316989575823589765327966215816745869924008829491301906775424924,1756230963,2025-08-26 17:56:03,0.5
bitcoin-up-or-down-august-27-9pm-et,DOWN,88199961804963316989575823589765327966215816745869924008829491301906775424924,1756231022,2025-08-26 17:57:02,0.5
bitcoin-up-or-down-august-27-9pm-et,DOWN,88199961804963316989575823589765327966215816745869924008829491301906775424924,1756231083,2025-08-26 17:58:03,0.5
bitcoin-up-or-down-august-27-9pm-et,DOWN,88199961804963316989575823589765327966215816745869924008829491301906775424924,1756231142,2025-08-26 17:59:02,0.5
bitcoin-up-or-down-august-27-9pm-et,DOWN,88199961804963316989575823589765327966215816745869924008829491301906775424924,1756231216,2025-08-26 18:00:16,0.5
bitcoin-up-or-down-august-27-9pm-et,DOWN,88199961804963316989575823589765327966215816745869924008829491301906775424924,1756231264,2025-08-26 18:01:04,0.5
bitcoin-up-or-down-august-27-9pm-et,DOWN,88199961804963316989575823589765327966215816745869924008829491301906775424924,1756231322,2025-08-26 18:02:02,0.5
bitcoin-up-or-down-august-27-9pm-et,DOWN,88199961804963316989575823589765327966215816745869924008829491301906775424924,1756231383,2025-08-26 18:03:03,0.5
bitcoin-up-or-down-august-27-9pm-et,DOWN,88199961804963316989575823589765327966215816745869924008829491301906775424924,1756231443,2025-08-26 18:04:03,0.5
bitcoin-up-or-down-august-27-9pm-et,DOWN,88199961804963316989575823589765327966215816745869924008829491301906775424924,1756231510,2025-08-26 18:05:10,0.5
bitcoin-up-or-down-august-27-9pm-et,DOWN,88199961804963316989575823589765327966215816745869924008829491301906775424924,1756231563,2025-08-26 18:06:03,0.5
bitcoin-up-or-down-august-27-9pm-et,DOWN,88199961804963316989575823589765327966215816745869924008829491301906775424924,1756231623,2025-08-26 18:07:03,0.5
bitcoin-up-or-down-august-27-9pm-et,DOWN,88199961804963316989575823589765327966215816745869924008829491301906775424924,1756231682,2025-08-26 18:08:02,0.5
bitcoin-up-or-down-august-27-9pm-et,DOWN,88199961804963316989575823589765327966215816745869924008829491301906775424924,1756231742,2025-08-26 18:09:02,0.5
bitcoin-up-or-down-august-27-9pm-et,DOWN,88199961804963316989575823589765327966215816745869924008829491301906775424924,1756231804,2025-08-26 18:10:04,0.5
bitcoin-up-or-down-august-27-9pm-et,DOWN,88199961804963316989575823589765327966215816745869924008829491301906775424924,1756231862,2025-08-26 18:11:02,0.5
bitcoin-up-or-down-august-27-9pm-et,DOWN,88199961804963316989575823589765327966215816745869924008829491301906775424924,1756231922,2025-08-26 18:12:02,0.5
bitcoin-up-or-down-august-27-9pm-et,DOWN,88199961804963316989575823589765327966215816745869924008829491301906775424924,1756231982,2025-08-26 18:13:02,0.5
bitcoin-up-or-down-august-27-9pm-et,DOWN,88199961804963316989575823589765327966215816745869924008829491301906775424924,1756232043,2025-08-26 18:14:03,0.5
bitcoin-up-or-down-august-27-9pm-et,DOWN,88199961804963316989575823589765327966215816745869924008829491301906775424924,1756232114,2025-08-26 18:15:14,0.5
bitcoin-up-or-down-august-27-9pm-et,DOWN,88199961804963316989575823589765327966215816745869924008829491301906775424924,1756232162,2025-08-26 18:16:02,0.5
bitcoin-up-or-down-august-27-9pm-et,DOWN,88199961804963316989575823589765327966215816745869924008829491301906775424924,1756232222,2025-08-26 18:17:02,0.5
bitcoin-up-or-down-august-27-9pm-et,DOWN,88199961804963316989575823589765327966215816745869924008829491301906775424924,1756232283,2025-08-26 18:18:03,0.5
bitcoin-up-or-down-august-27-9pm-et,DOWN,88199961804963316989575823589765327966215816745869924008829491301906775424924,1756232342,2025-08-26 18:19:02,0.5
bitcoin-up-or-down-august-27-9pm-et,DOWN,88199961804963316989575823589765327966215816745869924008829491301906775424924,1756232404,2025-08-26 18:20:04,0.5
bitcoin-up-or-down-august-27-9pm-et,DOWN,88199961804963316989575823589765327966215816745869924008829491301906775424924,1756232463,2025-08-26 18:21:03,0.5
bitcoin-up-or-down-august-27-9pm-et,DOWN,88199961804963316989575823589765327966215816745869924008829491301906775424924,1756232523,2025-08-26 18:22:03,0.5
bitcoin-up-or-down-august-27-9pm-et,DOWN,88199961804963316989575823589765327966215816745869924008829491301906775424924,1756232583,2025-08-26 18:23:03,0.5
bitcoin-up-or-down-august-27-9pm-et,DOWN,88199961804963316989575823589765327966215816745869924008829491301906775424924,1756232643,2025-08-26 18:24:03,0.5
bitcoin-up-or-down-august-27-9pm-et,DOWN,88199961804963316989575823589765327966215816745869924008829491301906775424924,1756232704,2025-08-26 18:25:04,0.5
bitcoin-up-or-down-august-27-9pm-et,DOWN,88199961804963316989575823589765327966215816745869924008829491301906775424924,1756232762,2025-08-26 18:26:02,0.5
bitcoin-up-or-down-august-27-9pm-et,DOWN,88199961804963316989575823589765327966215816745869924008829491301906775424924,1756232823,2025-08-26 18:27:03,0.5
bitcoin-up-or-down-august-27-9pm-et,DOWN,88199961804963316989575823589765327966215816745869924008829491301906775424924,1756232883,2025-08-26 18:28:03,0.5
bitcoin-up-or-down-august-27-9pm-et,DOWN,88199961804963316989575823589765327966215816745869924008829491301906775424924,1756232943,2025-08-26 18:29:03,0.5
bitcoin-up-or-down-august-27-9pm-et,DOWN,88199961804963316989575823589765327966215816745869924008829491301906775424924,1756233002,2025-08-26 18:30:02,0.5
bitcoin-up-or-down-august-27-9pm-et,DOWN,88199961804963316989575823589765327966215816745869924008829491301906775424924,1756233062,2025-08-26 18:31:02,0.5
bitcoin-up-or-down-august-27-9pm-et,DOWN,88199961804963316989575823589765327966215816745869924008829491301906775424924,1756233123,2025-08-26 18:32:03,0.5
bitcoin-up-or-down-august-27-9pm-et,DOWN,88199961804963316989575823589765327966215816745869924008829491301906775424924,1756233183,2025-08-26 18:33:03,0.5
bitcoin-up-or-down-august-27-9pm-et,DOWN,88199961804963316989575823589765327966215816745869924008829491301906775424924,1756233242,2025-08-26 18:34:02,0.5
bitcoin-up-or-down-august-27-9pm-et,DOWN,88199961804963316989575823589765327966215816745869924008829491301906775424924,1756233304,2025-08-26 18:35:04,0.5
bitcoin-up-or-down-august-27-9pm-et,DOWN,88199961804963316989575823589765327966215816745869924008829491301906775424924,1756233363,2025-08-26 18:36:03,0.5
bitcoin-up-or-down-august-27-9pm-et,DOWN,88199961804963316989575823589765327966215816745869924008829491301906775424924,1756233424,2025-08-26 18:37:04,0.5
bitcoin-up-or-down-august-27-9pm-et,DOWN,88199961804963316989575823589765327966215816745869924008829491301906775424924,1756233482,2025-08-26 18:38:02,0.5
bitcoin-up-or-down-august-27-9pm-et,DOWN,88199961804963316989575823589765327966215816745869924008829491301906775424924,1756233542,2025-08-26 18:39:02,0.5
bitcoin-up-or-down-august-27-9pm-et,DOWN,88199961804963316989575823589765327966215816745869924008829491301906775424924,1756233612,2025-08-26 18:40:12,0.5
bitcoin-up-or-down-august-27-9pm-et,DOWN,88199961804963316989575823589765327966215816745869924008829491301906775424924,1756233663,2025-08-26 18:41:03,0.5
bitcoin-up-or-down-august-27-9pm-et,DOWN,88199961804963316989575823589765327966215816745869924008829491301906775424924,1756233723,2025-08-26 18:42:03,0.5
bitcoin-up-or-down-august-27-9pm-et,DOWN,88199961804963316989575823589765327966215816745869924008829491301906775424924,1756233783,2025-08-26 18:43:03,0.5
bitcoin-up-or-down-august-27-9pm-et,DOWN,88199961804963316989575823589765327966215816745869924008829491301906775424924,1756233842,2025-08-26 18:44:02,0.5
bitcoin-up-or-down-august-27-9pm-et,DOWN,88199961804963316989575823589765327966215816745869924008829491301906775424924,1756233904,2025-08-26 18:45:04,0.5
bitcoin-up-or-down-august-27-9pm-et,DOWN,88199961804963316989575823589765327966215816745869924008829491301906775424924,1756233963,2025-08-26 18:46:03,0.5
bitcoin-up-or-down-august-27-9pm-et,DOWN,88199961804963316989575823589765327966215816745869924008829491301906775424924,1756234023,2025-08-26 18:47:03,0.5
bitcoin-up-or-down-august-27-9pm-et,DOWN,88199961804963316989575823589765327966215816745869924008829491301906775424924,1756234083,2025-08-26 18:48:03,0.5
bitcoin-up-or-down-august-27-9pm-et,DOWN,88199961804963316989575823589765327966215816745869924008829491301906775424924,1756234142,2025-08-26 18:49:02,0.5
bitcoin-up-or-down-august-27-9pm-et,DOWN,88199961804963316989575823589765327966215816745869924008829491301906775424924,1756234214,2025-08-26 18:50:14,0.5
bitcoin-up-or-down-august-27-9pm-et,DOWN,88199961804963316989575823589765327966215816745869924008829491301906775424924,1756234262,2025-08-26 18:51:02,0.5
bitcoin-up-or-down-august-27-9pm-et,DOWN,88199961804963316989575823589765327966215816745869924008829491301906775424924,1756234322,2025-08-26 18:52:02,0.5
bitcoin-up-or-down-august-27-9pm-et,DOWN,88199961804963316989575823589765327966215816745869924008829491301906775424924,1756234383,2025-08-26 18:53:03,0.5
bitcoin-up-or-down-august-27-9pm-et,DOWN,88199961804963316989575823589765327966215816745869924008829491301906775424924,1756234442,2025-08-26 18:54:02,0.5
bitcoin-up-or-down-august-27-9pm-et,DOWN,88199961804963316989575823589765327966215816745869924008829491301906775424924,1756234504,2025-08-26 18:55:04,0.5
bitcoin-up-or-down-august-27-9pm-et,DOWN,88199961804963316989575823589765327966215816745869924008829491301906775424924,1756234563,2025-08-26 18:56:03,0.5
bitcoin-up-or-down-august-27-9pm-et,DOWN,88199961804963316989575823589765327966215816745869924008829491301906775424924,1756234622,2025-08-26 18:57:02,0.5
bitcoin-up-or-down-august-27-9pm-et,DOWN,88199961804963316989575823589765327966215816745869924008829491301906775424924,1756234682,2025-08-26 18:58:02,0.5
bitcoin-up-or-down-august-27-9pm-et,DOWN,88199961804963316989575823589765327966215816745869924008829491301906775424924,1756234743,2025-08-26 18:59:03,0.5
bitcoin-up-or-down-august-27-9pm-et,DOWN,88199961804963316989575823589765327966215816745869924008829491301906775424924,1756234817,2025-08-26 19:00:17,0.5
bitcoin-up-or-down-august-27-9pm-et,DOWN,88199961804963316989575823589765327966215816745869924008829491301906775424924,1756234862,2025-08-26 19:01:02,0.5
bitcoin-up-or-down-august-27-9pm-et,DOWN,88199961804963316989575823589765327966215816745869924008829491301906775424924,1756234922,2025-08-26 19:02:02,0.5
bitcoin-up-or-down-august-27-9pm-et,DOWN,88199961804963316989575823589765327966215816745869924008829491301906775424924,1756234982,2025-08-26 19:03:02,0.5
bitcoin-up-or-down-august-27-9pm-et,DOWN,88199961804963316989575823589765327966215816745869924008829491301906775424924,1756235043,2025-08-26 19:04:03,0.5
bitcoin-up-or-down-august-27-9pm-et,DOWN,88199961804963316989575823589765327966215816745869924008829491301906775424924,1756235113,2025-08-26 19:05:13,0.5
bitcoin-up-or-down-august-27-9pm-et,DOWN,88199961804963316989575823589765327966215816745869924008829491301906775424924,1756235162,2025-08-26 19:06:02,0.5
bitcoin-up-or-down-august-27-9pm-et,DOWN,88199961804963316989575823589765327966215816745869924008829491301906775424924,1756235222,2025-08-26 19:07:02,0.5
bitcoin-up-or-down-august-27-9pm-et,DOWN,88199961804963316989575823589765327966215816745869924008829491301906775424924,1756235282,2025-08-26 19:08:02,0.5
bitcoin-up-or-down-august-27-9pm-et,DOWN,88199961804963316989575823589765327966215816745869924008829491301906775424924,1756235342,2025-08-26 19:09:02,0.5
bitcoin-up-or-down-august-27-9pm-et,DOWN,88199961804963316989575823589765327966215816745869924008829491301906775424924,1756235412,2025-08-26 19:10:12,0.5
bitcoin-up-or-down-august-27-9pm-et,DOWN,88199961804963316989575823589765327966215816745869924008829491301906775424924,1756235462,2025-08-26 19:11:02,0.5
bitcoin-up-or-down-august-27-9pm-et,DOWN,88199961804963316989575823589765327966215816745869924008829491301906775424924,1756235524,2025-08-26 19:12:04,0.5
bitcoin-up-or-down-august-27-9pm-et,DOWN,88199961804963316989575823589765327966215816745869924008829491301906775424924,1756235582,2025-08-26 19:13:02,0.5
bitcoin-up-or-down-august-27-9pm-et,DOWN,88199961804963316989575823589765327966215816745869924008829491301906775424924,1756235644,2025-08-26 19:14:04,0.5
bitcoin-up-or-down-august-27-9pm-et,DOWN,88199961804963316989575823589765327966215816745869924008829491301906775424924,1756235708,2025-08-26 19:15:08,0.5
bitcoin-up-or-down-august-27-9pm-et,DOWN,88199961804963316989575823589765327966215816745869924008829491301906775424924,1756235762,2025-08-26 19:16:02,0.5
bitcoin-up-or-down-august-27-9pm-et,DOWN,88199961804963316989575823589765327966215816745869924008829491301906775424924,1756235822,2025-08-26 19:17:02,0.5
bitcoin-up-or-down-august-27-9pm-et,DOWN,88199961804963316989575823589765327966215816745869924008829491301906775424924,1756235884,2025-08-26 19:18:04,0.5
bitcoin-up-or-down-august-27-9pm-et,DOWN,88199961804963316989575823589765327966215816745869924008829491301906775424924,1756235942,2025-08-26 19:19:02,0.5
bitcoin-up-or-down-august-27-9pm-et,DOWN,88199961804963316989575823589765327966215816745869924008829491301906775424924,1756236002,2025-08-26 19:20:02,0.5
bitcoin-up-or-down-august-27-9pm-et,DOWN,88199961804963316989575823589765327966215816745869924008829491301906775424924,1756236062,2025-08-26 19:21:02,0.5
bitcoin-up-or-down-august-27-9pm-et,DOWN,88199961804963316989575823589765327966215816745869924008829491301906775424924,1756236122,2025-08-26 19:22:02,0.5
bitcoin-up-or-down-august-27-9pm-et,DOWN,88199961804963316989575823589765327966215816745869924008829491301906775424924,1756236183,2025-08-26 19:23:03,0.5
bitcoin-up-or-down-august-27-9pm-et,DOWN,88199961804963316989575823589765327966215816745869924008829491301906775424924,1756236242,2025-08-26 19:24:02,0.5
bitcoin-up-or-down-august-27-9pm-et,DOWN,88199961804963316989575823589765327966215816745869924008829491301906775424924,1756236310,2025-08-26 19:25:10,0.5
bitcoin-up-or-down-august-27-9pm-et,DOWN,88199961804963316989575823589765327966215816745869924008829491301906775424924,1756236363,2025-08-26 19:26:03,0.5
bitcoin-up-or-down-august-27-9pm-et,DOWN,88199961804963316989575823589765327966215816745869924008829491301906775424924,1756236423,2025-08-26 19:27:03,0.5
bitcoin-up-or-down-august-27-9pm-et,DOWN,88199961804963316989575823589765327966215816745869924008829491301906775424924,1756236484,2025-08-26 19:28:04,0.5
bitcoin-up-or-down-august-27-9pm-et,DOWN,88199961804963316989575823589765327966215816745869924008829491301906775424924,1756236543,2025-08-26 19:29:03,0.5
bitcoin-up-or-down-august-27-9pm-et,DOWN,88199961804963316989575823589765327966215816745869924008829491301906775424924,1756236606,2025-08-26 19:30:06,0.5
bitcoin-up-or-down-august-27-9pm-et,DOWN,88199961804963316989575823589765327966215816745869924008829491301906775424924,1756236663,2025-08-26 19:31:03,0.5
bitcoin-up-or-down-august-27-9pm-et,DOWN,88199961804963316989575823589765327966215816745869924008829491301906775424924,1756236722,2025-08-26 19:32:02,0.5
bitcoin-up-or-down-august-27-9pm-et,DOWN,88199961804963316989575823589765327966215816745869924008829491301906775424924,1756236784,2025-08-26 19:33:04,0.5
bitcoin-up-or-down-august-27-9pm-et,DOWN,88199961804963316989575823589765327966215816745869924008829491301906775424924,1756236842,2025-08-26 19:34:02,0.5
bitcoin-up-or-down-august-27-9pm-et,DOWN,88199961804963316989575823589765327966215816745869924008829491301906775424924,1756236903,2025-08-26 19:35:03,0.5
bitcoin-up-or-down-august-27-9pm-et,DOWN,88199961804963316989575823589765327966215816745869924008829491301906775424924,1756236963,2025-08-26 19:36:03,0.5
bitcoin-up-or-down-august-27-9pm-et,DOWN,88199961804963316989575823589765327966215816745869924008829491301906775424924,1756237023,2025-08-26 19:37:03,0.5
bitcoin-up-or-down-august-27-9pm-et,DOWN,88199961804963316989575823589765327966215816745869924008829491301906775424924,1756237083,2025-08-26 19:38:03,0.5
bitcoin-up-or-down-august-27-9pm-et,DOWN,88199961804963316989575823589765327966215816745869924008829491301906775424924,1756237143,2025-08-26 19:39:03,0.5
bitcoin-up-or-down-august-27-9pm-et,DOWN,88199961804963316989575823589765327966215816745869924008829491301906775424924,1756237204,2025-08-26 19:40:04,0.5
bitcoin-up-or-down-august-27-9pm-et,DOWN,88199961804963316989575823589765327966215816745869924008829491301906775424924,1756237263,2025-08-26 19:41:03,0.5
bitcoin-up-or-down-august-27-9pm-et,DOWN,88199961804963316989575823589765327966215816745869924008829491301906775424924,1756237323,2025-08-26 19:42:03,0.5
bitcoin-up-or-down-august-27-9pm-et,DOWN,88199961804963316989575823589765327966215816745869924008829491301906775424924,1756237382,2025-08-26 19:43:02,0.5
bitcoin-up-or-down-august-27-9pm-et,DOWN,88199961804963316989575823589765327966215816745869924008829491301906775424924,1756237443,2025-08-26 19:44:03,0.5
bitcoin-up-or-down-august-27-9pm-et,DOWN,88199961804963316989575823589765327966215816745869924008829491301906775424924,1756237508,2025-08-26 19:45:08,0.5
bitcoin-up-or-down-august-27-9pm-et,DOWN,88199961804963316989575823589765327966215816745869924008829491301906775424924,1756237563,2025-08-26 19:46:03,0.5
bitcoin-up-or-down-august-27-9pm-et,DOWN,88199961804963316989575823589765327966215816745869924008829491301906775424924,1756237622,2025-08-26 19:47:02,0.5
bitcoin-up-or-down-august-27-9pm-et,DOWN,88199961804963316989575823589765327966215816745869924008829491301906775424924,1756237682,2025-08-26 19:48:02,0.5
bitcoin-up-or-down-august-27-9pm-et,DOWN,88199961804963316989575823589765327966215816745869924008829491301906775424924,1756237743,2025-08-26 19:49:03,0.5
bitcoin-up-or-down-august-27-9pm-et,DOWN,88199961804963316989575823589765327966215816745869924008829491301906775424924,1756237814,2025-08-26 19:50:14,0.5
bitcoin-up-or-down-august-27-9pm-et,DOWN,88199961804963316989575823589765327966215816745869924008829491301906775424924,1756237862,2025-08-26 19:51:02,0.5
bitcoin-up-or-down-august-27-9pm-et,DOWN,88199961804963316989575823589765327966215816745869924008829491301906775424924,1756237923,2025-08-26 19:52:03,0.5
bitcoin-up-or-down-august-27-9pm-et,DOWN,88199961804963316989575823589765327966215816745869924008829491301906775424924,1756237984,2025-08-26 19:53:04,0.5
bitcoin-up-or-down-august-27-9pm-et,DOWN,88199961804963316989575823589765327966215816745869924008829491301906775424924,1756238043,2025-08-26 19:54:03,0.5
bitcoin-up-or-down-august-27-9pm-et,DOWN,88199961804963316989575823589765327966215816745869924008829491301906775424924,1756238104,2025-08-26 19:55:04,0.5
bitcoin-up-or-down-august-27-9pm-et,DOWN,88199961804963316989575823589765327966215816745869924008829491301906775424924,1756238162,2025-08-26 19:56:02,0.5
bitcoin-up-or-down-august-27-9pm-et,DOWN,88199961804963316989575823589765327966215816745869924008829491301906775424924,1756238222,2025-08-26 19:57:02,0.5
bitcoin-up-or-down-august-27-9pm-et,DOWN,88199961804963316989575823589765327966215816745869924008829491301906775424924,1756238282,2025-08-26 19:58:02,0.5
bitcoin-up-or-down-august-27-9pm-et,DOWN,88199961804963316989575823589765327966215816745869924008829491301906775424924,1756238343,2025-08-26 19:59:03,0.5
bitcoin-up-or-down-august-27-9pm-et,DOWN,88199961804963316989575823589765327966215816745869924008829491301906775424924,1756238409,2025-08-26 20:00:09,0.5
bitcoin-up-or-down-august-27-9pm-et,DOWN,88199961804963316989575823589765327966215816745869924008829491301906775424924,1756238462,2025-08-26 20:01:02,0.5
bitcoin-up-or-down-august-27-9pm-et,DOWN,88199961804963316989575823589765327966215816745869924008829491301906775424924,1756238522,2025-08-26 20:02:02,0.5
bitcoin-up-or-down-august-27-9pm-et,DOWN,88199961804963316989575823589765327966215816745869924008829491301906775424924,1756238583,2025-08-26 20:03:03,0.5
bitcoin-up-or-down-august-27-9pm-et,DOWN,88199961804963316989575823589765327966215816745869924008829491301906775424924,1756238643,2025-08-26 20:04:03,0.5
bitcoin-up-or-down-august-27-9pm-et,DOWN,88199961804963316989575823589765327966215816745869924008829491301906775424924,1756238702,2025-08-26 20:05:02,0.5
bitcoin-up-or-down-august-27-9pm-et,DOWN,88199961804963316989575823589765327966215816745869924008829491301906775424924,1756238763,2025-08-26 20:06:03,0.5
bitcoin-up-or-down-august-27-9pm-et,DOWN,88199961804963316989575823589765327966215816745869924008829491301906775424924,1756238823,2025-08-26 20:07:03,0.5
bitcoin-up-or-down-august-27-9pm-et,DOWN,88199961804963316989575823589765327966215816745869924008829491301906775424924,1756238882,2025-08-26 20:08:02,0.5
bitcoin-up-or-down-august-27-9pm-et,DOWN,88199961804963316989575823589765327966215816745869924008829491301906775424924,1756238942,2025-08-26 20:09:02,0.5
bitcoin-up-or-down-august-27-9pm-et,DOWN,88199961804963316989575823589765327966215816745869924008829491301906775424924,1756239002,2025-08-26 20:10:02,0.5
bitcoin-up-or-down-august-27-9pm-et,DOWN,88199961804963316989575823589765327966215816745869924008829491301906775424924,1756239063,2025-08-26 20:11:03,0.5
bitcoin-up-or-down-august-27-9pm-et,DOWN,88199961804963316989575823589765327966215816745869924008829491301906775424924,1756239122,2025-08-26 20:12:02,0.5
bitcoin-up-or-down-august-27-9pm-et,DOWN,88199961804963316989575823589765327966215816745869924008829491301906775424924,1756239182,2025-08-26 20:13:02,0.5
bitcoin-up-or-down-august-27-9pm-et,DOWN,88199961804963316989575823589765327966215816745869924008829491301906775424924,1756239243,2025-08-26 20:14:03,0.5
bitcoin-up-or-down-august-27-9pm-et,DOWN,88199961804963316989575823589765327966215816745869924008829491301906775424924,1756239310,2025-08-26 20:15:10,0.5
bitcoin-up-or-down-august-27-9pm-et,DOWN,88199961804963316989575823589765327966215816745869924008829491301906775424924,1756239362,2025-08-26 20:16:02,0.5
bitcoin-up-or-down-august-27-9pm-et,DOWN,88199961804963316989575823589765327966215816745869924008829491301906775424924,1756239424,2025-08-26 20:17:04,0.5
bitcoin-up-or-down-august-27-9pm-et,DOWN,88199961804963316989575823589765327966215816745869924008829491301906775424924,1756239482,2025-08-26 20:18:02,0.5
bitcoin-up-or-down-august-27-9pm-et,DOWN,88199961804963316989575823589765327966215816745869924008829491301906775424924,1756239543,2025-08-26 20:19:03,0.5
bitcoin-up-or-down-august-27-9pm-et,DOWN,88199961804963316989575823589765327966215816745869924008829491301906775424924,1756239604,2025-08-26 20:20:04,0.5
bitcoin-up-or-down-august-27-9pm-et,DOWN,88199961804963316989575823589765327966215816745869924008829491301906775424924,1756239663,2025-08-26 20:21:03,0.5
bitcoin-up-or-down-august-27-9pm-et,DOWN,88199961804963316989575823589765327966215816745869924008829491301906775424924,1756239723,2025-08-26 20:22:03,0.5
bitcoin-up-or-down-august-27-9pm-et,DOWN,88199961804963316989575823589765327966215816745869924008829491301906775424924,1756239782,2025-08-26 20:23:02,0.5
bitcoin-up-or-down-august-27-9pm-et,DOWN,88199961804963316989575823589765327966215816745869924008829491301906775424924,1756239843,2025-08-26 20:24:03,0.5
bitcoin-up-or-down-august-27-9pm-et,DOWN,88199961804963316989575823589765327966215816745869924008829491301906775424924,1756239903,2025-08-26 20:25:03,0.5
bitcoin-up-or-down-august-27-9pm-et,DOWN,88199961804963316989575823589765327966215816745869924008829491301906775424924,1756239962,2025-08-26 20:26:02,0.5
bitcoin-up-or-down-august-27-9pm-et,DOWN,88199961804963316989575823589765327966215816745869924008829491301906775424924,1756240023,2025-08-26 20:27:03,0.5
bitcoin-up-or-down-august-27-9pm-et,DOWN,88199961804963316989575823589765327966215816745869924008829491301906775424924,1756240083,2025-08-26 20:28:03,0.5
bitcoin-up-or-down-august-27-9pm-et,DOWN,88199961804963316989575823589765327966215816745869924008829491301906775424924,1756240142,2025-08-26 20:29:02,0.5
bitcoin-up-or-down-august-27-9pm-et,DOWN,88199961804963316989575823589765327966215816745869924008829491301906775424924,1756240208,2025-08-26 20:30:08,0.5
bitcoin-up-or-down-august-27-9pm-et,DOWN,88199961804963316989575823589765327966215816745869924008829491301906775424924,1756240263,2025-08-26 20:31:03,0.5
bitcoin-up-or-down-august-27-9pm-et,DOWN,88199961804963316989575823589765327966215816745869924008829491301906775424924,1756240323,2025-08-26 20:32:03,0.5
bitcoin-up-or-down-august-27-9pm-et,DOWN,88199961804963316989575823589765327966215816745869924008829491301906775424924,1756240382,2025-08-26 20:33:02,0.5
bitcoin-up-or-down-august-27-9pm-et,DOWN,88199961804963316989575823589765327966215816745869924008829491301906775424924,1756240443,2025-08-26 20:34:03,0.5
bitcoin-up-or-down-august-27-9pm-et,DOWN,88199961804963316989575823589765327966215816745869924008829491301906775424924,1756240503,2025-08-26 20:35:03,0.5
bitcoin-up-or-down-august-27-9pm-et,DOWN,88199961804963316989575823589765327966215816745869924008829491301906775424924,1756240563,2025-08-26 20:36:03,0.5
bitcoin-up-or-down-august-27-9pm-et,DOWN,88199961804963316989575823589765327966215816745869924008829491301906775424924,1756240622,2025-08-26 20:37:02,0.5
bitcoin-up-or-down-august-27-9pm-et,DOWN,88199961804963316989575823589765327966215816745869924008829491301906775424924,1756240683,2025-08-26 20:38:03,0.5
bitcoin-up-or-down-august-27-9pm-et,DOWN,88199961804963316989575823589765327966215816745869924008829491301906775424924,1756240743,2025-08-26 20:39:03,0.5
bitcoin-up-or-down-august-27-9pm-et,DOWN,88199961804963316989575823589765327966215816745869924008829491301906775424924,1756240812,2025-08-26 20:40:12,0.5
bitcoin-up-or-down-august-27-9pm-et,DOWN,88199961804963316989575823589765327966215816745869924008829491301906775424924,1756240863,2025-08-26 20:41:03,0.5
bitcoin-up-or-down-august-27-9pm-et,DOWN,88199961804963316989575823589765327966215816745869924008829491301906775424924,1756240922,2025-08-26 20:42:02,0.5
bitcoin-up-or-down-august-27-9pm-et,DOWN,88199961804963316989575823589765327966215816745869924008829491301906775424924,1756240982,2025-08-26 20:43:02,0.5
bitcoin-up-or-down-august-27-9pm-et,DOWN,88199961804963316989575823589765327966215816745869924008829491301906775424924,1756241044,2025-08-26 20:44:04,0.5
bitcoin-up-or-down-august-27-9pm-et,DOWN,88199961804963316989575823589765327966215816745869924008829491301906775424924,1756241102,2025-08-26 20:45:02,0.5
bitcoin-up-or-down-august-27-9pm-et,DOWN,88199961804963316989575823589765327966215816745869924008829491301906775424924,1756241163,2025-08-26 20:46:03,0.5
bitcoin-up-or-down-august-27-9pm-et,DOWN,88199961804963316989575823589765327966215816745869924008829491301906775424924,1756241223,2025-08-26 20:47:03,0.5
bitcoin-up-or-down-august-27-9pm-et,DOWN,88199961804963316989575823589765327966215816745869924008829491301906775424924,1756241283,2025-08-26 20:48:03,0.5
bitcoin-up-or-down-august-27-9pm-et,DOWN,88199961804963316989575823589765327966215816745869924008829491301906775424924,1756241342,2025-08-26 20:49:02,0.5
bitcoin-up-or-down-august-27-9pm-et,DOWN,88199961804963316989575823589765327966215816745869924008829491301906775424924,1756241413,2025-08-26 20:50:13,0.5
bitcoin-up-or-down-august-27-9pm-et,DOWN,88199961804963316989575823589765327966215816745869924008829491301906775424924,1756241463,2025-08-26 20:51:03,0.5
bitcoin-up-or-down-august-27-9pm-et,DOWN,88199961804963316989575823589765327966215816745869924008829491301906775424924,1756241523,2025-08-26 20:52:03,0.5
bitcoin-up-or-down-august-27-9pm-et,DOWN,88199961804963316989575823589765327966215816745869924008829491301906775424924,1756241582,2025-08-26 20:53:02,0.5
bitcoin-up-or-down-august-27-9pm-et,DOWN,88199961804963316989575823589765327966215816745869924008829491301906775424924,1756241643,2025-08-26 20:54:03,0.5
bitcoin-up-or-down-august-27-9pm-et,DOWN,88199961804963316989575823589765327966215816745869924008829491301906775424924,1756241702,2025-08-26 20:55:02,0.5
bitcoin-up-or-down-august-27-9pm-et,DOWN,88199961804963316989575823589765327966215816745869924008829491301906775424924,1756241763,2025-08-26 20:56:03,0.5
bitcoin-up-or-down-august-27-9pm-et,DOWN,88199961804963316989575823589765327966215816745869924008829491301906775424924,1756241822,2025-08-26 20:57:02,0.5
bitcoin-up-or-down-august-27-9pm-et,DOWN,88199961804963316989575823589765327966215816745869924008829491301906775424924,1756241883,2025-08-26 20:58:03,0.5
bitcoin-up-or-down-august-27-9pm-et,DOWN,88199961804963316989575823589765327966215816745869924008829491301906775424924,1756241942,2025-08-26 20:59:02,0.5
bitcoin-up-or-down-august-27-9pm-et,DOWN,88199961804963316989575823589765327966215816745869924008829491301906775424924,1756242014,2025-08-26 21:00:14,0.5
bitcoin-up-or-down-august-27-9pm-et,DOWN,88199961804963316989575823589765327966215816745869924008829491301906775424924,1756242063,2025-08-26 21:01:03,0.5
bitcoin-up-or-down-august-27-9pm-et,DOWN,88199961804963316989575823589765327966215816745869924008829491301906775424924,1756242122,2025-08-26 21:02:02,0.5
bitcoin-up-or-down-august-27-9pm-et,DOWN,88199961804963316989575823589765327966215816745869924008829491301906775424924,1756242183,2025-08-26 21:03:03,0.5
bitcoin-up-or-down-august-27-9pm-et,DOWN,88199961804963316989575823589765327966215816745869924008829491301906775424924,1756242242,2025-08-26 21:04:02,0.5
bitcoin-up-or-down-august-27-9pm-et,DOWN,88199961804963316989575823589765327966215816745869924008829491301906775424924,1756242302,2025-08-26 21:05:02,0.5
bitcoin-up-or-down-august-27-9pm-et,DOWN,88199961804963316989575823589765327966215816745869924008829491301906775424924,1756242362,2025-08-26 21:06:02,0.5
bitcoin-up-or-down-august-27-9pm-et,DOWN,88199961804963316989575823589765327966215816745869924008829491301906775424924,1756242422,2025-08-26 21:07:02,0.5
bitcoin-up-or-down-august-27-9pm-et,DOWN,88199961804963316989575823589765327966215816745869924008829491301906775424924,1756242484,2025-08-26 21:08:04,0.5
bitcoin-up-or-down-august-27-9pm-et,DOWN,88199961804963316989575823589765327966215816745869924008829491301906775424924,1756242543,2025-08-26 21:09:03,0.5
bitcoin-up-or-down-august-27-9pm-et,DOWN,88199961804963316989575823589765327966215816745869924008829491301906775424924,1756242613,2025-08-26 21:10:13,0.5
bitcoin-up-or-down-august-27-9pm-et,DOWN,88199961804963316989575823589765327966215816745869924008829491301906775424924,1756242663,2025-08-26 21:11:03,0.5
bitcoin-up-or-down-august-27-9pm-et,DOWN,88199961804963316989575823589765327966215816745869924008829491301906775424924,1756242723,2025-08-26 21:12:03,0.5
bitcoin-up-or-down-august-27-9pm-et,DOWN,88199961804963316989575823589765327966215816745869924008829491301906775424924,1756242783,2025-08-26 21:13:03,0.5
bitcoin-up-or-down-august-27-9pm-et,DOWN,88199961804963316989575823589765327966215816745869924008829491301906775424924,1756242843,2025-08-26 21:14:03,0.5
bitcoin-up-or-down-august-27-9pm-et,DOWN,88199961804963316989575823589765327966215816745869924008829491301906775424924,1756242905,2025-08-26 21:15:05,0.5
bitcoin-up-or-down-august-27-9pm-et,DOWN,88199961804963316989575823589765327966215816745869924008829491301906775424924,1756242965,2025-08-26 21:16:05,0.5
bitcoin-up-or-down-august-27-9pm-et,DOWN,88199961804963316989575823589765327966215816745869924008829491301906775424924,1756243022,2025-08-26 21:17:02,0.5
bitcoin-up-or-down-august-27-9pm-et,DOWN,88199961804963316989575823589765327966215816745869924008829491301906775424924,1756243082,2025-08-26 21:18:02,0.5
bitcoin-up-or-down-august-27-9pm-et,DOWN,88199961804963316989575823589765327966215816745869924008829491301906775424924,1756243143,2025-08-26 21:19:03,0.5
bitcoin-up-or-down-august-27-9pm-et,DOWN,88199961804963316989575823589765327966215816745869924008829491301906775424924,1756243207,2025-08-26 21:20:07,0.5
bitcoin-up-or-down-august-27-9pm-et,DOWN,88199961804963316989575823589765327966215816745869924008829491301906775424924,1756243264,2025-08-26 21:21:04,0.5
bitcoin-up-or-down-august-27-9pm-et,DOWN,88199961804963316989575823589765327966215816745869924008829491301906775424924,1756243323,2025-08-26 21:22:03,0.5
bitcoin-up-or-down-august-27-9pm-et,DOWN,88199961804963316989575823589765327966215816745869924008829491301906775424924,1756243383,2025-08-26 21:23:03,0.5
bitcoin-up-or-down-august-27-9pm-et,DOWN,88199961804963316989575823589765327966215816745869924008829491301906775424924,1756243444,2025-08-26 21:24:04,0.5
bitcoin-up-or-down-august-27-9pm-et,DOWN,88199961804963316989575823589765327966215816745869924008829491301906775424924,1756243502,2025-08-26 21:25:02,0.5
bitcoin-up-or-down-august-27-9pm-et,DOWN,88199961804963316989575823589765327966215816745869924008829491301906775424924,1756243563,2025-08-26 21:26:03,0.5
bitcoin-up-or-down-august-27-9pm-et,DOWN,88199961804963316989575823589765327966215816745869924008829491301906775424924,1756243623,2025-08-26 21:27:03,0.5
bitcoin-up-or-down-august-27-9pm-et,DOWN,88199961804963316989575823589765327966215816745869924008829491301906775424924,1756243682,2025-08-26 21:28:02,0.5
bitcoin-up-or-down-august-27-9pm-et,DOWN,88199961804963316989575823589765327966215816745869924008829491301906775424924,1756243742,2025-08-26 21:29:02,0.5
bitcoin-up-or-down-august-27-9pm-et,DOWN,88199961804963316989575823589765327966215816745869924008829491301906775424924,1756243814,2025-08-26 21:30:14,0.5
bitcoin-up-or-down-august-27-9pm-et,DOWN,88199961804963316989575823589765327966215816745869924008829491301906775424924,1756243863,2025-08-26 21:31:03,0.5
bitcoin-up-or-down-august-27-9pm-et,DOWN,88199961804963316989575823589765327966215816745869924008829491301906775424924,1756243922,2025-08-26 21:32:02,0.5
bitcoin-up-or-down-august-27-9pm-et,DOWN,88199961804963316989575823589765327966215816745869924008829491301906775424924,1756243983,2025-08-26 21:33:03,0.5
bitcoin-up-or-down-august-27-9pm-et,DOWN,88199961804963316989575823589765327966215816745869924008829491301906775424924,1756244043,2025-08-26 21:34:03,0.5
bitcoin-up-or-down-august-27-9pm-et,DOWN,88199961804963316989575823589765327966215816745869924008829491301906775424924,1756244112,2025-08-26 21:35:12,0.5
bitcoin-up-or-down-august-27-9pm-et,DOWN,88199961804963316989575823589765327966215816745869924008829491301906775424924,1756244163,2025-08-26 21:36:03,0.5
bitcoin-up-or-down-august-27-9pm-et,DOWN,88199961804963316989575823589765327966215816745869924008829491301906775424924,1756244223,2025-08-26 21:37:03,0.5
bitcoin-up-or-down-august-27-9pm-et,DOWN,88199961804963316989575823589765327966215816745869924008829491301906775424924,1756244282,2025-08-26 21:38:02,0.5
bitcoin-up-or-down-august-27-9pm-et,DOWN,88199961804963316989575823589765327966215816745869924008829491301906775424924,1756244343,2025-08-26 21:39:03,0.5
bitcoin-up-or-down-august-27-9pm-et,DOWN,88199961804963316989575823589765327966215816745869924008829491301906775424924,1756244402,2025-08-26 21:40:02,0.5
bitcoin-up-or-down-august-27-9pm-et,DOWN,88199961804963316989575823589765327966215816745869924008829491301906775424924,1756244464,2025-08-26 21:41:04,0.5
bitcoin-up-or-down-august-27-9pm-et,DOWN,88199961804963316989575823589765327966215816745869924008829491301906775424924,1756244523,2025-08-26 21:42:03,0.5
bitcoin-up-or-down-august-27-9pm-et,DOWN,88199961804963316989575823589765327966215816745869924008829491301906775424924,1756244582,2025-08-26 21:43:02,0.5
bitcoin-up-or-down-august-27-9pm-et,DOWN,88199961804963316989575823589765327966215816745869924008829491301906775424924,1756244642,2025-08-26 21:44:02,0.5
bitcoin-up-or-down-august-27-9pm-et,DOWN,88199961804963316989575823589765327966215816745869924008829491301906775424924,1756244703,2025-08-26 21:45:03,0.5
bitcoin-up-or-down-august-27-9pm-et,DOWN,88199961804963316989575823589765327966215816745869924008829491301906775424924,1756244762,2025-08-26 21:46:02,0.5
bitcoin-up-or-down-august-27-9pm-et,DOWN,88199961804963316989575823589765327966215816745869924008829491301906775424924,1756244823,2025-08-26 21:47:03,0.5
bitcoin-up-or-down-august-27-9pm-et,DOWN,88199961804963316989575823589765327966215816745869924008829491301906775424924,1756244882,2025-08-26 21:48:02,0.5
bitcoin-up-or-down-august-27-9pm-et,DOWN,88199961804963316989575823589765327966215816745869924008829491301906775424924,1756244943,2025-08-26 21:49:03,0.5
bitcoin-up-or-down-august-27-9pm-et,DOWN,88199961804963316989575823589765327966215816745869924008829491301906775424924,1756245004,2025-08-26 21:50:04,0.5
bitcoin-up-or-down-august-27-9pm-et,DOWN,88199961804963316989575823589765327966215816745869924008829491301906775424924,1756245064,2025-08-26 21:51:04,0.5
bitcoin-up-or-down-august-27-9pm-et,DOWN,88199961804963316989575823589765327966215816745869924008829491301906775424924,1756245123,2025-08-26 21:52:03,0.5
bitcoin-up-or-down-august-27-9pm-et,DOWN,88199961804963316989575823589765327966215816745869924008829491301906775424924,1756245182,2025-08-26 21:53:02,0.5
bitcoin-up-or-down-august-27-9pm-et,DOWN,88199961804963316989575823589765327966215816745869924008829491301906775424924,1756245243,2025-08-26 21:54:03,0.5
bitcoin-up-or-down-august-27-9pm-et,DOWN,88199961804963316989575823589765327966215816745869924008829491301906775424924,1756245303,2025-08-26 21:55:03,0.5
bitcoin-up-or-down-august-27-9pm-et,DOWN,88199961804963316989575823589765327966215816745869924008829491301906775424924,1756245364,2025-08-26 21:56:04,0.5
bitcoin-up-or-down-august-27-9pm-et,DOWN,88199961804963316989575823589765327966215816745869924008829491301906775424924,1756245423,2025-08-26 21:57:03,0.5
bitcoin-up-or-down-august-27-9pm-et,DOWN,88199961804963316989575823589765327966215816745869924008829491301906775424924,1756245483,2025-08-26 21:58:03,0.5
bitcoin-up-or-down-august-27-9pm-et,DOWN,88199961804963316989575823589765327966215816745869924008829491301906775424924,1756245543,2025-08-26 21:59:03,0.5
bitcoin-up-or-down-august-27-9pm-et,DOWN,88199961804963316989575823589765327966215816745869924008829491301906775424924,1756245612,2025-08-26 22:00:12,0.5
bitcoin-up-or-down-august-27-9pm-et,DOWN,88199961804963316989575823589765327966215816745869924008829491301906775424924,1756245663,2025-08-26 22:01:03,0.5
bitcoin-up-or-down-august-27-9pm-et,DOWN,88199961804963316989575823589765327966215816745869924008829491301906775424924,1756245723,2025-08-26 22:02:03,0.5
bitcoin-up-or-down-august-27-9pm-et,DOWN,88199961804963316989575823589765327966215816745869924008829491301906775424924,1756245782,2025-08-26 22:03:02,0.5
bitcoin-up-or-down-august-27-9pm-et,DOWN,88199961804963316989575823589765327966215816745869924008829491301906775424924,1756245842,2025-08-26 22:04:02,0.5
bitcoin-up-or-down-august-27-9pm-et,DOWN,88199961804963316989575823589765327966215816745869924008829491301906775424924,1756245904,2025-08-26 22:05:04,0.5
bitcoin-up-or-down-august-27-9pm-et,DOWN,88199961804963316989575823589765327966215816745869924008829491301906775424924,1756245964,2025-08-26 22:06:04,0.5
bitcoin-up-or-down-august-27-9pm-et,DOWN,88199961804963316989575823589765327966215816745869924008829491301906775424924,1756246022,2025-08-26 22:07:02,0.5
bitcoin-up-or-down-august-27-9pm-et,DOWN,88199961804963316989575823589765327966215816745869924008829491301906775424924,1756246082,2025-08-26 22:08:02,0.5
bitcoin-up-or-down-august-27-9pm-et,DOWN,88199961804963316989575823589765327966215816745869924008829491301906775424924,1756246143,2025-08-26 22:09:03,0.5
bitcoin-up-or-down-august-27-9pm-et,DOWN,88199961804963316989575823589765327966215816745869924008829491301906775424924,1756246214,2025-08-26 22:10:14,0.5
bitcoin-up-or-down-august-27-9pm-et,DOWN,88199961804963316989575823589765327966215816745869924008829491301906775424924,1756246263,2025-08-26 22:11:03,0.5
bitcoin-up-or-down-august-27-9pm-et,DOWN,88199961804963316989575823589765327966215816745869924008829491301906775424924,1756246324,2025-08-26 22:12:04,0.5
bitcoin-up-or-down-august-27-9pm-et,DOWN,88199961804963316989575823589765327966215816745869924008829491301906775424924,1756246383,2025-08-26 22:13:03,0.5
bitcoin-up-or-down-august-27-9pm-et,DOWN,88199961804963316989575823589765327966215816745869924008829491301906775424924,1756246442,2025-08-26 22:14:02,0.5
bitcoin-up-or-down-august-27-9pm-et,DOWN,88199961804963316989575823589765327966215816745869924008829491301906775424924,1756246507,2025-08-26 22:15:07,0.5
bitcoin-up-or-down-august-27-9pm-et,DOWN,88199961804963316989575823589765327966215816745869924008829491301906775424924,1756246563,2025-08-26 22:16:03,0.5
bitcoin-up-or-down-august-27-9pm-et,DOWN,88199961804963316989575823589765327966215816745869924008829491301906775424924,1756246624,2025-08-26 22:17:04,0.5
bitcoin-up-or-down-august-27-9pm-et,DOWN,88199961804963316989575823589765327966215816745869924008829491301906775424924,1756246682,2025-08-26 22:18:02,0.5
bitcoin-up-or-down-august-27-9pm-et,DOWN,88199961804963316989575823589765327966215816745869924008829491301906775424924,1756246742,2025-08-26 22:19:02,0.5
bitcoin-up-or-down-august-27-9pm-et,DOWN,88199961804963316989575823589765327966215816745869924008829491301906775424924,1756246808,2025-08-26 22:20:08,0.5
bitcoin-up-or-down-august-27-9pm-et,DOWN,88199961804963316989575823589765327966215816745869924008829491301906775424924,1756246863,2025-08-26 22:21:03,0.5
bitcoin-up-or-down-august-27-9pm-et,DOWN,88199961804963316989575823589765327966215816745869924008829491301906775424924,1756246923,2025-08-26 22:22:03,0.5
bitcoin-up-or-down-august-27-9pm-et,DOWN,88199961804963316989575823589765327966215816745869924008829491301906775424924,1756246983,2025-08-26 22:23:03,0.5
bitcoin-up-or-down-august-27-9pm-et,DOWN,88199961804963316989575823589765327966215816745869924008829491301906775424924,1756247042,2025-08-26 22:24:02,0.5
bitcoin-up-or-down-august-27-9pm-et,DOWN,88199961804963316989575823589765327966215816745869924008829491301906775424924,1756247110,2025-08-26 22:25:10,0.5
bitcoin-up-or-down-august-27-9pm-et,DOWN,88199961804963316989575823589765327966215816745869924008829491301906775424924,1756247165,2025-08-26 22:26:05,0.5
bitcoin-up-or-down-august-27-9pm-et,DOWN,88199961804963316989575823589765327966215816745869924008829491301906775424924,1756247223,2025-08-26 22:27:03,0.5
bitcoin-up-or-down-august-27-9pm-et,DOWN,88199961804963316989575823589765327966215816745869924008829491301906775424924,1756247282,2025-08-26 22:28:02,0.5
bitcoin-up-or-down-august-27-9pm-et,DOWN,88199961804963316989575823589765327966215816745869924008829491301906775424924,1756247343,2025-08-26 22:29:03,0.5
bitcoin-up-or-down-august-27-9pm-et,DOWN,88199961804963316989575823589765327966215816745869924008829491301906775424924,1756247402,2025-08-26 22:30:02,0.5
bitcoin-up-or-down-august-27-9pm-et,DOWN,88199961804963316989575823589765327966215816745869924008829491301906775424924,1756247462,2025-08-26 22:31:02,0.5
bitcoin-up-or-down-august-27-9pm-et,DOWN,88199961804963316989575823589765327966215816745869924008829491301906775424924,1756247523,2025-08-26 22:32:03,0.5
bitcoin-up-or-down-august-27-9pm-et,DOWN,88199961804963316989575823589765327966215816745869924008829491301906775424924,1756247583,2025-08-26 22:33:03,0.5
bitcoin-up-or-down-august-27-9pm-et,DOWN,88199961804963316989575823589765327966215816745869924008829491301906775424924,1756247643,2025-08-26 22:34:03,0.5
bitcoin-up-or-down-august-27-9pm-et,DOWN,88199961804963316989575823589765327966215816745869924008829491301906775424924,1756247702,2025-08-26 22:35:02,0.5
bitcoin-up-or-down-august-27-9pm-et,DOWN,88199961804963316989575823589765327966215816745869924008829491301906775424924,1756247763,2025-08-26 22:36:03,0.5
bitcoin-up-or-down-august-27-9pm-et,DOWN,88199961804963316989575823589765327966215816745869924008829491301906775424924,1756247822,2025-08-26 22:37:02,0.5
bitcoin-up-or-down-august-27-9pm-et,DOWN,88199961804963316989575823589765327966215816745869924008829491301906775424924,1756247883,2025-08-26 22:38:03,0.5
bitcoin-up-or-down-august-27-9pm-et,DOWN,88199961804963316989575823589765327966215816745869924008829491301906775424924,1756247943,2025-08-26 22:39:03,0.5
bitcoin-up-or-down-august-27-9pm-et,DOWN,88199961804963316989575823589765327966215816745869924008829491301906775424924,1756248006,2025-08-26 22:40:06,0.5
bitcoin-up-or-down-august-27-9pm-et,DOWN,88199961804963316989575823589765327966215816745869924008829491301906775424924,1756248064,2025-08-26 22:41:04,0.5
bitcoin-up-or-down-august-27-9pm-et,DOWN,88199961804963316989575823589765327966215816745869924008829491301906775424924,1756248122,2025-08-26 22:42:02,0.5
bitcoin-up-or-down-august-27-9pm-et,DOWN,88199961804963316989575823589765327966215816745869924008829491301906775424924,1756248182,2025-08-26 22:43:02,0.5
bitcoin-up-or-down-august-27-9pm-et,DOWN,88199961804963316989575823589765327966215816745869924008829491301906775424924,1756248242,2025-08-26 22:44:02,0.5
bitcoin-up-or-down-august-27-9pm-et,DOWN,88199961804963316989575823589765327966215816745869924008829491301906775424924,1756248313,2025-08-26 22:45:13,0.5
bitcoin-up-or-down-august-27-9pm-et,DOWN,88199961804963316989575823589765327966215816745869924008829491301906775424924,1756248363,2025-08-26 22:46:03,0.5
bitcoin-up-or-down-august-27-9pm-et,DOWN,88199961804963316989575823589765327966215816745869924008829491301906775424924,1756248422,2025-08-26 22:47:02,0.5
bitcoin-up-or-down-august-27-9pm-et,DOWN,88199961804963316989575823589765327966215816745869924008829491301906775424924,1756248482,2025-08-26 22:48:02,0.5
bitcoin-up-or-down-august-27-9pm-et,DOWN,88199961804963316989575823589765327966215816745869924008829491301906775424924,1756248543,2025-08-26 22:49:03,0.5
bitcoin-up-or-down-august-27-9pm-et,DOWN,88199961804963316989575823589765327966215816745869924008829491301906775424924,1756248613,2025-08-26 22:50:13,0.5
bitcoin-up-or-down-august-27-9pm-et,DOWN,88199961804963316989575823589765327966215816745869924008829491301906775424924,1756248663,2025-08-26 22:51:03,0.5
bitcoin-up-or-down-august-27-9pm-et,DOWN,88199961804963316989575823589765327966215816745869924008829491301906775424924,1756248723,2025-08-26 22:52:03,0.5
bitcoin-up-or-down-august-27-9pm-et,DOWN,88199961804963316989575823589765327966215816745869924008829491301906775424924,1756248783,2025-08-26 22:53:03,0.5
bitcoin-up-or-down-august-27-9pm-et,DOWN,88199961804963316989575823589765327966215816745869924008829491301906775424924,1756248842,2025-08-26 22:54:02,0.5
bitcoin-up-or-down-august-27-9pm-et,DOWN,88199961804963316989575823589765327966215816745869924008829491301906775424924,1756248909,2025-08-26 22:55:09,0.5
bitcoin-up-or-down-august-27-9pm-et,DOWN,88199961804963316989575823589765327966215816745869924008829491301906775424924,1756248964,2025-08-26 22:56:04,0.5
bitcoin-up-or-down-august-27-9pm-et,DOWN,88199961804963316989575823589765327966215816745869924008829491301906775424924,1756249022,2025-08-26 22:57:02,0.5
bitcoin-up-or-down-august-27-9pm-et,DOWN,88199961804963316989575823589765327966215816745869924008829491301906775424924,1756249082,2025-08-26 22:58:02,0.5
bitcoin-up-or-down-august-27-9pm-et,DOWN,88199961804963316989575823589765327966215816745869924008829491301906775424924,1756249144,2025-08-26 22:59:04,0.5
bitcoin-up-or-down-august-27-9pm-et,DOWN,88199961804963316989575823589765327966215816745869924008829491301906775424924,1756249203,2025-08-26 23:00:03,0.5
bitcoin-up-or-down-august-27-9pm-et,DOWN,88199961804963316989575823589765327966215816745869924008829491301906775424924,1756249263,2025-08-26 23:01:03,0.5
bitcoin-up-or-down-august-27-9pm-et,DOWN,88199961804963316989575823589765327966215816745869924008829491301906775424924,1756249322,2025-08-26 23:02:02,0.5
bitcoin-up-or-down-august-27-9pm-et,DOWN,88199961804963316989575823589765327966215816745869924008829491301906775424924,1756249383,2025-08-26 23:03:03,0.5
bitcoin-up-or-down-august-27-9pm-et,DOWN,88199961804963316989575823589765327966215816745869924008829491301906775424924,1756249442,2025-08-26 23:04:02,0.5
bitcoin-up-or-down-august-27-9pm-et,DOWN,88199961804963316989575823589765327966215816745869924008829491301906775424924,1756249503,2025-08-26 23:05:03,0.5
bitcoin-up-or-down-august-27-9pm-et,DOWN,88199961804963316989575823589765327966215816745869924008829491301906775424924,1756249562,2025-08-26 23:06:02,0.5
bitcoin-up-or-down-august-27-9pm-et,DOWN,88199961804963316989575823589765327966215816745869924008829491301906775424924,1756249622,2025-08-26 23:07:02,0.5
bitcoin-up-or-down-august-27-9pm-et,DOWN,88199961804963316989575823589765327966215816745869924008829491301906775424924,1756249682,2025-08-26 23:08:02,0.5
bitcoin-up-or-down-august-27-9pm-et,DOWN,88199961804963316989575823589765327966215816745869924008829491301906775424924,1756249743,2025-08-26 23:09:03,0.5
bitcoin-up-or-down-august-27-9pm-et,DOWN,88199961804963316989575823589765327966215816745869924008829491301906775424924,1756249803,2025-08-26 23:10:03,0.5
bitcoin-up-or-down-august-27-9pm-et,DOWN,88199961804963316989575823589765327966215816745869924008829491301906775424924,1756249863,2025-08-26 23:11:03,0.5
bitcoin-up-or-down-august-27-9pm-et,DOWN,88199961804963316989575823589765327966215816745869924008829491301906775424924,1756249922,2025-08-26 23:12:02,0.5
bitcoin-up-or-down-august-27-9pm-et,DOWN,88199961804963316989575823589765327966215816745869924008829491301906775424924,1756249983,2025-08-26 23:13:03,0.5
bitcoin-up-or-down-august-27-9pm-et,DOWN,88199961804963316989575823589765327966215816745869924008829491301906775424924,1756250043,2025-08-26 23:14:03,0.5
bitcoin-up-or-down-august-27-9pm-et,DOWN,88199961804963316989575823589765327966215816745869924008829491301906775424924,1756250104,2025-08-26 23:15:04,0.5
bitcoin-up-or-down-august-27-9pm-et,DOWN,88199961804963316989575823589765327966215816745869924008829491301906775424924,1756250162,2025-08-26 23:16:02,0.5
bitcoin-up-or-down-august-27-9pm-et,DOWN,88199961804963316989575823589765327966215816745869924008829491301906775424924,1756250222,2025-08-26 23:17:02,0.5
bitcoin-up-or-down-august-27-9pm-et,DOWN,88199961804963316989575823589765327966215816745869924008829491301906775424924,1756250282,2025-08-26 23:18:02,0.5
bitcoin-up-or-down-august-27-9pm-et,DOWN,88199961804963316989575823589765327966215816745869924008829491301906775424924,1756250343,2025-08-26 23:19:03,0.5
bitcoin-up-or-down-august-27-9pm-et,DOWN,88199961804963316989575823589765327966215816745869924008829491301906775424924,1756250414,2025-08-26 23:20:14,0.5
bitcoin-up-or-down-august-27-9pm-et,DOWN,88199961804963316989575823589765327966215816745869924008829491301906775424924,1756250463,2025-08-26 23:21:03,0.5
bitcoin-up-or-down-august-27-9pm-et,DOWN,88199961804963316989575823589765327966215816745869924008829491301906775424924,1756250523,2025-08-26 23:22:03,0.5
bitcoin-up-or-down-august-27-9pm-et,DOWN,88199961804963316989575823589765327966215816745869924008829491301906775424924,1756250582,2025-08-26 23:23:02,0.5
bitcoin-up-or-down-august-27-9pm-et,DOWN,88199961804963316989575823589765327966215816745869924008829491301906775424924,1756250644,2025-08-26 23:24:04,0.5
bitcoin-up-or-down-august-27-9pm-et,DOWN,88199961804963316989575823589765327966215816745869924008829491301906775424924,1756250704,2025-08-26 23:25:04,0.5
bitcoin-up-or-down-august-27-9pm-et,DOWN,88199961804963316989575823589765327966215816745869924008829491301906775424924,1756250762,2025-08-26 23:26:02,0.5
bitcoin-up-or-down-august-27-9pm-et,DOWN,88199961804963316989575823589765327966215816745869924008829491301906775424924,1756250822,2025-08-26 23:27:02,0.5
bitcoin-up-or-down-august-27-9pm-et,DOWN,88199961804963316989575823589765327966215816745869924008829491301906775424924,1756250882,2025-08-26 23:28:02,0.5
bitcoin-up-or-down-august-27-9pm-et,DOWN,88199961804963316989575823589765327966215816745869924008829491301906775424924,1756250944,2025-08-26 23:29:04,0.5
bitcoin-up-or-down-august-27-9pm-et,DOWN,88199961804963316989575823589765327966215816745869924008829491301906775424924,1756251015,2025-08-26 23:30:15,0.5
bitcoin-up-or-down-august-27-9pm-et,DOWN,88199961804963316989575823589765327966215816745869924008829491301906775424924,1756251062,2025-08-26 23:31:02,0.5
bitcoin-up-or-down-august-27-9pm-et,DOWN,88199961804963316989575823589765327966215816745869924008829491301906775424924,1756251124,2025-08-26 23:32:04,0.5
bitcoin-up-or-down-august-27-9pm-et,DOWN,88199961804963316989575823589765327966215816745869924008829491301906775424924,1756251182,2025-08-26 23:33:02,0.5
bitcoin-up-or-down-august-27-9pm-et,DOWN,88199961804963316989575823589765327966215816745869924008829491301906775424924,1756251243,2025-08-26 23:34:03,0.5
bitcoin-up-or-down-august-27-9pm-et,DOWN,88199961804963316989575823589765327966215816745869924008829491301906775424924,1756251304,2025-08-26 23:35:04,0.5
bitcoin-up-or-down-august-27-9pm-et,DOWN,88199961804963316989575823589765327966215816745869924008829491301906775424924,1756251362,2025-08-26 23:36:02,0.5
bitcoin-up-or-down-august-27-9pm-et,DOWN,88199961804963316989575823589765327966215816745869924008829491301906775424924,1756251423,2025-08-26 23:37:03,0.5
bitcoin-up-or-down-august-27-9pm-et,DOWN,88199961804963316989575823589765327966215816745869924008829491301906775424924,1756251483,2025-08-26 23:38:03,0.5
bitcoin-up-or-down-august-27-9pm-et,DOWN,88199961804963316989575823589765327966215816745869924008829491301906775424924,1756251542,2025-08-26 23:39:02,0.5
bitcoin-up-or-down-august-27-9pm-et,DOWN,88199961804963316989575823589765327966215816745869924008829491301906775424924,1756251634,2025-08-26 23:40:34,0.5
bitcoin-up-or-down-august-27-9pm-et,DOWN,88199961804963316989575823589765327966215816745869924008829491301906775424924,1756251663,2025-08-26 23:41:03,0.5
bitcoin-up-or-down-august-27-9pm-et,DOWN,88199961804963316989575823589765327966215816745869924008829491301906775424924,1756251723,2025-08-26 23:42:03,0.5
bitcoin-up-or-down-august-27-9pm-et,DOWN,88199961804963316989575823589765327966215816745869924008829491301906775424924,1756251783,2025-08-26 23:43:03,0.5
bitcoin-up-or-down-august-27-9pm-et,DOWN,88199961804963316989575823589765327966215816745869924008829491301906775424924,1756251843,2025-08-26 23:44:03,0.5
bitcoin-up-or-down-august-27-9pm-et,DOWN,88199961804963316989575823589765327966215816745869924008829491301906775424924,1756251907,2025-08-26 23:45:07,0.5
bitcoin-up-or-down-august-27-9pm-et,DOWN,88199961804963316989575823589765327966215816745869924008829491301906775424924,1756251962,2025-08-26 23:46:02,0.5
bitcoin-up-or-down-august-27-9pm-et,DOWN,88199961804963316989575823589765327966215816745869924008829491301906775424924,1756252023,2025-08-26 23:47:03,0.5
bitcoin-up-or-down-august-27-9pm-et,DOWN,88199961804963316989575823589765327966215816745869924008829491301906775424924,1756252083,2025-08-26 23:48:03,0.5
bitcoin-up-or-down-august-27-9pm-et,DOWN,88199961804963316989575823589765327966215816745869924008829491301906775424924,1756252142,2025-08-26 23:49:02,0.5
bitcoin-up-or-down-august-27-9pm-et,DOWN,88199961804963316989575823589765327966215816745869924008829491301906775424924,1756252203,2025-08-26 23:50:03,0.5
bitcoin-up-or-down-august-27-9pm-et,DOWN,88199961804963316989575823589765327966215816745869924008829491301906775424924,1756252263,2025-08-26 23:51:03,0.5
bitcoin-up-or-down-august-27-9pm-et,DOWN,88199961804963316989575823589765327966215816745869924008829491301906775424924,1756252323,2025-08-26 23:52:03,0.5
bitcoin-up-or-down-august-27-9pm-et,DOWN,88199961804963316989575823589765327966215816745869924008829491301906775424924,1756252384,2025-08-26 23:53:04,0.5
bitcoin-up-or-down-august-27-9pm-et,DOWN,88199961804963316989575823589765327966215816745869924008829491301906775424924,1756252443,2025-08-26 23:54:03,0.5
bitcoin-up-or-down-august-27-9pm-et,DOWN,88199961804963316989575823589765327966215816745869924008829491301906775424924,1756252513,2025-08-26 23:55:13,0.5
bitcoin-up-or-down-august-27-9pm-et,DOWN,88199961804963316989575823589765327966215816745869924008829491301906775424924,1756252563,2025-08-26 23:56:03,0.5
bitcoin-up-or-down-august-27-9pm-et,DOWN,88199961804963316989575823589765327966215816745869924008829491301906775424924,1756252624,2025-08-26 23:57:04,0.5
bitcoin-up-or-down-august-27-9pm-et,DOWN,88199961804963316989575823589765327966215816745869924008829491301906775424924,1756252683,2025-08-26 23:58:03,0.5
bitcoin-up-or-down-august-27-9pm-et,DOWN,88199961804963316989575823589765327966215816745869924008829491301906775424924,1756252743,2025-08-26 23:59:03,0.5
bitcoin-up-or-down-august-27-9pm-et,DOWN,88199961804963316989575823589765327966215816745869924008829491301906775424924,1756252805,2025-08-27 00:00:05,0.5
bitcoin-up-or-down-august-27-9pm-et,DOWN,88199961804963316989575823589765327966215816745869924008829491301906775424924,1756252862,2025-08-27 00:01:02,0.5
bitcoin-up-or-down-august-27-9pm-et,DOWN,88199961804963316989575823589765327966215816745869924008829491301906775424924,1756252923,2025-08-27 00:02:03,0.5
bitcoin-up-or-down-august-27-9pm-et,DOWN,88199961804963316989575823589765327966215816745869924008829491301906775424924,1756252984,2025-08-27 00:03:04,0.5
bitcoin-up-or-down-august-27-9pm-et,DOWN,88199961804963316989575823589765327966215816745869924008829491301906775424924,1756253043,2025-08-27 00:04:03,0.5
bitcoin-up-or-down-august-27-9pm-et,DOWN,88199961804963316989575823589765327966215816745869924008829491301906775424924,1756253105,2025-08-27 00:05:05,0.5
bitcoin-up-or-down-august-27-9pm-et,DOWN,88199961804963316989575823589765327966215816745869924008829491301906775424924,1756253164,2025-08-27 00:06:04,0.5
bitcoin-up-or-down-august-27-9pm-et,DOWN,88199961804963316989575823589765327966215816745869924008829491301906775424924,1756253222,2025-08-27 00:07:02,0.5
bitcoin-up-or-down-august-27-9pm-et,DOWN,88199961804963316989575823589765327966215816745869924008829491301906775424924,1756253282,2025-08-27 00:08:02,0.5
bitcoin-up-or-down-august-27-9pm-et,DOWN,88199961804963316989575823589765327966215816745869924008829491301906775424924,1756253342,2025-08-27 00:09:02,0.5
bitcoin-up-or-down-august-27-9pm-et,DOWN,88199961804963316989575823589765327966215816745869924008829491301906775424924,1756253404,2025-08-27 00:10:04,0.5
bitcoin-up-or-down-august-27-9pm-et,DOWN,88199961804963316989575823589765327966215816745869924008829491301906775424924,1756253463,2025-08-27 00:11:03,0.5
bitcoin-up-or-down-august-27-9pm-et,DOWN,88199961804963316989575823589765327966215816745869924008829491301906775424924,1756253522,2025-08-27 00:12:02,0.5
bitcoin-up-or-down-august-27-9pm-et,DOWN,88199961804963316989575823589765327966215816745869924008829491301906775424924,1756253582,2025-08-27 00:13:02,0.5
bitcoin-up-or-down-august-27-9pm-et,DOWN,88199961804963316989575823589765327966215816745869924008829491301906775424924,1756253643,2025-08-27 00:14:03,0.5
bitcoin-up-or-down-august-27-9pm-et,DOWN,88199961804963316989575823589765327966215816745869924008829491301906775424924,1756253709,2025-08-27 00:15:09,0.5
bitcoin-up-or-down-august-27-9pm-et,DOWN,88199961804963316989575823589765327966215816745869924008829491301906775424924,1756253762,2025-08-27 00:16:02,0.5
bitcoin-up-or-down-august-27-9pm-et,DOWN,88199961804963316989575823589765327966215816745869924008829491301906775424924,1756253823,2025-08-27 00:17:03,0.5
bitcoin-up-or-down-august-27-9pm-et,DOWN,88199961804963316989575823589765327966215816745869924008829491301906775424924,1756253882,2025-08-27 00:18:02,0.5
bitcoin-up-or-down-august-27-9pm-et,DOWN,88199961804963316989575823589765327966215816745869924008829491301906775424924,1756253943,2025-08-27 00:19:03,0.5
bitcoin-up-or-down-august-27-9pm-et,DOWN,88199961804963316989575823589765327966215816745869924008829491301906775424924,1756254003,2025-08-27 00:20:03,0.5
bitcoin-up-or-down-august-27-9pm-et,DOWN,88199961804963316989575823589765327966215816745869924008829491301906775424924,1756254064,2025-08-27 00:21:04,0.5
bitcoin-up-or-down-august-27-9pm-et,DOWN,88199961804963316989575823589765327966215816745869924008829491301906775424924,1756254123,2025-08-27 00:22:03,0.5
bitcoin-up-or-down-august-27-9pm-et,DOWN,88199961804963316989575823589765327966215816745869924008829491301906775424924,1756254182,2025-08-27 00:23:02,0.5
bitcoin-up-or-down-august-27-9pm-et,DOWN,88199961804963316989575823589765327966215816745869924008829491301906775424924,1756254243,2025-08-27 00:24:03,0.5
bitcoin-up-or-down-august-27-9pm-et,DOWN,88199961804963316989575823589765327966215816745869924008829491301906775424924,1756254303,2025-08-27 00:25:03,0.5
bitcoin-up-or-down-august-27-9pm-et,DOWN,88199961804963316989575823589765327966215816745869924008829491301906775424924,1756254363,2025-08-27 00:26:03,0.5
bitcoin-up-or-down-august-27-9pm-et,DOWN,88199961804963316989575823589765327966215816745869924008829491301906775424924,1756254422,2025-08-27 00:27:02,0.5
bitcoin-up-or-down-august-27-9pm-et,DOWN,88199961804963316989575823589765327966215816745869924008829491301906775424924,1756254482,2025-08-27 00:28:02,0.5
bitcoin-up-or-down-august-27-9pm-et,DOWN,88199961804963316989575823589765327966215816745869924008829491301906775424924,1756254543,2025-08-27 00:29:03,0.5
bitcoin-up-or-down-august-27-9pm-et,DOWN,88199961804963316989575823589765327966215816745869924008829491301906775424924,1756254612,2025-08-27 00:30:12,0.5
bitcoin-up-or-down-august-27-9pm-et,DOWN,88199961804963316989575823589765327966215816745869924008829491301906775424924,1756254663,2025-08-27 00:31:03,0.5
bitcoin-up-or-down-august-27-9pm-et,DOWN,88199961804963316989575823589765327966215816745869924008829491301906775424924,1756254722,2025-08-27 00:32:02,0.5
bitcoin-up-or-down-august-27-9pm-et,DOWN,88199961804963316989575823589765327966215816745869924008829491301906775424924,1756254783,2025-08-27 00:33:03,0.5
bitcoin-up-or-down-august-27-9pm-et,DOWN,88199961804963316989575823589765327966215816745869924008829491301906775424924,1756254843,2025-08-27 00:34:03,0.5
bitcoin-up-or-down-august-27-9pm-et,DOWN,88199961804963316989575823589765327966215816745869924008829491301906775424924,1756254902,2025-08-27 00:35:02,0.5
bitcoin-up-or-down-august-27-9pm-et,DOWN,88199961804963316989575823589765327966215816745869924008829491301906775424924,1756254962,2025-08-27 00:36:02,0.5
bitcoin-up-or-down-august-27-9pm-et,DOWN,88199961804963316989575823589765327966215816745869924008829491301906775424924,1756255023,2025-08-27 00:37:03,0.5
bitcoin-up-or-down-august-27-9pm-et,DOWN,88199961804963316989575823589765327966215816745869924008829491301906775424924,1756255082,2025-08-27 00:38:02,0.5
bitcoin-up-or-down-august-27-9pm-et,DOWN,88199961804963316989575823589765327966215816745869924008829491301906775424924,1756255143,2025-08-27 00:39:03,0.5
bitcoin-up-or-down-august-27-9pm-et,DOWN,88199961804963316989575823589765327966215816745869924008829491301906775424924,1756255211,2025-08-27 00:40:11,0.5
bitcoin-up-or-down-august-27-9pm-et,DOWN,88199961804963316989575823589765327966215816745869924008829491301906775424924,1756255263,2025-08-27 00:41:03,0.5
bitcoin-up-or-down-august-27-9pm-et,DOWN,88199961804963316989575823589765327966215816745869924008829491301906775424924,1756255323,2025-08-27 00:42:03,0.5
bitcoin-up-or-down-august-27-9pm-et,DOWN,88199961804963316989575823589765327966215816745869924008829491301906775424924,1756255383,2025-08-27 00:43:03,0.5
bitcoin-up-or-down-august-27-9pm-et,DOWN,88199961804963316989575823589765327966215816745869924008829491301906775424924,1756255443,2025-08-27 00:44:03,0.5
bitcoin-up-or-down-august-27-9pm-et,DOWN,88199961804963316989575823589765327966215816745869924008829491301906775424924,1756255506,2025-08-27 00:45:06,0.5
bitcoin-up-or-down-august-27-9pm-et,DOWN,88199961804963316989575823589765327966215816745869924008829491301906775424924,1756255562,2025-08-27 00:46:02,0.5
bitcoin-up-or-down-august-27-9pm-et,DOWN,88199961804963316989575823589765327966215816745869924008829491301906775424924,1756255623,2025-08-27 00:47:03,0.5
bitcoin-up-or-down-august-27-9pm-et,DOWN,88199961804963316989575823589765327966215816745869924008829491301906775424924,1756255682,2025-08-27 00:48:02,0.5
bitcoin-up-or-down-august-27-9pm-et,DOWN,88199961804963316989575823589765327966215816745869924008829491301906775424924,1756255744,2025-08-27 00:49:04,0.5
bitcoin-up-or-down-august-27-9pm-et,DOWN,88199961804963316989575823589765327966215816745869924008829491301906775424924,1756255804,2025-08-27 00:50:04,0.5
bitcoin-up-or-down-august-27-9pm-et,DOWN,88199961804963316989575823589765327966215816745869924008829491301906775424924,1756255864,2025-08-27 00:51:04,0.5
bitcoin-up-or-down-august-27-9pm-et,DOWN,88199961804963316989575823589765327966215816745869924008829491301906775424924,1756255922,2025-08-27 00:52:02,0.5
bitcoin-up-or-down-august-27-9pm-et,DOWN,88199961804963316989575823589765327966215816745869924008829491301906775424924,1756255983,2025-08-27 00:53:03,0.5
bitcoin-up-or-down-august-27-9pm-et,DOWN,88199961804963316989575823589765327966215816745869924008829491301906775424924,1756256042,2025-08-27 00:54:02,0.5
bitcoin-up-or-down-august-27-9pm-et,DOWN,88199961804963316989575823589765327966215816745869924008829491301906775424924,1756256102,2025-08-27 00:55:02,0.5
bitcoin-up-or-down-august-27-9pm-et,DOWN,88199961804963316989575823589765327966215816745869924008829491301906775424924,1756256162,2025-08-27 00:56:02,0.5
bitcoin-up-or-down-august-27-9pm-et,DOWN,88199961804963316989575823589765327966215816745869924008829491301906775424924,1756256224,2025-08-27 00:57:04,0.5
bitcoin-up-or-down-august-27-9pm-et,DOWN,88199961804963316989575823589765327966215816745869924008829491301906775424924,1756256284,2025-08-27 00:58:04,0.5
bitcoin-up-or-down-august-27-9pm-et,DOWN,88199961804963316989575823589765327966215816745869924008829491301906775424924,1756256342,2025-08-27 00:59:02,0.5
bitcoin-up-or-down-august-27-9pm-et,DOWN,88199961804963316989575823589765327966215816745869924008829491301906775424924,1756256408,2025-08-27 01:00:08,0.5
bitcoin-up-or-down-august-27-9pm-et,DOWN,88199961804963316989575823589765327966215816745869924008829491301906775424924,1756256463,2025-08-27 01:01:03,0.5
bitcoin-up-or-down-august-27-9pm-et,DOWN,88199961804963316989575823589765327966215816745869924008829491301906775424924,1756256523,2025-08-27 01:02:03,0.5
bitcoin-up-or-down-august-27-9pm-et,DOWN,88199961804963316989575823589765327966215816745869924008829491301906775424924,1756256583,2025-08-27 01:03:03,0.5
bitcoin-up-or-down-august-27-9pm-et,DOWN,88199961804963316989575823589765327966215816745869924008829491301906775424924,1756256643,2025-08-27 01:04:03,0.5
bitcoin-up-or-down-august-27-9pm-et,DOWN,88199961804963316989575823589765327966215816745869924008829491301906775424924,1756256704,2025-08-27 01:05:04,0.5
bitcoin-up-or-down-august-27-9pm-et,DOWN,88199961804963316989575823589765327966215816745869924008829491301906775424924,1756256763,2025-08-27 01:06:03,0.5
bitcoin-up-or-down-august-27-9pm-et,DOWN,88199961804963316989575823589765327966215816745869924008829491301906775424924,1756256822,2025-08-27 01:07:02,0.5
bitcoin-up-or-down-august-27-9pm-et,DOWN,88199961804963316989575823589765327966215816745869924008829491301906775424924,1756256882,2025-08-27 01:08:02,0.5
bitcoin-up-or-down-august-27-9pm-et,DOWN,88199961804963316989575823589765327966215816745869924008829491301906775424924,1756256944,2025-08-27 01:09:04,0.5
bitcoin-up-or-down-august-27-9pm-et,DOWN,88199961804963316989575823589765327966215816745869924008829491301906775424924,1756257003,2025-08-27 01:10:03,0.5
bitcoin-up-or-down-august-27-9pm-et,DOWN,88199961804963316989575823589765327966215816745869924008829491301906775424924,1756257063,2025-08-27 01:11:03,0.5
bitcoin-up-or-down-august-27-9pm-et,DOWN,88199961804963316989575823589765327966215816745869924008829491301906775424924,1756257124,2025-08-27 01:12:04,0.5
bitcoin-up-or-down-august-27-9pm-et,DOWN,88199961804963316989575823589765327966215816745869924008829491301906775424924,1756257183,2025-08-27 01:13:03,0.5
bitcoin-up-or-down-august-27-9pm-et,DOWN,88199961804963316989575823589765327966215816745869924008829491301906775424924,1756257243,2025-08-27 01:14:03,0.5
bitcoin-up-or-down-august-27-9pm-et,DOWN,88199961804963316989575823589765327966215816745869924008829491301906775424924,1756257306,2025-08-27 01:15:06,0.5
bitcoin-up-or-down-august-27-9pm-et,DOWN,88199961804963316989575823589765327966215816745869924008829491301906775424924,1756257363,2025-08-27 01:16:03,0.5
bitcoin-up-or-down-august-27-9pm-et,DOWN,88199961804963316989575823589765327966215816745869924008829491301906775424924,1756257422,2025-08-27 01:17:02,0.5
bitcoin-up-or-down-august-27-9pm-et,DOWN,88199961804963316989575823589765327966215816745869924008829491301906775424924,1756257483,2025-08-27 01:18:03,0.5
bitcoin-up-or-down-august-27-9pm-et,DOWN,88199961804963316989575823589765327966215816745869924008829491301906775424924,1756257543,2025-08-27 01:19:03,0.5
bitcoin-up-or-down-august-27-9pm-et,DOWN,88199961804963316989575823589765327966215816745869924008829491301906775424924,1756257604,2025-08-27 01:20:04,0.5
bitcoin-up-or-down-august-27-9pm-et,DOWN,88199961804963316989575823589765327966215816745869924008829491301906775424924,1756257663,2025-08-27 01:21:03,0.5
bitcoin-up-or-down-august-27-9pm-et,DOWN,88199961804963316989575823589765327966215816745869924008829491301906775424924,1756257722,2025-08-27 01:22:02,0.5
bitcoin-up-or-down-august-27-9pm-et,DOWN,88199961804963316989575823589765327966215816745869924008829491301906775424924,1756257782,2025-08-27 01:23:02,0.5
bitcoin-up-or-down-august-27-9pm-et,DOWN,88199961804963316989575823589765327966215816745869924008829491301906775424924,1756257843,2025-08-27 01:24:03,0.5
bitcoin-up-or-down-august-27-9pm-et,DOWN,88199961804963316989575823589765327966215816745869924008829491301906775424924,1756257902,2025-08-27 01:25:02,0.5
bitcoin-up-or-down-august-27-9pm-et,DOWN,88199961804963316989575823589765327966215816745869924008829491301906775424924,1756257963,2025-08-27 01:26:03,0.5
bitcoin-up-or-down-august-27-9pm-et,DOWN,88199961804963316989575823589765327966215816745869924008829491301906775424924,1756258023,2025-08-27 01:27:03,0.5
bitcoin-up-or-down-august-27-9pm-et,DOWN,88199961804963316989575823589765327966215816745869924008829491301906775424924,1756258082,2025-08-27 01:28:02,0.5
bitcoin-up-or-down-august-27-9pm-et,DOWN,88199961804963316989575823589765327966215816745869924008829491301906775424924,1756258143,2025-08-27 01:29:03,0.5
bitcoin-up-or-down-august-27-9pm-et,DOWN,88199961804963316989575823589765327966215816745869924008829491301906775424924,1756258204,2025-08-27 01:30:04,0.5
bitcoin-up-or-down-august-27-9pm-et,DOWN,88199961804963316989575823589765327966215816745869924008829491301906775424924,1756258262,2025-08-27 01:31:02,0.5
bitcoin-up-or-down-august-27-9pm-et,DOWN,88199961804963316989575823589765327966215816745869924008829491301906775424924,1756258323,2025-08-27 01:32:03,0.5
bitcoin-up-or-down-august-27-9pm-et,DOWN,88199961804963316989575823589765327966215816745869924008829491301906775424924,1756258382,2025-08-27 01:33:02,0.5
bitcoin-up-or-down-august-27-9pm-et,DOWN,88199961804963316989575823589765327966215816745869924008829491301906775424924,1756258443,2025-08-27 01:34:03,0.5
bitcoin-up-or-down-august-27-9pm-et,DOWN,88199961804963316989575823589765327966215816745869924008829491301906775424924,1756258505,2025-08-27 01:35:05,0.5
bitcoin-up-or-down-august-27-9pm-et,DOWN,88199961804963316989575823589765327966215816745869924008829491301906775424924,1756258563,2025-08-27 01:36:03,0.5
bitcoin-up-or-down-august-27-9pm-et,DOWN,88199961804963316989575823589765327966215816745869924008829491301906775424924,1756258622,2025-08-27 01:37:02,0.5
bitcoin-up-or-down-august-27-9pm-et,DOWN,88199961804963316989575823589765327966215816745869924008829491301906775424924,1756258682,2025-08-27 01:38:02,0.5
bitcoin-up-or-down-august-27-9pm-et,DOWN,88199961804963316989575823589765327966215816745869924008829491301906775424924,1756258743,2025-08-27 01:39:03,0.5
bitcoin-up-or-down-august-27-9pm-et,DOWN,88199961804963316989575823589765327966215816745869924008829491301906775424924,1756258802,2025-08-27 01:40:02,0.5
bitcoin-up-or-down-august-27-9pm-et,DOWN,88199961804963316989575823589765327966215816745869924008829491301906775424924,1756258862,2025-08-27 01:41:02,0.5
bitcoin-up-or-down-august-27-9pm-et,DOWN,88199961804963316989575823589765327966215816745869924008829491301906775424924,1756258922,2025-08-27 01:42:02,0.5
bitcoin-up-or-down-august-27-9pm-et,DOWN,88199961804963316989575823589765327966215816745869924008829491301906775424924,1756258983,2025-08-27 01:43:03,0.5
bitcoin-up-or-down-august-27-9pm-et,DOWN,88199961804963316989575823589765327966215816745869924008829491301906775424924,1756259043,2025-08-27 01:44:03,0.5
bitcoin-up-or-down-august-27-9pm-et,DOWN,88199961804963316989575823589765327966215816745869924008829491301906775424924,1756259103,2025-08-27 01:45:03,0.5
bitcoin-up-or-down-august-27-9pm-et,DOWN,88199961804963316989575823589765327966215816745869924008829491301906775424924,1756259162,2025-08-27 01:46:02,0.5
bitcoin-up-or-down-august-27-9pm-et,DOWN,88199961804963316989575823589765327966215816745869924008829491301906775424924,1756259222,2025-08-27 01:47:02,0.5
bitcoin-up-or-down-august-27-9pm-et,DOWN,88199961804963316989575823589765327966215816745869924008829491301906775424924,1756259283,2025-08-27 01:48:03,0.5
bitcoin-up-or-down-august-27-9pm-et,DOWN,88199961804963316989575823589765327966215816745869924008829491301906775424924,1756259343,2025-08-27 01:49:03,0.5
bitcoin-up-or-down-august-27-9pm-et,DOWN,88199961804963316989575823589765327966215816745869924008829491301906775424924,1756259404,2025-08-27 01:50:04,0.5
bitcoin-up-or-down-august-27-9pm-et,DOWN,88199961804963316989575823589765327966215816745869924008829491301906775424924,1756259463,2025-08-27 01:51:03,0.5
bitcoin-up-or-down-august-27-9pm-et,DOWN,88199961804963316989575823589765327966215816745869924008829491301906775424924,1756259523,2025-08-27 01:52:03,0.5
bitcoin-up-or-down-august-27-9pm-et,DOWN,88199961804963316989575823589765327966215816745869924008829491301906775424924,1756259582,2025-08-27 01:53:02,0.5
bitcoin-up-or-down-august-27-9pm-et,DOWN,88199961804963316989575823589765327966215816745869924008829491301906775424924,1756259642,2025-08-27 01:54:02,0.5
bitcoin-up-or-down-august-27-9pm-et,DOWN,88199961804963316989575823589765327966215816745869924008829491301906775424924,1756259714,2025-08-27 01:55:14,0.5
bitcoin-up-or-down-august-27-9pm-et,DOWN,88199961804963316989575823589765327966215816745869924008829491301906775424924,1756259763,2025-08-27 01:56:03,0.5
bitcoin-up-or-down-august-27-9pm-et,DOWN,88199961804963316989575823589765327966215816745869924008829491301906775424924,1756259822,2025-08-27 01:57:02,0.5
bitcoin-up-or-down-august-27-9pm-et,DOWN,88199961804963316989575823589765327966215816745869924008829491301906775424924,1756259883,2025-08-27 01:58:03,0.5
bitcoin-up-or-down-august-27-9pm-et,DOWN,88199961804963316989575823589765327966215816745869924008829491301906775424924,1756259942,2025-08-27 01:59:02,0.5
bitcoin-up-or-down-august-27-9pm-et,DOWN,88199961804963316989575823589765327966215816745869924008829491301906775424924,1756260008,2025-08-27 02:00:08,0.5
bitcoin-up-or-down-august-27-9pm-et,DOWN,88199961804963316989575823589765327966215816745869924008829491301906775424924,1756260062,2025-08-27 02:01:02,0.5
bitcoin-up-or-down-august-27-9pm-et,DOWN,88199961804963316989575823589765327966215816745869924008829491301906775424924,1756260122,2025-08-27 02:02:02,0.5
bitcoin-up-or-down-august-27-9pm-et,DOWN,88199961804963316989575823589765327966215816745869924008829491301906775424924,1756260184,2025-08-27 02:03:04,0.5
bitcoin-up-or-down-august-27-9pm-et,DOWN,88199961804963316989575823589765327966215816745869924008829491301906775424924,1756260242,2025-08-27 02:04:02,0.5
bitcoin-up-or-down-august-27-9pm-et,DOWN,88199961804963316989575823589765327966215816745869924008829491301906775424924,1756260308,2025-08-27 02:05:08,0.5
bitcoin-up-or-down-august-27-9pm-et,DOWN,88199961804963316989575823589765327966215816745869924008829491301906775424924,1756260365,2025-08-27 02:06:05,0.5
bitcoin-up-or-down-august-27-9pm-et,DOWN,88199961804963316989575823589765327966215816745869924008829491301906775424924,1756260422,2025-08-27 02:07:02,0.5
bitcoin-up-or-down-august-27-9pm-et,DOWN,88199961804963316989575823589765327966215816745869924008829491301906775424924,1756260482,2025-08-27 02:08:02,0.5
bitcoin-up-or-down-august-27-9pm-et,DOWN,88199961804963316989575823589765327966215816745869924008829491301906775424924,1756260542,2025-08-27 02:09:02,0.5
bitcoin-up-or-down-august-27-9pm-et,DOWN,88199961804963316989575823589765327966215816745869924008829491301906775424924,1756260602,2025-08-27 02:10:02,0.5
bitcoin-up-or-down-august-27-9pm-et,DOWN,88199961804963316989575823589765327966215816745869924008829491301906775424924,1756260664,2025-08-27 02:11:04,0.5
bitcoin-up-or-down-august-27-9pm-et,DOWN,88199961804963316989575823589765327966215816745869924008829491301906775424924,1756260722,2025-08-27 02:12:02,0.5
bitcoin-up-or-down-august-27-9pm-et,DOWN,88199961804963316989575823589765327966215816745869924008829491301906775424924,1756260782,2025-08-27 02:13:02,0.5
bitcoin-up-or-down-august-27-9pm-et,DOWN,88199961804963316989575823589765327966215816745869924008829491301906775424924,1756260843,2025-08-27 02:14:03,0.5
bitcoin-up-or-down-august-27-9pm-et,DOWN,88199961804963316989575823589765327966215816745869924008829491301906775424924,1756260905,2025-08-27 02:15:05,0.5
bitcoin-up-or-down-august-27-9pm-et,DOWN,88199961804963316989575823589765327966215816745869924008829491301906775424924,1756260964,2025-08-27 02:16:04,0.5
bitcoin-up-or-down-august-27-9pm-et,DOWN,88199961804963316989575823589765327966215816745869924008829491301906775424924,1756261022,2025-08-27 02:17:02,0.5
bitcoin-up-or-down-august-27-9pm-et,DOWN,88199961804963316989575823589765327966215816745869924008829491301906775424924,1756261083,2025-08-27 02:18:03,0.5
bitcoin-up-or-down-august-27-9pm-et,DOWN,88199961804963316989575823589765327966215816745869924008829491301906775424924,1756261143,2025-08-27 02:19:03,0.5
bitcoin-up-or-down-august-27-9pm-et,DOWN,88199961804963316989575823589765327966215816745869924008829491301906775424924,1756261209,2025-08-27 02:20:09,0.5
bitcoin-up-or-down-august-27-9pm-et,DOWN,88199961804963316989575823589765327966215816745869924008829491301906775424924,1756261263,2025-08-27 02:21:03,0.5
bitcoin-up-or-down-august-27-9pm-et,DOWN,88199961804963316989575823589765327966215816745869924008829491301906775424924,1756261322,2025-08-27 02:22:02,0.5
bitcoin-up-or-down-august-27-9pm-et,DOWN,88199961804963316989575823589765327966215816745869924008829491301906775424924,1756261384,2025-08-27 02:23:04,0.5
bitcoin-up-or-down-august-27-9pm-et,DOWN,88199961804963316989575823589765327966215816745869924008829491301906775424924,1756261443,2025-08-27 02:24:03,0.5
bitcoin-up-or-down-august-27-9pm-et,DOWN,88199961804963316989575823589765327966215816745869924008829491301906775424924,1756261514,2025-08-27 02:25:14,0.5
bitcoin-up-or-down-august-27-9pm-et,DOWN,88199961804963316989575823589765327966215816745869924008829491301906775424924,1756261563,2025-08-27 02:26:03,0.5
bitcoin-up-or-down-august-27-9pm-et,DOWN,88199961804963316989575823589765327966215816745869924008829491301906775424924,1756261623,2025-08-27 02:27:03,0.5
bitcoin-up-or-down-august-27-9pm-et,DOWN,88199961804963316989575823589765327966215816745869924008829491301906775424924,1756261682,2025-08-27 02:28:02,0.5
bitcoin-up-or-down-august-27-9pm-et,DOWN,88199961804963316989575823589765327966215816745869924008829491301906775424924,1756261743,2025-08-27 02:29:03,0.5
bitcoin-up-or-down-august-27-9pm-et,DOWN,88199961804963316989575823589765327966215816745869924008829491301906775424924,1756261812,2025-08-27 02:30:12,0.5
bitcoin-up-or-down-august-27-9pm-et,DOWN,88199961804963316989575823589765327966215816745869924008829491301906775424924,1756261863,2025-08-27 02:31:03,0.5
bitcoin-up-or-down-august-27-9pm-et,DOWN,88199961804963316989575823589765327966215816745869924008829491301906775424924,1756261922,2025-08-27 02:32:02,0.5
bitcoin-up-or-down-august-27-9pm-et,DOWN,88199961804963316989575823589765327966215816745869924008829491301906775424924,1756261982,2025-08-27 02:33:02,0.5
bitcoin-up-or-down-august-27-9pm-et,DOWN,88199961804963316989575823589765327966215816745869924008829491301906775424924,1756262042,2025-08-27 02:34:02,0.5
bitcoin-up-or-down-august-27-9pm-et,DOWN,88199961804963316989575823589765327966215816745869924008829491301906775424924,1756262102,2025-08-27 02:35:02,0.5
bitcoin-up-or-down-august-27-9pm-et,DOWN,88199961804963316989575823589765327966215816745869924008829491301906775424924,1756262165,2025-08-27 02:36:05,0.5
bitcoin-up-or-down-august-27-9pm-et,DOWN,88199961804963316989575823589765327966215816745869924008829491301906775424924,1756262222,2025-08-27 02:37:02,0.5
bitcoin-up-or-down-august-27-9pm-et,DOWN,88199961804963316989575823589765327966215816745869924008829491301906775424924,1756262283,2025-08-27 02:38:03,0.5
bitcoin-up-or-down-august-27-9pm-et,DOWN,88199961804963316989575823589765327966215816745869924008829491301906775424924,1756262343,2025-08-27 02:39:03,0.5
bitcoin-up-or-down-august-27-9pm-et,DOWN,88199961804963316989575823589765327966215816745869924008829491301906775424924,1756262412,2025-08-27 02:40:12,0.5
bitcoin-up-or-down-august-27-9pm-et,DOWN,88199961804963316989575823589765327966215816745869924008829491301906775424924,1756262465,2025-08-27 02:41:05,0.5
bitcoin-up-or-down-august-27-9pm-et,DOWN,88199961804963316989575823589765327966215816745869924008829491301906775424924,1756262522,2025-08-27 02:42:02,0.5
bitcoin-up-or-down-august-27-9pm-et,DOWN,88199961804963316989575823589765327966215816745869924008829491301906775424924,1756262583,2025-08-27 02:43:03,0.5
bitcoin-up-or-down-august-27-9pm-et,DOWN,88199961804963316989575823589765327966215816745869924008829491301906775424924,1756262642,2025-08-27 02:44:02,0.5
bitcoin-up-or-down-august-27-9pm-et,DOWN,88199961804963316989575823589765327966215816745869924008829491301906775424924,1756262709,2025-08-27 02:45:09,0.5
bitcoin-up-or-down-august-27-9pm-et,DOWN,88199961804963316989575823589765327966215816745869924008829491301906775424924,1756262762,2025-08-27 02:46:02,0.5
bitcoin-up-or-down-august-27-9pm-et,DOWN,88199961804963316989575823589765327966215816745869924008829491301906775424924,1756262823,2025-08-27 02:47:03,0.5
bitcoin-up-or-down-august-27-9pm-et,DOWN,88199961804963316989575823589765327966215816745869924008829491301906775424924,1756262883,2025-08-27 02:48:03,0.5
bitcoin-up-or-down-august-27-9pm-et,DOWN,88199961804963316989575823589765327966215816745869924008829491301906775424924,1756262943,2025-08-27 02:49:03,0.5
bitcoin-up-or-down-august-27-9pm-et,DOWN,88199961804963316989575823589765327966215816745869924008829491301906775424924,1756263003,2025-08-27 02:50:03,0.5
bitcoin-up-or-down-august-27-9pm-et,DOWN,88199961804963316989575823589765327966215816745869924008829491301906775424924,1756263066,2025-08-27 02:51:06,0.5
bitcoin-up-or-down-august-27-9pm-et,DOWN,88199961804963316989575823589765327966215816745869924008829491301906775424924,1756263122,2025-08-27 02:52:02,0.5
bitcoin-up-or-down-august-27-9pm-et,DOWN,88199961804963316989575823589765327966215816745869924008829491301906775424924,1756263182,2025-08-27 02:53:02,0.5
bitcoin-up-or-down-august-27-9pm-et,DOWN,88199961804963316989575823589765327966215816745869924008829491301906775424924,1756263243,2025-08-27 02:54:03,0.5
bitcoin-up-or-down-august-27-9pm-et,DOWN,88199961804963316989575823589765327966215816745869924008829491301906775424924,1756263312,2025-08-27 02:55:12,0.5
bitcoin-up-or-down-august-27-9pm-et,DOWN,88199961804963316989575823589765327966215816745869924008829491301906775424924,1756263362,2025-08-27 02:56:02,0.5
bitcoin-up-or-down-august-27-9pm-et,DOWN,88199961804963316989575823589765327966215816745869924008829491301906775424924,1756263423,2025-08-27 02:57:03,0.5
bitcoin-up-or-down-august-27-9pm-et,DOWN,88199961804963316989575823589765327966215816745869924008829491301906775424924,1756263482,2025-08-27 02:58:02,0.5
bitcoin-up-or-down-august-27-9pm-et,DOWN,88199961804963316989575823589765327966215816745869924008829491301906775424924,1756263542,2025-08-27 02:59:02,0.5
bitcoin-up-or-down-august-27-9pm-et,DOWN,88199961804963316989575823589765327966215816745869924008829491301906775424924,1756263615,2025-08-27 03:00:15,0.5
bitcoin-up-or-down-august-27-9pm-et,DOWN,88199961804963316989575823589765327966215816745869924008829491301906775424924,1756263663,2025-08-27 03:01:03,0.5
bitcoin-up-or-down-august-27-9pm-et,DOWN,88199961804963316989575823589765327966215816745869924008829491301906775424924,1756263722,2025-08-27 03:02:02,0.5
bitcoin-up-or-down-august-27-9pm-et,DOWN,88199961804963316989575823589765327966215816745869924008829491301906775424924,1756263782,2025-08-27 03:03:02,0.5
bitcoin-up-or-down-august-27-9pm-et,DOWN,88199961804963316989575823589765327966215816745869924008829491301906775424924,1756263842,2025-08-27 03:04:02,0.5
bitcoin-up-or-down-august-27-9pm-et,DOWN,88199961804963316989575823589765327966215816745869924008829491301906775424924,1756263907,2025-08-27 03:05:07,0.5
bitcoin-up-or-down-august-27-9pm-et,DOWN,88199961804963316989575823589765327966215816745869924008829491301906775424924,1756263964,2025-08-27 03:06:04,0.5
bitcoin-up-or-down-august-27-9pm-et,DOWN,88199961804963316989575823589765327966215816745869924008829491301906775424924,1756264023,2025-08-27 03:07:03,0.5
bitcoin-up-or-down-august-27-9pm-et,DOWN,88199961804963316989575823589765327966215816745869924008829491301906775424924,1756264082,2025-08-27 03:08:02,0.5
bitcoin-up-or-down-august-27-9pm-et,DOWN,88199961804963316989575823589765327966215816745869924008829491301906775424924,1756264142,2025-08-27 03:09:02,0.5
bitcoin-up-or-down-august-27-9pm-et,DOWN,88199961804963316989575823589765327966215816745869924008829491301906775424924,1756264215,2025-08-27 03:10:15,0.5
bitcoin-up-or-down-august-27-9pm-et,DOWN,88199961804963316989575823589765327966215816745869924008829491301906775424924,1756264262,2025-08-27 03:11:02,0.5
bitcoin-up-or-down-august-27-9pm-et,DOWN,88199961804963316989575823589765327966215816745869924008829491301906775424924,1756264322,2025-08-27 03:12:02,0.5
bitcoin-up-or-down-august-27-9pm-et,DOWN,88199961804963316989575823589765327966215816745869924008829491301906775424924,1756264382,2025-08-27 03:13:02,0.5
bitcoin-up-or-down-august-27-9pm-et,DOWN,88199961804963316989575823589765327966215816745869924008829491301906775424924,1756264443,2025-08-27 03:14:03,0.5
bitcoin-up-or-down-august-27-9pm-et,DOWN,88199961804963316989575823589765327966215816745869924008829491301906775424924,1756264507,2025-08-27 03:15:07,0.5
bitcoin-up-or-down-august-27-9pm-et,DOWN,88199961804963316989575823589765327966215816745869924008829491301906775424924,1756264563,2025-08-27 03:16:03,0.5
bitcoin-up-or-down-august-27-9pm-et,DOWN,88199961804963316989575823589765327966215816745869924008829491301906775424924,1756264622,2025-08-27 03:17:02,0.5
bitcoin-up-or-down-august-27-9pm-et,DOWN,88199961804963316989575823589765327966215816745869924008829491301906775424924,1756264683,2025-08-27 03:18:03,0.5
bitcoin-up-or-down-august-27-9pm-et,DOWN,88199961804963316989575823589765327966215816745869924008829491301906775424924,1756264743,2025-08-27 03:19:03,0.5
bitcoin-up-or-down-august-27-9pm-et,DOWN,88199961804963316989575823589765327966215816745869924008829491301906775424924,1756264802,2025-08-27 03:20:02,0.5
bitcoin-up-or-down-august-27-9pm-et,DOWN,88199961804963316989575823589765327966215816745869924008829491301906775424924,1756264863,2025-08-27 03:21:03,0.5
bitcoin-up-or-down-august-27-9pm-et,DOWN,88199961804963316989575823589765327966215816745869924008829491301906775424924,1756264923,2025-08-27 03:22:03,0.5
bitcoin-up-or-down-august-27-9pm-et,DOWN,88199961804963316989575823589765327966215816745869924008829491301906775424924,1756264984,2025-08-27 03:23:04,0.5
bitcoin-up-or-down-august-27-9pm-et,DOWN,88199961804963316989575823589765327966215816745869924008829491301906775424924,1756265043,2025-08-27 03:24:03,0.5
bitcoin-up-or-down-august-27-9pm-et,DOWN,88199961804963316989575823589765327966215816745869924008829491301906775424924,1756265105,2025-08-27 03:25:05,0.5
bitcoin-up-or-down-august-27-9pm-et,DOWN,88199961804963316989575823589765327966215816745869924008829491301906775424924,1756265162,2025-08-27 03:26:02,0.5
bitcoin-up-or-down-august-27-9pm-et,DOWN,88199961804963316989575823589765327966215816745869924008829491301906775424924,1756265222,2025-08-27 03:27:02,0.5
bitcoin-up-or-down-august-27-9pm-et,DOWN,88199961804963316989575823589765327966215816745869924008829491301906775424924,1756265283,2025-08-27 03:28:03,0.5
bitcoin-up-or-down-august-27-9pm-et,DOWN,88199961804963316989575823589765327966215816745869924008829491301906775424924,1756265343,2025-08-27 03:29:03,0.5
bitcoin-up-or-down-august-27-9pm-et,DOWN,88199961804963316989575823589765327966215816745869924008829491301906775424924,1756265405,2025-08-27 03:30:05,0.5
bitcoin-up-or-down-august-27-9pm-et,DOWN,88199961804963316989575823589765327966215816745869924008829491301906775424924,1756265462,2025-08-27 03:31:02,0.5
bitcoin-up-or-down-august-27-9pm-et,DOWN,88199961804963316989575823589765327966215816745869924008829491301906775424924,1756265523,2025-08-27 03:32:03,0.5
bitcoin-up-or-down-august-27-9pm-et,DOWN,88199961804963316989575823589765327966215816745869924008829491301906775424924,1756265582,2025-08-27 03:33:02,0.5
bitcoin-up-or-down-august-27-9pm-et,DOWN,88199961804963316989575823589765327966215816745869924008829491301906775424924,1756265643,2025-08-27 03:34:03,0.5
bitcoin-up-or-down-august-27-9pm-et,DOWN,88199961804963316989575823589765327966215816745869924008829491301906775424924,1756265705,2025-08-27 03:35:05,0.5
bitcoin-up-or-down-august-27-9pm-et,DOWN,88199961804963316989575823589765327966215816745869924008829491301906775424924,1756265762,2025-08-27 03:36:02,0.5
bitcoin-up-or-down-august-27-9pm-et,DOWN,88199961804963316989575823589765327966215816745869924008829491301906775424924,1756265823,2025-08-27 03:37:03,0.5
bitcoin-up-or-down-august-27-9pm-et,DOWN,88199961804963316989575823589765327966215816745869924008829491301906775424924,1756265882,2025-08-27 03:38:02,0.5
bitcoin-up-or-down-august-27-9pm-et,DOWN,88199961804963316989575823589765327966215816745869924008829491301906775424924,1756265942,2025-08-27 03:39:02,0.5
bitcoin-up-or-down-august-27-9pm-et,DOWN,88199961804963316989575823589765327966215816745869924008829491301906775424924,1756266012,2025-08-27 03:40:12,0.5
bitcoin-up-or-down-august-27-9pm-et,DOWN,88199961804963316989575823589765327966215816745869924008829491301906775424924,1756266063,2025-08-27 03:41:03,0.5
bitcoin-up-or-down-august-27-9pm-et,DOWN,88199961804963316989575823589765327966215816745869924008829491301906775424924,1756266123,2025-08-27 03:42:03,0.5
bitcoin-up-or-down-august-27-9pm-et,DOWN,88199961804963316989575823589765327966215816745869924008829491301906775424924,1756266183,2025-08-27 03:43:03,0.5
bitcoin-up-or-down-august-27-9pm-et,DOWN,88199961804963316989575823589765327966215816745869924008829491301906775424924,1756266242,2025-08-27 03:44:02,0.5
bitcoin-up-or-down-august-27-9pm-et,DOWN,88199961804963316989575823589765327966215816745869924008829491301906775424924,1756266302,2025-08-27 03:45:02,0.5
bitcoin-up-or-down-august-27-9pm-et,DOWN,88199961804963316989575823589765327966215816745869924008829491301906775424924,1756266363,2025-08-27 03:46:03,0.5
bitcoin-up-or-down-august-27-9pm-et,DOWN,88199961804963316989575823589765327966215816745869924008829491301906775424924,1756266422,2025-08-27 03:47:02,0.5
bitcoin-up-or-down-august-27-9pm-et,DOWN,88199961804963316989575823589765327966215816745869924008829491301906775424924,1756266483,2025-08-27 03:48:03,0.5
bitcoin-up-or-down-august-27-9pm-et,DOWN,88199961804963316989575823589765327966215816745869924008829491301906775424924,1756266542,2025-08-27 03:49:02,0.5
bitcoin-up-or-down-august-27-9pm-et,DOWN,88199961804963316989575823589765327966215816745869924008829491301906775424924,1756266603,2025-08-27 03:50:03,0.5
bitcoin-up-or-down-august-27-9pm-et,DOWN,88199961804963316989575823589765327966215816745869924008829491301906775424924,1756266663,2025-08-27 03:51:03,0.5
bitcoin-up-or-down-august-27-9pm-et,DOWN,88199961804963316989575823589765327966215816745869924008829491301906775424924,1756266723,2025-08-27 03:52:03,0.5
bitcoin-up-or-down-august-27-9pm-et,DOWN,88199961804963316989575823589765327966215816745869924008829491301906775424924,1756266782,2025-08-27 03:53:02,0.5
bitcoin-up-or-down-august-27-9pm-et,DOWN,88199961804963316989575823589765327966215816745869924008829491301906775424924,1756266842,2025-08-27 03:54:02,0.5
bitcoin-up-or-down-august-27-9pm-et,DOWN,88199961804963316989575823589765327966215816745869924008829491301906775424924,1756266903,2025-08-27 03:55:03,0.5
bitcoin-up-or-down-august-27-9pm-et,DOWN,88199961804963316989575823589765327966215816745869924008829491301906775424924,1756266963,2025-08-27 03:56:03,0.5
bitcoin-up-or-down-august-27-9pm-et,DOWN,88199961804963316989575823589765327966215816745869924008829491301906775424924,1756267023,2025-08-27 03:57:03,0.5
bitcoin-up-or-down-august-27-9pm-et,DOWN,88199961804963316989575823589765327966215816745869924008829491301906775424924,1756267082,2025-08-27 03:58:02,0.5
bitcoin-up-or-down-august-27-9pm-et,DOWN,88199961804963316989575823589765327966215816745869924008829491301906775424924,1756267142,2025-08-27 03:59:02,0.5
bitcoin-up-or-down-august-27-9pm-et,DOWN,88199961804963316989575823589765327966215816745869924008829491301906775424924,1756267203,2025-08-27 04:00:03,0.5
bitcoin-up-or-down-august-27-9pm-et,DOWN,88199961804963316989575823589765327966215816745869924008829491301906775424924,1756267264,2025-08-27 04:01:04,0.5
bitcoin-up-or-down-august-27-9pm-et,DOWN,88199961804963316989575823589765327966215816745869924008829491301906775424924,1756267322,2025-08-27 04:02:02,0.5
bitcoin-up-or-down-august-27-9pm-et,DOWN,88199961804963316989575823589765327966215816745869924008829491301906775424924,1756267383,2025-08-27 04:03:03,0.5
bitcoin-up-or-down-august-27-9pm-et,DOWN,88199961804963316989575823589765327966215816745869924008829491301906775424924,1756267442,2025-08-27 04:04:02,0.5
bitcoin-up-or-down-august-27-9pm-et,DOWN,88199961804963316989575823589765327966215816745869924008829491301906775424924,1756267502,2025-08-27 04:05:02,0.5
bitcoin-up-or-down-august-27-9pm-et,DOWN,88199961804963316989575823589765327966215816745869924008829491301906775424924,1756267562,2025-08-27 04:06:02,0.5
bitcoin-up-or-down-august-27-9pm-et,DOWN,88199961804963316989575823589765327966215816745869924008829491301906775424924,1756267622,2025-08-27 04:07:02,0.5
bitcoin-up-or-down-august-27-9pm-et,DOWN,88199961804963316989575823589765327966215816745869924008829491301906775424924,1756267683,2025-08-27 04:08:03,0.5
bitcoin-up-or-down-august-27-9pm-et,DOWN,88199961804963316989575823589765327966215816745869924008829491301906775424924,1756267742,2025-08-27 04:09:02,0.5
bitcoin-up-or-down-august-27-9pm-et,DOWN,88199961804963316989575823589765327966215816745869924008829491301906775424924,1756267813,2025-08-27 04:10:13,0.5
bitcoin-up-or-down-august-27-9pm-et,DOWN,88199961804963316989575823589765327966215816745869924008829491301906775424924,1756267863,2025-08-27 04:11:03,0.5
bitcoin-up-or-down-august-27-9pm-et,DOWN,88199961804963316989575823589765327966215816745869924008829491301906775424924,1756267922,2025-08-27 04:12:02,0.5
bitcoin-up-or-down-august-27-9pm-et,DOWN,88199961804963316989575823589765327966215816745869924008829491301906775424924,1756267983,2025-08-27 04:13:03,0.5
bitcoin-up-or-down-august-27-9pm-et,DOWN,88199961804963316989575823589765327966215816745869924008829491301906775424924,1756268042,2025-08-27 04:14:02,0.5
bitcoin-up-or-down-august-27-9pm-et,DOWN,88199961804963316989575823589765327966215816745869924008829491301906775424924,1756268109,2025-08-27 04:15:09,0.5
bitcoin-up-or-down-august-27-9pm-et,DOWN,88199961804963316989575823589765327966215816745869924008829491301906775424924,1756268163,2025-08-27 04:16:03,0.5
bitcoin-up-or-down-august-27-9pm-et,DOWN,88199961804963316989575823589765327966215816745869924008829491301906775424924,1756268222,2025-08-27 04:17:02,0.5
bitcoin-up-or-down-august-27-9pm-et,DOWN,88199961804963316989575823589765327966215816745869924008829491301906775424924,1756268283,2025-08-27 04:18:03,0.5
bitcoin-up-or-down-august-27-9pm-et,DOWN,88199961804963316989575823589765327966215816745869924008829491301906775424924,1756268343,2025-08-27 04:19:03,0.5
bitcoin-up-or-down-august-27-9pm-et,DOWN,88199961804963316989575823589765327966215816745869924008829491301906775424924,1756268402,2025-08-27 04:20:02,0.5
bitcoin-up-or-down-august-27-9pm-et,DOWN,88199961804963316989575823589765327966215816745869924008829491301906775424924,1756268463,2025-08-27 04:21:03,0.5
bitcoin-up-or-down-august-27-9pm-et,DOWN,88199961804963316989575823589765327966215816745869924008829491301906775424924,1756268523,2025-08-27 04:22:03,0.5
bitcoin-up-or-down-august-27-9pm-et,DOWN,88199961804963316989575823589765327966215816745869924008829491301906775424924,1756268583,2025-08-27 04:23:03,0.5
bitcoin-up-or-down-august-27-9pm-et,DOWN,88199961804963316989575823589765327966215816745869924008829491301906775424924,1756268643,2025-08-27 04:24:03,0.5
bitcoin-up-or-down-august-27-9pm-et,DOWN,88199961804963316989575823589765327966215816745869924008829491301906775424924,1756268712,2025-08-27 04:25:12,0.5
bitcoin-up-or-down-august-27-9pm-et,DOWN,88199961804963316989575823589765327966215816745869924008829491301906775424924,1756268762,2025-08-27 04:26:02,0.5
bitcoin-up-or-down-august-27-9pm-et,DOWN,88199961804963316989575823589765327966215816745869924008829491301906775424924,1756268823,2025-08-27 04:27:03,0.5
bitcoin-up-or-down-august-27-9pm-et,DOWN,88199961804963316989575823589765327966215816745869924008829491301906775424924,1756268882,2025-08-27 04:28:02,0.5
bitcoin-up-or-down-august-27-9pm-et,DOWN,88199961804963316989575823589765327966215816745869924008829491301906775424924,1756268943,2025-08-27 04:29:03,0.5
bitcoin-up-or-down-august-27-9pm-et,DOWN,88199961804963316989575823589765327966215816745869924008829491301906775424924,1756269010,2025-08-27 04:30:10,0.5
bitcoin-up-or-down-august-27-9pm-et,DOWN,88199961804963316989575823589765327966215816745869924008829491301906775424924,1756269064,2025-08-27 04:31:04,0.5
bitcoin-up-or-down-august-27-9pm-et,DOWN,88199961804963316989575823589765327966215816745869924008829491301906775424924,1756269122,2025-08-27 04:32:02,0.5
bitcoin-up-or-down-august-27-9pm-et,DOWN,88199961804963316989575823589765327966215816745869924008829491301906775424924,1756269182,2025-08-27 04:33:02,0.5
bitcoin-up-or-down-august-27-9pm-et,DOWN,88199961804963316989575823589765327966215816745869924008829491301906775424924,1756269243,2025-08-27 04:34:03,0.5
bitcoin-up-or-down-august-27-9pm-et,DOWN,88199961804963316989575823589765327966215816745869924008829491301906775424924,1756269304,2025-08-27 04:35:04,0.5
bitcoin-up-or-down-august-27-9pm-et,DOWN,88199961804963316989575823589765327966215816745869924008829491301906775424924,1756269362,2025-08-27 04:36:02,0.5
bitcoin-up-or-down-august-27-9pm-et,DOWN,88199961804963316989575823589765327966215816745869924008829491301906775424924,1756269423,2025-08-27 04:37:03,0.5
bitcoin-up-or-down-august-27-9pm-et,DOWN,88199961804963316989575823589765327966215816745869924008829491301906775424924,1756269483,2025-08-27 04:38:03,0.5
bitcoin-up-or-down-august-27-9pm-et,DOWN,88199961804963316989575823589765327966215816745869924008829491301906775424924,1756269542,2025-08-27 04:39:02,0.5
bitcoin-up-or-down-august-27-9pm-et,DOWN,88199961804963316989575823589765327966215816745869924008829491301906775424924,1756269605,2025-08-27 04:40:05,0.5
bitcoin-up-or-down-august-27-9pm-et,DOWN,88199961804963316989575823589765327966215816745869924008829491301906775424924,1756269662,2025-08-27 04:41:02,0.5
bitcoin-up-or-down-august-27-9pm-et,DOWN,88199961804963316989575823589765327966215816745869924008829491301906775424924,1756269723,2025-08-27 04:42:03,0.5
bitcoin-up-or-down-august-27-9pm-et,DOWN,88199961804963316989575823589765327966215816745869924008829491301906775424924,1756269783,2025-08-27 04:43:03,0.5
bitcoin-up-or-down-august-27-9pm-et,DOWN,88199961804963316989575823589765327966215816745869924008829491301906775424924,1756269843,2025-08-27 04:44:03,0.5
bitcoin-up-or-down-august-27-9pm-et,DOWN,88199961804963316989575823589765327966215816745869924008829491301906775424924,1756269904,2025-08-27 04:45:04,0.5
bitcoin-up-or-down-august-27-9pm-et,DOWN,88199961804963316989575823589765327966215816745869924008829491301906775424924,1756269963,2025-08-27 04:46:03,0.5
bitcoin-up-or-down-august-27-9pm-et,DOWN,88199961804963316989575823589765327966215816745869924008829491301906775424924,1756270023,2025-08-27 04:47:03,0.5
bitcoin-up-or-down-august-27-9pm-et,DOWN,88199961804963316989575823589765327966215816745869924008829491301906775424924,1756270083,2025-08-27 04:48:03,0.5
bitcoin-up-or-down-august-27-9pm-et,DOWN,88199961804963316989575823589765327966215816745869924008829491301906775424924,1756270142,2025-08-27 04:49:02,0.5
bitcoin-up-or-down-august-27-9pm-et,DOWN,88199961804963316989575823589765327966215816745869924008829491301906775424924,1756270209,2025-08-27 04:50:09,0.5
bitcoin-up-or-down-august-27-9pm-et,DOWN,88199961804963316989575823589765327966215816745869924008829491301906775424924,1756270263,2025-08-27 04:51:03,0.5
bitcoin-up-or-down-august-27-9pm-et,DOWN,88199961804963316989575823589765327966215816745869924008829491301906775424924,1756270323,2025-08-27 04:52:03,0.5
bitcoin-up-or-down-august-27-9pm-et,DOWN,88199961804963316989575823589765327966215816745869924008829491301906775424924,1756270382,2025-08-27 04:53:02,0.5
bitcoin-up-or-down-august-27-9pm-et,DOWN,88199961804963316989575823589765327966215816745869924008829491301906775424924,1756270442,2025-08-27 04:54:02,0.5
bitcoin-up-or-down-august-27-9pm-et,DOWN,88199961804963316989575823589765327966215816745869924008829491301906775424924,1756270502,2025-08-27 04:55:02,0.5
bitcoin-up-or-down-august-27-9pm-et,DOWN,88199961804963316989575823589765327966215816745869924008829491301906775424924,1756270562,2025-08-27 04:56:02,0.5
bitcoin-up-or-down-august-27-9pm-et,DOWN,88199961804963316989575823589765327966215816745869924008829491301906775424924,1756270623,2025-08-27 04:57:03,0.5
bitcoin-up-or-down-august-27-9pm-et,DOWN,88199961804963316989575823589765327966215816745869924008829491301906775424924,1756270683,2025-08-27 04:58:03,0.5
bitcoin-up-or-down-august-27-9pm-et,DOWN,88199961804963316989575823589765327966215816745869924008829491301906775424924,1756270743,2025-08-27 04:59:03,0.5
bitcoin-up-or-down-august-27-9pm-et,DOWN,88199961804963316989575823589765327966215816745869924008829491301906775424924,1756270811,2025-08-27 05:00:11,0.5
bitcoin-up-or-down-august-27-9pm-et,DOWN,88199961804963316989575823589765327966215816745869924008829491301906775424924,1756270863,2025-08-27 05:01:03,0.5
bitcoin-up-or-down-august-27-9pm-et,DOWN,88199961804963316989575823589765327966215816745869924008829491301906775424924,1756270922,2025-08-27 05:02:02,0.5
bitcoin-up-or-down-august-27-9pm-et,DOWN,88199961804963316989575823589765327966215816745869924008829491301906775424924,1756270983,2025-08-27 05:03:03,0.5
bitcoin-up-or-down-august-27-9pm-et,DOWN,88199961804963316989575823589765327966215816745869924008829491301906775424924,1756271042,2025-08-27 05:04:02,0.5
bitcoin-up-or-down-august-27-9pm-et,DOWN,88199961804963316989575823589765327966215816745869924008829491301906775424924,1756271112,2025-08-27 05:05:12,0.5
bitcoin-up-or-down-august-27-9pm-et,DOWN,88199961804963316989575823589765327966215816745869924008829491301906775424924,1756271162,2025-08-27 05:06:02,0.5
bitcoin-up-or-down-august-27-9pm-et,DOWN,88199961804963316989575823589765327966215816745869924008829491301906775424924,1756271222,2025-08-27 05:07:02,0.5
bitcoin-up-or-down-august-27-9pm-et,DOWN,88199961804963316989575823589765327966215816745869924008829491301906775424924,1756271283,2025-08-27 05:08:03,0.5
bitcoin-up-or-down-august-27-9pm-et,DOWN,88199961804963316989575823589765327966215816745869924008829491301906775424924,1756271343,2025-08-27 05:09:03,0.5
bitcoin-up-or-down-august-27-9pm-et,DOWN,88199961804963316989575823589765327966215816745869924008829491301906775424924,1756271414,2025-08-27 05:10:14,0.5
bitcoin-up-or-down-august-27-9pm-et,DOWN,88199961804963316989575823589765327966215816745869924008829491301906775424924,1756271463,2025-08-27 05:11:03,0.5
bitcoin-up-or-down-august-27-9pm-et,DOWN,88199961804963316989575823589765327966215816745869924008829491301906775424924,1756271523,2025-08-27 05:12:03,0.5
bitcoin-up-or-down-august-27-9pm-et,DOWN,88199961804963316989575823589765327966215816745869924008829491301906775424924,1756271582,2025-08-27 05:13:02,0.5
bitcoin-up-or-down-august-27-9pm-et,DOWN,88199961804963316989575823589765327966215816745869924008829491301906775424924,1756271642,2025-08-27 05:14:02,0.5
bitcoin-up-or-down-august-27-9pm-et,DOWN,88199961804963316989575823589765327966215816745869924008829491301906775424924,1756271714,2025-08-27 05:15:14,0.5
bitcoin-up-or-down-august-27-9pm-et,DOWN,88199961804963316989575823589765327966215816745869924008829491301906775424924,1756271762,2025-08-27 05:16:02,0.5
bitcoin-up-or-down-august-27-9pm-et,DOWN,88199961804963316989575823589765327966215816745869924008829491301906775424924,1756271822,2025-08-27 05:17:02,0.5
bitcoin-up-or-down-august-27-9pm-et,DOWN,88199961804963316989575823589765327966215816745869924008829491301906775424924,1756271882,2025-08-27 05:18:02,0.5
bitcoin-up-or-down-august-27-9pm-et,DOWN,88199961804963316989575823589765327966215816745869924008829491301906775424924,1756271942,2025-08-27 05:19:02,0.5
bitcoin-up-or-down-august-27-9pm-et,DOWN,88199961804963316989575823589765327966215816745869924008829491301906775424924,1756272013,2025-08-27 05:20:13,0.5
bitcoin-up-or-down-august-27-9pm-et,DOWN,88199961804963316989575823589765327966215816745869924008829491301906775424924,1756272062,2025-08-27 05:21:02,0.5
bitcoin-up-or-down-august-27-9pm-et,DOWN,88199961804963316989575823589765327966215816745869924008829491301906775424924,1756272122,2025-08-27 05:22:02,0.5
bitcoin-up-or-down-august-27-9pm-et,DOWN,88199961804963316989575823589765327966215816745869924008829491301906775424924,1756272183,2025-08-27 05:23:03,0.5
bitcoin-up-or-down-august-27-9pm-et,DOWN,88199961804963316989575823589765327966215816745869924008829491301906775424924,1756272242,2025-08-27 05:24:02,0.5
bitcoin-up-or-down-august-27-9pm-et,DOWN,88199961804963316989575823589765327966215816745869924008829491301906775424924,1756272307,2025-08-27 05:25:07,0.5
bitcoin-up-or-down-august-27-9pm-et,DOWN,88199961804963316989575823589765327966215816745869924008829491301906775424924,1756272365,2025-08-27 05:26:05,0.5
bitcoin-up-or-down-august-27-9pm-et,DOWN,88199961804963316989575823589765327966215816745869924008829491301906775424924,1756272422,2025-08-27 05:27:02,0.5
bitcoin-up-or-down-august-27-9pm-et,DOWN,88199961804963316989575823589765327966215816745869924008829491301906775424924,1756272482,2025-08-27 05:28:02,0.5
bitcoin-up-or-down-august-27-9pm-et,DOWN,88199961804963316989575823589765327966215816745869924008829491301906775424924,1756272543,2025-08-27 05:29:03,0.5
bitcoin-up-or-down-august-27-9pm-et,DOWN,88199961804963316989575823589765327966215816745869924008829491301906775424924,1756272616,2025-08-27 05:30:16,0.5
bitcoin-up-or-down-august-27-9pm-et,DOWN,88199961804963316989575823589765327966215816745869924008829491301906775424924,1756272662,2025-08-27 05:31:02,0.5
bitcoin-up-or-down-august-27-9pm-et,DOWN,88199961804963316989575823589765327966215816745869924008829491301906775424924,1756272722,2025-08-27 05:32:02,0.5
bitcoin-up-or-down-august-27-9pm-et,DOWN,88199961804963316989575823589765327966215816745869924008829491301906775424924,1756272782,2025-08-27 05:33:02,0.5
bitcoin-up-or-down-august-27-9pm-et,DOWN,88199961804963316989575823589765327966215816745869924008829491301906775424924,1756272842,2025-08-27 05:34:02,0.5
bitcoin-up-or-down-august-27-9pm-et,DOWN,88199961804963316989575823589765327966215816745869924008829491301906775424924,1756272902,2025-08-27 05:35:02,0.5
bitcoin-up-or-down-august-27-9pm-et,DOWN,88199961804963316989575823589765327966215816745869924008829491301906775424924,1756272962,2025-08-27 05:36:02,0.5
bitcoin-up-or-down-august-27-9pm-et,DOWN,88199961804963316989575823589765327966215816745869924008829491301906775424924,1756273022,2025-08-27 05:37:02,0.5
bitcoin-up-or-down-august-27-9pm-et,DOWN,88199961804963316989575823589765327966215816745869924008829491301906775424924,1756273083,2025-08-27 05:38:03,0.5
bitcoin-up-or-down-august-27-9pm-et,DOWN,88199961804963316989575823589765327966215816745869924008829491301906775424924,1756273142,2025-08-27 05:39:02,0.5
bitcoin-up-or-down-august-27-9pm-et,DOWN,88199961804963316989575823589765327966215816745869924008829491301906775424924,1756273213,2025-08-27 05:40:13,0.5
bitcoin-up-or-down-august-27-9pm-et,DOWN,88199961804963316989575823589765327966215816745869924008829491301906775424924,1756273265,2025-08-27 05:41:05,0.5
bitcoin-up-or-down-august-27-9pm-et,DOWN,88199961804963316989575823589765327966215816745869924008829491301906775424924,1756273324,2025-08-27 05:42:04,0.5
bitcoin-up-or-down-august-27-9pm-et,DOWN,88199961804963316989575823589765327966215816745869924008829491301906775424924,1756273382,2025-08-27 05:43:02,0.5
bitcoin-up-or-down-august-27-9pm-et,DOWN,88199961804963316989575823589765327966215816745869924008829491301906775424924,1756273444,2025-08-27 05:44:04,0.5
bitcoin-up-or-down-august-27-9pm-et,DOWN,88199961804963316989575823589765327966215816745869924008829491301906775424924,1756273509,2025-08-27 05:45:09,0.5
bitcoin-up-or-down-august-27-9pm-et,DOWN,88199961804963316989575823589765327966215816745869924008829491301906775424924,1756273563,2025-08-27 05:46:03,0.5
bitcoin-up-or-down-august-27-9pm-et,DOWN,88199961804963316989575823589765327966215816745869924008829491301906775424924,1756273623,2025-08-27 05:47:03,0.5
bitcoin-up-or-down-august-27-9pm-et,DOWN,88199961804963316989575823589765327966215816745869924008829491301906775424924,1756273683,2025-08-27 05:48:03,0.5
bitcoin-up-or-down-august-27-9pm-et,DOWN,88199961804963316989575823589765327966215816745869924008829491301906775424924,1756273742,2025-08-27 05:49:02,0.5
bitcoin-up-or-down-august-27-9pm-et,DOWN,88199961804963316989575823589765327966215816745869924008829491301906775424924,1756273813,2025-08-27 05:50:13,0.5
bitcoin-up-or-down-august-27-9pm-et,DOWN,88199961804963316989575823589765327966215816745869924008829491301906775424924,1756273862,2025-08-27 05:51:02,0.5
bitcoin-up-or-down-august-27-9pm-et,DOWN,88199961804963316989575823589765327966215816745869924008829491301906775424924,1756273923,2025-08-27 05:52:03,0.5
bitcoin-up-or-down-august-27-9pm-et,DOWN,88199961804963316989575823589765327966215816745869924008829491301906775424924,1756273982,2025-08-27 05:53:02,0.5
bitcoin-up-or-down-august-27-9pm-et,DOWN,88199961804963316989575823589765327966215816745869924008829491301906775424924,1756274044,2025-08-27 05:54:04,0.5
bitcoin-up-or-down-august-27-9pm-et,DOWN,88199961804963316989575823589765327966215816745869924008829491301906775424924,1756274105,2025-08-27 05:55:05,0.5
bitcoin-up-or-down-august-27-9pm-et,DOWN,88199961804963316989575823589765327966215816745869924008829491301906775424924,1756274162,2025-08-27 05:56:02,0.5
bitcoin-up-or-down-august-27-9pm-et,DOWN,88199961804963316989575823589765327966215816745869924008829491301906775424924,1756274222,2025-08-27 05:57:02,0.5
bitcoin-up-or-down-august-27-9pm-et,DOWN,88199961804963316989575823589765327966215816745869924008829491301906775424924,1756274282,2025-08-27 05:58:02,0.5
bitcoin-up-or-down-august-27-9pm-et,DOWN,88199961804963316989575823589765327966215816745869924008829491301906775424924,1756274342,2025-08-27 05:59:02,0.5
bitcoin-up-or-down-august-27-9pm-et,DOWN,88199961804963316989575823589765327966215816745869924008829491301906775424924,1756274410,2025-08-27 06:00:10,0.5
bitcoin-up-or-down-august-27-9pm-et,DOWN,88199961804963316989575823589765327966215816745869924008829491301906775424924,1756274463,2025-08-27 06:01:03,0.5
bitcoin-up-or-down-august-27-9pm-et,DOWN,88199961804963316989575823589765327966215816745869924008829491301906775424924,1756274522,2025-08-27 06:02:02,0.5
bitcoin-up-or-down-august-27-9pm-et,DOWN,88199961804963316989575823589765327966215816745869924008829491301906775424924,1756274582,2025-08-27 06:03:02,0.5
bitcoin-up-or-down-august-27-9pm-et,DOWN,88199961804963316989575823589765327966215816745869924008829491301906775424924,1756274642,2025-08-27 06:04:02,0.5
bitcoin-up-or-down-august-27-9pm-et,DOWN,88199961804963316989575823589765327966215816745869924008829491301906775424924,1756274716,2025-08-27 06:05:16,0.5
bitcoin-up-or-down-august-27-9pm-et,DOWN,88199961804963316989575823589765327966215816745869924008829491301906775424924,1756274763,2025-08-27 06:06:03,0.5
bitcoin-up-or-down-august-27-9pm-et,DOWN,88199961804963316989575823589765327966215816745869924008829491301906775424924,1756274823,2025-08-27 06:07:03,0.5
bitcoin-up-or-down-august-27-9pm-et,DOWN,88199961804963316989575823589765327966215816745869924008829491301906775424924,1756274882,2025-08-27 06:08:02,0.5
bitcoin-up-or-down-august-27-9pm-et,DOWN,88199961804963316989575823589765327966215816745869924008829491301906775424924,1756274942,2025-08-27 06:09:02,0.5
bitcoin-up-or-down-august-27-9pm-et,DOWN,88199961804963316989575823589765327966215816745869924008829491301906775424924,1756275002,2025-08-27 06:10:02,0.5
bitcoin-up-or-down-august-27-9pm-et,DOWN,88199961804963316989575823589765327966215816745869924008829491301906775424924,1756275062,2025-08-27 06:11:02,0.5
bitcoin-up-or-down-august-27-9pm-et,DOWN,88199961804963316989575823589765327966215816745869924008829491301906775424924,1756275124,2025-08-27 06:12:04,0.5
bitcoin-up-or-down-august-27-9pm-et,DOWN,88199961804963316989575823589765327966215816745869924008829491301906775424924,1756275183,2025-08-27 06:13:03,0.5
bitcoin-up-or-down-august-27-9pm-et,DOWN,88199961804963316989575823589765327966215816745869924008829491301906775424924,1756275243,2025-08-27 06:14:03,0.5
bitcoin-up-or-down-august-27-9pm-et,DOWN,88199961804963316989575823589765327966215816745869924008829491301906775424924,1756275303,2025-08-27 06:15:03,0.5
bitcoin-up-or-down-august-27-9pm-et,DOWN,88199961804963316989575823589765327966215816745869924008829491301906775424924,1756275363,2025-08-27 06:16:03,0.5
bitcoin-up-or-down-august-27-9pm-et,DOWN,88199961804963316989575823589765327966215816745869924008829491301906775424924,1756275423,2025-08-27 06:17:03,0.5
bitcoin-up-or-down-august-27-9pm-et,DOWN,88199961804963316989575823589765327966215816745869924008829491301906775424924,1756275482,2025-08-27 06:18:02,0.5
bitcoin-up-or-down-august-27-9pm-et,DOWN,88199961804963316989575823589765327966215816745869924008829491301906775424924,1756275542,2025-08-27 06:19:02,0.5
bitcoin-up-or-down-august-27-9pm-et,DOWN,88199961804963316989575823589765327966215816745869924008829491301906775424924,1756275616,2025-08-27 06:20:16,0.5
bitcoin-up-or-down-august-27-9pm-et,DOWN,88199961804963316989575823589765327966215816745869924008829491301906775424924,1756275662,2025-08-27 06:21:02,0.5
bitcoin-up-or-down-august-27-9pm-et,DOWN,88199961804963316989575823589765327966215816745869924008829491301906775424924,1756275723,2025-08-27 06:22:03,0.5
bitcoin-up-or-down-august-27-9pm-et,DOWN,88199961804963316989575823589765327966215816745869924008829491301906775424924,1756275783,2025-08-27 06:23:03,0.5
bitcoin-up-or-down-august-27-9pm-et,DOWN,88199961804963316989575823589765327966215816745869924008829491301906775424924,1756275843,2025-08-27 06:24:03,0.5
bitcoin-up-or-down-august-27-9pm-et,DOWN,88199961804963316989575823589765327966215816745869924008829491301906775424924,1756275913,2025-08-27 06:25:13,0.5
bitcoin-up-or-down-august-27-9pm-et,DOWN,88199961804963316989575823589765327966215816745869924008829491301906775424924,1756275963,2025-08-27 06:26:03,0.5
bitcoin-up-or-down-august-27-9pm-et,DOWN,88199961804963316989575823589765327966215816745869924008829491301906775424924,1756276023,2025-08-27 06:27:03,0.5
bitcoin-up-or-down-august-27-9pm-et,DOWN,88199961804963316989575823589765327966215816745869924008829491301906775424924,1756276082,2025-08-27 06:28:02,0.5
bitcoin-up-or-down-august-27-9pm-et,DOWN,88199961804963316989575823589765327966215816745869924008829491301906775424924,1756276143,2025-08-27 06:29:03,0.5
bitcoin-up-or-down-august-27-9pm-et,DOWN,88199961804963316989575823589765327966215816745869924008829491301906775424924,1756276211,2025-08-27 06:30:11,0.5
bitcoin-up-or-down-august-27-9pm-et,DOWN,88199961804963316989575823589765327966215816745869924008829491301906775424924,1756276263,2025-08-27 06:31:03,0.5
bitcoin-up-or-down-august-27-9pm-et,DOWN,88199961804963316989575823589765327966215816745869924008829491301906775424924,1756276323,2025-08-27 06:32:03,0.5
bitcoin-up-or-down-august-27-9pm-et,DOWN,88199961804963316989575823589765327966215816745869924008829491301906775424924,1756276382,2025-08-27 06:33:02,0.5
bitcoin-up-or-down-august-27-9pm-et,DOWN,88199961804963316989575823589765327966215816745869924008829491301906775424924,1756276450,2025-08-27 06:34:10,0.5
bitcoin-up-or-down-august-27-9pm-et,DOWN,88199961804963316989575823589765327966215816745869924008829491301906775424924,1756276502,2025-08-27 06:35:02,0.5
bitcoin-up-or-down-august-27-9pm-et,DOWN,88199961804963316989575823589765327966215816745869924008829491301906775424924,1756276563,2025-08-27 06:36:03,0.5
bitcoin-up-or-down-august-27-9pm-et,DOWN,88199961804963316989575823589765327966215816745869924008829491301906775424924,1756276622,2025-08-27 06:37:02,0.5
bitcoin-up-or-down-august-27-9pm-et,DOWN,88199961804963316989575823589765327966215816745869924008829491301906775424924,1756276682,2025-08-27 06:38:02,0.5
bitcoin-up-or-down-august-27-9pm-et,DOWN,88199961804963316989575823589765327966215816745869924008829491301906775424924,1756276745,2025-08-27 06:39:05,0.5
bitcoin-up-or-down-august-27-9pm-et,DOWN,88199961804963316989575823589765327966215816745869924008829491301906775424924,1756276802,2025-08-27 06:40:02,0.5
bitcoin-up-or-down-august-27-9pm-et,DOWN,88199961804963316989575823589765327966215816745869924008829491301906775424924,1756276864,2025-08-27 06:41:04,0.5
bitcoin-up-or-down-august-27-9pm-et,DOWN,88199961804963316989575823589765327966215816745869924008829491301906775424924,1756276923,2025-08-27 06:42:03,0.5
bitcoin-up-or-down-august-27-9pm-et,DOWN,88199961804963316989575823589765327966215816745869924008829491301906775424924,1756276983,2025-08-27 06:43:03,0.5
bitcoin-up-or-down-august-27-9pm-et,DOWN,88199961804963316989575823589765327966215816745869924008829491301906775424924,1756277053,2025-08-27 06:44:13,0.5
bitcoin-up-or-down-august-27-9pm-et,DOWN,88199961804963316989575823589765327966215816745869924008829491301906775424924,1756277103,2025-08-27 06:45:03,0.5
bitcoin-up-or-down-august-27-9pm-et,DOWN,88199961804963316989575823589765327966215816745869924008829491301906775424924,1756277163,2025-08-27 06:46:03,0.5
bitcoin-up-or-down-august-27-9pm-et,DOWN,88199961804963316989575823589765327966215816745869924008829491301906775424924,1756277222,2025-08-27 06:47:02,0.5
bitcoin-up-or-down-august-27-9pm-et,DOWN,88199961804963316989575823589765327966215816745869924008829491301906775424924,1756277282,2025-08-27 06:48:02,0.5
bitcoin-up-or-down-august-27-9pm-et,DOWN,88199961804963316989575823589765327966215816745869924008829491301906775424924,1756277353,2025-08-27 06:49:13,0.5
bitcoin-up-or-down-august-27-9pm-et,DOWN,88199961804963316989575823589765327966215816745869924008829491301906775424924,1756277406,2025-08-27 06:50:06,0.5
bitcoin-up-or-down-august-27-9pm-et,DOWN,88199961804963316989575823589765327966215816745869924008829491301906775424924,1756277464,2025-08-27 06:51:04,0.5
bitcoin-up-or-down-august-27-9pm-et,DOWN,88199961804963316989575823589765327966215816745869924008829491301906775424924,1756277524,2025-08-27 06:52:04,0.5
bitcoin-up-or-down-august-27-9pm-et,DOWN,88199961804963316989575823589765327966215816745869924008829491301906775424924,1756277583,2025-08-27 06:53:03,0.5
bitcoin-up-or-down-august-27-9pm-et,DOWN,88199961804963316989575823589765327966215816745869924008829491301906775424924,1756277643,2025-08-27 06:54:03,0.5
bitcoin-up-or-down-august-27-9pm-et,DOWN,88199961804963316989575823589765327966215816745869924008829491301906775424924,1756277703,2025-08-27 06:55:03,0.5
bitcoin-up-or-down-august-27-9pm-et,DOWN,88199961804963316989575823589765327966215816745869924008829491301906775424924,1756277763,2025-08-27 06:56:03,0.5
bitcoin-up-or-down-august-27-9pm-et,DOWN,88199961804963316989575823589765327966215816745869924008829491301906775424924,1756277824,2025-08-27 06:57:04,0.5
bitcoin-up-or-down-august-27-9pm-et,DOWN,88199961804963316989575823589765327966215816745869924008829491301906775424924,1756277883,2025-08-27 06:58:03,0.5
bitcoin-up-or-down-august-27-9pm-et,DOWN,88199961804963316989575823589765327966215816745869924008829491301906775424924,1756277949,2025-08-27 06:59:09,0.5
bitcoin-up-or-down-august-27-9pm-et,DOWN,88199961804963316989575823589765327966215816745869924008829491301906775424924,1756278016,2025-08-27 07:00:16,0.5
bitcoin-up-or-down-august-27-9pm-et,DOWN,88199961804963316989575823589765327966215816745869924008829491301906775424924,1756278063,2025-08-27 07:01:03,0.5
bitcoin-up-or-down-august-27-9pm-et,DOWN,88199961804963316989575823589765327966215816745869924008829491301906775424924,1756278123,2025-08-27 07:02:03,0.5
bitcoin-up-or-down-august-27-9pm-et,DOWN,88199961804963316989575823589765327966215816745869924008829491301906775424924,1756278183,2025-08-27 07:03:03,0.5
bitcoin-up-or-down-august-27-9pm-et,DOWN,88199961804963316989575823589765327966215816745869924008829491301906775424924,1756278243,2025-08-27 07:04:03,0.5
bitcoin-up-or-down-august-27-9pm-et,DOWN,88199961804963316989575823589765327966215816745869924008829491301906775424924,1756278302,2025-08-27 07:05:02,0.5
bitcoin-up-or-down-august-27-9pm-et,DOWN,88199961804963316989575823589765327966215816745869924008829491301906775424924,1756278363,2025-08-27 07:06:03,0.5
bitcoin-up-or-down-august-27-9pm-et,DOWN,88199961804963316989575823589765327966215816745869924008829491301906775424924,1756278424,2025-08-27 07:07:04,0.5
bitcoin-up-or-down-august-27-9pm-et,DOWN,88199961804963316989575823589765327966215816745869924008829491301906775424924,1756278482,2025-08-27 07:08:02,0.5
bitcoin-up-or-down-august-27-9pm-et,DOWN,88199961804963316989575823589765327966215816745869924008829491301906775424924,1756278544,2025-08-27 07:09:04,0.5
bitcoin-up-or-down-august-27-9pm-et,DOWN,88199961804963316989575823589765327966215816745869924008829491301906775424924,1756278606,2025-08-27 07:10:06,0.5
bitcoin-up-or-down-august-27-9pm-et,DOWN,88199961804963316989575823589765327966215816745869924008829491301906775424924,1756278664,2025-08-27 07:11:04,0.5
bitcoin-up-or-down-august-27-9pm-et,DOWN,88199961804963316989575823589765327966215816745869924008829491301906775424924,1756278723,2025-08-27 07:12:03,0.5
bitcoin-up-or-down-august-27-9pm-et,DOWN,88199961804963316989575823589765327966215816745869924008829491301906775424924,1756278782,2025-08-27 07:13:02,0.5
bitcoin-up-or-down-august-27-9pm-et,DOWN,88199961804963316989575823589765327966215816745869924008829491301906775424924,1756278843,2025-08-27 07:14:03,0.5
bitcoin-up-or-down-august-27-9pm-et,DOWN,88199961804963316989575823589765327966215816745869924008829491301906775424924,1756278912,2025-08-27 07:15:12,0.5
bitcoin-up-or-down-august-27-9pm-et,DOWN,88199961804963316989575823589765327966215816745869924008829491301906775424924,1756278962,2025-08-27 07:16:02,0.5
bitcoin-up-or-down-august-27-9pm-et,DOWN,88199961804963316989575823589765327966215816745869924008829491301906775424924,1756279023,2025-08-27 07:17:03,0.5
bitcoin-up-or-down-august-27-9pm-et,DOWN,88199961804963316989575823589765327966215816745869924008829491301906775424924,1756279084,2025-08-27 07:18:04,0.5
bitcoin-up-or-down-august-27-9pm-et,DOWN,88199961804963316989575823589765327966215816745869924008829491301906775424924,1756279143,2025-08-27 07:19:03,0.5
bitcoin-up-or-down-august-27-9pm-et,DOWN,88199961804963316989575823589765327966215816745869924008829491301906775424924,1756279202,2025-08-27 07:20:02,0.5
bitcoin-up-or-down-august-27-9pm-et,DOWN,88199961804963316989575823589765327966215816745869924008829491301906775424924,1756279264,2025-08-27 07:21:04,0.5
bitcoin-up-or-down-august-27-9pm-et,DOWN,88199961804963316989575823589765327966215816745869924008829491301906775424924,1756279323,2025-08-27 07:22:03,0.5
bitcoin-up-or-down-august-27-9pm-et,DOWN,88199961804963316989575823589765327966215816745869924008829491301906775424924,1756279382,2025-08-27 07:23:02,0.5
bitcoin-up-or-down-august-27-9pm-et,DOWN,88199961804963316989575823589765327966215816745869924008829491301906775424924,1756279442,2025-08-27 07:24:02,0.5
bitcoin-up-or-down-august-27-9pm-et,DOWN,88199961804963316989575823589765327966215816745869924008829491301906775424924,1756279506,2025-08-27 07:25:06,0.5
bitcoin-up-or-down-august-27-9pm-et,DOWN,88199961804963316989575823589765327966215816745869924008829491301906775424924,1756279562,2025-08-27 07:26:02,0.5
bitcoin-up-or-down-august-27-9pm-et,DOWN,88199961804963316989575823589765327966215816745869924008829491301906775424924,1756279622,2025-08-27 07:27:02,0.5
bitcoin-up-or-down-august-27-9pm-et,DOWN,88199961804963316989575823589765327966215816745869924008829491301906775424924,1756279682,2025-08-27 07:28:02,0.5
bitcoin-up-or-down-august-27-9pm-et,DOWN,88199961804963316989575823589765327966215816745869924008829491301906775424924,1756279743,2025-08-27 07:29:03,0.5
bitcoin-up-or-down-august-27-9pm-et,DOWN,88199961804963316989575823589765327966215816745869924008829491301906775424924,1756279813,2025-08-27 07:30:13,0.5
bitcoin-up-or-down-august-27-9pm-et,DOWN,88199961804963316989575823589765327966215816745869924008829491301906775424924,1756279863,2025-08-27 07:31:03,0.5
bitcoin-up-or-down-august-27-9pm-et,DOWN,88199961804963316989575823589765327966215816745869924008829491301906775424924,1756279923,2025-08-27 07:32:03,0.5
bitcoin-up-or-down-august-27-9pm-et,DOWN,88199961804963316989575823589765327966215816745869924008829491301906775424924,1756279982,2025-08-27 07:33:02,0.5
bitcoin-up-or-down-august-27-9pm-et,DOWN,88199961804963316989575823589765327966215816745869924008829491301906775424924,1756280042,2025-08-27 07:34:02,0.5
bitcoin-up-or-down-august-27-9pm-et,DOWN,88199961804963316989575823589765327966215816745869924008829491301906775424924,1756280106,2025-08-27 07:35:06,0.5
bitcoin-up-or-down-august-27-9pm-et,DOWN,88199961804963316989575823589765327966215816745869924008829491301906775424924,1756280165,2025-08-27 07:36:05,0.5
bitcoin-up-or-down-august-27-9pm-et,DOWN,88199961804963316989575823589765327966215816745869924008829491301906775424924,1756280222,2025-08-27 07:37:02,0.5
bitcoin-up-or-down-august-27-9pm-et,DOWN,88199961804963316989575823589765327966215816745869924008829491301906775424924,1756280283,2025-08-27 07:38:03,0.5
bitcoin-up-or-down-august-27-9pm-et,DOWN,88199961804963316989575823589765327966215816745869924008829491301906775424924,1756280343,2025-08-27 07:39:03,0.5
bitcoin-up-or-down-august-27-9pm-et,DOWN,88199961804963316989575823589765327966215816745869924008829491301906775424924,1756280414,2025-08-27 07:40:14,0.5
bitcoin-up-or-down-august-27-9pm-et,DOWN,88199961804963316989575823589765327966215816745869924008829491301906775424924,1756280463,2025-08-27 07:41:03,0.5
bitcoin-up-or-down-august-27-9pm-et,DOWN,88199961804963316989575823589765327966215816745869924008829491301906775424924,1756280522,2025-08-27 07:42:02,0.5
bitcoin-up-or-down-august-27-9pm-et,DOWN,88199961804963316989575823589765327966215816745869924008829491301906775424924,1756280582,2025-08-27 07:43:02,0.5
bitcoin-up-or-down-august-27-9pm-et,DOWN,88199961804963316989575823589765327966215816745869924008829491301906775424924,1756280643,2025-08-27 07:44:03,0.5
bitcoin-up-or-down-august-27-9pm-et,DOWN,88199961804963316989575823589765327966215816745869924008829491301906775424924,1756280707,2025-08-27 07:45:07,0.5
bitcoin-up-or-down-august-27-9pm-et,DOWN,88199961804963316989575823589765327966215816745869924008829491301906775424924,1756280762,2025-08-27 07:46:02,0.5
bitcoin-up-or-down-august-27-9pm-et,DOWN,88199961804963316989575823589765327966215816745869924008829491301906775424924,1756280823,2025-08-27 07:47:03,0.5
bitcoin-up-or-down-august-27-9pm-et,DOWN,88199961804963316989575823589765327966215816745869924008829491301906775424924,1756280883,2025-08-27 07:48:03,0.5
bitcoin-up-or-down-august-27-9pm-et,DOWN,88199961804963316989575823589765327966215816745869924008829491301906775424924,1756280942,2025-08-27 07:49:02,0.5
bitcoin-up-or-down-august-27-9pm-et,DOWN,88199961804963316989575823589765327966215816745869924008829491301906775424924,1756281002,2025-08-27 07:50:02,0.5
bitcoin-up-or-down-august-27-9pm-et,DOWN,88199961804963316989575823589765327966215816745869924008829491301906775424924,1756281063,2025-08-27 07:51:03,0.5
bitcoin-up-or-down-august-27-9pm-et,DOWN,88199961804963316989575823589765327966215816745869924008829491301906775424924,1756281122,2025-08-27 07:52:02,0.5
bitcoin-up-or-down-august-27-9pm-et,DOWN,88199961804963316989575823589765327966215816745869924008829491301906775424924,1756281184,2025-08-27 07:53:04,0.5
bitcoin-up-or-down-august-27-9pm-et,DOWN,88199961804963316989575823589765327966215816745869924008829491301906775424924,1756281243,2025-08-27 07:54:03,0.5
bitcoin-up-or-down-august-27-9pm-et,DOWN,88199961804963316989575823589765327966215816745869924008829491301906775424924,1756281309,2025-08-27 07:55:09,0.5
bitcoin-up-or-down-august-27-9pm-et,DOWN,88199961804963316989575823589765327966215816745869924008829491301906775424924,1756281363,2025-08-27 07:56:03,0.5
bitcoin-up-or-down-august-27-9pm-et,DOWN,88199961804963316989575823589765327966215816745869924008829491301906775424924,1756281422,2025-08-27 07:57:02,0.5
bitcoin-up-or-down-august-27-9pm-et,DOWN,88199961804963316989575823589765327966215816745869924008829491301906775424924,1756281483,2025-08-27 07:58:03,0.5
bitcoin-up-or-down-august-27-9pm-et,DOWN,88199961804963316989575823589765327966215816745869924008829491301906775424924,1756281543,2025-08-27 07:59:03,0.5
bitcoin-up-or-down-august-27-9pm-et,DOWN,88199961804963316989575823589765327966215816745869924008829491301906775424924,1756281607,2025-08-27 08:00:07,0.5
bitcoin-up-or-down-august-27-9pm-et,DOWN,88199961804963316989575823589765327966215816745869924008829491301906775424924,1756281663,2025-08-27 08:01:03,0.5
bitcoin-up-or-down-august-27-9pm-et,DOWN,88199961804963316989575823589765327966215816745869924008829491301906775424924,1756281723,2025-08-27 08:02:03,0.5
bitcoin-up-or-down-august-27-9pm-et,DOWN,88199961804963316989575823589765327966215816745869924008829491301906775424924,1756281783,2025-08-27 08:03:03,0.5
bitcoin-up-or-down-august-27-9pm-et,DOWN,88199961804963316989575823589765327966215816745869924008829491301906775424924,1756281843,2025-08-27 08:04:03,0.5
bitcoin-up-or-down-august-27-9pm-et,DOWN,88199961804963316989575823589765327966215816745869924008829491301906775424924,1756281913,2025-08-27 08:05:13,0.5
bitcoin-up-or-down-august-27-9pm-et,DOWN,88199961804963316989575823589765327966215816745869924008829491301906775424924,1756281962,2025-08-27 08:06:02,0.5
bitcoin-up-or-down-august-27-9pm-et,DOWN,88199961804963316989575823589765327966215816745869924008829491301906775424924,1756282023,2025-08-27 08:07:03,0.5
bitcoin-up-or-down-august-27-9pm-et,DOWN,88199961804963316989575823589765327966215816745869924008829491301906775424924,1756282098,2025-08-27 08:08:18,0.5
bitcoin-up-or-down-august-27-9pm-et,DOWN,88199961804963316989575823589765327966215816745869924008829491301906775424924,1756282143,2025-08-27 08:09:03,0.5
bitcoin-up-or-down-august-27-9pm-et,DOWN,88199961804963316989575823589765327966215816745869924008829491301906775424924,1756282208,2025-08-27 08:10:08,0.5
bitcoin-up-or-down-august-27-9pm-et,DOWN,88199961804963316989575823589765327966215816745869924008829491301906775424924,1756282264,2025-08-27 08:11:04,0.5
bitcoin-up-or-down-august-27-9pm-et,DOWN,88199961804963316989575823589765327966215816745869924008829491301906775424924,1756282322,2025-08-27 08:12:02,0.5
bitcoin-up-or-down-august-27-9pm-et,DOWN,88199961804963316989575823589765327966215816745869924008829491301906775424924,1756282383,2025-08-27 08:13:03,0.5
bitcoin-up-or-down-august-27-9pm-et,DOWN,88199961804963316989575823589765327966215816745869924008829491301906775424924,1756282444,2025-08-27 08:14:04,0.5
bitcoin-up-or-down-august-27-9pm-et,DOWN,88199961804963316989575823589765327966215816745869924008829491301906775424924,1756282508,2025-08-27 08:15:08,0.5
bitcoin-up-or-down-august-27-9pm-et,DOWN,88199961804963316989575823589765327966215816745869924008829491301906775424924,1756282563,2025-08-27 08:16:03,0.5
bitcoin-up-or-down-august-27-9pm-et,DOWN,88199961804963316989575823589765327966215816745869924008829491301906775424924,1756282623,2025-08-27 08:17:03,0.5
bitcoin-up-or-down-august-27-9pm-et,DOWN,88199961804963316989575823589765327966215816745869924008829491301906775424924,1756282683,2025-08-27 08:18:03,0.5
bitcoin-up-or-down-august-27-9pm-et,DOWN,88199961804963316989575823589765327966215816745869924008829491301906775424924,1756282743,2025-08-27 08:19:03,0.5
bitcoin-up-or-down-august-27-9pm-et,DOWN,88199961804963316989575823589765327966215816745869924008829491301906775424924,1756282805,2025-08-27 08:20:05,0.5
bitcoin-up-or-down-august-27-9pm-et,DOWN,88199961804963316989575823589765327966215816745869924008829491301906775424924,1756282863,2025-08-27 08:21:03,0.5
bitcoin-up-or-down-august-27-9pm-et,DOWN,88199961804963316989575823589765327966215816745869924008829491301906775424924,1756282923,2025-08-27 08:22:03,0.5
bitcoin-up-or-down-august-27-9pm-et,DOWN,88199961804963316989575823589765327966215816745869924008829491301906775424924,1756282982,2025-08-27 08:23:02,0.5
bitcoin-up-or-down-august-27-9pm-et,DOWN,88199961804963316989575823589765327966215816745869924008829491301906775424924,1756283043,2025-08-27 08:24:03,0.5
bitcoin-up-or-down-august-27-9pm-et,DOWN,88199961804963316989575823589765327966215816745869924008829491301906775424924,1756283103,2025-08-27 08:25:03,0.5
bitcoin-up-or-down-august-27-9pm-et,DOWN,88199961804963316989575823589765327966215816745869924008829491301906775424924,1756283162,2025-08-27 08:26:02,0.5
bitcoin-up-or-down-august-27-9pm-et,DOWN,88199961804963316989575823589765327966215816745869924008829491301906775424924,1756283223,2025-08-27 08:27:03,0.5
bitcoin-up-or-down-august-27-9pm-et,DOWN,88199961804963316989575823589765327966215816745869924008829491301906775424924,1756283283,2025-08-27 08:28:03,0.5
bitcoin-up-or-down-august-27-9pm-et,DOWN,88199961804963316989575823589765327966215816745869924008829491301906775424924,1756283343,2025-08-27 08:29:03,0.5
bitcoin-up-or-down-august-27-9pm-et,DOWN,88199961804963316989575823589765327966215816745869924008829491301906775424924,1756283413,2025-08-27 08:30:13,0.5
bitcoin-up-or-down-august-27-9pm-et,DOWN,88199961804963316989575823589765327966215816745869924008829491301906775424924,1756283462,2025-08-27 08:31:02,0.5
bitcoin-up-or-down-august-27-9pm-et,DOWN,88199961804963316989575823589765327966215816745869924008829491301906775424924,1756283523,2025-08-27 08:32:03,0.5
bitcoin-up-or-down-august-27-9pm-et,DOWN,88199961804963316989575823589765327966215816745869924008829491301906775424924,1756283582,2025-08-27 08:33:02,0.5
bitcoin-up-or-down-august-27-9pm-et,DOWN,88199961804963316989575823589765327966215816745869924008829491301906775424924,1756283643,2025-08-27 08:34:03,0.5
bitcoin-up-or-down-august-27-9pm-et,DOWN,88199961804963316989575823589765327966215816745869924008829491301906775424924,1756283710,2025-08-27 08:35:10,0.5
bitcoin-up-or-down-august-27-9pm-et,DOWN,88199961804963316989575823589765327966215816745869924008829491301906775424924,1756283762,2025-08-27 08:36:02,0.5
bitcoin-up-or-down-august-27-9pm-et,DOWN,88199961804963316989575823589765327966215816745869924008829491301906775424924,1756283822,2025-08-27 08:37:02,0.5
bitcoin-up-or-down-august-27-9pm-et,DOWN,88199961804963316989575823589765327966215816745869924008829491301906775424924,1756283884,2025-08-27 08:38:04,0.5
bitcoin-up-or-down-august-27-9pm-et,DOWN,88199961804963316989575823589765327966215816745869924008829491301906775424924,1756283942,2025-08-27 08:39:02,0.5
bitcoin-up-or-down-august-27-9pm-et,DOWN,88199961804963316989575823589765327966215816745869924008829491301906775424924,1756284009,2025-08-27 08:40:09,0.5
bitcoin-up-or-down-august-27-9pm-et,DOWN,88199961804963316989575823589765327966215816745869924008829491301906775424924,1756284062,2025-08-27 08:41:02,0.5
bitcoin-up-or-down-august-27-9pm-et,DOWN,88199961804963316989575823589765327966215816745869924008829491301906775424924,1756284122,2025-08-27 08:42:02,0.5
bitcoin-up-or-down-august-27-9pm-et,DOWN,88199961804963316989575823589765327966215816745869924008829491301906775424924,1756284183,2025-08-27 08:43:03,0.5
bitcoin-up-or-down-august-27-9pm-et,DOWN,88199961804963316989575823589765327966215816745869924008829491301906775424924,1756284242,2025-08-27 08:44:02,0.5
bitcoin-up-or-down-august-27-9pm-et,DOWN,88199961804963316989575823589765327966215816745869924008829491301906775424924,1756284314,2025-08-27 08:45:14,0.5
bitcoin-up-or-down-august-27-9pm-et,DOWN,88199961804963316989575823589765327966215816745869924008829491301906775424924,1756284363,2025-08-27 08:46:03,0.5
bitcoin-up-or-down-august-27-9pm-et,DOWN,88199961804963316989575823589765327966215816745869924008829491301906775424924,1756284422,2025-08-27 08:47:02,0.5
bitcoin-up-or-down-august-27-9pm-et,DOWN,88199961804963316989575823589765327966215816745869924008829491301906775424924,1756284484,2025-08-27 08:48:04,0.5
bitcoin-up-or-down-august-27-9pm-et,DOWN,88199961804963316989575823589765327966215816745869924008829491301906775424924,1756284543,2025-08-27 08:49:03,0.5
bitcoin-up-or-down-august-27-9pm-et,DOWN,88199961804963316989575823589765327966215816745869924008829491301906775424924,1756284605,2025-08-27 08:50:05,0.5
bitcoin-up-or-down-august-27-9pm-et,DOWN,88199961804963316989575823589765327966215816745869924008829491301906775424924,1756284664,2025-08-27 08:51:04,0.5
bitcoin-up-or-down-august-27-9pm-et,DOWN,88199961804963316989575823589765327966215816745869924008829491301906775424924,1756284723,2025-08-27 08:52:03,0.5
bitcoin-up-or-down-august-27-9pm-et,DOWN,88199961804963316989575823589765327966215816745869924008829491301906775424924,1756284782,2025-08-27 08:53:02,0.5
bitcoin-up-or-down-august-27-9pm-et,DOWN,88199961804963316989575823589765327966215816745869924008829491301906775424924,1756284843,2025-08-27 08:54:03,0.5
bitcoin-up-or-down-august-27-9pm-et,DOWN,88199961804963316989575823589765327966215816745869924008829491301906775424924,1756284903,2025-08-27 08:55:03,0.5
bitcoin-up-or-down-august-27-9pm-et,DOWN,88199961804963316989575823589765327966215816745869924008829491301906775424924,1756284962,2025-08-27 08:56:02,0.5
bitcoin-up-or-down-august-27-9pm-et,DOWN,88199961804963316989575823589765327966215816745869924008829491301906775424924,1756285022,2025-08-27 08:57:02,0.5
bitcoin-up-or-down-august-27-9pm-et,DOWN,88199961804963316989575823589765327966215816745869924008829491301906775424924,1756285082,2025-08-27 08:58:02,0.5
bitcoin-up-or-down-august-27-9pm-et,DOWN,88199961804963316989575823589765327966215816745869924008829491301906775424924,1756285143,2025-08-27 08:59:03,0.5
bitcoin-up-or-down-august-27-9pm-et,DOWN,88199961804963316989575823589765327966215816745869924008829491301906775424924,1756285202,2025-08-27 09:00:02,0.5
bitcoin-up-or-down-august-27-9pm-et,DOWN,88199961804963316989575823589765327966215816745869924008829491301906775424924,1756285269,2025-08-27 09:01:09,0.5
bitcoin-up-or-down-august-27-9pm-et,DOWN,88199961804963316989575823589765327966215816745869924008829491301906775424924,1756285323,2025-08-27 09:02:03,0.5
bitcoin-up-or-down-august-27-9pm-et,DOWN,88199961804963316989575823589765327966215816745869924008829491301906775424924,1756285394,2025-08-27 09:03:14,0.5
bitcoin-up-or-down-august-27-9pm-et,DOWN,88199961804963316989575823589765327966215816745869924008829491301906775424924,1756285442,2025-08-27 09:04:02,0.5
bitcoin-up-or-down-august-27-9pm-et,DOWN,88199961804963316989575823589765327966215816745869924008829491301906775424924,1756285816,2025-08-27 09:10:16,0.5
bitcoin-up-or-down-august-27-9pm-et,DOWN,88199961804963316989575823589765327966215816745869924008829491301906775424924,1756285841,2025-08-27 09:10:41,0.5
bitcoin-up-or-down-august-27-9pm-et,DOWN,88199961804963316989575823589765327966215816745869924008829491301906775424924,1756285863,2025-08-27 09:11:03,0.5
bitcoin-up-or-down-august-27-9pm-et,DOWN,88199961804963316989575823589765327966215816745869924008829491301906775424924,1756285922,2025-08-27 09:12:02,0.5
bitcoin-up-or-down-august-27-9pm-et,DOWN,88199961804963316989575823589765327966215816745869924008829491301906775424924,1756285983,2025-08-27 09:13:03,0.5
bitcoin-up-or-down-august-27-9pm-et,DOWN,88199961804963316989575823589765327966215816745869924008829491301906775424924,1756286042,2025-08-27 09:14:02,0.5
bitcoin-up-or-down-august-27-9pm-et,DOWN,88199961804963316989575823589765327966215816745869924008829491301906775424924,1756286104,2025-08-27 09:15:04,0.5
bitcoin-up-or-down-august-27-9pm-et,DOWN,88199961804963316989575823589765327966215816745869924008829491301906775424924,1756286163,2025-08-27 09:16:03,0.5
bitcoin-up-or-down-august-27-9pm-et,DOWN,88199961804963316989575823589765327966215816745869924008829491301906775424924,1756286224,2025-08-27 09:17:04,0.5
bitcoin-up-or-down-august-27-9pm-et,DOWN,88199961804963316989575823589765327966215816745869924008829491301906775424924,1756286283,2025-08-27 09:18:03,0.5
bitcoin-up-or-down-august-27-9pm-et,DOWN,88199961804963316989575823589765327966215816745869924008829491301906775424924,1756286342,2025-08-27 09:19:02,0.5
bitcoin-up-or-down-august-27-9pm-et,DOWN,88199961804963316989575823589765327966215816745869924008829491301906775424924,1756286404,2025-08-27 09:20:04,0.5
bitcoin-up-or-down-august-27-9pm-et,DOWN,88199961804963316989575823589765327966215816745869924008829491301906775424924,1756286468,2025-08-27 09:21:08,0.5
bitcoin-up-or-down-august-27-9pm-et,DOWN,88199961804963316989575823589765327966215816745869924008829491301906775424924,1756286523,2025-08-27 09:22:03,0.5
bitcoin-up-or-down-august-27-9pm-et,DOWN,88199961804963316989575823589765327966215816745869924008829491301906775424924,1756286583,2025-08-27 09:23:03,0.5
bitcoin-up-or-down-august-27-9pm-et,DOWN,88199961804963316989575823589765327966215816745869924008829491301906775424924,1756286642,2025-08-27 09:24:02,0.5
bitcoin-up-or-down-august-27-9pm-et,DOWN,88199961804963316989575823589765327966215816745869924008829491301906775424924,1756286706,2025-08-27 09:25:06,0.5
bitcoin-up-or-down-august-27-9pm-et,DOWN,88199961804963316989575823589765327966215816745869924008829491301906775424924,1756286770,2025-08-27 09:26:10,0.5
bitcoin-up-or-down-august-27-9pm-et,DOWN,88199961804963316989575823589765327966215816745869924008829491301906775424924,1756286823,2025-08-27 09:27:03,0.5
bitcoin-up-or-down-august-27-9pm-et,DOWN,88199961804963316989575823589765327966215816745869924008829491301906775424924,1756286882,2025-08-27 09:28:02,0.5
bitcoin-up-or-down-august-27-9pm-et,DOWN,88199961804963316989575823589765327966215816745869924008829491301906775424924,1756286944,2025-08-27 09:29:04,0.5
bitcoin-up-or-down-august-27-9pm-et,DOWN,88199961804963316989575823589765327966215816745869924008829491301906775424924,1756287006,2025-08-27 09:30:06,0.5
bitcoin-up-or-down-august-27-9pm-et,DOWN,88199961804963316989575823589765327966215816745869924008829491301906775424924,1756287068,2025-08-27 09:31:08,0.5
bitcoin-up-or-down-august-27-9pm-et,DOWN,88199961804963316989575823589765327966215816745869924008829491301906775424924,1756287124,2025-08-27 09:32:04,0.5
bitcoin-up-or-down-august-27-9pm-et,DOWN,88199961804963316989575823589765327966215816745869924008829491301906775424924,1756287182,2025-08-27 09:33:02,0.5
bitcoin-up-or-down-august-27-9pm-et,DOWN,88199961804963316989575823589765327966215816745869924008829491301906775424924,1756287243,2025-08-27 09:34:03,0.5
bitcoin-up-or-down-august-27-9pm-et,DOWN,88199961804963316989575823589765327966215816745869924008829491301906775424924,1756287303,2025-08-27 09:35:03,0.5
bitcoin-up-or-down-august-27-9pm-et,DOWN,88199961804963316989575823589765327966215816745869924008829491301906775424924,1756287367,2025-08-27 09:36:07,0.5
bitcoin-up-or-down-august-27-9pm-et,DOWN,88199961804963316989575823589765327966215816745869924008829491301906775424924,1756287423,2025-08-27 09:37:03,0.5
bitcoin-up-or-down-august-27-9pm-et,DOWN,88199961804963316989575823589765327966215816745869924008829491301906775424924,1756287484,2025-08-27 09:38:04,0.5
bitcoin-up-or-down-august-27-9pm-et,DOWN,88199961804963316989575823589765327966215816745869924008829491301906775424924,1756287543,2025-08-27 09:39:03,0.5
bitcoin-up-or-down-august-27-9pm-et,DOWN,88199961804963316989575823589765327966215816745869924008829491301906775424924,1756287604,2025-08-27 09:40:04,0.5
bitcoin-up-or-down-august-27-9pm-et,DOWN,88199961804963316989575823589765327966215816745869924008829491301906775424924,1756287666,2025-08-27 09:41:06,0.5
bitcoin-up-or-down-august-27-9pm-et,DOWN,88199961804963316989575823589765327966215816745869924008829491301906775424924,1756287723,2025-08-27 09:42:03,0.5
bitcoin-up-or-down-august-27-9pm-et,DOWN,88199961804963316989575823589765327966215816745869924008829491301906775424924,1756287782,2025-08-27 09:43:02,0.5
bitcoin-up-or-down-august-27-9pm-et,DOWN,88199961804963316989575823589765327966215816745869924008829491301906775424924,1756287843,2025-08-27 09:44:03,0.5
bitcoin-up-or-down-august-27-9pm-et,DOWN,88199961804963316989575823589765327966215816745869924008829491301906775424924,1756287905,2025-08-27 09:45:05,0.5
bitcoin-up-or-down-august-27-9pm-et,DOWN,88199961804963316989575823589765327966215816745869924008829491301906775424924,1756287966,2025-08-27 09:46:06,0.5
bitcoin-up-or-down-august-27-9pm-et,DOWN,88199961804963316989575823589765327966215816745869924008829491301906775424924,1756288024,2025-08-27 09:47:04,0.5
bitcoin-up-or-down-august-27-9pm-et,DOWN,88199961804963316989575823589765327966215816745869924008829491301906775424924,1756288082,2025-08-27 09:48:02,0.5
bitcoin-up-or-down-august-27-9pm-et,DOWN,88199961804963316989575823589765327966215816745869924008829491301906775424924,1756288142,2025-08-27 09:49:02,0.5
bitcoin-up-or-down-august-27-9pm-et,DOWN,88199961804963316989575823589765327966215816745869924008829491301906775424924,1756288202,2025-08-27 09:50:02,0.5
bitcoin-up-or-down-august-27-9pm-et,DOWN,88199961804963316989575823589765327966215816745869924008829491301906775424924,1756288262,2025-08-27 09:51:02,0.5
bitcoin-up-or-down-august-27-9pm-et,DOWN,88199961804963316989575823589765327966215816745869924008829491301906775424924,1756288322,2025-08-27 09:52:02,0.5
bitcoin-up-or-down-august-27-9pm-et,DOWN,88199961804963316989575823589765327966215816745869924008829491301906775424924,1756288383,2025-08-27 09:53:03,0.5
bitcoin-up-or-down-august-27-9pm-et,DOWN,88199961804963316989575823589765327966215816745869924008829491301906775424924,1756288443,2025-08-27 09:54:03,0.5
bitcoin-up-or-down-august-27-9pm-et,DOWN,88199961804963316989575823589765327966215816745869924008829491301906775424924,1756288505,2025-08-27 09:55:05,0.5
bitcoin-up-or-down-august-27-9pm-et,DOWN,88199961804963316989575823589765327966215816745869924008829491301906775424924,1756288566,2025-08-27 09:56:06,0.5
bitcoin-up-or-down-august-27-9pm-et,DOWN,88199961804963316989575823589765327966215816745869924008829491301906775424924,1756288623,2025-08-27 09:57:03,0.5
bitcoin-up-or-down-august-27-9pm-et,DOWN,88199961804963316989575823589765327966215816745869924008829491301906775424924,1756288683,2025-08-27 09:58:03,0.5
bitcoin-up-or-down-august-27-9pm-et,DOWN,88199961804963316989575823589765327966215816745869924008829491301906775424924,1756288743,2025-08-27 09:59:03,0.5
bitcoin-up-or-down-august-27-9pm-et,DOWN,88199961804963316989575823589765327966215816745869924008829491301906775424924,1756288811,2025-08-27 10:00:11,0.5
bitcoin-up-or-down-august-27-9pm-et,DOWN,88199961804963316989575823589765327966215816745869924008829491301906775424924,1756288862,2025-08-27 10:01:02,0.5
bitcoin-up-or-down-august-27-9pm-et,DOWN,88199961804963316989575823589765327966215816745869924008829491301906775424924,1756288924,2025-08-27 10:02:04,0.5
bitcoin-up-or-down-august-27-9pm-et,DOWN,88199961804963316989575823589765327966215816745869924008829491301906775424924,1756288984,2025-08-27 10:03:04,0.5
bitcoin-up-or-down-august-27-9pm-et,DOWN,88199961804963316989575823589765327966215816745869924008829491301906775424924,1756289042,2025-08-27 10:04:02,0.5
bitcoin-up-or-down-august-27-9pm-et,DOWN,88199961804963316989575823589765327966215816745869924008829491301906775424924,1756289105,2025-08-27 10:05:05,0.5
bitcoin-up-or-down-august-27-9pm-et,DOWN,88199961804963316989575823589765327966215816745869924008829491301906775424924,1756289165,2025-08-27 10:06:05,0.5
bitcoin-up-or-down-august-27-9pm-et,DOWN,88199961804963316989575823589765327966215816745869924008829491301906775424924,1756289222,2025-08-27 10:07:02,0.5
bitcoin-up-or-down-august-27-9pm-et,DOWN,88199961804963316989575823589765327966215816745869924008829491301906775424924,1756289282,2025-08-27 10:08:02,0.5
bitcoin-up-or-down-august-27-9pm-et,DOWN,88199961804963316989575823589765327966215816745869924008829491301906775424924,1756289342,2025-08-27 10:09:02,0.5
bitcoin-up-or-down-august-27-9pm-et,DOWN,88199961804963316989575823589765327966215816745869924008829491301906775424924,1756289414,2025-08-27 10:10:14,0.5
bitcoin-up-or-down-august-27-9pm-et,DOWN,88199961804963316989575823589765327966215816745869924008829491301906775424924,1756289462,2025-08-27 10:11:02,0.5
bitcoin-up-or-down-august-27-9pm-et,DOWN,88199961804963316989575823589765327966215816745869924008829491301906775424924,1756289524,2025-08-27 10:12:04,0.5
bitcoin-up-or-down-august-27-9pm-et,DOWN,88199961804963316989575823589765327966215816745869924008829491301906775424924,1756289582,2025-08-27 10:13:02,0.5
bitcoin-up-or-down-august-27-9pm-et,DOWN,88199961804963316989575823589765327966215816745869924008829491301906775424924,1756289644,2025-08-27 10:14:04,0.5
bitcoin-up-or-down-august-27-9pm-et,DOWN,88199961804963316989575823589765327966215816745869924008829491301906775424924,1756289702,2025-08-27 10:15:02,0.5
bitcoin-up-or-down-august-27-9pm-et,DOWN,88199961804963316989575823589765327966215816745869924008829491301906775424924,1756289762,2025-08-27 10:16:02,0.5
bitcoin-up-or-down-august-27-9pm-et,DOWN,88199961804963316989575823589765327966215816745869924008829491301906775424924,1756289822,2025-08-27 10:17:02,0.5
bitcoin-up-or-down-august-27-9pm-et,DOWN,88199961804963316989575823589765327966215816745869924008829491301906775424924,1756289882,2025-08-27 10:18:02,0.5
bitcoin-up-or-down-august-27-9pm-et,DOWN,88199961804963316989575823589765327966215816745869924008829491301906775424924,1756289943,2025-08-27 10:19:03,0.5
bitcoin-up-or-down-august-27-9pm-et,DOWN,88199961804963316989575823589765327966215816745869924008829491301906775424924,1756290004,2025-08-27 10:20:04,0.5
bitcoin-up-or-down-august-27-9pm-et,DOWN,88199961804963316989575823589765327966215816745869924008829491301906775424924,1756290064,2025-08-27 10:21:04,0.5
bitcoin-up-or-down-august-27-9pm-et,DOWN,88199961804963316989575823589765327966215816745869924008829491301906775424924,1756290122,2025-08-27 10:22:02,0.5
bitcoin-up-or-down-august-27-9pm-et,DOWN,88199961804963316989575823589765327966215816745869924008829491301906775424924,1756290184,2025-08-27 10:23:04,0.5
bitcoin-up-or-down-august-27-9pm-et,DOWN,88199961804963316989575823589765327966215816745869924008829491301906775424924,1756290243,2025-08-27 10:24:03,0.5
bitcoin-up-or-down-august-27-9pm-et,DOWN,88199961804963316989575823589765327966215816745869924008829491301906775424924,1756290309,2025-08-27 10:25:09,0.5
bitcoin-up-or-down-august-27-9pm-et,DOWN,88199961804963316989575823589765327966215816745869924008829491301906775424924,1756290363,2025-08-27 10:26:03,0.5
bitcoin-up-or-down-august-27-9pm-et,DOWN,88199961804963316989575823589765327966215816745869924008829491301906775424924,1756290422,2025-08-27 10:27:02,0.5
bitcoin-up-or-down-august-27-9pm-et,DOWN,88199961804963316989575823589765327966215816745869924008829491301906775424924,1756290483,2025-08-27 10:28:03,0.5
bitcoin-up-or-down-august-27-9pm-et,DOWN,88199961804963316989575823589765327966215816745869924008829491301906775424924,1756290543,2025-08-27 10:29:03,0.5
bitcoin-up-or-down-august-27-9pm-et,DOWN,88199961804963316989575823589765327966215816745869924008829491301906775424924,1756290614,2025-08-27 10:30:14,0.5
bitcoin-up-or-down-august-27-9pm-et,DOWN,88199961804963316989575823589765327966215816745869924008829491301906775424924,1756290663,2025-08-27 10:31:03,0.5
bitcoin-up-or-down-august-27-9pm-et,DOWN,88199961804963316989575823589765327966215816745869924008829491301906775424924,1756290723,2025-08-27 10:32:03,0.5
bitcoin-up-or-down-august-27-9pm-et,DOWN,88199961804963316989575823589765327966215816745869924008829491301906775424924,1756290784,2025-08-27 10:33:04,0.5
bitcoin-up-or-down-august-27-9pm-et,DOWN,88199961804963316989575823589765327966215816745869924008829491301906775424924,1756290842,2025-08-27 10:34:02,0.5
bitcoin-up-or-down-august-27-9pm-et,DOWN,88199961804963316989575823589765327966215816745869924008829491301906775424924,1756290914,2025-08-27 10:35:14,0.5
bitcoin-up-or-down-august-27-9pm-et,DOWN,88199961804963316989575823589765327966215816745869924008829491301906775424924,1756290962,2025-08-27 10:36:02,0.5
bitcoin-up-or-down-august-27-9pm-et,DOWN,88199961804963316989575823589765327966215816745869924008829491301906775424924,1756291023,2025-08-27 10:37:03,0.5
bitcoin-up-or-down-august-27-9pm-et,DOWN,88199961804963316989575823589765327966215816745869924008829491301906775424924,1756291082,2025-08-27 10:38:02,0.5
bitcoin-up-or-down-august-27-9pm-et,DOWN,88199961804963316989575823589765327966215816745869924008829491301906775424924,1756291144,2025-08-27 10:39:04,0.5
bitcoin-up-or-down-august-27-9pm-et,DOWN,88199961804963316989575823589765327966215816745869924008829491301906775424924,1756291209,2025-08-27 10:40:09,0.5
bitcoin-up-or-down-august-27-9pm-et,DOWN,88199961804963316989575823589765327966215816745869924008829491301906775424924,1756291263,2025-08-27 10:41:03,0.5
bitcoin-up-or-down-august-27-9pm-et,DOWN,88199961804963316989575823589765327966215816745869924008829491301906775424924,1756291323,2025-08-27 10:42:03,0.5
bitcoin-up-or-down-august-27-9pm-et,DOWN,88199961804963316989575823589765327966215816745869924008829491301906775424924,1756291383,2025-08-27 10:43:03,0.5
bitcoin-up-or-down-august-27-9pm-et,DOWN,88199961804963316989575823589765327966215816745869924008829491301906775424924,1756291442,2025-08-27 10:44:02,0.5
bitcoin-up-or-down-august-27-9pm-et,DOWN,88199961804963316989575823589765327966215816745869924008829491301906775424924,1756291512,2025-08-27 10:45:12,0.5
bitcoin-up-or-down-august-27-9pm-et,DOWN,88199961804963316989575823589765327966215816745869924008829491301906775424924,1756291564,2025-08-27 10:46:04,0.5
bitcoin-up-or-down-august-27-9pm-et,DOWN,88199961804963316989575823589765327966215816745869924008829491301906775424924,1756291624,2025-08-27 10:47:04,0.5
bitcoin-up-or-down-august-27-9pm-et,DOWN,88199961804963316989575823589765327966215816745869924008829491301906775424924,1756291682,2025-08-27 10:48:02,0.5
bitcoin-up-or-down-august-27-9pm-et,DOWN,88199961804963316989575823589765327966215816745869924008829491301906775424924,1756291742,2025-08-27 10:49:02,0.5
bitcoin-up-or-down-august-27-9pm-et,DOWN,88199961804963316989575823589765327966215816745869924008829491301906775424924,1756291803,2025-08-27 10:50:03,0.5
bitcoin-up-or-down-august-27-9pm-et,DOWN,88199961804963316989575823589765327966215816745869924008829491301906775424924,1756291864,2025-08-27 10:51:04,0.5
bitcoin-up-or-down-august-27-9pm-et,DOWN,88199961804963316989575823589765327966215816745869924008829491301906775424924,1756291923,2025-08-27 10:52:03,0.5
bitcoin-up-or-down-august-27-9pm-et,DOWN,88199961804963316989575823589765327966215816745869924008829491301906775424924,1756291982,2025-08-27 10:53:02,0.5
bitcoin-up-or-down-august-27-9pm-et,DOWN,88199961804963316989575823589765327966215816745869924008829491301906775424924,1756292043,2025-08-27 10:54:03,0.5
bitcoin-up-or-down-august-27-9pm-et,DOWN,88199961804963316989575823589765327966215816745869924008829491301906775424924,1756292115,2025-08-27 10:55:15,0.5
bitcoin-up-or-down-august-27-9pm-et,DOWN,88199961804963316989575823589765327966215816745869924008829491301906775424924,1756292163,2025-08-27 10:56:03,0.5
bitcoin-up-or-down-august-27-9pm-et,DOWN,88199961804963316989575823589765327966215816745869924008829491301906775424924,1756292222,2025-08-27 10:57:02,0.5
bitcoin-up-or-down-august-27-9pm-et,DOWN,88199961804963316989575823589765327966215816745869924008829491301906775424924,1756292282,2025-08-27 10:58:02,0.5
bitcoin-up-or-down-august-27-9pm-et,DOWN,88199961804963316989575823589765327966215816745869924008829491301906775424924,1756292344,2025-08-27 10:59:04,0.5
bitcoin-up-or-down-august-27-9pm-et,DOWN,88199961804963316989575823589765327966215816745869924008829491301906775424924,1756292402,2025-08-27 11:00:02,0.5
bitcoin-up-or-down-august-27-9pm-et,DOWN,88199961804963316989575823589765327966215816745869924008829491301906775424924,1756292463,2025-08-27 11:01:03,0.5
bitcoin-up-or-down-august-27-9pm-et,DOWN,88199961804963316989575823589765327966215816745869924008829491301906775424924,1756292522,2025-08-27 11:02:02,0.5
bitcoin-up-or-down-august-27-9pm-et,DOWN,88199961804963316989575823589765327966215816745869924008829491301906775424924,1756292583,2025-08-27 11:03:03,0.5
bitcoin-up-or-down-august-27-9pm-et,DOWN,88199961804963316989575823589765327966215816745869924008829491301906775424924,1756292643,2025-08-27 11:04:03,0.5
bitcoin-up-or-down-august-27-9pm-et,DOWN,88199961804963316989575823589765327966215816745869924008829491301906775424924,1756292715,2025-08-27 11:05:15,0.5
bitcoin-up-or-down-august-27-9pm-et,DOWN,88199961804963316989575823589765327966215816745869924008829491301906775424924,1756292762,2025-08-27 11:06:02,0.5
bitcoin-up-or-down-august-27-9pm-et,DOWN,88199961804963316989575823589765327966215816745869924008829491301906775424924,1756292823,2025-08-27 11:07:03,0.5
bitcoin-up-or-down-august-27-9pm-et,DOWN,88199961804963316989575823589765327966215816745869924008829491301906775424924,1756292883,2025-08-27 11:08:03,0.5
bitcoin-up-or-down-august-27-9pm-et,DOWN,88199961804963316989575823589765327966215816745869924008829491301906775424924,1756292942,2025-08-27 11:09:02,0.5
bitcoin-up-or-down-august-27-9pm-et,DOWN,88199961804963316989575823589765327966215816745869924008829491301906775424924,1756293003,2025-08-27 11:10:03,0.5
bitcoin-up-or-down-august-27-9pm-et,DOWN,88199961804963316989575823589765327966215816745869924008829491301906775424924,1756293062,2025-08-27 11:11:02,0.5
bitcoin-up-or-down-august-27-9pm-et,DOWN,88199961804963316989575823589765327966215816745869924008829491301906775424924,1756293123,2025-08-27 11:12:03,0.5
bitcoin-up-or-down-august-27-9pm-et,DOWN,88199961804963316989575823589765327966215816745869924008829491301906775424924,1756293183,2025-08-27 11:13:03,0.5
bitcoin-up-or-down-august-27-9pm-et,DOWN,88199961804963316989575823589765327966215816745869924008829491301906775424924,1756293243,2025-08-27 11:14:03,0.5
bitcoin-up-or-down-august-27-9pm-et,DOWN,88199961804963316989575823589765327966215816745869924008829491301906775424924,1756293318,2025-08-27 11:15:18,0.5
bitcoin-up-or-down-august-27-9pm-et,DOWN,88199961804963316989575823589765327966215816745869924008829491301906775424924,1756293364,2025-08-27 11:16:04,0.5
bitcoin-up-or-down-august-27-9pm-et,DOWN,88199961804963316989575823589765327966215816745869924008829491301906775424924,1756293423,2025-08-27 11:17:03,0.5
bitcoin-up-or-down-august-27-9pm-et,DOWN,88199961804963316989575823589765327966215816745869924008829491301906775424924,1756293484,2025-08-27 11:18:04,0.5
bitcoin-up-or-down-august-27-9pm-et,DOWN,88199961804963316989575823589765327966215816745869924008829491301906775424924,1756293542,2025-08-27 11:19:02,0.5
bitcoin-up-or-down-august-27-9pm-et,DOWN,88199961804963316989575823589765327966215816745869924008829491301906775424924,1756293615,2025-08-27 11:20:15,0.5
bitcoin-up-or-down-august-27-9pm-et,DOWN,88199961804963316989575823589765327966215816745869924008829491301906775424924,1756293662,2025-08-27 11:21:02,0.5
bitcoin-up-or-down-august-27-9pm-et,DOWN,88199961804963316989575823589765327966215816745869924008829491301906775424924,1756293723,2025-08-27 11:22:03,0.5
bitcoin-up-or-down-august-27-9pm-et,DOWN,88199961804963316989575823589765327966215816745869924008829491301906775424924,1756293782,2025-08-27 11:23:02,0.5
bitcoin-up-or-down-august-27-9pm-et,DOWN,88199961804963316989575823589765327966215816745869924008829491301906775424924,1756293842,2025-08-27 11:24:02,0.5
bitcoin-up-or-down-august-27-9pm-et,DOWN,88199961804963316989575823589765327966215816745869924008829491301906775424924,1756293909,2025-08-27 11:25:09,0.5
bitcoin-up-or-down-august-27-9pm-et,DOWN,88199961804963316989575823589765327966215816745869924008829491301906775424924,1756293962,2025-08-27 11:26:02,0.5
bitcoin-up-or-down-august-27-9pm-et,DOWN,88199961804963316989575823589765327966215816745869924008829491301906775424924,1756294023,2025-08-27 11:27:03,0.5
bitcoin-up-or-down-august-27-9pm-et,DOWN,88199961804963316989575823589765327966215816745869924008829491301906775424924,1756294083,2025-08-27 11:28:03,0.5
bitcoin-up-or-down-august-27-9pm-et,DOWN,88199961804963316989575823589765327966215816745869924008829491301906775424924,1756294144,2025-08-27 11:29:04,0.5
bitcoin-up-or-down-august-27-9pm-et,DOWN,88199961804963316989575823589765327966215816745869924008829491301906775424924,1756294219,2025-08-27 11:30:19,0.5
bitcoin-up-or-down-august-27-9pm-et,DOWN,88199961804963316989575823589765327966215816745869924008829491301906775424924,1756294263,2025-08-27 11:31:03,0.5
bitcoin-up-or-down-august-27-9pm-et,DOWN,88199961804963316989575823589765327966215816745869924008829491301906775424924,1756294322,2025-08-27 11:32:02,0.5
bitcoin-up-or-down-august-27-9pm-et,DOWN,88199961804963316989575823589765327966215816745869924008829491301906775424924,1756294384,2025-08-27 11:33:04,0.5
bitcoin-up-or-down-august-27-9pm-et,DOWN,88199961804963316989575823589765327966215816745869924008829491301906775424924,1756294443,2025-08-27 11:34:03,0.5
bitcoin-up-or-down-august-27-9pm-et,DOWN,88199961804963316989575823589765327966215816745869924008829491301906775424924,1756294516,2025-08-27 11:35:16,0.5
bitcoin-up-or-down-august-27-9pm-et,DOWN,88199961804963316989575823589765327966215816745869924008829491301906775424924,1756294563,2025-08-27 11:36:03,0.5
bitcoin-up-or-down-august-27-9pm-et,DOWN,88199961804963316989575823589765327966215816745869924008829491301906775424924,1756294623,2025-08-27 11:37:03,0.5
bitcoin-up-or-down-august-27-9pm-et,DOWN,88199961804963316989575823589765327966215816745869924008829491301906775424924,1756294682,2025-08-27 11:38:02,0.5
bitcoin-up-or-down-august-27-9pm-et,DOWN,88199961804963316989575823589765327966215816745869924008829491301906775424924,1756294743,2025-08-27 11:39:03,0.5
bitcoin-up-or-down-august-27-9pm-et,DOWN,88199961804963316989575823589765327966215816745869924008829491301906775424924,1756294809,2025-08-27 11:40:09,0.5
bitcoin-up-or-down-august-27-9pm-et,DOWN,88199961804963316989575823589765327966215816745869924008829491301906775424924,1756294863,2025-08-27 11:41:03,0.5
bitcoin-up-or-down-august-27-9pm-et,DOWN,88199961804963316989575823589765327966215816745869924008829491301906775424924,1756294922,2025-08-27 11:42:02,0.5
bitcoin-up-or-down-august-27-9pm-et,DOWN,88199961804963316989575823589765327966215816745869924008829491301906775424924,1756294984,2025-08-27 11:43:04,0.5
bitcoin-up-or-down-august-27-9pm-et,DOWN,88199961804963316989575823589765327966215816745869924008829491301906775424924,1756295043,2025-08-27 11:44:03,0.5
bitcoin-up-or-down-august-27-9pm-et,DOWN,88199961804963316989575823589765327966215816745869924008829491301906775424924,1756295116,2025-08-27 11:45:16,0.5
bitcoin-up-or-down-august-27-9pm-et,DOWN,88199961804963316989575823589765327966215816745869924008829491301906775424924,1756295162,2025-08-27 11:46:02,0.5
bitcoin-up-or-down-august-27-9pm-et,DOWN,88199961804963316989575823589765327966215816745869924008829491301906775424924,1756295224,2025-08-27 11:47:04,0.5
bitcoin-up-or-down-august-27-9pm-et,DOWN,88199961804963316989575823589765327966215816745869924008829491301906775424924,1756295283,2025-08-27 11:48:03,0.5
bitcoin-up-or-down-august-27-9pm-et,DOWN,88199961804963316989575823589765327966215816745869924008829491301906775424924,1756295343,2025-08-27 11:49:03,0.5
bitcoin-up-or-down-august-27-9pm-et,DOWN,88199961804963316989575823589765327966215816745869924008829491301906775424924,1756295402,2025-08-27 11:50:02,0.5
bitcoin-up-or-down-august-27-9pm-et,DOWN,88199961804963316989575823589765327966215816745869924008829491301906775424924,1756295462,2025-08-27 11:51:02,0.5
bitcoin-up-or-down-august-27-9pm-et,DOWN,88199961804963316989575823589765327966215816745869924008829491301906775424924,1756295522,2025-08-27 11:52:02,0.5
bitcoin-up-or-down-august-27-9pm-et,DOWN,88199961804963316989575823589765327966215816745869924008829491301906775424924,1756295582,2025-08-27 11:53:02,0.5
bitcoin-up-or-down-august-27-9pm-et,DOWN,88199961804963316989575823589765327966215816745869924008829491301906775424924,1756295643,2025-08-27 11:54:03,0.5
bitcoin-up-or-down-august-27-9pm-et,DOWN,88199961804963316989575823589765327966215816745869924008829491301906775424924,1756295704,2025-08-27 11:55:04,0.5
bitcoin-up-or-down-august-27-9pm-et,DOWN,88199961804963316989575823589765327966215816745869924008829491301906775424924,1756295763,2025-08-27 11:56:03,0.5
bitcoin-up-or-down-august-27-9pm-et,DOWN,88199961804963316989575823589765327966215816745869924008829491301906775424924,1756295822,2025-08-27 11:57:02,0.5
bitcoin-up-or-down-august-27-9pm-et,DOWN,88199961804963316989575823589765327966215816745869924008829491301906775424924,1756295884,2025-08-27 11:58:04,0.5
bitcoin-up-or-down-august-27-9pm-et,DOWN,88199961804963316989575823589765327966215816745869924008829491301906775424924,1756295942,2025-08-27 11:59:02,0.5
bitcoin-up-or-down-august-27-9pm-et,DOWN,88199961804963316989575823589765327966215816745869924008829491301906775424924,1756296008,2025-08-27 12:00:08,0.5
bitcoin-up-or-down-august-27-9pm-et,DOWN,88199961804963316989575823589765327966215816745869924008829491301906775424924,1756296062,2025-08-27 12:01:02,0.5
bitcoin-up-or-down-august-27-9pm-et,DOWN,88199961804963316989575823589765327966215816745869924008829491301906775424924,1756296122,2025-08-27 12:02:02,0.5
bitcoin-up-or-down-august-27-9pm-et,DOWN,88199961804963316989575823589765327966215816745869924008829491301906775424924,1756296182,2025-08-27 12:03:02,0.5
bitcoin-up-or-down-august-27-9pm-et,DOWN,88199961804963316989575823589765327966215816745869924008829491301906775424924,1756296242,2025-08-27 12:04:02,0.5
bitcoin-up-or-down-august-27-9pm-et,DOWN,88199961804963316989575823589765327966215816745869924008829491301906775424924,1756296314,2025-08-27 12:05:14,0.5
bitcoin-up-or-down-august-27-9pm-et,DOWN,88199961804963316989575823589765327966215816745869924008829491301906775424924,1756296362,2025-08-27 12:06:02,0.5
bitcoin-up-or-down-august-27-9pm-et,DOWN,88199961804963316989575823589765327966215816745869924008829491301906775424924,1756296422,2025-08-27 12:07:02,0.5
bitcoin-up-or-down-august-27-9pm-et,DOWN,88199961804963316989575823589765327966215816745869924008829491301906775424924,1756296483,2025-08-27 12:08:03,0.5
bitcoin-up-or-down-august-27-9pm-et,DOWN,88199961804963316989575823589765327966215816745869924008829491301906775424924,1756296543,2025-08-27 12:09:03,0.5
bitcoin-up-or-down-august-27-9pm-et,DOWN,88199961804963316989575823589765327966215816745869924008829491301906775424924,1756296608,2025-08-27 12:10:08,0.5
bitcoin-up-or-down-august-27-9pm-et,DOWN,88199961804963316989575823589765327966215816745869924008829491301906775424924,1756296662,2025-08-27 12:11:02,0.5
bitcoin-up-or-down-august-27-9pm-et,DOWN,88199961804963316989575823589765327966215816745869924008829491301906775424924,1756296724,2025-08-27 12:12:04,0.5
bitcoin-up-or-down-august-27-9pm-et,DOWN,88199961804963316989575823589765327966215816745869924008829491301906775424924,1756296783,2025-08-27 12:13:03,0.5
bitcoin-up-or-down-august-27-9pm-et,DOWN,88199961804963316989575823589765327966215816745869924008829491301906775424924,1756296842,2025-08-27 12:14:02,0.5
bitcoin-up-or-down-august-27-9pm-et,DOWN,88199961804963316989575823589765327966215816745869924008829491301906775424924,1756296907,2025-08-27 12:15:07,0.5
bitcoin-up-or-down-august-27-9pm-et,DOWN,88199961804963316989575823589765327966215816745869924008829491301906775424924,1756296963,2025-08-27 12:16:03,0.5
bitcoin-up-or-down-august-27-9pm-et,DOWN,88199961804963316989575823589765327966215816745869924008829491301906775424924,1756297024,2025-08-27 12:17:04,0.5
bitcoin-up-or-down-august-27-9pm-et,DOWN,88199961804963316989575823589765327966215816745869924008829491301906775424924,1756297084,2025-08-27 12:18:04,0.5
bitcoin-up-or-down-august-27-9pm-et,DOWN,88199961804963316989575823589765327966215816745869924008829491301906775424924,1756297142,2025-08-27 12:19:02,0.5
bitcoin-up-or-down-august-27-9pm-et,DOWN,88199961804963316989575823589765327966215816745869924008829491301906775424924,1756297206,2025-08-27 12:20:06,0.5
bitcoin-up-or-down-august-27-9pm-et,DOWN,88199961804963316989575823589765327966215816745869924008829491301906775424924,1756297263,2025-08-27 12:21:03,0.5
bitcoin-up-or-down-august-27-9pm-et,DOWN,88199961804963316989575823589765327966215816745869924008829491301906775424924,1756297322,2025-08-27 12:22:02,0.5
bitcoin-up-or-down-august-27-9pm-et,DOWN,88199961804963316989575823589765327966215816745869924008829491301906775424924,1756297383,2025-08-27 12:23:03,0.5
bitcoin-up-or-down-august-27-9pm-et,DOWN,88199961804963316989575823589765327966215816745869924008829491301906775424924,1756297442,2025-08-27 12:24:02,0.5
bitcoin-up-or-down-august-27-9pm-et,DOWN,88199961804963316989575823589765327966215816745869924008829491301906775424924,1756297514,2025-08-27 12:25:14,0.5
bitcoin-up-or-down-august-27-9pm-et,DOWN,88199961804963316989575823589765327966215816745869924008829491301906775424924,1756297562,2025-08-27 12:26:02,0.5
bitcoin-up-or-down-august-27-9pm-et,DOWN,88199961804963316989575823589765327966215816745869924008829491301906775424924,1756297622,2025-08-27 12:27:02,0.5
bitcoin-up-or-down-august-27-9pm-et,DOWN,88199961804963316989575823589765327966215816745869924008829491301906775424924,1756297682,2025-08-27 12:28:02,0.5
bitcoin-up-or-down-august-27-9pm-et,DOWN,88199961804963316989575823589765327966215816745869924008829491301906775424924,1756297744,2025-08-27 12:29:04,0.5
bitcoin-up-or-down-august-27-9pm-et,DOWN,88199961804963316989575823589765327966215816745869924008829491301906775424924,1756297802,2025-08-27 12:30:02,0.5
bitcoin-up-or-down-august-27-9pm-et,DOWN,88199961804963316989575823589765327966215816745869924008829491301906775424924,1756297862,2025-08-27 12:31:02,0.5
bitcoin-up-or-down-august-27-9pm-et,DOWN,88199961804963316989575823589765327966215816745869924008829491301906775424924,1756297923,2025-08-27 12:32:03,0.5
bitcoin-up-or-down-august-27-9pm-et,DOWN,88199961804963316989575823589765327966215816745869924008829491301906775424924,1756297984,2025-08-27 12:33:04,0.5
bitcoin-up-or-down-august-27-9pm-et,DOWN,88199961804963316989575823589765327966215816745869924008829491301906775424924,1756298043,2025-08-27 12:34:03,0.5
bitcoin-up-or-down-august-27-9pm-et,DOWN,88199961804963316989575823589765327966215816745869924008829491301906775424924,1756298105,2025-08-27 12:35:05,0.5
bitcoin-up-or-down-august-27-9pm-et,DOWN,88199961804963316989575823589765327966215816745869924008829491301906775424924,1756298164,2025-08-27 12:36:04,0.5
bitcoin-up-or-down-august-27-9pm-et,DOWN,88199961804963316989575823589765327966215816745869924008829491301906775424924,1756298223,2025-08-27 12:37:03,0.5
bitcoin-up-or-down-august-27-9pm-et,DOWN,88199961804963316989575823589765327966215816745869924008829491301906775424924,1756298282,2025-08-27 12:38:02,0.5
bitcoin-up-or-down-august-27-9pm-et,DOWN,88199961804963316989575823589765327966215816745869924008829491301906775424924,1756298342,2025-08-27 12:39:02,0.5
bitcoin-up-or-down-august-27-9pm-et,DOWN,88199961804963316989575823589765327966215816745869924008829491301906775424924,1756298413,2025-08-27 12:40:13,0.5
bitcoin-up-or-down-august-27-9pm-et,DOWN,88199961804963316989575823589765327966215816745869924008829491301906775424924,1756298462,2025-08-27 12:41:02,0.5
bitcoin-up-or-down-august-27-9pm-et,DOWN,88199961804963316989575823589765327966215816745869924008829491301906775424924,1756298524,2025-08-27 12:42:04,0.5
bitcoin-up-or-down-august-27-9pm-et,DOWN,88199961804963316989575823589765327966215816745869924008829491301906775424924,1756298583,2025-08-27 12:43:03,0.5
bitcoin-up-or-down-august-27-9pm-et,DOWN,88199961804963316989575823589765327966215816745869924008829491301906775424924,1756298643,2025-08-27 12:44:03,0.5
bitcoin-up-or-down-august-27-9pm-et,DOWN,88199961804963316989575823589765327966215816745869924008829491301906775424924,1756298702,2025-08-27 12:45:02,0.5
bitcoin-up-or-down-august-27-9pm-et,DOWN,88199961804963316989575823589765327966215816745869924008829491301906775424924,1756298763,2025-08-27 12:46:03,0.5
bitcoin-up-or-down-august-27-9pm-et,DOWN,88199961804963316989575823589765327966215816745869924008829491301906775424924,1756298822,2025-08-27 12:47:02,0.5
bitcoin-up-or-down-august-27-9pm-et,DOWN,88199961804963316989575823589765327966215816745869924008829491301906775424924,1756298884,2025-08-27 12:48:04,0.5
bitcoin-up-or-down-august-27-9pm-et,DOWN,88199961804963316989575823589765327966215816745869924008829491301906775424924,1756298943,2025-08-27 12:49:03,0.5
bitcoin-up-or-down-august-27-9pm-et,DOWN,88199961804963316989575823589765327966215816745869924008829491301906775424924,1756299014,2025-08-27 12:50:14,0.5
bitcoin-up-or-down-august-27-9pm-et,DOWN,88199961804963316989575823589765327966215816745869924008829491301906775424924,1756299063,2025-08-27 12:51:03,0.5
bitcoin-up-or-down-august-27-9pm-et,DOWN,88199961804963316989575823589765327966215816745869924008829491301906775424924,1756299123,2025-08-27 12:52:03,0.5
bitcoin-up-or-down-august-27-9pm-et,DOWN,88199961804963316989575823589765327966215816745869924008829491301906775424924,1756299182,2025-08-27 12:53:02,0.5
bitcoin-up-or-down-august-27-9pm-et,DOWN,88199961804963316989575823589765327966215816745869924008829491301906775424924,1756299242,2025-08-27 12:54:02,0.5
bitcoin-up-or-down-august-27-9pm-et,DOWN,88199961804963316989575823589765327966215816745869924008829491301906775424924,1756299310,2025-08-27 12:55:10,0.5
bitcoin-up-or-down-august-27-9pm-et,DOWN,88199961804963316989575823589765327966215816745869924008829491301906775424924,1756299363,2025-08-27 12:56:03,0.5
bitcoin-up-or-down-august-27-9pm-et,DOWN,88199961804963316989575823589765327966215816745869924008829491301906775424924,1756299422,2025-08-27 12:57:02,0.5
bitcoin-up-or-down-august-27-9pm-et,DOWN,88199961804963316989575823589765327966215816745869924008829491301906775424924,1756299483,2025-08-27 12:58:03,0.5
bitcoin-up-or-down-august-27-9pm-et,DOWN,88199961804963316989575823589765327966215816745869924008829491301906775424924,1756299542,2025-08-27 12:59:02,0.5
bitcoin-up-or-down-august-27-9pm-et,DOWN,88199961804963316989575823589765327966215816745869924008829491301906775424924,1756299605,2025-08-27 13:00:05,0.5
bitcoin-up-or-down-august-27-9pm-et,DOWN,88199961804963316989575823589765327966215816745869924008829491301906775424924,1756299663,2025-08-27 13:01:03,0.5
bitcoin-up-or-down-august-27-9pm-et,DOWN,88199961804963316989575823589765327966215816745869924008829491301906775424924,1756299723,2025-08-27 13:02:03,0.5
bitcoin-up-or-down-august-27-9pm-et,DOWN,88199961804963316989575823589765327966215816745869924008829491301906775424924,1756299783,2025-08-27 13:03:03,0.5
bitcoin-up-or-down-august-27-9pm-et,DOWN,88199961804963316989575823589765327966215816745869924008829491301906775424924,1756299842,2025-08-27 13:04:02,0.5
bitcoin-up-or-down-august-27-9pm-et,DOWN,88199961804963316989575823589765327966215816745869924008829491301906775424924,1756299902,2025-08-27 13:05:02,0.5
bitcoin-up-or-down-august-27-9pm-et,DOWN,88199961804963316989575823589765327966215816745869924008829491301906775424924,1756299963,2025-08-27 13:06:03,0.5
bitcoin-up-or-down-august-27-9pm-et,DOWN,88199961804963316989575823589765327966215816745869924008829491301906775424924,1756300022,2025-08-27 13:07:02,0.5
bitcoin-up-or-down-august-27-9pm-et,DOWN,88199961804963316989575823589765327966215816745869924008829491301906775424924,1756300083,2025-08-27 13:08:03,0.5
bitcoin-up-or-down-august-27-9pm-et,DOWN,88199961804963316989575823589765327966215816745869924008829491301906775424924,1756300143,2025-08-27 13:09:03,0.5
bitcoin-up-or-down-august-27-9pm-et,DOWN,88199961804963316989575823589765327966215816745869924008829491301906775424924,1756300215,2025-08-27 13:10:15,0.5
bitcoin-up-or-down-august-27-9pm-et,DOWN,88199961804963316989575823589765327966215816745869924008829491301906775424924,1756300262,2025-08-27 13:11:02,0.5
bitcoin-up-or-down-august-27-9pm-et,DOWN,88199961804963316989575823589765327966215816745869924008829491301906775424924,1756300322,2025-08-27 13:12:02,0.5
bitcoin-up-or-down-august-27-9pm-et,DOWN,88199961804963316989575823589765327966215816745869924008829491301906775424924,1756300382,2025-08-27 13:13:02,0.5
bitcoin-up-or-down-august-27-9pm-et,DOWN,88199961804963316989575823589765327966215816745869924008829491301906775424924,1756300443,2025-08-27 13:14:03,0.5
bitcoin-up-or-down-august-27-9pm-et,DOWN,88199961804963316989575823589765327966215816745869924008829491301906775424924,1756300511,2025-08-27 13:15:11,0.5
bitcoin-up-or-down-august-27-9pm-et,DOWN,88199961804963316989575823589765327966215816745869924008829491301906775424924,1756300564,2025-08-27 13:16:04,0.5
bitcoin-up-or-down-august-27-9pm-et,DOWN,88199961804963316989575823589765327966215816745869924008829491301906775424924,1756300623,2025-08-27 13:17:03,0.5
bitcoin-up-or-down-august-27-9pm-et,DOWN,88199961804963316989575823589765327966215816745869924008829491301906775424924,1756300683,2025-08-27 13:18:03,0.5
bitcoin-up-or-down-august-27-9pm-et,DOWN,88199961804963316989575823589765327966215816745869924008829491301906775424924,1756300743,2025-08-27 13:19:03,0.5
bitcoin-up-or-down-august-27-9pm-et,DOWN,88199961804963316989575823589765327966215816745869924008829491301906775424924,1756300809,2025-08-27 13:20:09,0.5
bitcoin-up-or-down-august-27-9pm-et,DOWN,88199961804963316989575823589765327966215816745869924008829491301906775424924,1756300864,2025-08-27 13:21:04,0.5
bitcoin-up-or-down-august-27-9pm-et,DOWN,88199961804963316989575823589765327966215816745869924008829491301906775424924,1756300922,2025-08-27 13:22:02,0.5
bitcoin-up-or-down-august-27-9pm-et,DOWN,88199961804963316989575823589765327966215816745869924008829491301906775424924,1756300983,2025-08-27 13:23:03,0.5
bitcoin-up-or-down-august-27-9pm-et,DOWN,88199961804963316989575823589765327966215816745869924008829491301906775424924,1756301042,2025-08-27 13:24:02,0.5
bitcoin-up-or-down-august-27-9pm-et,DOWN,88199961804963316989575823589765327966215816745869924008829491301906775424924,1756301116,2025-08-27 13:25:16,0.5
bitcoin-up-or-down-august-27-9pm-et,DOWN,88199961804963316989575823589765327966215816745869924008829491301906775424924,1756301163,2025-08-27 13:26:03,0.5
bitcoin-up-or-down-august-27-9pm-et,DOWN,88199961804963316989575823589765327966215816745869924008829491301906775424924,1756301222,2025-08-27 13:27:02,0.5
bitcoin-up-or-down-august-27-9pm-et,DOWN,88199961804963316989575823589765327966215816745869924008829491301906775424924,1756301283,2025-08-27 13:28:03,0.5
bitcoin-up-or-down-august-27-9pm-et,DOWN,88199961804963316989575823589765327966215816745869924008829491301906775424924,1756301342,2025-08-27 13:29:02,0.5
bitcoin-up-or-down-august-27-9pm-et,DOWN,88199961804963316989575823589765327966215816745869924008829491301906775424924,1756301406,2025-08-27 13:30:06,0.5
bitcoin-up-or-down-august-27-9pm-et,DOWN,88199961804963316989575823589765327966215816745869924008829491301906775424924,1756301462,2025-08-27 13:31:02,0.5
bitcoin-up-or-down-august-27-9pm-et,DOWN,88199961804963316989575823589765327966215816745869924008829491301906775424924,1756301523,2025-08-27 13:32:03,0.5
bitcoin-up-or-down-august-27-9pm-et,DOWN,88199961804963316989575823589765327966215816745869924008829491301906775424924,1756301583,2025-08-27 13:33:03,0.5
bitcoin-up-or-down-august-27-9pm-et,DOWN,88199961804963316989575823589765327966215816745869924008829491301906775424924,1756301642,2025-08-27 13:34:02,0.5
bitcoin-up-or-down-august-27-9pm-et,DOWN,88199961804963316989575823589765327966215816745869924008829491301906775424924,1756301712,2025-08-27 13:35:12,0.5
bitcoin-up-or-down-august-27-9pm-et,DOWN,88199961804963316989575823589765327966215816745869924008829491301906775424924,1756301763,2025-08-27 13:36:03,0.5
bitcoin-up-or-down-august-27-9pm-et,DOWN,88199961804963316989575823589765327966215816745869924008829491301906775424924,1756301822,2025-08-27 13:37:02,0.5
bitcoin-up-or-down-august-27-9pm-et,DOWN,88199961804963316989575823589765327966215816745869924008829491301906775424924,1756301883,2025-08-27 13:38:03,0.5
bitcoin-up-or-down-august-27-9pm-et,DOWN,88199961804963316989575823589765327966215816745869924008829491301906775424924,1756301943,2025-08-27 13:39:03,0.5
bitcoin-up-or-down-august-27-9pm-et,DOWN,88199961804963316989575823589765327966215816745869924008829491301906775424924,1756302004,2025-08-27 13:40:04,0.5
bitcoin-up-or-down-august-27-9pm-et,DOWN,88199961804963316989575823589765327966215816745869924008829491301906775424924,1756302063,2025-08-27 13:41:03,0.5
bitcoin-up-or-down-august-27-9pm-et,DOWN,88199961804963316989575823589765327966215816745869924008829491301906775424924,1756302124,2025-08-27 13:42:04,0.5
bitcoin-up-or-down-august-27-9pm-et,DOWN,88199961804963316989575823589765327966215816745869924008829491301906775424924,1756302182,2025-08-27 13:43:02,0.5
bitcoin-up-or-down-august-27-9pm-et,DOWN,88199961804963316989575823589765327966215816745869924008829491301906775424924,1756302244,2025-08-27 13:44:04,0.5
bitcoin-up-or-down-august-27-9pm-et,DOWN,88199961804963316989575823589765327966215816745869924008829491301906775424924,1756302307,2025-08-27 13:45:07,0.5
bitcoin-up-or-down-august-27-9pm-et,DOWN,88199961804963316989575823589765327966215816745869924008829491301906775424924,1756302362,2025-08-27 13:46:02,0.5
bitcoin-up-or-down-august-27-9pm-et,DOWN,88199961804963316989575823589765327966215816745869924008829491301906775424924,1756302422,2025-08-27 13:47:02,0.5
bitcoin-up-or-down-august-27-9pm-et,DOWN,88199961804963316989575823589765327966215816745869924008829491301906775424924,1756302482,2025-08-27 13:48:02,0.5
bitcoin-up-or-down-august-27-9pm-et,DOWN,88199961804963316989575823589765327966215816745869924008829491301906775424924,1756302543,2025-08-27 13:49:03,0.5
bitcoin-up-or-down-august-27-9pm-et,DOWN,88199961804963316989575823589765327966215816745869924008829491301906775424924,1756302602,2025-08-27 13:50:02,0.5
bitcoin-up-or-down-august-27-9pm-et,DOWN,88199961804963316989575823589765327966215816745869924008829491301906775424924,1756302664,2025-08-27 13:51:04,0.5
bitcoin-up-or-down-august-27-9pm-et,DOWN,88199961804963316989575823589765327966215816745869924008829491301906775424924,1756302723,2025-08-27 13:52:03,0.5
bitcoin-up-or-down-august-27-9pm-et,DOWN,88199961804963316989575823589765327966215816745869924008829491301906775424924,1756302783,2025-08-27 13:53:03,0.5
bitcoin-up-or-down-august-27-9pm-et,DOWN,88199961804963316989575823589765327966215816745869924008829491301906775424924,1756302844,2025-08-27 13:54:04,0.5
bitcoin-up-or-down-august-27-9pm-et,DOWN,88199961804963316989575823589765327966215816745869924008829491301906775424924,1756302906,2025-08-27 13:55:06,0.5
bitcoin-up-or-down-august-27-9pm-et,DOWN,88199961804963316989575823589765327966215816745869924008829491301906775424924,1756302965,2025-08-27 13:56:05,0.5
bitcoin-up-or-down-august-27-9pm-et,DOWN,88199961804963316989575823589765327966215816745869924008829491301906775424924,1756303023,2025-08-27 13:57:03,0.5
bitcoin-up-or-down-august-27-9pm-et,DOWN,88199961804963316989575823589765327966215816745869924008829491301906775424924,1756303082,2025-08-27 13:58:02,0.5
bitcoin-up-or-down-august-27-9pm-et,DOWN,88199961804963316989575823589765327966215816745869924008829491301906775424924,1756303144,2025-08-27 13:59:04,0.5
bitcoin-up-or-down-august-27-9pm-et,DOWN,88199961804963316989575823589765327966215816745869924008829491301906775424924,1756303219,2025-08-27 14:00:19,0.5
bitcoin-up-or-down-august-27-9pm-et,DOWN,88199961804963316989575823589765327966215816745869924008829491301906775424924,1756303263,2025-08-27 14:01:03,0.5
bitcoin-up-or-down-august-27-9pm-et,DOWN,88199961804963316989575823589765327966215816745869924008829491301906775424924,1756303323,2025-08-27 14:02:03,0.5
bitcoin-up-or-down-august-27-9pm-et,DOWN,88199961804963316989575823589765327966215816745869924008829491301906775424924,1756303382,2025-08-27 14:03:02,0.5
bitcoin-up-or-down-august-27-9pm-et,DOWN,88199961804963316989575823589765327966215816745869924008829491301906775424924,1756303444,2025-08-27 14:04:04,0.5
bitcoin-up-or-down-august-27-9pm-et,DOWN,88199961804963316989575823589765327966215816745869924008829491301906775424924,1756303513,2025-08-27 14:05:13,0.5
bitcoin-up-or-down-august-27-9pm-et,DOWN,88199961804963316989575823589765327966215816745869924008829491301906775424924,1756303563,2025-08-27 14:06:03,0.5
bitcoin-up-or-down-august-27-9pm-et,DOWN,88199961804963316989575823589765327966215816745869924008829491301906775424924,1756303623,2025-08-27 14:07:03,0.5
bitcoin-up-or-down-august-27-9pm-et,DOWN,88199961804963316989575823589765327966215816745869924008829491301906775424924,1756303684,2025-08-27 14:08:04,0.5
bitcoin-up-or-down-august-27-9pm-et,DOWN,88199961804963316989575823589765327966215816745869924008829491301906775424924,1756303745,2025-08-27 14:09:05,0.5
bitcoin-up-or-down-august-27-9pm-et,DOWN,88199961804963316989575823589765327966215816745869924008829491301906775424924,1756303815,2025-08-27 14:10:15,0.5
bitcoin-up-or-down-august-27-9pm-et,DOWN,88199961804963316989575823589765327966215816745869924008829491301906775424924,1756303863,2025-08-27 14:11:03,0.5
bitcoin-up-or-down-august-27-9pm-et,DOWN,88199961804963316989575823589765327966215816745869924008829491301906775424924,1756303923,2025-08-27 14:12:03,0.5
bitcoin-up-or-down-august-27-9pm-et,DOWN,88199961804963316989575823589765327966215816745869924008829491301906775424924,1756303983,2025-08-27 14:13:03,0.5
bitcoin-up-or-down-august-27-9pm-et,DOWN,88199961804963316989575823589765327966215816745869924008829491301906775424924,1756304043,2025-08-27 14:14:03,0.5
bitcoin-up-or-down-august-27-9pm-et,DOWN,88199961804963316989575823589765327966215816745869924008829491301906775424924,1756304110,2025-08-27 14:15:10,0.5
bitcoin-up-or-down-august-27-9pm-et,DOWN,88199961804963316989575823589765327966215816745869924008829491301906775424924,1756304164,2025-08-27 14:16:04,0.5
bitcoin-up-or-down-august-27-9pm-et,DOWN,88199961804963316989575823589765327966215816745869924008829491301906775424924,1756304223,2025-08-27 14:17:03,0.5
bitcoin-up-or-down-august-27-9pm-et,DOWN,88199961804963316989575823589765327966215816745869924008829491301906775424924,1756304282,2025-08-27 14:18:02,0.5
bitcoin-up-or-down-august-27-9pm-et,DOWN,88199961804963316989575823589765327966215816745869924008829491301906775424924,1756304342,2025-08-27 14:19:02,0.5
bitcoin-up-or-down-august-27-9pm-et,DOWN,88199961804963316989575823589765327966215816745869924008829491301906775424924,1756304411,2025-08-27 14:20:11,0.5
bitcoin-up-or-down-august-27-9pm-et,DOWN,88199961804963316989575823589765327966215816745869924008829491301906775424924,1756304464,2025-08-27 14:21:04,0.5
bitcoin-up-or-down-august-27-9pm-et,DOWN,88199961804963316989575823589765327966215816745869924008829491301906775424924,1756304523,2025-08-27 14:22:03,0.5
bitcoin-up-or-down-august-27-9pm-et,DOWN,88199961804963316989575823589765327966215816745869924008829491301906775424924,1756304583,2025-08-27 14:23:03,0.5
bitcoin-up-or-down-august-27-9pm-et,DOWN,88199961804963316989575823589765327966215816745869924008829491301906775424924,1756304643,2025-08-27 14:24:03,0.5
bitcoin-up-or-down-august-27-9pm-et,DOWN,88199961804963316989575823589765327966215816745869924008829491301906775424924,1756304703,2025-08-27 14:25:03,0.5
bitcoin-up-or-down-august-27-9pm-et,DOWN,88199961804963316989575823589765327966215816745869924008829491301906775424924,1756304762,2025-08-27 14:26:02,0.5
bitcoin-up-or-down-august-27-9pm-et,DOWN,88199961804963316989575823589765327966215816745869924008829491301906775424924,1756304823,2025-08-27 14:27:03,0.5
bitcoin-up-or-down-august-27-9pm-et,DOWN,88199961804963316989575823589765327966215816745869924008829491301906775424924,1756304884,2025-08-27 14:28:04,0.5
bitcoin-up-or-down-august-27-9pm-et,DOWN,88199961804963316989575823589765327966215816745869924008829491301906775424924,1756304942,2025-08-27 14:29:02,0.5
bitcoin-up-or-down-august-27-9pm-et,DOWN,88199961804963316989575823589765327966215816745869924008829491301906775424924,1756305002,2025-08-27 14:30:02,0.5
bitcoin-up-or-down-august-27-9pm-et,DOWN,88199961804963316989575823589765327966215816745869924008829491301906775424924,1756305063,2025-08-27 14:31:03,0.5
bitcoin-up-or-down-august-27-9pm-et,DOWN,88199961804963316989575823589765327966215816745869924008829491301906775424924,1756305124,2025-08-27 14:32:04,0.5
bitcoin-up-or-down-august-27-9pm-et,DOWN,88199961804963316989575823589765327966215816745869924008829491301906775424924,1756305183,2025-08-27 14:33:03,0.5
bitcoin-up-or-down-august-27-9pm-et,DOWN,88199961804963316989575823589765327966215816745869924008829491301906775424924,1756305242,2025-08-27 14:34:02,0.5
bitcoin-up-or-down-august-27-9pm-et,DOWN,88199961804963316989575823589765327966215816745869924008829491301906775424924,1756305318,2025-08-27 14:35:18,0.5
bitcoin-up-or-down-august-27-9pm-et,DOWN,88199961804963316989575823589765327966215816745869924008829491301906775424924,1756305364,2025-08-27 14:36:04,0.5
bitcoin-up-or-down-august-27-9pm-et,DOWN,88199961804963316989575823589765327966215816745869924008829491301906775424924,1756305423,2025-08-27 14:37:03,0.5
bitcoin-up-or-down-august-27-9pm-et,DOWN,88199961804963316989575823589765327966215816745869924008829491301906775424924,1756305483,2025-08-27 14:38:03,0.5
bitcoin-up-or-down-august-27-9pm-et,DOWN,88199961804963316989575823589765327966215816745869924008829491301906775424924,1756305542,2025-08-27 14:39:02,0.5
bitcoin-up-or-down-august-27-9pm-et,DOWN,88199961804963316989575823589765327966215816745869924008829491301906775424924,1756305609,2025-08-27 14:40:09,0.5
bitcoin-up-or-down-august-27-9pm-et,DOWN,88199961804963316989575823589765327966215816745869924008829491301906775424924,1756305662,2025-08-27 14:41:02,0.5
bitcoin-up-or-down-august-27-9pm-et,DOWN,88199961804963316989575823589765327966215816745869924008829491301906775424924,1756305722,2025-08-27 14:42:02,0.5
bitcoin-up-or-down-august-27-9pm-et,DOWN,88199961804963316989575823589765327966215816745869924008829491301906775424924,1756305783,2025-08-27 14:43:03,0.5
bitcoin-up-or-down-august-27-9pm-et,DOWN,88199961804963316989575823589765327966215816745869924008829491301906775424924,1756305843,2025-08-27 14:44:03,0.5
bitcoin-up-or-down-august-27-9pm-et,DOWN,88199961804963316989575823589765327966215816745869924008829491301906775424924,1756305905,2025-08-27 14:45:05,0.5
bitcoin-up-or-down-august-27-9pm-et,DOWN,88199961804963316989575823589765327966215816745869924008829491301906775424924,1756305964,2025-08-27 14:46:04,0.5
bitcoin-up-or-down-august-27-9pm-et,DOWN,88199961804963316989575823589765327966215816745869924008829491301906775424924,1756306023,2025-08-27 14:47:03,0.5
bitcoin-up-or-down-august-27-9pm-et,DOWN,88199961804963316989575823589765327966215816745869924008829491301906775424924,1756306083,2025-08-27 14:48:03,0.5
bitcoin-up-or-down-august-27-9pm-et,DOWN,88199961804963316989575823589765327966215816745869924008829491301906775424924,1756306143,2025-08-27 14:49:03,0.5
bitcoin-up-or-down-august-27-9pm-et,DOWN,88199961804963316989575823589765327966215816745869924008829491301906775424924,1756306209,2025-08-27 14:50:09,0.5
bitcoin-up-or-down-august-27-9pm-et,DOWN,88199961804963316989575823589765327966215816745869924008829491301906775424924,1756306262,2025-08-27 14:51:02,0.5
bitcoin-up-or-down-august-27-9pm-et,DOWN,88199961804963316989575823589765327966215816745869924008829491301906775424924,1756306323,2025-08-27 14:52:03,0.5
bitcoin-up-or-down-august-27-9pm-et,DOWN,88199961804963316989575823589765327966215816745869924008829491301906775424924,1756306383,2025-08-27 14:53:03,0.5
bitcoin-up-or-down-august-27-9pm-et,DOWN,88199961804963316989575823589765327966215816745869924008829491301906775424924,1756306444,2025-08-27 14:54:04,0.5
bitcoin-up-or-down-august-27-9pm-et,DOWN,88199961804963316989575823589765327966215816745869924008829491301906775424924,1756306503,2025-08-27 14:55:03,0.5
bitcoin-up-or-down-august-27-9pm-et,DOWN,88199961804963316989575823589765327966215816745869924008829491301906775424924,1756306564,2025-08-27 14:56:04,0.5
bitcoin-up-or-down-august-27-9pm-et,DOWN,88199961804963316989575823589765327966215816745869924008829491301906775424924,1756306623,2025-08-27 14:57:03,0.5
bitcoin-up-or-down-august-27-9pm-et,DOWN,88199961804963316989575823589765327966215816745869924008829491301906775424924,1756306683,2025-08-27 14:58:03,0.5
bitcoin-up-or-down-august-27-9pm-et,DOWN,88199961804963316989575823589765327966215816745869924008829491301906775424924,1756306742,2025-08-27 14:59:02,0.5
bitcoin-up-or-down-august-27-9pm-et,DOWN,88199961804963316989575823589765327966215816745869924008829491301906775424924,1756306809,2025-08-27 15:00:09,0.5
bitcoin-up-or-down-august-27-9pm-et,DOWN,88199961804963316989575823589765327966215816745869924008829491301906775424924,1756306864,2025-08-27 15:01:04,0.5
bitcoin-up-or-down-august-27-9pm-et,DOWN,88199961804963316989575823589765327966215816745869924008829491301906775424924,1756306923,2025-08-27 15:02:03,0.5
bitcoin-up-or-down-august-27-9pm-et,DOWN,88199961804963316989575823589765327966215816745869924008829491301906775424924,1756306984,2025-08-27 15:03:04,0.5
bitcoin-up-or-down-august-27-9pm-et,DOWN,88199961804963316989575823589765327966215816745869924008829491301906775424924,1756307042,2025-08-27 15:04:02,0.5
bitcoin-up-or-down-august-27-9pm-et,DOWN,88199961804963316989575823589765327966215816745869924008829491301906775424924,1756307111,2025-08-27 15:05:11,0.5
bitcoin-up-or-down-august-27-9pm-et,DOWN,88199961804963316989575823589765327966215816745869924008829491301906775424924,1756307162,2025-08-27 15:06:02,0.5
bitcoin-up-or-down-august-27-9pm-et,DOWN,88199961804963316989575823589765327966215816745869924008829491301906775424924,1756307223,2025-08-27 15:07:03,0.5
bitcoin-up-or-down-august-27-9pm-et,DOWN,88199961804963316989575823589765327966215816745869924008829491301906775424924,1756307282,2025-08-27 15:08:02,0.5
bitcoin-up-or-down-august-27-9pm-et,DOWN,88199961804963316989575823589765327966215816745869924008829491301906775424924,1756307343,2025-08-27 15:09:03,0.5
bitcoin-up-or-down-august-27-9pm-et,DOWN,88199961804963316989575823589765327966215816745869924008829491301906775424924,1756307404,2025-08-27 15:10:04,0.5
bitcoin-up-or-down-august-27-9pm-et,DOWN,88199961804963316989575823589765327966215816745869924008829491301906775424924,1756307463,2025-08-27 15:11:03,0.5
bitcoin-up-or-down-august-27-9pm-et,DOWN,88199961804963316989575823589765327966215816745869924008829491301906775424924,1756307524,2025-08-27 15:12:04,0.5
bitcoin-up-or-down-august-27-9pm-et,DOWN,88199961804963316989575823589765327966215816745869924008829491301906775424924,1756307584,2025-08-27 15:13:04,0.5
bitcoin-up-or-down-august-27-9pm-et,DOWN,88199961804963316989575823589765327966215816745869924008829491301906775424924,1756307643,2025-08-27 15:14:03,0.5
bitcoin-up-or-down-august-27-9pm-et,DOWN,88199961804963316989575823589765327966215816745869924008829491301906775424924,1756307709,2025-08-27 15:15:09,0.5
bitcoin-up-or-down-august-27-9pm-et,DOWN,88199961804963316989575823589765327966215816745869924008829491301906775424924,1756307763,2025-08-27 15:16:03,0.5
bitcoin-up-or-down-august-27-9pm-et,DOWN,88199961804963316989575823589765327966215816745869924008829491301906775424924,1756307823,2025-08-27 15:17:03,0.5
bitcoin-up-or-down-august-27-9pm-et,DOWN,88199961804963316989575823589765327966215816745869924008829491301906775424924,1756307883,2025-08-27 15:18:03,0.5
bitcoin-up-or-down-august-27-9pm-et,DOWN,88199961804963316989575823589765327966215816745869924008829491301906775424924,1756307943,2025-08-27 15:19:03,0.5
bitcoin-up-or-down-august-27-9pm-et,DOWN,88199961804963316989575823589765327966215816745869924008829491301906775424924,1756308009,2025-08-27 15:20:09,0.5
bitcoin-up-or-down-august-27-9pm-et,DOWN,88199961804963316989575823589765327966215816745869924008829491301906775424924,1756308062,2025-08-27 15:21:02,0.5
bitcoin-up-or-down-august-27-9pm-et,DOWN,88199961804963316989575823589765327966215816745869924008829491301906775424924,1756308124,2025-08-27 15:22:04,0.5
bitcoin-up-or-down-august-27-9pm-et,DOWN,88199961804963316989575823589765327966215816745869924008829491301906775424924,1756308182,2025-08-27 15:23:02,0.5
bitcoin-up-or-down-august-27-9pm-et,DOWN,88199961804963316989575823589765327966215816745869924008829491301906775424924,1756308244,2025-08-27 15:24:04,0.5
bitcoin-up-or-down-august-27-9pm-et,DOWN,88199961804963316989575823589765327966215816745869924008829491301906775424924,1756308305,2025-08-27 15:25:05,0.5
bitcoin-up-or-down-august-27-9pm-et,DOWN,88199961804963316989575823589765327966215816745869924008829491301906775424924,1756308364,2025-08-27 15:26:04,0.5
bitcoin-up-or-down-august-27-9pm-et,DOWN,88199961804963316989575823589765327966215816745869924008829491301906775424924,1756308424,2025-08-27 15:27:04,0.5
bitcoin-up-or-down-august-27-9pm-et,DOWN,88199961804963316989575823589765327966215816745869924008829491301906775424924,1756308484,2025-08-27 15:28:04,0.5
bitcoin-up-or-down-august-27-9pm-et,DOWN,88199961804963316989575823589765327966215816745869924008829491301906775424924,1756308543,2025-08-27 15:29:03,0.5
bitcoin-up-or-down-august-27-9pm-et,DOWN,88199961804963316989575823589765327966215816745869924008829491301906775424924,1756308617,2025-08-27 15:30:17,0.5
bitcoin-up-or-down-august-27-9pm-et,DOWN,88199961804963316989575823589765327966215816745869924008829491301906775424924,1756308663,2025-08-27 15:31:03,0.5
bitcoin-up-or-down-august-27-9pm-et,DOWN,88199961804963316989575823589765327966215816745869924008829491301906775424924,1756308723,2025-08-27 15:32:03,0.5
bitcoin-up-or-down-august-27-9pm-et,DOWN,88199961804963316989575823589765327966215816745869924008829491301906775424924,1756308784,2025-08-27 15:33:04,0.5
bitcoin-up-or-down-august-27-9pm-et,DOWN,88199961804963316989575823589765327966215816745869924008829491301906775424924,1756308843,2025-08-27 15:34:03,0.5
bitcoin-up-or-down-august-27-9pm-et,DOWN,88199961804963316989575823589765327966215816745869924008829491301906775424924,1756308903,2025-08-27 15:35:03,0.5
bitcoin-up-or-down-august-27-9pm-et,DOWN,88199961804963316989575823589765327966215816745869924008829491301906775424924,1756308963,2025-08-27 15:36:03,0.5
bitcoin-up-or-down-august-27-9pm-et,DOWN,88199961804963316989575823589765327966215816745869924008829491301906775424924,1756309022,2025-08-27 15:37:02,0.5
bitcoin-up-or-down-august-27-9pm-et,DOWN,88199961804963316989575823589765327966215816745869924008829491301906775424924,1756309083,2025-08-27 15:38:03,0.5
bitcoin-up-or-down-august-27-9pm-et,DOWN,88199961804963316989575823589765327966215816745869924008829491301906775424924,1756309143,2025-08-27 15:39:03,0.5
bitcoin-up-or-down-august-27-9pm-et,DOWN,88199961804963316989575823589765327966215816745869924008829491301906775424924,1756309210,2025-08-27 15:40:10,0.5
bitcoin-up-or-down-august-27-9pm-et,DOWN,88199961804963316989575823589765327966215816745869924008829491301906775424924,1756309262,2025-08-27 15:41:02,0.5
bitcoin-up-or-down-august-27-9pm-et,DOWN,88199961804963316989575823589765327966215816745869924008829491301906775424924,1756309324,2025-08-27 15:42:04,0.5
bitcoin-up-or-down-august-27-9pm-et,DOWN,88199961804963316989575823589765327966215816745869924008829491301906775424924,1756309383,2025-08-27 15:43:03,0.5
bitcoin-up-or-down-august-27-9pm-et,DOWN,88199961804963316989575823589765327966215816745869924008829491301906775424924,1756309444,2025-08-27 15:44:04,0.5
bitcoin-up-or-down-august-27-9pm-et,DOWN,88199961804963316989575823589765327966215816745869924008829491301906775424924,1756309514,2025-08-27 15:45:14,0.5
bitcoin-up-or-down-august-27-9pm-et,DOWN,88199961804963316989575823589765327966215816745869924008829491301906775424924,1756309562,2025-08-27 15:46:02,0.5
bitcoin-up-or-down-august-27-9pm-et,DOWN,88199961804963316989575823589765327966215816745869924008829491301906775424924,1756309622,2025-08-27 15:47:02,0.5
bitcoin-up-or-down-august-27-9pm-et,DOWN,88199961804963316989575823589765327966215816745869924008829491301906775424924,1756309682,2025-08-27 15:48:02,0.5
bitcoin-up-or-down-august-27-9pm-et,DOWN,88199961804963316989575823589765327966215816745869924008829491301906775424924,1756309743,2025-08-27 15:49:03,0.5
bitcoin-up-or-down-august-27-9pm-et,DOWN,88199961804963316989575823589765327966215816745869924008829491301906775424924,1756309813,2025-08-27 15:50:13,0.5
bitcoin-up-or-down-august-27-9pm-et,DOWN,88199961804963316989575823589765327966215816745869924008829491301906775424924,1756309864,2025-08-27 15:51:04,0.5
bitcoin-up-or-down-august-27-9pm-et,DOWN,88199961804963316989575823589765327966215816745869924008829491301906775424924,1756309923,2025-08-27 15:52:03,0.5
bitcoin-up-or-down-august-27-9pm-et,DOWN,88199961804963316989575823589765327966215816745869924008829491301906775424924,1756309983,2025-08-27 15:53:03,0.5
bitcoin-up-or-down-august-27-9pm-et,DOWN,88199961804963316989575823589765327966215816745869924008829491301906775424924,1756310042,2025-08-27 15:54:02,0.5
bitcoin-up-or-down-august-27-9pm-et,DOWN,88199961804963316989575823589765327966215816745869924008829491301906775424924,1756310113,2025-08-27 15:55:13,0.5
bitcoin-up-or-down-august-27-9pm-et,DOWN,88199961804963316989575823589765327966215816745869924008829491301906775424924,1756310162,2025-08-27 15:56:02,0.5
bitcoin-up-or-down-august-27-9pm-et,DOWN,88199961804963316989575823589765327966215816745869924008829491301906775424924,1756310223,2025-08-27 15:57:03,0.5
bitcoin-up-or-down-august-27-9pm-et,DOWN,88199961804963316989575823589765327966215816745869924008829491301906775424924,1756310282,2025-08-27 15:58:02,0.5
bitcoin-up-or-down-august-27-9pm-et,DOWN,88199961804963316989575823589765327966215816745869924008829491301906775424924,1756310342,2025-08-27 15:59:02,0.5
bitcoin-up-or-down-august-27-9pm-et,DOWN,88199961804963316989575823589765327966215816745869924008829491301906775424924,1756310407,2025-08-27 16:00:07,0.5
bitcoin-up-or-down-august-27-9pm-et,DOWN,88199961804963316989575823589765327966215816745869924008829491301906775424924,1756310463,2025-08-27 16:01:03,0.5
bitcoin-up-or-down-august-27-9pm-et,DOWN,88199961804963316989575823589765327966215816745869924008829491301906775424924,1756310522,2025-08-27 16:02:02,0.5
bitcoin-up-or-down-august-27-9pm-et,DOWN,88199961804963316989575823589765327966215816745869924008829491301906775424924,1756310582,2025-08-27 16:03:02,0.5
bitcoin-up-or-down-august-27-9pm-et,DOWN,88199961804963316989575823589765327966215816745869924008829491301906775424924,1756310642,2025-08-27 16:04:02,0.5
bitcoin-up-or-down-august-27-9pm-et,DOWN,88199961804963316989575823589765327966215816745869924008829491301906775424924,1756310705,2025-08-27 16:05:05,0.5
bitcoin-up-or-down-august-27-9pm-et,DOWN,88199961804963316989575823589765327966215816745869924008829491301906775424924,1756310777,2025-08-27 16:06:17,0.5
bitcoin-up-or-down-august-27-9pm-et,DOWN,88199961804963316989575823589765327966215816745869924008829491301906775424924,1756310822,2025-08-27 16:07:02,0.5
bitcoin-up-or-down-august-27-9pm-et,DOWN,88199961804963316989575823589765327966215816745869924008829491301906775424924,1756310882,2025-08-27 16:08:02,0.5
bitcoin-up-or-down-august-27-9pm-et,DOWN,88199961804963316989575823589765327966215816745869924008829491301906775424924,1756310944,2025-08-27 16:09:04,0.5
bitcoin-up-or-down-august-27-9pm-et,DOWN,88199961804963316989575823589765327966215816745869924008829491301906775424924,1756311015,2025-08-27 16:10:15,0.5
bitcoin-up-or-down-august-27-9pm-et,DOWN,88199961804963316989575823589765327966215816745869924008829491301906775424924,1756311063,2025-08-27 16:11:03,0.5
bitcoin-up-or-down-august-27-9pm-et,DOWN,88199961804963316989575823589765327966215816745869924008829491301906775424924,1756311122,2025-08-27 16:12:02,0.5
bitcoin-up-or-down-august-27-9pm-et,DOWN,88199961804963316989575823589765327966215816745869924008829491301906775424924,1756311183,2025-08-27 16:13:03,0.5
bitcoin-up-or-down-august-27-9pm-et,DOWN,88199961804963316989575823589765327966215816745869924008829491301906775424924,1756311243,2025-08-27 16:14:03,0.5
bitcoin-up-or-down-august-27-9pm-et,DOWN,88199961804963316989575823589765327966215816745869924008829491301906775424924,1756311314,2025-08-27 16:15:14,0.5
bitcoin-up-or-down-august-27-9pm-et,DOWN,88199961804963316989575823589765327966215816745869924008829491301906775424924,1756311364,2025-08-27 16:16:04,0.5
bitcoin-up-or-down-august-27-9pm-et,DOWN,88199961804963316989575823589765327966215816745869924008829491301906775424924,1756311423,2025-08-27 16:17:03,0.5
bitcoin-up-or-down-august-27-9pm-et,DOWN,88199961804963316989575823589765327966215816745869924008829491301906775424924,1756311483,2025-08-27 16:18:03,0.5
bitcoin-up-or-down-august-27-9pm-et,DOWN,88199961804963316989575823589765327966215816745869924008829491301906775424924,1756311542,2025-08-27 16:19:02,0.5
bitcoin-up-or-down-august-27-9pm-et,DOWN,88199961804963316989575823589765327966215816745869924008829491301906775424924,1756311602,2025-08-27 16:20:02,0.5
bitcoin-up-or-down-august-27-9pm-et,DOWN,88199961804963316989575823589765327966215816745869924008829491301906775424924,1756311663,2025-08-27 16:21:03,0.5
bitcoin-up-or-down-august-27-9pm-et,DOWN,88199961804963316989575823589765327966215816745869924008829491301906775424924,1756311724,2025-08-27 16:22:04,0.5
bitcoin-up-or-down-august-27-9pm-et,DOWN,88199961804963316989575823589765327966215816745869924008829491301906775424924,1756311783,2025-08-27 16:23:03,0.5
bitcoin-up-or-down-august-27-9pm-et,DOWN,88199961804963316989575823589765327966215816745869924008829491301906775424924,1756311844,2025-08-27 16:24:04,0.5
bitcoin-up-or-down-august-27-9pm-et,DOWN,88199961804963316989575823589765327966215816745869924008829491301906775424924,1756311902,2025-08-27 16:25:02,0.5
bitcoin-up-or-down-august-27-9pm-et,DOWN,88199961804963316989575823589765327966215816745869924008829491301906775424924,1756311963,2025-08-27 16:26:03,0.5
bitcoin-up-or-down-august-27-9pm-et,DOWN,88199961804963316989575823589765327966215816745869924008829491301906775424924,1756312024,2025-08-27 16:27:04,0.5
bitcoin-up-or-down-august-27-9pm-et,DOWN,88199961804963316989575823589765327966215816745869924008829491301906775424924,1756312082,2025-08-27 16:28:02,0.5
bitcoin-up-or-down-august-27-9pm-et,DOWN,88199961804963316989575823589765327966215816745869924008829491301906775424924,1756312142,2025-08-27 16:29:02,0.5
bitcoin-up-or-down-august-27-9pm-et,DOWN,88199961804963316989575823589765327966215816745869924008829491301906775424924,1756312210,2025-08-27 16:30:10,0.5
bitcoin-up-or-down-august-27-9pm-et,DOWN,88199961804963316989575823589765327966215816745869924008829491301906775424924,1756312263,2025-08-27 16:31:03,0.5
bitcoin-up-or-down-august-27-9pm-et,DOWN,88199961804963316989575823589765327966215816745869924008829491301906775424924,1756312322,2025-08-27 16:32:02,0.5
bitcoin-up-or-down-august-27-9pm-et,DOWN,88199961804963316989575823589765327966215816745869924008829491301906775424924,1756312384,2025-08-27 16:33:04,0.5
bitcoin-up-or-down-august-27-9pm-et,DOWN,88199961804963316989575823589765327966215816745869924008829491301906775424924,1756312444,2025-08-27 16:34:04,0.5
bitcoin-up-or-down-august-27-9pm-et,DOWN,88199961804963316989575823589765327966215816745869924008829491301906775424924,1756312508,2025-08-27 16:35:08,0.5
bitcoin-up-or-down-august-27-9pm-et,DOWN,88199961804963316989575823589765327966215816745869924008829491301906775424924,1756312562,2025-08-27 16:36:02,0.5
bitcoin-up-or-down-august-27-9pm-et,DOWN,88199961804963316989575823589765327966215816745869924008829491301906775424924,1756312623,2025-08-27 16:37:03,0.5
bitcoin-up-or-down-august-27-9pm-et,DOWN,88199961804963316989575823589765327966215816745869924008829491301906775424924,1756312684,2025-08-27 16:38:04,0.5
bitcoin-up-or-down-august-27-9pm-et,DOWN,88199961804963316989575823589765327966215816745869924008829491301906775424924,1756312742,2025-08-27 16:39:02,0.5
bitcoin-up-or-down-august-27-9pm-et,DOWN,88199961804963316989575823589765327966215816745869924008829491301906775424924,1756312818,2025-08-27 16:40:18,0.5
bitcoin-up-or-down-august-27-9pm-et,DOWN,88199961804963316989575823589765327966215816745869924008829491301906775424924,1756312863,2025-08-27 16:41:03,0.5
bitcoin-up-or-down-august-27-9pm-et,DOWN,88199961804963316989575823589765327966215816745869924008829491301906775424924,1756312923,2025-08-27 16:42:03,0.5
bitcoin-up-or-down-august-27-9pm-et,DOWN,88199961804963316989575823589765327966215816745869924008829491301906775424924,1756312984,2025-08-27 16:43:04,0.5
bitcoin-up-or-down-august-27-9pm-et,DOWN,88199961804963316989575823589765327966215816745869924008829491301906775424924,1756313043,2025-08-27 16:44:03,0.5
bitcoin-up-or-down-august-27-9pm-et,DOWN,88199961804963316989575823589765327966215816745869924008829491301906775424924,1756313114,2025-08-27 16:45:14,0.5
bitcoin-up-or-down-august-27-9pm-et,DOWN,88199961804963316989575823589765327966215816745869924008829491301906775424924,1756313162,2025-08-27 16:46:02,0.5
bitcoin-up-or-down-august-27-9pm-et,DOWN,88199961804963316989575823589765327966215816745869924008829491301906775424924,1756313223,2025-08-27 16:47:03,0.5
bitcoin-up-or-down-august-27-9pm-et,DOWN,88199961804963316989575823589765327966215816745869924008829491301906775424924,1756313283,2025-08-27 16:48:03,0.5
bitcoin-up-or-down-august-27-9pm-et,DOWN,88199961804963316989575823589765327966215816745869924008829491301906775424924,1756313343,2025-08-27 16:49:03,0.5
bitcoin-up-or-down-august-27-9pm-et,DOWN,88199961804963316989575823589765327966215816745869924008829491301906775424924,1756313414,2025-08-27 16:50:14,0.5
bitcoin-up-or-down-august-27-9pm-et,DOWN,88199961804963316989575823589765327966215816745869924008829491301906775424924,1756313463,2025-08-27 16:51:03,0.5
bitcoin-up-or-down-august-27-9pm-et,DOWN,88199961804963316989575823589765327966215816745869924008829491301906775424924,1756313523,2025-08-27 16:52:03,0.5
bitcoin-up-or-down-august-27-9pm-et,DOWN,88199961804963316989575823589765327966215816745869924008829491301906775424924,1756313582,2025-08-27 16:53:02,0.5
bitcoin-up-or-down-august-27-9pm-et,DOWN,88199961804963316989575823589765327966215816745869924008829491301906775424924,1756313644,2025-08-27 16:54:04,0.5
bitcoin-up-or-down-august-27-9pm-et,DOWN,88199961804963316989575823589765327966215816745869924008829491301906775424924,1756313716,2025-08-27 16:55:16,0.5
bitcoin-up-or-down-august-27-9pm-et,DOWN,88199961804963316989575823589765327966215816745869924008829491301906775424924,1756313762,2025-08-27 16:56:02,0.5
bitcoin-up-or-down-august-27-9pm-et,DOWN,88199961804963316989575823589765327966215816745869924008829491301906775424924,1756313822,2025-08-27 16:57:02,0.5
bitcoin-up-or-down-august-27-9pm-et,DOWN,88199961804963316989575823589765327966215816745869924008829491301906775424924,1756313882,2025-08-27 16:58:02,0.5
bitcoin-up-or-down-august-27-9pm-et,DOWN,88199961804963316989575823589765327966215816745869924008829491301906775424924,1756313943,2025-08-27 16:59:03,0.5
bitcoin-up-or-down-august-27-9pm-et,DOWN,88199961804963316989575823589765327966215816745869924008829491301906775424924,1756314018,2025-08-27 17:00:18,0.5
bitcoin-up-or-down-august-27-9pm-et,DOWN,88199961804963316989575823589765327966215816745869924008829491301906775424924,1756314062,2025-08-27 17:01:02,0.5
bitcoin-up-or-down-august-27-9pm-et,DOWN,88199961804963316989575823589765327966215816745869924008829491301906775424924,1756314125,2025-08-27 17:02:05,0.5
bitcoin-up-or-down-august-27-9pm-et,DOWN,88199961804963316989575823589765327966215816745869924008829491301906775424924,1756314184,2025-08-27 17:03:04,0.5
bitcoin-up-or-down-august-27-9pm-et,DOWN,88199961804963316989575823589765327966215816745869924008829491301906775424924,1756314244,2025-08-27 17:04:04,0.5
bitcoin-up-or-down-august-27-9pm-et,DOWN,88199961804963316989575823589765327966215816745869924008829491301906775424924,1756314307,2025-08-27 17:05:07,0.5
bitcoin-up-or-down-august-27-9pm-et,DOWN,88199961804963316989575823589765327966215816745869924008829491301906775424924,1756314362,2025-08-27 17:06:02,0.5
bitcoin-up-or-down-august-27-9pm-et,DOWN,88199961804963316989575823589765327966215816745869924008829491301906775424924,1756314422,2025-08-27 17:07:02,0.5
bitcoin-up-or-down-august-27-9pm-et,DOWN,88199961804963316989575823589765327966215816745869924008829491301906775424924,1756314483,2025-08-27 17:08:03,0.5
bitcoin-up-or-down-august-27-9pm-et,DOWN,88199961804963316989575823589765327966215816745869924008829491301906775424924,1756314544,2025-08-27 17:09:04,0.5
bitcoin-up-or-down-august-27-9pm-et,DOWN,88199961804963316989575823589765327966215816745869924008829491301906775424924,1756314610,2025-08-27 17:10:10,0.5
bitcoin-up-or-down-august-27-9pm-et,DOWN,88199961804963316989575823589765327966215816745869924008829491301906775424924,1756314663,2025-08-27 17:11:03,0.5
bitcoin-up-or-down-august-27-9pm-et,DOWN,88199961804963316989575823589765327966215816745869924008829491301906775424924,1756314723,2025-08-27 17:12:03,0.5
bitcoin-up-or-down-august-27-9pm-et,DOWN,88199961804963316989575823589765327966215816745869924008829491301906775424924,1756314782,2025-08-27 17:13:02,0.5
bitcoin-up-or-down-august-27-9pm-et,DOWN,88199961804963316989575823589765327966215816745869924008829491301906775424924,1756314842,2025-08-27 17:14:02,0.5
bitcoin-up-or-down-august-27-9pm-et,DOWN,88199961804963316989575823589765327966215816745869924008829491301906775424924,1756314912,2025-08-27 17:15:12,0.5
bitcoin-up-or-down-august-27-9pm-et,DOWN,88199961804963316989575823589765327966215816745869924008829491301906775424924,1756314963,2025-08-27 17:16:03,0.5
bitcoin-up-or-down-august-27-9pm-et,DOWN,88199961804963316989575823589765327966215816745869924008829491301906775424924,1756315023,2025-08-27 17:17:03,0.5
bitcoin-up-or-down-august-27-9pm-et,DOWN,88199961804963316989575823589765327966215816745869924008829491301906775424924,1756315082,2025-08-27 17:18:02,0.5
bitcoin-up-or-down-august-27-9pm-et,DOWN,88199961804963316989575823589765327966215816745869924008829491301906775424924,1756315142,2025-08-27 17:19:02,0.5
bitcoin-up-or-down-august-27-9pm-et,DOWN,88199961804963316989575823589765327966215816745869924008829491301906775424924,1756315202,2025-08-27 17:20:02,0.5
bitcoin-up-or-down-august-27-9pm-et,DOWN,88199961804963316989575823589765327966215816745869924008829491301906775424924,1756315262,2025-08-27 17:21:02,0.5
bitcoin-up-or-down-august-27-9pm-et,DOWN,88199961804963316989575823589765327966215816745869924008829491301906775424924,1756315322,2025-08-27 17:22:02,0.5
bitcoin-up-or-down-august-27-9pm-et,DOWN,88199961804963316989575823589765327966215816745869924008829491301906775424924,1756315383,2025-08-27 17:23:03,0.5
bitcoin-up-or-down-august-27-9pm-et,DOWN,88199961804963316989575823589765327966215816745869924008829491301906775424924,1756315442,2025-08-27 17:24:02,0.5
bitcoin-up-or-down-august-27-9pm-et,DOWN,88199961804963316989575823589765327966215816745869924008829491301906775424924,1756315503,2025-08-27 17:25:03,0.5
bitcoin-up-or-down-august-27-9pm-et,DOWN,88199961804963316989575823589765327966215816745869924008829491301906775424924,1756315563,2025-08-27 17:26:03,0.5
bitcoin-up-or-down-august-27-9pm-et,DOWN,88199961804963316989575823589765327966215816745869924008829491301906775424924,1756315623,2025-08-27 17:27:03,0.5
bitcoin-up-or-down-august-27-9pm-et,DOWN,88199961804963316989575823589765327966215816745869924008829491301906775424924,1756315682,2025-08-27 17:28:02,0.5
bitcoin-up-or-down-august-27-9pm-et,DOWN,88199961804963316989575823589765327966215816745869924008829491301906775424924,1756315743,2025-08-27 17:29:03,0.5
bitcoin-up-or-down-august-27-9pm-et,DOWN,88199961804963316989575823589765327966215816745869924008829491301906775424924,1756315810,2025-08-27 17:30:10,0.5
bitcoin-up-or-down-august-27-9pm-et,DOWN,88199961804963316989575823589765327966215816745869924008829491301906775424924,1756315862,2025-08-27 17:31:02,0.5
bitcoin-up-or-down-august-27-9pm-et,DOWN,88199961804963316989575823589765327966215816745869924008829491301906775424924,1756315923,2025-08-27 17:32:03,0.5
bitcoin-up-or-down-august-27-9pm-et,DOWN,88199961804963316989575823589765327966215816745869924008829491301906775424924,1756315983,2025-08-27 17:33:03,0.5
bitcoin-up-or-down-august-27-9pm-et,DOWN,88199961804963316989575823589765327966215816745869924008829491301906775424924,1756316042,2025-08-27 17:34:02,0.5
bitcoin-up-or-down-august-27-9pm-et,DOWN,88199961804963316989575823589765327966215816745869924008829491301906775424924,1756316103,2025-08-27 17:35:03,0.5
bitcoin-up-or-down-august-27-9pm-et,DOWN,88199961804963316989575823589765327966215816745869924008829491301906775424924,1756316164,2025-08-27 17:36:04,0.5
bitcoin-up-or-down-august-27-9pm-et,DOWN,88199961804963316989575823589765327966215816745869924008829491301906775424924,1756316222,2025-08-27 17:37:02,0.5
bitcoin-up-or-down-august-27-9pm-et,DOWN,88199961804963316989575823589765327966215816745869924008829491301906775424924,1756316284,2025-08-27 17:38:04,0.5
bitcoin-up-or-down-august-27-9pm-et,DOWN,88199961804963316989575823589765327966215816745869924008829491301906775424924,1756316344,2025-08-27 17:39:04,0.5
bitcoin-up-or-down-august-27-9pm-et,DOWN,88199961804963316989575823589765327966215816745869924008829491301906775424924,1756316405,2025-08-27 17:40:05,0.5
bitcoin-up-or-down-august-27-9pm-et,DOWN,88199961804963316989575823589765327966215816745869924008829491301906775424924,1756316463,2025-08-27 17:41:03,0.5
bitcoin-up-or-down-august-27-9pm-et,DOWN,88199961804963316989575823589765327966215816745869924008829491301906775424924,1756316522,2025-08-27 17:42:02,0.5
bitcoin-up-or-down-august-27-9pm-et,DOWN,88199961804963316989575823589765327966215816745869924008829491301906775424924,1756316582,2025-08-27 17:43:02,0.5
bitcoin-up-or-down-august-27-9pm-et,DOWN,88199961804963316989575823589765327966215816745869924008829491301906775424924,1756316642,2025-08-27 17:44:02,0.5
bitcoin-up-or-down-august-27-9pm-et,DOWN,88199961804963316989575823589765327966215816745869924008829491301906775424924,1756316714,2025-08-27 17:45:14,0.5
bitcoin-up-or-down-august-27-9pm-et,DOWN,88199961804963316989575823589765327966215816745869924008829491301906775424924,1756316764,2025-08-27 17:46:04,0.5
bitcoin-up-or-down-august-27-9pm-et,DOWN,88199961804963316989575823589765327966215816745869924008829491301906775424924,1756316822,2025-08-27 17:47:02,0.5
bitcoin-up-or-down-august-27-9pm-et,DOWN,88199961804963316989575823589765327966215816745869924008829491301906775424924,1756316882,2025-08-27 17:48:02,0.5
bitcoin-up-or-down-august-27-9pm-et,DOWN,88199961804963316989575823589765327966215816745869924008829491301906775424924,1756316944,2025-08-27 17:49:04,0.5
bitcoin-up-or-down-august-27-9pm-et,DOWN,88199961804963316989575823589765327966215816745869924008829491301906775424924,1756317002,2025-08-27 17:50:02,0.5
bitcoin-up-or-down-august-27-9pm-et,DOWN,88199961804963316989575823589765327966215816745869924008829491301906775424924,1756317063,2025-08-27 17:51:03,0.5
bitcoin-up-or-down-august-27-9pm-et,DOWN,88199961804963316989575823589765327966215816745869924008829491301906775424924,1756317123,2025-08-27 17:52:03,0.5
bitcoin-up-or-down-august-27-9pm-et,DOWN,88199961804963316989575823589765327966215816745869924008829491301906775424924,1756317182,2025-08-27 17:53:02,0.5
bitcoin-up-or-down-august-27-9pm-et,DOWN,88199961804963316989575823589765327966215816745869924008829491301906775424924,1756317243,2025-08-27 17:54:03,0.5
bitcoin-up-or-down-august-27-9pm-et,DOWN,88199961804963316989575823589765327966215816745869924008829491301906775424924,1756317316,2025-08-27 17:55:16,0.5
bitcoin-up-or-down-august-27-9pm-et,DOWN,88199961804963316989575823589765327966215816745869924008829491301906775424924,1756317363,2025-08-27 17:56:03,0.5
bitcoin-up-or-down-august-27-9pm-et,DOWN,88199961804963316989575823589765327966215816745869924008829491301906775424924,1756317423,2025-08-27 17:57:03,0.5
bitcoin-up-or-down-august-27-9pm-et,DOWN,88199961804963316989575823589765327966215816745869924008829491301906775424924,1756317484,2025-08-27 17:58:04,0.5
bitcoin-up-or-down-august-27-9pm-et,DOWN,88199961804963316989575823589765327966215816745869924008829491301906775424924,1756317543,2025-08-27 17:59:03,0.5
bitcoin-up-or-down-august-27-9pm-et,DOWN,88199961804963316989575823589765327966215816745869924008829491301906775424924,1756317621,2025-08-27 18:00:21,0.5
bitcoin-up-or-down-august-27-9pm-et,DOWN,88199961804963316989575823589765327966215816745869924008829491301906775424924,1756317662,2025-08-27 18:01:02,0.5
bitcoin-up-or-down-august-27-9pm-et,DOWN,88199961804963316989575823589765327966215816745869924008829491301906775424924,1756317724,2025-08-27 18:02:04,0.5
bitcoin-up-or-down-august-27-9pm-et,DOWN,88199961804963316989575823589765327966215816745869924008829491301906775424924,1756317783,2025-08-27 18:03:03,0.5
bitcoin-up-or-down-august-27-9pm-et,DOWN,88199961804963316989575823589765327966215816745869924008829491301906775424924,1756317842,2025-08-27 18:04:02,0.5
bitcoin-up-or-down-august-27-9pm-et,DOWN,88199961804963316989575823589765327966215816745869924008829491301906775424924,1756317914,2025-08-27 18:05:14,0.5
bitcoin-up-or-down-august-27-9pm-et,DOWN,88199961804963316989575823589765327966215816745869924008829491301906775424924,1756317962,2025-08-27 18:06:02,0.5
bitcoin-up-or-down-august-27-9pm-et,DOWN,88199961804963316989575823589765327966215816745869924008829491301906775424924,1756318023,2025-08-27 18:07:03,0.5
bitcoin-up-or-down-august-27-9pm-et,DOWN,88199961804963316989575823589765327966215816745869924008829491301906775424924,1756318082,2025-08-27 18:08:02,0.5
bitcoin-up-or-down-august-27-9pm-et,DOWN,88199961804963316989575823589765327966215816745869924008829491301906775424924,1756318143,2025-08-27 18:09:03,0.5
bitcoin-up-or-down-august-27-9pm-et,DOWN,88199961804963316989575823589765327966215816745869924008829491301906775424924,1756318215,2025-08-27 18:10:15,0.5
bitcoin-up-or-down-august-27-9pm-et,DOWN,88199961804963316989575823589765327966215816745869924008829491301906775424924,1756318262,2025-08-27 18:11:02,0.5
bitcoin-up-or-down-august-27-9pm-et,DOWN,88199961804963316989575823589765327966215816745869924008829491301906775424924,1756318322,2025-08-27 18:12:02,0.5
bitcoin-up-or-down-august-27-9pm-et,DOWN,88199961804963316989575823589765327966215816745869924008829491301906775424924,1756318382,2025-08-27 18:13:02,0.5
bitcoin-up-or-down-august-27-9pm-et,DOWN,88199961804963316989575823589765327966215816745869924008829491301906775424924,1756318442,2025-08-27 18:14:02,0.5
bitcoin-up-or-down-august-27-9pm-et,DOWN,88199961804963316989575823589765327966215816745869924008829491301906775424924,1756318513,2025-08-27 18:15:13,0.5
bitcoin-up-or-down-august-27-9pm-et,DOWN,88199961804963316989575823589765327966215816745869924008829491301906775424924,1756318562,2025-08-27 18:16:02,0.5
bitcoin-up-or-down-august-27-9pm-et,DOWN,88199961804963316989575823589765327966215816745869924008829491301906775424924,1756318624,2025-08-27 18:17:04,0.5
bitcoin-up-or-down-august-27-9pm-et,DOWN,88199961804963316989575823589765327966215816745869924008829491301906775424924,1756318683,2025-08-27 18:18:03,0.5
bitcoin-up-or-down-august-27-9pm-et,DOWN,88199961804963316989575823589765327966215816745869924008829491301906775424924,1756318744,2025-08-27 18:19:04,0.5
bitcoin-up-or-down-august-27-9pm-et,DOWN,88199961804963316989575823589765327966215816745869924008829491301906775424924,1756318805,2025-08-27 18:20:05,0.5
bitcoin-up-or-down-august-27-9pm-et,DOWN,88199961804963316989575823589765327966215816745869924008829491301906775424924,1756318863,2025-08-27 18:21:03,0.5
bitcoin-up-or-down-august-27-9pm-et,DOWN,88199961804963316989575823589765327966215816745869924008829491301906775424924,1756318922,2025-08-27 18:22:02,0.5
bitcoin-up-or-down-august-27-9pm-et,DOWN,88199961804963316989575823589765327966215816745869924008829491301906775424924,1756318983,2025-08-27 18:23:03,0.5
bitcoin-up-or-down-august-27-9pm-et,DOWN,88199961804963316989575823589765327966215816745869924008829491301906775424924,1756319043,2025-08-27 18:24:03,0.5
bitcoin-up-or-down-august-27-9pm-et,DOWN,88199961804963316989575823589765327966215816745869924008829491301906775424924,1756319106,2025-08-27 18:25:06,0.5
bitcoin-up-or-down-august-27-9pm-et,DOWN,88199961804963316989575823589765327966215816745869924008829491301906775424924,1756319163,2025-08-27 18:26:03,0.5
bitcoin-up-or-down-august-27-9pm-et,DOWN,88199961804963316989575823589765327966215816745869924008829491301906775424924,1756319223,2025-08-27 18:27:03,0.5
bitcoin-up-or-down-august-27-9pm-et,DOWN,88199961804963316989575823589765327966215816745869924008829491301906775424924,1756319282,2025-08-27 18:28:02,0.5
bitcoin-up-or-down-august-27-9pm-et,DOWN,88199961804963316989575823589765327966215816745869924008829491301906775424924,1756319342,2025-08-27 18:29:02,0.5
bitcoin-up-or-down-august-27-9pm-et,DOWN,88199961804963316989575823589765327966215816745869924008829491301906775424924,1756319410,2025-08-27 18:30:10,0.5
bitcoin-up-or-down-august-27-9pm-et,DOWN,88199961804963316989575823589765327966215816745869924008829491301906775424924,1756319463,2025-08-27 18:31:03,0.5
bitcoin-up-or-down-august-27-9pm-et,DOWN,88199961804963316989575823589765327966215816745869924008829491301906775424924,1756319523,2025-08-27 18:32:03,0.5
bitcoin-up-or-down-august-27-9pm-et,DOWN,88199961804963316989575823589765327966215816745869924008829491301906775424924,1756319582,2025-08-27 18:33:02,0.5
bitcoin-up-or-down-august-27-9pm-et,DOWN,88199961804963316989575823589765327966215816745869924008829491301906775424924,1756319642,2025-08-27 18:34:02,0.5
bitcoin-up-or-down-august-27-9pm-et,DOWN,88199961804963316989575823589765327966215816745869924008829491301906775424924,1756319718,2025-08-27 18:35:18,0.5
bitcoin-up-or-down-august-27-9pm-et,DOWN,88199961804963316989575823589765327966215816745869924008829491301906775424924,1756319762,2025-08-27 18:36:02,0.5
bitcoin-up-or-down-august-27-9pm-et,DOWN,88199961804963316989575823589765327966215816745869924008829491301906775424924,1756319822,2025-08-27 18:37:02,0.5
bitcoin-up-or-down-august-27-9pm-et,DOWN,88199961804963316989575823589765327966215816745869924008829491301906775424924,1756319883,2025-08-27 18:38:03,0.5
bitcoin-up-or-down-august-27-9pm-et,DOWN,88199961804963316989575823589765327966215816745869924008829491301906775424924,1756319943,2025-08-27 18:39:03,0.5
bitcoin-up-or-down-august-27-9pm-et,DOWN,88199961804963316989575823589765327966215816745869924008829491301906775424924,1756320008,2025-08-27 18:40:08,0.5
bitcoin-up-or-down-august-27-9pm-et,DOWN,88199961804963316989575823589765327966215816745869924008829491301906775424924,1756320064,2025-08-27 18:41:04,0.5
bitcoin-up-or-down-august-27-9pm-et,DOWN,88199961804963316989575823589765327966215816745869924008829491301906775424924,1756320123,2025-08-27 18:42:03,0.5
bitcoin-up-or-down-august-27-9pm-et,DOWN,88199961804963316989575823589765327966215816745869924008829491301906775424924,1756320182,2025-08-27 18:43:02,0.5
bitcoin-up-or-down-august-27-9pm-et,DOWN,88199961804963316989575823589765327966215816745869924008829491301906775424924,1756320244,2025-08-27 18:44:04,0.5
bitcoin-up-or-down-august-27-9pm-et,DOWN,88199961804963316989575823589765327966215816745869924008829491301906775424924,1756320308,2025-08-27 18:45:08,0.5
bitcoin-up-or-down-august-27-9pm-et,DOWN,88199961804963316989575823589765327966215816745869924008829491301906775424924,1756320362,2025-08-27 18:46:02,0.5
bitcoin-up-or-down-august-27-9pm-et,DOWN,88199961804963316989575823589765327966215816745869924008829491301906775424924,1756320424,2025-08-27 18:47:04,0.5
bitcoin-up-or-down-august-27-9pm-et,DOWN,88199961804963316989575823589765327966215816745869924008829491301906775424924,1756320483,2025-08-27 18:48:03,0.5
bitcoin-up-or-down-august-27-9pm-et,DOWN,88199961804963316989575823589765327966215816745869924008829491301906775424924,1756320542,2025-08-27 18:49:02,0.5
bitcoin-up-or-down-august-27-9pm-et,DOWN,88199961804963316989575823589765327966215816745869924008829491301906775424924,1756320606,2025-08-27 18:50:06,0.5
bitcoin-up-or-down-august-27-9pm-et,DOWN,88199961804963316989575823589765327966215816745869924008829491301906775424924,1756320662,2025-08-27 18:51:02,0.5
bitcoin-up-or-down-august-27-9pm-et,DOWN,88199961804963316989575823589765327966215816745869924008829491301906775424924,1756320723,2025-08-27 18:52:03,0.5
bitcoin-up-or-down-august-27-9pm-et,DOWN,88199961804963316989575823589765327966215816745869924008829491301906775424924,1756320783,2025-08-27 18:53:03,0.5
bitcoin-up-or-down-august-27-9pm-et,DOWN,88199961804963316989575823589765327966215816745869924008829491301906775424924,1756320844,2025-08-27 18:54:04,0.5
bitcoin-up-or-down-august-27-9pm-et,DOWN,88199961804963316989575823589765327966215816745869924008829491301906775424924,1756320908,2025-08-27 18:55:08,0.5
bitcoin-up-or-down-august-27-9pm-et,DOWN,88199961804963316989575823589765327966215816745869924008829491301906775424924,1756320962,2025-08-27 18:56:02,0.5
bitcoin-up-or-down-august-27-9pm-et,DOWN,88199961804963316989575823589765327966215816745869924008829491301906775424924,1756321022,2025-08-27 18:57:02,0.5
bitcoin-up-or-down-august-27-9pm-et,DOWN,88199961804963316989575823589765327966215816745869924008829491301906775424924,1756321082,2025-08-27 18:58:02,0.5
bitcoin-up-or-down-august-27-9pm-et,DOWN,88199961804963316989575823589765327966215816745869924008829491301906775424924,1756321143,2025-08-27 18:59:03,0.5
bitcoin-up-or-down-august-27-9pm-et,DOWN,88199961804963316989575823589765327966215816745869924008829491301906775424924,1756321216,2025-08-27 19:00:16,0.5
bitcoin-up-or-down-august-27-9pm-et,DOWN,88199961804963316989575823589765327966215816745869924008829491301906775424924,1756321263,2025-08-27 19:01:03,0.5
bitcoin-up-or-down-august-27-9pm-et,DOWN,88199961804963316989575823589765327966215816745869924008829491301906775424924,1756321322,2025-08-27 19:02:02,0.5
bitcoin-up-or-down-august-27-9pm-et,DOWN,88199961804963316989575823589765327966215816745869924008829491301906775424924,1756321382,2025-08-27 19:03:02,0.5
bitcoin-up-or-down-august-27-9pm-et,DOWN,88199961804963316989575823589765327966215816745869924008829491301906775424924,1756321444,2025-08-27 19:04:04,0.5
bitcoin-up-or-down-august-27-9pm-et,DOWN,88199961804963316989575823589765327966215816745869924008829491301906775424924,1756321515,2025-08-27 19:05:15,0.5
bitcoin-up-or-down-august-27-9pm-et,DOWN,88199961804963316989575823589765327966215816745869924008829491301906775424924,1756321562,2025-08-27 19:06:02,0.5
bitcoin-up-or-down-august-27-9pm-et,DOWN,88199961804963316989575823589765327966215816745869924008829491301906775424924,1756321622,2025-08-27 19:07:02,0.5
bitcoin-up-or-down-august-27-9pm-et,DOWN,88199961804963316989575823589765327966215816745869924008829491301906775424924,1756321683,2025-08-27 19:08:03,0.5
bitcoin-up-or-down-august-27-9pm-et,DOWN,88199961804963316989575823589765327966215816745869924008829491301906775424924,1756321743,2025-08-27 19:09:03,0.5
bitcoin-up-or-down-august-27-9pm-et,DOWN,88199961804963316989575823589765327966215816745869924008829491301906775424924,1756321808,2025-08-27 19:10:08,0.5
bitcoin-up-or-down-august-27-9pm-et,DOWN,88199961804963316989575823589765327966215816745869924008829491301906775424924,1756321863,2025-08-27 19:11:03,0.5
bitcoin-up-or-down-august-27-9pm-et,DOWN,88199961804963316989575823589765327966215816745869924008829491301906775424924,1756321923,2025-08-27 19:12:03,0.5
bitcoin-up-or-down-august-27-9pm-et,DOWN,88199961804963316989575823589765327966215816745869924008829491301906775424924,1756321982,2025-08-27 19:13:02,0.5
bitcoin-up-or-down-august-27-9pm-et,DOWN,88199961804963316989575823589765327966215816745869924008829491301906775424924,1756322043,2025-08-27 19:14:03,0.5
bitcoin-up-or-down-august-27-9pm-et,DOWN,88199961804963316989575823589765327966215816745869924008829491301906775424924,1756322117,2025-08-27 19:15:17,0.5
bitcoin-up-or-down-august-27-9pm-et,DOWN,88199961804963316989575823589765327966215816745869924008829491301906775424924,1756322162,2025-08-27 19:16:02,0.5
bitcoin-up-or-down-august-27-9pm-et,DOWN,88199961804963316989575823589765327966215816745869924008829491301906775424924,1756322222,2025-08-27 19:17:02,0.505
bitcoin-up-or-down-august-27-9pm-et,DOWN,88199961804963316989575823589765327966215816745869924008829491301906775424924,1756322282,2025-08-27 19:18:02,0.505
bitcoin-up-or-down-august-27-9pm-et,DOWN,88199961804963316989575823589765327966215816745869924008829491301906775424924,1756322343,2025-08-27 19:19:03,0.505
bitcoin-up-or-down-august-27-9pm-et,DOWN,88199961804963316989575823589765327966215816745869924008829491301906775424924,1756322416,2025-08-27 19:20:16,0.505
bitcoin-up-or-down-august-27-9pm-et,DOWN,88199961804963316989575823589765327966215816745869924008829491301906775424924,1756322463,2025-08-27 19:21:03,0.505
bitcoin-up-or-down-august-27-9pm-et,DOWN,88199961804963316989575823589765327966215816745869924008829491301906775424924,1756322523,2025-08-27 19:22:03,0.505
bitcoin-up-or-down-august-27-9pm-et,DOWN,88199961804963316989575823589765327966215816745869924008829491301906775424924,1756322583,2025-08-27 19:23:03,0.505
bitcoin-up-or-down-august-27-9pm-et,DOWN,88199961804963316989575823589765327966215816745869924008829491301906775424924,1756322643,2025-08-27 19:24:03,0.505
bitcoin-up-or-down-august-27-9pm-et,DOWN,88199961804963316989575823589765327966215816745869924008829491301906775424924,1756322706,2025-08-27 19:25:06,0.505
bitcoin-up-or-down-august-27-9pm-et,DOWN,88199961804963316989575823589765327966215816745869924008829491301906775424924,1756322763,2025-08-27 19:26:03,0.505
bitcoin-up-or-down-august-27-9pm-et,DOWN,88199961804963316989575823589765327966215816745869924008829491301906775424924,1756322822,2025-08-27 19:27:02,0.505
bitcoin-up-or-down-august-27-9pm-et,DOWN,88199961804963316989575823589765327966215816745869924008829491301906775424924,1756322883,2025-08-27 19:28:03,0.505
bitcoin-up-or-down-august-27-9pm-et,DOWN,88199961804963316989575823589765327966215816745869924008829491301906775424924,1756322942,2025-08-27 19:29:02,0.505
bitcoin-up-or-down-august-27-9pm-et,DOWN,88199961804963316989575823589765327966215816745869924008829491301906775424924,1756323005,2025-08-27 19:30:05,0.505
bitcoin-up-or-down-august-27-9pm-et,DOWN,88199961804963316989575823589765327966215816745869924008829491301906775424924,1756323062,2025-08-27 19:31:02,0.505
bitcoin-up-or-down-august-27-9pm-et,DOWN,88199961804963316989575823589765327966215816745869924008829491301906775424924,1756323124,2025-08-27 19:32:04,0.505
bitcoin-up-or-down-august-27-9pm-et,DOWN,88199961804963316989575823589765327966215816745869924008829491301906775424924,1756323183,2025-08-27 19:33:03,0.505
bitcoin-up-or-down-august-27-9pm-et,DOWN,88199961804963316989575823589765327966215816745869924008829491301906775424924,1756323243,2025-08-27 19:34:03,0.505
bitcoin-up-or-down-august-27-9pm-et,DOWN,88199961804963316989575823589765327966215816745869924008829491301906775424924,1756323307,2025-08-27 19:35:07,0.505
bitcoin-up-or-down-august-27-9pm-et,DOWN,88199961804963316989575823589765327966215816745869924008829491301906775424924,1756323362,2025-08-27 19:36:02,0.505
bitcoin-up-or-down-august-27-9pm-et,DOWN,88199961804963316989575823589765327966215816745869924008829491301906775424924,1756323423,2025-08-27 19:37:03,0.505
bitcoin-up-or-down-august-27-9pm-et,DOWN,88199961804963316989575823589765327966215816745869924008829491301906775424924,1756323484,2025-08-27 19:38:04,0.505
bitcoin-up-or-down-august-27-9pm-et,DOWN,88199961804963316989575823589765327966215816745869924008829491301906775424924,1756323542,2025-08-27 19:39:02,0.505
bitcoin-up-or-down-august-27-9pm-et,DOWN,88199961804963316989575823589765327966215816745869924008829491301906775424924,1756323606,2025-08-27 19:40:06,0.505
bitcoin-up-or-down-august-27-9pm-et,DOWN,88199961804963316989575823589765327966215816745869924008829491301906775424924,1756323664,2025-08-27 19:41:04,0.505
bitcoin-up-or-down-august-27-9pm-et,DOWN,88199961804963316989575823589765327966215816745869924008829491301906775424924,1756323723,2025-08-27 19:42:03,0.505
bitcoin-up-or-down-august-27-9pm-et,DOWN,88199961804963316989575823589765327966215816745869924008829491301906775424924,1756323783,2025-08-27 19:43:03,0.505
bitcoin-up-or-down-august-27-9pm-et,DOWN,88199961804963316989575823589765327966215816745869924008829491301906775424924,1756323842,2025-08-27 19:44:02,0.505
bitcoin-up-or-down-august-27-9pm-et,DOWN,88199961804963316989575823589765327966215816745869924008829491301906775424924,1756323907,2025-08-27 19:45:07,0.505
bitcoin-up-or-down-august-27-9pm-et,DOWN,88199961804963316989575823589765327966215816745869924008829491301906775424924,1756323963,2025-08-27 19:46:03,0.505
bitcoin-up-or-down-august-27-9pm-et,DOWN,88199961804963316989575823589765327966215816745869924008829491301906775424924,1756324023,2025-08-27 19:47:03,0.505
bitcoin-up-or-down-august-27-9pm-et,DOWN,88199961804963316989575823589765327966215816745869924008829491301906775424924,1756324083,2025-08-27 19:48:03,0.505
bitcoin-up-or-down-august-27-9pm-et,DOWN,88199961804963316989575823589765327966215816745869924008829491301906775424924,1756324142,2025-08-27 19:49:02,0.505
bitcoin-up-or-down-august-27-9pm-et,DOWN,88199961804963316989575823589765327966215816745869924008829491301906775424924,1756324202,2025-08-27 19:50:02,0.505
bitcoin-up-or-down-august-27-9pm-et,DOWN,88199961804963316989575823589765327966215816745869924008829491301906775424924,1756324263,2025-08-27 19:51:03,0.505
bitcoin-up-or-down-august-27-9pm-et,DOWN,88199961804963316989575823589765327966215816745869924008829491301906775424924,1756324323,2025-08-27 19:52:03,0.505
bitcoin-up-or-down-august-27-9pm-et,DOWN,88199961804963316989575823589765327966215816745869924008829491301906775424924,1756324382,2025-08-27 19:53:02,0.505
bitcoin-up-or-down-august-27-9pm-et,DOWN,88199961804963316989575823589765327966215816745869924008829491301906775424924,1756324444,2025-08-27 19:54:04,0.505
bitcoin-up-or-down-august-27-9pm-et,DOWN,88199961804963316989575823589765327966215816745869924008829491301906775424924,1756324516,2025-08-27 19:55:16,0.505
bitcoin-up-or-down-august-27-9pm-et,DOWN,88199961804963316989575823589765327966215816745869924008829491301906775424924,1756324563,2025-08-27 19:56:03,0.505
bitcoin-up-or-down-august-27-9pm-et,DOWN,88199961804963316989575823589765327966215816745869924008829491301906775424924,1756324624,2025-08-27 19:57:04,0.505
bitcoin-up-or-down-august-27-9pm-et,DOWN,88199961804963316989575823589765327966215816745869924008829491301906775424924,1756324682,2025-08-27 19:58:02,0.505
bitcoin-up-or-down-august-27-9pm-et,DOWN,88199961804963316989575823589765327966215816745869924008829491301906775424924,1756324744,2025-08-27 19:59:04,0.505
bitcoin-up-or-down-august-27-9pm-et,DOWN,88199961804963316989575823589765327966215816745869924008829491301906775424924,1756324817,2025-08-27 20:00:17,0.505
bitcoin-up-or-down-august-27-9pm-et,DOWN,88199961804963316989575823589765327966215816745869924008829491301906775424924,1756324862,2025-08-27 20:01:02,0.505
bitcoin-up-or-down-august-27-9pm-et,DOWN,88199961804963316989575823589765327966215816745869924008829491301906775424924,1756324922,2025-08-27 20:02:02,0.505
bitcoin-up-or-down-august-27-9pm-et,DOWN,88199961804963316989575823589765327966215816745869924008829491301906775424924,1756324984,2025-08-27 20:03:04,0.505
bitcoin-up-or-down-august-27-9pm-et,DOWN,88199961804963316989575823589765327966215816745869924008829491301906775424924,1756325043,2025-08-27 20:04:03,0.505
bitcoin-up-or-down-august-27-9pm-et,DOWN,88199961804963316989575823589765327966215816745869924008829491301906775424924,1756325114,2025-08-27 20:05:14,0.505
bitcoin-up-or-down-august-27-9pm-et,DOWN,88199961804963316989575823589765327966215816745869924008829491301906775424924,1756325163,2025-08-27 20:06:03,0.505
bitcoin-up-or-down-august-27-9pm-et,DOWN,88199961804963316989575823589765327966215816745869924008829491301906775424924,1756325222,2025-08-27 20:07:02,0.505
bitcoin-up-or-down-august-27-9pm-et,DOWN,88199961804963316989575823589765327966215816745869924008829491301906775424924,1756325282,2025-08-27 20:08:02,0.505
bitcoin-up-or-down-august-27-9pm-et,DOWN,88199961804963316989575823589765327966215816745869924008829491301906775424924,1756325343,2025-08-27 20:09:03,0.505
bitcoin-up-or-down-august-27-9pm-et,DOWN,88199961804963316989575823589765327966215816745869924008829491301906775424924,1756325407,2025-08-27 20:10:07,0.505
bitcoin-up-or-down-august-27-9pm-et,DOWN,88199961804963316989575823589765327966215816745869924008829491301906775424924,1756325463,2025-08-27 20:11:03,0.505
bitcoin-up-or-down-august-27-9pm-et,DOWN,88199961804963316989575823589765327966215816745869924008829491301906775424924,1756325522,2025-08-27 20:12:02,0.505
bitcoin-up-or-down-august-27-9pm-et,DOWN,88199961804963316989575823589765327966215816745869924008829491301906775424924,1756325584,2025-08-27 20:13:04,0.505
bitcoin-up-or-down-august-27-9pm-et,DOWN,88199961804963316989575823589765327966215816745869924008829491301906775424924,1756325642,2025-08-27 20:14:02,0.505
bitcoin-up-or-down-august-27-9pm-et,DOWN,88199961804963316989575823589765327966215816745869924008829491301906775424924,1756325704,2025-08-27 20:15:04,0.505
bitcoin-up-or-down-august-27-9pm-et,DOWN,88199961804963316989575823589765327966215816745869924008829491301906775424924,1756325762,2025-08-27 20:16:02,0.505
bitcoin-up-or-down-august-27-9pm-et,DOWN,88199961804963316989575823589765327966215816745869924008829491301906775424924,1756325822,2025-08-27 20:17:02,0.505
bitcoin-up-or-down-august-27-9pm-et,DOWN,88199961804963316989575823589765327966215816745869924008829491301906775424924,1756325884,2025-08-27 20:18:04,0.505
bitcoin-up-or-down-august-27-9pm-et,DOWN,88199961804963316989575823589765327966215816745869924008829491301906775424924,1756325942,2025-08-27 20:19:02,0.505
bitcoin-up-or-down-august-27-9pm-et,DOWN,88199961804963316989575823589765327966215816745869924008829491301906775424924,1756326012,2025-08-27 20:20:12,0.505
bitcoin-up-or-down-august-27-9pm-et,DOWN,88199961804963316989575823589765327966215816745869924008829491301906775424924,1756326063,2025-08-27 20:21:03,0.505
bitcoin-up-or-down-august-27-9pm-et,DOWN,88199961804963316989575823589765327966215816745869924008829491301906775424924,1756326122,2025-08-27 20:22:02,0.505
bitcoin-up-or-down-august-27-9pm-et,DOWN,88199961804963316989575823589765327966215816745869924008829491301906775424924,1756326184,2025-08-27 20:23:04,0.505
bitcoin-up-or-down-august-27-9pm-et,DOWN,88199961804963316989575823589765327966215816745869924008829491301906775424924,1756326242,2025-08-27 20:24:02,0.505
bitcoin-up-or-down-august-27-9pm-et,DOWN,88199961804963316989575823589765327966215816745869924008829491301906775424924,1756326314,2025-08-27 20:25:14,0.505
bitcoin-up-or-down-august-27-9pm-et,DOWN,88199961804963316989575823589765327966215816745869924008829491301906775424924,1756326362,2025-08-27 20:26:02,0.505
bitcoin-up-or-down-august-27-9pm-et,DOWN,88199961804963316989575823589765327966215816745869924008829491301906775424924,1756326423,2025-08-27 20:27:03,0.505
bitcoin-up-or-down-august-27-9pm-et,DOWN,88199961804963316989575823589765327966215816745869924008829491301906775424924,1756326483,2025-08-27 20:28:03,0.505
bitcoin-up-or-down-august-27-9pm-et,DOWN,88199961804963316989575823589765327966215816745869924008829491301906775424924,1756326544,2025-08-27 20:29:04,0.505
bitcoin-up-or-down-august-27-9pm-et,DOWN,88199961804963316989575823589765327966215816745869924008829491301906775424924,1756326615,2025-08-27 20:30:15,0.505
bitcoin-up-or-down-august-27-9pm-et,DOWN,88199961804963316989575823589765327966215816745869924008829491301906775424924,1756326664,2025-08-27 20:31:04,0.505
bitcoin-up-or-down-august-27-9pm-et,DOWN,88199961804963316989575823589765327966215816745869924008829491301906775424924,1756326723,2025-08-27 20:32:03,0.505
bitcoin-up-or-down-august-27-9pm-et,DOWN,88199961804963316989575823589765327966215816745869924008829491301906775424924,1756326782,2025-08-27 20:33:02,0.505
bitcoin-up-or-down-august-27-9pm-et,DOWN,88199961804963316989575823589765327966215816745869924008829491301906775424924,1756326844,2025-08-27 20:34:04,0.505
bitcoin-up-or-down-august-27-9pm-et,DOWN,88199961804963316989575823589765327966215816745869924008829491301906775424924,1756326904,2025-08-27 20:35:04,0.505
bitcoin-up-or-down-august-27-9pm-et,DOWN,88199961804963316989575823589765327966215816745869924008829491301906775424924,1756326962,2025-08-27 20:36:02,0.505
bitcoin-up-or-down-august-27-9pm-et,DOWN,88199961804963316989575823589765327966215816745869924008829491301906775424924,1756327024,2025-08-27 20:37:04,0.505
bitcoin-up-or-down-august-27-9pm-et,DOWN,88199961804963316989575823589765327966215816745869924008829491301906775424924,1756327083,2025-08-27 20:38:03,0.505
bitcoin-up-or-down-august-27-9pm-et,DOWN,88199961804963316989575823589765327966215816745869924008829491301906775424924,1756327144,2025-08-27 20:39:04,0.505
bitcoin-up-or-down-august-27-9pm-et,DOWN,88199961804963316989575823589765327966215816745869924008829491301906775424924,1756327213,2025-08-27 20:40:13,0.505
bitcoin-up-or-down-august-27-9pm-et,DOWN,88199961804963316989575823589765327966215816745869924008829491301906775424924,1756327263,2025-08-27 20:41:03,0.505
bitcoin-up-or-down-august-27-9pm-et,DOWN,88199961804963316989575823589765327966215816745869924008829491301906775424924,1756327323,2025-08-27 20:42:03,0.505
bitcoin-up-or-down-august-27-9pm-et,DOWN,88199961804963316989575823589765327966215816745869924008829491301906775424924,1756327383,2025-08-27 20:43:03,0.505
bitcoin-up-or-down-august-27-9pm-et,DOWN,88199961804963316989575823589765327966215816745869924008829491301906775424924,1756327443,2025-08-27 20:44:03,0.505
bitcoin-up-or-down-august-27-9pm-et,DOWN,88199961804963316989575823589765327966215816745869924008829491301906775424924,1756327503,2025-08-27 20:45:03,0.505
bitcoin-up-or-down-august-27-9pm-et,DOWN,88199961804963316989575823589765327966215816745869924008829491301906775424924,1756327564,2025-08-27 20:46:04,0.505
bitcoin-up-or-down-august-27-9pm-et,DOWN,88199961804963316989575823589765327966215816745869924008829491301906775424924,1756327623,2025-08-27 20:47:03,0.505
bitcoin-up-or-down-august-27-9pm-et,DOWN,88199961804963316989575823589765327966215816745869924008829491301906775424924,1756327683,2025-08-27 20:48:03,0.505
bitcoin-up-or-down-august-27-9pm-et,DOWN,88199961804963316989575823589765327966215816745869924008829491301906775424924,1756327743,2025-08-27 20:49:03,0.505
bitcoin-up-or-down-august-27-9pm-et,DOWN,88199961804963316989575823589765327966215816745869924008829491301906775424924,1756327809,2025-08-27 20:50:09,0.505
bitcoin-up-or-down-august-27-9pm-et,DOWN,88199961804963316989575823589765327966215816745869924008829491301906775424924,1756327864,2025-08-27 20:51:04,0.505
bitcoin-up-or-down-august-27-9pm-et,DOWN,88199961804963316989575823589765327966215816745869924008829491301906775424924,1756327923,2025-08-27 20:52:03,0.505
bitcoin-up-or-down-august-27-9pm-et,DOWN,88199961804963316989575823589765327966215816745869924008829491301906775424924,1756327982,2025-08-27 20:53:02,0.505
bitcoin-up-or-down-august-27-9pm-et,DOWN,88199961804963316989575823589765327966215816745869924008829491301906775424924,1756328044,2025-08-27 20:54:04,0.505
bitcoin-up-or-down-august-27-9pm-et,DOWN,88199961804963316989575823589765327966215816745869924008829491301906775424924,1756328110,2025-08-27 20:55:10,0.505
bitcoin-up-or-down-august-27-9pm-et,DOWN,88199961804963316989575823589765327966215816745869924008829491301906775424924,1756328162,2025-08-27 20:56:02,0.505
bitcoin-up-or-down-august-27-9pm-et,DOWN,88199961804963316989575823589765327966215816745869924008829491301906775424924,1756328223,2025-08-27 20:57:03,0.505
bitcoin-up-or-down-august-27-9pm-et,DOWN,88199961804963316989575823589765327966215816745869924008829491301906775424924,1756328283,2025-08-27 20:58:03,0.505
bitcoin-up-or-down-august-27-9pm-et,DOWN,88199961804963316989575823589765327966215816745869924008829491301906775424924,1756328342,2025-08-27 20:59:02,0.505
bitcoin-up-or-down-august-27-9pm-et,DOWN,88199961804963316989575823589765327966215816745869924008829491301906775424924,1756328416,2025-08-27 21:00:16,0.505
bitcoin-up-or-down-august-27-9pm-et,DOWN,88199961804963316989575823589765327966215816745869924008829491301906775424924,1756328464,2025-08-27 21:01:04,0.505
bitcoin-up-or-down-august-27-9pm-et,DOWN,88199961804963316989575823589765327966215816745869924008829491301906775424924,1756328523,2025-08-27 21:02:03,0.505
bitcoin-up-or-down-august-27-9pm-et,DOWN,88199961804963316989575823589765327966215816745869924008829491301906775424924,1756328584,2025-08-27 21:03:04,0.505
bitcoin-up-or-down-august-27-9pm-et,DOWN,88199961804963316989575823589765327966215816745869924008829491301906775424924,1756328642,2025-08-27 21:04:02,0.505
bitcoin-up-or-down-august-27-9pm-et,DOWN,88199961804963316989575823589765327966215816745869924008829491301906775424924,1756328703,2025-08-27 21:05:03,0.505
bitcoin-up-or-down-august-27-9pm-et,DOWN,88199961804963316989575823589765327966215816745869924008829491301906775424924,1756328762,2025-08-27 21:06:02,0.505
bitcoin-up-or-down-august-27-9pm-et,DOWN,88199961804963316989575823589765327966215816745869924008829491301906775424924,1756328823,2025-08-27 21:07:03,0.505
bitcoin-up-or-down-august-27-9pm-et,DOWN,88199961804963316989575823589765327966215816745869924008829491301906775424924,1756328883,2025-08-27 21:08:03,0.505
bitcoin-up-or-down-august-27-9pm-et,DOWN,88199961804963316989575823589765327966215816745869924008829491301906775424924,1756328944,2025-08-27 21:09:04,0.505
bitcoin-up-or-down-august-27-9pm-et,DOWN,88199961804963316989575823589765327966215816745869924008829491301906775424924,1756329012,2025-08-27 21:10:12,0.505
bitcoin-up-or-down-august-27-9pm-et,DOWN,88199961804963316989575823589765327966215816745869924008829491301906775424924,1756329063,2025-08-27 21:11:03,0.505
bitcoin-up-or-down-august-27-9pm-et,DOWN,88199961804963316989575823589765327966215816745869924008829491301906775424924,1756329123,2025-08-27 21:12:03,0.505
bitcoin-up-or-down-august-27-9pm-et,DOWN,88199961804963316989575823589765327966215816745869924008829491301906775424924,1756329184,2025-08-27 21:13:04,0.505
bitcoin-up-or-down-august-27-9pm-et,DOWN,88199961804963316989575823589765327966215816745869924008829491301906775424924,1756329242,2025-08-27 21:14:02,0.505
bitcoin-up-or-down-august-27-9pm-et,DOWN,88199961804963316989575823589765327966215816745869924008829491301906775424924,1756329314,2025-08-27 21:15:14,0.505
bitcoin-up-or-down-august-27-9pm-et,DOWN,88199961804963316989575823589765327966215816745869924008829491301906775424924,1756329363,2025-08-27 21:16:03,0.505
bitcoin-up-or-down-august-27-9pm-et,DOWN,88199961804963316989575823589765327966215816745869924008829491301906775424924,1756329425,2025-08-27 21:17:05,0.505
bitcoin-up-or-down-august-27-9pm-et,DOWN,88199961804963316989575823589765327966215816745869924008829491301906775424924,1756329482,2025-08-27 21:18:02,0.505
bitcoin-up-or-down-august-27-9pm-et,DOWN,88199961804963316989575823589765327966215816745869924008829491301906775424924,1756329542,2025-08-27 21:19:02,0.505
bitcoin-up-or-down-august-27-9pm-et,DOWN,88199961804963316989575823589765327966215816745869924008829491301906775424924,1756329612,2025-08-27 21:20:12,0.505
bitcoin-up-or-down-august-27-9pm-et,DOWN,88199961804963316989575823589765327966215816745869924008829491301906775424924,1756329664,2025-08-27 21:21:04,0.505
bitcoin-up-or-down-august-27-9pm-et,DOWN,88199961804963316989575823589765327966215816745869924008829491301906775424924,1756329722,2025-08-27 21:22:02,0.505
bitcoin-up-or-down-august-27-9pm-et,DOWN,88199961804963316989575823589765327966215816745869924008829491301906775424924,1756329783,2025-08-27 21:23:03,0.505
bitcoin-up-or-down-august-27-9pm-et,DOWN,88199961804963316989575823589765327966215816745869924008829491301906775424924,1756329842,2025-08-27 21:24:02,0.505
bitcoin-up-or-down-august-27-9pm-et,DOWN,88199961804963316989575823589765327966215816745869924008829491301906775424924,1756329906,2025-08-27 21:25:06,0.505
bitcoin-up-or-down-august-27-9pm-et,DOWN,88199961804963316989575823589765327966215816745869924008829491301906775424924,1756329963,2025-08-27 21:26:03,0.505
bitcoin-up-or-down-august-27-9pm-et,DOWN,88199961804963316989575823589765327966215816745869924008829491301906775424924,1756330023,2025-08-27 21:27:03,0.505
bitcoin-up-or-down-august-27-9pm-et,DOWN,88199961804963316989575823589765327966215816745869924008829491301906775424924,1756330084,2025-08-27 21:28:04,0.505
bitcoin-up-or-down-august-27-9pm-et,DOWN,88199961804963316989575823589765327966215816745869924008829491301906775424924,1756330144,2025-08-27 21:29:04,0.505
bitcoin-up-or-down-august-27-9pm-et,DOWN,88199961804963316989575823589765327966215816745869924008829491301906775424924,1756330212,2025-08-27 21:30:12,0.505
bitcoin-up-or-down-august-27-9pm-et,DOWN,88199961804963316989575823589765327966215816745869924008829491301906775424924,1756330263,2025-08-27 21:31:03,0.505
bitcoin-up-or-down-august-27-9pm-et,DOWN,88199961804963316989575823589765327966215816745869924008829491301906775424924,1756330322,2025-08-27 21:32:02,0.505
bitcoin-up-or-down-august-27-9pm-et,DOWN,88199961804963316989575823589765327966215816745869924008829491301906775424924,1756330382,2025-08-27 21:33:02,0.505
bitcoin-up-or-down-august-27-9pm-et,DOWN,88199961804963316989575823589765327966215816745869924008829491301906775424924,1756330443,2025-08-27 21:34:03,0.505
bitcoin-up-or-down-august-27-9pm-et,DOWN,88199961804963316989575823589765327966215816745869924008829491301906775424924,1756330508,2025-08-27 21:35:08,0.505
bitcoin-up-or-down-august-27-9pm-et,DOWN,88199961804963316989575823589765327966215816745869924008829491301906775424924,1756330563,2025-08-27 21:36:03,0.505
bitcoin-up-or-down-august-27-9pm-et,DOWN,88199961804963316989575823589765327966215816745869924008829491301906775424924,1756330624,2025-08-27 21:37:04,0.505
bitcoin-up-or-down-august-27-9pm-et,DOWN,88199961804963316989575823589765327966215816745869924008829491301906775424924,1756330683,2025-08-27 21:38:03,0.505
bitcoin-up-or-down-august-27-9pm-et,DOWN,88199961804963316989575823589765327966215816745869924008829491301906775424924,1756330742,2025-08-27 21:39:02,0.505
bitcoin-up-or-down-august-27-9pm-et,DOWN,88199961804963316989575823589765327966215816745869924008829491301906775424924,1756330802,2025-08-27 21:40:02,0.505
bitcoin-up-or-down-august-27-9pm-et,DOWN,88199961804963316989575823589765327966215816745869924008829491301906775424924,1756330863,2025-08-27 21:41:03,0.505
bitcoin-up-or-down-august-27-9pm-et,DOWN,88199961804963316989575823589765327966215816745869924008829491301906775424924,1756330923,2025-08-27 21:42:03,0.505
bitcoin-up-or-down-august-27-9pm-et,DOWN,88199961804963316989575823589765327966215816745869924008829491301906775424924,1756330982,2025-08-27 21:43:02,0.505
bitcoin-up-or-down-august-27-9pm-et,DOWN,88199961804963316989575823589765327966215816745869924008829491301906775424924,1756331042,2025-08-27 21:44:02,0.505
bitcoin-up-or-down-august-27-9pm-et,DOWN,88199961804963316989575823589765327966215816745869924008829491301906775424924,1756331117,2025-08-27 21:45:17,0.505
bitcoin-up-or-down-august-27-9pm-et,DOWN,88199961804963316989575823589765327966215816745869924008829491301906775424924,1756331162,2025-08-27 21:46:02,0.505
bitcoin-up-or-down-august-27-9pm-et,DOWN,88199961804963316989575823589765327966215816745869924008829491301906775424924,1756331222,2025-08-27 21:47:02,0.505
bitcoin-up-or-down-august-27-9pm-et,DOWN,88199961804963316989575823589765327966215816745869924008829491301906775424924,1756331282,2025-08-27 21:48:02,0.505
bitcoin-up-or-down-august-27-9pm-et,DOWN,88199961804963316989575823589765327966215816745869924008829491301906775424924,1756331343,2025-08-27 21:49:03,0.505
bitcoin-up-or-down-august-27-9pm-et,DOWN,88199961804963316989575823589765327966215816745869924008829491301906775424924,1756331402,2025-08-27 21:50:02,0.505
bitcoin-up-or-down-august-27-9pm-et,DOWN,88199961804963316989575823589765327966215816745869924008829491301906775424924,1756331462,2025-08-27 21:51:02,0.505
bitcoin-up-or-down-august-27-9pm-et,DOWN,88199961804963316989575823589765327966215816745869924008829491301906775424924,1756331523,2025-08-27 21:52:03,0.505
bitcoin-up-or-down-august-27-9pm-et,DOWN,88199961804963316989575823589765327966215816745869924008829491301906775424924,1756331583,2025-08-27 21:53:03,0.505
bitcoin-up-or-down-august-27-9pm-et,DOWN,88199961804963316989575823589765327966215816745869924008829491301906775424924,1756331644,2025-08-27 21:54:04,0.505
bitcoin-up-or-down-august-27-9pm-et,DOWN,88199961804963316989575823589765327966215816745869924008829491301906775424924,1756331713,2025-08-27 21:55:13,0.505
bitcoin-up-or-down-august-27-9pm-et,DOWN,88199961804963316989575823589765327966215816745869924008829491301906775424924,1756331764,2025-08-27 21:56:04,0.505
bitcoin-up-or-down-august-27-9pm-et,DOWN,88199961804963316989575823589765327966215816745869924008829491301906775424924,1756331824,2025-08-27 21:57:04,0.505
bitcoin-up-or-down-august-27-9pm-et,DOWN,88199961804963316989575823589765327966215816745869924008829491301906775424924,1756331883,2025-08-27 21:58:03,0.505
bitcoin-up-or-down-august-27-9pm-et,DOWN,88199961804963316989575823589765327966215816745869924008829491301906775424924,1756331942,2025-08-27 21:59:02,0.505
bitcoin-up-or-down-august-27-9pm-et,DOWN,88199961804963316989575823589765327966215816745869924008829491301906775424924,1756332005,2025-08-27 22:00:05,0.505
bitcoin-up-or-down-august-27-9pm-et,DOWN,88199961804963316989575823589765327966215816745869924008829491301906775424924,1756332063,2025-08-27 22:01:03,0.505
bitcoin-up-or-down-august-27-9pm-et,DOWN,88199961804963316989575823589765327966215816745869924008829491301906775424924,1756332123,2025-08-27 22:02:03,0.505
bitcoin-up-or-down-august-27-9pm-et,DOWN,88199961804963316989575823589765327966215816745869924008829491301906775424924,1756332182,2025-08-27 22:03:02,0.505
bitcoin-up-or-down-august-27-9pm-et,DOWN,88199961804963316989575823589765327966215816745869924008829491301906775424924,1756332244,2025-08-27 22:04:04,0.505
bitcoin-up-or-down-august-27-9pm-et,DOWN,88199961804963316989575823589765327966215816745869924008829491301906775424924,1756332311,2025-08-27 22:05:11,0.505
bitcoin-up-or-down-august-27-9pm-et,DOWN,88199961804963316989575823589765327966215816745869924008829491301906775424924,1756332368,2025-08-27 22:06:08,0.505
bitcoin-up-or-down-august-27-9pm-et,DOWN,88199961804963316989575823589765327966215816745869924008829491301906775424924,1756332423,2025-08-27 22:07:03,0.505
bitcoin-up-or-down-august-27-9pm-et,DOWN,88199961804963316989575823589765327966215816745869924008829491301906775424924,1756332482,2025-08-27 22:08:02,0.505
bitcoin-up-or-down-august-27-9pm-et,DOWN,88199961804963316989575823589765327966215816745869924008829491301906775424924,1756332542,2025-08-27 22:09:02,0.505
bitcoin-up-or-down-august-27-9pm-et,DOWN,88199961804963316989575823589765327966215816745869924008829491301906775424924,1756332602,2025-08-27 22:10:02,0.505
bitcoin-up-or-down-august-27-9pm-et,DOWN,88199961804963316989575823589765327966215816745869924008829491301906775424924,1756332663,2025-08-27 22:11:03,0.505
bitcoin-up-or-down-august-27-9pm-et,DOWN,88199961804963316989575823589765327966215816745869924008829491301906775424924,1756332723,2025-08-27 22:12:03,0.505
bitcoin-up-or-down-august-27-9pm-et,DOWN,88199961804963316989575823589765327966215816745869924008829491301906775424924,1756332783,2025-08-27 22:13:03,0.505
bitcoin-up-or-down-august-27-9pm-et,DOWN,88199961804963316989575823589765327966215816745869924008829491301906775424924,1756332844,2025-08-27 22:14:04,0.505
bitcoin-up-or-down-august-27-9pm-et,DOWN,88199961804963316989575823589765327966215816745869924008829491301906775424924,1756332911,2025-08-27 22:15:11,0.505
bitcoin-up-or-down-august-27-9pm-et,DOWN,88199961804963316989575823589765327966215816745869924008829491301906775424924,1756332963,2025-08-27 22:16:03,0.505
bitcoin-up-or-down-august-27-9pm-et,DOWN,88199961804963316989575823589765327966215816745869924008829491301906775424924,1756333023,2025-08-27 22:17:03,0.505
bitcoin-up-or-down-august-27-9pm-et,DOWN,88199961804963316989575823589765327966215816745869924008829491301906775424924,1756333082,2025-08-27 22:18:02,0.505
bitcoin-up-or-down-august-27-9pm-et,DOWN,88199961804963316989575823589765327966215816745869924008829491301906775424924,1756333142,2025-08-27 22:19:02,0.505
bitcoin-up-or-down-august-27-9pm-et,DOWN,88199961804963316989575823589765327966215816745869924008829491301906775424924,1756333202,2025-08-27 22:20:02,0.505
bitcoin-up-or-down-august-27-9pm-et,DOWN,88199961804963316989575823589765327966215816745869924008829491301906775424924,1756333264,2025-08-27 22:21:04,0.505
bitcoin-up-or-down-august-27-9pm-et,DOWN,88199961804963316989575823589765327966215816745869924008829491301906775424924,1756333323,2025-08-27 22:22:03,0.505
bitcoin-up-or-down-august-27-9pm-et,DOWN,88199961804963316989575823589765327966215816745869924008829491301906775424924,1756333384,2025-08-27 22:23:04,0.505
bitcoin-up-or-down-august-27-9pm-et,DOWN,88199961804963316989575823589765327966215816745869924008829491301906775424924,1756333443,2025-08-27 22:24:03,0.505
bitcoin-up-or-down-august-27-9pm-et,DOWN,88199961804963316989575823589765327966215816745869924008829491301906775424924,1756333506,2025-08-27 22:25:06,0.505
bitcoin-up-or-down-august-27-9pm-et,DOWN,88199961804963316989575823589765327966215816745869924008829491301906775424924,1756333563,2025-08-27 22:26:03,0.505
bitcoin-up-or-down-august-27-9pm-et,DOWN,88199961804963316989575823589765327966215816745869924008829491301906775424924,1756333623,2025-08-27 22:27:03,0.505
bitcoin-up-or-down-august-27-9pm-et,DOWN,88199961804963316989575823589765327966215816745869924008829491301906775424924,1756333682,2025-08-27 22:28:02,0.505
bitcoin-up-or-down-august-27-9pm-et,DOWN,88199961804963316989575823589765327966215816745869924008829491301906775424924,1756333743,2025-08-27 22:29:03,0.505
bitcoin-up-or-down-august-27-9pm-et,DOWN,88199961804963316989575823589765327966215816745869924008829491301906775424924,1756333808,2025-08-27 22:30:08,0.505
bitcoin-up-or-down-august-27-9pm-et,DOWN,88199961804963316989575823589765327966215816745869924008829491301906775424924,1756333863,2025-08-27 22:31:03,0.505
bitcoin-up-or-down-august-27-9pm-et,DOWN,88199961804963316989575823589765327966215816745869924008829491301906775424924,1756333923,2025-08-27 22:32:03,0.505
bitcoin-up-or-down-august-27-9pm-et,DOWN,88199961804963316989575823589765327966215816745869924008829491301906775424924,1756333983,2025-08-27 22:33:03,0.505
bitcoin-up-or-down-august-27-9pm-et,DOWN,88199961804963316989575823589765327966215816745869924008829491301906775424924,1756334043,2025-08-27 22:34:03,0.505
bitcoin-up-or-down-august-27-9pm-et,DOWN,88199961804963316989575823589765327966215816745869924008829491301906775424924,1756334105,2025-08-27 22:35:05,0.505
bitcoin-up-or-down-august-27-9pm-et,DOWN,88199961804963316989575823589765327966215816745869924008829491301906775424924,1756334165,2025-08-27 22:36:05,0.505
bitcoin-up-or-down-august-27-9pm-et,DOWN,88199961804963316989575823589765327966215816745869924008829491301906775424924,1756334224,2025-08-27 22:37:04,0.505
bitcoin-up-or-down-august-27-9pm-et,DOWN,88199961804963316989575823589765327966215816745869924008829491301906775424924,1756334284,2025-08-27 22:38:04,0.505
bitcoin-up-or-down-august-27-9pm-et,DOWN,88199961804963316989575823589765327966215816745869924008829491301906775424924,1756334343,2025-08-27 22:39:03,0.505
bitcoin-up-or-down-august-27-9pm-et,DOWN,88199961804963316989575823589765327966215816745869924008829491301906775424924,1756334402,2025-08-27 22:40:02,0.505
bitcoin-up-or-down-august-27-9pm-et,DOWN,88199961804963316989575823589765327966215816745869924008829491301906775424924,1756334464,2025-08-27 22:41:04,0.505
bitcoin-up-or-down-august-27-9pm-et,DOWN,88199961804963316989575823589765327966215816745869924008829491301906775424924,1756334522,2025-08-27 22:42:02,0.505
bitcoin-up-or-down-august-27-9pm-et,DOWN,88199961804963316989575823589765327966215816745869924008829491301906775424924,1756334583,2025-08-27 22:43:03,0.505
bitcoin-up-or-down-august-27-9pm-et,DOWN,88199961804963316989575823589765327966215816745869924008829491301906775424924,1756334642,2025-08-27 22:44:02,0.505
bitcoin-up-or-down-august-27-9pm-et,DOWN,88199961804963316989575823589765327966215816745869924008829491301906775424924,1756334702,2025-08-27 22:45:02,0.505
bitcoin-up-or-down-august-27-9pm-et,DOWN,88199961804963316989575823589765327966215816745869924008829491301906775424924,1756334764,2025-08-27 22:46:04,0.505
bitcoin-up-or-down-august-27-9pm-et,DOWN,88199961804963316989575823589765327966215816745869924008829491301906775424924,1756334823,2025-08-27 22:47:03,0.505
bitcoin-up-or-down-august-27-9pm-et,DOWN,88199961804963316989575823589765327966215816745869924008829491301906775424924,1756334882,2025-08-27 22:48:02,0.505
bitcoin-up-or-down-august-27-9pm-et,DOWN,88199961804963316989575823589765327966215816745869924008829491301906775424924,1756334944,2025-08-27 22:49:04,0.505
bitcoin-up-or-down-august-27-9pm-et,DOWN,88199961804963316989575823589765327966215816745869924008829491301906775424924,1756335002,2025-08-27 22:50:02,0.505
bitcoin-up-or-down-august-27-9pm-et,DOWN,88199961804963316989575823589765327966215816745869924008829491301906775424924,1756335064,2025-08-27 22:51:04,0.505
bitcoin-up-or-down-august-27-9pm-et,DOWN,88199961804963316989575823589765327966215816745869924008829491301906775424924,1756335123,2025-08-27 22:52:03,0.505
bitcoin-up-or-down-august-27-9pm-et,DOWN,88199961804963316989575823589765327966215816745869924008829491301906775424924,1756335183,2025-08-27 22:53:03,0.505
bitcoin-up-or-down-august-27-9pm-et,DOWN,88199961804963316989575823589765327966215816745869924008829491301906775424924,1756335243,2025-08-27 22:54:03,0.505
bitcoin-up-or-down-august-27-9pm-et,DOWN,88199961804963316989575823589765327966215816745869924008829491301906775424924,1756335309,2025-08-27 22:55:09,0.505
bitcoin-up-or-down-august-27-9pm-et,DOWN,88199961804963316989575823589765327966215816745869924008829491301906775424924,1756335364,2025-08-27 22:56:04,0.505
bitcoin-up-or-down-august-27-9pm-et,DOWN,88199961804963316989575823589765327966215816745869924008829491301906775424924,1756335422,2025-08-27 22:57:02,0.505
bitcoin-up-or-down-august-27-9pm-et,DOWN,88199961804963316989575823589765327966215816745869924008829491301906775424924,1756335483,2025-08-27 22:58:03,0.505
bitcoin-up-or-down-august-27-9pm-et,DOWN,88199961804963316989575823589765327966215816745869924008829491301906775424924,1756335543,2025-08-27 22:59:03,0.505
bitcoin-up-or-down-august-27-9pm-et,DOWN,88199961804963316989575823589765327966215816745869924008829491301906775424924,1756335605,2025-08-27 23:00:05,0.505
bitcoin-up-or-down-august-27-9pm-et,DOWN,88199961804963316989575823589765327966215816745869924008829491301906775424924,1756335663,2025-08-27 23:01:03,0.505
bitcoin-up-or-down-august-27-9pm-et,DOWN,88199961804963316989575823589765327966215816745869924008829491301906775424924,1756335722,2025-08-27 23:02:02,0.505
bitcoin-up-or-down-august-27-9pm-et,DOWN,88199961804963316989575823589765327966215816745869924008829491301906775424924,1756335782,2025-08-27 23:03:02,0.505
bitcoin-up-or-down-august-27-9pm-et,DOWN,88199961804963316989575823589765327966215816745869924008829491301906775424924,1756335844,2025-08-27 23:04:04,0.505
bitcoin-up-or-down-august-27-9pm-et,DOWN,88199961804963316989575823589765327966215816745869924008829491301906775424924,1756335904,2025-08-27 23:05:04,0.505
bitcoin-up-or-down-august-27-9pm-et,DOWN,88199961804963316989575823589765327966215816745869924008829491301906775424924,1756335962,2025-08-27 23:06:02,0.505
bitcoin-up-or-down-august-27-9pm-et,DOWN,88199961804963316989575823589765327966215816745869924008829491301906775424924,1756336024,2025-08-27 23:07:04,0.505
bitcoin-up-or-down-august-27-9pm-et,DOWN,88199961804963316989575823589765327966215816745869924008829491301906775424924,1756336083,2025-08-27 23:08:03,0.505
bitcoin-up-or-down-august-27-9pm-et,DOWN,88199961804963316989575823589765327966215816745869924008829491301906775424924,1756336144,2025-08-27 23:09:04,0.505
bitcoin-up-or-down-august-27-9pm-et,DOWN,88199961804963316989575823589765327966215816745869924008829491301906775424924,1756336208,2025-08-27 23:10:08,0.505
bitcoin-up-or-down-august-27-9pm-et,DOWN,88199961804963316989575823589765327966215816745869924008829491301906775424924,1756336264,2025-08-27 23:11:04,0.505
bitcoin-up-or-down-august-27-9pm-et,DOWN,88199961804963316989575823589765327966215816745869924008829491301906775424924,1756336324,2025-08-27 23:12:04,0.505
bitcoin-up-or-down-august-27-9pm-et,DOWN,88199961804963316989575823589765327966215816745869924008829491301906775424924,1756336382,2025-08-27 23:13:02,0.505
bitcoin-up-or-down-august-27-9pm-et,DOWN,88199961804963316989575823589765327966215816745869924008829491301906775424924,1756336443,2025-08-27 23:14:03,0.505
bitcoin-up-or-down-august-27-9pm-et,DOWN,88199961804963316989575823589765327966215816745869924008829491301906775424924,1756336505,2025-08-27 23:15:05,0.505
bitcoin-up-or-down-august-27-9pm-et,DOWN,88199961804963316989575823589765327966215816745869924008829491301906775424924,1756336564,2025-08-27 23:16:04,0.505
bitcoin-up-or-down-august-27-9pm-et,DOWN,88199961804963316989575823589765327966215816745869924008829491301906775424924,1756336623,2025-08-27 23:17:03,0.505
bitcoin-up-or-down-august-27-9pm-et,DOWN,88199961804963316989575823589765327966215816745869924008829491301906775424924,1756336682,2025-08-27 23:18:02,0.505
bitcoin-up-or-down-august-27-9pm-et,DOWN,88199961804963316989575823589765327966215816745869924008829491301906775424924,1756336742,2025-08-27 23:19:02,0.505
bitcoin-up-or-down-august-27-9pm-et,DOWN,88199961804963316989575823589765327966215816745869924008829491301906775424924,1756336817,2025-08-27 23:20:17,0.505
bitcoin-up-or-down-august-27-9pm-et,DOWN,88199961804963316989575823589765327966215816745869924008829491301906775424924,1756336863,2025-08-27 23:21:03,0.505
bitcoin-up-or-down-august-27-9pm-et,DOWN,88199961804963316989575823589765327966215816745869924008829491301906775424924,1756336922,2025-08-27 23:22:02,0.505
bitcoin-up-or-down-august-27-9pm-et,DOWN,88199961804963316989575823589765327966215816745869924008829491301906775424924,1756336982,2025-08-27 23:23:02,0.505
bitcoin-up-or-down-august-27-9pm-et,DOWN,88199961804963316989575823589765327966215816745869924008829491301906775424924,1756337042,2025-08-27 23:24:02,0.505
bitcoin-up-or-down-august-27-9pm-et,DOWN,88199961804963316989575823589765327966215816745869924008829491301906775424924,1756337104,2025-08-27 23:25:04,0.505
bitcoin-up-or-down-august-27-9pm-et,DOWN,88199961804963316989575823589765327966215816745869924008829491301906775424924,1756337164,2025-08-27 23:26:04,0.505
bitcoin-up-or-down-august-27-9pm-et,DOWN,88199961804963316989575823589765327966215816745869924008829491301906775424924,1756337223,2025-08-27 23:27:03,0.505
bitcoin-up-or-down-august-27-9pm-et,DOWN,88199961804963316989575823589765327966215816745869924008829491301906775424924,1756337284,2025-08-27 23:28:04,0.505
bitcoin-up-or-down-august-27-9pm-et,DOWN,88199961804963316989575823589765327966215816745869924008829491301906775424924,1756337342,2025-08-27 23:29:02,0.505
bitcoin-up-or-down-august-27-9pm-et,DOWN,88199961804963316989575823589765327966215816745869924008829491301906775424924,1756337414,2025-08-27 23:30:14,0.505
bitcoin-up-or-down-august-27-9pm-et,DOWN,88199961804963316989575823589765327966215816745869924008829491301906775424924,1756337463,2025-08-27 23:31:03,0.505
bitcoin-up-or-down-august-27-9pm-et,DOWN,88199961804963316989575823589765327966215816745869924008829491301906775424924,1756337522,2025-08-27 23:32:02,0.505
bitcoin-up-or-down-august-27-9pm-et,DOWN,88199961804963316989575823589765327966215816745869924008829491301906775424924,1756337584,2025-08-27 23:33:04,0.505
bitcoin-up-or-down-august-27-9pm-et,DOWN,88199961804963316989575823589765327966215816745869924008829491301906775424924,1756337642,2025-08-27 23:34:02,0.505
bitcoin-up-or-down-august-27-9pm-et,DOWN,88199961804963316989575823589765327966215816745869924008829491301906775424924,1756337713,2025-08-27 23:35:13,0.505
bitcoin-up-or-down-august-27-9pm-et,DOWN,88199961804963316989575823589765327966215816745869924008829491301906775424924,1756337762,2025-08-27 23:36:02,0.505
bitcoin-up-or-down-august-27-9pm-et,DOWN,88199961804963316989575823589765327966215816745869924008829491301906775424924,1756337822,2025-08-27 23:37:02,0.505
bitcoin-up-or-down-august-27-9pm-et,DOWN,88199961804963316989575823589765327966215816745869924008829491301906775424924,1756337883,2025-08-27 23:38:03,0.505
bitcoin-up-or-down-august-27-9pm-et,DOWN,88199961804963316989575823589765327966215816745869924008829491301906775424924,1756337943,2025-08-27 23:39:03,0.505
bitcoin-up-or-down-august-27-9pm-et,DOWN,88199961804963316989575823589765327966215816745869924008829491301906775424924,1756338004,2025-08-27 23:40:04,0.505
bitcoin-up-or-down-august-27-9pm-et,DOWN,88199961804963316989575823589765327966215816745869924008829491301906775424924,1756338063,2025-08-27 23:41:03,0.505
bitcoin-up-or-down-august-27-9pm-et,DOWN,88199961804963316989575823589765327966215816745869924008829491301906775424924,1756338123,2025-08-27 23:42:03,0.505
bitcoin-up-or-down-august-27-9pm-et,DOWN,88199961804963316989575823589765327966215816745869924008829491301906775424924,1756338182,2025-08-27 23:43:02,0.505
bitcoin-up-or-down-august-27-9pm-et,DOWN,88199961804963316989575823589765327966215816745869924008829491301906775424924,1756338242,2025-08-27 23:44:02,0.505
bitcoin-up-or-down-august-27-9pm-et,DOWN,88199961804963316989575823589765327966215816745869924008829491301906775424924,1756338310,2025-08-27 23:45:10,0.505
bitcoin-up-or-down-august-27-9pm-et,DOWN,88199961804963316989575823589765327966215816745869924008829491301906775424924,1756338363,2025-08-27 23:46:03,0.505
bitcoin-up-or-down-august-27-9pm-et,DOWN,88199961804963316989575823589765327966215816745869924008829491301906775424924,1756338423,2025-08-27 23:47:03,0.505
bitcoin-up-or-down-august-27-9pm-et,DOWN,88199961804963316989575823589765327966215816745869924008829491301906775424924,1756338483,2025-08-27 23:48:03,0.505
bitcoin-up-or-down-august-27-9pm-et,DOWN,88199961804963316989575823589765327966215816745869924008829491301906775424924,1756338542,2025-08-27 23:49:02,0.505
bitcoin-up-or-down-august-27-9pm-et,DOWN,88199961804963316989575823589765327966215816745869924008829491301906775424924,1756338602,2025-08-27 23:50:02,0.505
bitcoin-up-or-down-august-27-9pm-et,DOWN,88199961804963316989575823589765327966215816745869924008829491301906775424924,1756338663,2025-08-27 23:51:03,0.505
bitcoin-up-or-down-august-27-9pm-et,DOWN,88199961804963316989575823589765327966215816745869924008829491301906775424924,1756338722,2025-08-27 23:52:02,0.495
bitcoin-up-or-down-august-27-9pm-et,DOWN,88199961804963316989575823589765327966215816745869924008829491301906775424924,1756338782,2025-08-27 23:53:02,0.505
bitcoin-up-or-down-august-27-9pm-et,DOWN,88199961804963316989575823589765327966215816745869924008829491301906775424924,1756338842,2025-08-27 23:54:02,0.505
bitcoin-up-or-down-august-27-9pm-et,DOWN,88199961804963316989575823589765327966215816745869924008829491301906775424924,1756338904,2025-08-27 23:55:04,0.505
bitcoin-up-or-down-august-27-9pm-et,DOWN,88199961804963316989575823589765327966215816745869924008829491301906775424924,1756338964,2025-08-27 23:56:04,0.505
bitcoin-up-or-down-august-27-9pm-et,DOWN,88199961804963316989575823589765327966215816745869924008829491301906775424924,1756339023,2025-08-27 23:57:03,0.505
bitcoin-up-or-down-august-27-9pm-et,DOWN,88199961804963316989575823589765327966215816745869924008829491301906775424924,1756339082,2025-08-27 23:58:02,0.505
bitcoin-up-or-down-august-27-9pm-et,DOWN,88199961804963316989575823589765327966215816745869924008829491301906775424924,1756339143,2025-08-27 23:59:03,0.505
bitcoin-up-or-down-august-27-9pm-et,DOWN,88199961804963316989575823589765327966215816745869924008829491301906775424924,1756339209,2025-08-28 00:00:09,0.505
bitcoin-up-or-down-august-27-9pm-et,DOWN,88199961804963316989575823589765327966215816745869924008829491301906775424924,1756339263,2025-08-28 00:01:03,0.505
bitcoin-up-or-down-august-27-9pm-et,DOWN,88199961804963316989575823589765327966215816745869924008829491301906775424924,1756339322,2025-08-28 00:02:02,0.505
bitcoin-up-or-down-august-27-9pm-et,DOWN,88199961804963316989575823589765327966215816745869924008829491301906775424924,1756339383,2025-08-28 00:03:03,0.505
bitcoin-up-or-down-august-27-9pm-et,DOWN,88199961804963316989575823589765327966215816745869924008829491301906775424924,1756339442,2025-08-28 00:04:02,0.505
bitcoin-up-or-down-august-27-9pm-et,DOWN,88199961804963316989575823589765327966215816745869924008829491301906775424924,1756339503,2025-08-28 00:05:03,0.505
bitcoin-up-or-down-august-27-9pm-et,DOWN,88199961804963316989575823589765327966215816745869924008829491301906775424924,1756339562,2025-08-28 00:06:02,0.505
bitcoin-up-or-down-august-27-9pm-et,DOWN,88199961804963316989575823589765327966215816745869924008829491301906775424924,1756339623,2025-08-28 00:07:03,0.505
bitcoin-up-or-down-august-27-9pm-et,DOWN,88199961804963316989575823589765327966215816745869924008829491301906775424924,1756339682,2025-08-28 00:08:02,0.505
bitcoin-up-or-down-august-27-9pm-et,DOWN,88199961804963316989575823589765327966215816745869924008829491301906775424924,1756339742,2025-08-28 00:09:02,0.505
bitcoin-up-or-down-august-27-9pm-et,DOWN,88199961804963316989575823589765327966215816745869924008829491301906775424924,1756339804,2025-08-28 00:10:04,0.505
bitcoin-up-or-down-august-27-9pm-et,DOWN,88199961804963316989575823589765327966215816745869924008829491301906775424924,1756339862,2025-08-28 00:11:02,0.505
bitcoin-up-or-down-august-27-9pm-et,DOWN,88199961804963316989575823589765327966215816745869924008829491301906775424924,1756339924,2025-08-28 00:12:04,0.505
bitcoin-up-or-down-august-27-9pm-et,DOWN,88199961804963316989575823589765327966215816745869924008829491301906775424924,1756339984,2025-08-28 00:13:04,0.505
bitcoin-up-or-down-august-27-9pm-et,DOWN,88199961804963316989575823589765327966215816745869924008829491301906775424924,1756340042,2025-08-28 00:14:02,0.505
bitcoin-up-or-down-august-27-9pm-et,DOWN,88199961804963316989575823589765327966215816745869924008829491301906775424924,1756340103,2025-08-28 00:15:03,0.505
bitcoin-up-or-down-august-27-9pm-et,DOWN,88199961804963316989575823589765327966215816745869924008829491301906775424924,1756340162,2025-08-28 00:16:02,0.505
bitcoin-up-or-down-august-27-9pm-et,DOWN,88199961804963316989575823589765327966215816745869924008829491301906775424924,1756340223,2025-08-28 00:17:03,0.505
bitcoin-up-or-down-august-27-9pm-et,DOWN,88199961804963316989575823589765327966215816745869924008829491301906775424924,1756340282,2025-08-28 00:18:02,0.505
bitcoin-up-or-down-august-27-9pm-et,DOWN,88199961804963316989575823589765327966215816745869924008829491301906775424924,1756340343,2025-08-28 00:19:03,0.505
bitcoin-up-or-down-august-27-9pm-et,DOWN,88199961804963316989575823589765327966215816745869924008829491301906775424924,1756340402,2025-08-28 00:20:02,0.505
bitcoin-up-or-down-august-27-9pm-et,DOWN,88199961804963316989575823589765327966215816745869924008829491301906775424924,1756340462,2025-08-28 00:21:02,0.505
bitcoin-up-or-down-august-27-9pm-et,DOWN,88199961804963316989575823589765327966215816745869924008829491301906775424924,1756340523,2025-08-28 00:22:03,0.505
bitcoin-up-or-down-august-27-9pm-et,DOWN,88199961804963316989575823589765327966215816745869924008829491301906775424924,1756340584,2025-08-28 00:23:04,0.505
bitcoin-up-or-down-august-27-9pm-et,DOWN,88199961804963316989575823589765327966215816745869924008829491301906775424924,1756340643,2025-08-28 00:24:03,0.505
bitcoin-up-or-down-august-27-9pm-et,DOWN,88199961804963316989575823589765327966215816745869924008829491301906775424924,1756340702,2025-08-28 00:25:02,0.495
bitcoin-up-or-down-august-27-9pm-et,DOWN,88199961804963316989575823589765327966215816745869924008829491301906775424924,1756340763,2025-08-28 00:26:03,0.495
bitcoin-up-or-down-august-27-9pm-et,DOWN,88199961804963316989575823589765327966215816745869924008829491301906775424924,1756340822,2025-08-28 00:27:02,0.495
bitcoin-up-or-down-august-27-9pm-et,DOWN,88199961804963316989575823589765327966215816745869924008829491301906775424924,1756340883,2025-08-28 00:28:03,0.495
bitcoin-up-or-down-august-27-9pm-et,DOWN,88199961804963316989575823589765327966215816745869924008829491301906775424924,1756340943,2025-08-28 00:29:03,0.495
bitcoin-up-or-down-august-27-9pm-et,DOWN,88199961804963316989575823589765327966215816745869924008829491301906775424924,1756341004,2025-08-28 00:30:04,0.495
bitcoin-up-or-down-august-27-9pm-et,DOWN,88199961804963316989575823589765327966215816745869924008829491301906775424924,1756341062,2025-08-28 00:31:02,0.495
bitcoin-up-or-down-august-27-9pm-et,DOWN,88199961804963316989575823589765327966215816745869924008829491301906775424924,1756341123,2025-08-28 00:32:03,0.495
bitcoin-up-or-down-august-27-9pm-et,DOWN,88199961804963316989575823589765327966215816745869924008829491301906775424924,1756341183,2025-08-28 00:33:03,0.495
bitcoin-up-or-down-august-27-9pm-et,DOWN,88199961804963316989575823589765327966215816745869924008829491301906775424924,1756341243,2025-08-28 00:34:03,0.495
bitcoin-up-or-down-august-27-9pm-et,DOWN,88199961804963316989575823589765327966215816745869924008829491301906775424924,1756341303,2025-08-28 00:35:03,0.495
bitcoin-up-or-down-august-27-9pm-et,DOWN,88199961804963316989575823589765327966215816745869924008829491301906775424924,1756341364,2025-08-28 00:36:04,0.495
bitcoin-up-or-down-august-27-9pm-et,DOWN,88199961804963316989575823589765327966215816745869924008829491301906775424924,1756341423,2025-08-28 00:37:03,0.495
bitcoin-up-or-down-august-27-9pm-et,DOWN,88199961804963316989575823589765327966215816745869924008829491301906775424924,1756341482,2025-08-28 00:38:02,0.495
bitcoin-up-or-down-august-27-9pm-et,DOWN,88199961804963316989575823589765327966215816745869924008829491301906775424924,1756341542,2025-08-28 00:39:02,0.495
bitcoin-up-or-down-august-27-9pm-et,DOWN,88199961804963316989575823589765327966215816745869924008829491301906775424924,1756341602,2025-08-28 00:40:02,0.495
bitcoin-up-or-down-august-27-9pm-et,DOWN,88199961804963316989575823589765327966215816745869924008829491301906775424924,1756341664,2025-08-28 00:41:04,0.495
bitcoin-up-or-down-august-27-9pm-et,DOWN,88199961804963316989575823589765327966215816745869924008829491301906775424924,1756341723,2025-08-28 00:42:03,0.49
bitcoin-up-or-down-august-27-9pm-et,DOWN,88199961804963316989575823589765327966215816745869924008829491301906775424924,1756341783,2025-08-28 00:43:03,0.49
bitcoin-up-or-down-august-27-9pm-et,DOWN,88199961804963316989575823589765327966215816745869924008829491301906775424924,1756341842,2025-08-28 00:44:02,0.49
bitcoin-up-or-down-august-27-9pm-et,DOWN,88199961804963316989575823589765327966215816745869924008829491301906775424924,1756341904,2025-08-28 00:45:04,0.49
bitcoin-up-or-down-august-27-9pm-et,DOWN,88199961804963316989575823589765327966215816745869924008829491301906775424924,1756341963,2025-08-28 00:46:03,0.49
bitcoin-up-or-down-august-27-9pm-et,DOWN,88199961804963316989575823589765327966215816745869924008829491301906775424924,1756342023,2025-08-28 00:47:03,0.49
bitcoin-up-or-down-august-27-9pm-et,DOWN,88199961804963316989575823589765327966215816745869924008829491301906775424924,1756342083,2025-08-28 00:48:03,0.49
bitcoin-up-or-down-august-27-9pm-et,DOWN,88199961804963316989575823589765327966215816745869924008829491301906775424924,1756342142,2025-08-28 00:49:02,0.49
bitcoin-up-or-down-august-27-9pm-et,DOWN,88199961804963316989575823589765327966215816745869924008829491301906775424924,1756342203,2025-08-28 00:50:03,0.49
bitcoin-up-or-down-august-27-9pm-et,DOWN,88199961804963316989575823589765327966215816745869924008829491301906775424924,1756342265,2025-08-28 00:51:05,0.49
bitcoin-up-or-down-august-27-9pm-et,DOWN,88199961804963316989575823589765327966215816745869924008829491301906775424924,1756342322,2025-08-28 00:52:02,0.49
bitcoin-up-or-down-august-27-9pm-et,DOWN,88199961804963316989575823589765327966215816745869924008829491301906775424924,1756342382,2025-08-28 00:53:02,0.505
bitcoin-up-or-down-august-27-9pm-et,DOWN,88199961804963316989575823589765327966215816745869924008829491301906775424924,1756342442,2025-08-28 00:54:02,0.505
bitcoin-up-or-down-august-27-9pm-et,DOWN,88199961804963316989575823589765327966215816745869924008829491301906775424924,1756342503,2025-08-28 00:55:03,0.505
bitcoin-up-or-down-august-27-9pm-et,DOWN,88199961804963316989575823589765327966215816745869924008829491301906775424924,1756342565,2025-08-28 00:56:05,0.505
bitcoin-up-or-down-august-27-9pm-et,DOWN,88199961804963316989575823589765327966215816745869924008829491301906775424924,1756342623,2025-08-28 00:57:03,0.485
bitcoin-up-or-down-august-27-9pm-et,DOWN,88199961804963316989575823589765327966215816745869924008829491301906775424924,1756342683,2025-08-28 00:58:03,0.49
bitcoin-up-or-down-august-27-9pm-et,DOWN,88199961804963316989575823589765327966215816745869924008829491301906775424924,1756342743,2025-08-28 00:59:03,0.485
bitcoin-up-or-down-august-27-9pm-et,DOWN,88199961804963316989575823589765327966215816745869924008829491301906775424924,1756342804,2025-08-28 01:00:04,0.505
bitcoin-up-or-down-august-27-9pm-et,DOWN,88199961804963316989575823589765327966215816745869924008829491301906775424924,1756342863,2025-08-28 01:01:03,0.43
bitcoin-up-or-down-august-27-9pm-et,DOWN,88199961804963316989575823589765327966215816745869924008829491301906775424924,1756342922,2025-08-28 01:02:02,0.45
bitcoin-up-or-down-august-27-9pm-et,DOWN,88199961804963316989575823589765327966215816745869924008829491301906775424924,1756342983,2025-08-28 01:03:03,0.395
bitcoin-up-or-down-august-27-9pm-et,DOWN,88199961804963316989575823589765327966215816745869924008829491301906775424924,1756343043,2025-08-28 01:04:03,0.36
bitcoin-up-or-down-august-27-9pm-et,DOWN,88199961804963316989575823589765327966215816745869924008829491301906775424924,1756343108,2025-08-28 01:05:08,0.405
bitcoin-up-or-down-august-27-9pm-et,DOWN,88199961804963316989575823589765327966215816745869924008829491301906775424924,1756343162,2025-08-28 01:06:02,0.44
bitcoin-up-or-down-august-27-9pm-et,DOWN,88199961804963316989575823589765327966215816745869924008829491301906775424924,1756343223,2025-08-28 01:07:03,0.45
bitcoin-up-or-down-august-27-9pm-et,DOWN,88199961804963316989575823589765327966215816745869924008829491301906775424924,1756343282,2025-08-28 01:08:02,0.365
bitcoin-up-or-down-august-27-9pm-et,DOWN,88199961804963316989575823589765327966215816745869924008829491301906775424924,1756343344,2025-08-28 01:09:04,0.43
bitcoin-up-or-down-august-27-9pm-et,DOWN,88199961804963316989575823589765327966215816745869924008829491301906775424924,1756343406,2025-08-28 01:10:06,0.385
bitcoin-up-or-down-august-27-9pm-et,DOWN,88199961804963316989575823589765327966215816745869924008829491301906775424924,1756343463,2025-08-28 01:11:03,0.335
bitcoin-up-or-down-august-27-9pm-et,DOWN,88199961804963316989575823589765327966215816745869924008829491301906775424924,1756343523,2025-08-28 01:12:03,0.315
bitcoin-up-or-down-august-27-9pm-et,DOWN,88199961804963316989575823589765327966215816745869924008829491301906775424924,1756343582,2025-08-28 01:13:02,0.315
bitcoin-up-or-down-august-27-9pm-et,DOWN,88199961804963316989575823589765327966215816745869924008829491301906775424924,1756343642,2025-08-28 01:14:02,0.305
bitcoin-up-or-down-august-27-9pm-et,DOWN,88199961804963316989575823589765327966215816745869924008829491301906775424924,1756343707,2025-08-28 01:15:07,0.305
bitcoin-up-or-down-august-27-9pm-et,DOWN,88199961804963316989575823589765327966215816745869924008829491301906775424924,1756343763,2025-08-28 01:16:03,0.345
bitcoin-up-or-down-august-27-9pm-et,DOWN,88199961804963316989575823589765327966215816745869924008829491301906775424924,1756343822,2025-08-28 01:17:02,0.36
bitcoin-up-or-down-august-27-9pm-et,DOWN,88199961804963316989575823589765327966215816745869924008829491301906775424924,1756343882,2025-08-28 01:18:02,0.33
bitcoin-up-or-down-august-27-9pm-et,DOWN,88199961804963316989575823589765327966215816745869924008829491301906775424924,1756343942,2025-08-28 01:19:02,0.305
bitcoin-up-or-down-august-27-9pm-et,DOWN,88199961804963316989575823589765327966215816745869924008829491301906775424924,1756344004,2025-08-28 01:20:04,0.215
bitcoin-up-or-down-august-27-9pm-et,DOWN,88199961804963316989575823589765327966215816745869924008829491301906775424924,1756344062,2025-08-28 01:21:02,0.215
bitcoin-up-or-down-august-27-9pm-et,DOWN,88199961804963316989575823589765327966215816745869924008829491301906775424924,1756344122,2025-08-28 01:22:02,0.27
bitcoin-up-or-down-august-27-9pm-et,DOWN,88199961804963316989575823589765327966215816745869924008829491301906775424924,1756344182,2025-08-28 01:23:02,0.31
bitcoin-up-or-down-august-27-9pm-et,DOWN,88199961804963316989575823589765327966215816745869924008829491301906775424924,1756344242,2025-08-28 01:24:02,0.265
bitcoin-up-or-down-august-27-9pm-et,DOWN,88199961804963316989575823589765327966215816745869924008829491301906775424924,1756344305,2025-08-28 01:25:05,0.275
bitcoin-up-or-down-august-27-9pm-et,DOWN,88199961804963316989575823589765327966215816745869924008829491301906775424924,1756344363,2025-08-28 01:26:03,0.34
bitcoin-up-or-down-august-27-9pm-et,DOWN,88199961804963316989575823589765327966215816745869924008829491301906775424924,1756344423,2025-08-28 01:27:03,0.285
bitcoin-up-or-down-august-27-9pm-et,DOWN,88199961804963316989575823589765327966215816745869924008829491301906775424924,1756344483,2025-08-28 01:28:03,0.33
bitcoin-up-or-down-august-27-9pm-et,DOWN,88199961804963316989575823589765327966215816745869924008829491301906775424924,1756344544,2025-08-28 01:29:04,0.42
bitcoin-up-or-down-august-27-9pm-et,DOWN,88199961804963316989575823589765327966215816745869924008829491301906775424924,1756344608,2025-08-28 01:30:08,0.35
bitcoin-up-or-down-august-27-9pm-et,DOWN,88199961804963316989575823589765327966215816745869924008829491301906775424924,1756344662,2025-08-28 01:31:02,0.295
bitcoin-up-or-down-august-27-9pm-et,DOWN,88199961804963316989575823589765327966215816745869924008829491301906775424924,1756344723,2025-08-28 01:32:03,0.35
bitcoin-up-or-down-august-27-9pm-et,DOWN,88199961804963316989575823589765327966215816745869924008829491301906775424924,1756344782,2025-08-28 01:33:02,0.21
bitcoin-up-or-down-august-27-9pm-et,DOWN,88199961804963316989575823589765327966215816745869924008829491301906775424924,1756344843,2025-08-28 01:34:03,0.185
bitcoin-up-or-down-august-27-9pm-et,DOWN,88199961804963316989575823589765327966215816745869924008829491301906775424924,1756344904,2025-08-28 01:35:04,0.16
bitcoin-up-or-down-august-27-9pm-et,DOWN,88199961804963316989575823589765327966215816745869924008829491301906775424924,1756344964,2025-08-28 01:36:04,0.175
bitcoin-up-or-down-august-27-9pm-et,DOWN,88199961804963316989575823589765327966215816745869924008829491301906775424924,1756345022,2025-08-28 01:37:02,0.185
bitcoin-up-or-down-august-27-9pm-et,DOWN,88199961804963316989575823589765327966215816745869924008829491301906775424924,1756345083,2025-08-28 01:38:03,0.125
bitcoin-up-or-down-august-27-9pm-et,DOWN,88199961804963316989575823589765327966215816745869924008829491301906775424924,1756345143,2025-08-28 01:39:03,0.125
bitcoin-up-or-down-august-27-9pm-et,DOWN,88199961804963316989575823589765327966215816745869924008829491301906775424924,1756345206,2025-08-28 01:40:06,0.12
bitcoin-up-or-down-august-27-9pm-et,DOWN,88199961804963316989575823589765327966215816745869924008829491301906775424924,1756345262,2025-08-28 01:41:02,0.085
bitcoin-up-or-down-august-27-9pm-et,DOWN,88199961804963316989575823589765327966215816745869924008829491301906775424924,1756345323,2025-08-28 01:42:03,0.065
bitcoin-up-or-down-august-27-9pm-et,DOWN,88199961804963316989575823589765327966215816745869924008829491301906775424924,1756345383,2025-08-28 01:43:03,0.07
bitcoin-up-or-down-august-27-9pm-et,DOWN,88199961804963316989575823589765327966215816745869924008829491301906775424924,1756345443,2025-08-28 01:44:03,0.095
bitcoin-up-or-down-august-27-9pm-et,DOWN,88199961804963316989575823589765327966215816745869924008829491301906775424924,1756345507,2025-08-28 01:45:07,0.085
bitcoin-up-or-down-august-27-9pm-et,DOWN,88199961804963316989575823589765327966215816745869924008829491301906775424924,1756345563,2025-08-28 01:46:03,0.07
bitcoin-up-or-down-august-27-9pm-et,DOWN,88199961804963316989575823589765327966215816745869924008829491301906775424924,1756345623,2025-08-28 01:47:03,0.055
bitcoin-up-or-down-august-27-9pm-et,DOWN,88199961804963316989575823589765327966215816745869924008829491301906775424924,1756345683,2025-08-28 01:48:03,0.05
bitcoin-up-or-down-august-27-9pm-et,DOWN,88199961804963316989575823589765327966215816745869924008829491301906775424924,1756345743,2025-08-28 01:49:03,0.035
bitcoin-up-or-down-august-27-9pm-et,DOWN,88199961804963316989575823589765327966215816745869924008829491301906775424924,1756345803,2025-08-28 01:50:03,0.02
bitcoin-up-or-down-august-27-9pm-et,DOWN,88199961804963316989575823589765327966215816745869924008829491301906775424924,1756345862,2025-08-28 01:51:02,0.015
bitcoin-up-or-down-august-27-9pm-et,DOWN,88199961804963316989575823589765327966215816745869924008829491301906775424924,1756345924,2025-08-28 01:52:04,0.005
bitcoin-up-or-down-august-27-9pm-et,DOWN,88199961804963316989575823589765327966215816745869924008829491301906775424924,1756345982,2025-08-28 01:53:02,0.005
bitcoin-up-or-down-august-27-9pm-et,DOWN,88199961804963316989575823589765327966215816745869924008829491301906775424924,1756346043,2025-08-28 01:54:03,0.005
bitcoin-up-or-down-august-27-9pm-et,DOWN,88199961804963316989575823589765327966215816745869924008829491301906775424924,1756346105,2025-08-28 01:55:05,0.005
bitcoin-up-or-down-august-27-9pm-et,DOWN,88199961804963316989575823589765327966215816745869924008829491301906775424924,1756346163,2025-08-28 01:56:03,0.005
bitcoin-up-or-down-august-27-9pm-et,DOWN,88199961804963316989575823589765327966215816745869924008829491301906775424924,1756346222,2025-08-28 01:57:02,0.005
bitcoin-up-or-down-august-27-9pm-et,DOWN,88199961804963316989575823589765327966215816745869924008829491301906775424924,1756346282,2025-08-28 01:58:02,0.001
bitcoin-up-or-down-august-27-9pm-et,DOWN,88199961804963316989575823589765327966215816745869924008829491301906775424924,1756346342,2025-08-28 01:59:02,0.0005
